,strategy,spy
1998-01-02,106092.29,106092.29
1998-01-05,106137.46,106330.16
1998-01-06,106152.26,104631.06
1998-01-07,106167.03,104902.91
1998-01-08,106181.84,103985.39
1998-01-09,106196.38,100383.29
1998-01-12,106581.79,102218.32
1998-01-13,106885.77,103645.57
1998-01-14,106995.06,104121.32
1998-01-15,106829.32,103254.78
1998-01-16,107143.96,104733.00
1998-01-20,107539.27,106432.11
1998-01-21,107224.01,105412.64
1998-01-22,107238.69,104478.14
1998-01-23,107253.38,104325.22
1998-01-26,107297.81,104257.25
1998-01-27,107312.54,105310.70
1998-01-28,107327.54,106262.20
1998-01-29,107342.50,106839.90
1998-01-30,107357.38,106907.86
1998-02-02,107402.03,108674.93
1998-02-03,107417.04,109490.50
1998-02-04,107432.11,109354.57
1998-02-05,107446.77,109286.61
1998-02-06,107461.51,110509.97
1998-02-09,107506.03,110136.16
1998-02-10,107520.79,111189.61
1998-02-11,107535.72,111087.66
1998-02-12,107550.69,111563.41
1998-02-13,107565.66,110917.75
1998-02-17,107625.66,111461.47
1998-02-18,107640.52,112480.93
1998-02-19,107655.44,111886.25
1998-02-20,107670.39,112718.81
1998-02-23,107715.35,113160.58
1998-02-24,107730.46,112277.04
1998-02-25,107745.60,113670.31
1998-02-26,107760.86,114315.97
1998-02-27,107776.21,114315.97
1998-03-02,107822.10,114078.09
1998-03-03,107837.40,114723.76
1998-03-04,107852.44,113976.15
1998-03-05,107867.36,112922.70
1998-03-06,107882.26,115199.51
1998-03-09,107926.77,114791.72
1998-03-10,107941.64,115879.15
1998-03-11,107956.31,116422.86
1998-03-12,107970.98,116898.61
1998-03-13,107985.62,116456.85
1998-03-16,108029.65,117714.18
1998-03-17,108044.36,118054.01
1998-03-18,108059.19,118495.77
1998-03-19,108074.08,118801.61
1998-03-20,108089.00,119824.55
1998-03-23,108133.87,119551.91
1998-03-24,108148.74,120574.31
1998-03-25,108163.64,120131.27
1998-03-26,108178.58,120063.11
1998-03-27,108193.63,119551.91
1998-03-30,108238.81,119483.76
1998-03-31,108253.90,119892.71
1998-04-01,108268.79,120863.99
1998-04-02,108283.59,122176.06
1998-04-03,108298.34,122789.49
1998-04-06,108342.40,121801.18
1998-04-07,108357.15,120983.27
1998-04-08,108371.82,120301.67
1998-04-09,108386.45,121255.90
1998-04-13,108445.13,120915.11
1998-04-14,108460.13,121937.50
1998-04-15,108475.05,122278.30
1998-04-16,108489.76,120846.95
1998-04-17,108504.36,122448.70
1998-04-20,108548.23,122414.62
1998-04-21,108562.84,122993.97
1998-04-22,108577.53,123334.77
1998-04-23,108592.28,122141.98
1998-04-24,108607.04,120846.95
1998-04-27,108651.23,118563.60
1998-04-28,108343.49,118393.20
1998-04-29,108727.12,119211.12
1998-04-30,109447.05,121426.30
1998-05-01,109950.47,122789.49
1998-05-04,109753.85,122482.78
1998-05-05,109642.00,121630.78
1998-05-06,109656.96,120199.43
1998-05-07,109671.92,119245.20
1998-05-08,109686.89,121187.74
1998-05-11,109731.96,120778.79
1998-05-12,109746.99,122073.82
1998-05-13,109762.00,122380.54
1998-05-14,109777.00,121767.10
1998-05-15,109792.16,121085.51
1998-05-18,109837.64,120608.39
1998-05-19,109852.84,121426.30
1998-05-20,109868.16,122585.02
1998-05-21,109883.42,121801.18
1998-05-22,109898.77,121324.06
1998-05-26,109959.96,119381.52
1998-05-27,109975.02,119551.91
1998-05-28,109989.96,120097.19
1998-05-29,110004.82,118904.40
1998-06-01,110049.03,119449.68
1998-06-02,110063.66,119551.91
1998-06-03,110078.58,117643.45
1998-06-04,110304.55,119824.55
1998-06-05,110794.33,122141.98
1998-06-08,110845.83,122005.66
1998-06-09,110730.72,122380.54
1998-06-10,110745.98,121596.70
1998-06-11,110761.18,119313.36
1998-06-12,110776.27,120437.99
1998-06-15,110821.70,117268.57
1998-06-16,110972.12,119074.80
1998-06-17,111439.80,121562.62
1998-06-18,111352.45,121017.35
1998-06-19,111299.89,120410.98
1998-06-22,111345.91,120992.18
1998-06-23,111361.13,122428.09
1998-06-24,111376.29,124069.12
1998-06-25,111391.27,123864.00
1998-06-26,111406.20,124376.82
1998-06-29,111450.79,124821.27
1998-06-30,111465.72,123966.56
1998-07-01,111480.90,125402.47
1998-07-02,111496.05,125641.78
1998-07-06,111556.41,126906.75
1998-07-07,111571.48,126667.43
1998-07-08,111586.61,127590.51
1998-07-09,111601.77,126735.81
1998-07-10,111616.88,127419.57
1998-07-13,111662.10,127453.76
1998-07-14,111677.28,128889.67
1998-07-15,111692.64,128650.35
1998-07-16,111707.97,129539.24
1998-07-17,111723.36,129710.18
1998-07-20,111769.37,129710.18
1998-07-21,111784.68,127453.76
1998-07-22,111799.87,127453.76
1998-07-23,111815.00,124923.83
1998-07-24,111830.20,124821.27
1998-07-27,111875.69,125710.16
1998-07-28,111890.90,123590.49
1998-07-29,111906.04,123111.85
1998-07-30,111921.19,124958.02
1998-07-31,111936.33,122291.34
1998-08-03,111852.19,121778.51
1998-08-04,110859.49,117060.54
1998-08-05,110836.21,118667.38
1998-08-06,110851.24,119180.21
1998-08-07,110866.12,119385.34
1998-08-10,110910.41,118701.57
1998-08-11,110925.18,116923.78
1998-08-12,110940.07,118906.70
1998-08-13,110954.93,117470.79
1998-08-14,110969.86,116103.26
1998-08-17,111014.55,118564.82
1998-08-18,111029.54,120752.87
1998-08-19,111044.54,120445.17
1998-08-20,111059.57,119727.22
1998-08-21,111074.51,118769.95
1998-08-24,111119.06,119522.09
1998-08-25,111134.10,119795.59
1998-08-26,111149.20,119111.83
1998-08-27,111164.21,113504.96
1998-08-28,110725.19,113094.70
1998-08-31,110491.88,105026.27
1998-09-01,110506.32,109470.75
1998-09-02,110520.82,108684.42
1998-09-03,110535.30,107829.71
1998-09-04,110549.56,106940.82
1998-09-08,110606.99,112684.44
1998-09-09,110621.35,109949.38
1998-09-10,110635.78,107761.33
1998-09-11,110649.90,111248.53
1998-09-14,110693.10,113163.08
1998-09-15,110707.41,113846.84
1998-09-16,110721.58,114872.49
1998-09-17,110735.59,111590.42
1998-09-18,110749.49,112087.49
1998-09-21,110790.54,112018.87
1998-09-22,110804.38,112945.21
1998-09-23,110818.62,117474.00
1998-09-24,110832.43,114592.04
1998-09-25,110845.92,114454.81
1998-09-28,110886.09,115484.08
1998-09-29,110899.34,115209.60
1998-09-30,110912.80,111710.09
1998-10-01,110925.74,108485.04
1998-10-02,110938.30,110577.89
1998-10-05,110975.86,108347.81
1998-10-06,110988.21,108244.88
1998-10-07,111000.61,106632.36
1998-10-08,111012.93,106049.10
1998-10-09,111024.49,108176.26
1998-10-12,111059.07,109754.47
1998-10-13,111070.60,109377.08
1998-10-14,111082.17,110406.35
1998-10-15,111094.13,116341.80
1998-10-16,111106.46,116376.11
1998-10-19,111138.97,116787.82
1998-10-20,111150.26,117474.00
1998-10-21,111162.02,117062.29
1998-10-22,111173.92,118812.05
1998-10-23,111185.74,117302.45
1998-10-26,111221.11,118160.18
1998-10-27,111233.30,117474.00
1998-10-28,111245.37,117268.14
1998-10-29,111258.11,120115.79
1998-10-30,111270.97,120767.66
1998-11-02,111309.65,122826.20
1998-11-03,111322.80,121934.17
1998-11-04,111336.19,123237.91
1998-11-05,111349.76,124919.05
1998-11-06,111363.40,125296.45
1998-11-09,111404.77,124404.41
1998-11-10,111418.57,124061.32
1998-11-11,111432.09,123237.91
1998-11-12,111445.61,123100.67
1998-11-13,111458.96,124301.49
1998-11-16,111498.90,125227.83
1998-11-17,111512.37,125227.83
1998-11-18,111525.54,125982.63
1998-11-19,111538.77,127080.52
1998-11-20,111552.06,128041.17
1998-11-23,111591.94,131060.36
1998-11-24,111605.64,130236.94
1998-11-25,111619.43,130236.94
1998-11-27,111646.71,131197.60
1998-11-30,111687.45,127492.22
1998-12-01,111700.98,129139.06
1998-12-02,111714.38,128761.66
1998-12-03,111727.76,126634.50
1998-12-04,111741.04,129962.47
1998-12-07,111781.18,130580.03
1998-12-08,111794.65,129996.78
1998-12-09,111807.88,130236.94
1998-12-10,111821.12,128332.79
1998-12-11,111834.50,128590.11
1998-12-14,111874.86,124884.74
1998-12-15,111888.34,128109.79
1998-12-16,111901.77,127938.24
1998-12-17,111915.11,129979.63
1998-12-18,111928.44,130531.91
1998-12-21,111968.74,132356.33
1998-12-22,111982.30,132941.52
1998-12-23,111995.76,135729.78
1998-12-24,112009.48,135144.59
1998-12-28,112064.23,134800.36
1998-12-29,112077.89,136934.58
1998-12-30,112091.65,135833.05
1998-12-31,112105.28,135833.05
1999-01-04,112158.97,135523.24
1999-01-05,112172.43,137072.27
1999-01-06,112185.86,140376.88
1999-01-07,112199.26,139688.42
1999-01-08,112212.57,140721.11
1999-01-11,112252.87,139378.61
1999-01-12,112266.37,136865.74
1999-01-13,112279.82,135901.89
1999-01-14,112293.17,133526.71
1999-01-15,112306.49,137003.43
1999-01-19,112359.78,137898.42
1999-01-20,112372.99,138999.96
1999-01-21,112386.10,135316.70
1999-01-22,112399.09,135006.89
1999-01-25,112438.45,136383.81
1999-01-26,112451.73,138862.27
1999-01-27,112465.13,137244.39
1999-01-28,112478.56,139550.73
1999-01-29,112535.36,140617.84
1999-02-01,112746.11,139791.69
1999-02-02,112654.28,138931.11
1999-02-03,112667.92,140342.46
1999-02-04,112681.41,138242.65
1999-02-05,112694.94,136659.20
1999-02-08,112463.38,136934.58
1999-02-09,112024.14,133870.94
1999-02-10,112037.70,134731.51
1999-02-11,112051.12,137829.58
1999-02-12,112064.59,136177.28
1999-02-16,112204.18,135351.12
1999-02-17,112061.01,135213.43
1999-02-18,111910.90,136280.54
1999-02-19,112238.86,136865.74
1999-02-22,113340.79,140514.57
1999-02-23,113687.20,140445.72
1999-02-24,113193.20,137967.27
1999-02-25,113207.31,136659.20
1999-02-26,113221.30,136108.43
1999-03-01,113263.64,136487.08
1999-03-02,112999.94,135282.28
1999-03-03,113511.44,136005.16
1999-03-04,114524.85,137726.31
1999-03-05,116216.44,140497.36
1999-03-08,117375.51,141409.57
1999-03-09,116609.99,141065.34
1999-03-10,116826.37,142304.56
1999-03-11,117084.49,143888.02
1999-03-12,116997.38,142511.10
1999-03-15,117008.89,144542.06
1999-03-16,117023.19,143991.29
1999-03-17,117037.39,143371.68
1999-03-18,117051.53,145678.02
1999-03-19,117065.61,143201.83
1999-03-22,117107.85,143477.88
1999-03-23,117121.97,139337.11
1999-03-24,117440.65,140130.76
1999-03-25,117829.03,142994.79
1999-03-26,117319.92,141959.60
1999-03-29,117895.67,144823.64
1999-03-30,117448.99,144064.49
1999-03-31,117463.02,141752.56
1999-04-01,117477.08,142822.26
1999-04-05,117532.70,146203.89
1999-04-06,117546.51,145858.83
1999-04-07,117560.36,147032.05
1999-04-08,117574.21,148895.40
1999-04-09,117588.00,148929.91
1999-04-12,117629.56,150517.20
1999-04-13,117643.16,149551.02
1999-04-14,117656.69,147032.05
1999-04-15,117670.17,146479.95
1999-04-16,117648.03,145237.71
1999-04-19,117317.95,142994.79
1999-04-20,117331.51,144789.13
1999-04-21,117345.20,148929.91
1999-04-22,117358.84,150344.67
1999-04-23,117372.60,149965.10
1999-04-26,117414.18,150827.76
1999-04-27,117428.17,151552.40
1999-04-28,117442.26,149482.01
1999-04-29,117456.39,148343.30
1999-04-30,117470.51,147135.57
1999-05-03,117513.28,149827.07
1999-05-04,117527.68,147687.67
1999-05-05,117542.17,148860.89
1999-05-06,117556.59,147946.47
1999-05-07,117571.05,149067.93
1999-05-10,117614.44,148326.04
1999-05-11,117628.85,149827.07
1999-05-12,117643.32,151000.29
1999-05-13,117657.72,151655.92
1999-05-14,117672.10,147722.18
1999-05-17,117715.72,148170.76
1999-05-18,117730.39,147894.71
1999-05-19,117745.01,148964.41
1999-05-20,117759.52,148067.24
1999-05-21,117773.98,147239.09
1999-05-24,117817.34,144789.13
1999-05-25,116063.78,142442.69
1999-05-26,115950.52,144029.99
1999-05-27,115941.43,141959.60
1999-05-28,116325.16,143771.19
1999-06-01,115826.14,143270.85
1999-06-02,115840.61,143408.87
1999-06-03,115855.25,144202.52
1999-06-04,115869.59,147101.06
1999-06-07,115911.88,147480.63
1999-06-08,115925.85,146031.36
1999-06-09,115940.11,145893.34
1999-06-10,115954.31,144547.58
1999-06-11,115968.73,143339.86
1999-06-14,115934.10,143477.88
1999-06-15,116002.56,144444.07
1999-06-16,116184.65,147204.58
1999-06-17,116380.76,148584.84
1999-06-18,116383.77,148756.51
1999-06-21,116183.04,149102.62
1999-06-22,116197.58,148064.30
1999-06-23,116212.23,147337.47
1999-06-24,116226.87,146229.93
1999-06-25,116241.52,145866.52
1999-06-28,116286.04,147648.97
1999-06-29,116300.95,149033.39
1999-06-30,116315.93,151733.02
1999-07-01,116330.75,152875.18
1999-07-02,116345.25,154398.04
1999-07-06,116403.26,154363.43
1999-07-07,116417.71,154571.10
1999-07-08,116432.19,154692.23
1999-07-09,116446.70,155609.42
1999-07-12,116490.35,154917.20
1999-07-13,116504.93,154363.43
1999-07-14,116519.55,155228.70
1999-07-15,116534.20,156215.10
1999-07-16,116548.79,157063.06
1999-07-19,116592.38,156024.74
1999-07-20,116606.82,152823.26
1999-07-21,116621.23,152650.21
1999-07-22,116635.48,150642.79
1999-07-23,116649.79,150348.60
1999-07-26,116693.13,149241.06
1999-07-27,116707.77,150487.04
1999-07-28,116722.38,150971.59
1999-07-29,116737.03,148860.34
1999-07-30,115933.49,147025.98
1999-08-02,115761.00,147372.08
1999-08-03,115751.02,146679.87
1999-08-04,115765.92,144672.45
1999-08-05,115780.67,145987.66
1999-08-06,115795.29,144395.57
1999-08-09,115839.65,144084.07
1999-08-10,115854.75,142491.98
1999-08-11,116548.10,144222.52
1999-08-12,116230.13,144135.99
1999-08-13,117795.34,147475.92
1999-08-16,117843.70,148133.52
1999-08-17,117781.75,149102.62
1999-08-18,117625.21,148029.69
1999-08-19,117391.99,146818.31
1999-08-20,117406.85,148306.57
1999-08-23,117452.20,151144.64
1999-08-24,117467.58,151698.41
1999-08-25,117483.19,153255.89
1999-08-26,117498.61,151421.53
1999-08-27,117514.03,149587.16
1999-08-30,117560.78,146818.31
1999-08-31,117576.40,146264.54
1999-09-01,117591.99,148064.30
1999-09-02,117607.55,146316.46
1999-09-03,117600.36,150590.87
1999-09-07,118075.12,150037.10
1999-09-08,118162.32,149310.28
1999-09-09,118699.79,149241.06
1999-09-10,118636.87,150487.04
1999-09-13,118424.20,149466.03
1999-09-14,118439.25,148479.62
1999-09-15,117977.14,146126.10
1999-09-16,117888.71,146697.18
1999-09-17,118122.73,148550.73
1999-09-20,117800.82,148342.48
1999-09-21,117317.39,145218.75
1999-09-22,117011.44,145062.56
1999-09-23,116779.85,142025.60
1999-09-24,116794.85,141886.77
1999-09-27,116703.28,142823.89
1999-09-28,116096.73,142546.23
1999-09-29,116111.71,140845.53
1999-09-30,116126.63,142997.43
1999-10-01,116141.71,142685.06
1999-10-04,116186.96,145218.75
1999-10-05,116201.89,145079.92
1999-10-06,116216.91,147301.24
1999-10-07,116231.81,146468.24
1999-10-08,116246.78,148689.56
1999-10-11,116593.01,148446.60
1999-10-12,116726.40,146155.87
1999-10-13,116886.88,142372.68
1999-10-14,116822.56,142337.98
1999-10-15,116838.18,138693.62
1999-10-18,116620.70,139700.16
1999-10-19,117256.10,141053.78
1999-10-20,117710.21,142442.10
1999-10-21,117115.11,143275.10
1999-10-22,117131.12,144489.88
1999-10-25,117178.48,143761.01
1999-10-26,117194.18,141956.19
1999-10-27,117210.24,144524.59
1999-10-28,117226.26,149453.14
1999-10-29,117242.19,152160.37
1999-11-01,117290.08,150563.80
1999-11-02,117306.09,149487.85
1999-11-03,117322.12,150494.38
1999-11-04,117338.10,151639.75
1999-11-05,117354.01,153132.20
1999-11-08,118044.38,153271.03
1999-11-09,118555.93,151830.65
1999-11-10,119095.18,152958.66
1999-11-11,119108.27,153826.36
1999-11-12,118765.12,155214.69
1999-11-15,118814.71,155579.12
1999-11-16,118831.37,156880.68
1999-11-17,118848.11,157297.17
1999-11-18,118864.68,158407.83
1999-11-19,118881.22,158269.00
1999-11-22,118930.86,158234.29
1999-11-23,118947.41,156845.97
1999-11-24,118964.13,157678.96
1999-11-26,118997.64,157088.93
1999-11-29,119047.91,156533.60
1999-11-30,119064.77,154694.07
1999-12-01,119081.57,155943.56
1999-12-02,119098.27,156880.68
1999-12-03,119114.92,159761.45
1999-12-06,119164.85,158581.37
1999-12-07,118715.47,157297.17
1999-12-08,118470.32,156290.64
1999-12-09,118486.78,157054.22
1999-12-10,118546.46,157574.84
1999-12-13,118717.53,157852.50
1999-12-14,118731.17,156325.35
1999-12-15,118515.48,157158.34
1999-12-16,118501.70,157852.50
1999-12-17,118491.62,158866.24
1999-12-20,118528.25,157718.06
1999-12-21,118995.48,160118.80
1999-12-22,119330.62,160536.32
1999-12-23,119675.13,163093.63
1999-12-27,119839.32,162867.47
1999-12-28,119828.16,162763.09
1999-12-29,119495.75,163458.96
1999-12-30,119486.44,163267.59
1999-12-31,119503.03,163528.54
2000-01-03,119553.81,161928.05
2000-01-04,119571.08,155595.67
2000-01-05,120363.34,155874.02
2000-01-06,121842.67,153368.90
2000-01-07,124406.10,162275.99
2000-01-10,123594.55,162832.68
2000-01-11,123404.82,160884.25
2000-01-12,123548.51,159283.76
2000-01-13,123457.86,161440.95
2000-01-14,123475.61,163632.92
2000-01-18,123546.65,162345.57
2000-01-19,123564.39,163667.72
2000-01-20,123582.50,161162.60
2000-01-21,123319.96,160814.67
2000-01-24,123052.87,156256.74
2000-01-25,123070.80,158031.20
2000-01-26,123089.01,156778.64
2000-01-27,123107.26,156152.36
2000-01-28,123125.54,151281.30
2000-01-31,124377.30,155386.91
2000-02-01,125311.55,156917.82
2000-02-02,125393.15,157056.99
2000-02-03,125956.91,159422.93
2000-02-04,126275.54,158761.86
2000-02-07,126624.42,158518.31
2000-02-08,126882.35,160675.49
2000-02-09,127114.22,157300.54
2000-02-10,126936.06,157613.68
2000-02-11,125865.96,154412.70
2000-02-14,125610.24,155317.32
2000-02-15,125455.78,157074.39
2000-02-16,125474.96,154760.63
2000-02-17,125494.07,153960.39
2000-02-18,125513.22,150655.02
2000-02-22,125690.15,150272.29
2000-02-23,125175.38,152046.75
2000-02-24,125114.69,148984.94
2000-02-25,124147.64,148445.65
2000-02-28,123907.37,151559.65
2000-02-29,124190.16,153020.97
2000-03-01,124077.94,154134.35
2000-03-02,124096.97,154238.73
2000-03-03,124116.01,157126.58
2000-03-06,124173.45,155595.67
2000-03-07,124192.70,152586.05
2000-03-08,124189.63,152394.69
2000-03-09,124619.61,156848.23
2000-03-10,124649.23,156013.19
2000-03-13,123523.92,154308.32
2000-03-14,123543.24,152116.34
2000-03-15,123562.57,155665.26
2000-03-16,123581.83,162937.06
2000-03-17,123601.13,164013.93
2000-03-20,123659.24,163176.77
2000-03-21,123678.69,166525.41
2000-03-22,123698.14,167536.98
2000-03-23,123717.59,170397.29
2000-03-24,123737.01,171408.86
2000-03-27,123795.39,169595.01
2000-03-28,123814.69,168618.32
2000-03-29,123834.09,168792.73
2000-03-30,123853.53,165967.30
2000-03-31,123872.90,167850.92
2000-04-03,123931.14,168827.61
2000-04-04,123950.46,167571.86
2000-04-05,123969.72,166525.41
2000-04-06,123989.08,167973.00
2000-04-07,124008.51,169036.90
2000-04-10,124066.91,168374.14
2000-04-11,124086.28,167885.80
2000-04-12,124105.56,163281.41
2000-04-13,124124.84,161014.10
2000-04-14,121963.06,151805.32
2000-04-17,121663.48,157107.34
2000-04-18,122824.23,161258.27
2000-04-19,122633.90,159758.36
2000-04-20,122890.34,160525.75
2000-04-24,122494.39,158781.67
2000-04-25,122513.22,165374.32
2000-04-26,122532.12,163508.14
2000-04-27,122550.88,162967.48
2000-04-28,122569.65,161955.90
2000-05-01,122626.67,164153.45
2000-05-02,122645.72,160874.57
2000-05-03,122665.04,157107.34
2000-05-04,122684.33,158293.32
2000-05-05,122703.59,160211.82
2000-05-08,122761.99,159008.40
2000-05-09,122781.73,157735.21
2000-05-10,122801.78,154177.28
2000-05-11,122821.83,157700.33
2000-05-12,122841.88,159409.54
2000-05-15,122902.06,162165.20
2000-05-16,122922.06,163734.87
2000-05-17,122942.33,162025.67
2000-05-18,122962.14,160037.41
2000-05-19,122981.51,157525.92
2000-05-22,123039.23,156339.95
2000-05-23,123058.48,154037.75
2000-05-24,123078.17,156549.24
2000-05-25,123097.55,153863.34
2000-05-26,123116.71,154037.75
2000-05-30,123192.94,159060.72
2000-05-31,123211.84,159409.54
2000-06-01,123230.34,162200.08
2000-06-02,123249.15,165025.50
2000-06-05,123306.89,164223.22
2000-06-06,123326.21,163490.70
2000-06-07,123345.88,164624.36
2000-06-08,123365.31,163979.05
2000-06-09,123384.71,163630.23
2000-06-12,123443.02,161711.73
2000-06-13,123453.32,164746.44
2000-06-14,123796.70,165025.50
2000-06-15,123727.70,165374.32
2000-06-16,123613.06,164015.48
2000-06-19,123670.56,166113.31
2000-06-20,123689.67,165518.93
2000-06-21,123708.75,165449.00
2000-06-22,123727.90,162931.60
2000-06-23,123747.12,161533.05
2000-06-26,123804.99,163613.40
2000-06-27,123824.19,162407.14
2000-06-28,123843.43,162861.67
2000-06-29,123862.60,161323.26
2000-06-30,123881.87,162547.00
2000-07-03,124263.39,164784.68
2000-07-05,123982.37,161812.76
2000-07-06,123890.82,163071.46
2000-07-07,123910.68,165693.74
2000-07-10,123970.46,165414.03
2000-07-11,123990.50,165763.67
2000-07-12,124010.64,166847.55
2000-07-13,124030.99,167581.79
2000-07-14,124051.38,169225.10
2000-07-17,124112.46,168945.38
2000-07-18,124132.79,167564.31
2000-07-19,124153.13,166218.20
2000-07-20,124173.54,168525.82
2000-07-21,124193.95,165239.21
2000-07-24,123729.27,164295.19
2000-07-25,123581.01,164819.65
2000-07-26,123601.39,163211.31
2000-07-27,123621.71,162651.89
2000-07-28,123642.17,158980.68
2000-07-31,123485.88,159994.64
2000-08-01,123532.18,160973.62
2000-08-02,123592.55,161777.79
2000-08-03,123115.81,162896.64
2000-08-04,123136.22,163770.73
2000-08-07,123197.45,165728.71
2000-08-08,123217.90,166358.06
2000-08-09,123238.43,164959.50
2000-08-10,123531.90,164155.33
2000-08-11,123719.83,164924.54
2000-08-14,123847.63,167022.37
2000-08-15,123817.47,166882.52
2000-08-16,123810.34,166288.13
2000-08-17,123720.77,168036.32
2000-08-18,124056.06,167476.90
2000-08-21,123850.78,168385.96
2000-08-22,123871.45,168106.25
2000-08-23,123892.15,168770.56
2000-08-24,123912.89,169295.02
2000-08-25,123933.63,169225.10
2000-08-28,123996.08,169802.00
2000-08-29,124016.93,169836.96
2000-08-30,124037.76,168211.14
2000-08-31,124058.63,170448.83
2000-09-01,124079.46,170623.65
2000-09-05,124162.27,169260.06
2000-09-06,123956.88,167337.05
2000-09-07,123836.28,168770.56
2000-09-08,123856.70,167616.76
2000-09-11,123917.48,167372.01
2000-09-12,123937.68,166148.28
2000-09-13,123890.91,166585.32
2000-09-14,124038.45,167424.46
2000-09-15,123841.92,163761.55
2000-09-18,123902.69,162254.33
2000-09-19,125185.60,163726.50
2000-09-20,125671.37,162517.22
2000-09-21,124079.76,160046.07
2000-09-22,125585.39,162955.36
2000-09-25,124136.91,161798.66
2000-09-26,123793.99,159730.61
2000-09-27,123814.34,160571.85
2000-09-28,123834.76,162639.90
2000-09-29,123855.36,161097.62
2000-10-02,123916.94,161342.99
2000-10-03,121666.47,159835.76
2000-10-04,121399.16,161167.73
2000-10-05,121419.32,161728.55
2000-10-06,121439.51,158223.38
2000-10-09,121500.00,157031.63
2000-10-10,121520.17,154437.80
2000-10-11,121540.31,153140.89
2000-10-12,121560.46,149320.25
2000-10-13,121849.62,154297.59
2000-10-16,121989.24,154998.63
2000-10-17,121650.93,151142.94
2000-10-18,121671.33,150582.11
2000-10-19,121808.81,156260.49
2000-10-20,121981.89,156926.47
2000-10-23,122211.72,157627.51
2000-10-24,122298.24,156575.95
2000-10-25,122151.48,152895.53
2000-10-26,122172.23,153316.15
2000-10-27,122192.92,156225.44
2000-10-30,122254.88,157627.51
2000-10-31,122275.62,160344.01
2000-11-01,122296.35,159800.71
2000-11-02,122317.06,160063.60
2000-11-03,122337.80,160151.23
2000-11-06,122400.14,161272.88
2000-11-07,122421.07,161237.83
2000-11-08,122441.97,157662.56
2000-11-09,122462.83,157066.68
2000-11-10,122483.67,153246.04
2000-11-13,121996.93,152054.28
2000-11-14,123272.70,156050.18
2000-11-15,123458.55,156540.90
2000-11-16,122963.26,154087.28
2000-11-17,122984.05,153263.57
2000-11-20,123046.42,151072.84
2000-11-21,123067.25,151843.97
2000-11-22,123088.09,148216.12
2000-11-24,124322.64,151248.10
2000-11-27,124324.61,152580.06
2000-11-28,123716.47,149951.18
2000-11-29,122164.92,149670.77
2000-11-30,120452.14,148373.86
2000-12-01,120762.51,148303.75
2000-12-04,120744.89,149565.61
2000-12-05,121534.68,154472.85
2000-12-06,121468.07,152001.71
2000-12-07,121312.36,149916.13
2000-12-08,121332.10,150266.65
2000-12-11,121391.14,155489.35
2000-12-12,121410.79,154823.37
2000-12-13,121430.38,152702.74
2000-12-14,121449.98,150757.37
2000-12-15,121469.58,147352.27
2000-12-18,121527.98,149321.19
2000-12-19,121547.23,146279.92
2000-12-20,121566.41,142043.23
2000-12-21,121678.61,143027.69
2000-12-22,122097.85,147317.11
2000-12-26,122194.85,148899.28
2000-12-27,122293.75,149989.21
2000-12-28,122727.90,150446.28
2000-12-29,122463.82,147598.39
2001-01-02,122278.50,144926.29
2001-01-03,129531.89,151887.81
2001-01-04,129326.97,150252.91
2001-01-05,128439.48,145348.20
2001-01-08,128492.15,146473.29
2001-01-09,128509.97,146086.54
2001-01-10,128527.92,148653.16
2001-01-11,128546.06,148793.80
2001-01-12,128715.74,148512.53
2001-01-16,128222.48,149461.82
2001-01-17,128240.82,150147.43
2001-01-18,128259.16,151641.70
2001-01-19,128277.22,150780.30
2001-01-22,128330.99,151782.33
2001-01-23,128348.96,152977.75
2001-01-24,128366.89,153434.82
2001-01-25,128384.97,153048.06
2001-01-26,128403.05,152872.27
2001-01-29,128456.24,153687.97
2001-01-30,128473.80,155038.08
2001-01-31,128491.01,154160.51
2001-02-01,128508.12,155184.33
2001-02-02,128525.27,151662.80
2001-02-05,128577.34,152776.63
2001-02-06,128594.82,152326.60
2001-02-07,128612.22,151539.03
2001-02-08,128629.63,149772.63
2001-02-09,128647.07,148332.51
2001-02-12,128691.62,150031.41
2001-02-13,128967.85,148805.04
2001-02-14,128850.98,148580.03
2001-02-15,128868.42,150020.15
2001-02-16,128885.90,146712.37
2001-02-20,128839.48,144450.93
2001-02-21,128688.22,141334.42
2001-02-22,128693.47,141548.19
2001-02-23,128246.40,140591.86
2001-02-26,128296.68,143584.61
2001-02-27,128313.24,142257.00
2001-02-28,128329.76,139455.51
2001-03-01,128616.74,140186.82
2001-03-02,127033.59,139072.98
2001-03-05,127082.87,140344.33
2001-03-06,127099.24,141851.97
2001-03-07,127115.50,142864.55
2001-03-08,127231.29,143022.07
2001-03-09,127396.29,138791.71
2001-03-12,127116.27,132851.21
2001-03-13,127227.54,135033.89
2001-03-14,126634.19,132367.42
2001-03-15,126361.94,132401.17
2001-03-16,126158.29,129745.57
2001-03-19,127201.45,132385.37
2001-03-20,125825.15,128831.78
2001-03-21,125681.34,126643.22
2001-03-22,125695.84,125357.16
2001-03-23,125492.66,129147.66
2001-03-26,125772.50,130794.72
2001-03-27,126396.50,133468.37
2001-03-28,125906.24,129779.41
2001-03-29,125920.84,130275.79
2001-03-30,125701.99,131640.81
2001-04-02,125003.87,128831.78
2001-04-03,125017.98,124533.63
2001-04-04,125255.10,125052.56
2001-04-05,125908.31,129790.69
2001-04-06,125952.31,127816.47
2001-04-09,126576.96,129237.90
2001-04-10,127032.14,131595.69
2001-04-11,126753.76,131685.94
2001-04-12,126767.58,134077.56
2001-04-16,126822.04,132667.40
2001-04-17,126836.11,134540.09
2001-04-18,126850.08,139887.40
2001-04-19,126863.36,141748.81
2001-04-20,126876.49,140451.46
2001-04-23,126914.87,137901.90
2001-04-24,126927.60,137157.34
2001-04-25,126940.50,138951.05
2001-04-26,126953.54,139571.53
2001-04-27,126966.55,141895.46
2001-04-30,127005.78,142888.21
2001-05-01,127019.22,143328.18
2001-05-02,127032.54,143068.71
2001-05-03,127045.77,141252.43
2001-05-04,127058.82,143655.33
2001-05-07,127096.94,142414.40
2001-05-08,127109.65,142346.71
2001-05-09,127122.26,141748.81
2001-05-10,127134.93,142166.21
2001-05-11,127147.68,141184.74
2001-05-14,127186.24,141466.77
2001-05-15,127198.89,142121.09
2001-05-16,127211.26,145471.61
2001-05-17,127223.43,145697.23
2001-05-18,127235.59,146362.84
2001-05-21,127272.51,148517.54
2001-05-22,127284.96,148325.76
2001-05-23,127297.37,145810.05
2001-05-24,127309.79,146238.74
2001-05-25,127322.41,144512.72
2001-05-29,127372.37,143362.02
2001-05-30,127385.03,141353.96
2001-05-31,127355.77,142087.24
2001-06-01,127785.68,142967.18
2001-06-04,127762.37,143655.33
2001-06-05,128764.23,145302.40
2001-06-06,128524.06,144095.31
2001-06-07,129266.65,144614.24
2001-06-08,128545.61,143271.77
2001-06-11,128583.22,142256.46
2001-06-12,128595.62,142008.27
2001-06-13,128607.88,140789.90
2001-06-14,128620.11,137631.15
2001-06-15,128191.27,137852.89
2001-06-18,127871.60,137185.41
2001-06-19,127654.83,137785.01
2001-06-20,127666.82,138509.07
2001-06-21,127678.75,140081.62
2001-06-22,127739.52,138984.22
2001-06-25,126527.69,137705.82
2001-06-26,126316.14,137513.50
2001-06-27,126327.84,137434.30
2001-06-28,126339.75,138192.29
2001-06-29,126352.07,138701.39
2001-07-02,126389.14,140432.33
2001-07-03,126401.57,140398.39
2001-07-05,126426.37,137660.57
2001-07-06,126438.74,134685.16
2001-07-09,126340.29,135420.52
2001-07-10,125725.09,133791.41
2001-07-11,125725.04,133927.16
2001-07-12,127816.17,137106.22
2001-07-13,128041.77,138294.11
2001-07-16,127340.75,136563.17
2001-07-17,127353.17,137841.57
2001-07-18,127365.48,136902.58
2001-07-19,127377.56,138101.78
2001-07-20,127389.67,137275.91
2001-07-23,127425.79,134572.02
2001-07-24,127187.45,133271.00
2001-07-25,128503.43,134741.73
2001-07-26,129616.33,136155.89
2001-07-27,129847.72,136676.30
2001-07-30,129566.96,136721.56
2001-07-31,129411.46,137287.22
2001-08-01,129423.72,138147.04
2001-08-02,129435.96,138712.71
2001-08-03,129448.19,137954.71
2001-08-06,129484.79,136099.33
2001-08-07,129496.99,136631.05
2001-08-08,129509.20,134096.87
2001-08-09,129521.30,134492.83
2001-08-10,129533.29,134956.68
2001-08-13,129569.07,134990.62
2001-08-14,129581.03,134934.05
2001-08-15,129592.92,133768.78
2001-08-16,129869.22,134232.63
2001-08-17,128134.71,132083.10
2001-08-20,128364.83,133304.94
2001-08-21,127963.33,131030.96
2001-08-22,128173.63,132388.55
2001-08-23,128152.75,131913.39
2001-08-24,128478.01,134651.22
2001-08-27,128369.04,133847.97
2001-08-28,128326.79,131890.77
2001-08-29,128338.50,130714.18
2001-08-30,126489.65,128202.62
2001-08-31,127280.21,129141.63
2001-09-04,126722.65,128315.76
2001-09-05,126441.39,128632.53
2001-09-06,126452.93,125317.72
2001-09-07,126464.26,122998.49
2001-09-10,126497.52,124503.17
2001-09-17,126574.91,117998.01
2001-09-18,126583.71,117715.17
2001-09-19,126592.14,115339.37
2001-09-20,126599.60,111673.85
2001-09-21,126607.16,110469.00
2001-09-24,126728.16,114352.68
2001-09-25,127518.27,115545.04
2001-09-26,127192.97,115136.23
2001-09-27,127636.71,116135.53
2001-09-28,128372.00,118599.74
2001-10-01,128312.96,118406.69
2001-10-02,128700.61,119894.30
2001-10-03,128589.87,121904.27
2001-10-04,128597.58,122006.48
2001-10-05,128605.23,121768.01
2001-10-08,128627.95,120973.10
2001-10-09,128635.53,120325.82
2001-10-10,128643.21,123005.78
2001-10-11,128650.90,124913.55
2001-10-12,128658.76,124345.77
2001-10-15,128682.13,124118.65
2001-10-16,128689.92,124902.20
2001-10-17,128697.61,122244.95
2001-10-18,128705.29,121983.76
2001-10-19,128712.87,121904.27
2001-10-22,128735.62,124311.70
2001-10-23,128743.31,123675.78
2001-10-24,128750.93,123346.46
2001-10-25,128758.44,125560.83
2001-10-26,128765.85,125276.94
2001-10-29,128788.07,122017.83
2001-10-30,128795.31,120552.94
2001-10-31,128634.42,120144.13
2001-11-01,128846.25,123221.55
2001-11-02,128950.57,124061.87
2001-11-05,129209.34,125685.75
2001-11-06,129073.39,127638.94
2001-11-07,129102.94,127468.60
2001-11-08,129594.00,127866.05
2001-11-09,130094.71,128002.33
2001-11-12,129751.17,127218.78
2001-11-13,129757.56,130080.44
2001-11-14,129764.00,130205.35
2001-11-15,129770.54,130443.82
2001-11-16,129777.22,129864.67
2001-11-19,129797.60,131465.83
2001-11-20,129804.35,130364.33
2001-11-21,129811.15,129501.29
2001-11-23,129824.80,131363.64
2001-11-26,129845.18,131647.53
2001-11-27,129852.09,131079.74
2001-11-28,129858.77,128706.38
2001-11-29,129865.32,130443.82
2001-11-30,129871.62,129512.65
2001-12-03,129890.30,128740.45
2001-12-04,129896.53,130920.76
2001-12-05,129902.61,133316.83
2001-12-06,129908.80,133248.69
2001-12-07,129914.93,132362.94
2001-12-10,129932.65,129887.38
2001-12-11,129938.63,129626.20
2001-12-12,130012.60,129773.83
2001-12-13,129737.32,127252.84
2001-12-14,129494.16,128467.91
2001-12-17,130172.03,129796.54
2001-12-18,130626.30,130568.74
2001-12-19,129928.65,131488.55
2001-12-20,129934.56,130193.99
2001-12-21,129940.47,130983.65
2001-12-24,129958.41,130732.97
2001-12-26,129970.44,131450.84
2001-12-27,129976.57,132248.48
2001-12-28,129982.66,132180.11
2001-12-31,130000.71,130242.99
2002-01-02,130012.89,131644.55
2002-01-03,130018.98,133137.27
2002-01-04,130025.04,134026.08
2002-01-07,130043.10,133080.30
2002-01-08,130049.02,132772.64
2002-01-09,130054.89,131690.13
2002-01-10,130060.77,132271.27
2002-01-11,130066.65,130972.26
2002-01-14,130083.22,130151.83
2002-01-15,130088.75,131211.55
2002-01-16,130094.34,128556.55
2002-01-17,130101.37,129525.11
2002-01-18,130044.09,128932.58
2002-01-22,128327.06,128043.79
2002-01-23,128931.54,129023.74
2002-01-24,129212.97,129422.56
2002-01-25,128698.30,129388.38
2002-01-28,128711.81,129741.62
2002-01-29,128437.66,125662.26
2002-01-30,128268.11,127474.05
2002-01-31,129334.55,128966.77
2002-02-01,128922.02,128362.84
2002-02-04,128365.44,125172.28
2002-02-05,128371.56,124397.43
2002-02-06,127680.74,123861.88
2002-02-07,127743.86,123087.03
2002-02-08,127752.76,125445.76
2002-02-11,127936.78,126984.07
2002-02-12,127941.57,126585.24
2002-02-13,128097.22,127929.83
2002-02-14,127935.81,127690.54
2002-02-15,127941.84,126357.35
2002-02-19,127965.81,123930.25
2002-02-20,128075.79,126015.50
2002-02-21,127191.73,123406.09
2002-02-22,127197.76,124932.99
2002-02-25,127215.85,126995.46
2002-02-26,127221.91,126733.38
2002-02-27,127227.98,127223.36
2002-02-28,127234.04,126653.62
2002-03-01,127240.18,129604.88
2002-03-04,127258.37,131895.24
2002-03-05,127264.51,131473.63
2002-03-06,127270.68,133034.72
2002-03-07,127276.78,132749.85
2002-03-08,127282.89,133308.20
2002-03-11,127301.40,133593.07
2002-03-12,127307.68,133513.30
2002-03-13,127313.99,132225.69
2002-03-14,127320.24,132043.37
2002-03-15,127326.59,133301.54
2002-03-18,127345.63,133324.39
2002-03-19,127352.02,134215.73
2002-03-20,127358.37,131690.26
2002-03-21,127364.68,131747.40
2002-03-22,127370.97,131461.72
2002-03-25,127389.81,129827.59
2002-03-26,127396.06,130581.79
2002-03-27,127402.27,130924.62
2002-03-28,127408.48,130867.48
2002-04-01,127433.06,130924.62
2002-04-02,127439.17,130204.69
2002-04-03,127445.35,129290.49
2002-04-04,127091.35,128753.40
2002-04-05,126477.27,128776.26
2002-04-08,126347.02,129050.52
2002-04-09,126309.91,128147.74
2002-04-10,127254.84,129599.04
2002-04-11,126631.60,126376.48
2002-04-12,126656.27,127324.96
2002-04-15,126444.99,126353.63
2002-04-16,128140.54,129359.05
2002-04-17,128254.11,129084.80
2002-04-18,128125.85,128524.85
2002-04-19,127911.77,128993.38
2002-04-22,127929.64,126845.01
2002-04-23,127935.56,126296.49
2002-04-24,127941.52,125028.05
2002-04-25,127980.93,125096.61
2002-04-26,127231.29,122719.69
2002-04-29,127249.28,122114.04
2002-04-30,127255.34,123256.79
2002-05-01,127261.41,124765.21
2002-05-02,127267.48,124285.26
2002-05-03,127273.54,122936.82
2002-05-06,127291.64,120525.62
2002-05-07,127113.08,120102.80
2002-05-08,128135.77,124570.95
2002-05-09,127685.94,123131.08
2002-05-10,127578.59,120811.31
2002-05-13,127710.17,123268.22
2002-05-14,129350.10,125953.67
2002-05-15,129173.72,125462.29
2002-05-16,129058.43,126113.65
2002-05-17,129278.81,126730.74
2002-05-20,129138.86,125359.44
2002-05-21,129144.95,124216.69
2002-05-22,129151.03,124490.95
2002-05-23,129157.08,125816.54
2002-05-24,129163.13,124205.27
2002-05-28,129187.34,123531.04
2002-05-29,129193.46,122616.85
2002-05-30,129199.55,122274.02
2002-05-31,129625.32,122525.43
2002-06-03,128482.05,119268.60
2002-06-04,128400.27,119565.71
2002-06-05,128637.81,120685.60
2002-06-06,128319.80,118228.69
2002-06-07,128325.82,118091.56
2002-06-10,128343.85,118548.66
2002-06-11,128349.90,116514.57
2002-06-12,128355.95,117223.08
2002-06-13,128361.96,116046.05
2002-06-14,128367.90,115874.64
2002-06-17,128385.63,118982.91
2002-06-18,128391.61,119954.24
2002-06-19,128397.59,117154.51
2002-06-20,128403.50,115657.51
2002-06-21,128409.48,113849.09
2002-06-24,128122.04,114445.40
2002-06-25,127994.76,111876.68
2002-06-26,128054.13,112060.17
2002-06-27,128398.33,114021.10
2002-06-28,128502.06,113482.13
2002-07-01,128265.78,111268.91
2002-07-02,127648.15,108906.61
2002-07-03,127722.48,109525.85
2002-07-05,130320.55,113883.49
2002-07-08,129003.32,112461.53
2002-07-09,128606.50,109629.06
2002-07-10,128612.46,105638.38
2002-07-11,128615.36,106498.44
2002-07-12,128251.42,105328.75
2002-07-15,127841.80,105890.66
2002-07-16,127847.68,103849.45
2002-07-17,127853.60,104055.86
2002-07-18,127859.52,100684.43
2002-07-19,127865.44,97140.98
2002-07-22,127883.10,94262.64
2002-07-23,127888.99,91682.46
2002-07-24,127894.84,97152.45
2002-07-25,127900.65,96326.79
2002-07-26,127906.51,98161.58
2002-07-29,127923.96,102943.52
2002-07-30,127929.88,104285.22
2002-07-31,127935.80,104537.51
2002-08-01,127941.69,101808.24
2002-08-02,127947.48,99526.22
2002-08-05,127964.30,96063.03
2002-08-06,129127.47,99296.86
2002-08-07,129936.67,101028.45
2002-08-08,131784.90,104296.68
2002-08-09,131416.91,104686.58
2002-08-12,130980.56,103918.26
2002-08-13,130386.58,102026.13
2002-08-14,130392.30,105753.05
2002-08-15,130398.05,107220.89
2002-08-16,130403.73,106899.80
2002-08-19,130420.77,109399.71
2002-08-20,130426.60,108241.49
2002-08-21,130432.28,109801.07
2002-08-22,130438.00,110867.55
2002-08-23,130443.79,108482.31
2002-08-26,130461.16,109239.17
2002-08-27,130467.02,107977.75
2002-08-28,130472.91,105615.44
2002-08-29,130478.78,105661.31
2002-08-30,130484.68,105248.48
2002-09-03,130508.41,101234.87
2002-09-04,130514.17,102679.77
2002-09-05,130519.89,101808.24
2002-09-06,130799.03,103207.27
2002-09-09,131189.45,103964.13
2002-09-10,131336.99,105156.74
2002-09-11,131497.47,104503.10
2002-09-12,131476.14,102576.56
2002-09-13,131482.12,102828.84
2002-09-16,131500.06,103081.13
2002-09-17,131506.11,100718.83
2002-09-18,131512.13,99709.69
2002-09-19,131086.39,97129.51
2002-09-20,130850.55,97161.76
2002-09-23,130635.36,96366.97
2002-09-24,130641.15,94811.91
2002-09-25,130646.95,97161.76
2002-09-26,130652.79,98751.37
2002-09-27,130658.59,95318.74
2002-09-30,130675.77,94212.93
2002-10-01,134136.93,98739.85
2002-10-02,131249.98,95779.50
2002-10-03,130424.10,94811.91
2002-10-04,129401.11,93072.57
2002-10-07,127411.24,91148.91
2002-10-08,126327.33,92577.25
2002-10-09,124825.53,89962.46
2002-10-10,125302.69,92876.74
2002-10-11,125720.14,96942.91
2002-10-14,126429.46,97484.29
2002-10-15,127212.88,102172.47
2002-10-16,126804.24,99695.92
2002-10-17,127363.58,101677.16
2002-10-18,127344.49,102103.36
2002-10-21,127072.09,103865.75
2002-10-22,127077.94,103117.02
2002-10-23,127083.72,103900.31
2002-10-24,127089.47,101780.84
2002-10-25,127095.11,103900.31
2002-10-28,127111.93,103220.70
2002-10-29,127117.36,102022.73
2002-10-30,127122.51,103013.36
2002-10-31,127127.67,101965.13
2002-11-01,127132.61,103980.94
2002-11-04,127147.35,104971.56
2002-11-05,127152.26,105800.92
2002-11-06,127157.14,107171.67
2002-11-07,127161.35,104545.37
2002-11-08,127165.53,103266.77
2002-11-11,127178.07,101665.65
2002-11-12,127182.25,102471.97
2002-11-13,127186.44,102575.64
2002-11-14,127190.58,104510.82
2002-11-15,127194.76,105282.58
2002-11-18,127207.31,104222.84
2002-11-19,127211.53,104084.61
2002-11-20,127215.67,106399.91
2002-11-21,127219.86,108381.15
2002-11-22,127224.04,107609.39
2002-11-25,127236.69,107678.51
2002-11-26,127240.94,105628.14
2002-11-27,127245.13,108600.01
2002-11-29,127253.56,108254.45
2002-12-02,127266.12,108427.23
2002-12-03,127270.37,106975.86
2002-12-04,127274.59,106492.06
2002-12-05,127278.77,105317.13
2002-12-06,127282.96,106008.26
2002-12-09,127295.41,103093.99
2002-12-10,127299.63,104476.25
2002-12-11,127303.78,104568.40
2002-12-12,127307.93,104556.88
2002-12-13,127312.08,102909.68
2002-12-16,128940.64,105570.55
2002-12-17,128433.53,104649.04
2002-12-18,127634.97,103439.56
2002-12-19,127393.34,102702.35
2002-12-20,127902.80,104167.80
2002-12-23,127672.42,104202.53
2002-12-24,127454.36,103426.97
2002-12-26,127481.15,103473.27
2002-12-27,127106.72,101146.60
2002-12-30,126653.62,101991.61
2002-12-31,126258.87,102130.52
2003-01-02,127711.43,105417.96
2003-01-03,127640.85,105742.07
2003-01-06,128194.43,107605.72
2003-01-07,127718.23,107339.49
2003-01-08,127722.32,105788.37
2003-01-09,127726.42,107432.09
2003-01-10,127730.55,107721.48
2003-01-13,127742.94,107686.75
2003-01-14,127747.10,108034.02
2003-01-15,127751.19,106957.50
2003-01-16,127755.32,106517.62
2003-01-17,127759.38,104943.37
2003-01-21,127775.63,103311.22
2003-01-22,127779.72,102061.06
2003-01-23,127768.23,102686.14
2003-01-24,126833.57,99989.05
2003-01-27,126486.88,98623.14
2003-01-28,126866.56,99352.40
2003-01-29,126661.91,100104.81
2003-01-30,126204.91,97731.83
2003-01-31,126593.58,99618.63
2003-02-03,126652.44,99815.42
2003-02-04,126365.90,98831.50
2003-02-05,126369.85,98218.00
2003-02-06,126373.87,97754.98
2003-02-07,125815.02,96562.71
2003-02-10,125789.04,97245.67
2003-02-11,125925.41,96574.28
2003-02-12,125554.46,95034.74
2003-02-13,125533.89,95324.13
2003-02-14,125958.75,97407.72
2003-02-18,126655.68,99120.89
2003-02-19,126292.20,98599.99
2003-02-20,126296.22,97616.08
2003-02-21,126300.26,98599.99
2003-02-24,126312.41,97002.58
2003-02-25,126316.53,97778.14
2003-02-26,126320.61,96354.35
2003-02-27,126324.73,97627.65
2003-02-28,126328.85,98275.88
2003-03-03,126341.10,97338.26
2003-03-04,126345.19,95787.15
2003-03-05,126349.24,96597.43
2003-03-06,126353.25,95787.15
2003-03-07,126357.27,96446.95
2003-03-10,126368.69,94131.86
2003-03-11,125763.37,93205.81
2003-03-12,125583.86,93830.89
2003-03-13,127719.70,97072.03
2003-03-14,127849.78,97384.57
2003-03-17,128830.93,100452.07
2003-03-18,128659.62,101042.42
2003-03-19,129174.53,101817.98
2003-03-20,129184.19,102037.92
2003-03-21,129233.79,104215.90
2003-03-24,129246.12,100752.51
2003-03-25,129250.19,101717.14
2003-03-26,129254.30,101205.77
2003-03-27,129258.40,101287.12
2003-03-28,129262.44,100775.75
2003-03-31,129274.34,98486.18
2003-04-01,129278.31,99997.06
2003-04-02,129282.20,102414.48
2003-04-03,129286.13,101926.34
2003-04-04,129290.00,102530.69
2003-04-07,129301.58,102333.12
2003-04-08,129305.65,102495.83
2003-04-09,129309.66,101147.66
2003-04-10,129313.59,101705.52
2003-04-11,129317.56,101287.12
2003-04-14,129329.78,103379.11
2003-04-15,129333.96,104343.75
2003-04-16,129338.07,102565.56
2003-04-17,129741.84,104088.06
2003-04-21,129743.61,104192.66
2003-04-22,129618.40,106156.80
2003-04-23,129622.52,107133.07
2003-04-24,129626.60,106180.05
2003-04-25,129630.62,104866.75
2003-04-28,129642.55,106679.81
2003-04-29,129646.53,107051.71
2003-04-30,129650.54,106819.27
2003-05-01,129654.49,106807.65
2003-05-02,129658.32,108330.15
2003-05-05,129670.04,108120.95
2003-05-06,129673.99,109143.71
2003-05-07,129677.82,108539.35
2003-05-08,129681.70,107446.86
2003-05-09,129685.50,108934.51
2003-05-12,129697.12,110271.05
2003-05-13,129700.95,110073.47
2003-05-14,129704.76,109841.03
2003-05-15,129708.45,110538.36
2003-05-16,129712.15,110259.43
2003-05-19,129723.13,107679.31
2003-05-20,129726.79,107458.49
2003-05-21,129730.42,107679.31
2003-05-22,129734.11,108748.55
2003-05-23,129737.88,108969.37
2003-05-27,129752.95,110875.41
2003-05-28,129756.75,111189.20
2003-05-29,129760.66,110898.65
2003-05-30,129764.50,112676.84
2003-06-02,129776.13,113141.72
2003-06-03,129780.11,113606.61
2003-06-04,129783.88,115245.34
2003-06-05,129787.54,115814.82
2003-06-06,129791.17,115361.56
2003-06-09,129802.16,114187.72
2003-06-10,129805.75,115349.94
2003-06-11,129809.13,116570.27
2003-06-12,129812.40,116930.55
2003-06-13,129815.60,115710.22
2003-06-16,129824.56,118150.88
2003-06-17,129827.59,118150.88
2003-06-18,129830.72,118046.28
2003-06-19,129833.81,116244.84
2003-06-20,129836.66,115988.23
2003-06-23,129845.30,114798.49
2003-06-24,129848.25,114915.13
2003-06-25,129851.14,113760.38
2003-06-26,129854.34,115241.73
2003-06-27,129857.50,113912.02
2003-06-30,129866.58,113877.02
2003-07-01,129869.74,114926.79
2003-07-02,129872.84,116373.14
2003-07-03,129875.86,115171.74
2003-07-07,129887.96,117457.91
2003-07-08,129891.16,117982.80
2003-07-09,129894.37,117317.95
2003-07-10,129897.50,115824.94
2003-07-11,129900.59,116921.36
2003-07-14,129909.88,117492.91
2003-07-15,129913.05,117236.30
2003-07-16,129294.62,116548.11
2003-07-17,129177.16,114891.80
2003-07-18,129180.27,116069.88
2003-07-21,129189.72,114635.19
2003-07-22,129192.94,115673.30
2003-07-23,129196.16,115754.95
2003-07-24,129199.38,114880.13
2003-07-25,129202.60,116909.70
2003-07-28,129212.27,116478.13
2003-07-29,129215.63,115941.58
2003-07-30,129219.07,115661.64
2003-07-31,129222.46,115929.91
2003-08-01,129225.79,114903.47
2003-08-04,129157.60,114903.47
2003-08-05,128258.56,112465.66
2003-08-06,128153.57,113118.86
2003-08-07,128444.67,114308.59
2003-08-08,128367.98,114635.19
2003-08-11,128496.11,115066.77
2003-08-12,128385.48,116116.54
2003-08-13,128388.75,115521.67
2003-08-14,128444.38,115836.59
2003-08-15,128431.82,116198.19
2003-08-18,128555.43,117201.31
2003-08-19,128944.79,117644.54
2003-08-20,128810.44,117166.31
2003-08-21,128648.78,117539.56
2003-08-22,128652.13,116373.14
2003-08-25,128662.28,116559.77
2003-08-26,128665.80,116769.73
2003-08-27,128669.29,116804.72
2003-08-28,128672.75,117527.90
2003-08-29,128676.17,118321.06
2003-09-02,128689.70,119907.39
2003-09-03,128693.09,120560.58
2003-09-04,128696.44,120618.90
2003-09-05,128699.79,119942.38
2003-09-08,128709.73,120933.83
2003-09-09,128713.08,120140.67
2003-09-10,128716.40,118927.59
2003-09-11,128719.71,119277.52
2003-09-12,128723.03,119499.13
2003-09-15,128732.97,119079.22
2003-09-16,128736.29,120817.19
2003-09-17,128739.50,120583.90
2003-09-18,128742.78,122006.93
2003-09-19,128746.09,121386.35
2003-09-22,128755.93,120074.96
2003-09-23,128759.25,120531.61
2003-09-24,128762.49,118388.87
2003-09-25,128765.78,117417.03
2003-09-26,128769.02,117030.63
2003-09-29,129032.47,118178.11
2003-09-30,128706.16,117030.63
2003-10-01,129382.25,119524.64
2003-10-02,129631.66,119957.86
2003-10-03,130042.97,121058.51
2003-10-06,130277.01,121608.83
2003-10-07,130428.71,122077.18
2003-10-08,130451.83,121772.75
2003-10-09,130455.01,122100.60
2003-10-10,130458.20,122440.16
2003-10-13,130467.85,122826.55
2003-10-14,130471.06,123259.78
2003-10-15,130474.32,122931.93
2003-10-16,130477.57,123423.71
2003-10-17,130480.82,122077.18
2003-10-20,130490.58,122990.48
2003-10-21,130493.91,122779.72
2003-10-22,130497.16,121234.14
2003-10-23,130668.40,121011.67
2003-10-24,130744.33,121280.98
2003-10-27,130688.30,121339.52
2003-10-28,130629.78,122990.48
2003-10-29,130633.15,123154.40
2003-10-30,130636.51,123412.00
2003-10-31,130814.86,123294.91
2003-11-03,130665.21,124102.82
2003-11-04,130537.73,123833.52
2003-11-05,130541.05,123927.19
2003-11-06,130544.42,124582.89
2003-11-07,130547.78,123657.89
2003-11-10,130557.86,123154.40
2003-11-11,130536.92,123119.28
2003-11-12,131010.26,124500.93
2003-11-13,131612.73,124536.06
2003-11-14,132002.94,123482.25
2003-11-17,131819.12,122861.68
2003-11-18,131207.89,121585.40
2003-11-19,131185.59,122615.79
2003-11-20,131188.93,121515.15
2003-11-21,131192.28,122018.64
2003-11-24,131202.20,123634.46
2003-11-25,131205.57,124102.82
2003-11-26,131208.92,124547.77
2003-11-28,131215.53,124641.43
2003-12-01,131225.35,125987.96
2003-12-02,131228.69,125671.82
2003-12-03,131232.00,125472.77
2003-12-04,131235.31,125987.96
2003-12-05,131238.58,125109.79
2003-12-08,131248.29,125952.83
2003-12-09,131251.56,124980.99
2003-12-10,131254.83,124969.29
2003-12-11,131258.10,126374.36
2003-12-12,131261.27,126620.24
2003-12-15,131270.87,125987.96
2003-12-16,131274.07,126643.66
2003-12-17,131277.27,127041.76
2003-12-18,131280.44,128470.25
2003-12-19,131283.56,128112.62
2003-12-22,131292.84,129006.71
2003-12-23,131296.05,129089.05
2003-12-24,131299.21,128959.65
2003-12-26,131305.54,129053.75
2003-12-29,131314.72,130771.34
2003-12-30,131317.92,130794.87
2003-12-31,131321.23,130912.51
2004-01-02,131327.92,130853.69
2004-01-05,131337.74,132277.16
2004-01-06,131340.98,132406.57
2004-01-07,131344.22,132853.61
2004-01-08,131347.42,133383.00
2004-01-09,131350.52,132218.34
2004-01-12,131359.69,133194.77
2004-01-13,131362.86,132418.33
2004-01-14,131365.99,133524.17
2004-01-15,131369.09,133853.57
2004-01-16,131372.18,134382.96
2004-01-20,131384.71,134347.66
2004-01-21,131387.87,135406.45
2004-01-22,131391.01,135053.53
2004-01-23,131394.10,134618.25
2004-01-26,131403.61,136312.30
2004-01-27,131406.81,134912.35
2004-01-28,131410.01,133371.24
2004-01-29,131413.33,133500.65
2004-01-30,131416.64,133500.65
2004-02-02,131426.36,134077.09
2004-02-03,131429.71,133853.57
2004-02-04,131433.02,132759.49
2004-02-05,130917.64,133147.72
2004-02-06,133042.01,134641.77
2004-02-09,133057.64,134677.07
2004-02-10,133364.36,135112.34
2004-02-11,133390.01,136547.58
2004-02-12,133210.07,136053.48
2004-02-13,133175.89,135441.74
2004-02-17,133189.03,136665.22
2004-02-18,133192.42,136065.25
2004-02-19,133195.78,135559.39
2004-02-20,133199.14,135147.63
2004-02-23,133209.21,134806.47
2004-02-24,133100.01,134571.19
2004-02-25,133302.69,135135.88
2004-02-26,133105.20,135218.22
2004-02-27,133108.63,135312.33
2004-03-01,133118.92,136653.46
2004-03-02,133122.38,135853.49
2004-03-03,133125.85,136100.54
2004-03-04,133129.31,136453.46
2004-03-05,133132.74,136912.27
2004-03-08,133142.92,135241.75
2004-03-09,133032.64,134700.59
2004-03-10,132770.03,132441.86
2004-03-11,132313.70,130724.28
2004-03-12,132746.44,132441.86
2004-03-15,131834.21,130818.39
2004-03-16,131837.64,131512.49
2004-03-17,131841.04,132983.02
2004-03-18,131844.36,133018.31
2004-03-19,131847.69,131111.72
2004-03-22,131857.66,129447.15
2004-03-23,131227.62,129222.84
2004-03-24,131029.46,129329.10
2004-03-25,131032.77,131040.89
2004-03-26,131036.07,131076.30
2004-03-29,131046.08,132917.96
2004-03-30,131049.50,133366.57
2004-03-31,131052.87,133520.04
2004-04-01,131056.21,134322.81
2004-04-02,131059.51,135338.09
2004-04-05,131069.53,136081.83
2004-04-06,131072.87,135645.03
2004-04-07,131076.17,135326.28
2004-04-08,131079.51,135019.34
2004-04-12,131092.73,135550.58
2004-04-13,131096.07,133649.90
2004-04-14,131099.41,133862.40
2004-04-15,131102.79,133354.76
2004-04-16,131106.13,134381.84
2004-04-19,131116.04,134381.84
2004-04-20,131119.45,132126.99
2004-04-21,131068.24,133012.40
2004-04-22,131662.07,134877.67
2004-04-23,131380.73,135007.53
2004-04-26,131229.43,134818.64
2004-04-27,131232.95,134936.70
2004-04-28,131236.44,133189.49
2004-04-29,130825.14,132020.75
2004-04-30,130677.93,130993.67
2004-05-03,130952.29,132398.52
2004-05-04,131011.57,132292.27
2004-05-05,131089.43,133142.26
2004-05-06,130363.01,131997.13
2004-05-07,130366.51,129813.12
2004-05-10,130377.76,128479.10
2004-05-11,130517.45,129565.20
2004-05-12,129935.38,130391.58
2004-05-13,129939.01,129848.53
2004-05-14,129942.50,129907.56
2004-05-17,129952.86,128797.85
2004-05-18,129878.61,129447.15
2004-05-19,130249.80,128998.54
2004-05-20,130158.96,129411.74
2004-05-21,130021.61,129636.03
2004-05-24,129897.73,130179.08
2004-05-25,129901.50,132044.35
2004-05-26,129905.28,132504.77
2004-05-27,129909.05,133248.52
2004-05-28,129912.75,133236.71
2004-06-01,129927.84,133059.63
2004-06-02,129931.94,133555.45
2004-06-03,129936.03,132327.68
2004-06-04,129940.12,133378.38
2004-06-07,129952.73,135408.92
2004-06-08,129957.11,135597.81
2004-06-09,129961.56,134334.62
2004-06-10,129966.01,134995.73
2004-06-14,129984.09,133661.71
2004-06-15,129989.08,134606.14
2004-06-16,129993.78,134582.53
2004-06-17,129998.34,134381.84
2004-06-18,130002.79,134635.40
2004-06-21,130016.26,134125.91
2004-06-22,130020.96,134801.28
2004-06-23,130025.59,135962.44
2004-06-24,130030.11,135535.89
2004-06-25,130034.60,134884.22
2004-06-28,130048.28,134422.12
2004-06-29,130120.35,134979.01
2004-06-30,130215.67,135701.77
2004-07-01,130045.41,133817.85
2004-07-02,129872.99,133746.75
2004-07-06,129591.01,132573.75
2004-07-07,129553.88,132964.75
2004-07-08,129401.71,132040.57
2004-07-09,129496.64,132384.18
2004-07-12,129284.99,132443.41
2004-07-13,129289.67,132538.20
2004-07-14,129294.34,132135.35
2004-07-15,129299.02,131282.26
2004-07-16,128494.98,131175.62
2004-07-19,128262.66,130618.73
2004-07-20,128119.84,132277.53
2004-07-21,128124.54,129836.73
2004-07-22,128129.21,130192.18
2004-07-23,128133.91,129102.11
2004-07-26,128148.13,128853.29
2004-07-27,128153.15,130061.85
2004-07-28,128158.21,130452.85
2004-07-29,128163.23,131009.74
2004-07-30,128168.22,131329.64
2004-08-02,128183.17,131602.16
2004-08-03,128188.37,130583.19
2004-08-04,128193.50,130571.34
2004-08-05,128198.63,128438.60
2004-08-06,127895.48,126602.06
2004-08-09,127926.82,126779.79
2004-08-10,128038.02,128414.89
2004-08-11,127738.50,128154.23
2004-08-12,127743.47,126756.10
2004-08-13,127570.16,127004.92
2004-08-16,128551.97,128320.11
2004-08-17,129028.30,129042.88
2004-08-18,129271.74,130369.91
2004-08-19,129237.12,129990.76
2004-08-20,129730.43,130903.10
2004-08-23,129521.64,130571.34
2004-08-24,129517.80,130749.07
2004-08-25,129523.20,131637.71
2004-08-26,129528.59,131637.71
2004-08-27,129533.98,132052.41
2004-08-30,129550.27,130962.34
2004-08-31,129555.92,131649.56
2004-09-01,129561.49,131898.38
2004-09-02,129566.99,133391.30
2004-09-03,129572.56,132846.27
2004-09-07,129595.57,133723.06
2004-09-08,129601.39,133391.30
2004-09-09,129607.14,133272.82
2004-09-10,129612.86,133960.03
2004-09-13,129630.22,134398.43
2004-09-14,129636.05,134670.95
2004-09-15,129641.84,133651.97
2004-09-16,129647.66,134054.82
2004-09-17,129653.49,134624.73
2004-09-20,129671.39,133815.67
2004-09-21,129677.43,134398.67
2004-09-22,129683.43,132721.07
2004-09-23,129689.40,132007.19
2004-09-24,129680.92,132613.98
2004-09-27,129586.69,131769.23
2004-09-28,129592.80,132399.82
2004-09-29,129598.80,133066.10
2004-09-30,129604.80,132970.92
2004-10-01,129610.77,135219.63
2004-10-04,129628.56,135445.68
2004-10-05,129634.56,135517.07
2004-10-06,129640.52,136445.11
2004-10-07,129646.49,134981.66
2004-10-08,129652.42,133863.27
2004-10-11,129670.22,134410.57
2004-10-12,129676.15,133887.06
2004-10-13,129682.16,132709.17
2004-10-14,129688.16,131638.36
2004-10-15,129518.57,132376.03
2004-10-18,129640.24,132875.74
2004-10-19,129371.77,131757.33
2004-10-20,129378.12,131495.58
2004-10-21,129384.46,132352.23
2004-10-22,129390.88,130864.99
2004-10-25,129410.13,130710.32
2004-10-26,129545.24,132709.17
2004-10-27,129820.86,134303.48
2004-10-28,129943.73,134708.02
2004-10-29,129925.58,134684.22
2004-11-01,129846.23,135053.06
2004-11-02,129853.20,135100.65
2004-11-03,129860.10,136802.05
2004-11-04,129866.93,138670.02
2004-11-05,129873.84,139538.56
2004-11-08,129895.08,139336.30
2004-11-09,129902.34,139062.64
2004-11-10,129909.60,139169.73
2004-11-11,129916.86,140228.64
2004-11-12,129924.12,141335.15
2004-11-15,129945.91,141682.40
2004-11-16,129953.35,140668.08
2004-11-17,129960.82,141503.41
2004-11-18,129968.27,141694.33
2004-11-19,129975.71,140119.15
2004-11-22,129998.14,140787.42
2004-11-23,130005.83,141002.21
2004-11-24,130013.49,141336.34
2004-11-26,130028.74,141228.94
2004-11-29,130051.82,140584.55
2004-11-30,130059.66,140680.01
2004-12-01,130067.46,142279.06
2004-12-02,130075.23,142398.39
2004-12-03,130083.00,142302.92
2004-12-06,130106.20,142255.19
2004-12-07,130114.12,140930.61
2004-12-08,130121.99,141754.00
2004-12-09,130129.84,142255.19
2004-12-10,130137.68,142398.39
2004-12-13,130161.32,143639.44
2004-12-14,130169.20,144140.63
2004-12-15,130176.97,144248.03
2004-12-16,130184.71,144164.49
2004-12-17,130192.42,143202.94
2004-12-20,130215.53,143238.91
2004-12-21,130223.34,144341.94
2004-12-22,130231.09,144689.64
2004-12-23,130238.76,144797.54
2004-12-27,130269.44,144497.80
2004-12-28,130277.44,145289.12
2004-12-29,130285.36,145504.93
2004-12-30,130293.18,145229.16
2004-12-31,130300.96,144917.44
2005-01-03,130324.31,144234.04
2005-01-04,130332.49,142471.58
2005-01-05,129881.93,141488.44
2005-01-06,129700.14,142207.81
2005-01-07,129523.76,142003.99
2005-01-10,129548.83,142675.40
2005-01-11,129381.44,141692.26
2005-01-12,129389.63,142159.85
2005-01-13,129397.78,141020.85
2005-01-14,129457.97,141764.19
2005-01-18,129882.22,143238.91
2005-01-19,129635.09,141740.22
2005-01-20,129355.10,140876.97
2005-01-21,128774.72,140013.72
2005-01-24,128217.24,139737.97
2005-01-25,128560.31,140133.61
2005-01-26,128810.81,140553.26
2005-01-27,128904.70,140793.04
2005-01-28,128858.22,140793.04
2005-01-31,129510.18,141668.28
2005-02-01,129802.23,142567.50
2005-02-02,130096.87,142999.11
2005-02-03,129938.29,142627.44
2005-02-04,129946.97,144150.11
2005-02-07,129972.93,143958.28
2005-02-08,129981.76,144126.13
2005-02-09,129990.59,143047.07
2005-02-10,129999.38,143562.62
2005-02-11,130008.18,144797.54
2005-02-14,130034.90,144689.64
2005-02-15,130043.98,145229.16
2005-02-16,130053.07,145325.08
2005-02-17,130062.08,144150.11
2005-02-18,130071.10,144341.94
2005-02-22,130107.59,142195.81
2005-02-23,130298.79,143214.92
2005-02-24,130340.70,144162.10
2005-02-25,130605.96,145588.85
2005-02-28,130312.43,144629.69
2005-03-01,130322.14,145349.07
2005-03-02,130331.78,145277.12
2005-03-03,130341.35,145337.07
2005-03-04,130350.99,147147.50
2005-03-07,130379.92,147219.43
2005-03-08,130389.60,146667.91
2005-03-09,130399.24,145037.34
2005-03-10,130408.89,145361.05
2005-03-11,130418.50,144341.94
2005-03-14,130447.44,145241.16
2005-03-15,130457.27,144042.20
2005-03-16,130467.10,142819.28
2005-03-17,130383.20,143107.02
2005-03-18,130138.51,142682.13
2005-03-21,130167.93,142152.51
2005-03-22,129562.14,140708.12
2005-03-23,129497.92,140828.49
2005-03-24,129442.70,140997.00
2005-03-28,129484.76,141201.62
2005-03-29,129425.52,140262.77
2005-03-30,130147.53,142248.81
2005-03-31,130042.48,141984.00
2005-04-01,129513.30,141346.06
2005-04-04,129643.60,141586.79
2005-04-05,129723.08,142260.85
2005-04-06,129901.02,142754.35
2005-04-07,130007.25,143524.69
2005-04-08,129838.11,142032.15
2005-04-11,129867.25,142140.48
2005-04-12,129876.89,142874.71
2005-04-13,129886.53,141189.59
2005-04-14,129896.21,139347.98
2005-04-15,129905.89,137398.05
2005-04-18,130137.19,137819.33
2005-04-19,130571.24,138914.67
2005-04-20,130275.37,136976.77
2005-04-21,130270.06,139636.87
2005-04-22,130214.24,139107.25
2005-04-25,130558.62,140022.04
2005-04-26,130420.78,138661.89
2005-04-27,130194.37,139203.55
2005-04-28,130204.47,137458.23
2005-04-29,130206.93,139323.91
2005-05-02,130601.37,140106.29
2005-05-03,130886.42,140347.02
2005-05-04,132025.51,141430.32
2005-05-05,131908.05,141382.17
2005-05-06,131899.80,140936.81
2005-05-09,131920.89,141815.49
2005-05-10,131708.58,140347.02
2005-05-11,131718.83,141117.36
2005-05-12,131728.97,139564.64
2005-05-13,131739.14,139287.80
2005-05-16,131769.03,140587.76
2005-05-17,131779.28,141526.61
2005-05-18,131789.46,142983.04
2005-05-19,131799.57,143584.88
2005-05-20,131809.72,143380.26
2005-05-23,131840.38,144174.67
2005-05-24,131850.89,143837.64
2005-05-25,131861.29,143729.32
2005-05-26,131871.73,144499.66
2005-05-27,131882.14,144740.39
2005-05-31,131924.05,143813.57
2005-06-01,131934.64,145041.31
2005-06-02,131945.16,145354.26
2005-06-03,131955.68,144620.03
2005-06-06,131987.57,144487.62
2005-06-07,131998.27,144595.95
2005-06-08,132008.97,144331.15
2005-06-09,132019.68,145017.24
2005-06-10,132030.28,144680.20
2005-06-13,132062.18,145137.60
2005-06-14,132072.93,145474.63
2005-06-15,132083.60,145751.46
2005-06-16,132094.24,146124.60
2005-06-17,132104.77,146666.02
2005-06-20,132136.48,146714.36
2005-06-21,132147.19,146798.96
2005-06-22,132157.91,146919.81
2005-06-23,132168.66,144853.24
2005-06-24,132179.53,143789.75
2005-06-27,132212.34,143995.19
2005-06-28,132486.46,145203.71
2005-06-29,132339.04,144816.99
2005-06-30,132307.26,144031.45
2005-07-01,132217.86,144454.43
2005-07-05,132115.83,145614.60
2005-07-06,132127.23,144394.01
2005-07-07,132138.53,144962.00
2005-07-08,132149.68,146617.68
2005-07-11,132183.35,147366.96
2005-07-12,132194.68,147753.69
2005-07-13,132206.05,147959.14
2005-07-14,132217.46,148539.23
2005-07-15,132204.45,148454.63
2005-07-18,132207.95,147862.45
2005-07-19,132177.51,148672.16
2005-07-20,132327.09,149179.74
2005-07-21,132056.35,148309.61
2005-07-22,132167.41,149300.59
2005-07-25,132102.86,148877.61
2005-07-26,132153.91,149058.89
2005-07-27,132059.43,149602.72
2005-07-28,132071.48,150545.37
2005-07-29,132083.53,149542.30
2005-08-01,132119.79,149433.53
2005-08-02,132132.13,150327.84
2005-08-03,132144.48,150726.65
2005-08-04,132156.71,149518.13
2005-08-05,132168.99,148502.97
2005-08-08,132206.36,148225.01
2005-08-09,132267.15,149119.31
2005-08-10,132269.05,149046.81
2005-08-11,132433.76,149638.98
2005-08-12,132419.35,148720.50
2005-08-15,132583.73,149638.98
2005-08-16,132156.82,147693.26
2005-08-17,132426.60,147681.17
2005-08-18,131771.21,147669.09
2005-08-19,131767.97,148007.48
2005-08-22,131753.55,148007.48
2005-08-23,131766.04,147729.51
2005-08-24,131590.23,146412.23
2005-08-25,131582.44,146943.97
2005-08-26,131343.13,145940.91
2005-08-29,131589.07,147064.83
2005-08-30,131392.33,146291.38
2005-08-31,131911.45,148140.42
2005-09-01,131849.85,148031.64
2005-09-02,131777.29,147765.77
2005-09-06,131826.10,149493.95
2005-09-07,131838.56,149747.75
2005-09-08,131850.88,149252.25
2005-09-09,131863.16,150581.62
2005-09-12,131900.12,150279.49
2005-09-13,131912.55,149445.62
2005-09-14,131924.84,148901.78
2005-09-15,131936.94,148829.27
2005-09-16,131949.13,149887.59
2005-09-19,131986.22,149389.98
2005-09-20,131998.91,148127.78
2005-09-21,132011.71,146744.20
2005-09-22,132041.60,147266.07
2005-09-23,132106.71,147387.44
2005-09-26,131920.39,147557.35
2005-09-27,131817.87,147520.94
2005-09-28,131830.22,147666.58
2005-09-29,131842.46,148868.11
2005-09-30,131854.96,149329.30
2005-10-03,131892.57,148795.29
2005-10-04,131853.22,147120.43
2005-10-05,131975.31,145190.70
2005-10-06,131733.38,144668.82
2005-10-07,132074.28,145166.43
2005-10-10,131461.60,143940.63
2005-10-11,131481.74,143734.31
2005-10-12,130805.46,142605.60
2005-10-13,130517.25,142520.64
2005-10-14,130665.08,144025.58
2005-10-17,131285.65,144559.60
2005-10-18,130673.06,142993.97
2005-10-19,130835.47,145372.75
2005-10-20,130316.37,142811.92
2005-10-21,130329.79,143370.20
2005-10-24,130370.18,145591.21
2005-10-25,130383.89,145299.94
2005-10-26,130397.61,144875.15
2005-10-27,130411.22,143333.80
2005-10-28,130975.03,145397.03
2005-10-31,131188.01,145797.53
2005-11-01,131018.38,146234.45
2005-11-02,131085.51,147763.67
2005-11-03,131002.46,148394.77
2005-11-04,130872.86,148200.59
2005-11-07,130945.96,148346.24
2005-11-08,131034.99,148346.24
2005-11-09,131407.57,148540.42
2005-11-10,131374.37,149693.40
2005-11-11,131563.50,150203.14
2005-11-14,131497.08,150118.19
2005-11-15,131530.69,149572.03
2005-11-16,131867.02,149875.45
2005-11-17,131881.14,151271.16
2005-11-18,131895.31,151865.86
2005-11-21,131937.70,152630.47
2005-11-22,131951.83,153285.85
2005-11-23,131965.71,154171.82
2005-11-25,131993.62,154293.19
2005-11-28,132035.50,153200.89
2005-11-29,132049.57,153030.97
2005-11-30,132063.64,152205.69
2005-12-01,132077.61,153759.18
2005-12-02,132091.65,153953.36
2005-12-05,132133.99,153625.68
2005-12-06,132148.29,153916.95
2005-12-07,132162.59,153018.84
2005-12-08,132176.86,152921.75
2005-12-09,132190.80,153322.26
2005-12-12,132232.63,153467.89
2005-12-13,132246.51,154511.65
2005-12-14,132260.38,155118.48
2005-12-15,132274.19,154669.43
2005-12-16,132288.10,154171.63
2005-12-19,132329.86,153378.56
2005-12-20,132231.47,153524.98
2005-12-21,132355.20,153768.99
2005-12-22,132535.18,154574.26
2005-12-23,132546.55,154659.67
2005-12-27,132504.87,153085.74
2005-12-28,132519.03,153427.36
2005-12-29,132313.84,152744.11
2005-12-30,132239.60,151914.45
2006-01-03,132926.64,154586.45
2006-01-04,133177.53,155318.52
2006-01-05,133257.09,155416.12
2006-01-06,133845.37,156709.43
2006-01-09,134307.93,157112.07
2006-01-10,134069.59,157270.67
2006-01-11,134215.03,157770.91
2006-01-12,134146.89,157148.67
2006-01-13,134162.40,157002.24
2006-01-17,134224.60,156575.22
2006-01-18,134240.34,155952.97
2006-01-19,134255.97,156550.81
2006-01-20,134271.60,153695.79
2006-01-23,134123.24,154244.83
2006-01-24,134354.73,154403.45
2006-01-25,134253.25,154537.66
2006-01-26,134322.22,155391.72
2006-01-27,134440.43,156831.43
2006-01-30,134342.71,156709.43
2006-01-31,134182.97,155562.54
2006-02-01,134199.03,156648.42
2006-02-02,134215.10,154830.48
2006-02-03,134231.17,154061.81
2006-02-06,134279.38,154464.45
2006-02-07,134295.50,153097.94
2006-02-08,134446.13,154488.85
2006-02-09,134415.74,154232.63
2006-02-10,134395.45,154513.25
2006-02-13,134444.28,154232.63
2006-02-14,134667.20,155867.56
2006-02-15,134202.51,156416.60
2006-02-16,134218.84,157587.90
2006-02-17,134235.17,157160.86
2006-02-21,134300.33,156770.44
2006-02-22,134316.74,157722.12
2006-02-23,134333.16,157490.29
2006-02-24,134349.65,157892.93
2006-02-27,134399.23,157953.94
2006-02-28,134415.83,156453.20
2006-03-01,134432.44,157844.11
2006-03-02,134448.98,157831.92
2006-03-03,134465.55,157099.85
2006-03-06,134515.29,156380.00
2006-03-07,134531.83,156135.98
2006-03-08,134548.38,156465.42
2006-03-09,134564.86,155416.12
2006-03-10,134581.38,156892.44
2006-03-13,134631.15,157185.27
2006-03-14,134647.75,158832.39
2006-03-15,134664.28,159540.05
2006-03-16,134680.92,159869.48
2006-03-17,134697.52,160003.00
2006-03-20,134747.56,159745.77
2006-03-21,134764.36,158741.30
2006-03-22,134781.24,159709.02
2006-03-23,134798.11,159378.28
2006-03-24,134814.91,159500.78
2006-03-27,134865.22,159268.04
2006-03-28,134881.88,158288.07
2006-03-29,134725.20,159280.28
2006-03-30,134603.87,158998.55
2006-03-31,134620.47,159035.30
2006-04-03,134412.57,158912.79
2006-04-04,134668.46,159929.50
2006-04-05,134935.61,160480.73
2006-04-06,134593.52,160309.24
2006-04-07,134610.34,158680.05
2006-04-10,134390.61,158925.05
2006-04-11,134091.28,157577.60
2006-04-12,134043.07,157871.60
2006-04-13,134096.66,157663.36
2006-04-17,134056.10,157602.11
2006-04-18,134747.09,160101.00
2006-04-19,134657.06,160407.23
2006-04-20,134585.91,160627.73
2006-04-21,134461.87,160652.22
2006-04-24,134513.04,160358.24
2006-04-25,134530.14,159696.76
2006-04-26,134547.35,159733.51
2006-04-27,134564.57,160505.23
2006-04-28,134820.32,161044.21
2006-05-01,134632.18,159733.51
2006-05-02,134562.99,160933.97
2006-05-03,134431.58,160333.74
2006-05-04,133724.27,160909.47
2006-05-05,133993.83,162330.41
2006-05-08,134026.93,162134.42
2006-05-09,133947.46,162452.90
2006-05-10,133964.93,162367.16
2006-05-11,133982.40,160407.23
2006-05-12,133999.65,158312.58
2006-05-15,134039.35,158631.06
2006-05-16,134347.80,158398.32
2006-05-17,133221.36,155384.94
2006-05-18,132462.79,154600.97
2006-05-19,132518.32,155691.18
2006-05-22,131290.28,154502.97
2006-05-23,131262.35,153327.02
2006-05-24,131279.32,154551.97
2006-05-25,131296.22,156462.90
2006-05-26,131313.13,157259.12
2006-05-30,131381.05,154466.23
2006-05-31,131398.04,156193.41
2006-06-01,131415.11,157687.84
2006-06-02,131520.61,158018.58
2006-06-05,131476.82,155715.68
2006-06-06,131180.19,155335.94
2006-06-07,130942.20,154172.24
2006-06-08,129938.89,154037.50
2006-06-09,129717.34,153547.51
2006-06-12,129604.12,151881.58
2006-06-13,129621.20,150117.66
2006-06-14,130227.85,151281.36
2006-06-15,132520.67,154490.73
2006-06-16,132252.64,153364.95
2006-06-19,131496.67,152159.18
2006-06-20,131514.00,152675.94
2006-06-21,131531.30,153807.88
2006-06-22,131548.56,153131.17
2006-06-23,131565.82,153106.57
2006-06-26,131618.16,153783.27
2006-06-27,131635.87,152454.48
2006-06-28,131653.61,153487.98
2006-06-29,131671.21,156588.49
2006-06-30,131688.82,156600.80
2006-07-03,131741.53,157240.60
2006-07-05,131777.33,156342.43
2006-07-06,131794.95,156797.66
2006-07-07,131812.54,155776.46
2006-07-10,131865.51,156071.74
2006-07-11,131883.32,156760.75
2006-07-12,131901.10,155087.46
2006-07-13,131918.92,152565.21
2006-07-14,131936.70,151974.63
2006-07-17,131990.16,151753.16
2006-07-18,132008.17,152528.30
2006-07-19,132026.25,154644.53
2006-07-20,132044.27,153586.41
2006-07-21,132062.17,152503.68
2006-07-24,132740.54,155284.31
2006-07-25,133357.29,155837.98
2006-07-26,133328.46,156047.14
2006-07-27,132852.51,155899.49
2006-07-28,132870.60,157462.06
2006-07-31,132924.55,157302.11
2006-08-01,132942.65,156526.98
2006-08-02,132960.82,157585.10
2006-08-03,132978.93,158003.42
2006-08-04,132997.07,157732.73
2006-08-07,133051.29,157363.63
2006-08-08,133069.48,156760.75
2006-08-09,133087.60,156231.70
2006-08-10,133105.61,156711.54
2006-08-11,133123.55,156268.61
2006-08-14,133177.61,156391.64
2006-08-15,133195.81,158261.80
2006-08-16,133213.95,159578.28
2006-08-17,133231.98,159984.30
2006-08-18,133250.08,160796.35
2006-08-21,133304.52,160107.35
2006-08-22,133322.70,160095.03
2006-08-23,133340.86,159652.10
2006-08-24,133358.98,159516.76
2006-08-25,133377.10,159713.62
2006-08-28,133431.69,160476.44
2006-08-29,133449.86,160661.01
2006-08-30,133467.92,160759.44
2006-08-31,133485.91,160734.83
2006-09-01,133503.91,161694.51
2006-09-05,133575.45,162002.10
2006-09-06,133593.27,160574.87
2006-09-07,133497.41,159836.67
2006-09-08,133244.50,160291.89
2006-09-11,132930.64,160451.85
2006-09-12,132948.16,162026.71
2006-09-13,132965.57,162678.81
2006-09-14,132983.02,162691.10
2006-09-15,133000.58,163072.97
2006-09-18,133053.38,163295.40
2006-09-19,133070.95,162887.59
2006-09-20,133088.52,163752.63
2006-09-21,133146.43,162961.74
2006-09-22,133050.07,162467.43
2006-09-25,132751.40,163715.56
2006-09-26,132768.71,165074.92
2006-09-27,132786.02,165272.65
2006-09-28,132803.34,165210.86
2006-09-29,132820.62,165074.92
2006-10-02,132872.69,164457.03
2006-10-03,132890.02,164803.05
2006-10-04,132907.43,166730.86
2006-10-05,132891.09,167052.15
2006-10-06,132937.04,166842.07
2006-10-09,133074.99,166940.94
2006-10-10,132768.64,167163.38
2006-10-11,132786.35,166965.66
2006-10-12,132804.14,168411.51
2006-10-13,132822.08,168844.04
2006-10-16,132875.79,169103.54
2006-10-17,132893.85,168572.17
2006-10-18,132911.91,168794.60
2006-10-19,132929.97,169066.47
2006-10-20,132948.07,169103.54
2006-10-23,133002.27,169882.09
2006-10-24,133020.45,170388.76
2006-10-25,133038.67,170969.58
2006-10-26,133056.86,171500.95
2006-10-27,133075.05,170425.83
2006-10-30,133129.52,170302.25
2006-10-31,133147.65,170277.53
2006-11-01,133165.71,169128.26
2006-11-02,133183.73,169029.40
2006-11-03,133201.75,168732.81
2006-11-06,133256.06,170635.91
2006-11-07,133274.16,171290.87
2006-11-08,133292.24,171661.61
2006-11-09,133310.39,170759.48
2006-11-10,133328.50,170833.64
2006-11-13,133382.97,171253.80
2006-11-14,133401.09,172539.00
2006-11-15,133419.22,173033.32
2006-11-16,133437.35,173478.20
2006-11-17,133455.48,173527.62
2006-11-20,133509.89,173626.49
2006-11-21,133528.00,173799.49
2006-11-22,133546.07,174145.51
2006-11-24,133582.07,173441.13
2006-11-27,133635.98,171056.07
2006-11-28,133653.99,171797.54
2006-11-29,133671.97,173589.41
2006-11-30,133689.95,173663.56
2006-12-01,133707.90,173280.47
2006-12-04,133761.75,174602.74
2006-12-05,133779.63,175356.57
2006-12-06,133797.45,175208.28
2006-12-07,133815.26,174442.10
2006-12-08,133833.04,174763.40
2006-12-11,133886.28,175270.07
2006-12-12,133903.93,175134.13
2006-12-13,133921.57,175319.49
2006-12-14,133939.26,176864.21
2006-12-15,133956.98,176880.37
2006-12-18,134009.72,176395.73
2006-12-19,134027.49,176731.26
2006-12-20,134045.26,176631.84
2006-12-21,134063.04,175985.65
2006-12-22,134080.82,174904.54
2006-12-26,134170.97,175935.95
2006-12-27,134029.83,177091.62
2006-12-28,134047.64,176718.84
2006-12-29,134065.52,175985.65
2007-01-03,134155.33,175674.99
2007-01-04,134173.41,176047.79
2007-01-05,134191.46,174643.58
2007-01-08,134044.90,175451.32
2007-01-09,133967.08,175302.20
2007-01-10,133985.25,175886.24
2007-01-11,134003.46,176656.70
2007-01-12,134021.74,177998.78
2007-01-16,134124.19,177650.83
2007-01-17,134071.03,177725.39
2007-01-18,134071.29,177128.90
2007-01-19,133930.11,177476.86
2007-01-22,133985.26,176930.09
2007-01-23,134003.61,177452.00
2007-01-24,134022.01,178881.05
2007-01-25,134040.37,176780.95
2007-01-26,134058.76,176619.42
2007-01-29,134113.86,176520.01
2007-01-30,134132.27,177439.56
2007-01-31,134150.64,178632.53
2007-02-01,134168.98,179701.21
2007-02-02,134187.36,179949.74
2007-02-05,134242.62,179999.46
2007-02-06,134261.08,180049.16
2007-02-07,134279.51,180446.82
2007-02-08,134297.98,180210.71
2007-02-09,134316.48,178868.63
2007-02-12,134371.90,178259.72
2007-02-13,134390.46,179763.35
2007-02-14,134408.98,180943.88
2007-02-15,134427.46,181179.98
2007-02-16,134445.99,181092.99
2007-02-20,134520.25,181478.21
2007-02-21,134538.86,181403.65
2007-02-22,134557.43,181266.96
2007-02-23,134576.05,180558.65
2007-02-26,134631.91,180397.10
2007-02-27,134650.54,173351.22
2007-02-28,133742.12,175128.21
2007-03-01,132952.54,174606.30
2007-03-02,132730.61,172319.81
2007-03-05,132176.66,170679.50
2007-03-06,132194.65,173599.74
2007-03-07,132212.73,173425.77
2007-03-08,132230.73,174892.12
2007-03-09,132248.66,174941.82
2007-03-12,132302.57,175202.79
2007-03-13,132320.55,171797.89
2007-03-14,132338.46,173077.83
2007-03-15,132356.30,173313.94
2007-03-16,132374.11,172828.62
2007-03-19,132427.42,174912.10
2007-03-20,132445.30,175872.74
2007-03-21,132463.16,178767.14
2007-03-22,132480.98,178629.91
2007-03-23,132498.83,178891.91
2007-03-26,132552.63,178654.86
2007-03-27,132570.54,178230.69
2007-03-28,132588.44,176933.20
2007-03-29,132606.31,177120.33
2007-03-30,132624.15,177157.76
2007-04-02,132677.57,177357.38
2007-04-03,132695.41,179266.19
2007-04-04,132713.26,179465.81
2007-04-05,132731.15,179952.37
2007-04-09,132802.43,180201.88
2007-04-10,132820.22,180413.97
2007-04-11,132838.01,179677.90
2007-04-12,132855.85,180476.35
2007-04-13,132873.65,181299.77
2007-04-16,132961.43,183021.43
2007-04-17,133120.69,183507.99
2007-04-18,133265.13,183732.56
2007-04-19,133203.96,183682.65
2007-04-20,133221.66,185416.80
2007-04-23,133274.77,184718.15
2007-04-24,133292.47,184793.00
2007-04-25,133310.15,186489.73
2007-04-26,133327.79,186701.82
2007-04-27,133345.40,186552.11
2007-04-30,133398.11,185005.09
2007-05-01,133415.62,185479.18
2007-05-02,133433.02,186564.58
2007-05-03,133450.46,187575.14
2007-05-04,133467.86,188286.26
2007-05-07,133520.08,188323.69
2007-05-08,133537.53,188074.17
2007-05-09,133554.94,188585.69
2007-05-10,133572.28,186614.49
2007-05-11,133690.06,188211.41
2007-05-14,133665.47,187799.70
2007-05-15,133502.19,187849.62
2007-05-16,133519.38,189134.63
2007-05-17,133536.28,188760.35
2007-05-18,133553.40,190407.16
2007-05-21,133605.00,190307.35
2007-05-22,133622.42,190157.64
2007-05-23,133639.95,190182.60
2007-05-24,133657.42,188460.92
2007-05-25,133674.89,189246.91
2007-05-29,133744.47,189933.09
2007-05-30,133761.91,191480.09
2007-05-31,133779.17,191280.49
2007-06-01,133796.03,192228.65
2007-06-04,133847.28,192253.61
2007-06-05,133864.44,191492.58
2007-06-06,133828.32,189434.04
2007-06-07,133583.67,186015.66
2007-06-08,134076.08,188435.96
2007-06-11,134113.64,188760.35
2007-06-12,133540.35,186701.82
2007-06-13,133674.72,189496.42
2007-06-14,133882.30,190706.59
2007-06-15,134109.60,191791.67
2007-06-18,134296.90,191566.12
2007-06-19,134198.94,192042.25
2007-06-20,134215.56,189373.43
2007-06-21,134232.51,190425.92
2007-06-22,134249.32,188634.18
2007-06-25,134299.96,187732.05
2007-06-26,134317.22,185802.47
2007-06-27,134896.19,188446.23
2007-06-28,135174.54,188421.18
2007-06-29,134967.28,188483.81
2007-07-02,135315.10,190187.85
2007-07-03,135215.20,190876.99
2007-07-05,135153.28,190676.51
2007-07-06,135171.09,191678.88
2007-07-09,135224.53,191829.25
2007-07-10,135242.43,189097.77
2007-07-11,135293.66,190438.46
2007-07-12,135791.42,193445.57
2007-07-13,135908.38,194021.94
2007-07-16,135856.46,193996.88
2007-07-17,135958.81,193896.64
2007-07-18,135676.50,193545.81
2007-07-19,135694.42,194297.60
2007-07-20,135712.41,192330.43
2007-07-23,135659.52,192919.33
2007-07-24,135256.51,189573.91
2007-07-25,135004.87,189962.33
2007-07-26,134515.09,185464.18
2007-07-27,133962.74,181818.04
2007-07-30,134564.63,184662.28
2007-07-31,133925.53,182582.35
2007-08-01,133884.31,183471.95
2007-08-02,134137.76,184937.93
2007-08-03,133827.49,180176.66
2007-08-06,133879.41,183196.31
2007-08-07,133896.79,185150.94
2007-08-08,133914.40,187732.05
2007-08-09,133932.05,182168.87
2007-08-10,133949.19,181316.86
2007-08-13,133676.28,181968.39
2007-08-14,132866.10,179186.80
2007-08-15,132730.79,176718.45
2007-08-16,132643.83,178046.62
2007-08-17,133211.31,181316.86
2007-08-20,133266.77,181229.14
2007-08-21,133166.17,181592.50
2007-08-22,133486.20,183747.60
2007-08-23,133473.29,183584.73
2007-08-24,133810.35,185852.59
2007-08-27,133734.72,184123.49
2007-08-28,133751.20,180076.42
2007-08-29,133766.89,183609.77
2007-08-30,133781.11,183121.12
2007-08-31,133794.82,184925.39
2007-09-04,133852.15,186792.32
2007-09-05,133868.10,185175.98
2007-09-06,133883.65,185602.01
2007-09-07,133898.98,183020.90
2007-09-10,133942.56,182670.05
2007-09-11,133956.73,184800.11
2007-09-12,133971.41,185276.22
2007-09-13,133985.83,186579.32
2007-09-14,134000.41,186566.78
2007-09-17,134043.36,185564.42
2007-09-18,134058.23,191027.35
2007-09-19,134072.59,192155.02
2007-09-20,134086.66,190801.81
2007-09-21,134100.22,191316.71
2007-09-24,134140.34,190964.21
2007-09-25,134154.16,190586.54
2007-09-26,134167.75,191593.67
2007-09-27,134181.13,192726.68
2007-09-28,134194.44,192084.64
2007-10-01,134235.47,194249.97
2007-10-02,134249.56,193985.59
2007-10-03,134263.76,193595.33
2007-10-04,134277.95,193897.48
2007-10-05,134292.12,196201.29
2007-10-08,134335.05,195156.39
2007-10-09,134349.37,196994.39
2007-10-10,134363.95,196667.08
2007-10-11,134378.49,195722.90
2007-10-12,134393.25,196805.56
2007-10-15,134438.43,195143.79
2007-10-16,134453.86,193595.33
2007-10-17,134469.11,194187.02
2007-10-18,134483.52,193482.04
2007-10-19,134497.00,188421.21
2007-10-22,135089.42,189516.46
2007-10-23,135806.56,191052.33
2007-10-24,134582.34,190699.84
2007-10-25,134596.17,191153.04
2007-10-26,134610.33,193393.90
2007-10-29,134653.04,194035.96
2007-10-30,134667.46,192688.92
2007-10-31,134681.70,194690.58
2007-11-01,134695.87,190133.33
2007-11-02,134472.88,190347.34
2007-11-05,133763.77,188899.60
2007-11-06,133980.33,191442.61
2007-11-07,133634.59,186205.53
2007-11-08,133647.04,185261.35
2007-11-09,133659.12,182718.34
2007-11-12,133330.49,180905.51
2007-11-13,135328.56,186419.55
2007-11-14,135321.22,185903.39
2007-11-15,134217.85,183221.90
2007-11-16,134229.69,183536.63
2007-11-19,134266.32,180981.04
2007-11-20,134157.47,182088.89
2007-11-21,133113.39,178362.50
2007-11-23,134041.74,181446.85
2007-11-26,132835.20,177443.50
2007-11-27,132846.34,179482.95
2007-11-28,132857.55,185223.58
2007-11-29,132868.40,185286.51
2007-11-30,132879.03,187149.72
2007-12-03,132912.66,185915.97
2007-12-04,132923.55,184254.22
2007-12-05,132934.48,187338.54
2007-12-06,132945.40,190020.03
2007-12-07,132956.40,189982.27
2007-12-10,132989.62,191455.19
2007-12-11,133000.48,186205.53
2007-12-12,133010.94,188043.53
2007-12-13,133021.18,187653.27
2007-12-14,133031.38,185273.93
2007-12-17,133136.81,182630.23
2007-12-18,133313.17,183649.94
2007-12-19,133668.31,183649.94
2007-12-20,133619.89,184808.14
2007-12-21,133565.99,187472.22
2007-12-24,133598.05,188864.36
2007-12-26,133621.91,189269.35
2007-12-27,133660.58,186890.03
2007-12-28,134077.69,186421.77
2007-12-31,134265.99,185042.28
2008-01-02,134670.39,183422.30
2008-01-03,134138.60,183333.72
2008-01-04,133276.80,178840.87
2008-01-07,133757.49,178689.00
2008-01-08,133982.04,175803.45
2008-01-09,134466.23,177651.21
2008-01-10,134438.38,178815.55
2008-01-11,134529.30,177372.77
2008-01-14,134485.38,178802.90
2008-01-15,134496.84,174866.91
2008-01-16,134240.97,173360.85
2008-01-17,132277.84,168867.99
2008-01-18,131047.82,167134.14
2008-01-22,127270.06,165438.25
2008-01-23,127278.08,169412.21
2008-01-24,127285.61,170842.33
2008-01-25,127293.70,168374.41
2008-01-28,127317.24,171158.73
2008-01-29,127325.23,172006.67
2008-01-30,127333.01,170741.08
2008-01-31,127340.54,173854.43
2008-02-01,127347.24,176651.40
2008-02-04,127368.80,174423.96
2008-02-05,127376.55,169753.92
2008-02-06,127384.02,168387.08
2008-02-07,127391.17,169500.79
2008-02-08,127494.47,168412.40
2008-02-11,127616.45,169272.99
2008-02-12,127394.41,170842.33
2008-02-13,127402.26,172588.84
2008-02-14,127410.01,171070.13
2008-02-15,127348.68,171032.16
2008-02-19,127022.06,171513.09
2008-02-20,127029.82,172019.32
2008-02-21,127037.48,170589.20
2008-02-22,127044.96,171639.64
2008-02-25,127067.41,173803.81
2008-02-26,127074.90,175107.37
2008-02-27,127082.17,174930.19
2008-02-28,127088.93,173221.63
2008-02-29,127095.40,169361.59
2008-03-03,127114.31,168956.59
2008-03-04,127120.13,168311.15
2008-03-05,127125.80,169374.24
2008-03-06,127131.03,165868.54
2008-03-07,127135.80,164160.00
2008-03-10,127150.64,161995.83
2008-03-11,127155.27,167817.57
2008-03-12,127160.32,166248.22
2008-03-13,127165.37,166615.24
2008-03-14,127170.01,164033.44
2008-03-17,127182.13,162375.51
2008-03-18,128238.34,169121.12
2008-03-19,125785.22,164932.02
2008-03-20,125553.79,167987.01
2008-03-24,125562.32,171344.72
2008-03-25,125566.55,171510.07
2008-03-26,125570.92,169411.49
2008-03-27,125575.29,168877.31
2008-03-28,125579.69,167262.04
2008-03-31,125593.21,167847.11
2008-04-01,125597.89,173748.53
2008-04-02,125602.64,173862.99
2008-04-03,125607.43,174295.42
2008-04-04,125612.17,174104.65
2008-04-07,125625.91,174193.69
2008-04-08,125630.83,174015.63
2008-04-09,125635.61,172756.48
2008-04-10,125640.05,172998.14
2008-04-11,125644.35,169640.43
2008-04-14,125656.44,169068.08
2008-04-15,125660.12,169462.37
2008-04-16,125663.87,174053.78
2008-04-17,125667.70,174308.15
2008-04-18,125671.86,176126.90
2008-04-21,125685.50,176215.94
2008-04-22,125690.08,175440.10
2008-04-23,125694.41,175160.29
2008-04-24,125698.68,175923.41
2008-04-25,125702.95,177551.39
2008-04-28,125716.49,177589.54
2008-04-29,125721.38,176890.02
2008-04-30,125858.78,175847.09
2008-05-01,125501.84,179484.60
2008-05-02,125470.44,179980.62
2008-05-05,125423.26,179115.77
2008-05-06,125428.45,180667.44
2008-05-07,125480.12,177449.64
2008-05-08,125703.60,176991.77
2008-05-09,125798.89,176661.07
2008-05-12,125775.31,178645.19
2008-05-13,125615.05,178670.61
2008-05-14,125621.24,179039.46
2008-05-15,125627.40,181277.93
2008-05-16,125633.60,181443.27
2008-05-19,125652.29,181939.30
2008-05-20,125658.45,180463.94
2008-05-21,125664.75,177411.49
2008-05-22,125538.27,177436.91
2008-05-23,125445.16,175058.54
2008-05-27,125774.46,176355.84
2008-05-28,126058.31,177169.83
2008-05-29,126282.05,178060.13
2008-05-30,126501.93,178505.28
2008-06-02,126200.82,176661.07
2008-06-03,126207.11,175630.87
2008-06-04,126213.41,175541.85
2008-06-05,126760.53,179052.17
2008-06-06,125921.55,173341.52
2008-06-09,125402.21,173761.24
2008-06-10,124973.19,172896.39
2008-06-11,124807.23,170352.67
2008-06-12,124138.73,171001.31
2008-06-13,125522.21,173163.46
2008-06-16,125552.77,173265.22
2008-06-17,125400.64,172425.80
2008-06-18,125092.72,170746.94
2008-06-19,125392.97,170963.16
2008-06-20,124448.03,168188.15
2008-06-23,124466.74,168021.97
2008-06-24,124473.05,167689.64
2008-06-25,124619.02,168482.13
2008-06-26,123475.42,163906.10
2008-06-27,123153.38,163011.35
2008-06-30,123744.16,163586.56
2008-07-01,123874.25,164097.85
2008-07-02,123813.80,161285.76
2008-07-03,123741.45,161451.92
2008-07-07,123766.00,159803.02
2008-07-08,124926.36,162640.67
2008-07-09,123496.46,159509.03
2008-07-10,123257.64,160160.93
2008-07-11,123263.18,158294.72
2008-07-14,122952.02,156863.12
2008-07-15,122600.40,154651.79
2008-07-16,121952.90,158448.11
2008-07-17,121657.44,160033.10
2008-07-18,121662.10,161030.12
2008-07-21,121676.60,161119.59
2008-07-22,121681.47,162947.45
2008-07-23,121686.54,163829.41
2008-07-24,121493.85,160429.35
2008-07-25,121561.91,160391.01
2008-07-28,121668.08,158039.08
2008-07-29,121541.60,161413.58
2008-07-30,121547.23,164289.57
2008-07-31,121275.93,162116.60
2008-08-01,121146.73,161260.20
2008-08-04,121009.03,159764.67
2008-08-05,121304.74,164072.28
2008-08-06,122012.04,164800.85
2008-08-07,121229.87,162346.68
2008-08-08,121235.28,165363.27
2008-08-11,121251.92,167076.10
2008-08-12,121258.04,165337.72
2008-08-13,121264.12,164340.71
2008-08-14,121270.16,165580.57
2008-08-15,121276.31,166385.85
2008-08-18,121294.35,164110.62
2008-08-19,121300.30,162321.11
2008-08-20,121306.18,163075.27
2008-08-21,121311.77,163356.48
2008-08-22,121317.38,165721.17
2008-08-25,121334.03,162359.46
2008-08-26,121339.72,162832.40
2008-08-27,121345.30,164417.40
2008-08-28,121350.76,166411.42
2008-08-29,121356.44,164621.90
2008-09-02,121378.92,163599.33
2008-09-03,121384.54,163458.73
2008-09-04,121390.09,158537.58
2008-09-05,121395.61,159036.09
2008-09-08,121412.07,162321.11
2008-09-09,121417.70,157502.23
2008-09-10,120584.01,158141.34
2008-09-11,120379.38,160429.35
2008-09-12,120384.59,161170.71
2008-09-15,120399.03,153501.39
2008-09-16,121460.06,156070.62
2008-09-17,118444.94,149053.20
2008-09-18,117433.27,153475.83
2008-09-19,117383.34,159570.96
2008-09-22,117368.63,155958.36
2008-09-23,117035.11,152410.06
2008-09-24,117001.08,152898.59
2008-09-25,117415.66,155289.84
2008-09-26,117372.51,155366.98
2008-09-29,117071.50,143192.17
2008-09-30,117630.17,149118.87
2008-10-01,117133.74,149208.86
2008-10-02,115523.67,143796.41
2008-10-03,112794.51,141855.13
2008-10-06,110257.22,134629.96
2008-10-07,108858.49,128600.40
2008-10-08,107807.05,125360.65
2008-10-09,107809.03,116605.58
2008-10-10,107810.74,113777.23
2008-10-13,107812.87,130297.42
2008-10-14,107813.58,128368.99
2008-10-15,107814.58,115731.36
2008-10-16,107815.23,120552.43
2008-10-17,107816.56,119832.49
2008-10-20,107823.65,127031.95
2008-10-21,107827.31,123239.38
2008-10-22,107830.53,116528.45
2008-10-23,107681.80,117878.35
2008-10-24,105108.99,111900.22
2008-10-27,105116.42,107927.66
2008-10-28,105118.84,120539.58
2008-10-29,105121.03,119665.36
2008-10-30,105122.78,123805.05
2008-10-31,105123.93,124486.43
2008-11-03,105106.08,124846.40
2008-11-04,105490.02,129088.94
2008-11-05,105737.54,123663.63
2008-11-06,105461.08,116811.29
2008-11-07,105461.97,120668.14
2008-11-10,105464.57,119086.83
2008-11-11,105465.41,115409.96
2008-11-12,105466.25,110331.77
2008-11-13,106092.04,117209.82
2008-11-14,105022.35,111360.27
2008-11-17,104657.70,109881.80
2008-11-18,104658.05,111951.65
2008-11-19,104658.39,104777.90
2008-11-20,100759.09,96999.90
2008-11-21,100365.64,102232.37
2008-11-24,102383.30,109316.13
2008-11-25,102992.35,110126.07
2008-11-26,102954.71,114381.47
2008-11-28,103229.76,115821.35
2008-12-01,102718.71,105562.12
2008-12-02,102718.91,109624.67
2008-12-03,102719.08,112260.20
2008-12-04,102719.13,109663.25
2008-12-05,102719.19,113044.42
2008-12-08,102719.36,116991.27
2008-12-09,102719.44,115062.84
2008-12-10,102719.53,115847.07
2008-12-11,102719.53,113057.28
2008-12-12,102719.56,114407.18
2008-12-15,102719.73,112813.01
2008-12-16,102719.84,118122.61
2008-12-17,102719.95,116978.41
2008-12-18,102720.09,114792.87
2008-12-19,102720.09,114299.07
2008-12-22,102720.26,112834.52
2008-12-23,102720.29,111668.08
2008-12-24,102720.34,112316.11
2008-12-26,102720.34,112964.14
2008-12-29,102720.60,112640.12
2008-12-30,102720.77,115309.99
2008-12-31,102721.05,116955.98
2009-01-02,102721.67,120481.25
2009-01-05,102722.34,120338.68
2009-01-06,102722.74,121142.24
2009-01-07,102723.13,117513.28
2009-01-08,102723.44,117992.82
2009-01-09,102723.69,115465.51
2009-01-12,102724.28,112691.96
2009-01-13,102592.06,112899.33
2009-01-14,101823.86,109348.14
2009-01-15,102015.53,109387.02
2009-01-16,102542.47,110242.41
2009-01-20,101235.65,104423.13
2009-01-21,101236.01,108933.40
2009-01-22,101236.32,107248.53
2009-01-23,101236.59,107715.11
2009-01-26,101237.51,108453.86
2009-01-27,101237.92,109555.51
2009-01-28,101238.28,113262.22
2009-01-29,101238.81,109581.43
2009-01-30,101239.45,107352.22
2009-02-02,100942.56,107028.20
2009-02-03,101316.08,108531.62
2009-02-04,101559.19,108000.24
2009-02-05,101540.19,109607.35
2009-02-06,101540.99,112730.85
2009-02-09,101543.33,112886.37
2009-02-10,101544.22,107715.11
2009-02-11,101507.95,108350.17
2009-02-12,101263.05,108427.94
2009-02-13,101263.86,107261.49
2009-02-17,101267.08,102673.46
2009-02-18,100417.11,102427.20
2009-02-19,99256.21,101325.56
2009-02-20,98478.20,100340.56
2009-02-23,97574.44,96750.49
2009-02-24,99613.50,100418.33
2009-02-25,98428.35,99627.73
2009-02-26,97480.77,98007.66
2009-02-27,96424.78,95817.33
2009-03-02,95764.04,91501.46
2009-03-03,95450.91,90814.55
2009-03-04,95935.00,92966.01
2009-03-05,95688.74,89168.57
2009-03-06,95689.26,89324.09
2009-03-09,95690.83,88274.29
2009-03-10,95691.44,93536.27
2009-03-11,95692.07,94145.42
2009-03-12,95692.67,97852.13
2009-03-13,95693.22,98616.80
2009-03-16,95694.71,98318.71
2009-03-17,95695.34,101325.56
2009-03-18,95695.97,103593.66
2009-03-19,95696.52,102310.56
2009-03-20,95697.05,100131.96
2009-03-23,95698.70,107324.34
2009-03-24,95699.27,105209.70
2009-03-25,95699.83,106319.23
2009-03-26,95700.32,108486.08
2009-03-27,95700.72,106528.09
2009-03-30,95701.74,102847.05
2009-03-31,95702.21,103799.94
2009-04-01,95702.76,105810.15
2009-04-02,95703.34,108903.79
2009-04-03,95703.92,109987.22
2009-04-06,95705.57,109125.69
2009-04-07,95669.30,106580.30
2009-04-08,95642.04,107728.99
2009-04-09,95550.23,112010.47
2009-04-13,95552.11,112036.59
2009-04-14,95552.58,110104.69
2009-04-15,95553.03,111279.49
2009-04-16,95553.42,112911.16
2009-04-17,95553.76,113668.25
2009-04-20,95554.86,108903.79
2009-04-21,95555.23,111031.48
2009-04-22,95555.62,110352.71
2009-04-23,95555.99,111436.14
2009-04-24,95556.25,113120.01
2009-04-27,95557.04,112049.63
2009-04-28,95557.38,111697.20
2009-04-29,95557.72,114072.90
2009-04-30,95558.00,114112.06
2009-05-01,95558.37,114725.57
2009-05-04,95559.55,118628.50
2009-05-05,95560.05,118223.85
2009-05-06,95560.54,120273.22
2009-05-07,95561.04,118602.40
2009-05-08,95561.51,121369.71
2009-05-11,95562.93,119098.42
2009-05-12,95563.42,118745.99
2009-05-13,95563.92,115756.78
2009-05-14,95564.37,116748.83
2009-05-15,95564.78,115795.94
2009-05-18,95566.12,119085.38
2009-05-19,95566.62,118941.79
2009-05-20,95567.09,118145.54
2009-05-21,95567.56,116448.60
2009-05-22,95568.06,116200.59
2009-05-26,95569.94,119176.75
2009-05-27,95570.41,117049.05
2009-05-28,95570.86,118680.72
2009-05-29,95571.25,120782.30
2009-06-01,95572.35,123706.24
2009-06-02,95572.69,123810.67
2009-06-03,95573.06,122244.28
2009-06-04,95573.43,123392.96
2009-06-05,95573.79,123419.08
2009-06-08,95393.09,122910.00
2009-06-09,95349.08,123536.55
2009-06-10,95349.58,123223.28
2009-06-11,95350.05,123771.51
2009-06-12,95350.54,124110.90
2009-06-15,95351.96,121265.28
2009-06-16,95371.77,119620.56
2009-06-17,95795.59,119503.08
2009-06-18,96159.97,120377.65
2009-06-19,96317.15,120821.35
2009-06-22,96165.17,117198.28
2009-06-23,95987.83,117290.17
2009-06-24,96612.14,118300.96
2009-06-25,97980.34,120873.86
2009-06-26,97879.93,120558.80
2009-06-29,98396.09,121687.73
2009-06-30,97823.20,120703.20
2009-07-01,97823.71,121202.03
2009-07-02,97824.16,117894.01
2009-07-06,97825.98,117880.89
2009-07-07,97826.49,115596.78
2009-07-08,97451.21,115518.02
2009-07-09,97629.25,115741.18
2009-07-10,97109.31,115465.51
2009-07-13,97004.30,118274.70
2009-07-14,97004.78,118944.18
2009-07-15,97005.25,122422.85
2009-07-16,97005.73,122225.94
2009-07-17,97006.24,123564.89
2009-07-20,97007.59,124877.60
2009-07-21,97008.10,125455.19
2009-07-22,97008.60,125428.94
2009-07-23,97009.11,128198.75
2009-07-24,97009.61,128723.82
2009-07-27,97011.05,129104.51
2009-07-28,97011.55,128500.67
2009-07-29,97012.06,128185.62
2009-07-30,97012.56,129524.58
2009-07-31,97013.04,129708.35
2009-08-03,97014.48,131848.07
2009-08-04,97014.98,132189.36
2009-08-05,97015.46,131808.69
2009-08-06,97015.94,131126.08
2009-08-07,97016.39,132845.72
2009-08-10,97017.83,132570.05
2009-08-11,97018.33,130916.05
2009-08-12,97018.81,132320.64
2009-08-13,97019.26,133331.42
2009-08-14,97019.71,132307.51
2009-08-17,97021.15,129052.00
2009-08-18,97021.63,130075.91
2009-08-19,97022.11,131217.97
2009-08-20,97022.56,132570.05
2009-08-21,97023.01,135169.21
2009-08-24,97024.36,135156.08
2009-08-25,97024.82,135418.63
2009-08-26,97025.27,135431.75
2009-08-27,97025.67,135733.67
2009-08-28,97026.07,135707.41
2009-08-31,97027.26,134499.73
2009-09-01,97027.66,131533.01
2009-09-02,97028.03,131034.19
2009-09-03,97028.41,132123.74
2009-09-04,97028.80,133974.64
2009-09-08,97030.29,135129.83
2009-09-09,97030.66,136166.87
2009-09-10,97031.04,137558.33
2009-09-11,97031.41,137532.07
2009-09-14,97032.53,138201.55
2009-09-15,97032.90,138779.15
2009-09-16,97033.24,140879.47
2009-09-17,97033.51,140669.45
2009-09-18,97033.78,140759.13
2009-09-21,97034.41,140403.01
2009-09-22,97034.71,141220.76
2009-09-23,97035.00,140046.89
2009-09-24,97035.29,138503.72
2009-09-25,97035.56,137765.09
2009-09-28,97036.35,140231.55
2009-09-29,97036.65,139809.48
2009-09-30,97036.99,139268.70
2009-10-01,97037.36,135813.04
2009-10-02,97037.63,135179.94
2009-10-05,97038.43,137197.94
2009-10-06,97038.64,139163.19
2009-10-07,97038.85,139545.69
2009-10-08,97039.09,140614.05
2009-10-09,97039.25,141471.37
2009-10-12,97039.81,142025.33
2009-10-13,97040.00,141735.16
2009-10-14,97040.18,144175.23
2009-10-15,97040.37,144702.81
2009-10-16,97074.04,143621.27
2009-10-19,97222.93,144808.33
2009-10-20,97326.02,144043.33
2009-10-21,97197.07,142750.76
2009-10-22,97197.25,144201.61
2009-10-23,97197.41,142552.91
2009-10-26,97197.97,141009.74
2009-10-27,97306.04,140363.44
2009-10-28,97396.10,137712.34
2009-10-29,97358.77,140666.81
2009-10-30,96908.35,136591.22
2009-11-02,96872.10,137593.63
2009-11-03,97100.31,138028.89
2009-11-04,96995.77,138385.00
2009-11-05,97461.43,140930.59
2009-11-06,97419.34,141299.90
2009-11-09,97900.90,144518.16
2009-11-10,97877.61,144544.53
2009-11-11,98035.14,145283.16
2009-11-12,98035.32,143805.92
2009-11-13,98035.51,144584.11
2009-11-16,98036.00,146681.25
2009-11-17,98036.18,146852.71
2009-11-18,98036.35,146760.38
2009-11-19,98036.45,144847.90
2009-11-20,98036.51,144333.51
2009-11-23,98036.67,146166.86
2009-11-24,98036.80,146391.08
2009-11-25,98036.94,146905.47
2009-11-27,98037.20,144518.16
2009-11-30,98037.45,145006.18
2009-12-01,98037.61,146799.96
2009-12-02,98037.77,146734.01
2009-12-03,98037.90,145586.51
2009-12-04,98038.06,146417.46
2009-12-07,97908.38,146193.23
2009-12-08,97781.77,144570.92
2009-12-09,97781.85,145111.69
2009-12-10,97781.93,145929.44
2009-12-11,97750.33,146549.35
2009-12-14,97773.11,147551.76
2009-12-15,97625.78,146865.90
2009-12-16,97625.92,147090.12
2009-12-17,97626.02,145322.72
2009-12-18,97753.59,146144.88
2009-12-21,97685.05,147630.07
2009-12-22,97725.42,148160.49
2009-12-23,97612.87,148452.22
2009-12-24,97613.06,149155.04
2009-12-28,97613.60,149473.29
2009-12-29,97613.89,149261.11
2009-12-30,97614.16,149208.07
2009-12-31,97614.29,147775.93
2010-01-04,97614.93,150282.18
2010-01-05,97615.15,150679.99
2010-01-06,97615.33,150786.08
2010-01-07,97615.50,151422.59
2010-01-08,97615.63,151926.49
2010-01-11,97616.03,152138.67
2010-01-12,97616.14,150719.78
2010-01-13,97616.27,151992.80
2010-01-14,97616.43,152403.87
2010-01-15,97616.56,150693.26
2010-01-19,97617.21,152576.26
2010-01-20,97617.37,151024.77
2010-01-21,97617.50,148120.70
2010-01-22,97190.92,144818.82
2010-01-25,96857.66,145561.41
2010-01-26,96248.83,144951.42
2010-01-27,96249.01,145640.98
2010-01-28,96249.22,143970.14
2010-01-29,96249.43,142405.39
2010-02-01,96250.07,144619.91
2010-02-02,96250.33,146370.31
2010-02-03,96250.59,145640.98
2010-02-04,96250.86,141145.64
2010-02-05,96251.09,141437.38
2010-02-08,95953.70,140416.31
2010-02-09,96309.41,142179.97
2010-02-10,96282.32,141901.50
2010-02-11,96562.81,143386.67
2010-02-12,96412.66,143267.33
2010-02-16,96857.83,145521.63
2010-02-17,97022.09,146211.18
2010-02-18,96766.31,147073.12
2010-02-19,96867.54,147378.11
2010-02-22,96790.38,147404.64
2010-02-23,97083.15,145614.45
2010-02-24,97129.70,146953.77
2010-02-25,97237.29,146754.86
2010-02-26,97336.48,146847.69
2010-03-01,97308.23,148372.66
2010-03-02,97308.57,148783.73
2010-03-03,97308.95,148916.34
2010-03-04,97309.32,149367.20
2010-03-05,97309.69,151502.15
2010-03-08,97310.89,151528.67
2010-03-09,97311.32,151780.63
2010-03-10,97311.75,152456.92
2010-03-11,97312.15,153093.42
2010-03-12,97312.57,153106.68
2010-03-15,97313.77,153146.46
2010-03-16,97314.22,154366.44
2010-03-17,97314.65,155281.42
2010-03-18,97315.05,155201.86
2010-03-19,97315.48,154416.26
2010-03-22,97316.76,155241.80
2010-03-23,97317.16,156333.65
2010-03-24,97317.53,155574.68
2010-03-25,97260.93,155321.70
2010-03-26,97581.60,155228.49
2010-03-29,97610.82,156213.81
2010-03-30,97530.78,156320.33
2010-03-31,97531.21,155787.73
2010-04-01,97531.64,156852.94
2010-04-05,97533.35,158131.20
2010-04-06,97533.83,158504.03
2010-04-07,97534.29,157598.59
2010-04-08,97534.74,158144.51
2010-04-09,97535.19,159183.10
2010-04-12,97536.48,159436.08
2010-04-13,97536.90,159555.93
2010-04-14,97537.33,161366.79
2010-04-15,97537.76,161499.94
2010-04-16,97538.19,158930.11
2010-04-19,97539.47,159529.29
2010-04-20,97539.90,160954.02
2010-04-21,97540.32,160661.09
2010-04-22,97540.73,161140.43
2010-04-23,97541.15,162192.33
2010-04-26,97542.44,161579.83
2010-04-27,97542.86,157758.38
2010-04-28,97484.23,158956.74
2010-04-29,97545.89,160927.39
2010-04-30,97432.63,158197.77
2010-05-03,97433.91,160248.31
2010-05-04,97434.36,156480.11
2010-05-05,97158.37,155548.05
2010-05-06,96854.76,150381.76
2010-05-07,96855.05,148144.81
2010-05-10,96856.08,154669.25
2010-05-11,96856.51,154229.85
2010-05-12,96856.93,156386.90
2010-05-13,96857.36,154442.89
2010-05-14,96857.78,151646.70
2010-05-17,96859.06,151726.59
2010-05-18,96859.48,149662.74
2010-05-19,96859.93,148810.57
2010-05-20,96860.38,143191.56
2010-05-21,97721.88,145282.04
2010-05-24,96545.70,143417.91
2010-05-25,94718.01,143564.38
2010-05-26,94718.46,142698.89
2010-05-27,94718.90,147479.05
2010-05-28,94719.34,145628.24
2010-06-01,94721.00,143178.24
2010-06-02,94721.41,146906.50
2010-06-03,94721.83,147412.47
2010-06-04,94722.19,142232.86
2010-06-07,94723.28,140461.94
2010-06-08,94976.26,141966.56
2010-06-09,95001.91,141207.60
2010-06-10,96380.85,145335.30
2010-06-11,96663.20,146041.01
2010-06-14,96452.90,145814.65
2010-06-15,97509.29,149130.13
2010-06-16,97431.34,149076.87
2010-06-17,97562.54,149316.54
2010-06-18,97562.78,149478.43
2010-06-21,97563.66,149050.31
2010-06-22,97563.98,146588.66
2010-06-23,97564.33,146133.79
2010-06-24,97564.67,143712.27
2010-06-25,97565.02,144314.31
2010-06-28,97566.06,143859.43
2010-06-29,97566.52,139417.76
2010-06-30,96677.08,138093.29
2010-07-01,96336.80,137477.88
2010-07-02,95528.23,136728.67
2010-07-06,95208.38,137625.04
2010-07-07,96779.58,141959.68
2010-07-08,97368.49,143364.44
2010-07-09,97739.80,144434.71
2010-07-12,97543.08,144528.36
2010-07-13,98290.78,146709.07
2010-07-14,98158.38,146695.69
2010-07-15,98158.78,146735.82
2010-07-16,98159.18,142695.51
2010-07-19,98160.39,143538.35
2010-07-20,98160.85,145130.40
2010-07-21,98161.28,143244.02
2010-07-22,98161.71,146441.49
2010-07-23,98162.14,147712.46
2010-07-26,98163.43,149250.98
2010-07-27,98163.86,149237.61
2010-07-28,98164.27,148274.36
2010-07-29,98164.67,147551.91
2010-07-30,98165.07,147525.15
2010-08-02,98166.28,150856.42
2010-08-03,98166.71,150133.97
2010-08-04,98167.14,151137.36
2010-08-05,98167.57,150976.82
2010-08-06,98167.98,150361.41
2010-08-09,98169.19,151164.12
2010-08-10,98169.59,150348.02
2010-08-11,98170.00,146227.44
2010-08-12,98170.40,145331.07
2010-08-13,98170.83,144902.96
2010-08-16,98172.04,144836.07
2010-08-17,98172.47,146615.41
2010-08-18,98172.93,146882.99
2010-08-19,98173.36,144327.68
2010-08-20,98173.79,143859.43
2010-08-23,98024.77,143310.92
2010-08-24,97750.67,141183.73
2010-08-25,97617.46,141732.25
2010-08-26,97298.10,140782.38
2010-08-27,97216.08,142963.07
2010-08-30,97217.28,140889.40
2010-08-31,97217.65,140889.40
2010-09-01,97218.02,145103.64
2010-09-02,97218.37,146454.87
2010-09-03,97218.74,148354.62
2010-09-07,97220.23,146682.31
2010-09-08,97220.60,147712.46
2010-09-09,97220.98,148394.76
2010-09-10,97221.35,149143.96
2010-09-13,97222.47,150802.90
2010-09-14,97222.87,150709.25
2010-09-15,97223.27,151284.53
2010-09-16,97223.67,151244.39
2010-09-17,97176.50,151300.88
2010-09-20,97286.76,153614.31
2010-09-21,97550.00,153304.96
2010-09-22,97722.53,152551.74
2010-09-23,97778.41,151314.33
2010-09-24,97584.39,154434.77
2010-09-27,97585.60,153695.01
2010-09-28,97586.02,154233.01
2010-09-29,97586.45,153964.01
2010-09-30,97586.88,153506.70
2010-10-01,97587.31,154152.32
2010-10-04,97588.59,152995.60
2010-10-05,97588.94,156075.69
2010-10-06,97589.26,156062.24
2010-10-07,97589.61,155873.94
2010-10-08,97589.95,156748.20
2010-10-11,97590.92,156896.15
2010-10-12,97591.24,157380.36
2010-10-13,97591.59,158604.32
2010-10-14,97591.93,157985.61
2010-10-15,97592.31,158308.41
2010-10-18,97552.93,159088.52
2010-10-19,97667.37,157003.75
2010-10-20,97708.83,158537.07
2010-10-21,97559.98,158886.77
2010-10-22,97560.33,159182.67
2010-10-25,97561.37,159653.43
2010-10-26,97561.75,159680.33
2010-10-27,97562.12,159223.02
2010-10-28,97562.50,159249.93
2010-10-29,97562.84,159370.98
2010-11-01,97563.81,159424.78
2010-11-02,97564.15,160689.10
2010-11-03,97564.50,161334.70
2010-11-04,97564.85,164441.69
2010-11-05,97565.20,165060.40
2010-11-08,97566.24,164751.04
2010-11-09,97566.59,163567.43
2010-11-10,97566.93,164226.49
2010-11-11,97567.28,163607.78
2010-11-12,97567.63,161670.95
2010-11-15,97568.67,161442.30
2010-11-16,97777.97,158927.13
2010-11-17,97657.95,159007.83
2010-11-18,98062.80,161348.15
2010-11-19,97888.97,161792.01
2010-11-22,97890.10,161657.51
2010-11-23,97890.50,159317.17
2010-11-24,98230.91,161670.95
2010-11-26,96962.29,159787.94
2010-11-29,96831.16,160272.14
2010-11-30,96831.63,159370.98
2010-12-01,96832.08,162760.42
2010-12-02,96832.51,164845.19
2010-12-03,96832.93,165289.05
2010-12-06,96834.05,165114.20
2010-12-07,96834.45,165208.35
2010-12-08,96834.82,165813.60
2010-12-09,96835.21,166459.22
2010-12-10,96835.59,167427.63
2010-12-13,96836.62,167535.22
2010-12-14,96837.02,167683.18
2010-12-15,96837.42,166916.52
2010-12-16,96837.79,167884.93
2010-12-17,96838.13,168064.76
2010-12-20,96839.01,168470.38
2010-12-21,96839.38,169538.54
2010-12-22,96839.75,170065.85
2010-12-23,96840.12,169822.47
2010-12-27,96841.61,169890.08
2010-12-28,96842.06,170133.46
2010-12-29,96842.46,170255.14
2010-12-30,96842.80,169984.73
2010-12-31,96843.12,170025.29
2011-01-03,96844.08,171783.01
2011-01-04,96844.47,171688.36
2011-01-05,96844.85,172580.74
2011-01-06,96845.22,172242.72
2011-01-07,96845.61,171904.69
2011-01-10,96846.73,171688.36
2011-01-11,96847.13,172296.80
2011-01-12,96847.53,173851.71
2011-01-13,96847.92,173567.76
2011-01-14,96848.32,174825.21
2011-01-18,96803.78,175122.67
2011-01-19,96845.01,173405.51
2011-01-20,96551.17,173175.66
2011-01-21,96384.53,173567.76
2011-01-24,96584.17,174554.80
2011-01-25,96609.34,174649.43
2011-01-26,97006.91,175325.48
2011-01-27,96848.36,175758.16
2011-01-28,96691.24,172688.91
2011-01-31,96619.08,173986.90
2011-02-01,96840.59,176772.23
2011-02-02,96785.61,176434.20
2011-02-03,97007.14,176826.30
2011-02-04,97138.14,177326.57
2011-02-07,97239.64,178435.29
2011-02-08,97471.22,179246.55
2011-02-09,97452.58,178840.92
2011-02-10,97452.95,178908.53
2011-02-11,97593.91,179976.67
2011-02-14,97498.62,180409.33
2011-02-15,97472.28,179841.45
2011-02-16,97472.63,180977.23
2011-02-17,97472.95,181518.05
2011-02-18,97473.19,181896.64
2011-02-22,97474.26,178246.00
2011-02-23,97474.58,177150.81
2011-02-24,97474.90,177029.10
2011-02-25,97528.64,178922.04
2011-02-28,97738.85,180030.75
2011-03-01,97535.10,177029.10
2011-03-02,97535.48,177407.71
2011-03-03,97535.82,180463.42
2011-03-04,97536.17,179111.33
2011-03-07,97537.13,177705.15
2011-03-08,97537.43,179260.07
2011-03-09,97537.72,179003.16
2011-03-10,97537.99,175690.55
2011-03-11,97464.68,176907.42
2011-03-14,97201.22,175839.28
2011-03-15,96600.16,173824.66
2011-03-16,96284.73,170606.69
2011-03-17,96308.74,172864.68
2011-03-18,96400.84,173493.42
2011-03-21,96617.59,176182.19
2011-03-22,96647.85,175571.09
2011-03-23,96551.61,176073.55
2011-03-24,96551.85,177757.41
2011-03-25,96552.09,178300.61
2011-03-28,96552.81,177866.05
2011-03-29,96553.10,179061.07
2011-03-30,96553.36,180296.82
2011-03-31,96553.63,180052.37
2011-04-01,96553.86,180812.83
2011-04-04,96554.42,180962.21
2011-04-05,96554.58,180935.06
2011-04-06,96554.76,181505.40
2011-04-07,96554.92,181043.70
2011-04-08,96555.03,180419.03
2011-04-11,96555.34,179875.85
2011-04-12,96555.48,178531.46
2011-04-13,96555.61,178517.89
2011-04-14,96555.77,178653.67
2011-04-15,96555.95,179305.49
2011-04-18,96556.51,177295.71
2011-04-19,96556.69,178314.18
2011-04-20,96556.85,180744.95
2011-04-21,96557.01,181668.35
2011-04-25,96557.65,181478.24
2011-04-26,96557.83,183039.89
2011-04-27,96558.02,184234.90
2011-04-28,96558.18,184832.41
2011-04-29,96558.28,185266.95
2011-05-02,96558.60,184981.79
2011-05-03,96558.73,184316.38
2011-05-04,96558.81,183094.22
2011-05-05,96558.89,181437.50
2011-05-06,96408.95,182238.70
2011-05-09,96735.33,182944.84
2011-05-10,96825.06,184506.49
2011-05-11,96567.85,182564.61
2011-05-12,96567.93,183433.71
2011-05-13,96567.98,182021.42
2011-05-16,96568.22,180867.16
2011-05-17,96568.33,180840.00
2011-05-18,96568.43,182455.98
2011-05-19,96568.57,182890.51
2011-05-20,96568.70,181437.50
2011-05-23,96569.10,179332.65
2011-05-24,96177.83,179183.28
2011-05-25,96083.39,179780.79
2011-05-26,96325.49,180609.14
2011-05-27,96527.24,181301.70
2011-05-31,96842.24,183189.27
2011-06-01,96670.40,179074.64
2011-06-02,96501.56,178884.52
2011-06-03,95757.52,177105.60
2011-06-06,95549.75,175231.60
2011-06-07,95435.59,175122.98
2011-06-08,95314.55,174389.67
2011-06-09,95314.66,175720.47
2011-06-10,95314.79,173276.14
2011-06-13,95323.94,173411.93
2011-06-14,95618.20,175611.85
2011-06-15,95089.07,172488.52
2011-06-16,94969.25,172868.76
2011-06-17,94839.16,173384.61
2011-06-20,94811.28,174271.66
2011-06-21,95148.90,176659.87
2011-06-22,94962.67,175595.41
2011-06-23,94697.51,175090.48
2011-06-24,94697.53,173057.08
2011-06-27,94697.69,174599.19
2011-06-28,94697.74,176878.23
2011-06-29,94512.82,178393.04
2011-06-30,94451.17,180098.91
2011-07-01,94451.25,182760.07
2011-07-05,94518.25,182609.95
2011-07-06,94679.57,182828.30
2011-07-07,94620.06,184725.23
2011-07-08,94620.14,183415.11
2011-07-11,94620.37,180098.91
2011-07-12,94620.45,179321.03
2011-07-13,94620.53,179921.50
2011-07-14,94620.55,178679.62
2011-07-15,94620.58,179716.80
2011-07-18,94620.73,178242.93
2011-07-19,94765.55,181136.07
2011-07-20,94978.30,181026.90
2011-07-21,95428.74,183537.95
2011-07-22,95378.80,183660.77
2011-07-25,95172.86,182637.25
2011-07-26,95172.99,181954.90
2011-07-27,95173.17,178229.29
2011-07-28,94678.27,177710.69
2011-07-29,93961.20,176496.12
2011-08-01,93655.68,175745.53
2011-08-02,93463.47,171255.68
2011-08-03,93384.45,172183.67
2011-08-04,92286.96,164118.33
2011-08-05,92287.01,163872.68
2011-08-08,92287.08,153200.76
2011-08-09,92287.21,160324.47
2011-08-10,92287.29,153241.70
2011-08-11,92287.34,160119.77
2011-08-12,92287.41,161197.88
2011-08-15,92287.56,164609.62
2011-08-16,92287.62,163203.97
2011-08-17,92287.69,163313.15
2011-08-18,92287.72,156271.32
2011-08-19,92287.74,153719.34
2011-08-22,92001.11,153842.17
2011-08-23,93129.75,158905.19
2011-08-24,93785.09,161143.29
2011-08-25,93391.21,158686.83
2011-08-26,93121.05,160993.17
2011-08-29,93121.13,165619.49
2011-08-30,93121.18,166056.19
2011-08-31,93121.20,166793.13
2011-09-01,93121.25,165046.32
2011-09-02,93121.30,160829.40
2011-09-06,93121.51,159655.76
2011-09-07,93121.56,164159.26
2011-09-08,93121.61,162453.39
2011-09-09,93121.66,158195.54
2011-09-12,93121.74,159219.06
2011-09-13,93121.76,160679.29
2011-09-14,93121.79,162903.75
2011-09-15,93121.81,165715.02
2011-09-16,93121.84,166695.82
2011-09-19,93121.92,165035.99
2011-09-20,93121.94,164843.95
2011-09-21,93121.97,159987.93
2011-09-22,93121.99,154816.41
2011-09-23,93094.91,155749.21
2011-09-26,93550.51,159452.95
2011-09-27,93876.82,161236.23
2011-09-28,93735.64,157944.02
2011-09-29,93735.70,159192.32
2011-09-30,93735.75,155214.22
2011-10-03,92937.55,150797.17
2011-10-04,93355.28,154103.09
2011-10-05,94992.67,156956.35
2011-10-06,96636.18,159795.89
2011-10-07,95632.94,158725.92
2011-10-10,98626.57,164034.62
2011-10-11,98910.99,164199.22
2011-10-12,99694.12,165639.57
2011-10-13,99101.55,165310.35
2011-10-14,99101.60,168136.17
2011-10-17,99101.77,164926.26
2011-10-18,99101.88,168149.89
2011-10-19,99101.98,166160.83
2011-10-20,99102.07,166887.87
2011-10-21,99102.15,170056.63
2011-10-24,98980.69,172141.69
2011-10-25,99468.20,168794.61
2011-10-26,99124.62,170509.31
2011-10-27,98827.09,176449.02
2011-10-28,98827.15,176407.86
2011-10-31,98827.23,172155.41
2011-11-01,98827.26,167354.27
2011-11-02,98827.28,170084.06
2011-11-03,98827.31,173184.23
2011-11-04,98827.34,172127.98
2011-11-07,98827.42,173197.95
2011-11-08,98827.45,175420.19
2011-11-09,98827.47,168945.51
2011-11-10,98651.83,170536.74
2011-11-11,99134.36,173746.65
2011-11-14,98881.94,172100.54
2011-11-15,98881.97,172951.03
2011-11-16,98881.99,170207.52
2011-11-17,98563.42,167505.16
2011-11-18,98628.89,167326.83
2011-11-21,98222.29,164144.36
2011-11-22,97601.97,163499.63
2011-11-23,96925.94,159891.91
2011-11-25,96926.05,159590.12
2011-11-28,96926.20,164212.94
2011-11-29,96926.28,164679.34
2011-11-30,96926.34,171455.81
2011-12-01,96926.36,171428.38
2011-12-02,96926.39,171277.49
2011-12-05,96926.55,173143.08
2011-12-06,96926.58,173197.95
2011-12-07,96926.60,173842.68
2011-12-08,96926.66,170029.19
2011-12-09,96926.68,172909.88
2011-12-12,96926.76,170385.85
2011-12-13,96488.98,168794.61
2011-12-14,96279.00,166997.61
2011-12-15,96279.02,167601.18
2011-12-16,96279.02,167849.66
2011-12-19,96279.02,166055.07
2011-12-20,96279.05,171079.93
2011-12-21,96279.08,171411.24
2011-12-22,96279.10,172929.74
2011-12-23,96279.13,174475.85
2011-12-27,96279.24,174613.90
2011-12-28,96279.29,172322.34
2011-12-29,96279.31,174103.13
2011-12-30,96279.37,173247.25
2012-01-03,96279.58,176008.16
2012-01-04,96279.63,176284.25
2012-01-05,96279.68,176753.60
2012-01-06,96279.74,176298.05
2012-01-09,96279.90,176726.00
2012-01-10,96279.92,178258.31
2012-01-11,96279.97,178354.93
2012-01-12,96280.03,178782.87
2012-01-13,96280.11,177857.97
2012-01-17,96280.42,178548.19
2012-01-18,96280.50,180522.26
2012-01-19,96280.58,181474.77
2012-01-20,96280.71,182151.18
2012-01-23,96281.11,181681.83
2012-01-24,96281.21,181474.77
2012-01-25,96281.32,182993.26
2012-01-26,96281.43,182054.56
2012-01-27,96281.56,181971.74
2012-01-30,96282.03,181350.52
2012-01-31,96282.16,181281.51
2012-02-01,96282.32,182869.03
2012-02-02,96282.48,183158.91
2012-02-03,96282.69,185726.56
2012-02-06,96283.32,185602.33
2012-02-07,96283.54,186071.68
2012-02-08,96283.75,186623.87
2012-02-09,96283.98,186858.55
2012-02-10,96284.22,185478.09
2012-02-13,96284.93,186858.55
2012-02-14,96285.22,186623.87
2012-02-15,96285.54,185754.18
2012-02-16,96285.83,187811.06
2012-02-17,96286.09,188308.03
2012-02-21,96287.04,188390.85
2012-02-22,96287.25,187783.45
2012-02-23,96287.49,188611.73
2012-02-24,96287.73,189025.85
2012-02-27,96288.52,189343.37
2012-02-28,96288.84,189895.54
2012-02-29,96289.10,189150.11
2012-03-01,96320.88,190130.22
2012-03-02,96290.81,189550.43
2012-03-05,96193.95,188777.38
2012-03-06,96194.16,186016.47
2012-03-07,96263.76,187314.10
2012-03-08,97246.14,189177.70
2012-03-09,96971.32,189909.36
2012-03-12,96734.19,189923.16
2012-03-13,96734.43,193346.69
2012-03-14,96734.64,193139.63
2012-03-15,96734.88,194257.79
2012-03-16,96735.10,194526.78
2012-03-19,96735.81,195289.36
2012-03-20,96736.08,194720.89
2012-03-21,96736.34,194402.00
2012-03-22,96736.58,193001.61
2012-03-23,96708.24,193625.53
2012-03-26,96848.77,196343.10
2012-03-27,96724.51,195733.03
2012-03-28,96724.74,194762.48
2012-03-29,96724.98,194429.71
2012-03-30,96725.17,195233.89
2012-04-02,96725.72,196661.99
2012-04-03,96725.94,195857.81
2012-04-04,96726.15,193916.71
2012-04-05,96729.84,193819.64
2012-04-09,96855.61,191642.84
2012-04-10,96783.54,188426.14
2012-04-11,96597.78,189951.30
2012-04-12,97623.11,192433.14
2012-04-13,96955.83,190145.41
2012-04-16,96950.18,190020.63
2012-04-17,97557.23,192835.24
2012-04-18,97335.79,192183.58
2012-04-19,97094.11,190949.59
2012-04-20,97094.29,191268.48
2012-04-23,97094.93,189660.13
2012-04-24,97095.14,190381.12
2012-04-25,97095.38,192987.75
2012-04-26,97095.62,194332.67
2012-04-27,97095.86,194651.56
2012-04-30,97096.58,193930.57
2012-05-01,97096.85,195136.84
2012-05-02,97097.09,194554.51
2012-05-03,97097.30,193070.94
2012-05-04,97097.54,189951.30
2012-05-07,97098.10,190089.96
2012-05-08,97098.36,189327.38
2012-05-09,97098.60,188204.31
2012-05-10,96916.19,188592.53
2012-05-11,96494.29,188024.06
2012-05-14,96495.08,185944.30
2012-05-15,95715.78,184876.69
2012-05-16,95601.74,184169.58
2012-05-17,95537.93,181438.16
2012-05-18,95538.19,179885.28
2012-05-21,95538.82,182977.18
2012-05-22,95539.06,183296.07
2012-05-23,95539.29,183393.14
2012-05-24,95539.53,183753.62
2012-05-25,95539.79,183157.43
2012-05-29,95540.73,185375.83
2012-05-30,95540.97,182686.00
2012-05-31,95519.53,182283.93
2012-06-01,95179.90,177694.60
2012-06-04,95180.45,177611.41
2012-06-05,95180.66,178956.32
2012-06-06,95180.87,182977.18
2012-06-07,95181.10,183088.10
2012-06-08,95181.34,184543.94
2012-06-11,95182.04,182200.74
2012-06-12,95182.28,184294.36
2012-06-13,95182.54,183115.84
2012-06-14,95182.80,185056.94
2012-06-15,95183.09,186949.57
2012-06-18,95183.79,187311.92
2012-06-19,95184.05,189123.72
2012-06-20,95184.29,188817.11
2012-06-21,95184.52,184580.30
2012-06-22,95184.75,186001.87
2012-06-25,95185.46,183019.37
2012-06-26,95185.72,183939.19
2012-06-27,95185.98,185597.69
2012-06-28,95186.21,185068.08
2012-06-29,95186.45,189681.21
2012-07-02,95187.15,190252.61
2012-07-03,95187.41,191506.94
2012-07-05,95187.88,190642.84
2012-07-06,95188.09,188831.06
2012-07-09,95188.72,188594.13
2012-07-10,95188.95,186949.57
2012-07-11,95189.19,186977.45
2012-07-12,95189.45,186071.54
2012-07-13,95189.71,189193.41
2012-07-16,95190.49,188747.42
2012-07-17,95190.75,190043.56
2012-07-18,95191.01,191451.18
2012-07-19,95191.25,191952.91
2012-07-20,95191.48,190196.87
2012-07-23,95192.19,188273.57
2012-07-24,95192.45,186656.88
2012-07-25,95192.71,186698.71
2012-07-26,95192.97,189778.76
2012-07-27,95193.26,193276.91
2012-07-30,95194.12,193276.91
2012-07-31,95194.40,191925.05
2012-08-01,95194.69,191757.79
2012-08-02,95194.95,190433.79
2012-08-03,95195.19,194210.70
2012-08-06,95195.89,194586.98
2012-08-07,95196.15,195562.58
2012-08-08,95196.44,195799.51
2012-08-09,95196.72,195966.74
2012-08-10,95197.01,196287.29
2012-08-13,95197.79,196189.74
2012-08-14,95198.08,196217.60
2012-08-15,95198.37,196440.59
2012-08-16,95198.60,197890.04
2012-08-17,95198.84,198154.82
2012-08-20,95199.54,198168.77
2012-08-21,95199.83,197569.48
2012-08-22,95147.24,197653.12
2012-08-23,95094.52,196036.43
2012-08-24,95094.81,197221.05
2012-08-27,95095.59,197262.86
2012-08-28,95095.88,197067.75
2012-08-29,95096.14,197221.05
2012-08-30,95096.45,195799.51
2012-08-31,95096.71,196733.28
2012-09-04,95097.65,196552.09
2012-09-05,95163.97,196384.85
2012-09-06,95630.71,200370.81
2012-09-07,96003.10,201151.27
2012-09-10,95972.34,200008.43
2012-09-11,96040.69,200565.92
2012-09-12,95948.72,201234.89
2012-09-13,95948.99,204301.00
2012-09-14,95949.25,205206.91
2012-09-17,95950.12,204510.07
2012-09-18,95950.41,204342.81
2012-09-19,95932.65,204454.31
2012-09-20,96009.93,204468.26
2012-09-21,96021.06,204382.77
2012-09-24,96198.25,204074.52
2012-09-25,96156.95,201902.79
2012-09-26,96198.71,200767.86
2012-09-27,96139.05,202659.39
2012-09-28,96139.29,201720.64
2012-10-01,96140.08,202253.07
2012-10-02,96140.31,202463.23
2012-10-03,96140.55,203289.89
2012-10-04,96140.79,204747.08
2012-10-05,96141.05,204761.09
2012-10-08,96141.92,204060.52
2012-10-09,96142.21,202042.89
2012-10-10,96142.47,200753.85
2012-10-11,95998.70,200865.95
2012-10-12,95711.67,200207.41
2012-10-15,96172.74,201874.76
2012-10-16,96844.56,203920.40
2012-10-17,97218.42,204845.15
2012-10-18,96962.32,204312.73
2012-10-19,97044.09,200907.98
2012-10-22,96910.91,200936.01
2012-10-23,96990.39,198147.75
2012-10-24,96408.05,197587.31
2012-10-25,96218.89,198161.76
2012-10-26,96219.18,198049.68
2012-10-31,96220.76,198049.68
2012-11-01,96221.05,200123.35
2012-11-02,96221.29,198343.91
2012-11-05,96222.00,198750.25
2012-11-06,96310.59,200305.50
2012-11-07,96069.79,195765.84
2012-11-08,95802.55,193411.93
2012-11-09,95610.91,193580.08
2012-11-12,95536.49,193734.20
2012-11-13,95467.67,193061.64
2012-11-14,94997.22,190455.54
2012-11-15,94939.13,190133.29
2012-11-16,94939.34,191072.04
2012-11-19,94939.81,194939.17
2012-11-20,94940.04,195023.24
2012-11-21,94940.25,195387.52
2012-11-23,94940.77,198049.68
2012-11-26,94941.55,197629.34
2012-11-27,94941.81,196620.53
2012-11-28,94942.07,198203.81
2012-11-29,94942.33,199128.54
2012-11-30,94942.57,199170.57
2012-12-03,94943.19,198189.78
2012-12-04,94943.45,197909.56
2012-12-05,94943.71,198259.84
2012-12-06,94943.97,198932.38
2012-12-07,94944.23,199534.88
2012-12-10,94944.93,199618.94
2012-12-11,94945.17,200978.04
2012-12-12,94945.37,201076.11
2012-12-13,94945.56,199843.13
2012-12-14,94945.71,199100.53
2012-12-17,94946.02,201440.41
2012-12-18,94946.15,203682.21
2012-12-19,94946.31,202168.99
2012-12-20,94946.44,203331.93
2012-12-21,94946.60,201486.25
2012-12-24,94947.07,200865.40
2012-12-26,94947.38,200018.75
2012-12-27,94904.21,199750.64
2012-12-28,94749.47,197591.71
2012-12-31,95101.10,200950.06
2013-01-02,95515.96,206100.44
2013-01-03,95510.88,205634.79
2013-01-04,95723.62,206537.87
2013-01-07,95511.32,205973.45
2013-01-08,95511.51,205380.81
2013-01-09,95511.69,205902.90
2013-01-10,95511.85,207539.74
2013-01-11,95512.00,207525.64
2013-01-14,95512.55,207384.52
2013-01-15,95512.76,207525.64
2013-01-16,95513.00,207497.41
2013-01-17,95513.21,208837.92
2013-01-18,95513.39,209303.57
2013-01-22,95514.23,210432.43
2013-01-23,95514.44,210771.07
2013-01-24,95514.65,210827.53
2013-01-25,95514.86,212012.82
2013-01-28,95515.48,211758.84
2013-01-29,95515.67,212591.36
2013-01-30,95515.85,211758.84
2013-01-31,95516.03,211236.73
2013-02-01,95516.22,213409.78
2013-02-04,95516.69,211010.95
2013-02-05,95516.87,213141.68
2013-02-06,95517.06,213296.89
2013-02-07,95517.24,213014.69
2013-02-08,95517.42,214199.98
2013-02-11,95517.97,214157.65
2013-02-12,95485.75,214510.41
2013-02-13,95352.26,214693.84
2013-02-14,95352.53,214891.39
2013-02-15,95352.81,214637.40
2013-02-19,95353.86,216246.02
2013-02-20,95354.17,213550.88
2013-02-21,95354.49,212252.70
2013-02-22,95394.85,214326.97
2013-02-25,94841.22,210248.98
2013-02-26,94952.70,211688.28
2013-02-27,96263.33,214355.19
2013-02-28,96067.98,213931.87
2013-03-01,95549.54,214637.40
2013-03-04,95550.40,215780.36
2013-03-05,95550.69,217713.52
2013-03-06,95550.90,218009.85
2013-03-07,95551.16,218404.95
2013-03-08,95551.42,219336.26
2013-03-11,95552.21,220168.78
2013-03-12,95552.47,219674.90
2013-03-13,95552.73,219985.34
2013-03-14,95552.97,221156.53
2013-03-15,95553.23,220864.56
2013-03-18,95553.94,219645.65
2013-03-19,95554.12,219135.40
2013-03-20,95554.30,220666.14
2013-03-21,95554.49,218781.07
2013-03-22,95554.67,220538.58
2013-03-25,95555.22,219617.29
2013-03-26,95555.43,221374.81
2013-03-27,95555.61,221374.81
2013-03-28,95555.85,222055.13
2013-04-01,95556.58,221176.38
2013-04-02,95556.79,222267.74
2013-04-03,95556.97,220014.15
2013-04-04,95619.91,220907.08
2013-04-05,94735.16,219914.95
2013-04-08,94766.69,221403.16
2013-04-09,94948.93,222168.52
2013-04-10,95126.72,224889.81
2013-04-11,95144.63,225626.84
2013-04-12,94922.45,225074.07
2013-04-15,94922.92,219858.24
2013-04-16,95068.50,223103.97
2013-04-17,93884.20,219844.07
2013-04-18,93722.99,218469.25
2013-04-19,94009.33,220368.48
2013-04-22,94024.06,221346.45
2013-04-23,94202.63,223628.38
2013-04-24,94194.62,223770.12
2013-04-25,94294.80,224677.22
2013-04-26,94222.74,224280.36
2013-04-29,94223.13,225782.74
2013-04-30,94223.25,226321.32
2013-05-01,94223.38,224337.05
2013-05-02,94223.54,226420.54
2013-05-03,94223.67,228716.63
2013-05-06,94224.06,229297.75
2013-05-07,94224.16,230459.98
2013-05-08,94224.26,231508.80
2013-05-09,94224.36,230856.83
2013-05-10,94224.47,231608.02
2013-05-13,94224.78,231792.26
2013-05-14,94224.91,234187.58
2013-05-15,94225.04,235449.01
2013-05-16,94225.14,234343.49
2013-05-17,94225.22,236611.24
2013-05-20,94225.53,236597.06
2013-05-21,94225.66,236937.23
2013-05-22,94225.76,235179.71
2013-05-23,94225.86,234499.40
2013-05-24,94225.99,234300.97
2013-05-28,94226.40,235704.15
2013-05-29,94226.53,234173.41
2013-05-30,94226.66,235037.99
2013-05-31,94226.77,231664.71
2013-06-03,94227.08,232940.33
2013-06-04,94227.20,231820.62
2013-06-05,94227.31,228574.91
2013-06-06,94427.21,230644.22
2013-06-07,95247.10,233578.13
2013-06-10,95198.98,233578.13
2013-06-11,94746.61,231168.65
2013-06-12,94480.93,229255.23
2013-06-13,94768.02,232741.90
2013-06-14,94724.10,231282.02
2013-06-17,94706.59,233067.89
2013-06-18,94706.72,234910.44
2013-06-19,94706.85,231664.71
2013-06-20,94706.98,225924.47
2013-06-21,94546.44,226649.73
2013-06-24,94240.21,223785.78
2013-06-25,94268.28,225937.31
2013-06-26,94459.40,228174.30
2013-06-27,94543.38,229513.66
2013-06-28,94488.33,228573.25
2013-07-01,94488.64,229912.61
2013-07-02,94488.74,229698.89
2013-07-03,94488.82,229798.62
2013-07-05,94489.08,232277.85
2013-07-08,94433.76,233602.95
2013-07-09,94452.61,235284.27
2013-07-10,94378.96,235369.76
2013-07-11,94379.07,238575.66
2013-07-12,94379.17,238675.38
2013-07-15,94379.48,239587.28
2013-07-16,94379.58,238689.65
2013-07-17,94379.66,239302.32
2013-07-18,94379.74,240613.17
2013-07-19,94379.82,241040.63
2013-07-22,94380.05,241510.83
2013-07-23,94380.15,240997.88
2013-07-24,94380.20,240114.49
2013-07-25,94380.28,240698.66
2013-07-26,94380.33,240955.14
2013-07-29,94380.57,240214.22
2013-07-30,94380.64,240214.22
2013-07-31,94380.75,240385.21
2013-08-01,94380.85,243163.65
2013-08-02,94380.95,243576.85
2013-08-05,94381.27,243220.63
2013-08-06,94381.39,241838.54
2013-08-07,94381.50,241054.87
2013-08-08,94381.63,241938.29
2013-08-09,94381.76,241240.10
2013-08-12,94382.14,240955.14
2013-08-13,94382.30,241667.56
2013-08-14,94391.15,240427.96
2013-08-15,94190.91,237065.33
2013-08-16,94191.04,236281.66
2013-08-19,94191.43,234771.33
2013-08-20,94191.58,235925.45
2013-08-21,94191.68,234472.10
2013-08-22,94191.79,236609.37
2013-08-23,94191.87,237407.27
2013-08-26,94192.10,236523.88
2013-08-27,94192.20,232719.55
2013-08-28,94143.82,233545.96
2013-08-29,94172.79,233916.41
2013-08-30,94069.79,233175.49
2013-09-03,94070.10,234229.88
2013-09-04,93998.24,236167.67
2013-09-05,93924.29,236466.89
2013-09-06,94052.59,236580.86
2013-09-09,93995.51,238846.38
2013-09-10,93995.57,240613.17
2013-09-11,93995.62,241368.34
2013-09-12,93995.67,240727.16
2013-09-13,93995.70,241268.61
2013-09-16,93995.77,242664.95
2013-09-17,93995.82,243747.84
2013-09-18,93995.85,246569.02
2013-09-19,93995.88,246155.81
2013-09-20,93995.90,244434.81
2013-09-23,93995.98,243303.68
2013-09-24,93996.03,242730.98
2013-09-25,93996.08,242029.39
2013-09-26,93996.13,242960.07
2013-09-27,93996.13,241843.28
2013-09-30,93996.29,240554.65
2013-10-01,93996.34,242458.93
2013-10-02,94224.14,242229.84
2013-10-03,94241.58,239996.26
2013-10-04,94084.88,241814.63
2013-10-07,94085.12,239724.21
2013-10-08,94085.19,236932.23
2013-10-09,93988.14,237104.06
2013-10-10,94554.32,242215.53
2013-10-11,94933.59,243776.18
2013-10-14,94918.44,244749.80
2013-10-15,94693.95,242974.38
2013-10-16,94854.55,246367.73
2013-10-17,95674.44,248014.28
2013-10-18,95670.40,249689.47
2013-10-21,95670.71,249703.78
2013-10-22,95670.82,251149.90
2013-10-23,95670.92,249947.20
2013-10-24,95671.03,250777.62
2013-10-25,95671.10,251923.05
2013-10-28,95671.42,252323.95
2013-10-29,95671.52,253669.83
2013-10-30,95671.63,252409.85
2013-10-31,95671.73,251693.96
2013-11-01,95671.84,252295.33
2013-11-04,95672.15,253183.03
2013-11-05,95672.28,252381.23
2013-11-06,95672.41,253669.83
2013-11-07,95672.55,250462.62
2013-11-08,95672.68,253841.64
2013-11-11,95673.15,253884.62
2013-11-12,95673.31,253369.17
2013-11-13,95673.52,255402.31
2013-11-14,95673.73,256676.60
2013-11-15,95673.94,257793.39
2013-11-18,95674.56,256891.36
2013-11-19,95674.80,256332.96
2013-11-20,95675.01,255531.16
2013-11-21,95655.78,257592.94
2013-11-22,95828.52,258881.54
2013-11-25,95882.90,258623.83
2013-11-26,95953.19,258695.40
2013-11-27,95832.40,259325.39
2013-11-29,95822.95,259153.58
2013-12-02,95756.62,258480.64
2013-12-03,95756.75,257363.85
2013-12-04,95756.90,257335.21
2013-12-05,95757.06,256204.11
2013-12-06,95757.22,259067.68
2013-12-09,95757.69,259726.29
2013-12-10,95757.88,258795.64
2013-12-11,95758.06,255889.11
2013-12-12,95649.34,255044.36
2013-12-13,95342.06,255015.72
2013-12-16,95338.13,256605.00
2013-12-17,95281.19,255788.87
2013-12-18,95281.37,260155.83
2013-12-19,95281.55,259855.17
2013-12-20,95281.71,261366.70
2013-12-23,95282.26,262763.07
2013-12-24,95282.44,263338.89
2013-12-26,95282.81,264677.69
2013-12-27,95282.99,264663.30
2013-12-30,95331.05,264620.12
2013-12-31,95165.18,265872.53
2014-01-02,95165.55,263324.50
2014-01-03,95165.73,263281.31
2014-01-06,95166.28,262518.35
2014-01-07,95166.41,264130.65
2014-01-08,95166.51,264188.25
2014-01-09,95166.64,264360.99
2014-01-10,95166.75,265080.77
2014-01-13,95167.14,261553.85
2014-01-14,95167.22,264404.17
2014-01-15,95167.32,265829.34
2014-01-16,95167.43,265483.84
2014-01-17,95167.53,264360.99
2014-01-21,95168.05,265138.34
2014-01-22,95168.16,265311.10
2014-01-23,95168.26,263137.35
2014-01-24,95168.37,257523.07
2014-01-27,95168.68,256256.25
2014-01-28,95168.81,257782.20
2014-01-29,95168.94,255306.16
2014-01-30,95169.04,258012.52
2014-01-31,95169.10,256500.97
2014-02-03,94808.90,250728.34
2014-02-04,94994.72,252484.61
2014-02-05,94826.99,252167.90
2014-02-06,94827.17,255493.28
2014-02-07,94827.36,258660.31
2014-02-10,94827.98,259135.37
2014-02-11,94828.16,261971.31
2014-02-12,94828.29,262100.89
2014-02-13,94828.42,263454.05
2014-02-14,94828.50,264908.03
2014-02-18,94828.71,265224.73
2014-02-19,94828.84,263468.46
2014-02-20,94828.99,265023.19
2014-02-21,94829.12,264720.88
2014-02-24,94829.51,266189.23
2014-02-25,94829.64,266088.45
2014-02-26,94829.77,266102.86
2014-02-27,94829.90,267499.24
2014-02-28,94830.01,268175.81
2014-03-03,94830.40,266289.99
2014-03-04,94830.53,270032.86
2014-03-05,94830.66,270277.58
2014-03-06,94830.81,270896.58
2014-03-07,94830.94,271011.75
2014-03-10,94831.41,270867.81
2014-03-11,94831.54,269529.00
2014-03-12,94831.67,269600.99
2014-03-13,94831.80,266577.90
2014-03-14,94727.43,265829.34
2014-03-17,94957.81,268233.41
2014-03-18,95072.96,270148.03
2014-03-19,94951.45,268708.47
2014-03-20,94951.60,270277.58
2014-03-21,94951.76,269229.29
2014-03-24,94665.63,268115.93
2014-03-25,94601.67,269388.34
2014-03-26,94251.96,267450.82
2014-03-27,93992.00,266886.92
2014-03-28,94068.15,268202.70
2014-03-31,94665.29,270400.48
2014-04-01,95076.19,272193.42
2014-04-02,95216.85,273104.35
2014-04-03,94988.74,272742.87
2014-04-04,94988.79,269518.47
2014-04-07,94790.58,266539.89
2014-04-08,95118.53,267638.80
2014-04-09,96404.43,270516.15
2014-04-10,94808.75,264833.72
2014-04-11,94518.49,262447.95
2014-04-14,94277.94,264515.62
2014-04-15,93539.97,266337.46
2014-04-16,93540.07,269128.09
2014-04-17,93540.17,269504.02
2014-04-21,93540.48,270443.85
2014-04-22,93540.58,271672.89
2014-04-23,93540.66,271036.68
2014-04-24,93540.71,271586.14
2014-04-25,93540.73,269359.42
2014-04-28,93540.96,270212.52
2014-04-29,93541.04,271470.46
2014-04-30,93541.09,272280.17
2014-05-01,93541.17,272309.09
2014-05-02,93541.25,271918.69
2014-05-05,93541.40,272439.22
2014-05-06,93541.48,270067.92
2014-05-07,93541.55,271658.44
2014-05-08,93541.63,271369.24
2014-05-09,93541.71,271774.11
2014-05-12,93541.94,274420.12
2014-05-13,93542.02,274665.94
2014-05-14,93542.09,273364.61
2014-05-15,93542.17,270964.38
2014-05-16,93542.25,271904.24
2014-05-19,93542.48,272901.92
2014-05-20,93542.55,271181.28
2014-05-21,93542.63,273465.83
2014-05-22,93542.73,274130.94
2014-05-23,93542.81,275229.85
2014-05-27,93543.22,276921.57
2014-05-28,93543.32,276719.14
2014-05-29,93543.43,278150.58
2014-05-30,93543.53,278598.81
2014-06-02,93543.84,278916.91
2014-06-03,93543.94,278772.33
2014-06-04,93544.04,279336.24
2014-06-05,93544.14,281158.08
2014-06-06,93544.25,282502.80
2014-06-09,93544.55,282791.98
2014-06-10,93544.66,282820.90
2014-06-11,93544.76,281837.67
2014-06-12,93544.86,279842.30
2014-06-13,93544.96,280695.40
2014-06-16,93545.27,280926.73
2014-06-17,93545.37,281707.54
2014-06-18,93545.48,283775.19
2014-06-19,93545.55,284093.29
2014-06-20,93545.60,284670.08
2014-06-23,93545.76,284582.91
2014-06-24,93545.83,282868.54
2014-06-25,93545.91,284147.05
2014-06-26,93545.99,283943.66
2014-06-27,93546.09,284495.74
2014-06-30,93546.32,284350.45
2014-07-01,93546.42,286253.67
2014-07-02,93546.47,286544.24
2014-07-03,93546.53,287953.50
2014-07-07,93546.63,286951.03
2014-07-08,93546.73,285105.94
2014-07-09,93546.81,286384.42
2014-07-10,93546.89,285251.21
2014-07-11,93610.57,285643.48
2014-07-14,93715.28,287081.80
2014-07-15,93660.61,286544.24
2014-07-16,93660.66,287604.83
2014-07-17,93660.71,284335.93
2014-07-18,93957.30,287241.62
2014-07-21,93879.65,286704.05
2014-07-22,93917.31,287953.50
2014-07-23,93869.20,288592.75
2014-07-24,93869.28,288607.27
2014-07-25,94043.32,287256.14
2014-07-28,94012.84,287372.37
2014-07-29,93954.50,286137.44
2014-07-30,93954.55,286181.03
2014-07-31,93954.65,280529.47
2014-08-01,93954.73,279672.29
2014-08-04,93954.96,281691.75
2014-08-05,93955.06,278960.39
2014-08-06,93955.14,279047.58
2014-08-07,93856.25,277536.61
2014-08-08,94181.35,280747.41
2014-08-11,94490.68,281560.99
2014-08-12,94430.13,281168.72
2014-08-13,94530.81,283071.94
2014-08-14,94560.24,284408.55
2014-08-15,94500.41,284350.45
2014-08-18,94500.64,286733.11
2014-08-19,94500.72,288229.54
2014-08-20,94500.80,288999.54
2014-08-21,94500.90,289842.20
2014-08-22,94477.67,289391.82
2014-08-25,94411.26,290859.18
2014-08-26,94501.62,291048.06
2014-08-27,94473.82,290931.83
2014-08-28,94473.93,290772.01
2014-08-29,94474.00,291600.15
2014-09-02,94474.32,291454.85
2014-09-03,94474.39,291295.04
2014-09-04,94474.47,290873.72
2014-09-05,94474.55,292181.27
2014-09-08,94474.78,291425.79
2014-09-09,94474.83,289580.69
2014-09-10,94474.88,290670.33
2014-09-11,94474.94,291004.47
2014-09-12,94474.99,289304.65
2014-09-15,94475.14,289086.71
2014-09-16,94475.20,291265.98
2014-09-17,94475.25,291658.25
2014-09-18,94412.93,293212.80
2014-09-19,94304.09,292948.59
2014-09-22,94304.25,290686.16
2014-09-23,94212.90,289022.17
2014-09-24,94197.79,291284.61
2014-09-25,93860.16,286584.59
2014-09-26,94032.96,288861.61
2014-09-29,93738.16,288336.14
2014-09-30,93790.31,287577.15
2014-10-01,93790.13,283679.93
2014-10-02,93764.04,283723.72
2014-10-03,93715.71,286847.33
2014-10-06,93726.66,286511.60
2014-10-07,93778.18,282088.91
2014-10-08,94703.76,287022.48
2014-10-09,92933.65,281329.92
2014-10-10,92872.34,278118.70
2014-10-13,92872.42,273550.06
2014-10-14,92872.44,273973.35
2014-10-15,92872.49,272119.61
2014-10-16,92872.54,271886.08
2014-10-17,92872.62,275097.27
2014-10-20,92872.77,277768.41
2014-10-21,92872.82,283271.23
2014-10-22,92872.87,281256.93
2014-10-23,92872.92,284526.50
2014-10-24,92872.95,286715.95
2014-10-27,92873.03,286321.86
2014-10-28,92873.08,289606.04
2014-10-29,92873.13,289168.15
2014-10-30,92873.20,291021.89
2014-10-31,92873.23,294349.85
2014-11-03,92873.31,294510.41
2014-11-04,92873.36,293488.67
2014-11-05,92873.43,295342.39
2014-11-06,92873.51,296524.69
2014-11-07,92873.59,296802.03
2014-11-10,92873.81,297736.19
2014-11-11,92873.87,298028.11
2014-11-12,92873.92,297707.02
2014-11-13,92873.97,298042.73
2014-11-14,92874.02,298115.71
2014-11-17,92874.17,298305.45
2014-11-18,92874.25,300027.83
2014-11-19,92874.30,299546.15
2014-11-20,92874.32,300071.62
2014-11-21,92874.37,301677.20
2014-11-24,92874.45,302523.79
2014-11-25,92874.50,302304.85
2014-11-26,92874.55,303078.46
2014-11-28,92874.65,302436.22
2014-12-01,92874.81,300334.34
2014-12-02,92800.47,302275.66
2014-12-03,92848.93,303443.37
2014-12-04,92879.74,303107.66
2014-12-05,92774.50,303603.93
2014-12-08,92774.65,301575.04
2014-12-09,92774.73,301370.69
2014-12-10,92774.83,296539.30
2014-12-11,92674.90,298042.73
2014-12-12,92321.16,293225.93
2014-12-15,92321.31,291211.63
2014-12-16,91408.15,288876.22
2014-12-17,92787.95,294539.59
2014-12-18,94119.15,301823.17
2014-12-19,94204.14,303107.41
2014-12-22,94814.05,304501.71
2014-12-23,95174.51,304912.66
2014-12-24,95148.59,304942.02
2014-12-26,95333.37,305925.37
2014-12-29,95305.19,306336.32
2014-12-30,95305.26,304692.52
2014-12-31,95305.34,301669.06
2015-01-02,95305.55,301507.61
2015-01-05,95305.71,296062.49
2015-01-06,95063.50,293273.89
2015-01-07,95266.11,296928.42
2015-01-08,95515.46,302197.43
2015-01-09,95351.23,299775.75
2015-01-12,95351.39,297427.43
2015-01-13,95351.46,296590.86
2015-01-14,95351.54,294800.28
2015-01-15,95351.65,292099.73
2015-01-16,95351.73,295930.41
2015-01-20,95352.04,296561.50
2015-01-21,95352.12,298058.55
2015-01-22,95352.20,302490.98
2015-01-23,95352.27,300832.49
2015-01-26,95352.43,301536.97
2015-01-27,95352.51,297559.54
2015-01-28,95352.56,293743.54
2015-01-29,95521.09,296458.77
2015-01-30,95259.27,292730.83
2015-02-02,95453.15,296356.03
2015-02-03,95765.65,300641.68
2015-02-04,95717.62,299496.88
2015-02-05,95909.93,302520.32
2015-02-06,96062.19,301683.75
2015-02-09,95955.51,300333.48
2015-02-10,95955.53,303533.03
2015-02-11,95955.56,303709.15
2015-02-12,95955.59,306629.86
2015-02-13,95955.64,307892.07
2015-02-17,95955.74,308376.41
2015-02-18,95955.80,308405.77
2015-02-19,95955.85,308185.61
2015-02-20,95955.90,310034.91
2015-02-23,95956.06,309990.88
2015-02-24,95956.11,310871.48
2015-02-25,95956.16,310607.31
2015-02-26,95956.22,310240.39
2015-02-27,95956.30,309183.65
2015-03-02,95956.45,311135.68
2015-03-03,95956.51,309858.77
2015-03-04,95956.56,308552.53
2015-03-05,95956.58,308890.11
2015-03-06,95956.64,304545.74
2015-03-09,95956.72,305807.95
2015-03-10,95956.77,300847.15
2015-03-11,95946.67,300142.67
2015-03-12,97058.49,303958.67
2015-03-13,96199.14,302094.70
2015-03-16,97236.89,306130.85
2015-03-17,96798.66,305220.89
2015-03-18,97204.24,308890.11
2015-03-19,97023.49,307481.12
2015-03-20,97197.54,310195.21
2015-03-23,97165.66,309590.76
2015-03-24,97165.74,307851.17
2015-03-25,97165.79,303339.97
2015-03-26,97117.47,302617.60
2015-03-27,97180.98,303310.50
2015-03-30,97702.08,307010.84
2015-03-31,97353.99,304327.71
2015-04-01,97291.80,303251.52
2015-04-02,97291.88,304342.46
2015-04-06,97292.09,306391.66
2015-04-07,97292.17,305580.82
2015-04-08,97292.23,306612.79
2015-04-09,97292.31,307969.09
2015-04-10,97292.39,309649.72
2015-04-13,97292.55,308249.20
2015-04-14,97292.63,308838.91
2015-04-15,97292.68,310224.67
2015-04-16,97292.73,310136.22
2015-04-17,97292.79,306568.56
2015-04-20,97292.87,309369.63
2015-04-21,97292.95,309001.07
2015-04-22,97293.03,310519.54
2015-04-23,97293.11,311300.89
2015-04-24,97293.19,312023.25
2015-04-27,97517.79,310725.93
2015-04-28,97683.83,311713.67
2015-04-29,97501.17,310431.09
2015-04-30,97501.19,307320.44
2015-05-01,97543.56,310652.22
2015-05-04,97624.35,311536.77
2015-05-05,97540.66,307969.09
2015-05-06,97384.49,306701.24
2015-05-07,97453.52,307924.86
2015-05-08,97587.19,311979.02
2015-05-11,97491.30,310490.05
2015-05-12,97390.45,309561.27
2015-05-13,97213.02,309620.25
2015-05-14,97213.08,312848.84
2015-05-15,97213.10,313187.91
2015-05-18,97213.26,314160.92
2015-05-19,97213.32,314057.71
2015-05-20,97182.72,313836.58
2015-05-21,97446.20,314750.61
2015-05-22,97454.17,313998.75
2015-05-26,97781.26,310622.73
2015-05-27,97690.42,313571.21
2015-05-28,97521.93,313217.41
2015-05-29,97564.80,311271.40
2015-06-01,97492.78,311905.33
2015-06-02,97492.84,311595.73
2015-06-03,97492.86,312421.30
2015-06-04,97601.13,309782.42
2015-06-05,97276.18,309251.69
2015-06-08,97116.43,307349.91
2015-06-09,97080.80,307305.68
2015-06-10,97536.84,310991.29
2015-06-11,97514.46,311993.78
2015-06-12,97406.95,309605.49
2015-06-15,97407.11,308278.69
2015-06-16,97384.36,309959.32
2015-06-17,97498.22,310460.56
2015-06-18,97673.75,313689.15
2015-06-19,97565.26,312296.62
2015-06-22,97565.34,313896.55
2015-06-23,97565.36,314118.75
2015-06-24,97565.39,311837.39
2015-06-25,97407.00,310889.28
2015-06-26,97309.45,310830.04
2015-06-29,97337.90,304311.81
2015-06-30,96838.94,304948.83
2015-07-01,96897.62,307393.15
2015-07-02,96934.43,307111.68
2015-07-06,96076.80,306237.65
2015-07-07,96076.85,308163.49
2015-07-08,96076.90,302993.35
2015-07-09,96076.95,303541.47
2015-07-10,96077.03,307363.51
2015-07-13,96077.11,310755.96
2015-07-14,96077.16,312104.03
2015-07-15,96077.19,312000.34
2015-07-16,96077.24,314503.93
2015-07-17,96077.30,314770.58
2015-07-20,96077.53,314933.53
2015-07-21,96077.64,313689.15
2015-07-22,96077.72,313126.21
2015-07-23,96077.82,311363.32
2015-07-24,96077.90,308133.85
2015-07-27,96078.22,306341.34
2015-07-28,96212.32,310104.14
2015-07-29,96569.43,312237.37
2015-07-30,96263.35,312311.45
2015-07-31,96366.23,311837.39
2015-08-03,96235.30,310785.57
2015-08-04,96072.68,310178.21
2015-08-05,95975.73,311200.39
2015-08-06,95975.94,308652.36
2015-08-07,95976.04,308059.78
2015-08-10,95976.52,311941.10
2015-08-11,95976.83,309126.40
2015-08-12,95977.10,309496.75
2015-08-13,95977.36,309111.59
2015-08-14,95977.62,310237.46
2015-08-17,95978.33,311970.71
2015-08-18,95978.60,311067.05
2015-08-19,95978.78,308607.92
2015-08-20,95978.91,302163.76
2015-08-21,95978.96,293067.89
2015-08-24,95979.20,280727.72
2015-08-25,95979.36,277424.17
2015-08-26,95992.11,288075.54
2015-08-27,96210.11,295201.13
2015-08-28,95935.08,295215.93
2015-08-31,95935.55,292830.86
2015-09-01,95935.76,284090.53
2015-09-02,95935.84,289482.87
2015-09-03,95935.92,289690.27
2015-09-04,95935.97,285305.28
2015-09-08,95936.18,292475.31
2015-09-09,95936.34,288564.38
2015-09-10,95936.42,290134.70
2015-09-11,95936.47,291453.16
2015-09-14,95936.79,290371.71
2015-09-15,95936.97,294001.19
2015-09-16,95937.16,296549.20
2015-09-17,95937.31,295882.56
2015-09-18,95937.34,291047.41
2015-09-21,95937.26,292551.43
2015-09-22,95937.29,288754.19
2015-09-23,95937.26,288292.56
2015-09-24,95937.29,287250.17
2015-09-25,95937.31,287175.73
2015-09-28,95937.24,279968.40
2015-09-29,95750.33,280132.20
2015-09-30,96173.60,285359.01
2015-10-01,96258.60,286103.56
2015-10-02,95939.45,290377.32
2015-10-05,95939.45,295544.54
2015-10-06,95939.47,294531.93
2015-10-07,95939.47,296944.32
2015-10-08,95939.47,299624.73
2015-10-09,95939.45,299803.41
2015-10-12,95939.53,300086.35
2015-10-13,95939.55,298195.17
2015-10-14,95939.58,296765.61
2015-10-15,95939.58,301322.32
2015-10-16,95939.61,302692.30
2015-10-19,95939.68,302841.20
2015-10-20,95939.74,302454.03
2015-10-21,95939.79,300577.76
2015-10-22,95939.82,305655.62
2015-10-23,95939.82,309006.13
2015-10-26,95939.90,308246.69
2015-10-27,95939.95,307651.05
2015-10-28,95940.03,311150.46
2015-10-29,95940.13,310971.77
2015-10-30,95940.32,309631.55
2015-11-02,95940.95,313294.79
2015-11-03,95941.16,314203.15
2015-11-04,95877.04,313250.11
2015-11-05,95799.92,312937.39
2015-11-06,95800.05,312773.59
2015-11-09,95800.68,309854.93
2015-11-10,95801.05,310569.70
2015-11-11,95801.39,309348.64
2015-11-12,95801.73,305030.20
2015-11-13,95802.10,301605.23
2015-11-16,96076.96,306191.70
2015-11-17,96036.50,305968.35
2015-11-18,96697.01,310822.85
2015-11-19,96689.61,310554.82
2015-11-20,97010.37,311686.54
2015-11-23,97122.52,311329.17
2015-11-24,96851.19,311746.12
2015-11-25,96851.61,311701.44
2015-11-27,96852.62,312058.82
2015-11-30,96825.07,310763.30
2015-12-01,96891.78,313726.62
2015-12-02,96703.21,310525.03
2015-12-03,96783.98,306176.82
2015-12-04,97381.49,312148.16
2015-12-07,97196.00,310257.00
2015-12-08,97169.75,308172.23
2015-12-09,97174.80,305774.75
2015-12-10,97004.66,306563.98
2015-12-11,97005.30,300622.43
2015-12-14,97056.01,302141.31
2015-12-15,97150.00,305313.13
2015-12-16,97622.50,309780.47
2015-12-17,96957.76,305059.98
2015-12-18,96969.13,299625.33
2015-12-21,97037.29,302096.98
2015-12-22,97870.25,304838.28
2015-12-23,99567.13,308613.19
2015-12-24,99272.90,308103.86
2015-12-28,98618.36,307399.83
2015-12-29,98618.98,310680.38
2015-12-30,98619.60,308478.36
2015-12-31,98620.17,305392.53
2016-01-04,98621.90,301123.31
2016-01-05,98549.10,301632.61
2016-01-06,98253.07,297827.76
2016-01-07,97767.31,290682.41
2016-01-08,97257.91,287491.71
2016-01-11,97208.70,287776.33
2016-01-12,97209.26,290098.20
2016-01-13,97209.82,282862.97
2016-01-14,97227.05,287506.68
2016-01-15,96889.83,281335.02
2016-01-19,96892.27,281709.52
2016-01-20,96892.96,278099.39
2016-01-21,96893.65,279657.30
2016-01-22,96894.40,285394.55
2016-01-25,96896.79,281080.37
2016-01-26,96897.61,284915.19
2016-01-27,96898.43,281814.39
2016-01-28,96899.28,283282.40
2016-01-29,96900.18,290188.07
2016-02-01,96902.73,290083.20
2016-02-02,96903.66,284855.28
2016-02-03,96904.56,286562.97
2016-02-04,96905.44,287012.37
2016-02-05,96906.21,281544.74
2016-02-08,96908.52,277754.86
2016-02-09,96552.76,277769.83
2016-02-10,96490.59,277530.17
2016-02-11,95437.09,273920.04
2016-02-12,95852.65,279567.42
2016-02-16,96680.67,284286.04
2016-02-17,97313.07,288929.78
2016-02-18,97119.62,287746.36
2016-02-19,96856.00,287611.55
2016-02-22,96858.38,291775.92
2016-02-23,96859.26,288090.91
2016-02-24,96860.11,289409.12
2016-02-25,96860.99,292914.38
2016-02-26,96861.83,292240.29
2016-02-29,96864.38,289948.39
2016-03-01,96865.26,296764.19
2016-03-02,96866.13,298097.39
2016-03-03,96867.06,299265.81
2016-03-04,96867.78,300239.48
2016-03-07,96870.01,300479.16
2016-03-08,96870.86,297198.59
2016-03-09,96871.63,298666.63
2016-03-10,96872.42,298906.28
2016-03-11,96873.25,303729.77
2016-03-14,96849.18,303340.31
2016-03-15,96867.48,302845.97
2016-03-16,96810.73,304598.60
2016-03-17,96811.55,306531.00
2016-03-18,96812.32,307735.57
2016-03-21,96814.63,308172.21
2016-03-22,96815.45,308006.58
2016-03-23,96816.25,305973.90
2016-03-24,96817.04,305838.37
2016-03-28,96820.12,306019.07
2016-03-29,96820.89,308849.77
2016-03-30,96821.50,310204.92
2016-03-31,96822.03,309452.07
2016-04-01,96822.59,311560.04
2016-04-04,96824.42,310551.22
2016-04-05,96825.03,307449.48
2016-04-06,97048.11,310807.19
2016-04-07,96770.93,307088.10
2016-04-08,97130.36,307916.24
2016-04-11,97142.00,307193.51
2016-04-12,97426.94,310054.34
2016-04-13,97735.56,313186.20
2016-04-14,97800.39,313201.25
2016-04-15,97768.28,312854.95
2016-04-18,97770.05,315053.28
2016-04-19,97770.64,316047.03
2016-04-20,97771.20,316348.19
2016-04-21,97771.82,314646.74
2016-04-22,97772.43,314646.74
2016-04-25,97774.28,314104.68
2016-04-26,97774.95,314571.45
2016-04-27,97775.59,315218.91
2016-04-28,97454.14,312358.06
2016-04-29,97400.12,310671.68
2016-05-02,97401.88,313141.03
2016-05-03,97402.47,310415.72
2016-05-04,97403.03,308684.14
2016-05-05,97403.53,308623.93
2016-05-06,97404.07,309753.20
2016-05-09,97405.59,310009.17
2016-05-10,97406.23,313863.77
2016-05-11,97406.87,310927.65
2016-05-12,97407.56,311017.99
2016-05-13,97408.28,308307.72
2016-05-16,97642.10,311349.24
2016-05-17,97146.03,308443.25
2016-05-18,96999.91,308533.59
2016-05-19,97000.71,307464.53
2016-05-20,97004.08,309406.90
2016-05-23,96971.90,308985.30
2016-05-24,97167.80,312990.45
2016-05-25,97298.66,315113.50
2016-05-26,97244.58,315203.84
2016-05-27,97317.13,316558.99
2016-05-31,97250.05,315956.69
2016-06-01,97250.96,316604.16
2016-06-02,97251.76,317567.80
2016-06-03,97252.50,316619.20
2016-06-06,97254.82,318230.32
2016-06-07,97255.57,318727.18
2016-06-08,97256.31,319766.12
2016-06-09,97256.95,319329.47
2016-06-10,97257.62,316303.02
2016-06-13,97259.62,313863.77
2016-06-14,97260.34,313246.42
2016-06-15,97176.62,312809.78
2016-06-16,97009.96,313743.31
2016-06-17,97010.68,312574.87
2016-06-20,97012.75,314587.87
2016-06-21,97013.50,315480.85
2016-06-22,97014.21,314966.26
2016-06-23,97014.93,319067.92
2016-06-24,97015.73,307610.49
2016-06-27,97017.80,302101.23
2016-06-28,97292.33,307549.93
2016-06-29,98495.53,312786.77
2016-06-30,99138.80,317054.92
2016-07-01,99435.82,317720.88
2016-07-05,98594.62,315435.45
2016-07-06,98595.38,317327.37
2016-07-07,98596.11,317130.60
2016-07-08,98596.89,321852.81
2016-07-11,98599.08,322987.96
2016-07-12,98599.92,325333.95
2016-07-13,98600.70,325288.54
2016-07-14,98601.54,327104.78
2016-07-15,98602.38,326665.86
2016-07-18,98604.89,327543.71
2016-07-19,98605.75,327210.74
2016-07-20,98606.59,328572.91
2016-07-21,98607.45,327331.82
2016-07-22,98608.29,328799.95
2016-07-25,98610.89,327906.95
2016-07-26,98611.75,328058.31
2016-07-27,98612.59,327710.20
2016-07-28,98613.42,328088.59
2016-07-29,98614.10,328618.31
2016-08-01,98616.29,328345.89
2016-08-02,98617.07,326242.07
2016-08-03,98617.86,327195.59
2016-08-04,98618.61,327543.71
2016-08-05,98619.31,330222.65
2016-08-08,98434.99,330025.91
2016-08-09,98368.78,330222.65
2016-08-10,98369.56,329405.35
2016-08-11,98370.32,330934.01
2016-08-12,98371.07,330646.46
2016-08-15,98373.34,331599.97
2016-08-16,98374.17,329889.70
2016-08-17,98374.90,330510.23
2016-08-18,98375.71,331251.87
2016-08-19,98376.49,330767.52
2016-08-22,98378.83,330752.40
2016-08-23,98379.62,331418.36
2016-08-24,98380.42,329723.21
2016-08-25,98381.26,329496.16
2016-08-26,98382.15,328875.61
2016-08-29,98384.82,330495.10
2016-08-30,98385.71,329950.23
2016-08-31,98422.65,329011.84
2016-09-01,98326.24,329026.97
2016-09-02,98579.48,330510.23
2016-09-06,98792.04,331509.16
2016-09-07,98796.62,331478.89
2016-09-08,98646.51,330722.12
2016-09-09,98647.43,322806.35
2016-09-12,98710.51,327437.76
2016-09-13,98264.70,322730.67
2016-09-14,98273.53,322609.58
2016-09-15,98713.18,325833.41
2016-09-16,98549.12,324573.87
2016-09-19,98316.92,324634.73
2016-09-20,98392.38,324649.94
2016-09-21,98988.94,328300.78
2016-09-22,99210.95,330369.56
2016-09-23,98920.48,328559.38
2016-09-26,98921.94,325897.31
2016-09-27,98993.59,327920.48
2016-09-28,99084.40,329548.13
2016-09-29,98875.89,326566.61
2016-09-30,98876.59,329030.94
2016-10-03,98878.87,328239.92
2016-10-04,98879.74,326566.61
2016-10-05,98880.63,328011.75
2016-10-06,98881.50,328239.92
2016-10-07,98882.36,327114.24
2016-10-10,98884.96,328817.97
2016-10-11,98885.83,324665.14
2016-10-12,98886.78,325091.09
2016-10-13,98887.75,324026.25
2016-10-14,98888.54,324193.58
2016-10-17,98891.06,323067.92
2016-10-18,98891.98,325091.09
2016-10-19,98892.90,325958.15
2016-10-20,98893.82,325349.69
2016-10-21,98894.74,325501.79
2016-10-24,98897.43,326886.07
2016-10-25,98898.32,325790.82
2016-10-26,98899.24,325136.72
2016-10-27,98524.36,324269.64
2016-10-28,98126.83,323311.29
2016-10-31,98264.60,323326.52
2016-11-01,97984.47,320983.89
2016-11-02,97759.72,319052.01
2016-11-03,97760.68,317591.67
2016-11-04,97761.67,317241.80
2016-11-07,97908.65,324239.21
2016-11-08,98042.85,325699.55
2016-11-09,97466.43,329152.64
2016-11-10,97467.61,329974.06
2016-11-11,97468.86,329213.47
2016-11-14,97472.63,329472.07
2016-11-15,97474.07,332042.87
2016-11-16,97475.40,331419.18
2016-11-17,97476.63,333122.91
2016-11-18,97477.78,332377.53
2016-11-21,97481.22,334887.46
2016-11-22,97482.45,335541.58
2016-11-23,97483.74,335724.12
2016-11-25,97486.41,336971.49
2016-11-28,97490.25,335389.45
2016-11-29,97491.53,336043.57
2016-11-30,97492.82,335237.35
2016-12-01,97494.10,334005.20
2016-12-02,97545.63,334172.51
2016-12-05,97528.08,336180.47
2016-12-06,97514.83,337245.29
2016-12-07,97677.91,341656.73
2016-12-08,97462.29,342493.36
2016-12-09,97463.62,344562.16
2016-12-12,97462.73,344166.66
2016-12-13,97531.17,346463.63
2016-12-14,97402.01,343603.83
2016-12-15,97403.45,345018.52
2016-12-16,97404.79,344343.72
2016-12-19,97408.79,345093.50
2016-12-20,97410.18,346424.71
2016-12-21,97411.56,345460.74
2016-12-22,97412.93,344863.98
2016-12-23,97414.26,345368.93
2016-12-27,97419.70,346225.81
2016-12-28,97421.07,343364.43
2016-12-29,97422.45,343287.94
2016-12-30,97423.68,342033.21
2017-01-03,97429.02,344649.76
2017-01-04,97430.43,346700.15
2017-01-05,97431.82,346424.71
2017-01-06,97433.18,347664.15
2017-01-09,97437.35,346516.54
2017-01-10,97438.68,346516.54
2017-01-11,97440.04,347495.83
2017-01-12,97441.41,346623.64
2017-01-13,97442.77,347419.32
2017-01-17,97448.32,346195.20
2017-01-18,97464.33,346960.27
2017-01-19,97383.63,345674.96
2017-01-20,97474.73,346944.98
2017-01-23,97361.46,346042.18
2017-01-24,97474.71,348260.91
2017-01-25,97575.17,351275.29
2017-01-26,97591.52,350908.05
2017-01-27,97457.02,350357.20
2017-01-30,97461.10,348184.39
2017-01-31,97462.46,348153.79
2017-02-01,97463.85,348291.49
2017-02-02,97465.19,348521.03
2017-02-03,97466.55,350923.34
2017-02-06,97470.55,350295.98
2017-02-07,97471.97,350311.29
2017-02-08,97460.52,350770.34
2017-02-09,97674.60,352851.34
2017-02-10,97820.33,354243.75
2017-02-13,97747.43,356171.75
2017-02-14,97748.82,357594.77
2017-02-15,97750.27,359461.55
2017-02-16,97751.69,359155.53
2017-02-17,97753.08,359721.67
2017-02-21,97758.65,361863.89
2017-02-22,97760.07,361542.55
2017-02-23,97761.47,361787.38
2017-02-24,97762.83,362246.43
2017-02-27,97766.93,362812.57
2017-02-28,97768.27,361833.28
2017-03-01,97769.69,366898.06
2017-03-02,97771.35,364587.55
2017-03-03,97773.12,364817.06
2017-03-06,97778.74,363730.67
2017-03-07,97780.70,362644.26
2017-03-08,97782.71,361970.99
2017-03-09,97784.64,362430.04
2017-03-10,97786.57,363700.06
2017-03-13,97792.43,363883.67
2017-03-14,97794.52,362491.23
2017-03-15,97796.59,365628.03
2017-03-16,97798.51,364908.86
2017-03-17,97800.44,364268.02
2017-03-20,97806.23,363868.46
2017-03-21,97808.24,359196.57
2017-03-22,97775.53,360041.82
2017-03-23,97730.38,359657.62
2017-03-24,97622.93,359396.36
2017-03-27,97629.10,359027.52
2017-03-28,97631.16,361640.10
2017-03-29,97633.22,361978.18
2017-03-30,97635.28,363130.78
2017-03-31,97637.34,362285.56
2017-04-03,97643.36,361655.46
2017-04-04,97645.45,361885.98
2017-04-05,97647.53,360810.22
2017-04-06,97649.65,361824.51
2017-04-07,97651.73,361455.67
2017-04-10,97658.24,361670.82
2017-04-11,97660.40,361240.52
2017-04-12,97662.57,359657.62
2017-04-13,97664.71,357321.67
2017-04-17,97918.68,360487.50
2017-04-18,97739.23,359411.72
2017-04-19,97683.32,358750.91
2017-04-20,98035.30,361670.82
2017-04-21,97677.98,360518.22
2017-04-24,98382.63,364483.17
2017-04-25,98727.22,366603.97
2017-04-26,98617.34,366373.43
2017-04-27,98619.56,366680.81
2017-04-28,98621.72,365881.67
2017-05-01,98628.12,366803.73
2017-05-02,98630.34,366942.06
2017-05-03,98632.53,366496.38
2017-05-04,98634.80,366926.68
2017-05-05,98637.07,368371.28
2017-05-08,98644.20,368309.82
2017-05-09,98646.64,367971.72
2017-05-10,98649.07,368632.53
2017-05-11,98651.47,367879.51
2017-05-12,98653.83,367264.78
2017-05-15,98660.80,369293.37
2017-05-16,98663.20,368955.27
2017-05-17,98665.61,362408.51
2017-05-18,98552.88,363868.46
2017-05-19,98840.93,366235.13
2017-05-22,99070.99,368094.67
2017-05-23,99050.39,368909.17
2017-05-24,99065.01,369769.77
2017-05-25,99079.66,371537.09
2017-05-26,99009.84,371460.26
2017-05-30,99019.82,371137.53
2017-05-31,99022.32,371045.32
2017-06-01,99024.92,373995.98
2017-06-02,99027.53,375240.78
2017-06-05,99035.34,374964.17
2017-06-06,99037.92,373765.47
2017-06-07,99040.52,374457.02
2017-06-08,99043.18,374641.43
2017-06-09,99045.87,374072.82
2017-06-12,99053.93,373995.98
2017-06-13,99056.56,375824.77
2017-06-14,99059.25,375348.37
2017-06-15,99061.93,374626.07
2017-06-16,99064.65,374707.91
2017-06-19,99072.87,377827.40
2017-06-20,99075.61,375279.29
2017-06-21,99078.33,375186.64
2017-06-22,99000.12,375016.77
2017-06-23,99130.98,375464.62
2017-06-26,99095.28,375711.69
2017-06-27,99067.47,372684.89
2017-06-28,99174.47,376020.57
2017-06-29,99218.59,372715.78
2017-06-30,99307.69,373410.71
2017-07-03,99364.35,374043.88
2017-07-05,99370.01,374908.68
2017-07-06,99372.81,371480.34
2017-07-07,99423.65,373889.44
2017-07-10,99398.86,374290.95
2017-07-11,99299.65,374012.98
2017-07-12,99302.45,376823.59
2017-07-13,99305.26,377456.76
2017-07-14,99308.06,379217.25
2017-07-17,99316.38,379170.93
2017-07-18,99319.24,379371.69
2017-07-19,99322.10,381425.61
2017-07-20,99325.06,381595.48
2017-07-21,99328.14,381255.73
2017-07-24,99337.45,381163.08
2017-07-25,99340.58,382089.64
2017-07-26,99343.73,382105.08
2017-07-27,99346.75,381749.90
2017-07-28,99349.72,381302.06
2017-07-31,99358.38,381085.86
2017-08-01,99361.24,381935.23
2017-08-02,99364.12,382120.54
2017-08-03,99367.01,381379.28
2017-08-04,99369.89,382074.21
2017-08-07,99378.55,382784.57
2017-08-08,99381.30,381842.55
2017-08-09,99384.13,381827.12
2017-08-10,99386.96,376437.52
2017-08-11,99175.30,376993.46
2017-08-14,99652.05,380730.66
2017-08-15,99540.13,380684.33
2017-08-16,99739.84,381348.39
2017-08-17,99454.95,375402.84
2017-08-18,99361.23,374816.02
2017-08-21,99309.27,375109.42
2017-08-22,99311.96,379031.94
2017-08-23,99314.66,377672.96
2017-08-24,99317.32,376792.72
2017-08-25,99291.05,377672.96
2017-08-28,99198.13,377688.41
2017-08-29,99200.77,378120.82
2017-08-30,99203.51,379912.18
2017-08-31,99206.26,382197.76
2017-09-01,99208.95,382738.24
2017-09-05,99219.82,379989.40
2017-09-06,99164.61,381286.60
2017-09-07,99045.76,381240.28
2017-09-08,99048.56,380792.44
2017-09-11,99056.86,384853.95
2017-09-12,99059.69,386151.15
2017-09-13,99062.45,386336.46
2017-09-14,99065.22,386212.91
2017-09-15,99068.02,386732.83
2017-09-18,99076.40,387555.36
2017-09-19,99079.23,387943.35
2017-09-20,99082.02,388083.02
2017-09-21,99084.79,387043.21
2017-09-22,99087.56,387120.82
2017-09-25,99183.77,386329.30
2017-09-26,99232.26,386562.11
2017-09-27,99148.44,388067.51
2017-09-28,99151.29,388533.10
2017-09-29,99154.12,389898.81
2017-10-02,99162.59,391590.47
2017-10-03,99165.31,392428.51
2017-10-04,99168.16,392894.11
2017-10-05,99171.04,395222.05
2017-10-06,99173.90,394771.97
2017-10-09,99182.46,394120.15
2017-10-10,99256.37,395159.96
2017-10-11,99298.06,395780.75
2017-10-12,99382.75,395191.00
2017-10-13,99420.88,395672.10
2017-10-16,99387.65,396199.77
2017-10-17,99390.62,396479.13
2017-10-18,99393.53,396867.12
2017-10-19,99396.45,396975.75
2017-10-20,99399.39,399024.32
2017-10-23,99408.29,397472.36
2017-10-24,99411.24,398170.76
2017-10-25,99414.23,396199.77
2017-10-26,99181.13,396711.91
2017-10-27,99027.97,399955.50
2017-10-30,99219.23,398465.64
2017-10-31,99227.88,399086.41
2017-11-01,99316.85,399614.07
2017-11-02,99405.41,399769.28
2017-11-03,99461.11,401103.99
2017-11-06,99495.17,401724.76
2017-11-07,99681.54,401445.42
2017-11-08,99875.87,402128.24
2017-11-09,99678.33,400669.44
2017-11-10,99882.60,400545.26
2017-11-13,100004.19,400917.71
2017-11-14,100076.51,399986.57
2017-11-15,99909.76,397984.53
2017-11-16,99913.12,401367.79
2017-11-17,99916.55,400188.29
2017-11-20,99926.89,400871.16
2017-11-21,99930.40,403493.97
2017-11-22,99933.90,403137.05
2017-11-24,99940.86,404068.19
2017-11-27,99951.21,403866.47
2017-11-28,99954.63,407963.62
2017-11-29,99958.13,407715.30
2017-11-30,99961.61,411284.84
2017-12-01,99965.04,410431.23
2017-12-04,99975.31,409934.64
2017-12-05,99978.81,408460.26
2017-12-06,99982.32,408537.84
2017-12-07,99950.28,409825.99
2017-12-08,100178.88,412060.82
2017-12-11,100285.21,413302.37
2017-12-12,100086.15,414031.79
2017-12-13,100089.77,413985.23
2017-12-14,100093.28,412293.60
2017-12-15,100096.84,415726.94
2017-12-18,100107.45,418363.16
2017-12-19,100111.18,416756.47
2017-12-20,100114.89,416538.06
2017-12-21,100189.24,417395.98
2017-12-22,100218.75,417286.83
2017-12-26,100288.16,416787.65
2017-12-27,100546.12,416990.44
2017-12-28,100532.07,417848.37
2017-12-29,100566.35,416272.86
2018-01-02,100500.12,419252.26
2018-01-03,100504.03,421904.10
2018-01-04,100507.85,423682.35
2018-01-05,100511.68,426505.80
2018-01-08,100523.00,427285.74
2018-01-09,100526.94,428252.87
2018-01-10,100530.85,427597.69
2018-01-11,100534.70,430717.48
2018-01-12,100538.59,433525.31
2018-01-16,100554.12,432043.40
2018-01-17,100558.06,436161.49
2018-01-18,100561.98,435428.38
2018-01-19,100565.92,437409.43
2018-01-22,100577.65,440965.98
2018-01-23,100581.59,441901.93
2018-01-24,100585.51,441730.32
2018-01-25,100589.39,441917.49
2018-01-26,100593.25,447033.94
2018-01-29,100604.74,444070.15
2018-01-30,100608.68,439515.29
2018-01-31,100612.60,439733.65
2018-02-01,100616.57,439234.48
2018-02-02,100620.59,429672.38
2018-02-05,100632.67,411702.39
2018-02-06,100636.77,419813.85
2018-02-07,100640.91,417536.42
2018-02-08,100645.13,401875.08
2018-02-09,100649.35,407911.86
2018-02-12,100662.00,413901.84
2018-02-13,100666.44,414931.38
2018-02-14,100670.77,420531.38
2018-02-15,100636.66,425897.42
2018-02-16,100745.84,426022.19
2018-02-20,100670.20,423354.78
2018-02-21,100674.72,421248.92
2018-02-22,100597.56,421794.89
2018-02-23,100773.74,428518.02
2018-02-26,100791.12,433494.09
2018-02-27,100754.41,428081.26
2018-02-28,100758.93,423744.76
2018-03-01,100763.43,417583.21
2018-03-02,100767.85,419735.82
2018-03-05,100781.27,424587.11
2018-03-06,100785.88,425663.44
2018-03-07,100790.44,425507.44
2018-03-08,100794.99,427566.51
2018-03-09,100799.52,435007.18
2018-03-12,100813.11,434461.21
2018-03-13,100817.75,431653.42
2018-03-14,100822.44,429438.36
2018-03-15,100827.22,428970.41
2018-03-16,100832.03,429435.57
2018-03-19,100846.53,423625.16
2018-03-20,100851.42,424345.61
2018-03-21,100856.34,423531.19
2018-03-22,100861.07,412944.12
2018-03-23,100395.18,404142.37
2018-03-26,101616.60,415199.32
2018-03-27,99275.69,408136.06
2018-03-28,99259.82,406930.10
2018-03-29,99902.74,412129.70
2018-04-02,98931.85,403234.03
2018-04-03,99380.31,408402.27
2018-04-04,100030.30,412771.82
2018-04-05,100320.14,416029.42
2018-04-06,99782.35,406757.85
2018-04-09,99796.29,408762.50
2018-04-10,99801.02,415261.98
2018-04-11,99805.70,413085.07
2018-04-12,99810.35,416483.56
2018-04-13,99815.05,415261.98
2018-04-16,99829.25,418676.15
2018-04-17,99834.06,423155.33
2018-04-18,99838.90,423468.58
2018-04-19,99843.77,421119.37
2018-04-20,99848.67,417548.53
2018-04-23,99863.27,417485.91
2018-04-24,99868.31,411863.48
2018-04-25,99873.34,412881.46
2018-04-26,99878.32,417078.70
2018-04-27,99883.22,417470.24
2018-04-30,99897.83,414259.67
2018-05-01,99902.87,414995.76
2018-05-02,99687.92,412208.03
2018-05-03,99547.37,411299.64
2018-05-04,99784.71,416624.51
2018-05-07,99925.64,418034.07
2018-05-08,100065.89,418034.07
2018-05-09,100363.91,422074.69
2018-05-10,100532.88,426021.35
2018-05-11,100522.63,427321.27
2018-05-14,100472.48,427524.88
2018-05-15,100477.71,424580.53
2018-05-16,100482.92,426365.90
2018-05-17,100295.92,426005.72
2018-05-18,100311.19,424940.71
2018-05-21,100333.59,428135.65
2018-05-22,100265.94,426945.36
2018-05-23,100271.16,428119.97
2018-05-24,100276.32,427242.94
2018-05-25,100281.46,426224.95
2018-05-29,100301.90,421322.93
2018-05-30,100335.46,426945.36
2018-05-31,100331.14,424329.94
2018-06-01,100608.40,428495.88
2018-06-04,100821.43,430531.84
2018-06-05,100746.76,430845.09
2018-06-06,100752.03,434447.19
2018-06-07,100778.71,434400.21
2018-06-08,100774.90,435684.45
2018-06-11,100708.35,436263.92
2018-06-12,100713.62,436827.75
2018-06-13,100718.83,435433.86
2018-06-14,100724.07,436530.18
2018-06-15,100729.32,435973.27
2018-06-18,100745.05,435076.55
2018-06-19,100750.32,433408.99
2018-06-20,100755.59,434148.38
2018-06-21,100760.84,431426.78
2018-06-22,100766.08,432213.36
2018-06-25,100781.73,426329.71
2018-06-26,100786.98,427273.63
2018-06-27,100792.23,423733.99
2018-06-28,100855.73,426156.69
2018-06-29,100883.09,426770.20
2018-07-02,100750.30,427682.62
2018-07-03,100755.69,426172.39
2018-07-05,100766.40,429649.08
2018-07-06,100771.70,433283.16
2018-07-09,100787.68,437184.59
2018-07-10,100793.07,438757.77
2018-07-11,100798.45,435548.48
2018-07-12,100803.78,439497.16
2018-07-13,100809.14,439843.26
2018-07-16,100825.21,439449.97
2018-07-17,100830.68,441227.66
2018-07-18,100836.15,442155.82
2018-07-19,100841.57,440488.27
2018-07-20,100846.98,439984.84
2018-07-23,100863.14,440802.92
2018-07-24,100832.23,443021.05
2018-07-25,100805.66,446796.70
2018-07-26,100753.88,445742.66
2018-07-27,100759.26,442722.19
2018-07-30,100775.49,440409.63
2018-07-31,100747.60,442580.56
2018-08-01,100545.68,441841.17
2018-08-02,100551.16,444248.17
2018-08-03,100504.30,446151.70
2018-08-06,100414.37,447787.81
2018-08-07,100419.93,449266.55
2018-08-08,100425.49,449077.77
2018-08-09,100431.04,448464.26
2018-08-10,100436.60,445459.50
2018-08-13,100453.19,443791.94
2018-08-14,100458.78,446623.63
2018-08-15,100464.40,443288.51
2018-08-16,100469.98,446875.34
2018-08-17,100475.57,448448.51
2018-08-20,100492.17,449408.17
2018-08-21,100497.76,450462.17
2018-08-22,100503.38,450194.76
2018-08-23,100509.02,449596.95
2018-08-24,100514.64,452302.81
2018-08-27,100531.57,455873.89
2018-08-28,100537.30,456094.16
2018-08-29,100543.06,458548.30
2018-08-30,100548.82,456691.92
2018-08-31,100554.52,456707.67
2018-09-04,100577.33,455921.08
2018-09-05,100583.09,454694.01
2018-09-06,100588.88,453325.36
2018-09-07,100594.64,452444.39
2018-09-10,100612.00,453230.97
2018-09-11,100617.82,454725.46
2018-09-12,100623.63,454835.59
2018-09-13,100629.48,457525.70
2018-09-14,100635.29,457604.39
2018-09-17,100626.01,455181.69
2018-09-18,100531.45,457651.58
2018-09-19,100537.31,458139.26
2018-09-20,100543.15,461851.93
2018-09-21,100549.02,461429.99
2018-09-24,100566.70,459897.11
2018-09-25,100572.71,459470.44
2018-09-26,100578.69,458095.60
2018-09-27,100512.80,459375.63
2018-09-28,100478.51,459423.04
2018-10-01,100528.32,461019.15
2018-10-02,100840.63,460750.48
2018-10-03,100661.11,461003.33
2018-10-04,100667.15,457400.26
2018-10-05,100673.16,454840.19
2018-10-08,100691.20,454840.19
2018-10-09,100697.21,454176.45
2018-10-10,100703.31,439795.77
2018-10-11,100709.46,430108.60
2018-10-12,100715.59,436082.11
2018-10-15,100734.05,433632.63
2018-10-16,100740.31,443114.39
2018-10-17,100746.55,443193.44
2018-10-18,100752.81,436793.22
2018-10-19,100759.08,436556.18
2018-10-22,100777.80,434596.63
2018-10-23,100784.15,432384.18
2018-10-24,99392.03,419283.58
2018-10-25,100918.78,426805.75
2018-10-26,98785.65,419299.35
2018-10-29,98504.71,416976.32
2018-10-30,98663.40,423155.27
2018-10-31,99126.55,427674.94
2018-11-01,99362.03,432226.19
2018-11-02,98978.15,429666.12
2018-11-05,98971.66,432036.57
2018-11-06,98964.83,434770.44
2018-11-07,98995.40,444078.40
2018-11-08,98963.41,443272.43
2018-11-09,98969.64,438942.44
2018-11-12,98988.43,430740.71
2018-11-13,98994.70,429934.75
2018-11-14,99001.04,426995.42
2018-11-15,99007.36,431451.82
2018-11-16,99013.66,432573.86
2018-11-19,99032.46,425257.09
2018-11-20,99038.81,417387.21
2018-11-21,98909.32,418809.46
2018-11-23,98780.61,416012.36
2018-11-26,99364.43,422728.61
2018-11-27,99380.74,424150.87
2018-11-28,99886.47,433917.07
2018-11-29,99825.69,432968.93
2018-11-30,99976.95,435608.00
2018-12-03,100420.44,441376.06
2018-12-04,100426.87,427074.42
2018-12-06,100439.97,426426.49
2018-12-07,100446.47,416518.07
2018-12-10,100465.87,417308.21
2018-12-11,100472.39,417403.03
2018-12-12,100478.91,419504.80
2018-12-13,100485.49,419362.58
2018-12-14,100492.05,411619.15
2018-12-17,100252.46,403543.84
2018-12-18,99983.98,403101.36
2018-12-19,99738.66,397064.63
2018-12-20,99580.81,390601.23
2018-12-21,99433.40,382597.99
2018-12-24,99452.52,372488.63
2018-12-26,99704.81,391308.56
2018-12-27,99684.78,394312.78
2018-12-28,99876.93,393804.12
2018-12-31,99752.12,397253.38
2019-01-02,99765.24,397666.65
2019-01-03,99771.71,388177.23
2019-01-04,99778.17,401179.51
2019-01-07,99797.60,404342.66
2019-01-08,99804.19,408141.60
2019-01-09,99810.78,410049.04
2019-01-10,99817.34,411495.51
2019-01-11,99823.85,411654.48
2019-01-14,99843.38,409143.00
2019-01-15,99849.94,413832.11
2019-01-16,99856.51,414833.52
2019-01-17,99863.02,417980.74
2019-01-18,99869.51,423544.07
2019-01-22,99895.33,417821.78
2019-01-23,99901.85,418696.05
2019-01-24,99908.31,418918.56
2019-01-25,99914.66,422463.21
2019-01-28,99933.87,419252.39
2019-01-29,99940.36,418696.05
2019-01-30,99946.85,425324.33
2019-01-31,99953.34,429059.71
2019-02-01,99959.81,429266.36
2019-02-04,99979.11,432286.44
2019-02-05,99985.60,434098.52
2019-02-06,99992.10,433526.27
2019-02-07,99998.59,429393.55
2019-02-08,100005.08,429918.07
2019-02-11,100024.64,430156.49
2019-02-12,100031.22,435688.04
2019-02-13,100037.74,437102.69
2019-02-14,100044.29,436133.11
2019-02-15,100050.82,440885.76
2019-02-19,100076.91,441648.75
2019-02-20,100083.52,442538.88
2019-02-21,100090.10,440965.27
2019-02-22,100096.68,443699.25
2019-02-25,100116.51,444303.23
2019-02-26,100123.15,443985.35
2019-02-27,100129.73,443794.62
2019-02-28,100136.32,442968.03
2019-03-01,100142.90,445733.84
2019-03-04,100162.57,444112.49
2019-03-05,100169.19,443508.47
2019-03-06,100175.80,440822.17
2019-03-07,100182.41,437134.51
2019-03-08,100189.00,436260.25
2019-03-11,100381.03,442586.56
2019-03-12,100488.77,444255.54
2019-03-13,100437.77,447196.17
2019-03-14,100444.37,446910.07
2019-03-15,100450.97,449118.05
2019-03-18,100470.79,450746.49
2019-03-19,100477.37,450858.25
2019-03-20,100484.00,449501.20
2019-03-21,100490.66,454578.18
2019-03-22,100497.35,445829.21
2019-03-25,100507.88,445493.96
2019-03-26,100717.65,448814.71
2019-03-27,100565.85,446467.81
2019-03-28,100572.44,448160.12
2019-03-29,100579.00,450986.00
2019-04-01,100598.42,456334.32
2019-04-02,100604.98,456557.85
2019-04-03,100611.52,457276.31
2019-04-04,100618.10,458489.63
2019-04-05,100624.69,460708.83
2019-04-08,100644.46,461060.06
2019-04-09,100651.02,458697.19
2019-04-10,100657.56,460261.80
2019-04-11,100664.12,460134.05
2019-04-12,100670.68,463247.29
2019-04-15,100690.46,462943.95
2019-04-16,100697.02,463247.29
2019-04-17,100703.59,462113.77
2019-04-18,100710.18,463023.76
2019-04-22,100736.34,463422.89
2019-04-23,100742.94,467589.84
2019-04-24,100749.56,466552.11
2019-04-25,100756.16,466264.70
2019-04-26,100762.73,468435.99
2019-04-29,100782.36,469170.38
2019-04-30,100788.96,469409.85
2019-05-01,100795.53,465881.55
2019-05-02,100802.10,464875.73
2019-05-03,100808.76,469425.83
2019-05-06,100828.48,467494.05
2019-05-07,100835.08,459687.03
2019-05-08,100841.65,459048.43
2019-05-09,100848.23,457659.46
2019-05-10,100854.80,459958.46
2019-05-13,100874.53,448399.59
2019-05-14,100881.06,452454.78
2019-05-15,100887.58,455105.01
2019-05-16,100894.13,459319.86
2019-05-17,100900.63,456350.30
2019-05-20,100920.03,453332.89
2019-05-21,100926.50,457419.99
2019-05-22,100932.97,456015.04
2019-05-23,100939.41,450443.19
2019-05-24,100629.85,451464.94
2019-05-28,100344.33,447266.08
2019-05-29,100252.36,444264.60
2019-05-30,100024.93,445477.98
2019-05-31,98843.00,439475.03
2019-06-03,98861.69,438357.50
2019-06-04,98867.92,447872.76
2019-06-05,98874.15,451752.30
2019-06-06,98880.38,454689.90
2019-06-07,98886.56,459240.00
2019-06-10,98904.68,461347.43
2019-06-11,98910.75,461235.66
2019-06-12,98916.77,460421.46
2019-06-13,98922.70,462321.28
2019-06-14,98928.50,461810.43
2019-06-17,98945.98,461986.02
2019-06-18,98951.89,466823.49
2019-06-19,98957.78,467877.20
2019-06-20,98963.55,472347.45
2019-06-21,98969.22,471660.84
2019-06-24,98986.05,471083.32
2019-06-25,98991.70,466462.96
2019-06-26,98997.31,465997.70
2019-06-27,99003.01,467650.11
2019-06-28,99008.67,470056.55
2019-07-01,99025.60,474323.96
2019-07-02,99031.46,475559.24
2019-07-03,99037.29,479361.40
2019-07-05,99049.02,478815.95
2019-07-08,99066.76,476184.94
2019-07-09,99072.76,476778.52
2019-07-10,99078.76,479056.58
2019-07-11,99084.60,480179.60
2019-07-12,99090.35,482329.34
2019-07-15,99107.45,482489.78
2019-07-16,99113.18,480933.62
2019-07-17,99118.89,477660.86
2019-07-18,99124.56,479409.53
2019-07-19,99130.02,476746.45
2019-07-22,99146.48,477917.55
2019-07-23,99152.02,481334.69
2019-07-24,99157.51,483596.75
2019-07-25,99163.08,481286.57
2019-07-26,99168.67,484511.20
2019-07-29,99185.63,483628.81
2019-07-30,99191.25,482441.66
2019-07-31,99196.80,477163.53
2019-08-01,99203.00,473008.43
2019-08-02,98610.42,469446.91
2019-08-05,98256.98,455329.19
2019-08-06,98262.36,461714.23
2019-08-07,98267.77,461986.98
2019-08-08,98273.10,471051.20
2019-08-09,98278.43,467842.62
2019-08-12,98294.27,462147.42
2019-08-13,98299.54,469334.60
2019-08-14,98304.82,455457.51
2019-08-15,98005.54,456660.73
2019-08-16,99013.80,463398.76
2019-08-19,99475.16,468981.65
2019-08-20,99339.41,465388.06
2019-08-21,99529.92,469174.21
2019-08-22,99368.18,469029.78
2019-08-23,99373.52,456981.60
2019-08-26,99276.59,462035.10
2019-08-27,99294.84,460222.25
2019-08-28,99217.79,463462.94
2019-08-29,99223.09,469382.72
2019-08-30,99228.39,469174.21
2019-09-03,99249.60,466430.84
2019-09-04,99254.87,471725.02
2019-09-05,99260.12,477789.23
2019-09-06,99265.37,478158.18
2019-09-09,99281.03,478398.87
2019-09-10,99286.25,478286.56
2019-09-11,99291.45,481687.64
2019-09-12,99296.67,483356.11
2019-09-13,99301.87,483035.24
2019-09-16,99260.72,481543.26
2019-09-17,99303.35,482762.53
2019-09-18,99237.00,483051.29
2019-09-19,99242.19,483019.18
2019-09-20,99247.33,480737.03
2019-09-23,99262.58,480624.20
2019-09-24,99267.75,476852.84
2019-09-25,99272.86,479673.31
2019-09-26,99277.90,478674.06
2019-09-27,99282.76,476095.34
2019-09-30,99297.13,478303.35
2019-10-01,99259.24,472614.07
2019-10-02,99486.46,464265.49
2019-10-03,99592.83,468069.12
2019-10-04,99777.44,474403.08
2019-10-07,99729.44,472356.19
2019-10-08,99592.32,465022.99
2019-10-09,99596.91,469439.02
2019-10-10,99601.44,472614.07
2019-10-11,99605.94,477513.64
2019-10-14,99619.45,476981.80
2019-10-15,99623.95,481704.06
2019-10-16,99628.43,480930.43
2019-10-17,99632.88,482348.73
2019-10-18,99637.33,480237.41
2019-10-21,99650.68,483493.02
2019-10-22,99655.15,481913.59
2019-10-23,99659.58,483315.76
2019-10-24,99664.00,484105.47
2019-10-25,99668.48,486087.88
2019-10-28,99681.83,488827.74
2019-10-29,99686.25,488682.69
2019-10-30,99690.62,490181.60
2019-10-31,99694.97,488876.08
2019-11-01,99699.09,493405.00
2019-11-04,99711.30,495387.35
2019-11-05,99715.40,494839.38
2019-11-06,99664.22,494952.21
2019-11-07,99523.21,496692.83
2019-11-08,99527.38,497917.73
2019-11-11,99539.81,496966.84
2019-11-12,99543.96,498014.43
2019-11-13,99548.21,498175.61
2019-11-14,99552.41,498900.84
2019-11-15,99556.61,502511.08
2019-11-18,99569.21,502881.74
2019-11-19,99573.42,502736.69
2019-11-20,99577.62,500867.12
2019-11-21,99581.82,500061.27
2019-11-22,99586.05,501173.34
2019-11-25,99598.73,505057.54
2019-11-26,99603.05,506201.83
2019-11-27,99607.33,508458.24
2019-11-29,99616.01,506572.54
2019-12-02,99628.78,502269.33
2019-12-03,99633.07,498900.84
2019-12-04,99634.67,501979.19
2019-12-05,99642.18,502881.74
2019-12-06,100216.70,507475.08
2019-12-09,100161.66,505879.52
2019-12-10,100152.47,505315.42
2019-12-11,100122.58,506749.85
2019-12-12,100491.83,511117.54
2019-12-13,100545.43,511423.76
2019-12-16,100558.16,514937.25
2019-12-17,100562.40,515050.08
2019-12-18,100566.62,515082.30
2019-12-19,100563.49,517193.62
2019-12-20,100592.52,519461.11
2019-12-23,100574.41,520254.71
2019-12-24,100483.94,520270.92
2019-12-26,100492.47,523040.46
2019-12-27,100496.74,522910.86
2019-12-30,100509.46,520027.94
2019-12-31,100513.70,521291.24
2020-01-02,100522.07,526166.32
2020-01-03,100526.23,522182.06
2020-01-06,100538.54,524174.22
2020-01-07,100542.76,522700.36
2020-01-08,100546.92,525486.11
2020-01-09,100551.08,529049.24
2020-01-10,100555.24,527526.79
2020-01-13,100567.72,531154.78
2020-01-14,100571.96,530344.97
2020-01-15,100576.20,531543.47
2020-01-16,100580.45,535965.06
2020-01-17,100584.63,537633.26
2020-01-21,100601.50,536580.47
2020-01-22,100605.72,536645.27
2020-01-23,100609.91,537260.73
2020-01-24,100614.10,532482.83
2020-01-27,100626.58,523947.45
2020-01-28,100671.98,529437.99
2020-01-29,100613.79,529000.66
2020-01-30,100019.93,530717.45
2020-01-31,100024.15,521080.73
2020-02-03,99830.28,524951.60
2020-02-04,100472.47,532952.54
2020-02-05,101131.01,539107.08
2020-02-06,101257.63,540921.09
2020-02-07,101006.05,538038.17
2020-02-10,101018.75,542054.80
2020-02-11,101023.04,542994.21
2020-02-12,101027.30,546492.59
2020-02-13,101031.59,545909.50
2020-02-14,101035.91,546784.11
2020-02-18,101053.07,545375.05
2020-02-19,101057.36,547982.62
2020-02-20,101061.65,545731.37
2020-02-21,101065.94,540111.28
2020-02-24,101078.65,522198.28
2020-02-25,99902.70,506374.55
2020-02-26,99984.81,504511.99
2020-02-27,99754.36,481853.51
2020-02-28,99758.24,479828.98
2020-03-02,99768.49,500608.70
2020-03-03,99771.50,486275.04
2020-03-04,99774.04,506714.65
2020-03-05,99775.98,489870.60
2020-03-06,99777.65,481772.50
2020-03-09,99781.34,444148.73
2020-03-10,100174.56,467131.16
2020-03-11,97184.84,444359.24
2020-03-12,95530.56,401844.21
2020-03-13,96044.36,436196.38
2020-03-16,87565.74,388466.15
2020-03-17,87566.32,409440.23
2020-03-18,87566.77,388709.08
2020-03-19,87693.33,389535.08
2020-03-20,88151.49,372748.38
2020-03-23,88191.92,363217.87
2020-03-24,91301.88,396126.60
2020-03-25,92961.11,402056.68
2020-03-26,97500.18,425532.69
2020-03-27,95488.17,412857.92
2020-03-30,97471.89,426265.78
2020-03-31,96448.68,419912.12
2020-04-01,94389.34,401014.03
2020-04-02,94389.57,410267.59
2020-04-03,94389.81,404337.50
2020-04-06,94390.58,431495.32
2020-04-07,94390.97,431935.22
2020-04-08,94391.33,446434.60
2020-04-09,94391.90,453228.16
2020-04-13,94394.49,449090.12
2020-04-14,94395.16,462335.07
2020-04-15,94395.68,452511.33
2020-04-16,94396.04,454694.38
2020-04-17,94396.40,466978.15
2020-04-20,94397.33,458750.93
2020-04-21,94397.64,444821.76
2020-04-22,94397.93,454694.38
2020-04-23,94398.24,454661.76
2020-04-24,94398.52,460999.16
2020-04-27,94399.45,467646.05
2020-04-28,94399.76,465495.62
2020-04-29,94400.05,477681.59
2020-04-30,94400.30,473234.06
2020-05-01,94400.54,460705.93
2020-05-04,94401.47,461976.66
2020-05-05,94401.80,466245.01
2020-05-06,94402.14,463084.47
2020-05-07,94248.22,468672.42
2020-05-08,94618.06,476427.17
2020-05-11,94367.87,476524.91
2020-05-12,94368.18,467027.02
2020-05-13,94368.52,458767.24
2020-05-14,94539.15,464257.45
2020-05-15,94353.02,466391.63
2020-05-18,96498.61,480597.77
2020-05-19,95840.16,475661.47
2020-05-20,96200.44,483742.01
2020-05-21,96098.84,480402.29
2020-05-22,96099.16,481314.60
2020-05-26,96100.42,487244.66
2020-05-27,96100.79,494494.38
2020-05-28,96101.18,493582.06
2020-05-29,96101.58,495781.42
2020-06-01,96102.68,497785.23
2020-06-02,96103.05,501906.97
2020-06-03,96103.45,508586.47
2020-06-04,96103.87,507250.56
2020-06-05,96104.26,520251.16
2020-06-08,96105.45,526539.68
2020-06-09,96105.90,522613.44
2020-06-10,96106.40,519697.25
2020-06-11,96106.84,489737.25
2020-06-12,95821.94,495602.19
2020-06-15,95484.55,500228.95
2020-06-16,95485.02,509857.20
2020-06-17,95485.47,507739.34
2020-06-18,95485.91,507934.83
2020-06-19,95486.33,505032.03
2020-06-22,95487.51,508271.90
2020-06-23,95487.93,510611.82
2020-06-24,95488.35,497586.77
2020-06-25,95768.14,502921.17
2020-06-26,95128.73,490976.05
2020-06-29,95120.20,498192.20
2020-06-30,95371.13,504573.81
2020-07-01,95209.77,508108.26
2020-07-02,95234.31,510906.39
2020-07-06,95591.24,518793.39
2020-07-07,95419.77,513442.66
2020-07-08,95356.47,517369.80
2020-07-09,95186.16,514424.46
2020-07-10,95186.49,519677.01
2020-07-13,95187.51,515177.15
2020-07-14,95187.88,521853.34
2020-07-15,95188.27,526647.73
2020-07-16,95188.69,524913.24
2020-07-17,95188.97,526435.00
2020-07-20,95189.83,530689.42
2020-07-21,95190.17,531818.49
2020-07-22,95190.51,534845.63
2020-07-23,95190.85,528464.01
2020-07-24,95191.16,525060.50
2020-07-27,95192.02,528889.47
2020-07-28,95192.31,525535.04
2020-07-29,95192.60,531998.46
2020-07-30,95192.88,530100.33
2020-07-31,95193.12,534289.29
2020-08-03,95193.82,538003.75
2020-08-04,95194.08,540081.85
2020-08-05,95194.32,543436.28
2020-08-06,95194.58,547068.90
2020-08-07,95194.84,547461.64
2020-08-10,95195.62,549097.96
2020-08-11,95195.91,544565.34
2020-08-12,95196.20,552157.86
2020-08-13,95196.48,551159.68
2020-08-14,95196.74,551176.06
2020-08-17,95197.53,552926.93
2020-08-18,95197.79,554121.46
2020-08-19,95198.02,551814.25
2020-08-20,95198.31,553532.36
2020-08-21,95198.60,555495.95
2020-08-24,95199.38,561124.88
2020-08-25,95199.69,563088.43
2020-08-26,95199.98,568733.73
2020-08-27,95188.83,569977.29
2020-08-28,95042.65,573659.00
2020-08-31,95043.43,571580.90
2020-09-01,95043.72,576964.39
2020-09-02,95044.03,585309.60
2020-09-03,95044.34,565166.58
2020-09-04,95044.63,560552.16
2020-09-08,95045.78,545236.23
2020-09-09,95046.11,556003.21
2020-09-10,95046.43,546348.96
2020-09-11,95046.74,546627.11
2020-09-14,95047.60,553826.88
2020-09-15,95047.88,556625.01
2020-09-16,95048.17,554415.98
2020-09-17,95048.48,549539.75
2020-09-18,95048.72,543213.07
2020-09-21,95049.50,537167.34
2020-09-22,94654.40,542638.06
2020-09-23,93653.07,530053.76
2020-09-24,93442.56,531466.60
2020-09-25,93814.06,540058.80
2020-09-28,94275.17,549028.82
2020-09-29,94093.20,546038.80
2020-09-30,94093.43,550178.85
2020-10-01,94093.69,553711.00
2020-10-02,93934.23,548453.81
2020-10-05,94478.26,558179.59
2020-10-06,94200.56,550244.53
2020-10-07,94133.51,559822.46
2020-10-08,94133.77,564783.89
2020-10-09,94134.00,569827.49
2020-10-12,94134.78,578994.65
2020-10-13,94135.03,575216.09
2020-10-14,94135.32,571601.76
2020-10-15,94135.63,570895.34
2020-10-16,94135.91,570550.36
2020-10-19,94136.76,561876.04
2020-10-20,94137.05,564126.75
2020-10-21,94137.30,563058.90
2020-10-22,94137.56,566147.44
2020-10-23,94137.79,568069.62
2020-10-26,94138.57,557571.74
2020-10-27,94138.85,555649.57
2020-10-28,94139.11,536658.06
2020-10-29,94271.85,542112.38
2020-10-30,94092.56,536460.92
2020-11-02,94727.78,542473.81
2020-11-03,94617.87,552051.69
2020-11-04,94424.75,564389.62
2020-11-05,94425.01,575396.78
2020-11-06,94425.27,575265.37
2020-11-09,94426.05,582493.96
2020-11-10,94426.33,581639.69
2020-11-11,94426.59,585960.43
2020-11-12,94426.85,580276.09
2020-11-13,94427.11,588309.72
2020-11-16,94427.80,595653.32
2020-11-17,94428.04,592449.72
2020-11-18,94428.27,585319.69
2020-11-19,94428.50,587783.99
2020-11-20,94428.68,583758.95
2020-11-23,94429.23,587258.26
2020-11-24,94429.43,596721.17
2020-11-25,94429.67,595801.17
2020-11-27,94430.13,597460.48
2020-11-30,94430.83,594815.45
2020-12-01,94431.04,601321.17
2020-12-02,94431.27,602586.21
2020-12-03,94431.50,602421.91
2020-12-04,94431.71,607613.37
2020-12-07,94432.41,606364.78
2020-12-08,94432.62,608139.10
2020-12-09,94432.85,602684.78
2020-12-10,94433.06,602487.64
2020-12-11,94433.26,601781.17
2020-12-14,94433.88,599086.90
2020-12-15,94434.12,607186.21
2020-12-16,94434.32,608139.10
2020-12-17,94434.56,611539.79
2020-12-18,94434.76,609097.99
2020-12-21,94435.39,606920.16
2020-12-22,94435.62,605897.25
2020-12-23,94435.85,606441.73
2020-12-24,94436.08,608801.03
2020-12-28,94437.02,614031.13
2020-12-29,94437.30,612859.69
2020-12-30,94437.56,613734.12
2020-12-31,94437.77,616852.39
2021-01-04,94438.70,608454.57
2021-01-05,94438.93,612645.20
2021-01-06,94439.16,616307.90
2021-01-07,94439.40,625464.70
2021-01-08,94439.63,629028.42
2021-01-11,94440.25,624788.25
2021-01-12,94440.46,624920.21
2021-01-13,94440.69,626603.11
2021-01-14,94440.92,624408.76
2021-01-15,94441.15,619855.16
2021-01-19,94410.89,624722.24
2021-01-20,94708.94,633367.58
2021-01-21,94697.44,633944.99
2021-01-22,94426.72,631701.19
2021-01-25,94427.34,634192.51
2021-01-26,94427.57,633202.58
2021-01-27,94427.75,617726.82
2021-01-28,94503.93,623039.39
2021-01-29,94079.20,610566.40
2021-02-01,94054.67,620729.59
2021-02-02,94240.03,629506.84
2021-02-03,94285.23,630001.83
2021-02-04,94305.34,637162.25
2021-02-05,94420.56,639670.03
2021-02-08,94550.91,644289.69
2021-02-09,94653.63,643860.71
2021-02-10,94693.04,643580.21
2021-02-11,94693.17,644619.63
2021-02-12,94693.30,647803.91
2021-02-16,94693.71,647242.92
2021-02-17,94693.82,647391.45
2021-02-18,94693.92,644636.15
2021-02-19,94694.00,643497.74
2021-02-22,94694.31,638548.13
2021-02-23,94694.39,639323.57
2021-02-24,94694.49,646368.49
2021-02-25,94694.57,630793.74
2021-02-26,94276.84,627543.50
2021-03-01,94656.82,642755.27
2021-03-02,94570.07,637739.71
2021-03-03,94384.92,629292.40
2021-03-04,93477.23,621505.03
2021-03-05,93631.33,632938.59
2021-03-08,93062.66,629787.34
2021-03-09,93772.77,638779.14
2021-03-10,93741.80,642755.27
2021-03-11,94244.06,649272.27
2021-03-12,94044.43,650146.70
2021-03-15,94024.71,654023.90
2021-03-16,93951.62,653198.96
2021-03-17,93780.06,655426.29
2021-03-18,93780.12,645890.06
2021-03-19,93780.14,644694.96
2021-03-22,93780.22,649842.83
2021-03-23,93780.30,644728.04
2021-03-24,93780.32,641450.59
2021-03-25,93780.37,645059.12
2021-03-26,93780.42,655454.22
2021-03-29,93780.58,655123.14
2021-03-30,93780.66,653385.13
2021-03-31,93780.71,656033.52
2021-04-01,93780.78,663118.08
2021-04-05,93780.99,672635.89
2021-04-06,93781.07,672238.64
2021-04-07,93781.12,673016.62
2021-04-08,93781.17,676211.28
2021-04-09,93781.20,681127.44
2021-04-12,93781.35,681375.77
2021-04-13,93781.40,683395.15
2021-04-14,93781.48,681061.26
2021-04-15,93781.53,688377.53
2021-04-16,93781.58,690678.38
2021-04-19,93781.73,687285.05
2021-04-20,93781.79,682253.06
2021-04-21,93922.14,688708.61
2021-04-22,93706.75,682418.55
2021-04-23,93627.77,689817.61
2021-04-26,93628.00,691257.69
2021-04-27,93628.07,691108.72
2021-04-28,93628.10,690910.09
2021-04-29,93628.13,695313.12
2021-04-30,93628.15,690744.56
2021-05-03,93628.23,692234.34
2021-05-04,93628.33,687963.71
2021-05-05,93419.57,688178.91
2021-05-06,93600.50,693674.42
2021-05-07,93756.35,698722.98
2021-05-10,93650.45,691803.95
2021-05-11,93650.50,685629.78
2021-05-12,93650.53,671063.41
2021-05-13,94177.03,679124.57
2021-05-14,94769.64,689552.76
2021-05-17,94653.90,687798.18
2021-05-18,94339.75,681872.33
2021-05-19,94339.81,680084.61
2021-05-20,94339.83,687400.93
2021-05-21,94339.86,686838.14
2021-05-24,94339.94,693839.96
2021-05-25,94339.99,692300.52
2021-05-26,94340.04,693674.42
2021-05-27,94340.09,694038.58
2021-05-28,94340.14,695280.03
2021-06-01,94340.25,694667.59
2021-06-02,94270.39,695760.03
2021-06-03,94185.49,693177.81
2021-06-04,94185.54,699517.52
2021-06-07,94185.69,698838.86
2021-06-08,94185.74,698987.82
2021-06-09,94185.80,697945.00
2021-06-10,94185.87,701189.31
2021-06-11,94185.95,702348.02
2021-06-14,94186.18,703920.55
2021-06-15,94186.26,702629.44
2021-06-16,94186.34,698706.41
2021-06-17,94216.06,698474.69
2021-06-18,94073.29,689051.98
2021-06-21,94155.11,698916.41
2021-06-22,94044.30,702652.96
2021-06-23,94015.45,701806.04
2021-06-24,94015.57,705957.76
2021-06-25,94015.70,708465.36
2021-06-28,94016.17,709893.57
2021-06-29,94016.30,710275.55
2021-06-30,94082.74,710873.37
2021-07-01,94145.55,714809.19
2021-07-02,94265.55,720272.86
2021-07-06,94357.27,718960.91
2021-07-07,94284.56,721501.75
2021-07-08,93789.64,715622.96
2021-07-09,93890.41,723262.08
2021-07-12,93969.50,725852.74
2021-07-13,93861.63,723378.34
2021-07-14,93861.76,724457.77
2021-07-15,93861.91,721983.37
2021-07-16,93437.55,716320.42
2021-07-19,93060.68,705741.86
2021-07-20,93236.27,715855.43
2021-07-21,93670.32,721651.21
2021-07-22,93399.02,723162.44
2021-07-23,93399.15,730602.33
2021-07-26,93399.54,732395.85
2021-07-27,93399.66,729057.91
2021-07-28,93399.79,728758.95
2021-07-29,93399.92,731781.41
2021-07-30,93400.07,728227.56
2021-08-02,93400.53,726699.71
2021-08-03,93400.66,732611.75
2021-08-04,93400.79,729008.09
2021-08-05,93400.92,733624.80
2021-08-06,93401.05,734837.06
2021-08-09,93401.51,734239.24
2021-08-10,93401.66,735152.60
2021-08-11,93401.79,736979.36
2021-08-12,93401.92,739188.05
2021-08-13,93402.07,740533.26
2021-08-16,93402.53,742276.96
2021-08-17,93402.68,737411.16
2021-08-18,93402.86,729340.20
2021-08-19,93403.04,730469.45
2021-08-20,93403.19,736281.85
2021-08-23,93403.58,742758.57
2021-08-24,93403.71,743937.64
2021-08-25,93403.83,745498.69
2021-08-26,93403.99,741097.88
2021-08-27,93404.12,747724.01
2021-08-30,93404.50,751012.18
2021-08-31,93404.63,749899.50
2021-09-01,93404.73,750298.05
2021-09-02,93404.86,752606.43
2021-09-03,93404.99,752423.73
2021-09-07,93405.50,749733.42
2021-09-08,93405.63,748820.06
2021-09-09,93405.75,745614.95
2021-09-10,93405.86,739736.11
2021-09-13,93409.28,741629.26
2021-09-14,93140.01,737627.06
2021-09-15,93210.56,743788.19
2021-09-16,92908.10,742609.11
2021-09-17,92908.21,735375.28
2021-09-20,92908.51,723113.50
2021-09-21,92757.87,722430.43
2021-09-22,93004.11,729477.60
2021-09-23,93255.85,738340.77
2021-09-24,93210.42,739556.97
2021-09-27,93380.11,737441.16
2021-09-28,93208.45,722580.36
2021-09-29,93192.27,723796.57
2021-09-30,92898.22,714950.08
2021-10-01,92898.32,723446.67
2021-10-04,92898.62,714117.07
2021-10-05,92898.72,721547.45
2021-10-06,92898.83,724546.24
2021-10-07,92898.93,730810.44
2021-10-08,92899.06,729477.60
2021-10-11,92899.44,724196.39
2021-10-12,92899.56,722413.75
2021-10-13,92899.72,725012.72
2021-10-14,92899.84,737207.90
2021-10-15,92899.97,742822.33
2021-10-18,92900.35,745021.47
2021-10-19,92900.51,750769.22
2021-10-20,92900.63,753718.03
2021-10-21,92900.76,755683.91
2021-10-22,92900.91,754900.88
2021-10-25,92901.37,758949.26
2021-10-26,92901.52,759632.33
2021-10-27,92901.68,756267.02
2021-10-28,92901.83,763564.13
2021-10-29,92901.98,765113.51
2021-11-01,92902.36,766429.67
2021-11-02,92902.49,769528.42
2021-11-03,92902.62,774226.57
2021-11-04,92902.75,777875.12
2021-11-05,92902.85,780574.05
2021-11-08,92903.23,781240.44
2021-11-09,92903.38,778658.15
2021-11-10,92903.48,772393.95
2021-11-11,92903.61,772643.84
2021-11-12,92903.74,778474.86
2021-11-15,92904.12,778741.43
2021-11-16,92904.25,781823.55
2021-11-17,92904.38,779924.33
2021-11-18,92778.50,782573.28
2021-11-19,92607.39,781173.84
2021-11-22,92607.77,778974.69
2021-11-23,92533.99,780007.61
2021-11-24,92403.48,782090.12
2021-11-26,92403.78,764647.03
2021-11-29,91941.92,774026.65
2021-11-30,91508.02,758965.94
2021-12-01,90357.28,750535.95
2021-12-02,91551.88,762031.39
2021-12-03,91769.17,755400.71
2021-12-06,92886.54,764347.16
2021-12-07,93763.39,780157.55
2021-12-08,93756.37,782223.38
2021-12-09,93349.28,776942.16
2021-12-10,93349.44,784255.91
2021-12-13,93349.90,777308.69
2021-12-14,93350.02,771960.77
2021-12-15,93350.15,784022.69
2021-12-16,93350.31,777108.78
2021-12-17,93350.43,768838.06
2021-12-20,93350.82,760662.69
2021-12-21,93489.32,774171.29
2021-12-22,93576.79,781912.01
2021-12-23,93671.87,786777.13
2021-12-27,93756.06,797911.72
2021-12-28,93695.44,797259.67
2021-12-29,93643.60,798279.53
2021-12-30,93660.88,796072.66
2021-12-31,93696.66,794066.41
2022-01-03,93460.83,798664.03
2022-01-04,93461.06,798396.52
2022-01-05,93461.26,783065.60
2022-01-06,93461.49,782329.98
2022-01-07,93461.75,779237.03
2022-01-10,93462.52,778267.37
2022-01-11,93462.85,785356.04
2022-01-12,93463.16,787479.28
2022-01-13,93463.46,776628.93
2022-01-14,93463.77,776946.59
2022-01-18,93465.10,763187.16
2022-01-19,93015.72,755262.57
2022-01-20,91797.58,746903.27
2022-01-21,91753.34,732241.08
2022-01-24,91615.50,735350.71
2022-01-25,91690.26,726372.83
2022-01-26,91737.14,724550.51
2022-01-27,91506.68,720972.71
2022-01-28,91527.80,738878.36
2022-01-31,92110.77,752186.35
2022-02-01,92223.87,757268.82
2022-02-02,92194.24,764624.99
2022-02-03,91948.17,746652.50
2022-02-04,91948.70,750163.41
2022-02-07,91950.44,747755.93
2022-02-08,91951.15,753908.36
2022-02-09,91951.83,764942.65
2022-02-10,91952.51,751199.96
2022-02-11,91953.54,736387.26
2022-02-14,91956.34,733979.78
2022-02-15,91957.47,745816.57
2022-02-16,91958.50,746652.50
2022-02-17,91959.48,730702.94
2022-02-18,91960.42,725971.60
2022-02-22,91963.94,718180.73
2022-02-23,91964.93,705441.17
2022-02-24,92071.08,716057.44
2022-02-25,93917.28,731856.53
2022-02-28,93316.03,729984.06
2022-03-01,92172.86,718866.20
2022-03-02,92173.66,732090.62
2022-03-03,92174.50,728445.92
2022-03-04,92175.43,722527.58
2022-03-07,92177.93,701228.05
2022-03-08,92178.89,695911.55
2022-03-09,92179.80,714569.51
2022-03-10,92180.76,711342.83
2022-03-11,92181.72,702298.07
2022-03-14,92184.67,697165.45
2022-03-15,93011.89,712496.42
2022-03-16,94285.25,728295.46
2022-03-17,94648.95,737407.12
2022-03-18,95431.96,745483.78
2022-03-21,95342.62,745265.80
2022-03-22,96005.29,753986.45
2022-03-23,95409.97,744276.30
2022-03-24,95501.47,755495.79
2022-03-25,95502.77,759185.33
2022-03-28,95506.93,764585.44
2022-03-29,95508.50,774043.99
2022-03-30,95509.97,769264.43
2022-03-31,95511.41,757424.44
2022-04-01,95512.74,759571.07
2022-04-04,95516.83,766077.99
2022-04-05,95518.58,756401.41
2022-04-06,95520.28,748837.88
2022-04-07,95522.03,752611.25
2022-04-08,95523.81,750598.82
2022-04-11,95529.23,737769.37
2022-04-12,95531.27,735035.77
2022-04-13,95533.21,743454.56
2022-04-14,95535.17,734197.24
2022-04-18,95543.34,734499.10
2022-04-19,95545.48,746355.88
2022-04-20,95547.63,745802.42
2022-04-21,95549.78,734650.03
2022-04-22,95551.92,714491.86
2022-04-25,95558.36,718634.19
2022-04-26,95430.75,697821.95
2022-04-27,95702.10,699784.07
2022-04-28,96270.45,717460.23
2022-04-29,95777.93,690946.02
2022-05-02,95650.39,695105.13
2022-05-03,95468.23,698291.52
2022-05-04,95571.48,719556.54
2022-05-05,95201.97,693981.48
2022-05-06,95204.16,689839.16
2022-05-09,95210.74,667752.39
2022-05-10,93896.14,669295.25
2022-05-11,93340.55,658662.74
2022-05-12,93160.90,657975.14
2022-05-13,93163.33,673705.91
2022-05-16,93171.06,670972.30
2022-05-17,93173.79,684774.47
2022-05-18,93176.50,657170.14
2022-05-19,93179.10,653145.22
2022-05-20,93181.76,653430.34
2022-05-23,93189.49,665656.07
2022-05-24,93192.22,660574.60
2022-05-25,93194.90,666410.72
2022-05-26,93197.58,679726.53
2022-05-27,93200.29,696413.23
2022-05-31,93211.12,692505.66
2022-06-01,93214.00,686904.31
2022-06-02,93216.86,699985.36
2022-06-03,93219.75,688497.53
2022-06-06,93228.71,690593.85
2022-06-07,93231.86,697218.18
2022-06-08,93235.02,689637.92
2022-06-09,93238.22,673236.34
2022-06-10,93241.43,653715.41
2022-06-13,93251.70,628895.04
2022-06-14,93256.02,626999.96
2022-06-15,93134.20,635938.68
2022-06-16,92873.93,614891.63
2022-06-17,92683.17,616217.16
2022-06-21,93953.03,631729.58
2022-06-22,93061.45,630584.27
2022-06-23,93065.45,636765.62
2022-06-24,92981.93,657010.86
2022-06-27,93519.50,654501.27
2022-06-28,94022.80,641127.94
2022-06-29,93722.09,640605.81
2022-06-30,93726.53,635401.34
2022-07-01,93730.80,642121.67
2022-07-05,93747.85,643334.37
2022-07-06,93752.62,645507.12
2022-07-07,93757.38,655174.98
2022-07-08,93762.23,654636.04
2022-07-11,93776.95,647157.75
2022-07-12,93693.53,641431.10
2022-07-13,93599.06,638062.51
2022-07-14,93605.03,636512.98
2022-07-15,93583.20,648673.61
2022-07-18,93640.75,643317.56
2022-07-19,94207.33,660699.47
2022-07-20,94245.58,664910.22
2022-07-21,94729.25,671681.13
2022-07-22,94641.16,665449.20
2022-07-25,94677.10,666257.69
2022-07-26,94564.38,658375.18
2022-07-27,94570.81,675470.80
2022-07-28,94576.95,683942.81
2022-07-29,94583.04,693913.83
2022-08-01,94601.23,691858.98
2022-08-02,94607.66,687294.55
2022-08-03,94614.08,698057.24
2022-08-04,94620.41,697585.63
2022-08-05,94626.66,696406.61
2022-08-08,94645.94,695598.12
2022-08-09,94652.61,692835.90
2022-08-10,94659.30,707388.21
2022-08-11,94665.94,707388.21
2022-08-12,94672.47,719363.59
2022-08-15,94692.16,722327.92
2022-08-16,94698.98,723742.78
2022-08-17,94705.76,718605.64
2022-08-18,94712.48,720694.20
2022-08-19,94719.25,711009.49
2022-08-22,94739.80,696204.50
2022-08-23,94746.91,694520.20
2022-08-24,94678.82,696743.49
2022-08-25,94885.84,706579.78
2022-08-26,94622.25,682662.73
2022-08-29,94505.01,678148.82
2022-08-30,94418.46,670704.21
2022-08-31,94213.46,665600.78
2022-09-01,94032.84,667689.35
2022-09-02,94040.25,660648.95
2022-09-06,94069.63,658156.22
2022-09-07,94077.25,669979.97
2022-09-08,94084.94,674359.15
2022-09-09,94092.59,684835.49
2022-09-12,94115.64,692195.86
2022-09-13,94148.70,662097.47
2022-09-14,94127.60,664623.91
2022-09-15,93997.24,657078.24
2022-09-16,93826.50,652065.48
2022-09-19,94043.54,657122.20
2022-09-20,93383.73,649579.39
2022-09-21,93238.89,638248.27
2022-09-22,93152.20,632887.09
2022-09-23,92944.49,622283.18
2022-09-26,92968.33,616127.13
2022-09-27,92976.73,614554.31
2022-09-28,92985.04,626646.50
2022-09-29,92993.42,613556.50
2022-09-30,92673.33,604068.74
2022-10-03,93672.66,620016.90
2022-10-04,95398.01,639229.15
2022-10-05,95006.51,637740.87
2022-10-06,94534.73,631162.07
2022-10-07,94543.33,613556.50
2022-10-10,94568.07,608871.79
2022-10-11,94411.45,605015.82
2022-10-12,94444.95,603020.20
2022-10-13,93242.16,618934.55
2022-10-14,93251.46,604829.81
2022-10-17,93279.44,620372.10
2022-10-18,93289.20,627661.24
2022-10-19,93299.14,623213.33
2022-10-20,93309.14,617987.48
2022-10-21,93319.13,633005.49
2022-10-24,93349.05,640751.24
2022-10-25,93359.28,650983.13
2022-10-26,93369.43,646078.56
2022-10-27,93379.51,642628.51
2022-10-28,93389.61,657917.08
2022-10-31,93420.24,653164.76
2022-11-01,93430.63,650306.60
2022-11-02,93441.02,633986.37
2022-11-03,93451.37,627458.30
2022-11-04,93461.76,636489.39
2022-11-07,93492.64,642577.78
2022-11-08,93503.20,646044.75
2022-11-09,93513.70,632734.89
2022-11-10,93917.59,667506.30
2022-11-11,94387.48,673966.76
2022-11-14,94100.38,668233.51
2022-11-15,94373.59,673932.90
2022-11-16,94002.47,668791.64
2022-11-17,94013.13,666745.23
2022-11-18,94023.77,669772.52
2022-11-21,94055.84,667337.16
2022-11-22,94066.74,676317.52
2022-11-23,94077.59,680579.42
2022-11-25,94099.29,680427.16
2022-11-28,94131.93,669569.58
2022-11-29,94143.02,668419.57
2022-11-30,94154.03,689475.18
2022-12-01,94165.05,688967.84
2022-12-02,94175.93,688172.97
2022-12-05,94208.60,675793.25
2022-12-06,94219.62,666051.82
2022-12-07,94230.64,664918.74
2022-12-08,94241.48,670127.66
2022-12-09,94252.25,665121.67
2022-12-12,94434.43,674710.90
2022-12-13,94595.87,679818.35
2022-12-14,94460.15,675471.91
2022-12-15,94471.10,658948.74
2022-12-16,94482.02,651169.08
2022-12-19,94514.64,645647.38
2022-12-20,94525.72,646530.89
2022-12-21,94536.73,656198.10
2022-12-22,94547.66,646836.69
2022-12-23,94558.64,650557.47
2022-12-27,94602.47,647991.99
2022-12-28,94613.75,639938.82
2022-12-29,95638.55,651457.93
2022-12-30,95501.30,649741.94
2023-01-03,94478.54,647006.60
2023-01-04,94489.93,652001.61
2023-01-05,94501.35,644560.06
2023-01-06,94870.21,659341.18
2023-01-09,95117.53,658967.40
2023-01-10,95052.82,663588.63
2023-01-11,95064.72,671981.61
2023-01-12,95076.62,674428.15
2023-01-13,95088.35,677044.60
2023-01-17,95135.34,675804.32
2023-01-18,95147.23,665134.72
2023-01-19,95153.99,660292.66
2023-01-20,95291.89,672593.27
2023-01-23,95382.68,680663.44
2023-01-24,95111.09,679932.89
2023-01-25,95122.99,680187.73
2023-01-26,95134.88,687663.24
2023-01-27,95146.74,689243.28
2023-01-30,95182.48,680595.47
2023-01-31,95336.90,690602.50
2023-02-01,95434.16,697942.07
2023-02-02,95199.33,708102.00
2023-02-03,95211.15,700575.52
2023-02-06,95246.91,696294.05
2023-02-07,95258.89,705400.63
2023-02-08,95270.87,697687.23
2023-02-09,95282.85,691638.86
2023-02-10,95248.83,693252.91
2023-02-13,95160.24,701391.00
2023-02-14,95127.76,701068.24
2023-02-15,94964.93,703344.87
2023-02-16,94977.06,693660.65
2023-02-17,95106.25,691927.71
2023-02-21,94790.60,678046.99
2023-02-22,94587.97,677112.57
2023-02-23,94522.20,680714.41
2023-02-24,94534.39,673442.77
2023-02-27,94571.07,675736.40
2023-02-28,94583.35,673238.90
2023-03-01,94595.58,670656.41
2023-03-02,94607.84,675872.30
2023-03-03,94620.12,686711.82
2023-03-06,94656.99,687187.53
2023-03-07,94669.33,676653.82
2023-03-08,94681.96,677758.20
2023-03-09,94421.00,665253.66
2023-03-10,93478.11,655654.41
2023-03-13,92937.43,654719.94
2023-03-14,92949.40,665542.51
2023-03-15,92961.39,661379.98
2023-03-16,92973.08,672984.01
2023-03-17,92984.72,665114.99
2023-03-20,93018.05,671510.49
2023-03-21,93029.90,680327.78
2023-03-22,93041.67,668730.57
2023-03-23,93053.47,670538.42
2023-03-24,93065.13,674938.50
2023-03-27,93100.08,676200.53
2023-03-28,93112.20,674682.69
2023-03-29,93124.03,684489.12
2023-03-30,93135.87,688496.98
2023-03-31,93148.12,698201.09
2023-04-03,93183.95,700861.61
2023-04-04,93196.13,696973.15
2023-04-05,93208.23,695148.29
2023-04-06,93220.28,697859.98
2023-04-10,93269.01,698576.24
2023-04-11,93281.64,698763.87
2023-04-12,93294.13,695915.72
2023-04-13,93306.58,705159.37
2023-04-14,93319.24,703436.83
2023-04-17,93357.43,705960.94
2023-04-18,93370.38,706421.40
2023-04-19,93383.27,706302.06
2023-04-20,93396.09,702447.69
2023-04-21,93408.80,702993.45
2023-04-24,93447.04,703726.79
2023-04-25,93459.94,692555.95
2023-04-26,93336.93,689622.54
2023-04-27,93981.54,703351.58
2023-04-28,94418.67,709354.81
2023-05-01,94483.70,708638.54
2023-05-02,94453.89,700673.99
2023-05-03,94568.75,695864.56
2023-05-04,94372.28,690935.78
2023-05-05,94635.89,703726.79
2023-05-08,94660.96,703914.36
2023-05-09,94487.78,700827.47
2023-05-10,94446.93,704101.99
2023-05-11,94460.08,702874.05
2023-05-12,94473.12,701953.09
2023-05-15,94512.57,704374.87
2023-05-16,94525.67,699667.77
2023-05-17,94676.67,708161.01
2023-05-18,94821.50,714982.88
2023-05-19,95000.41,713942.52
2023-05-22,94857.87,714232.47
2023-05-23,94808.33,706216.75
2023-05-24,94821.79,701100.35
2023-05-25,94767.16,707171.81
2023-05-26,94950.59,716330.16
2023-05-30,94975.97,716603.04
2023-05-31,94880.11,712629.32
2023-06-01,95449.01,719400.03
2023-06-02,96581.90,729803.39
2023-06-05,96336.48,728404.89
2023-06-06,96078.01,729990.96
2023-06-07,96091.64,727466.85
2023-06-08,96105.23,731866.99
2023-06-09,96118.71,733180.18
2023-06-12,96159.08,739831.49
2023-06-13,96172.62,744709.15
2023-06-14,96186.09,745595.98
2023-06-15,96199.52,754839.63
2023-06-16,96212.89,752268.48
2023-06-20,96266.56,748365.57
2023-06-21,96280.11,744531.15
2023-06-22,96293.70,747218.69
2023-06-23,96307.28,741569.71
2023-06-26,96348.05,738539.84
2023-06-27,96361.88,746636.69
2023-06-28,96375.58,747013.28
2023-06-29,96389.26,749957.53
2023-06-30,96402.99,758807.57
2023-07-03,96443.96,759680.61
2023-07-05,96471.49,758550.81
2023-07-06,96485.26,752610.86
2023-07-07,96635.51,750710.73
2023-07-10,96728.00,752610.86
2023-07-11,97096.86,757403.88
2023-07-12,97892.91,763497.89
2023-07-13,98463.86,769557.69
2023-07-14,98280.15,769078.38
2023-07-17,98213.91,771748.79
2023-07-18,98228.06,777483.34
2023-07-19,98242.19,779212.28
2023-07-20,98256.35,774042.60
2023-07-21,98270.51,774042.60
2023-07-24,98313.08,777500.47
2023-07-25,98327.30,779623.09
2023-07-26,98341.52,779742.93
2023-07-27,98355.75,774573.25
2023-07-28,98369.98,782156.58
2023-07-31,98412.67,783645.84
2023-08-01,98426.90,781403.38
2023-08-02,98441.11,770533.43
2023-08-03,98455.33,768325.19
2023-08-04,98469.54,764850.23
2023-08-07,98512.27,771526.25
2023-08-08,98526.55,768171.13
2023-08-09,98250.18,763035.73
2023-08-10,98178.60,763309.62
2023-08-11,98192.80,762864.54
2023-08-14,98235.42,767075.55
2023-08-15,98249.65,758140.00
2023-08-16,97865.35,752576.64
2023-08-17,97753.92,746842.09
2023-08-18,97738.00,747201.56
2023-08-21,97780.42,752063.07
2023-08-22,97794.62,750026.02
2023-08-23,97808.82,758379.62
2023-08-24,97823.02,747869.19
2023-08-25,97874.98,753141.51
2023-08-28,98031.47,757917.45
2023-08-29,98203.46,768872.98
2023-08-30,98258.00,772039.82
2023-08-31,98202.58,770910.03
2023-09-01,98216.89,772347.93
2023-09-05,98273.94,769009.90
2023-09-06,98288.26,763840.27
2023-09-07,98302.56,761495.11
2023-09-08,98316.84,762641.99
2023-09-11,98359.75,767657.61
2023-09-12,98374.08,763446.54
2023-09-13,98388.42,764336.71
2023-09-14,98402.73,770927.11
2023-09-15,98417.05,761638.76
2023-09-18,98460.08,762085.42
2023-09-19,98474.41,760504.98
2023-09-20,98488.73,753513.41
2023-09-21,98503.12,741059.07
2023-09-22,98082.86,739392.76
2023-09-25,97935.89,742502.05
2023-09-26,97283.80,731593.76
2023-09-27,97298.04,731885.76
2023-09-28,97312.27,736128.83
2023-09-29,97326.46,734342.31
2023-10-02,97369.01,734050.25
2023-10-03,97191.44,724224.21
2023-10-04,97195.79,729497.99
2023-10-05,97200.15,729223.13
2023-10-06,97045.99,737881.06
2023-10-09,97354.52,742605.12
2023-10-10,97339.38,746470.26
2023-10-11,97752.19,749528.01
2023-10-12,97552.04,744958.55
2023-10-13,97566.34,741248.01
2023-10-16,97609.24,749047.02
2023-10-17,97623.52,749012.63
2023-10-18,97637.83,739031.98
2023-10-19,97652.11,732538.55
2023-10-20,97666.37,723537.08
2023-10-23,97549.36,722283.04
2023-10-24,97795.35,727728.62
2023-10-25,97568.34,717284.12
2023-10-26,97582.56,708694.92
2023-10-27,97217.82,705482.57
2023-10-30,97852.39,713917.17
2023-10-31,98207.51,718400.76
2023-11-01,99004.25,726062.31
2023-11-02,100245.60,739976.82
2023-11-03,100946.60,746727.92
2023-11-06,101032.00,748445.76
2023-11-07,101092.47,750575.87
2023-11-08,101107.09,751125.59
2023-11-09,101121.72,745267.75
2023-11-10,101136.32,756897.51
2023-11-13,101180.04,756176.04
2023-11-14,101194.68,770846.41
2023-11-15,101209.26,772478.33
2023-11-16,101223.85,773423.17
2023-11-17,101238.41,774385.16
2023-11-20,101282.09,780346.07
2023-11-21,101296.71,778645.37
2023-11-22,101311.31,781651.59
2023-11-24,101340.57,782132.58
2023-11-27,101384.55,780723.99
2023-11-28,101399.21,781496.99
2023-11-29,101413.85,780947.27
2023-11-30,101428.44,784022.22
2023-12-01,101443.03,788660.41
2023-12-04,101486.64,784520.41
2023-12-05,101501.26,784365.81
2023-12-06,101515.86,781204.99
2023-12-07,101286.29,787165.89
2023-12-08,101508.97,790550.04
2023-12-11,101568.17,793624.94
2023-12-12,101378.96,797249.61
2023-12-13,101393.57,808243.77
2023-12-14,101408.13,810837.73
2023-12-15,101422.66,809502.69
2023-12-18,101466.34,814056.20
2023-12-19,101480.96,819006.38
2023-12-20,101495.50,807657.19
2023-12-21,101510.07,815315.33
2023-12-22,101524.59,816953.86
2023-12-26,101582.89,820403.47
2023-12-27,101597.50,821886.83
2023-12-28,101612.09,822197.28
2023-12-29,101626.70,819817.04
2024-01-02,101684.62,815229.06
2024-01-03,101699.16,808571.33
2024-01-04,101713.76,805966.86
2024-01-05,101728.36,807070.76
2024-01-08,101772.17,818592.45
2024-01-09,101786.81,817350.58
2024-01-10,101801.42,821973.05
2024-01-11,101816.01,821610.85
2024-01-12,101830.60,822180.02
2024-01-16,101888.85,819161.61
2024-01-17,101903.42,814608.15
2024-01-18,102057.13,821852.30
2024-01-19,102170.62,832097.65
2024-01-22,102167.00,833856.98
2024-01-23,102057.42,836288.91
2024-01-24,102071.99,837203.11
2024-01-25,102086.56,841756.56
2024-01-26,102087.99,840687.19
2024-01-29,102413.84,847344.92
2024-01-30,102414.02,846689.53
2024-01-31,102278.00,832873.83
2024-02-01,102292.62,843774.61
2024-02-02,102307.25,852657.34
2024-02-05,102351.23,849552.66
2024-02-06,102534.30,852019.17
2024-02-07,102706.76,859125.36
2024-02-08,102643.19,859504.82
2024-02-09,102657.89,864472.27
2024-02-12,102702.11,864092.81
2024-02-13,102716.82,852191.61
2024-02-14,102716.66,859936.02
2024-02-15,102831.22,865869.36
2024-02-16,102648.68,861557.34
2024-02-20,102707.63,856814.13
2024-02-21,102722.37,857590.26
2024-02-22,102782.86,875338.52
2024-02-23,103062.25,875942.21
2024-02-26,103037.65,872734.05
2024-02-27,102944.01,874355.37
2024-02-28,102958.81,873199.78
2024-02-29,102973.59,876338.88
2024-03-01,102988.41,884566.18
2024-03-04,103032.68,883617.56
2024-03-05,103047.47,874786.57
2024-03-06,103062.23,879219.33
2024-03-07,103077.03,887946.84
2024-03-08,103091.83,882617.20
2024-03-11,103136.23,881858.28
2024-03-12,103151.03,891344.76
2024-03-13,103165.87,889947.57
2024-03-14,103180.71,888188.34
2024-03-15,103195.55,882089.46
2024-03-18,103240.08,887331.86
2024-03-19,103254.93,892262.89
2024-03-20,103269.75,900515.70
2024-03-21,103284.58,903491.64
2024-03-22,103299.43,901778.79
2024-03-25,103343.92,899287.35
2024-03-26,103358.73,897626.36
2024-03-27,103373.51,905169.85
2024-03-28,103388.30,904996.87
2024-04-01,103447.55,903422.36
2024-04-02,103462.38,897678.31
2024-04-03,103477.17,898664.41
2024-04-04,103491.97,887695.23
2024-04-05,103607.23,896968.88
2024-04-08,103581.28,897470.59
2024-04-09,103458.48,898508.76
2024-04-10,103473.31,889511.88
2024-04-11,103218.21,896224.93
2024-04-12,102713.02,883854.27
2024-04-15,101512.54,872781.23
2024-04-16,101146.55,871189.45
2024-04-17,101161.10,866033.54
2024-04-18,101175.65,864251.48
2024-04-19,101190.20,856707.99
2024-04-22,101233.86,864597.53
2024-04-23,101248.34,874857.39
2024-04-24,101262.90,874442.17
2024-04-25,101277.50,871120.23
2024-04-26,101292.09,879373.15
2024-04-29,101335.80,882487.42
2024-04-30,101350.38,868507.72
2024-05-01,101364.95,865687.54
2024-05-02,101379.56,873784.70
2024-05-03,101394.14,884615.54
2024-05-06,101437.90,893750.81
2024-05-07,101452.49,894737.01
2024-05-08,101467.08,894823.50
2024-05-09,101481.67,899979.35
2024-05-10,101496.27,901138.64
2024-05-13,101540.15,901259.66
2024-05-14,101554.75,905394.77
2024-05-15,101569.33,916606.31
2024-05-16,101583.94,914720.38
2024-05-17,101598.55,916035.33
2024-05-20,101642.39,917090.70
2024-05-21,101657.01,919339.89
2024-05-22,101671.64,916692.80
2024-05-23,101686.26,909997.07
2024-05-24,101556.86,916018.01
2024-05-28,101806.81,916658.16
2024-05-29,101616.26,910239.21
2024-05-30,101581.84,904200.96
2024-05-31,102082.21,912436.55
2024-06-03,101625.19,913180.51
2024-06-04,101639.84,914201.36
2024-06-05,101654.46,925066.73
2024-06-06,101669.08,925049.41
2024-06-07,101683.70,923924.87
2024-06-10,101930.26,926779.58
2024-06-11,101519.30,929011.55
2024-06-12,101343.19,936641.53
2024-06-13,101357.77,938527.46
2024-06-14,101207.56,939098.44
2024-06-17,101142.28,946572.66
2024-06-18,101156.83,948977.61
2024-06-20,101185.87,946399.68
2024-06-21,101200.40,945130.87
2024-06-24,101243.90,942058.56
2024-06-25,101258.44,945686.32
2024-06-26,101272.95,946866.61
2024-06-27,101287.48,948359.33
2024-06-28,101302.00,944627.43
2024-07-01,101345.46,946571.57
2024-07-02,101360.01,952941.72
2024-07-03,101374.56,957194.32
2024-07-05,101494.35,962713.98
2024-07-08,101507.62,963824.88
2024-07-09,101449.89,964762.15
2024-07-10,101464.43,974308.75
2024-07-11,101478.97,965907.69
2024-07-12,101493.45,972000.18
2024-07-15,101536.91,974673.29
2024-07-16,101551.38,980453.25
2024-07-17,101565.85,966706.17
2024-07-18,101580.31,959277.13
2024-07-19,101594.81,952906.97
2024-07-22,101638.24,962731.35
2024-07-23,101652.69,961221.26
2024-07-24,101667.11,939437.57
2024-07-25,101517.65,934542.76
2024-07-26,101746.69,945009.35
2024-07-29,101793.05,945564.80
2024-07-30,101712.34,940774.13
2024-07-31,101933.29,956066.04
2024-08-01,101179.78,942527.25
2024-08-02,100647.75,924978.89
2024-08-05,100689.52,898040.08
2024-08-06,100805.56,906319.62
2024-08-07,100489.32,900261.78
2024-08-08,102017.93,921073.46
2024-08-09,102113.63,925135.04
2024-08-12,101701.33,925621.10
2024-08-13,102279.97,940843.52
2024-08-14,102726.72,943811.68
2024-08-15,103288.57,959988.85
2024-08-16,103302.97,962141.15
2024-08-19,103346.10,971340.59
2024-08-20,103360.43,969761.10
2024-08-21,103374.70,973093.71
2024-08-22,103388.92,965456.38
2024-08-23,103403.20,975714.70
2024-08-26,103445.78,973388.75
2024-08-27,103459.89,974725.31
2024-08-28,103474.01,969066.76
2024-08-29,103488.07,969153.53
2024-08-30,103502.19,978405.08
2024-09-03,103558.67,958270.48
2024-09-04,103572.77,956309.07
2024-09-05,103586.85,953983.13
2024-09-06,103287.22,937927.48
2024-09-09,103463.69,948428.72
2024-09-10,103343.08,952559.80
2024-09-11,103356.81,962332.06
2024-09-12,103370.66,970438.07
2024-09-13,103384.39,975506.42
2024-09-16,103425.01,976947.12
2024-09-17,103438.47,977346.30
2024-09-18,103451.93,974447.64
2024-09-19,103465.11,991076.00
2024-09-20,103478.18,989362.83
2024-09-23,103516.96,991835.11
2024-09-24,103529.81,994673.07
2024-09-25,103542.57,992479.30
2024-09-26,103555.37,996414.14
2024-09-27,103568.13,994969.02
2024-09-30,103606.44,998956.14
2024-10-01,103619.27,990007.01
2024-10-02,103632.04,990424.85
2024-10-03,103644.76,988614.18
2024-10-04,103657.48,997598.05
2024-10-07,103696.08,988579.32
2024-10-08,103709.01,997928.86
2024-10-09,103721.88,1004840.96
2024-10-10,103734.78,1003082.46
2024-10-11,103747.68,1009089.17
2024-10-14,103786.31,1017341.83
2024-10-15,103799.19,1009437.41
2024-10-16,103792.85,1013824.83
2024-10-17,103805.66,1013911.87
2024-10-18,103952.22,1017811.95
2024-10-21,103852.60,1016140.49
2024-10-22,103865.43,1015600.76
2024-10-23,103878.27,1006320.83
2024-10-24,104065.76,1008497.16
2024-10-25,104141.09,1008148.93
2024-10-28,104220.61,1011265.51
2024-10-29,104038.65,1012902.12
2024-10-30,103984.72,1009837.82
2024-10-31,103918.20,990041.87
2024-11-01,103765.79,994220.37
2024-11-04,103593.58,992078.89
2024-11-05,104197.79,1004074.89
2024-11-06,104475.86,1029041.76
2024-11-07,104455.15,1036998.47
2024-11-08,105572.16,1041490.46
2024-11-11,105566.46,1042482.88
2024-11-12,105504.86,1039244.51
2024-11-13,105460.20,1039749.39
2024-11-14,105472.91,1033063.63
2024-11-15,105485.66,1019831.54
2024-11-18,105523.89,1024010.15
2024-11-19,105536.67,1027753.39
2024-11-20,105549.42,1028101.63
2024-11-21,105562.20,1033620.79
2024-11-22,105575.02,1036824.40
2024-11-25,105613.46,1040341.40
2024-11-26,105626.25,1045773.52
2024-11-27,105638.98,1042604.77
2024-11-29,105664.45,1049081.49
2024-12-02,105702.58,1050961.88
2024-12-03,105715.26,1051449.32
2024-12-04,105727.89,1057978.33
2024-12-05,105740.49,1056237.26
2024-12-06,105753.06,1058239.54
2024-12-09,105790.52,1052789.98
2024-12-10,105802.99,1049516.76
2024-12-11,105815.42,1057630.20
2024-12-12,105827.77,1052180.65
2024-12-13,105743.64,1051971.73
2024-12-16,105733.12,1056463.61
2024-12-17,105745.43,1052110.94
2024-12-18,105044.76,1020754.36
2024-12-19,105125.28,1020440.88
2024-12-20,105074.58,1032697.42
2024-12-23,105111.11,1038881.51
2024-12-24,105123.32,1050428.69
2024-12-26,105147.98,1050498.64
2024-12-27,105160.19,1039440.54
2024-12-30,105196.41,1027578.82
2024-12-31,105203.66,1023840.47
2025-01-02,105024.00,1021324.89
2025-01-03,105312.11,1034094.94
2025-01-06,105422.48,1040051.92
2025-01-07,105300.43,1028295.12
2025-01-08,105312.57,1029797.46
2025-01-10,105336.87,1014075.09
2025-01-13,105528.96,1015647.37
2025-01-14,105920.23,1017044.89
2025-01-15,107157.01,1035544.92
2025-01-16,107232.72,1033553.40
2025-01-17,107781.27,1043930.16
2025-01-21,108427.43,1053485.82
2025-01-22,108472.48,1059407.93
2025-01-23,108429.54,1065190.27
2025-01-24,108442.08,1062080.68
2025-01-27,108479.60,1047057.13
2025-01-28,108492.09,1056053.86
2025-01-29,108504.57,1051319.64
2025-01-30,108517.05,1056962.19
2025-01-31,108529.51,1051337.13
2025-02-03,108566.98,1044262.08
2025-02-04,108579.53,1051267.29
2025-02-05,108592.08,1055529.69
2025-02-06,108604.64,1059198.31
2025-02-07,108617.19,1049502.87
2025-02-10,108655.05,1056630.27
2025-02-11,108667.64,1057433.89
2025-02-12,108680.23,1054027.36
2025-02-13,108692.83,1065155.29
2025-02-14,108705.39,1065102.94
2025-02-18,108755.67,1068229.91
2025-02-19,108768.27,1070745.49
2025-02-20,108780.85,1066290.84
2025-02-21,108793.39,1048052.89
2025-02-24,108635.16,1043283.81
2025-02-25,108597.22,1038095.37
2025-02-26,108609.68,1038619.43
2025-02-27,108622.18,1022041.09
2025-02-28,108711.06,1037990.56
2025-03-03,108176.02,1019805.07
2025-03-04,108188.50,1007733.73
2025-03-05,108175.70,1018564.71
2025-03-06,107712.33,1000484.03
2025-03-07,107552.22,1006091.61
2025-03-10,107589.35,979293.77
2025-03-11,107601.70,971153.02
2025-03-12,107402.73,976306.48
2025-03-13,107214.32,963291.84
2025-03-14,107350.64,983189.39
2025-03-17,107644.85,990771.11
2025-03-18,107664.86,980062.42
2025-03-19,107539.77,990736.14
2025-03-20,107552.15,987871.15
2025-03-21,107564.49,988197.04
2025-03-24,107601.54,1005894.17
2025-03-25,107613.89,1008312.19
2025-03-26,107626.24,996274.69
2025-03-27,107638.63,993628.87
2025-03-28,107651.01,973618.85
2025-03-31,107688.18,980154.57
2025-04-01,107700.60,982922.94
2025-04-02,107712.99,989143.29
2025-04-03,107725.41,940397.50
2025-04-04,107737.81,885343.83
2025-04-07,107226.59,883766.88
2025-04-08,106508.14,869924.63
2025-04-09,107045.16,961283.51
2025-04-10,107065.75,919161.03
2025-04-11,107340.68,935561.45
2025-04-14,107733.62,944637.75
2025-04-15,107560.73,941991.94
2025-04-16,107536.83,921053.31
2025-04-17,107549.23,922367.45
2025-04-21,107599.09,900412.63
2025-04-22,107611.53,923839.33
2025-04-23,107623.97,938154.65
2025-04-24,107636.42,957901.80
2025-04-25,107648.83,964822.95
2025-04-28,107686.08,965190.85
2025-04-29,107698.47,971270.98
2025-04-30,107710.86,971656.41
2025-05-01,107723.26,978542.48
2025-05-02,107735.65,993068.16
2025-05-05,107773.02,987373.56
2025-05-06,107785.48,979120.73
2025-05-07,107797.94,983238.43
2025-05-08,107810.41,990089.43
2025-05-09,107822.90,988827.91
2025-05-12,107860.30,1021506.08
2025-05-13,107873.04,1028252.06
2025-05-14,107885.71,1029566.20
2025-05-15,108055.14,1034594.96
2025-05-16,107634.15,1041148.11
2025-05-19,107671.75,1042286.97
2025-05-20,107684.37,1038782.60
2025-05-21,107696.94,1021278.29
2025-05-22,107709.45,1021681.37
2025-05-23,107721.99,1014707.60
2025-05-27,107772.05,1035803.97
2025-05-28,107784.57,1029811.42
2025-05-29,107797.09,1033876.50
2025-05-30,107809.64,1032720.11
2025-06-02,107847.30,1038537.37
2025-06-03,107859.86,1044459.77
2025-06-04,107872.39,1044179.36
2025-06-05,107884.95,1039133.06
2025-06-06,107897.51,1049803.91
2025-06-09,107935.20,1050750.05
2025-06-10,107947.77,1056707.52
2025-06-11,107960.37,1053693.71
2025-06-12,107972.97,1057881.45
2025-06-13,107985.60,1046054.21
2025-06-16,108023.41,1056006.60
2025-06-17,108035.96,1046982.92
2025-06-18,107942.99,1046825.17
2025-06-20,108116.11,1044366.67
2025-06-23,108389.51,1054682.39
2025-06-24,108381.24,1066333.72
2025-06-25,108276.99,1066931.17
2025-06-26,108289.42,1075278.65
2025-06-27,108301.91,1080621.00
2025-06-30,108487.81,1085787.66
2025-07-01,108685.65,1085436.27
2025-07-02,108662.38,1090356.87
2025-07-03,108675.00,1098950.41
2025-07-07,108725.74,1090761.03
2025-07-08,108738.43,1090163.58
2025-07-09,108751.12,1096700.93
2025-07-10,108763.81,1099793.91
2025-07-11,108776.47,1095927.68
2025-07-14,108814.47,1098018.95
2025-07-15,108827.17,1093326.82
2025-07-16,108782.57,1096982.06
2025-07-17,108787.80,1103695.20
2025-07-18,108830.19,1102886.89
2025-07-21,109048.99,1104978.15
2025-07-22,109187.97,1105136.26
2025-07-23,109061.30,1114538.22
2025-07-24,109074.00,1114907.20
2025-07-25,109086.70,1119616.92
2025-07-28,109124.80,1119335.79
2025-07-29,109137.48,1116383.43
2025-07-30,109150.16,1114977.56
2025-07-31,109030.41,1110795.03
2025-08-01,109461.03,1092588.65
2025-08-04,110400.31,1109195.76
2025-08-05,110365.57,1103572.18
2025-08-06,110713.51,1112025.20
2025-08-07,110467.20,1111093.75
2025-08-08,110544.31,1119757.54
2025-08-11,110645.16,1117543.25
2025-08-12,110839.72,1129440.64
2025-08-13,110911.38,1133306.86
2025-08-14,110923.87,1133412.30
2025-08-15,110936.39,1130758.66
2025-08-18,110973.96,1130512.61
2025-08-19,110986.55,1124379.42
2025-08-20,110999.07,1121391.88
2025-08-21,111011.60,1116893.03
2025-08-22,111024.19,1134044.93
2025-08-25,111061.61,1129053.96
2025-08-26,111074.08,1133781.28
2025-08-27,111086.56,1136364.66
2025-08-28,111098.98,1140388.99
2025-08-29,111111.40,1133587.99
2025-09-02,111160.71,1125187.85
2025-09-03,111313.40,1131285.85
2025-09-04,111489.27,1140740.48
2025-09-05,111833.57,1137436.63
2025-09-08,112159.17,1140230.88
2025-09-09,111991.43,1142866.93
2025-09-10,112003.55,1146170.78
2025-09-11,112015.64,1155695.67
2025-09-12,112027.74,1155308.99
2025-09-15,112064.01,1161459.77
2025-09-16,112115.33,1159860.62
2025-09-17,112255.83,1158419.56
2025-09-18,112100.10,1163832.28
2025-09-19,112112.04,1169596.56
2025-09-22,112147.89,1175130.01
2025-09-23,112159.75,1168733.08
2025-09-24,112171.61,1165014.68
2025-09-25,112183.50,1159639.88
2025-09-26,112230.95,1166283.54
2025-09-29,112323.87,1169561.28
2025-09-30,112857.69,1173966.87
2025-10-01,113556.65,1177967.18
2025-10-02,113521.31,1179324.03
2025-10-03,113792.21,1179306.50
2025-10-06,113708.79,1183535.80
2025-10-07,113851.42,1179147.85
2025-10-08,113750.24,1186179.16
2025-10-09,113830.96,1182742.77
2025-10-10,113857.73,1150775.88
2025-10-13,113835.52,1168433.42
2025-10-14,114269.37,1167006.01
2025-10-15,114196.42,1172186.99
2025-10-16,113855.57,1164204.12
2025-10-17,113855.01,1170812.50
2025-10-20,114142.20,1182989.51
2025-10-21,114126.39,1182971.87
2025-10-22,114084.87,1176821.68
2025-10-23,114096.75,1183800.18
2025-10-24,114108.63,1193474.84
2025-10-27,114143.99,1207555.10
2025-10-28,114155.65,1210762.38
2025-10-29,114167.32,1211343.95
2025-10-30,114179.11,1198021.44
2025-10-31,114190.87,1201951.20
2025-11-03,114225.88,1204206.91
2025-11-04,114237.84,1189932.73
2025-11-05,114249.73,1194056.41
2025-11-06,114261.62,1181244.92
2025-11-07,114273.43,1182407.94
2025-11-10,114308.83,1200858.62
2025-11-11,114320.70,1203607.70
2025-11-12,114332.57,1204277.36
2025-11-13,114344.45,1184293.55
2025-11-14,114356.35,1184099.73
2025-11-17,114373.40,1173068.11
2025-11-18,114165.50,1163217.27
2025-11-19,114282.43,1167710.95
2025-11-20,113868.27,1149912.40
2025-11-21,113798.84,1161366.94
2025-11-24,114077.48,1178460.55
2025-11-25,114001.78,1189545.09
2025-11-26,114306.61,1197757.07
2025-11-28,114485.74,1204295.00
2025-12-01,114346.99,1198796.83
2025-12-02,114358.61,1201017.27
2025-12-03,114370.14,1205176.12
2025-12-04,114381.54,1206057.24
2025-12-05,114392.92,1208348.13
2025-12-08,114426.95,1204717.92
2025-12-09,114438.37,1203678.16
2025-12-10,114449.78,1211661.14
2025-12-11,114461.07,1214480.68
2025-12-12,114472.29,1201422.55
2025-12-15,114403.42,1199607.39
2025-12-16,114338.05,1196329.66
2025-12-17,114655.93,1183165.80
2025-12-18,114336.89,1192100.25
2025-12-19,114345.79,1202904.73
2025-12-22,114603.12,1210398.68
2025-12-23,114759.69,1215930.78
2025-12-24,114702.51,1220207.97
2025-12-26,114668.45,1220084.23
2025-12-29,114702.00,1215736.28
2025-12-30,114713.22,1214251.69
2025-12-31,114724.38,1205255.35
2026-01-02,114746.82,1207464.66
2026-01-05,114780.21,1215506.51
2026-01-06,114791.34,1222735.40
2026-01-07,114802.44,1218794.04
2026-01-08,114771.12,1218670.30
2026-01-09,115055.11,1226729.84
2026-01-12,114991.55,1228656.29
2026-01-13,115002.76,1226199.63
2026-01-14,115014.01,1220172.59
2026-01-15,115025.26,1223495.39
2026-01-16,115036.51,1222470.24
2026-01-20,115081.52,1197584.71
2026-01-21,115059.96,1211406.13
2026-01-22,115309.45,1217733.50
2026-01-23,115223.76,1218175.37
2026-01-26,115467.83,1224361.42
2026-01-27,115147.16,1229239.58
2026-01-28,115158.46,1229115.85
2026-01-29,115169.78,1226676.77
2026-01-30,115181.11,1223018.14
2026-02-02,115215.00,1229098.16
2026-02-03,115226.37,1218705.68
2026-02-04,115237.73,1212802.37
2026-02-05,115249.10,1197655.37
2026-02-06,115260.43,1220632.14
2026-02-09,115294.54,1226517.76
2026-02-10,115305.91,1223283.30
2026-02-11,115317.28,1223000.56
2026-02-12,114794.48,1204106.58
2026-02-13,114672.51,1204954.92
2026-02-17,114717.75,1206899.06
2026-02-18,114729.10,1212979.08
2026-02-19,114740.44,1209780.01
2026-02-20,114751.79,1218528.88
2026-02-23,114785.75,1206086.11
2026-02-24,114797.07,1214852.56
2026-02-25,114808.39,1225103.82
2026-02-26,114819.71,1218299.10
2026-02-27,114831.04,1212448.86
2026-03-02,114864.92,1213138.19
2026-03-03,114876.28,1202445.18
2026-03-04,114997.03,1210928.89
2026-03-05,114514.44,1204177.24
2026-03-06,114084.24,1188393.98
2026-03-09,114123.78,1198804.25
2026-03-10,114110.43,1196877.69
2026-03-11,114010.48,1195375.40
2026-03-12,113904.16,1177223.72
2026-03-13,113447.21,1170560.42
2026-03-16,114127.16,1182473.08
2026-03-17,114144.95,1185583.69
2026-03-18,113889.48,1169040.44
2026-03-19,113900.78,1166159.50
2026-03-20,113912.07,1149441.71
2026-03-23,114048.01,1161510.87
2026-03-24,113553.41,1157611.85
2026-03-25,113915.27,1164062.94
2026-03-26,113448.48,1143274.24
2026-03-27,113459.77,1123779.26
2026-03-30,112478.96,1120021.95
2026-03-31,115284.48,1152578.66
2026-04-01,116106.05,1161262.72
2026-04-02,114198.30,1162308.41
2026-04-06,114243.48,1167802.41
2026-04-07,114254.87,1168316.33
2026-04-08,114266.20,1198072.82
2026-04-09,114277.50,1204984.61
2026-04-10,114288.77,1204187.18
2026-04-13,114322.59,1215954.97
2026-04-14,114333.93,1230771.24
2026-04-15,114158.30,1240483.25
2026-04-16,114491.17,1243531.50
2026-04-17,113622.96,1258560.43
2026-04-20,113656.67,1256043.73
2026-04-21,113667.95,1247820.48
2026-04-22,113679.16,1260456.78
2026-04-23,113690.37,1255565.29
2026-04-24,113701.58,1265295.04
2026-04-27,113735.23,1267474.90
2026-04-28,113746.44,1261307.43
2026-04-29,113757.66,1261112.51
2026-04-30,113768.88,1273660.11
2026-05-01,113780.07,1277187.02
2026-05-04,113813.64,1272508.20
2026-05-05,113824.90,1282716.49
2026-05-06,113836.16,1300545.53
2026-05-07,113847.42,1296557.93
2026-05-08,113858.68,1307262.40
2026-05-11,113892.37,1310239.80
2026-05-12,113903.63,1308254.87
2026-05-13,113914.90,1315574.36
2026-05-14,114008.86,1325959.84
2026-05-15,113729.96,1310009.40
2026-05-18,113620.40,1309087.89
2026-05-19,113416.56,1300368.24
2026-05-20,113798.42,1313695.75
2026-05-21,113757.63,1316300.94
2026-05-22,113756.85,1321476.05
2026-05-26,113994.06,1330248.81
2026-05-27,114003.08,1330018.41
2026-05-28,114015.73,1337355.53
2026-05-29,114255.37,1340687.40
2026-06-01,113877.04,1344338.28
2026-06-02,114054.89,1346163.77
2026-06-03,113967.68,1336717.53
2026-06-04,113940.29,1341768.57
2026-06-05,113951.62,1307138.33
2026-06-08,113985.62,1310097.99
2026-06-09,113997.02,1306252.19
2026-06-10,114008.39,1285658.42
2026-06-11,114404.45,1307510.55
2026-06-12,114471.55,1314581.89
2026-06-15,114879.56,1337763.22
2026-06-16,114867.48,1329788.00
2026-06-17,114729.25,1313181.83
2026-06-18,114740.82,1326834.99
2026-06-22,114786.96,1322659.47
2026-06-23,114798.60,1303451.87
2026-06-24,114810.24,1302847.70
2026-06-25,114821.87,1304731.14
2026-06-26,114833.48,1295296.14
2026-06-29,114868.12,1316635.97
2026-06-30,114879.89,1326888.35
2026-07-01,114891.66,1325093.73
2026-07-02,114873.50,1323352.46
2026-07-06,114872.85,1334901.90
2026-07-07,115518.78,1328558.58
2026-07-08,115932.87,1324454.09
2026-07-09,115612.39,1335665.93
2026-07-10,115624.08,1341422.86
2026-07-13,115659.34,1331152.69
2026-07-14,115649.98,1335879.14
2026-07-15,115665.25,1341174.08
2026-07-16,115128.29,1333906.77
2026-07-17,115139.96,1320704.88
2026-07-20,114758.02,1318572.77
2026-07-21,115803.16,1329571.39
2026-07-22,115347.10,1328025.44
2026-07-23,115005.37,1311625.27
2026-07-24,115017.37,1312957.90
2026-07-27,114726.77,1313242.26
2026-07-28,114518.56,1316387.18
2026-07-29,113894.77,1296131.31
2026-07-30,115232.58,1317861.99
2026-07-31,115176.22,1327350.34
2026-08-03,116266.37,1346255.80
2026-08-04,118222.37,1370527.45
2026-08-05,118047.46,1367791.05
2026-08-06,117582.27,1365605.58
2026-08-07,117594.32,1373956.73
2026-08-10,117630.27,1373548.10
2026-08-11,117642.32,1369159.25
2026-08-12,117654.38,1372588.53
2026-08-13,117666.37,1382165.71
2026-08-14,117678.33,1379429.42
2026-08-17,117714.21,1372908.35
2026-08-18,117732.05,1363633.32
2026-08-19,118122.39,1366494.00
2026-08-20,117925.15,1355015.59
2026-08-21,117937.13,1360559.32
2026-08-24,118095.03,1356561.43
2026-08-25,118152.61,1360896.92
2026-08-26,118268.70,1361199.06
2026-08-27,118101.90,1370118.71
2026-08-28,118113.84,1367009.24
2026-08-31,118150.15,1362922.54
2026-09-01,118162.39,1353558.68
2026-09-02,118223.72,1359564.29
2026-09-03,118480.83,1373796.77
2026-09-04,118520.72,1368501.83
2026-09-08,118430.31,1360985.85
2026-09-09,118442.64,1354660.31
2026-09-10,118455.00,1346540.16
2026-09-11,118133.36,1358018.45
2026-09-14,116850.25,1351959.49
2026-09-15,116404.20,1345758.34
2026-09-16,116168.92,1339823.66
2026-09-17,116424.27,1355015.59
2026-09-18,116368.31,1356759.48
2026-09-21,116278.49,1377796.03
2026-09-22,116510.77,1377582.29
2026-09-23,116378.87,1367660.72
2026-09-24,116079.08,1366538.52
2026-09-25,116123.57,1373966.30
2026-09-28,116215.44,1363741.95
2026-09-29,115932.97,1361230.44
2026-09-30,115825.09,1358433.86
