,SPY 1x buy&hold,SPY 1x SMA200,SPY 2x buy&hold,SPY 2x SMA200,SPY 3x buy&hold,SPY 3x SMA200,SPY 3x SMA100,SPY 3x SMA150,SPY 3x SMA250
1999-01-04,1.00000,1.00000,1.00000,1.00000,1.00000,1.00000,1.00000,1.00000,1.00000
1999-01-05,1.01140,1.01150,1.02259,1.02295,1.03378,1.03449,1.03448,1.03449,1.03406
1999-01-06,1.03572,1.03604,1.07151,1.07264,1.10779,1.11004,1.11002,1.11005,1.10867
1999-01-07,1.03065,1.03093,1.06088,1.06183,1.09126,1.09316,1.09315,1.09317,1.09201
1999-01-08,1.03825,1.03859,1.07632,1.07752,1.11501,1.11741,1.11738,1.11741,1.11595
1999-01-11,1.02837,1.02862,1.05537,1.05623,1.08231,1.08401,1.08400,1.08402,1.08298
1999-01-12,1.00988,1.00996,1.01732,1.01757,1.02380,1.02427,1.02427,1.02428,1.02399
1999-01-13,1.00279,1.00280,1.00289,1.00292,1.00201,1.00202,1.00202,1.00202,1.00201
1999-01-14,0.98531,0.98517,0.96785,0.96732,0.94951,0.94843,0.94844,0.94843,0.94909
1999-01-15,1.01090,1.01098,1.01785,1.01811,1.02291,1.02336,1.02336,1.02336,1.02309
1999-01-19,1.01748,1.01762,1.03045,1.03090,1.04165,1.04249,1.04248,1.04249,1.04198
1999-01-20,1.02559,1.02580,1.04667,1.04738,1.06617,1.06751,1.06750,1.06751,1.06669
1999-01-21,0.99849,0.99845,0.99129,0.99112,0.98161,0.98118,0.98119,0.98118,0.98145
1999-01-22,0.99621,0.99615,0.98662,0.98637,0.97464,0.97406,0.97407,0.97406,0.97441
1999-01-25,1.00634,1.00637,1.00619,1.00625,1.00343,1.00345,1.00345,1.00345,1.00344
1999-01-26,1.02458,1.02478,1.04243,1.04306,1.05750,1.05865,1.05864,1.05865,1.05796
1999-01-27,1.01267,1.01276,1.01809,1.01833,1.02046,1.02082,1.02082,1.02083,1.02060
1999-01-28,1.02964,1.02989,1.05198,1.05276,1.07129,1.07271,1.07270,1.07272,1.07185
1999-01-29,1.03750,1.03781,1.06783,1.06885,1.09540,1.09733,1.09731,1.09734,1.09616
1999-02-01,1.03142,1.03167,1.05483,1.05564,1.07525,1.07675,1.07674,1.07676,1.07585
1999-02-02,1.02509,1.02528,1.04173,1.04234,1.05520,1.05628,1.05627,1.05628,1.05562
1999-02-03,1.03547,1.03576,1.06264,1.06357,1.08685,1.08859,1.08857,1.08860,1.08754
1999-02-04,1.02002,1.02017,1.03081,1.03124,1.03804,1.03875,1.03875,1.03875,1.03832
1999-02-05,1.00837,1.00841,1.00715,1.00719,1.00229,1.00225,1.00225,1.00225,1.00227
1999-02-08,1.01040,1.01045,1.01071,1.01080,1.00743,1.00749,1.00749,1.00749,1.00746
1999-02-09,0.98785,0.98770,0.96553,0.96491,0.93995,0.93860,0.93861,0.93859,0.93942
1999-02-10,0.99419,0.99409,0.97773,0.97730,0.95768,0.95669,0.95670,0.95669,0.95729
1999-02-11,1.01698,1.01709,1.02232,1.02260,1.02302,1.02340,1.02340,1.02340,1.02317
1999-02-12,1.00483,1.00482,0.99776,0.99765,0.98616,0.98577,0.98577,0.98577,0.98601
1999-02-16,0.99875,0.99869,0.98508,0.98475,0.96717,0.96637,0.96638,0.96637,0.96686
1999-02-17,0.99773,0.99766,0.98293,0.98257,0.96396,0.96308,0.96309,0.96308,0.96362
1999-02-18,1.00559,1.00559,0.99821,0.99809,0.98635,0.98594,0.98594,0.98594,0.98619
1999-02-19,1.00989,1.00993,1.00658,1.00659,0.99868,0.99853,0.99853,0.99853,0.99862
1999-02-22,1.03674,1.03702,1.05951,1.06036,1.07716,1.07864,1.07863,1.07865,1.07775
1999-02-23,1.03624,1.03651,1.05831,1.05913,1.07527,1.07671,1.07669,1.07671,1.07584
1999-02-24,1.01800,1.01811,1.02095,1.02118,1.01836,1.01860,1.01860,1.01861,1.01846
1999-02-25,1.00838,1.00839,1.00152,1.00144,0.98927,0.98890,0.98891,0.98890,0.98913
1999-02-26,1.00432,1.00430,0.99332,0.99311,0.97709,0.97647,0.97647,0.97647,0.97685
1999-03-01,1.00711,1.00711,0.99834,0.99819,0.98431,0.98383,0.98384,0.98383,0.98413
1999-03-02,0.99825,0.99816,0.98063,0.98021,0.95812,0.95709,0.95710,0.95709,0.95772
1999-03-03,1.00357,1.00353,0.99090,0.99064,0.97309,0.97237,0.97238,0.97237,0.97281
1999-03-04,1.01623,1.01631,1.01570,1.01583,1.00950,1.00954,1.00954,1.00954,1.00952
1999-03-05,1.03662,1.03688,1.05621,1.05698,1.06975,1.07105,1.07103,1.07105,1.07026
1999-03-08,1.04333,1.04366,1.06935,1.07032,1.08951,1.09121,1.09119,1.09121,1.09018
1999-03-09,1.04080,1.04110,1.06400,1.06488,1.08127,1.08280,1.08278,1.08280,1.08188
1999-03-10,1.04992,1.05030,1.08244,1.08361,1.10928,1.11139,1.11137,1.11140,1.11011
1999-03-11,1.06157,1.06206,1.10625,1.10779,1.14577,1.14864,1.14861,1.14865,1.14690
1999-03-12,1.05144,1.05183,1.08499,1.08619,1.11272,1.11489,1.11487,1.11490,1.11358
1999-03-15,1.06639,1.06691,1.11525,1.11693,1.15903,1.16216,1.16213,1.16217,1.16027
1999-03-16,1.06233,1.06282,1.10661,1.10815,1.14551,1.14836,1.14833,1.14837,1.14663
1999-03-17,1.05778,1.05822,1.09695,1.09834,1.13047,1.13300,1.13298,1.13301,1.13147
1999-03-18,1.07475,1.07534,1.13191,1.13385,1.18438,1.18804,1.18801,1.18805,1.18583
1999-03-19,1.05653,1.05695,1.09342,1.09474,1.12397,1.12636,1.12634,1.12637,1.12491
1999-03-22,1.05856,1.05900,1.09709,1.09847,1.12945,1.13195,1.13192,1.13196,1.13044
1999-03-23,1.02809,1.02825,1.03387,1.03425,1.03189,1.03234,1.03234,1.03234,1.03207
1999-03-24,1.03393,1.03415,1.04543,1.04599,1.04911,1.04992,1.04991,1.04992,1.04943
1999-03-25,1.05500,1.05541,1.08780,1.08903,1.11274,1.11488,1.11486,1.11488,1.11358
1999-03-26,1.04739,1.04772,1.07195,1.07292,1.08839,1.09001,1.09000,1.09002,1.08903
1999-03-29,1.06846,1.06899,1.11450,1.11614,1.15292,1.15589,1.15586,1.15590,1.15409
1999-03-30,1.06288,1.06335,1.10269,1.10414,1.13455,1.13714,1.13711,1.13715,1.13557
1999-03-31,1.04587,1.04618,1.06727,1.06816,1.07991,1.08135,1.08134,1.08135,1.08048
1999-04-01,1.05374,1.05413,1.08314,1.08428,1.10390,1.10584,1.10582,1.10584,1.10467
1999-04-05,1.07862,1.07923,1.13353,1.13545,1.18059,1.18412,1.18408,1.18413,1.18198
1999-04-06,1.07608,1.07667,1.12802,1.12986,1.17193,1.17528,1.17525,1.17529,1.17326
1999-04-07,1.08472,1.08538,1.14591,1.14803,1.19972,1.20365,1.20361,1.20366,1.20127
1999-04-08,1.09843,1.09922,1.17466,1.17723,1.24475,1.24961,1.24957,1.24963,1.24667
1999-04-09,1.09868,1.09947,1.17502,1.17759,1.24525,1.25012,1.25008,1.25014,1.24717
1999-04-12,1.11036,1.11126,1.19941,1.20237,1.28379,1.28946,1.28941,1.28948,1.28603
1999-04-13,1.10325,1.10408,1.18389,1.18660,1.25883,1.26397,1.26393,1.26399,1.26086
1999-04-14,1.08472,1.08537,1.14399,1.14606,1.19519,1.19900,1.19897,1.19901,1.19669
1999-04-15,1.08066,1.08127,1.13525,1.13719,1.18146,1.18499,1.18495,1.18500,1.18285
1999-04-16,1.07152,1.07205,1.11591,1.11753,1.15124,1.15412,1.15410,1.15413,1.15238
1999-04-19,1.05501,1.05539,1.08107,1.08214,1.09722,1.09897,1.09896,1.09898,1.09792
1999-04-20,1.06822,1.06871,1.10792,1.10941,1.13798,1.14057,1.14055,1.14058,1.13900
1999-04-21,1.09869,1.09946,1.17084,1.17333,1.23473,1.23935,1.23931,1.23937,1.23656
1999-04-22,1.10910,1.10997,1.19281,1.19564,1.26939,1.27473,1.27468,1.27475,1.27150
1999-04-23,1.10630,1.10715,1.18663,1.18936,1.25946,1.26459,1.26454,1.26461,1.26148
1999-04-26,1.11265,1.11355,1.19967,1.20260,1.28000,1.28555,1.28550,1.28557,1.28219
1999-04-27,1.11798,1.11893,1.21096,1.21407,1.29798,1.30391,1.30385,1.30393,1.30032
1999-04-28,1.10275,1.10355,1.17781,1.18039,1.24467,1.24948,1.24944,1.24950,1.24657
1999-04-29,1.09437,1.09510,1.15975,1.16205,1.21601,1.22022,1.22018,1.22023,1.21767
1999-04-30,1.08549,1.08613,1.14076,1.14275,1.18611,1.18969,1.18966,1.18970,1.18753
1999-05-03,1.10529,1.10611,1.18177,1.18441,1.24981,1.25471,1.25466,1.25472,1.25174
1999-05-04,1.08955,1.09023,1.14797,1.15007,1.19617,1.19995,1.19992,1.19996,1.19767
1999-05-05,1.09818,1.09894,1.16595,1.16833,1.22417,1.22853,1.22849,1.22855,1.22589
1999-05-06,1.09145,1.09215,1.15150,1.15364,1.20137,1.20525,1.20521,1.20526,1.20290
1999-05-07,1.09971,1.10047,1.16869,1.17111,1.22818,1.23262,1.23258,1.23264,1.22994
1999-05-10,1.09425,1.09496,1.15654,1.15876,1.20885,1.21287,1.21283,1.21289,1.21044
1999-05-11,1.10529,1.10611,1.17967,1.18225,1.24499,1.24977,1.24973,1.24979,1.24688
1999-05-12,1.11393,1.11482,1.19787,1.20075,1.27372,1.27910,1.27904,1.27911,1.27584
1999-05-13,1.11875,1.11968,1.20804,1.21107,1.28985,1.29556,1.29551,1.29558,1.29210
1999-05-14,1.08981,1.09047,1.14543,1.14746,1.18960,1.19321,1.19318,1.19322,1.19103
1999-05-17,1.09311,1.09380,1.15180,1.15393,1.19931,1.20312,1.20308,1.20313,1.20082
1999-05-18,1.09108,1.09175,1.14734,1.14940,1.19228,1.19594,1.19591,1.19595,1.19373
1999-05-19,1.09895,1.09969,1.16368,1.16599,1.21766,1.22184,1.22180,1.22186,1.21931
1999-05-20,1.09235,1.09303,1.14953,1.15162,1.19541,1.19913,1.19909,1.19914,1.19688
1999-05-21,1.08625,1.08688,1.13654,1.13842,1.17511,1.17840,1.17837,1.17841,1.17641
1999-05-24,1.06823,1.06868,1.09833,1.09960,1.11572,1.11776,1.11774,1.11777,1.11653
1999-05-25,1.05096,1.05126,1.06271,1.06341,1.06146,1.06236,1.06235,1.06237,1.06183
1999-05-26,1.06264,1.06305,1.08611,1.08718,1.09641,1.09804,1.09803,1.09805,1.09706
1999-05-27,1.04741,1.04767,1.05485,1.05542,1.04908,1.04972,1.04971,1.04972,1.04934
1999-05-28,1.06074,1.06112,1.08148,1.08247,1.08869,1.09015,1.05955,1.09015,1.08927
1999-06-01,1.05706,1.05740,1.07328,1.07414,1.07608,1.07727,1.04863,1.07728,1.07656
1999-06-02,1.05807,1.05843,1.07517,1.07605,1.07885,1.08009,1.05134,1.08010,1.07935
1999-06-03,1.06391,1.06432,1.08683,1.08790,1.09633,1.09793,1.06843,1.09794,1.09697
1999-06-04,1.08524,1.08584,1.13016,1.13190,1.16172,1.16469,1.13240,1.16470,1.16290
1999-06-07,1.08804,1.08866,1.13542,1.13725,1.16964,1.17277,1.14014,1.17278,1.17088
1999-06-08,1.07737,1.07790,1.11302,1.11449,1.13501,1.13741,1.10626,1.13741,1.13596
1999-06-09,1.07636,1.07687,1.11074,1.11218,1.13147,1.13379,1.10280,1.13380,1.13239
1999-06-10,1.06646,1.06688,1.09016,1.09127,1.10000,1.10166,1.07202,1.10167,1.10067
1999-06-11,1.05757,1.05791,1.07185,1.07266,1.07226,1.07334,1.04489,1.07335,1.07270
1999-06-14,1.05859,1.05893,1.07338,1.07420,1.07437,1.07548,1.04695,1.07549,1.07482
1999-06-15,1.06570,1.06610,1.08759,1.08864,1.09562,1.09717,1.06773,1.09718,1.09624
1999-06-16,1.08601,1.08660,1.12880,1.13050,1.15773,1.16058,1.12849,1.16059,1.15886
1999-06-17,1.09617,1.09685,1.14969,1.15172,1.18977,1.19329,1.15983,1.19330,1.19116
1999-06-18,1.09743,1.09812,1.15215,1.15422,1.19351,1.19711,1.16349,1.19712,1.19494
1999-06-21,1.09998,1.10069,1.15692,1.15906,1.20072,1.20446,1.17054,1.20447,1.20220
1999-06-22,1.09234,1.09298,1.14069,1.14257,1.17541,1.17862,1.14578,1.17863,1.17668
1999-06-23,1.08699,1.08758,1.12935,1.13105,1.15784,1.16068,1.12859,1.16068,1.15897
1999-06-24,1.07884,1.07936,1.11226,1.11368,1.13152,1.13381,1.10285,1.13381,1.13243
1999-06-25,1.07617,1.07666,1.10657,1.10790,1.12279,1.12489,1.09431,1.12490,1.12363
1999-06-28,1.08928,1.08989,1.13295,1.13469,1.16269,1.16561,1.13333,1.16562,1.16385
1999-06-29,1.09947,1.10017,1.15391,1.15598,1.19485,1.19844,1.16479,1.19845,1.19627
1999-06-30,1.11934,1.12021,1.19535,1.19807,1.25906,1.26399,1.22760,1.26401,1.26101
1999-07-01,1.12774,1.12869,1.21307,1.21608,1.28696,1.29248,1.25490,1.29249,1.28914
1999-07-02,1.13895,1.14000,1.23694,1.24033,1.32484,1.33114,1.29195,1.33116,1.32733
1999-07-06,1.13869,1.13974,1.23558,1.23893,1.32236,1.32860,1.28952,1.32862,1.32483
1999-07-07,1.14022,1.14128,1.23869,1.24209,1.32728,1.33362,1.29433,1.33364,1.32978
1999-07-08,1.14111,1.14218,1.24043,1.24385,1.32998,1.33638,1.29697,1.33640,1.33251
1999-07-09,1.14786,1.14899,1.25488,1.25853,1.35312,1.36000,1.31961,1.36002,1.35584
1999-07-12,1.14277,1.14385,1.24314,1.24660,1.33393,1.34039,1.30083,1.34041,1.33648
1999-07-13,1.13870,1.13973,1.23408,1.23739,1.31929,1.32545,1.28652,1.32547,1.32172
1999-07-14,1.14506,1.14616,1.24766,1.25118,1.34097,1.34758,1.30772,1.34760,1.34358
1999-07-15,1.15232,1.15348,1.26325,1.26702,1.36600,1.37313,1.33221,1.37315,1.36882
1999-07-16,1.15856,1.15978,1.27670,1.28068,1.38773,1.39531,1.35346,1.39533,1.39072
1999-07-19,1.15092,1.15207,1.25926,1.26296,1.35908,1.36606,1.32544,1.36608,1.36184
1999-07-20,1.12737,1.12829,1.20758,1.21046,1.27542,1.28063,1.24359,1.28065,1.27748
1999-07-21,1.12609,1.12701,1.20466,1.20749,1.27073,1.27584,1.23900,1.27586,1.27275
1999-07-22,1.11132,1.11210,1.17291,1.17524,1.22047,1.22454,1.18985,1.22455,1.22208
1999-07-23,1.10916,1.10991,1.16816,1.17041,1.21300,1.21690,1.18254,1.21692,1.21455
1999-07-26,1.10101,1.10169,1.15045,1.15241,1.18525,1.18856,1.15539,1.18858,1.18657
1999-07-27,1.11018,1.11094,1.16939,1.17165,1.21442,1.21834,1.18392,1.21835,1.21597
1999-07-28,1.11374,1.11453,1.17670,1.17907,1.22572,1.22987,1.19497,1.22989,1.22736
1999-07-29,1.09821,1.09886,1.14373,1.14558,1.17420,1.17727,1.14458,1.17728,1.17542
1999-07-30,1.08471,1.08523,1.11548,1.11687,1.13067,1.13284,1.10200,1.13284,1.13154
1999-08-02,1.08726,1.08780,1.12015,1.12162,1.13758,1.13988,1.10095,1.13989,1.13850
1999-08-03,1.08216,1.08266,1.10949,1.11078,1.12130,1.12325,1.10109,1.12326,1.12208
1999-08-04,1.06739,1.06775,1.07907,1.07988,1.07518,1.07617,1.10123,1.07617,1.07558
1999-08-05,1.07707,1.07752,1.09842,1.09954,1.10400,1.10558,1.10136,1.10559,1.10464
1999-08-06,1.06536,1.06570,1.07439,1.07512,1.06776,1.06858,1.10150,1.06858,1.06809
1999-08-09,1.06307,1.06338,1.06924,1.06988,1.05991,1.06056,1.10191,1.07299,1.06018
1999-08-10,1.05135,1.05156,1.04554,1.04580,1.02466,1.02457,1.10205,1.07312,1.02464
1999-08-11,1.06409,1.06441,1.07064,1.07130,1.06143,1.06211,1.10220,1.07326,1.06171
1999-08-12,1.06345,1.06376,1.06918,1.06981,1.05920,1.05983,1.10234,1.07340,1.05946
1999-08-13,1.08803,1.08856,1.11832,1.11973,1.13206,1.13421,1.10247,1.07353,1.13292
1999-08-16,1.09287,1.09344,1.12770,1.12925,1.14608,1.14852,1.10288,1.08703,1.14705
1999-08-17,1.10000,1.10064,1.14221,1.14399,1.16810,1.17099,1.10625,1.10801,1.16925
1999-08-18,1.09210,1.09267,1.12565,1.12716,1.14266,1.14502,1.08164,1.08377,1.14361
1999-08-19,1.08319,1.08367,1.10712,1.10834,1.11442,1.11619,1.04900,1.05686,1.11513
1999-08-20,1.09414,1.09472,1.12928,1.13085,1.14778,1.15023,1.04913,1.08864,1.14876
1999-08-23,1.11503,1.11580,1.17175,1.17398,1.21223,1.21603,1.08643,1.15006,1.21374
1999-08-24,1.11910,1.11991,1.18010,1.18247,1.22511,1.22917,1.09825,1.16233,1.22672
1999-08-25,1.13056,1.13147,1.20403,1.20677,1.26225,1.26709,1.13237,1.19772,1.26417
1999-08-26,1.11706,1.11785,1.17512,1.17740,1.21677,1.22065,1.09058,1.15438,1.21831
1999-08-27,1.10357,1.10423,1.14657,1.14839,1.17240,1.17535,1.04983,1.11210,1.17358
1999-08-30,1.08319,1.08366,1.10372,1.10486,1.10655,1.10811,0.98932,1.04935,1.10718
1999-08-31,1.07912,1.07955,1.09524,1.09624,1.09375,1.09505,0.99691,1.03715,1.09428
1999-09-01,1.09236,1.09291,1.12188,1.12331,1.13354,1.13566,0.99704,1.07507,1.13439
1999-09-02,1.07950,1.07993,1.09532,1.09632,1.09327,1.09455,0.99717,1.03669,1.09379
1999-09-03,1.11095,1.11167,1.15884,1.16085,1.18817,1.19143,0.99730,1.12713,1.18947
1999-09-07,1.10688,1.10756,1.14957,1.15142,1.17365,1.17659,0.98257,1.11328,1.17482
1999-09-08,1.10153,1.10216,1.13829,1.13996,1.15632,1.15890,0.96799,1.09678,1.15735
1999-09-09,1.10102,1.10164,1.13705,1.13869,1.15437,1.15690,0.96634,1.09491,1.15538
1999-09-10,1.11019,1.11090,1.15576,1.15770,1.18276,1.18589,0.99025,1.12197,1.18401
1999-09-13,1.10268,1.10331,1.13958,1.14125,1.15774,1.16034,0.96918,1.09812,1.15878
1999-09-14,1.09542,1.09599,1.12441,1.12584,1.13460,1.13670,0.94969,1.07607,1.13544
1999-09-15,1.07811,1.07851,1.08873,1.08960,1.08061,1.08158,0.97797,1.02462,1.08101
1999-09-16,1.08231,1.08275,1.09702,1.09802,1.09287,1.09410,0.97810,1.03672,1.09337
1999-09-17,1.09595,1.09651,1.12444,1.12587,1.13372,1.13580,0.97822,1.06198,1.13455
1999-09-20,1.09442,1.09496,1.12075,1.12212,1.12796,1.12991,0.97857,1.05649,1.12874
1999-09-21,1.07143,1.07177,1.07358,1.07419,1.05678,1.05724,0.97869,0.98865,1.05698
1999-09-22,1.07028,1.07060,1.07110,1.07167,1.05307,1.05344,0.97881,0.99916,1.05323
1999-09-23,1.04794,1.04805,1.02628,1.02614,0.98701,0.98601,0.97894,0.99929,0.98664
1999-09-24,1.04691,1.04601,1.02411,1.02312,0.98384,0.98211,0.97906,0.99941,0.98343
1999-09-27,1.05381,1.04640,1.03707,1.02350,1.00230,0.98248,0.97943,0.99979,1.00204
1999-09-28,1.05177,1.04653,1.03288,1.02363,0.99618,0.98260,0.97955,0.99991,0.99587
1999-09-29,1.03925,1.04666,1.00818,1.02376,0.96045,0.98273,0.97967,1.00004,0.95985
1999-09-30,1.05509,1.04680,1.03867,1.02389,1.00388,0.98285,0.97980,1.00017,1.00363
1999-10-01,1.05279,1.04693,1.03398,1.02402,0.99703,0.98298,0.97992,1.00029,0.99673
1999-10-04,1.07144,1.04733,1.07000,1.02441,1.04887,0.98335,0.98030,1.00067,1.04899
1999-10-05,1.07041,1.04571,1.06778,1.02192,1.04556,0.98012,0.98042,1.00080,1.04565
1999-10-06,1.08676,1.06172,1.10015,1.05301,1.09296,1.02483,0.98054,1.00093,1.09344
1999-10-07,1.08063,1.05572,1.08758,1.04094,1.07419,1.00713,0.98067,1.00105,1.07451
1999-10-08,1.09698,1.07173,1.12024,1.07230,1.12243,1.05264,0.98079,1.00118,1.12315
1999-10-11,1.09519,1.06998,1.11603,1.06826,1.11593,1.04650,0.98069,1.00108,1.11659
1999-10-12,1.07833,1.05347,1.08156,1.03515,1.06423,0.99773,0.93529,0.95472,1.06447
1999-10-13,1.05050,1.02620,1.02564,0.98144,0.98177,0.91994,0.91523,0.93423,0.98133
1999-10-14,1.05024,1.02759,1.02497,0.98504,0.98075,0.92545,0.91535,0.93436,0.98029
1999-10-15,1.02343,1.02772,0.97256,0.98517,0.90561,0.92557,0.91547,0.93448,0.90454
1999-10-18,1.03083,1.02813,0.98610,0.98556,0.92432,0.92593,0.91583,0.93485,0.90503
1999-10-19,1.04079,1.02827,1.00494,0.98569,0.95070,0.92606,0.91595,0.93497,0.90515
1999-10-20,1.05101,1.02840,1.02445,0.98582,0.97827,0.92618,0.91607,0.93510,0.90527
1999-10-21,1.05714,1.02854,1.03619,0.98595,0.99500,0.92630,0.91619,0.93522,0.94186
1999-10-22,1.06608,1.02868,1.05350,0.98608,1.01982,0.92643,0.91632,0.93535,0.96492
1999-10-25,1.06072,1.02909,1.04237,0.98647,1.00350,0.92680,0.91668,0.93572,0.94977
1999-10-26,1.04744,1.02922,1.01615,0.98660,0.96564,0.92692,0.91680,0.93584,0.91460
1999-10-27,1.06634,1.02936,1.05256,0.98674,1.01738,0.92704,0.91692,0.93597,0.92550
1999-10-28,1.10260,1.02950,1.12383,0.98687,1.12046,0.92717,0.91705,0.93609,0.96967
1999-10-29,1.12252,1.03749,1.16417,1.00282,1.18063,0.94997,0.93960,0.95909,1.02466
1999-11-01,1.11078,1.02649,1.13923,0.98083,1.14253,0.91826,0.90823,0.92711,0.98981
1999-11-02,1.10286,1.01908,1.12282,0.96636,1.11780,0.89769,0.88788,0.90636,0.96720
1999-11-03,1.11027,1.02601,1.13768,0.97945,1.13989,0.91605,0.90605,0.92489,0.98738
1999-11-04,1.11870,1.03389,1.15472,0.99447,1.16540,0.93727,0.92704,0.94628,1.01069
1999-11-05,1.12968,1.04417,1.17715,1.01424,1.19924,0.96541,0.95488,0.97466,1.04162
1999-11-08,1.13070,1.04512,1.17866,1.01556,1.20131,0.96713,0.95658,0.97639,1.04349
1999-11-09,1.12010,1.03520,1.15639,0.99593,1.16724,0.93877,0.92853,0.94780,1.01233
1999-11-10,1.12840,1.04297,1.17330,1.01083,1.19272,0.95997,0.94950,0.96918,1.03562
1999-11-11,1.13479,1.04894,1.18634,1.02232,1.21252,0.97643,0.96579,0.98578,1.05371
1999-11-12,1.14500,1.05850,1.20746,1.04093,1.24477,1.00326,0.99233,1.01283,1.08319
1999-11-15,1.14769,1.06101,1.21246,1.04533,1.25226,1.00948,0.99848,1.01910,1.09001
1999-11-16,1.15726,1.06997,1.23245,1.06295,1.28311,1.03513,1.02386,1.04498,1.11820
1999-11-17,1.16033,1.07284,1.23875,1.06850,1.29285,1.04323,1.03187,1.05314,1.12710
1999-11-18,1.16850,1.08049,1.25595,1.08366,1.31967,1.06554,1.05394,1.07564,1.15161
1999-11-19,1.16748,1.07953,1.25353,1.08152,1.31579,1.06230,1.05073,1.07237,1.14805
1999-11-22,1.16723,1.07929,1.25232,1.08044,1.31362,1.06049,1.04894,1.07054,1.14605
1999-11-23,1.15701,1.06972,1.23021,1.06095,1.27879,1.03150,1.02027,1.04132,1.11419
1999-11-24,1.16314,1.07546,1.24300,1.07222,1.29863,1.04801,1.03659,1.05796,1.13233
1999-11-26,1.15880,1.07139,1.23329,1.06365,1.28326,1.03521,1.02393,1.04506,1.11826
1999-11-29,1.15472,1.06756,1.22394,1.05540,1.26844,1.02287,1.01172,1.03261,1.10469
1999-11-30,1.14118,1.05489,1.19507,1.02995,1.22353,0.98550,0.97476,0.99493,1.06362
1999-12-01,1.15037,1.06349,1.21408,1.04671,1.25262,1.00969,0.99869,1.01932,1.09020
1999-12-02,1.15727,1.06995,1.22840,1.05932,1.27466,1.02803,1.01683,1.03781,1.11035
1999-12-03,1.17847,1.08979,1.27311,1.09873,1.34410,1.08578,1.07396,1.09606,1.17381
1999-12-06,1.16979,1.08165,1.25370,1.08161,1.31313,1.06000,1.04846,1.07006,1.14547
1999-12-07,1.16034,1.07281,1.23325,1.06358,1.28095,1.03323,1.02198,1.04306,1.11605
1999-12-08,1.15293,1.06587,1.21731,1.04952,1.25607,1.01253,1.00149,1.02218,1.09330
1999-12-09,1.15855,1.07113,1.22894,1.05977,1.27397,1.02741,1.01622,1.03720,1.10965
1999-12-10,1.16238,1.07471,1.23684,1.06673,1.28615,1.03754,1.02624,1.04741,1.12078
1999-12-13,1.16443,1.07662,1.24051,1.06996,1.29163,1.04209,1.03074,1.05199,1.12577
1999-12-14,1.15319,1.06610,1.21638,1.04868,1.25390,1.01070,0.99968,1.02034,1.09127
1999-12-15,1.15932,1.07184,1.22907,1.05987,1.27342,1.02692,1.01574,1.03670,1.10910
1999-12-16,1.16443,1.07662,1.23966,1.06920,1.28977,1.04053,1.02919,1.05042,1.12404
1999-12-17,1.17189,1.08360,1.25529,1.08298,1.31406,1.06073,1.04918,1.07079,1.14624
1999-12-20,1.16344,1.07568,1.23653,1.06643,1.28437,1.03601,1.02473,1.04587,1.11907
1999-12-21,1.18111,1.09222,1.27379,1.09927,1.34227,1.08418,1.07237,1.09444,1.17199
1999-12-22,1.18418,1.09509,1.28017,1.10489,1.35226,1.09247,1.08058,1.10281,1.18111
1999-12-23,1.20300,1.11270,1.32056,1.14049,1.41609,1.14557,1.13311,1.15636,1.23946
1999-12-27,1.20133,1.11114,1.31594,1.13640,1.40829,1.13906,1.12667,1.14979,1.23229
1999-12-28,1.20057,1.11042,1.31402,1.13470,1.40512,1.13642,1.12405,1.14712,1.22938
1999-12-29,1.20569,1.11521,1.32497,1.14436,1.42258,1.15094,1.13842,1.16177,1.24533
1999-12-30,1.20428,1.11389,1.32165,1.14142,1.41713,1.14640,1.13394,1.15720,1.24035
1999-12-31,1.20620,1.11569,1.32562,1.14492,1.42343,1.15164,1.13911,1.16248,1.24610
2000-01-03,1.19442,1.10466,1.29905,1.12149,1.38040,1.11583,1.10369,1.12636,1.20674
2000-01-04,1.14783,1.06104,1.19760,1.03206,1.21877,0.98137,0.97066,0.99076,1.05897
2000-01-05,1.14988,1.06296,1.20165,1.03562,1.22486,0.98643,0.97567,0.99587,1.06453
2000-01-06,1.13144,1.04570,1.16297,1.00152,1.16571,0.93722,0.92699,0.94624,1.01045
2000-01-07,1.19699,1.10705,1.29726,1.11989,1.36725,1.10487,1.09285,1.11531,1.19468
2000-01-10,1.20108,1.11088,1.30542,1.12707,1.37987,1.11535,1.10322,1.12589,1.20620
2000-01-11,1.18675,1.09746,1.27406,1.09943,1.33011,1.07395,1.06226,1.08414,1.16070
2000-01-12,1.17497,1.08643,1.24858,1.07696,1.29016,1.04072,1.02938,1.05062,1.12417
2000-01-13,1.19084,1.10129,1.28203,1.10645,1.34187,1.08372,1.07193,1.09399,1.17143
2000-01-14,1.20697,1.11638,1.31648,1.13681,1.39580,1.12858,1.11631,1.13923,1.22072
2000-01-18,1.19750,1.10751,1.29488,1.11776,1.36113,1.09972,1.08775,1.11012,1.18899
2000-01-19,1.20723,1.11661,1.31566,1.13607,1.39376,1.12686,1.11460,1.13749,1.21881
2000-01-20,1.18880,1.09936,1.27529,1.10048,1.32958,1.07347,1.06178,1.08365,1.16014
2000-01-21,1.18624,1.09696,1.26957,1.09543,1.32056,1.06596,1.05435,1.07607,1.15188
2000-01-24,1.15270,1.06556,1.19719,1.03161,1.20749,0.97188,0.96128,0.98120,1.04849
2000-01-25,1.16576,1.07778,1.22404,1.05529,1.24798,1.00556,0.99460,1.01517,1.08550
2000-01-26,1.15654,1.06915,1.20449,1.03805,1.21804,0.98065,0.96995,0.99004,1.05811
2000-01-27,1.15193,1.06484,1.19468,1.02940,1.20310,0.96821,0.95765,0.97750,1.04444
2000-01-28,1.11609,1.03129,1.12024,0.96377,1.09071,0.87472,0.86516,0.88322,0.94170
2000-01-31,1.14630,1.05956,1.18014,1.01656,1.17783,0.94717,0.86306,0.88108,1.02131
2000-02-01,1.15757,1.07010,1.20307,1.03677,1.21202,0.97561,0.88406,0.90254,1.05256
2000-02-02,1.15859,1.07106,1.20496,1.03844,1.21480,0.97792,0.88610,0.90463,1.05509
2000-02-03,1.17600,1.08735,1.24089,1.07010,1.26897,1.02298,0.92595,0.94537,1.10460
2000-02-04,1.17114,1.08280,1.23041,1.06086,1.25283,1.00954,0.91407,0.93322,1.08983
2000-02-07,1.16935,1.08111,1.22595,1.05692,1.24577,1.00365,0.90888,0.92791,1.08335
2000-02-08,1.18522,1.09597,1.25895,1.08600,1.29592,1.04536,0.94577,0.96563,1.12919
2000-02-09,1.16039,1.07272,1.20603,1.03935,1.21422,0.97740,0.88566,0.90418,1.05449
2000-02-10,1.16269,1.07488,1.21059,1.04336,1.22100,0.98304,0.89065,0.90928,1.06069
2000-02-11,1.13914,1.05283,1.16139,0.99999,1.14659,0.92113,0.83590,0.85331,0.99265
2000-02-14,1.14580,1.05905,1.17428,1.01134,1.16541,0.93677,0.84975,0.86747,1.00983
2000-02-15,1.15873,1.07115,1.20052,1.03447,1.20433,0.96914,0.87838,0.89673,1.04540
2000-02-16,1.14170,1.05522,1.16507,1.00321,1.15098,0.92475,0.83912,0.85660,0.99662
2000-02-17,1.13581,1.04970,1.15285,0.99244,1.13282,0.90964,0.82576,0.84294,0.98001
2000-02-18,1.11149,1.02693,1.10334,0.94879,1.05989,0.84896,0.83563,0.78809,0.91333
2000-02-22,1.10868,1.02497,1.09692,0.94607,1.05035,0.84568,0.83613,0.78513,0.90457
2000-02-23,1.12174,1.02513,1.12250,0.94621,1.08695,0.84581,0.83626,0.78525,0.93802
2000-02-24,1.09921,1.00273,1.07727,0.90545,1.02130,0.79146,0.83638,0.78537,0.87799
2000-02-25,1.09524,1.01208,1.06930,0.92321,1.00991,0.81514,0.83651,0.78549,0.90566
2000-02-28,1.11815,1.01253,1.11334,0.92363,1.07196,0.81551,0.83689,0.78585,0.90607
2000-02-29,1.12891,1.02195,1.13450,0.94136,1.10239,0.83924,0.83702,0.78596,0.93245
2000-03-01,1.13710,1.02939,1.15071,0.95486,1.12591,0.85721,0.83714,0.79897,0.95243
2000-03-02,1.13787,1.03008,1.15205,0.95597,1.12778,0.85864,0.83727,0.80031,0.95402
2000-03-03,1.15912,1.04937,1.19478,0.99156,1.19035,0.90645,0.83739,0.84513,1.00717
2000-03-06,1.14786,1.03915,1.17090,0.97168,1.15447,0.87903,0.81720,0.81943,0.97668
2000-03-07,1.12571,1.01904,1.12557,0.93392,1.08745,0.82782,0.76989,0.77141,0.91975
2000-03-08,1.12430,1.01777,1.12255,0.93140,1.08299,0.82441,0.75951,0.76822,0.91596
2000-03-09,1.15707,1.04751,1.18765,0.98562,1.17696,0.89622,0.75963,0.77381,0.99579
2000-03-10,1.15093,1.04194,1.17482,0.97494,1.15785,0.88161,0.75775,0.77189,0.97955
2000-03-13,1.13839,1.03055,1.14857,0.95307,1.11885,0.85181,0.73246,0.74615,0.94642
2000-03-14,1.12226,1.01591,1.11586,0.92583,1.07105,0.81528,0.74249,0.71459,0.90581
2000-03-15,1.14837,1.03961,1.16747,0.96882,1.14515,0.87191,0.74260,0.71777,0.96876
2000-03-16,1.20188,1.08818,1.27585,1.05907,1.30428,0.99351,0.74272,0.78949,1.10394
2000-03-17,1.20980,1.09538,1.29240,1.07286,1.32954,1.01281,0.75902,0.80538,1.12539
2000-03-20,1.20365,1.08978,1.27850,1.06128,1.30783,0.99622,0.74660,0.79170,1.10695
2000-03-21,1.22829,1.11215,1.33052,1.10460,1.38745,1.05707,0.79215,0.84182,1.17459
2000-03-22,1.23573,1.11891,1.34636,1.11780,1.41211,1.07591,0.80625,0.85734,1.19553
2000-03-23,1.25678,1.13801,1.39190,1.15572,1.48357,1.13052,0.84713,0.90233,1.25624
2000-03-24,1.26422,1.14477,1.40810,1.16920,1.50933,1.15021,0.86187,0.91854,1.27813
2000-03-27,1.25088,1.13265,1.37757,1.14378,1.45997,1.11249,0.83363,0.88745,1.23619
2000-03-28,1.24369,1.12613,1.36150,1.13040,1.43434,1.09290,0.81897,0.87131,1.21442
2000-03-29,1.24497,1.12730,1.36404,1.13251,1.43824,1.09588,0.82120,0.87376,1.21773
2000-03-30,1.22418,1.10842,1.31828,1.09440,1.36583,1.04054,0.77978,0.82817,1.15622
2000-03-31,1.23804,1.12101,1.34783,1.11901,1.41161,1.07553,0.80596,0.85698,1.19511
2000-04-03,1.24523,1.12753,1.36266,1.13136,1.43459,1.09309,0.81911,0.87143,1.21463
2000-04-04,1.23599,1.11914,1.34220,1.11432,1.40221,1.06834,0.80059,0.85104,1.18712
2000-04-05,1.22829,1.11215,1.32524,1.10020,1.37556,1.04797,0.78534,0.83426,1.16448
2000-04-06,1.23895,1.12182,1.34794,1.11910,1.41076,1.07487,0.80547,0.85641,1.19438
2000-04-07,1.24677,1.12893,1.36469,1.13305,1.43692,1.09487,0.82044,0.87288,1.21660
2000-04-10,1.24190,1.12450,1.35322,1.12350,1.41853,1.08081,0.80992,0.86128,1.20098
2000-04-11,1.23831,1.12124,1.34514,1.11677,1.40573,1.07102,0.80260,0.85322,1.19010
2000-04-12,1.20443,1.09048,1.27137,1.05533,1.29011,0.98267,0.73646,0.78042,1.09189
2000-04-13,1.18774,1.07534,1.23596,1.02584,1.23619,0.94146,0.70561,0.74646,1.04608
2000-04-14,1.11998,1.01383,1.09493,0.90838,1.02480,0.77992,0.58469,0.61337,0.86650
2000-04-17,1.15900,1.00680,1.17042,0.89667,1.13036,0.76524,0.57371,0.60126,0.85019
2000-04-18,1.18954,1.03393,1.23178,0.94553,1.21902,0.82803,0.57380,0.65055,0.91988
2000-04-19,1.17851,1.02432,1.20872,0.92780,1.18475,0.80471,0.55679,0.63224,0.89399
2000-04-20,1.18415,1.02924,1.22005,0.93651,1.20130,0.81597,0.56460,0.64108,0.90649
2000-04-24,1.17132,1.01806,1.19271,0.91548,1.16064,0.78830,0.54541,0.61936,0.87578
2000-04-25,1.21983,1.06029,1.29110,0.99115,1.30395,0.88584,0.57214,0.69593,0.98404
2000-04-26,1.20610,1.04834,1.26183,0.96864,1.25957,0.85563,0.55432,0.67222,0.95051
2000-04-27,1.20212,1.04488,1.25327,0.96206,1.24669,0.84686,0.54865,0.66534,0.94078
2000-04-28,1.19468,1.03840,1.23754,0.94996,1.22316,0.83084,0.53829,0.65276,0.92300
2000-05-01,1.21085,1.05247,1.27027,0.97513,1.27135,0.86364,0.55950,0.67851,0.95941
2000-05-02,1.18672,1.03147,1.21948,0.93607,1.19511,0.81176,0.52594,0.63778,0.90182
2000-05-03,1.15900,1.00734,1.16236,0.89215,1.11119,0.75464,0.48900,0.59294,0.83842
2000-05-04,1.16773,1.01494,1.17961,0.90541,1.13580,0.77139,0.50148,0.60608,0.85701
2000-05-05,1.18185,1.02723,1.20785,0.92712,1.17643,0.79904,0.50156,0.62780,0.88771
2000-05-08,1.17300,1.01952,1.18907,0.91268,1.14878,0.78022,0.49766,0.61302,0.86682
2000-05-09,1.16363,1.01136,1.16987,0.89792,1.12092,0.76126,0.50346,0.59813,0.84577
2000-05-10,1.13745,0.98857,1.11709,0.85733,1.04510,0.70966,0.50354,0.55762,0.78850
2000-05-11,1.16337,1.00191,1.16768,0.88125,1.11589,0.73965,0.50362,0.58117,0.84197
2000-05-12,1.17595,1.00820,1.19265,0.89283,1.15153,0.75448,0.50370,0.59279,0.86889
2000-05-15,1.19623,1.02570,1.23299,0.92337,1.20960,0.79318,0.50394,0.62312,0.91276
2000-05-16,1.20778,1.03566,1.25651,0.94118,1.24407,0.81616,0.50464,0.64113,0.93880
2000-05-17,1.19520,1.02481,1.23013,0.92120,1.20485,0.79001,0.48821,0.62063,0.90917
2000-05-18,1.18057,1.01219,1.19982,0.89825,1.16030,0.76031,0.46954,0.59736,0.87551
2000-05-19,1.16209,0.99624,1.16208,0.86967,1.10556,0.72382,0.44661,0.56877,0.83417
2000-05-22,1.15337,0.98871,1.14398,0.85596,1.07954,0.70646,0.44738,0.56974,0.81451
2000-05-23,1.13643,0.97409,1.11022,0.83039,1.03176,0.67460,0.44745,0.56982,0.77841
2000-05-24,1.15491,0.97315,1.14603,0.82958,1.08151,0.67395,0.44752,0.56991,0.81600
2000-05-25,1.13514,0.95265,1.10666,0.79512,1.02580,0.63217,0.44759,0.57000,0.77391
2000-05-26,1.13643,0.95844,1.10894,0.80559,1.02890,0.64502,0.44766,0.57009,0.78939
2000-05-30,1.17339,0.95902,1.18008,0.80608,1.12740,0.64541,0.44793,0.57044,0.78987
2000-05-31,1.17596,0.95994,1.18501,0.80811,1.13437,0.64805,0.44800,0.57277,0.79310
2000-06-01,1.19649,0.97675,1.22609,0.83625,1.19319,0.68188,0.44807,0.60270,0.83442
2000-06-02,1.21728,0.99377,1.26840,0.86523,1.25477,0.71729,0.43743,0.63403,0.87768
2000-06-05,1.21138,0.98894,1.25537,0.85631,1.23520,0.70604,0.43005,0.62407,0.86393
2000-06-06,1.20599,0.98452,1.24397,0.84850,1.21831,0.69632,0.42369,0.61548,0.85206
2000-06-07,1.21433,0.99135,1.26091,0.86010,1.24306,0.71056,0.43300,0.62807,0.86945
2000-06-08,1.20959,0.98747,1.25082,0.85319,1.22807,0.70193,0.42735,0.62044,0.85892
2000-06-09,1.20702,0.98537,1.24527,0.84939,1.21983,0.69719,0.42424,0.61625,0.85313
2000-06-12,1.19290,0.97381,1.21546,0.82896,1.17583,0.67188,0.40766,0.59386,0.82221
2000-06-13,1.21523,0.99209,1.26065,0.85992,1.24121,0.70949,0.43227,0.62712,0.86815
2000-06-14,1.21729,0.99377,1.26466,0.86267,1.24703,0.71284,0.43445,0.63008,0.87224
2000-06-15,1.21986,0.99587,1.26974,0.86615,1.25445,0.71710,0.43724,0.63386,0.87744
2000-06-16,1.20986,0.98769,1.24871,0.85174,1.22324,0.69915,0.42548,0.61798,0.85552
2000-06-19,1.22530,1.00032,1.27980,0.87304,1.26859,0.72523,0.44254,0.64105,0.88738
2000-06-20,1.22092,0.99674,1.27043,0.86662,1.25459,0.71718,0.43726,0.63393,0.87754
2000-06-21,1.22041,0.99632,1.26912,0.86572,1.25256,0.71601,0.43649,0.63289,0.87611
2000-06-22,1.20188,0.98116,1.23041,0.83920,1.19525,0.68305,0.41491,0.60373,0.83585
2000-06-23,1.19159,0.97273,1.20913,0.82462,1.16421,0.66520,0.40322,0.58794,0.81405
2000-06-26,1.20690,0.98526,1.23944,0.84539,1.20766,0.69018,0.41956,0.61004,0.84457
2000-06-27,1.19803,0.97800,1.22100,0.83275,1.18067,0.67466,0.40939,0.59631,0.82560
2000-06-28,1.20137,0.98073,1.22757,0.83725,1.19010,0.68008,0.41294,0.60111,0.83223
2000-06-29,1.19005,0.97146,1.20424,0.82127,1.15614,0.66055,0.40015,0.58383,0.80837
2000-06-30,1.19906,0.97884,1.22220,0.83357,1.18187,0.67535,0.40983,0.59692,0.82645
2000-07-03,1.21552,0.99232,1.25499,0.85604,1.22911,0.70252,0.42759,0.62095,0.85964
2000-07-05,1.19366,0.97441,1.20942,0.82481,1.16208,0.66396,0.40235,0.58685,0.81254
2000-07-06,1.20292,0.98200,1.22791,0.83748,1.18861,0.67922,0.41233,0.60034,0.83118
2000-07-07,1.22222,0.99780,1.26700,0.86426,1.24518,0.71176,0.43362,0.62913,0.87092
2000-07-10,1.22016,0.99611,1.26198,0.86082,1.23752,0.70735,0.43072,0.62523,0.86554
2000-07-11,1.22273,0.99822,1.26704,0.86428,1.24486,0.71157,0.43347,0.62896,0.87069
2000-07-12,1.23071,1.00475,1.28329,0.87542,1.26868,0.72527,0.44243,0.64108,0.88743
2000-07-13,1.23611,1.00917,1.29428,0.88294,1.28486,0.73457,0.44852,0.64931,0.89879
2000-07-14,1.24820,1.01907,1.31930,0.90008,1.32197,0.75591,0.46248,0.66819,0.92486
2000-07-17,1.24615,1.01738,1.31415,0.89656,1.31394,0.75130,0.45944,0.66410,0.91922
2000-07-18,1.23599,1.00906,1.29249,0.88171,1.28139,0.73257,0.44718,0.64754,0.89635
2000-07-19,1.22608,1.00095,1.27154,0.86736,1.25019,0.71463,0.43543,0.63167,0.87443
2000-07-20,1.24306,1.01486,1.30645,0.89128,1.30150,0.74414,0.45474,0.65777,0.91048
2000-07-21,1.21888,0.99506,1.25543,0.85632,1.22526,0.70029,0.42603,0.61898,0.85692
2000-07-24,1.21193,0.98937,1.24038,0.84601,1.20300,0.68748,0.41763,0.60765,0.84127
2000-07-25,1.21579,0.99253,1.24802,0.85124,1.21400,0.69381,0.42177,0.61325,0.84900
2000-07-26,1.20396,0.98284,1.22351,0.83445,1.17820,0.67322,0.40829,0.59503,0.82385
2000-07-27,1.19984,0.97947,1.21491,0.82856,1.16570,0.66603,0.40358,0.58867,0.81507
2000-07-28,1.17283,0.95735,1.16005,0.79098,1.08679,0.62064,0.37387,0.54852,0.75964
2000-07-31,1.18029,0.96211,1.17407,0.79961,1.10622,0.63110,0.38070,0.55777,0.77328
2000-08-01,1.18750,0.96303,1.18814,0.80160,1.12598,0.63366,0.38076,0.55787,0.78716
2000-08-02,1.19341,0.96786,1.19972,0.80951,1.14232,0.64302,0.38082,0.56555,0.79864
2000-08-03,1.20165,0.97458,1.21600,0.82063,1.16544,0.65627,0.38089,0.57703,0.81488
2000-08-04,1.20808,0.97984,1.22874,0.82934,1.18364,0.66671,0.38095,0.58608,0.82767
2000-08-07,1.22249,0.99160,1.25725,0.84882,1.22449,0.69011,0.39129,0.60638,0.85637
2000-08-08,1.22712,0.99538,1.26650,0.85514,1.23790,0.69779,0.39562,0.61304,0.86578
2000-08-09,1.21683,0.98698,1.24503,0.84046,1.20638,0.67973,0.38543,0.59737,0.84364
2000-08-10,1.21091,0.98214,1.23269,0.83203,1.18837,0.66940,0.37961,0.58843,0.83099
2000-08-11,1.21657,0.98676,1.24394,0.83972,1.20453,0.67866,0.38483,0.59645,0.84234
2000-08-14,1.23201,0.99937,1.27469,0.86072,1.24884,0.70405,0.39916,0.61847,0.87347
2000-08-15,1.23098,0.99853,1.27230,0.85909,1.24524,0.70199,0.39799,0.61668,0.87094
2000-08-16,1.22661,0.99495,1.26301,0.85274,1.23153,0.69413,0.39356,0.60987,0.86130
2000-08-17,1.23947,1.00546,1.28920,0.87063,1.26968,0.71599,0.40589,0.62882,0.88810
2000-08-18,1.23536,1.00210,1.28039,0.86461,1.25658,0.70848,0.40165,0.62232,0.87890
2000-08-21,1.24205,1.00756,1.29344,0.87353,1.27548,0.71931,0.40776,0.63171,0.89218
2000-08-22,1.23999,1.00588,1.28890,0.87042,1.26867,0.71540,0.40556,0.62832,0.88739
2000-08-23,1.24488,1.00987,1.29878,0.87717,1.28314,0.72369,0.41024,0.63551,0.89756
2000-08-24,1.24874,1.01302,1.30655,0.88248,1.29454,0.73023,0.41392,0.64118,0.90557
2000-08-25,1.24822,1.01260,1.30521,0.88156,1.29245,0.72902,0.41324,0.64014,0.90410
2000-08-28,1.25247,1.01606,1.31327,0.88706,1.30410,0.73569,0.41701,0.64592,0.91228
2000-08-29,1.25273,1.01627,1.31353,0.88724,1.30439,0.73586,0.41710,0.64607,0.91249
2000-08-30,1.24077,1.00650,1.28821,0.86994,1.26663,0.71422,0.40489,0.62730,0.88595
2000-08-31,1.25723,1.01995,1.32208,0.89308,1.31641,0.74275,0.42098,0.65204,0.92093
2000-09-01,1.25852,1.02100,1.32451,0.89474,1.31993,0.74476,0.42212,0.65379,0.92340
2000-09-05,1.24849,1.01280,1.30234,0.87958,1.28642,0.72555,0.41129,0.63714,0.89986
2000-09-06,1.23434,1.00124,1.27260,0.85925,1.24232,0.70027,0.39703,0.61522,0.86887
2000-09-07,1.24489,1.00986,1.29405,0.87391,1.27360,0.71819,0.40714,0.63076,0.89084
2000-09-08,1.23640,1.00292,1.27617,0.86169,1.24713,0.70302,0.39858,0.61762,0.87225
2000-09-11,1.23460,1.00145,1.27168,0.85862,1.24029,0.69909,0.39637,0.61421,0.86744
2000-09-12,1.22559,0.99409,1.25291,0.84578,1.21277,0.68332,0.38747,0.60054,0.84811
2000-09-13,1.22881,0.99672,1.25922,0.85010,1.22183,0.68851,0.39040,0.60504,0.85447
2000-09-14,1.23498,1.00176,1.27160,0.85856,1.23973,0.69877,0.39619,0.61393,0.86705
2000-09-15,1.20803,0.97975,1.21593,0.82051,1.15835,0.65212,0.36988,0.57350,0.80987
2000-09-18,1.19694,0.97069,1.19291,0.80477,1.12524,0.63314,0.37239,0.55705,0.78662
2000-09-19,1.20778,0.97953,1.21422,0.81933,1.15526,0.65034,0.37245,0.56191,0.80770
2000-09-20,1.19888,0.97227,1.19612,0.80696,1.12938,0.63551,0.37251,0.55207,0.78952
2000-09-21,1.18070,0.95741,1.15966,0.78204,1.07775,0.60592,0.37257,0.54677,0.75325
2000-09-22,1.20210,0.95607,1.20139,0.78059,1.13574,0.60452,0.37263,0.54685,0.79399
2000-09-25,1.19359,0.94452,1.18368,0.76164,1.11041,0.58248,0.37281,0.52696,0.77619
2000-09-26,1.17838,0.94443,1.15332,0.76224,1.06768,0.58345,0.37287,0.52783,0.74617
2000-09-27,1.18457,0.94459,1.16518,0.76236,1.08403,0.58354,0.37293,0.52792,0.75766
2000-09-28,1.19979,0.94474,1.19482,0.76248,1.12524,0.58364,0.37299,0.52800,0.78661
2000-09-29,1.18844,0.93198,1.17201,0.74237,1.09299,0.56070,0.37305,0.52809,0.76395
2000-10-02,1.19024,0.93535,1.17485,0.74846,1.09671,0.56791,0.37323,0.52835,0.76656
2000-10-03,1.17915,0.93550,1.15276,0.74859,1.06575,0.56801,0.37329,0.52843,0.74481
2000-10-04,1.18896,0.93566,1.17165,0.74871,1.09181,0.56810,0.37336,0.52852,0.74996
2000-10-05,1.19308,0.93581,1.17953,0.74883,1.10272,0.56819,0.37342,0.52861,0.76131
2000-10-06,1.16729,0.93596,1.12839,0.74895,1.03105,0.56828,0.37348,0.52869,0.71181
2000-10-09,1.15852,0.93642,1.11078,0.74932,1.00673,0.56856,0.37366,0.52895,0.71489
2000-10-10,1.13944,0.93657,1.07403,0.74944,0.95680,0.56865,0.37372,0.52904,0.71500
2000-10-11,1.12989,0.93673,1.05586,0.74956,0.93251,0.56875,0.37378,0.52912,0.71512
2000-10-12,1.10178,0.93688,1.00322,0.74969,0.86288,0.56884,0.37384,0.52921,0.71524
2000-10-13,1.13841,0.93703,1.06955,0.74981,0.94814,0.56893,0.37390,0.52930,0.71535
2000-10-16,1.14357,0.93749,1.07857,0.75017,0.95989,0.56921,0.37409,0.52955,0.71570
2000-10-17,1.11520,0.93764,1.02495,0.75030,0.88841,0.56930,0.37415,0.52964,0.71582
2000-10-18,1.11107,0.93780,1.01717,0.75042,0.87826,0.56940,0.37421,0.52973,0.71594
2000-10-19,1.15285,0.93795,1.09328,0.75054,0.97649,0.56949,0.37427,0.52981,0.71605
2000-10-20,1.15775,0.93811,1.10233,0.75067,0.98851,0.56958,0.37433,0.52990,0.71617
2000-10-23,1.16291,0.93857,1.11145,0.75104,1.00052,0.56987,0.37452,0.53016,0.71653
2000-10-24,1.15518,0.93873,1.09646,0.75116,0.98025,0.56996,0.37458,0.53025,0.71665
2000-10-25,1.12810,0.93888,1.04493,0.75129,0.91124,0.57006,0.37464,0.53034,0.71677
2000-10-26,1.13119,0.93904,1.05044,0.75141,0.91835,0.57015,0.37470,0.53043,0.71689
2000-10-27,1.15260,0.93920,1.08989,0.75154,0.96987,0.57025,0.37477,0.53052,0.71700
2000-10-30,1.16292,0.93966,1.10868,0.75191,0.99467,0.57053,0.37495,0.53078,0.71736
2000-10-31,1.18291,0.93982,1.14648,0.75204,1.04535,0.57063,0.37502,0.53087,0.71748
2000-11-01,1.17891,0.93998,1.13851,0.75217,1.03439,0.57072,0.37508,0.53096,0.71760
2000-11-02,1.18085,0.94013,1.14200,0.75229,1.03906,0.57082,0.37514,0.53105,0.71772
2000-11-03,1.18149,0.94029,1.14301,0.75242,1.04035,0.57091,0.37520,0.53114,0.71784
2000-11-06,1.18975,0.94076,1.15824,0.75279,1.06084,0.57120,0.37539,0.53140,0.71820
2000-11-07,1.18949,0.94092,1.15749,0.75292,1.05974,0.57129,0.37546,0.53149,0.72647
2000-11-08,1.16318,0.94108,1.10615,0.75305,0.98930,0.57139,0.37552,0.53158,0.67863
2000-11-09,1.15880,0.94124,1.09760,0.75317,0.97777,0.57149,0.37558,0.53167,0.67000
2000-11-10,1.13068,0.94139,1.04423,0.75330,0.90655,0.57158,0.37564,0.53176,0.67011
2000-11-13,1.12192,0.94187,1.02742,0.75368,0.88450,0.57187,0.37583,0.53203,0.67044
2000-11-14,1.15132,0.94202,1.08093,0.75380,0.95334,0.57196,0.37590,0.53211,0.67056
2000-11-15,1.15493,0.94218,1.08747,0.75393,0.96190,0.57206,0.37596,0.53220,0.67067
2000-11-16,1.13688,0.94234,1.05332,0.75405,0.91662,0.57215,0.37602,0.53229,0.67078
2000-11-17,1.13082,0.94249,1.04189,0.75418,0.90168,0.57225,0.37608,0.53238,0.67089
2000-11-20,1.11470,0.94296,1.01161,0.75456,0.86227,0.57253,0.37627,0.53265,0.67123
2000-11-21,1.12037,0.94312,1.02168,0.75468,0.87503,0.57263,0.37633,0.53273,0.67134
2000-11-22,1.09368,0.94328,0.97290,0.75481,0.81248,0.57272,0.37640,0.53282,0.67145
2000-11-24,1.11599,0.94359,1.01208,0.75506,0.86128,0.57292,0.37652,0.53300,0.67167
2000-11-27,1.12579,0.94406,1.02919,0.75544,0.88285,0.57320,0.37671,0.53327,0.67201
2000-11-28,1.10645,0.94422,0.99369,0.75556,0.83723,0.57330,0.37677,0.53336,0.67212
2000-11-29,1.10439,0.94437,0.98979,0.75568,0.83226,0.57339,0.37683,0.53344,0.67223
2000-11-30,1.09484,0.94453,0.97253,0.75581,0.81049,0.57348,0.37690,0.53353,0.67234
2000-12-01,1.09433,0.94468,0.97141,0.75593,0.80904,0.57358,0.37696,0.53362,0.67245
2000-12-04,1.10361,0.94514,0.98726,0.75630,0.82859,0.57386,0.37714,0.53388,0.67278
2000-12-05,1.13972,0.94530,1.05150,0.75642,0.90915,0.57395,0.37720,0.53396,0.67289
2000-12-06,1.12154,0.94545,1.01782,0.75654,0.86551,0.57404,0.37726,0.53405,0.67299
2000-12-07,1.10619,0.94560,0.98983,0.75666,0.82985,0.57413,0.37732,0.53413,0.67310
2000-12-08,1.10877,0.94575,0.99423,0.75678,0.83531,0.57423,0.37738,0.53422,0.67321
2000-12-11,1.14721,0.94620,1.06238,0.75715,0.92074,0.57450,0.37756,0.53448,0.67353
2000-12-12,1.14231,0.94635,1.05312,0.75727,0.90866,0.57459,0.37762,0.53456,0.67364
2000-12-13,1.12670,0.94650,1.02420,0.75739,0.87127,0.57468,0.37768,0.53465,0.67375
2000-12-14,1.11239,0.94665,0.99804,0.75751,0.83791,0.57477,0.37774,0.53473,0.67385
2000-12-15,1.08733,0.94680,0.95299,0.75763,0.78130,0.57487,0.37780,0.53481,0.67396
2000-12-18,1.10182,0.94725,0.97775,0.75799,0.81147,0.57514,0.37798,0.53507,0.67428
2000-12-19,1.07944,0.94740,0.93794,0.75810,0.76202,0.57523,0.37804,0.53515,0.67438
2000-12-20,1.04827,0.94754,0.88374,0.75822,0.69615,0.57532,0.37810,0.53523,0.67449
2000-12-21,1.05551,0.94769,0.89574,0.75834,0.71022,0.57540,0.37816,0.53532,0.67459
2000-12-22,1.08708,0.94782,0.94899,0.75844,0.77325,0.57548,0.37821,0.53539,0.67468
2000-12-26,1.09872,0.94835,0.96858,0.75886,0.79692,0.57580,0.37842,0.53569,0.67506
2000-12-27,1.10674,0.94849,0.98250,0.75898,0.81398,0.57589,0.37848,0.53577,0.67516
2000-12-28,1.11011,0.94863,0.98827,0.75909,0.82107,0.57598,0.37853,0.53585,0.67526
2000-12-29,1.08915,0.94878,0.95086,0.75921,0.77454,0.57606,0.37859,0.53593,0.67536
2001-01-02,1.06949,0.94936,0.91588,0.75968,0.73174,0.57642,0.37882,0.53626,0.67578
2001-01-03,1.12072,0.94951,1.00319,0.75979,0.83590,0.57651,0.37888,0.53634,0.67588
2001-01-04,1.10869,0.94965,0.98151,0.75990,0.80884,0.57659,0.37894,0.53642,0.67598
2001-01-05,1.07260,0.94978,0.91760,0.76001,0.73005,0.57667,0.37899,0.53650,0.67608
2001-01-08,1.08088,0.95016,0.93125,0.76032,0.74614,0.57691,0.37914,0.53671,0.67635
2001-01-09,1.07803,0.95029,0.92619,0.76042,0.74004,0.57698,0.37920,0.53679,0.67644
2001-01-10,1.09692,0.95042,0.95839,0.76052,0.77843,0.57706,0.37925,0.53686,0.67654
2001-01-11,1.09795,0.95055,0.96002,0.76063,0.78036,0.57714,0.37930,0.53693,0.67663
2001-01-12,1.09588,0.95069,0.95624,0.76074,0.77572,0.57722,0.37935,0.53701,0.67672
2001-01-16,1.10287,0.95122,0.96770,0.76116,0.78942,0.57755,0.37956,0.53731,0.67710
2001-01-17,1.10792,0.95135,0.97636,0.76127,0.79992,0.57763,0.37962,0.53738,0.67720
2001-01-18,1.11891,0.95148,0.99551,0.76137,0.82333,0.57771,0.37967,0.53746,0.67729
2001-01-19,1.11257,0.95162,0.98408,0.76148,0.80914,0.57779,0.37972,0.53753,0.67738
2001-01-22,1.11995,0.95201,0.99657,0.76179,0.82434,0.57802,0.37988,0.53775,0.67766
2001-01-23,1.12874,0.95214,1.01200,0.76190,0.84338,0.57810,0.37993,0.53783,0.67776
2001-01-24,1.13211,0.95227,1.01784,0.76200,0.85059,0.57818,0.37998,0.53790,0.67785
2001-01-25,1.12926,0.95240,1.01255,0.76211,0.84393,0.57826,0.38004,0.53798,0.67794
2001-01-26,1.12797,0.95253,1.01006,0.76221,0.84077,0.57834,0.38009,0.53805,0.67804
2001-01-29,1.13397,0.95292,1.02025,0.76252,0.85330,0.57858,0.38024,0.53827,0.67831
2001-01-30,1.14391,0.95305,1.03790,0.76262,0.87532,0.57866,0.38029,0.53834,0.67840
2001-01-31,1.13745,0.95317,1.02603,0.76272,0.86030,0.57873,0.37673,0.53841,0.67849
2001-02-01,1.14498,0.95329,1.03941,0.76282,0.87703,0.57881,0.37703,0.53848,0.67858
2001-02-02,1.11907,0.95342,0.99230,0.76292,0.81752,0.57888,0.35537,0.53855,0.67867
2001-02-05,1.12727,0.95380,1.00628,0.76322,0.83460,0.57911,0.35503,0.53877,0.67894
2001-02-06,1.12396,0.95392,1.00021,0.76333,0.82702,0.57919,0.35508,0.53884,0.67903
2001-02-07,1.11816,0.95405,0.98975,0.76343,0.81403,0.57927,0.35513,0.53891,0.67912
2001-02-08,1.10517,0.95418,0.96663,0.76353,0.78555,0.57934,0.35518,0.53898,0.67921
2001-02-09,1.09457,0.95430,0.94797,0.76363,0.76285,0.57942,0.35522,0.53905,0.67930
2001-02-12,1.10707,0.95468,0.96907,0.76393,0.78808,0.57965,0.35536,0.53927,0.67957
2001-02-13,1.09805,0.95481,0.95315,0.76403,0.76868,0.57973,0.35541,0.53934,0.67966
2001-02-14,1.09639,0.95494,0.95012,0.76414,0.76498,0.57980,0.35546,0.53941,0.67975
2001-02-15,1.10699,0.95506,0.96827,0.76424,0.78677,0.57988,0.35550,0.53948,0.67984
2001-02-16,1.08265,0.95519,0.92564,0.76434,0.73495,0.57996,0.35555,0.53955,0.67993
2001-02-20,1.06601,0.95569,0.89663,0.76474,0.70036,0.58026,0.35574,0.53983,0.68029
2001-02-21,1.04308,0.95582,0.85801,0.76484,0.65526,0.58034,0.35579,0.53991,0.68037
2001-02-22,1.04465,0.95594,0.86045,0.76494,0.65800,0.58041,0.35583,0.53998,0.68046
2001-02-23,1.03762,0.95607,0.84874,0.76504,0.64460,0.58049,0.35588,0.54005,0.68055
2001-02-26,1.05964,0.95643,0.88422,0.76533,0.68471,0.58071,0.35602,0.54026,0.68081
2001-02-27,1.04987,0.95656,0.86782,0.76543,0.66570,0.58079,0.35606,0.54032,0.68090
2001-02-28,1.02926,0.95668,0.83371,0.76553,0.62659,0.58086,0.35611,0.54039,0.68099
2001-03-01,1.03464,0.95680,0.84225,0.76562,0.63614,0.58093,0.35615,0.54046,0.68107
2001-03-02,1.02644,0.95692,0.82881,0.76572,0.62095,0.58101,0.35620,0.54053,0.68116
2001-03-05,1.03580,0.95728,0.84345,0.76601,0.63721,0.58123,0.35633,0.54073,0.68142
2001-03-06,1.04689,0.95740,0.86132,0.76611,0.65733,0.58130,0.35638,0.54080,0.68150
2001-03-07,1.05435,0.95752,0.87340,0.76620,0.67105,0.58137,0.35642,0.54087,0.68159
2001-03-08,1.05551,0.95764,0.87517,0.76630,0.67305,0.58144,0.35646,0.54094,0.68167
2001-03-09,1.02438,0.95776,0.82357,0.76639,0.61375,0.58152,0.35651,0.54100,0.68176
2001-03-12,0.98067,0.95811,0.75312,0.76668,0.53530,0.58173,0.35664,0.54120,0.68201
2001-03-13,0.99673,0.95823,0.77757,0.76677,0.56118,0.58180,0.35668,0.54127,0.68209
2001-03-14,0.97711,0.95834,0.74695,0.76686,0.52819,0.58187,0.35673,0.54133,0.68217
2001-03-15,0.97736,0.95846,0.74721,0.76695,0.52843,0.58194,0.35677,0.54140,0.68226
2001-03-16,0.95782,0.95857,0.71733,0.76704,0.49691,0.58201,0.35681,0.54146,0.68234
2001-03-19,0.97724,0.95891,0.74596,0.76732,0.52637,0.58222,0.35694,0.54165,0.68258
2001-03-20,0.95109,0.95903,0.70608,0.76741,0.48441,0.58229,0.35698,0.54172,0.68266
2001-03-21,0.93499,0.95914,0.68216,0.76750,0.45994,0.58235,0.35702,0.54178,0.68274
2001-03-22,0.92553,0.95925,0.66831,0.76758,0.44602,0.58242,0.35706,0.54184,0.68282
2001-03-23,0.95342,0.95935,0.70830,0.76767,0.48571,0.58249,0.35710,0.54190,0.68289
2001-03-26,0.96554,0.95968,0.72591,0.76793,0.50362,0.58268,0.35722,0.54209,0.68312
2001-03-27,0.98521,0.95978,0.75525,0.76801,0.53393,0.58275,0.35726,0.54215,0.68320
2001-03-28,0.95807,0.95989,0.71368,0.76810,0.49009,0.58281,0.35730,0.54221,0.68328
2001-03-29,0.96172,0.96000,0.71899,0.76819,0.49550,0.58288,0.35734,0.54227,0.68335
2001-03-30,0.97177,0.96011,0.73384,0.76827,0.51071,0.58294,0.35738,0.54233,0.68343
2001-04-02,0.95110,0.96043,0.70241,0.76853,0.47805,0.58314,0.35750,0.54251,0.68366
2001-04-03,0.91947,0.96054,0.65579,0.76862,0.43078,0.58320,0.35754,0.54257,0.68374
2001-04-04,0.92329,0.96064,0.66112,0.76870,0.43596,0.58327,0.35758,0.54263,0.68381
2001-04-05,0.95815,0.96074,0.71071,0.76878,0.48459,0.58333,0.35762,0.54269,0.68388
2001-04-06,0.94363,0.96085,0.68915,0.76887,0.46268,0.58339,0.35766,0.54275,0.68396
2001-04-09,0.95409,0.96114,0.70406,0.76910,0.47752,0.58357,0.35777,0.54292,0.68417
2001-04-10,0.97144,0.96124,0.72946,0.76918,0.50314,0.58363,0.35781,0.54297,0.68424
2001-04-11,0.97210,0.96134,0.73034,0.76926,0.50403,0.58369,0.35784,0.54303,0.68431
2001-04-12,0.98970,0.96144,0.75657,0.76934,0.53097,0.58375,0.35788,0.54308,0.68438
2001-04-16,0.97933,0.96185,0.74033,0.76966,0.51388,0.58400,0.35803,0.54331,0.68467
2001-04-17,0.99311,0.96195,0.76097,0.76975,0.53520,0.58406,0.35807,0.54337,0.68474
2001-04-18,1.03245,0.96205,0.82092,0.76983,0.59802,0.58412,0.35811,0.54343,0.68481
2001-04-19,1.04615,0.96215,0.84251,0.76991,0.62145,0.58418,0.35814,0.54348,0.68488
2001-04-20,1.03660,0.96225,0.82706,0.76999,0.60443,0.58424,0.35818,0.54354,0.68495
2001-04-23,1.01785,0.96253,0.79689,0.77021,0.57144,0.58441,0.35829,0.54370,0.68515
2001-04-24,1.01237,0.96263,0.78823,0.77029,0.56216,0.58447,0.35832,0.54375,0.68522
2001-04-25,1.02557,0.96272,0.80860,0.77036,0.58379,0.58453,0.35836,0.54381,0.68529
2001-04-26,1.03013,0.96282,0.81566,0.77044,0.59137,0.58459,0.35839,0.54386,0.68536
2001-04-27,1.04723,0.96291,0.84253,0.77052,0.62040,0.58465,0.35843,0.54391,0.68543
2001-04-30,1.05454,0.96320,0.85388,0.77075,0.63280,0.58482,0.35853,0.54408,0.68563
2001-05-01,1.05778,0.96330,0.85899,0.77083,0.63841,0.58488,0.37493,0.54413,0.68570
2001-05-02,1.05587,0.96340,0.85577,0.77091,0.63482,0.58494,0.37288,0.54419,0.68577
2001-05-03,1.04250,0.96350,0.83406,0.77099,0.61075,0.58500,0.35911,0.54425,0.68584
2001-05-04,1.06018,0.96359,0.86213,0.77106,0.64140,0.58506,0.34589,0.54430,0.68591
2001-05-07,1.05105,0.96388,0.84697,0.77129,0.62448,0.58523,0.34036,0.54446,0.68611
2001-05-08,1.05056,0.96397,0.84606,0.77136,0.62345,0.58529,0.33979,0.54451,0.68618
2001-05-09,1.04616,0.96406,0.83888,0.77144,0.61553,0.58534,0.33548,0.54456,0.68624
2001-05-10,1.04923,0.96416,0.84367,0.77151,0.62075,0.58540,0.34788,0.54462,0.68631
2001-05-11,1.04201,0.96425,0.83198,0.77159,0.60788,0.58546,0.34048,0.54467,0.68638
2001-05-14,1.04408,0.96453,0.83494,0.77182,0.61103,0.58563,0.33812,0.54483,0.68658
2001-05-15,1.04890,0.96463,0.84249,0.77189,0.61925,0.58569,0.33815,0.54488,0.68665
2001-05-16,1.07355,0.96472,0.88185,0.77196,0.66239,0.58574,0.37078,0.54493,0.68671
2001-05-17,1.07521,0.96481,0.88445,0.77204,0.66528,0.58580,0.37237,0.54499,0.68678
2001-05-18,1.08011,0.96490,0.89237,0.77211,0.67414,0.58585,0.37725,0.54504,0.68684
2001-05-21,1.09597,0.96517,0.91812,0.77232,0.70311,0.58602,0.39321,0.56707,0.68703
2001-05-22,1.09456,0.96526,0.91564,0.77240,0.70024,0.58607,0.39163,0.56472,0.68710
2001-05-23,1.07604,0.96535,0.88464,0.77247,0.66480,0.58613,0.37211,0.53578,0.68716
2001-05-24,1.07920,0.96544,0.88969,0.77254,0.67044,0.58618,0.37522,0.54038,0.68723
2001-05-25,1.06650,0.96554,0.86869,0.77262,0.64679,0.58624,0.36219,0.52106,0.68729
2001-05-29,1.05803,0.96591,0.85447,0.77291,0.63087,0.58646,0.35343,0.52203,0.68756
2001-05-30,1.04326,0.96600,0.83056,0.77299,0.60451,0.58652,0.33891,0.52208,0.68762
2001-05-31,1.04865,0.96609,0.83901,0.77306,0.61365,0.58658,0.33962,0.52213,0.68769
2001-06-01,1.05513,0.96618,0.84922,0.77314,0.62477,0.58663,0.34352,0.52218,0.68775
2001-06-04,1.06019,0.96646,0.85700,0.77336,0.63323,0.58680,0.34825,0.52233,0.68795
2001-06-05,1.07231,0.96655,0.87641,0.77343,0.65461,0.58686,0.36020,0.52238,0.68802
2001-06-06,1.06343,0.96664,0.86182,0.77350,0.63831,0.58691,0.35109,0.50842,0.68808
2001-06-07,1.06725,0.96674,0.86787,0.77358,0.64498,0.58697,0.35482,0.49981,0.68815
2001-06-08,1.05737,0.96683,0.85174,0.77365,0.62706,0.58702,0.34479,0.49986,0.68821
2001-06-11,1.04990,0.96710,0.83940,0.77387,0.61342,0.58719,0.33716,0.50000,0.68841
2001-06-12,1.04808,0.96719,0.83637,0.77394,0.61010,0.58724,0.33531,0.50005,0.68847
2001-06-13,1.03911,0.96728,0.82200,0.77401,0.59443,0.58730,0.32654,0.50009,0.68854
2001-06-14,1.01587,0.96737,0.78525,0.77409,0.55476,0.58735,0.32134,0.50014,0.68860
2001-06-15,1.01750,0.96746,0.78766,0.77416,0.55727,0.58741,0.32137,0.50018,0.68866
2001-06-18,1.01259,0.96773,0.77977,0.77437,0.54889,0.58757,0.32146,0.50032,0.68885
2001-06-19,1.01700,0.96782,0.78643,0.77444,0.55586,0.58762,0.32149,0.50037,0.68892
2001-06-20,1.02233,0.96790,0.79454,0.77451,0.56438,0.58768,0.32152,0.50041,0.68898
2001-06-21,1.03390,0.96799,0.81235,0.77458,0.58322,0.58773,0.32154,0.50046,0.68904
2001-06-22,1.02583,0.96808,0.79960,0.77465,0.56955,0.58778,0.32157,0.50050,0.68910
2001-06-25,1.01642,0.96834,0.78468,0.77486,0.55363,0.58794,0.32166,0.50064,0.68929
2001-06-26,1.01501,0.96843,0.78240,0.77493,0.55121,0.58799,0.32169,0.50068,0.68935
2001-06-27,1.01442,0.96851,0.78140,0.77500,0.55014,0.58805,0.32172,0.50073,0.68941
2001-06-28,1.02000,0.96860,0.78986,0.77507,0.55899,0.58810,0.32175,0.50078,0.68948
2001-06-29,1.02375,0.96869,0.79553,0.77514,0.56495,0.58816,0.32178,0.50082,0.68954
2001-07-02,1.03649,0.96897,0.81493,0.77537,0.58542,0.58832,0.32187,0.50097,0.68974
2001-07-03,1.03624,0.96906,0.81443,0.77544,0.58486,0.58838,0.32245,0.50101,0.68980
2001-07-05,1.01609,0.96925,0.78265,0.77559,0.55078,0.58849,0.30353,0.50111,0.68994
2001-07-06,0.99420,0.96934,0.74894,0.77566,0.51540,0.58855,0.30049,0.50116,0.69000
2001-07-09,0.99961,0.96961,0.75676,0.77588,0.52334,0.58872,0.30058,0.50130,0.69020
2001-07-10,0.98762,0.96971,0.73858,0.77596,0.50459,0.58877,0.30061,0.50135,0.69026
2001-07-11,0.98862,0.96980,0.73997,0.77603,0.50598,0.58883,0.30063,0.50139,0.69033
2001-07-12,1.01201,0.96989,0.77474,0.77610,0.54138,0.58888,0.30066,0.50144,0.69039
2001-07-13,1.02076,0.96998,0.78797,0.77617,0.55513,0.58894,0.30069,0.50149,0.69046
2001-07-16,1.00802,0.97025,0.76806,0.77639,0.53415,0.58910,0.29245,0.50163,0.69065
2001-07-17,1.01743,0.97035,0.78223,0.77647,0.54882,0.58916,0.28851,0.50168,0.69072
2001-07-18,1.01052,0.97044,0.77154,0.77654,0.53762,0.58922,0.28854,0.50172,0.69078
2001-07-19,1.01934,0.97053,0.78486,0.77661,0.55143,0.58927,0.28856,0.50177,0.69085
2001-07-20,1.01326,0.97062,0.77544,0.77668,0.54153,0.58932,0.28960,0.50182,0.69091
2001-07-23,0.99337,0.97088,0.74479,0.77690,0.50957,0.58949,0.29254,0.50195,0.69110
2001-07-24,0.98380,0.97097,0.73040,0.77697,0.49488,0.58954,0.29257,0.50200,0.69116
2001-07-25,0.99462,0.97106,0.74630,0.77704,0.51091,0.58960,0.29260,0.50205,0.69123
2001-07-26,1.00503,0.97115,0.76175,0.77711,0.52664,0.58965,0.29262,0.50209,0.69129
2001-07-27,1.00885,0.97124,0.76743,0.77718,0.53247,0.58970,0.29265,0.50214,0.69136
2001-07-30,1.00919,0.97151,0.76763,0.77740,0.53261,0.58987,0.29273,0.50228,0.69155
2001-07-31,1.01335,0.97160,0.77384,0.77747,0.53901,0.58992,0.29276,0.50233,0.69161
2001-08-01,1.01968,0.97169,0.78336,0.77754,0.54887,0.58998,0.29279,0.50237,0.69168
2001-08-02,1.02384,0.97178,0.78963,0.77761,0.55539,0.59003,0.28800,0.50242,0.69174
2001-08-03,1.01826,0.97187,0.78095,0.77769,0.54628,0.59009,0.28307,0.50246,0.69180
2001-08-06,1.00461,0.97214,0.75978,0.77790,0.52414,0.59025,0.27111,0.50260,0.69199
2001-08-07,1.00853,0.97223,0.76557,0.77797,0.53007,0.59030,0.27063,0.50265,0.69206
2001-08-08,0.98988,0.97231,0.73727,0.77804,0.50085,0.59036,0.27066,0.50269,0.69212
2001-08-09,0.99279,0.97240,0.74150,0.77811,0.50511,0.59041,0.27068,0.50274,0.69218
2001-08-10,0.99621,0.97249,0.74648,0.77818,0.51014,0.59046,0.27071,0.50279,0.69224
2001-08-13,0.99646,0.97275,0.74656,0.77839,0.51016,0.59062,0.27078,0.50292,0.69243
2001-08-14,0.99604,0.97284,0.74584,0.77846,0.50941,0.59067,0.27080,0.50297,0.69249
2001-08-15,0.98747,0.97292,0.73296,0.77853,0.49628,0.59073,0.27083,0.50301,0.69255
2001-08-16,0.99088,0.97301,0.73791,0.77860,0.50125,0.59078,0.27085,0.50305,0.69261
2001-08-17,0.97506,0.97310,0.71435,0.77867,0.47741,0.59083,0.27088,0.50310,0.69268
2001-08-20,0.98405,0.97335,0.72719,0.77887,0.49013,0.59099,0.27095,0.50323,0.69286
2001-08-21,0.96732,0.97344,0.70247,0.77894,0.46530,0.59104,0.27097,0.50328,0.69292
2001-08-22,0.97731,0.97352,0.71683,0.77901,0.47943,0.59109,0.27100,0.50332,0.69298
2001-08-23,0.97382,0.97361,0.71163,0.77908,0.47424,0.59114,0.27102,0.50336,0.69304
2001-08-24,0.99396,0.97370,0.74085,0.77915,0.50320,0.59119,0.27104,0.50341,0.69310
2001-08-27,0.98805,0.97396,0.73179,0.77936,0.49398,0.59135,0.27112,0.50354,0.69329
2001-08-28,0.97365,0.97404,0.71045,0.77943,0.47251,0.59140,0.27114,0.50359,0.69335
2001-08-29,0.96499,0.97413,0.69778,0.77949,0.45995,0.59146,0.27116,0.50363,0.69341
2001-08-30,0.94651,0.97422,0.67108,0.77956,0.43375,0.59151,0.27119,0.50368,0.69347
2001-08-31,0.95342,0.97430,0.68075,0.77963,0.44302,0.59156,0.27121,0.50372,0.69353
2001-09-04,0.94735,0.97464,0.67176,0.77991,0.43425,0.59177,0.27131,0.50390,0.69378
2001-09-05,0.94968,0.97473,0.67496,0.77997,0.43731,0.59182,0.27133,0.50394,0.69384
2001-09-06,0.92529,0.97482,0.64037,0.78004,0.40396,0.59187,0.27135,0.50399,0.69390
2001-09-07,0.90822,0.97490,0.61678,0.78011,0.38185,0.59193,0.27138,0.50403,0.69396
2001-09-10,0.91929,0.97515,0.63151,0.78031,0.39534,0.59208,0.27145,0.50416,0.69414
2001-09-17,0.87143,0.97573,0.56553,0.78077,0.33389,0.59243,0.27161,0.50446,0.69455
2001-09-18,0.86935,0.97579,0.56279,0.78082,0.33148,0.59247,0.27163,0.50449,0.69459
2001-09-19,0.85187,0.97585,0.54023,0.78087,0.31179,0.59250,0.27164,0.50452,0.69464
2001-09-20,0.82489,0.97591,0.50618,0.78092,0.28270,0.59254,0.27166,0.50455,0.69468
2001-09-21,0.81603,0.97597,0.49533,0.78096,0.27374,0.59257,0.27167,0.50458,0.69472
2001-09-24,0.84461,0.97613,0.52963,0.78110,0.30170,0.59267,0.27172,0.50467,0.69484
2001-09-25,0.85338,0.97619,0.54051,0.78115,0.31086,0.59271,0.27174,0.50470,0.69488
2001-09-26,0.85037,0.97625,0.53666,0.78119,0.30758,0.59275,0.27176,0.50473,0.69492
2001-09-27,0.85773,0.97631,0.54583,0.78124,0.31535,0.59278,0.27177,0.50476,0.69497
2001-09-28,0.87586,0.97637,0.56871,0.78129,0.33491,0.59282,0.27179,0.50479,0.69501
2001-10-01,0.87444,0.97655,0.56670,0.78143,0.33313,0.59293,0.27184,0.50489,0.69514
2001-10-02,0.88538,0.97661,0.58075,0.78148,0.34535,0.59297,0.27186,0.50492,0.69518
2001-10-03,0.90018,0.97667,0.59998,0.78153,0.36230,0.59300,0.27187,0.50495,0.69522
2001-10-04,0.90093,0.97673,0.60092,0.78157,0.36313,0.59303,0.27189,0.50498,0.69526
2001-10-05,0.89917,0.97678,0.59853,0.78162,0.36098,0.59307,0.27190,0.50500,0.69530
2001-10-08,0.89332,0.97695,0.59061,0.78175,0.35388,0.59317,0.27195,0.50509,0.69542
2001-10-09,0.88856,0.97700,0.58429,0.78179,0.34825,0.59320,0.27196,0.50512,0.69545
2001-10-10,0.90828,0.97706,0.61002,0.78184,0.37098,0.59323,0.27198,0.50515,0.69549
2001-10-11,0.92232,0.97711,0.62871,0.78188,0.38784,0.59327,0.27199,0.50517,0.69553
2001-10-12,0.91814,0.97717,0.62299,0.78193,0.38259,0.59330,0.27201,0.50520,0.69557
2001-10-15,0.91647,0.97734,0.62054,0.78206,0.38033,0.59341,0.27206,0.50529,0.69569
2001-10-16,0.92224,0.97740,0.62825,0.78211,0.38733,0.59344,0.27207,0.50532,0.69574
2001-10-17,0.90268,0.97745,0.60169,0.78215,0.36301,0.59347,0.27209,0.50535,0.69577
2001-10-18,0.90076,0.97751,0.59908,0.78220,0.36067,0.59351,0.27210,0.50538,0.69581
2001-10-19,0.90018,0.97756,0.59825,0.78224,0.35992,0.59354,0.27212,0.50541,0.69585
2001-10-22,0.91789,0.97773,0.62149,0.78237,0.38063,0.59364,0.27216,0.50549,0.69597
2001-10-23,0.91321,0.97778,0.61512,0.78242,0.37484,0.59367,0.27218,0.50552,0.69601
2001-10-24,0.91079,0.97784,0.61182,0.78246,0.37184,0.59371,0.27220,0.50555,0.69605
2001-10-25,0.92709,0.97789,0.63353,0.78250,0.39141,0.59374,0.27221,0.50558,0.69609
2001-10-26,0.92500,0.97795,0.63063,0.78255,0.38874,0.59377,0.27223,0.50561,0.69613
2001-10-29,0.90102,0.97811,0.59792,0.78268,0.35878,0.59387,0.27227,0.50569,0.69624
2001-10-30,0.89024,0.97816,0.58364,0.78272,0.34606,0.59390,0.27229,0.50572,0.69628
2001-10-31,0.88723,0.97821,0.57966,0.78276,0.34256,0.59393,0.27230,0.50574,0.69631
2001-11-01,0.90987,0.97826,0.60902,0.78280,0.36827,0.59397,0.27231,0.50577,0.69635
2001-11-02,0.91606,0.97831,0.61720,0.78284,0.37560,0.59400,0.27233,0.50580,0.69639
2001-11-05,0.92801,0.97846,0.63304,0.78296,0.38988,0.59409,0.27237,0.50587,0.69649
2001-11-06,0.94238,0.97851,0.65249,0.78300,0.40766,0.59412,0.27238,0.50590,0.69653
2001-11-07,0.94113,0.97856,0.65071,0.78304,0.40600,0.59415,0.27240,0.50592,0.69656
2001-11-08,0.94405,0.97860,0.65467,0.78307,0.40967,0.59417,0.27241,0.50595,0.69660
2001-11-09,0.94505,0.97865,0.65600,0.78311,0.41089,0.59420,0.27242,0.50597,0.69663
2001-11-12,0.93929,0.97879,0.64786,0.78322,0.40330,0.59428,0.27246,0.50604,0.69673
2001-11-13,0.96034,0.97883,0.67671,0.78326,0.42996,0.59431,0.27247,0.50606,0.69676
2001-11-14,0.96126,0.97888,0.67793,0.78329,0.43111,0.59434,0.26854,0.50609,0.69679
2001-11-15,0.96302,0.97892,0.68034,0.78333,0.43338,0.59437,0.27000,0.50611,0.69682
2001-11-16,0.95876,0.97897,0.67428,0.78337,0.42764,0.59440,0.26630,0.50614,0.69686
2001-11-19,0.97054,0.97912,0.69059,0.78349,0.44299,0.59449,0.27619,0.50621,0.69696
2001-11-20,0.96243,0.97917,0.67905,0.78352,0.43197,0.59451,0.26909,0.50624,0.69700
2001-11-21,0.95608,0.97921,0.67007,0.78356,0.42346,0.59454,0.26361,0.50626,0.69703
2001-11-23,0.96979,0.97931,0.68906,0.78364,0.44129,0.59460,0.27509,0.50631,0.69710
2001-11-26,0.97188,0.97946,0.69183,0.78376,0.44390,0.59469,0.27677,0.50639,0.69720
2001-11-27,0.96770,0.97951,0.68584,0.78380,0.43818,0.59472,0.27309,0.50641,0.69724
2001-11-28,0.95024,0.97955,0.66114,0.78384,0.41471,0.59475,0.25796,0.50644,0.69727
2001-11-29,0.96302,0.97960,0.67879,0.78387,0.43114,0.59478,0.26855,0.50646,0.69731
2001-11-30,0.95617,0.97965,0.66912,0.78391,0.42200,0.59481,0.26266,0.50648,0.69734
2001-12-03,0.95049,0.97978,0.66103,0.78402,0.41440,0.59489,0.25776,0.50655,0.69743
2001-12-04,0.96653,0.97982,0.68318,0.78405,0.43502,0.59491,0.27105,0.50658,0.69746
2001-12-05,0.98416,0.97987,0.70792,0.78409,0.45845,0.59494,0.28614,0.50660,0.69749
2001-12-06,0.98366,0.97991,0.70715,0.78412,0.45769,0.59497,0.28565,0.50607,0.69753
2001-12-07,0.97714,0.97995,0.69776,0.78416,0.44864,0.59499,0.27982,0.49592,0.69756
2001-12-10,0.95893,0.98008,0.67168,0.78426,0.42369,0.59507,0.26374,0.48641,0.69765
2001-12-11,0.95701,0.98012,0.66895,0.78429,0.42111,0.59510,0.26208,0.48643,0.69768
2001-12-12,0.95809,0.98016,0.67040,0.78432,0.42247,0.59512,0.26296,0.48645,0.69771
2001-12-13,0.93954,0.98020,0.64451,0.78436,0.39821,0.59515,0.24733,0.48647,0.69774
2001-12-14,0.94848,0.98025,0.65666,0.78439,0.40936,0.59517,0.24890,0.48649,0.69776
2001-12-17,0.95826,0.98038,0.66996,0.78449,0.42165,0.59525,0.25724,0.48655,0.69786
2001-12-18,0.96394,0.98042,0.67781,0.78453,0.42899,0.59528,0.26177,0.48658,0.69789
2001-12-19,0.97071,0.98046,0.68723,0.78456,0.43784,0.59530,0.26725,0.48660,0.69792
2001-12-20,0.96119,0.98050,0.67375,0.78459,0.42506,0.59533,0.25934,0.48662,0.69795
2001-12-21,0.96700,0.98055,0.68180,0.78463,0.43260,0.59535,0.26401,0.48664,0.69798
2001-12-24,0.96515,0.98067,0.67903,0.78473,0.42998,0.59543,0.26238,0.48670,0.69807
2001-12-26,0.97044,0.98076,0.68632,0.78480,0.43682,0.59548,0.26662,0.48674,0.69813
2001-12-27,0.97630,0.98080,0.69452,0.78483,0.44457,0.59551,0.27142,0.48677,0.69816
2001-12-28,0.97580,0.98084,0.69375,0.78487,0.44383,0.59553,0.27096,0.48260,0.69819
2001-12-31,0.96155,0.98097,0.67340,0.78497,0.42445,0.59561,0.25896,0.46103,0.69828
2002-01-02,0.97186,0.98106,0.68766,0.78504,0.43779,0.59566,0.26722,0.47044,0.69834
2002-01-03,0.98285,0.98110,0.70307,0.78507,0.45238,0.59569,0.27624,0.48448,0.69837
2002-01-04,0.98939,0.98399,0.71232,0.79033,0.46122,0.60194,0.28172,0.49414,0.69840
2002-01-07,0.98243,0.97702,0.70217,0.77891,0.45142,0.58882,0.27565,0.48343,0.69850
2002-01-08,0.98016,0.97475,0.69889,0.77521,0.44827,0.58461,0.27370,0.47999,0.69853
2002-01-09,0.97220,0.96678,0.68752,0.76243,0.43742,0.57010,0.26699,0.46814,0.69856
2002-01-10,0.97647,0.96686,0.69348,0.76328,0.44306,0.57134,0.27048,0.47429,0.69859
2002-01-11,0.96692,0.96690,0.67991,0.76332,0.43015,0.57136,0.26249,0.46020,0.69861
2002-01-14,0.96088,0.96701,0.67129,0.76341,0.42203,0.57143,0.25747,0.45133,0.69870
2002-01-15,0.96868,0.96705,0.68208,0.76344,0.43211,0.57145,0.26370,0.45481,0.69873
2002-01-16,0.94914,0.96709,0.65464,0.76347,0.40626,0.57148,0.24770,0.43681,0.69875
2002-01-17,0.95627,0.96713,0.66437,0.76350,0.41522,0.57150,0.25325,0.44707,0.69878
2002-01-18,0.95191,0.96717,0.65829,0.76353,0.40957,0.57152,0.24975,0.44709,0.69881
2002-01-22,0.94537,0.96733,0.64907,0.76365,0.40102,0.57162,0.24446,0.44716,0.69893
2002-01-23,0.95258,0.96737,0.65887,0.76369,0.41001,0.57164,0.25002,0.44718,0.69896
2002-01-24,0.95551,0.96741,0.66285,0.76372,0.41368,0.57167,0.25230,0.44720,0.69899
2002-01-25,0.95526,0.96745,0.66245,0.76375,0.41330,0.57169,0.25206,0.44722,0.69902
2002-01-28,0.95786,0.96758,0.66587,0.76385,0.41645,0.57177,0.25401,0.44727,0.69911
2002-01-29,0.92785,0.96762,0.62428,0.76389,0.37779,0.57179,0.23009,0.44729,0.69914
2002-01-30,0.94118,0.96766,0.64207,0.76392,0.39377,0.57182,0.23055,0.44731,0.69917
2002-01-31,0.95216,0.96771,0.65693,0.76395,0.40729,0.57184,0.23666,0.44733,0.69920
2002-02-01,0.94772,0.96775,0.65077,0.76399,0.40161,0.57187,0.23328,0.44735,0.69923
2002-02-04,0.92424,0.96788,0.61852,0.76409,0.37203,0.57194,0.21567,0.44741,0.69932
2002-02-05,0.91854,0.96792,0.61088,0.76412,0.36520,0.57197,0.21280,0.44743,0.69936
2002-02-06,0.91460,0.96796,0.60561,0.76416,0.36053,0.57199,0.21281,0.44745,0.69939
2002-02-07,0.90890,0.96801,0.59805,0.76419,0.35385,0.57202,0.21282,0.44747,0.69942
2002-02-08,0.92625,0.96805,0.62071,0.76423,0.37372,0.57204,0.21282,0.44749,0.69945
2002-02-11,0.93757,0.96818,0.63564,0.76433,0.38704,0.57212,0.21285,0.44755,0.69954
2002-02-12,0.93464,0.96822,0.63163,0.76436,0.38341,0.57215,0.21337,0.44757,0.69957
2002-02-13,0.94453,0.96826,0.64488,0.76439,0.39534,0.57217,0.21539,0.44759,0.69960
2002-02-14,0.94277,0.96831,0.64243,0.76443,0.39310,0.57220,0.21257,0.44761,0.69963
2002-02-15,0.93296,0.96835,0.62908,0.76446,0.38096,0.57222,0.20583,0.44763,0.69966
2002-02-19,0.91510,0.96852,0.60490,0.76460,0.35921,0.57232,0.20148,0.44771,0.69979
2002-02-20,0.93045,0.96856,0.62502,0.76463,0.37692,0.57235,0.20149,0.44773,0.69982
2002-02-21,0.91125,0.96861,0.59931,0.76467,0.35391,0.57237,0.20150,0.44775,0.69985
2002-02-22,0.92248,0.96865,0.61396,0.76470,0.36672,0.57240,0.20151,0.44777,0.69988
2002-02-25,0.93766,0.96878,0.63389,0.76480,0.38436,0.57248,0.20153,0.44783,0.69998
2002-02-26,0.93573,0.96882,0.63124,0.76484,0.38197,0.57250,0.20154,0.44785,0.70001
2002-02-27,0.93934,0.96887,0.63602,0.76487,0.38626,0.57253,0.20155,0.44787,0.70004
2002-02-28,0.93514,0.96891,0.63032,0.76490,0.38112,0.57255,0.20156,0.44789,0.70007
2002-03-01,0.95686,0.96895,0.65939,0.76494,0.40719,0.57258,0.20157,0.44791,0.70010
2002-03-04,0.97371,0.96908,0.68233,0.76504,0.42821,0.57266,0.21115,0.46919,0.70020
2002-03-05,0.97061,0.96863,0.67794,0.76495,0.42412,0.57280,0.20908,0.46460,0.70023
2002-03-06,0.98210,0.98009,0.69385,0.78293,0.43890,0.59290,0.21653,0.48116,0.70026
2002-03-07,0.98000,0.97800,0.69085,0.77953,0.43606,0.58904,0.21510,0.47798,0.68406
2002-03-08,0.98411,0.98210,0.69655,0.78598,0.44141,0.59631,0.21780,0.48396,0.69272
2002-03-11,0.98621,0.98419,0.69932,0.78911,0.44400,0.59982,0.21910,0.48686,0.69691
2002-03-12,0.98562,0.98361,0.69843,0.78810,0.44315,0.59867,0.21868,0.48591,0.69553
2002-03-13,0.97615,0.97415,0.68500,0.77293,0.43047,0.58144,0.21229,0.47172,0.67500
2002-03-14,0.97481,0.97281,0.68307,0.77074,0.42866,0.57897,0.21137,0.46968,0.67206
2002-03-15,0.98406,0.98205,0.69592,0.78527,0.44064,0.59526,0.21741,0.48310,0.69147
2002-03-18,0.98423,0.98222,0.69597,0.78532,0.44067,0.59529,0.21742,0.48312,0.69150
2002-03-19,0.99079,0.98877,0.70515,0.79569,0.44929,0.60702,0.22177,0.49278,0.70547
2002-03-20,0.97221,0.97022,0.67875,0.76586,0.42427,0.57301,0.20916,0.46477,0.66495
2002-03-21,0.97263,0.97064,0.67928,0.76645,0.42475,0.57366,0.20940,0.46531,0.66536
2002-03-22,0.97053,0.96854,0.67630,0.76309,0.42197,0.56988,0.20800,0.46219,0.66539
2002-03-25,0.95850,0.95654,0.65944,0.74404,0.40632,0.54861,0.20011,0.44467,0.66548
2002-03-26,0.96405,0.95487,0.66698,0.74216,0.41322,0.54680,0.20359,0.45239,0.66551
2002-03-27,0.96658,0.95852,0.67039,0.74844,0.41635,0.55397,0.20517,0.45590,0.66554
2002-03-28,0.96616,0.95810,0.66976,0.74772,0.41576,0.55317,0.20486,0.45523,0.66557
2002-04-01,0.96658,0.95852,0.67010,0.74811,0.41605,0.55356,0.20501,0.45555,0.66569
2002-04-02,0.96128,0.95326,0.66274,0.73985,0.40924,0.54440,0.20158,0.44793,0.66572
2002-04-03,0.95455,0.94657,0.65345,0.72943,0.40072,0.53293,0.19728,0.43839,0.66575
2002-04-04,0.95060,0.94116,0.64801,0.72180,0.39576,0.52485,0.19426,0.43283,0.66578
2002-04-05,0.95077,0.94120,0.64818,0.72183,0.39590,0.52488,0.19427,0.43300,0.66581
2002-04-08,0.95279,0.94133,0.65075,0.72193,0.39822,0.52495,0.19429,0.43558,0.66590
2002-04-09,0.94614,0.94137,0.64167,0.72196,0.38995,0.52497,0.19430,0.42633,0.66593
2002-04-10,0.95682,0.94141,0.65602,0.72199,0.40290,0.52499,0.19431,0.44083,0.66596
2002-04-11,0.93311,0.92147,0.62361,0.69204,0.37333,0.49255,0.19432,0.40772,0.66599
2002-04-12,0.94009,0.92415,0.63284,0.69671,0.38152,0.49774,0.19433,0.41210,0.66602
2002-04-15,0.93294,0.92427,0.62311,0.69680,0.37279,0.49780,0.19435,0.41216,0.66611
2002-04-16,0.95506,0.92431,0.65244,0.69683,0.39882,0.49782,0.19436,0.41218,0.66613
2002-04-17,0.95304,0.91996,0.64964,0.69084,0.39627,0.49163,0.19437,0.40705,0.66616
2002-04-18,0.94892,0.91859,0.64399,0.68944,0.39116,0.49037,0.19438,0.40166,0.66619
2002-04-19,0.95237,0.91863,0.64859,0.68947,0.39530,0.49039,0.19439,0.40602,0.66622
2002-04-22,0.93656,0.91875,0.62701,0.68956,0.37574,0.49046,0.19441,0.38545,0.66631
2002-04-23,0.93252,0.91879,0.62158,0.68959,0.37091,0.49048,0.19442,0.38602,0.66634
2002-04-24,0.92319,0.91883,0.60915,0.68962,0.35990,0.49050,0.19443,0.38604,0.66637
2002-04-25,0.92370,0.91887,0.60976,0.68965,0.36043,0.49052,0.19444,0.38606,0.66640
2002-04-26,0.90621,0.91891,0.58674,0.68968,0.34025,0.49054,0.19445,0.38607,0.66643
2002-04-29,0.90175,0.91903,0.58086,0.68977,0.33517,0.49061,0.19447,0.38612,0.66652
2002-04-30,0.91016,0.91907,0.59157,0.68981,0.34433,0.49063,0.19448,0.38614,0.66655
2002-05-01,0.92126,0.91912,0.60587,0.68984,0.35665,0.49065,0.19449,0.38616,0.66658
2002-05-02,0.91773,0.91916,0.60120,0.68987,0.35257,0.49067,0.19450,0.38618,0.66661
2002-05-03,0.90780,0.91920,0.58822,0.68990,0.34128,0.49070,0.19451,0.38619,0.66664
2002-05-06,0.89006,0.91932,0.56521,0.68999,0.32148,0.49076,0.19453,0.38625,0.66672
2002-05-07,0.88695,0.91936,0.56123,0.69002,0.31813,0.49078,0.19454,0.38626,0.66675
2002-05-08,0.91983,0.91940,0.60254,0.69005,0.35277,0.49080,0.19455,0.38628,0.66678
2002-05-09,0.90923,0.91944,0.58868,0.69008,0.34074,0.49083,0.19456,0.38630,0.66681
2002-05-10,0.89216,0.91949,0.56666,0.69011,0.32185,0.49085,0.19457,0.38631,0.66684
2002-05-13,0.91024,0.91961,0.58933,0.69021,0.34090,0.49091,0.19459,0.38637,0.66693
2002-05-14,0.93000,0.91965,0.61472,0.69024,0.36265,0.49094,0.19460,0.38638,0.66696
2002-05-15,0.92639,0.91969,0.60992,0.69027,0.35844,0.49096,0.19461,0.38640,0.66699
2002-05-16,0.93118,0.91973,0.61614,0.69030,0.36386,0.49098,0.19462,0.38642,0.66702
2002-05-17,0.93572,0.91977,0.62206,0.69033,0.36904,0.49100,0.19463,0.38644,0.66705
2002-05-20,0.92563,0.91990,0.60856,0.69042,0.35714,0.49107,0.19465,0.38649,0.66714
2002-05-21,0.91722,0.91994,0.59751,0.69045,0.34752,0.49109,0.19466,0.38651,0.66717
2002-05-22,0.91924,0.91998,0.60007,0.69048,0.34972,0.49111,0.19467,0.38652,0.66720
2002-05-23,0.92900,0.92002,0.61269,0.69052,0.36061,0.49113,0.19468,0.38654,0.66723
2002-05-24,0.91714,0.92006,0.59708,0.69055,0.34699,0.49116,0.19469,0.38656,0.66726
2002-05-28,0.91218,0.92022,0.59045,0.69067,0.34126,0.49124,0.19472,0.38662,0.66738
2002-05-29,0.90545,0.92026,0.58175,0.69070,0.33379,0.49126,0.19473,0.38664,0.66741
2002-05-30,0.90293,0.92030,0.57847,0.69073,0.33101,0.49129,0.19474,0.38666,0.66744
2002-05-31,0.90478,0.92035,0.58078,0.69076,0.33296,0.49131,0.19475,0.38668,0.66747
2002-06-03,0.88082,0.92047,0.55005,0.69085,0.30685,0.49137,0.19477,0.38673,0.66756
2002-06-04,0.88300,0.92051,0.55271,0.69088,0.30904,0.49139,0.19478,0.38674,0.66759
2002-06-05,0.89124,0.92055,0.56292,0.69091,0.31747,0.49142,0.19479,0.38676,0.66762
2002-06-06,0.87317,0.92059,0.54017,0.69094,0.29849,0.49144,0.19480,0.38678,0.66764
2002-06-07,0.87216,0.92063,0.53889,0.69097,0.29743,0.49146,0.19481,0.38680,0.66767
2002-06-10,0.87552,0.92075,0.54288,0.69107,0.30067,0.49152,0.19483,0.38685,0.66776
2002-06-11,0.86055,0.92079,0.52439,0.69110,0.28553,0.49155,0.19484,0.38686,0.66779
2002-06-12,0.86577,0.92083,0.53066,0.69113,0.29056,0.49157,0.19485,0.38688,0.66782
2002-06-13,0.85711,0.92087,0.52007,0.69116,0.28199,0.49159,0.19486,0.38690,0.66785
2002-06-14,0.85584,0.92091,0.51850,0.69119,0.28073,0.49161,0.19487,0.38692,0.66788
2002-06-17,0.87872,0.92103,0.54589,0.69128,0.30262,0.49168,0.19489,0.38697,0.66797
2002-06-18,0.88586,0.92107,0.55467,0.69131,0.30981,0.49170,0.19490,0.38698,0.66800
2002-06-19,0.86526,0.92112,0.52899,0.69134,0.28858,0.49172,0.19491,0.38700,0.66803
2002-06-20,0.85425,0.92116,0.51556,0.69137,0.27776,0.49174,0.19492,0.38702,0.66805
2002-06-21,0.84094,0.92120,0.49957,0.69140,0.26504,0.49176,0.19493,0.38703,0.66808
2002-06-24,0.84533,0.92132,0.50462,0.69149,0.26897,0.49183,0.19495,0.38708,0.66817
2002-06-25,0.82643,0.92136,0.48217,0.69152,0.25132,0.49185,0.19496,0.38710,0.66820
2002-06-26,0.82778,0.92140,0.48369,0.69155,0.25248,0.49187,0.19497,0.38712,0.66823
2002-06-27,0.84221,0.92144,0.50039,0.69158,0.26532,0.49189,0.19498,0.38713,0.66826
2002-06-28,0.83824,0.92148,0.49567,0.69161,0.26162,0.49191,0.19499,0.38715,0.66829
2002-07-01,0.82196,0.92159,0.47642,0.69170,0.24664,0.49197,0.19501,0.38720,0.66837
2002-07-02,0.80457,0.92163,0.45639,0.69173,0.23136,0.49200,0.19502,0.38722,0.66840
2002-07-03,0.80913,0.92167,0.46147,0.69176,0.23515,0.49202,0.19503,0.38723,0.66843
2002-07-05,0.84120,0.92176,0.49768,0.69182,0.26227,0.49206,0.19505,0.38727,0.66849
2002-07-08,0.83073,0.92188,0.48526,0.69191,0.25261,0.49212,0.19507,0.38732,0.66858
2002-07-09,0.80989,0.92192,0.46106,0.69194,0.23405,0.49215,0.19508,0.38734,0.66861
2002-07-10,0.78053,0.92196,0.42785,0.69197,0.20925,0.49217,0.19509,0.38735,0.66864
2002-07-11,0.78685,0.92200,0.43469,0.69200,0.21416,0.49219,0.19510,0.38737,0.66866
2002-07-12,0.77825,0.92204,0.42523,0.69203,0.20731,0.49221,0.19511,0.38739,0.66869
2002-07-15,0.78238,0.92216,0.42960,0.69212,0.21043,0.49227,0.19513,0.38744,0.66878
2002-07-16,0.76736,0.92220,0.41321,0.69215,0.19865,0.49230,0.19514,0.38745,0.66881
2002-07-17,0.76888,0.92224,0.41480,0.69218,0.19977,0.49232,0.19515,0.38747,0.66884
2002-07-18,0.74407,0.92228,0.38824,0.69221,0.18103,0.49234,0.19516,0.38749,0.66887
2002-07-19,0.71800,0.92232,0.36127,0.69224,0.16267,0.49236,0.19517,0.38750,0.66890
2002-07-22,0.69682,0.92244,0.34009,0.69233,0.14880,0.49242,0.19519,0.38755,0.66898
2002-07-23,0.67784,0.92248,0.32175,0.69236,0.13716,0.49245,0.19520,0.38757,0.66901
2002-07-24,0.71809,0.92252,0.35946,0.69239,0.16038,0.49247,0.19521,0.38759,0.66904
2002-07-25,0.71201,0.92256,0.35341,0.69242,0.15645,0.49249,0.19522,0.38760,0.66907
2002-07-26,0.72551,0.92260,0.36663,0.69245,0.16495,0.49251,0.19522,0.38762,0.66910
2002-07-29,0.76070,0.92271,0.40173,0.69254,0.18792,0.49257,0.19525,0.38767,0.66918
2002-07-30,0.77057,0.92275,0.41202,0.69257,0.19495,0.49259,0.19526,0.38769,0.66921
2002-07-31,0.77243,0.92279,0.41395,0.69260,0.19629,0.49261,0.19527,0.38770,0.66924
2002-08-01,0.75235,0.92283,0.39259,0.69263,0.18146,0.49264,0.19528,0.38772,0.66927
2002-08-02,0.73555,0.92287,0.37521,0.69266,0.16973,0.49266,0.19528,0.38774,0.66930
2002-08-05,0.71007,0.92299,0.34939,0.69274,0.15271,0.49272,0.19531,0.38779,0.66938
2002-08-06,0.73387,0.92302,0.37251,0.69277,0.16737,0.49274,0.19532,0.38780,0.66941
2002-08-07,0.74661,0.92306,0.38528,0.69280,0.17572,0.49276,0.19532,0.38782,0.66944
2002-08-08,0.77066,0.92310,0.40982,0.69283,0.19204,0.49278,0.19533,0.38783,0.66947
2002-08-09,0.77353,0.92314,0.41281,0.69286,0.19408,0.49280,0.19534,0.38785,0.66949
2002-08-12,0.76787,0.92325,0.40673,0.69294,0.18989,0.49286,0.19536,0.38790,0.66957
2002-08-13,0.75395,0.92329,0.39208,0.69297,0.17990,0.49288,0.19537,0.38791,0.66960
2002-08-14,0.78137,0.92333,0.42029,0.69300,0.19878,0.49290,0.19538,0.38793,0.66963
2002-08-15,0.79218,0.92337,0.43177,0.69303,0.20673,0.49292,0.19539,0.38795,0.66966
2002-08-16,0.78981,0.92340,0.42919,0.69306,0.20491,0.49294,0.19540,0.38796,0.66969
2002-08-19,0.80821,0.92352,0.44890,0.69314,0.21868,0.49300,0.19542,0.38801,0.66977
2002-08-20,0.79969,0.92356,0.43947,0.69317,0.21194,0.49302,0.19543,0.38802,0.66980
2002-08-21,0.81116,0.92359,0.45194,0.69320,0.22076,0.49304,0.19544,0.38804,0.66982
2002-08-22,0.81901,0.92363,0.46058,0.69323,0.22695,0.49306,0.19544,0.38806,0.66985
2002-08-23,0.80146,0.92367,0.44096,0.69325,0.21274,0.49308,0.19545,0.38807,0.66988
2002-08-26,0.80703,0.92379,0.44692,0.69334,0.21695,0.49314,0.19548,0.38812,0.66996
2002-08-27,0.79775,0.92382,0.43669,0.69337,0.20966,0.49316,0.19548,0.38814,0.66999
2002-08-28,0.78036,0.92386,0.41779,0.69340,0.19636,0.49319,0.19549,0.38815,0.67002
2002-08-29,0.78070,0.92390,0.41811,0.69343,0.19658,0.49321,0.19550,0.38817,0.67005
2002-08-30,0.77766,0.92394,0.41485,0.69346,0.19433,0.49323,0.19551,0.38819,0.67008
2002-09-03,0.74813,0.92410,0.38350,0.69358,0.17283,0.49331,0.19554,0.38825,0.67019
2002-09-04,0.75876,0.92414,0.39425,0.69361,0.17990,0.49333,0.19555,0.38827,0.67022
2002-09-05,0.75235,0.92418,0.38762,0.69363,0.17548,0.49335,0.19556,0.38829,0.67025
2002-09-06,0.76265,0.92421,0.39809,0.69366,0.18239,0.49337,0.19557,0.38830,0.67027
2002-09-09,0.76821,0.92433,0.40375,0.69375,0.18616,0.49343,0.19559,0.38835,0.67036
2002-09-10,0.77699,0.92437,0.41285,0.69378,0.19229,0.49346,0.19560,0.38837,0.67039
2002-09-11,0.77218,0.92441,0.40776,0.69381,0.18882,0.49348,0.19561,0.38838,0.67041
2002-09-12,0.75800,0.92445,0.39289,0.69384,0.17875,0.49350,0.19562,0.38840,0.67044
2002-09-13,0.75986,0.92449,0.39476,0.69387,0.17999,0.49352,0.19563,0.38842,0.67047
2002-09-16,0.76172,0.92461,0.39658,0.69396,0.18119,0.49358,0.19565,0.38847,0.67056
2002-09-17,0.74434,0.92465,0.37862,0.69399,0.16922,0.49360,0.19566,0.38848,0.67059
2002-09-18,0.73691,0.92469,0.37111,0.69402,0.16433,0.49362,0.19567,0.38850,0.67061
2002-09-19,0.71792,0.92472,0.35216,0.69405,0.15212,0.49365,0.19568,0.38852,0.67064
2002-09-20,0.71816,0.92476,0.35236,0.69408,0.15224,0.49367,0.19568,0.38853,0.67067
2002-09-23,0.71231,0.92488,0.34660,0.69416,0.14863,0.49373,0.19571,0.38858,0.67076
2002-09-24,0.70087,0.92492,0.33556,0.69419,0.14177,0.49375,0.19572,0.38860,0.67078
2002-09-25,0.71816,0.92496,0.35189,0.69422,0.15174,0.49377,0.19572,0.38861,0.67081
2002-09-26,0.72986,0.92499,0.36320,0.69425,0.15881,0.49379,0.19573,0.38863,0.67084
2002-09-27,0.70460,0.92503,0.33830,0.69428,0.14300,0.49381,0.19574,0.38865,0.67087
2002-09-30,0.69647,0.92515,0.33050,0.69436,0.13822,0.49387,0.19576,0.38869,0.67095
2002-10-01,0.72978,0.92518,0.36170,0.69439,0.15706,0.49389,0.19577,0.38871,0.67098
2002-10-02,0.70799,0.92522,0.34032,0.69442,0.14358,0.49391,0.19578,0.38872,0.67100
2002-10-03,0.70087,0.92526,0.33352,0.69445,0.13943,0.49393,0.19579,0.38874,0.67103
2002-10-04,0.68807,0.92529,0.32146,0.69447,0.13215,0.49395,0.19580,0.38876,0.67106
2002-10-07,0.67392,0.92541,0.30832,0.69456,0.12436,0.49401,0.19582,0.38880,0.67114
2002-10-08,0.68443,0.92544,0.31779,0.69459,0.12984,0.49403,0.19583,0.38882,0.67117
2002-10-09,0.66519,0.92548,0.30012,0.69462,0.11945,0.49405,0.19584,0.38883,0.67119
2002-10-10,0.68663,0.92552,0.31919,0.69464,0.13032,0.49407,0.19584,0.38885,0.67122
2002-10-11,0.71655,0.92556,0.34663,0.69467,0.14646,0.49409,0.19585,0.38887,0.67125
2002-10-14,0.72054,0.92567,0.35035,0.69475,0.14873,0.49415,0.19587,0.38891,0.67133
2002-10-15,0.75504,0.92570,0.38349,0.69478,0.16910,0.49417,0.19588,0.38893,0.67135
2002-10-16,0.73681,0.92574,0.36514,0.69481,0.15732,0.49419,0.19589,0.38894,0.67138
2002-10-17,0.75139,0.92578,0.37940,0.69484,0.16624,0.49421,0.19590,0.38896,0.67141
2002-10-18,0.75453,0.92582,0.38250,0.69487,0.16821,0.49423,0.19591,0.38898,0.67144
2002-10-21,0.76750,0.92594,0.39542,0.69496,0.17648,0.49429,0.19593,0.38903,0.67152
2002-10-22,0.76199,0.92598,0.38977,0.69499,0.17279,0.49431,0.19594,0.38904,0.67155
2002-10-23,0.76775,0.92602,0.39557,0.69502,0.17654,0.49433,0.19595,0.38906,0.67158
2002-10-24,0.75216,0.92606,0.37963,0.69505,0.16616,0.49436,0.19596,0.38908,0.67161
2002-10-25,0.76775,0.92609,0.39518,0.69507,0.17606,0.49438,0.19597,0.38909,0.67164
2002-10-28,0.76275,0.92621,0.38998,0.69516,0.17268,0.49444,0.19599,0.38914,0.67172
2002-10-29,0.75394,0.92625,0.38103,0.69519,0.16690,0.49446,0.19600,0.38916,0.67175
2002-10-30,0.76123,0.92628,0.38829,0.69521,0.17153,0.49448,0.19600,0.38917,0.67177
2002-10-31,0.75351,0.92632,0.38047,0.69524,0.16649,0.49450,0.19601,0.38918,0.67180
2002-11-01,0.76835,0.92635,0.39526,0.69527,0.17591,0.49451,0.19602,0.38920,0.67182
2002-11-04,0.77564,0.92645,0.40260,0.69534,0.18066,0.49457,0.19141,0.38924,0.67189
2002-11-05,0.78174,0.92648,0.40884,0.69537,0.18475,0.49458,0.19615,0.38925,0.67192
2002-11-06,0.79182,0.92652,0.41926,0.69539,0.19162,0.49460,0.20413,0.38927,0.67194
2002-11-07,0.77250,0.92654,0.39895,0.69541,0.17805,0.49462,0.18838,0.38928,0.67196
2002-11-08,0.76309,0.92657,0.38930,0.69543,0.17177,0.49463,0.18108,0.38929,0.67198
2002-11-11,0.75131,0.92666,0.37732,0.69550,0.16407,0.49468,0.17213,0.38933,0.67204
2002-11-12,0.75724,0.92668,0.38319,0.69552,0.16777,0.49469,0.17443,0.38934,0.67206
2002-11-13,0.75801,0.92671,0.38393,0.69554,0.16824,0.49471,0.17443,0.38935,0.67208
2002-11-14,0.77225,0.92674,0.39818,0.69556,0.17733,0.49472,0.17444,0.38936,0.67210
2002-11-15,0.77792,0.92677,0.40395,0.69558,0.18107,0.49474,0.18233,0.38937,0.67212
2002-11-18,0.77013,0.92685,0.39584,0.69564,0.17577,0.49478,0.17689,0.38941,0.67219
2002-11-19,0.76911,0.92688,0.39478,0.69566,0.17508,0.49480,0.17618,0.38942,0.67221
2002-11-20,0.78615,0.92691,0.41207,0.69568,0.18625,0.49481,0.18763,0.38943,0.67223
2002-11-21,0.80073,0.92693,0.42718,0.69571,0.19622,0.49483,0.19785,0.38944,0.67225
2002-11-22,0.79505,0.92696,0.42114,0.69573,0.19216,0.49484,0.19369,0.38830,0.67227
2002-11-25,0.79556,0.92705,0.42158,0.69579,0.19245,0.49489,0.19399,0.38806,0.67233
2002-11-26,0.78047,0.92708,0.40571,0.69581,0.18186,0.49490,0.18313,0.38807,0.67235
2002-11-27,0.80234,0.92710,0.42820,0.69583,0.19657,0.49492,0.19820,0.38808,0.67237
2002-11-29,0.79979,0.92716,0.42545,0.69587,0.19471,0.49495,0.19631,0.37751,0.67241
2002-12-02,0.80107,0.92724,0.42670,0.69594,0.19555,0.49499,0.19716,0.37921,0.67247
2002-12-03,0.79039,0.92727,0.41539,0.69596,0.18797,0.49501,0.18939,0.36367,0.67249
2002-12-04,0.78683,0.92730,0.41165,0.69598,0.18550,0.49502,0.18686,0.35017,0.67251
2002-12-05,0.77818,0.92733,0.40266,0.69600,0.17958,0.49504,0.18079,0.35018,0.67253
2002-12-06,0.78327,0.92736,0.40785,0.69602,0.18295,0.49505,0.18425,0.35019,0.67255
2002-12-09,0.76182,0.92744,0.38564,0.69608,0.16841,0.49509,0.16934,0.35022,0.67261
2002-12-10,0.77199,0.92747,0.39581,0.69611,0.17487,0.49511,0.17596,0.35023,0.67263
2002-12-11,0.77267,0.92750,0.39647,0.69613,0.17529,0.49512,0.17639,0.35025,0.67265
2002-12-12,0.77259,0.92752,0.39635,0.69615,0.17521,0.49514,0.17632,0.35026,0.67267
2002-12-13,0.76047,0.92755,0.38401,0.69617,0.16726,0.49515,0.16817,0.35027,0.67269
2002-12-16,0.78005,0.92763,0.40350,0.69623,0.17961,0.49520,0.18082,0.35030,0.67275
2002-12-17,0.77327,0.92766,0.39652,0.69625,0.17508,0.49521,0.17618,0.35031,0.67277
2002-12-18,0.76437,0.92769,0.38746,0.69627,0.16924,0.49523,0.17020,0.35032,0.67279
2002-12-19,0.75894,0.92772,0.38199,0.69629,0.16576,0.49524,0.16663,0.35033,0.67281
2002-12-20,0.76973,0.92775,0.39270,0.69631,0.17252,0.49526,0.16908,0.35034,0.67283
2002-12-23,0.76998,0.92783,0.39288,0.69638,0.17263,0.49530,0.17130,0.35037,0.67289
2002-12-24,0.76427,0.92786,0.38708,0.69640,0.16892,0.49532,0.16751,0.35038,0.67291
2002-12-26,0.76462,0.92791,0.38737,0.69644,0.16910,0.49535,0.16769,0.35040,0.67295
2002-12-27,0.74749,0.92794,0.37017,0.69646,0.15817,0.49536,0.15651,0.35041,0.67297
2002-12-30,0.75371,0.92802,0.37619,0.69652,0.16190,0.49540,0.15853,0.35044,0.67303
2002-12-31,0.75474,0.92804,0.37717,0.69654,0.16251,0.49542,0.15854,0.35045,0.67305
2003-01-02,0.77893,0.92810,0.40104,0.69658,0.17746,0.49545,0.15855,0.35047,0.67309
2003-01-03,0.78131,0.92813,0.40344,0.69660,0.17901,0.49546,0.16068,0.35519,0.67311
2003-01-06,0.79502,0.92821,0.41738,0.69666,0.18802,0.49551,0.16907,0.37376,0.67317
2003-01-07,0.79307,0.92824,0.41532,0.69668,0.18666,0.49552,0.16780,0.37095,0.67319
2003-01-08,0.78165,0.92827,0.40344,0.69671,0.17887,0.49554,0.16055,0.35490,0.67321
2003-01-09,0.79375,0.92829,0.41578,0.69673,0.18684,0.49555,0.16797,0.37133,0.67323
2003-01-10,0.79588,0.92832,0.41796,0.69675,0.18827,0.49557,0.16930,0.37427,0.67325
2003-01-13,0.79562,0.92840,0.41761,0.69681,0.18803,0.49561,0.16908,0.37378,0.67331
2003-01-14,0.79818,0.92843,0.42024,0.69683,0.18976,0.49562,0.17069,0.37734,0.67333
2003-01-15,0.79026,0.92846,0.41194,0.69685,0.18428,0.49564,0.16559,0.36606,0.67335
2003-01-16,0.78702,0.92849,0.40857,0.69687,0.18208,0.49565,0.16354,0.36152,0.67337
2003-01-17,0.77543,0.92851,0.39663,0.69689,0.17431,0.49567,0.15631,0.34551,0.67339
2003-01-21,0.76343,0.92862,0.38435,0.69697,0.16645,0.49573,0.14898,0.32930,0.67347
2003-01-22,0.75423,0.92865,0.37516,0.69699,0.16066,0.49574,0.14358,0.32370,0.67349
2003-01-23,0.75883,0.92868,0.37966,0.69701,0.16345,0.49575,0.14626,0.32371,0.67351
2003-01-24,0.73898,0.92870,0.35998,0.69703,0.15114,0.49577,0.14626,0.32372,0.67353
2003-01-27,0.72893,0.92878,0.35022,0.69709,0.14520,0.49581,0.14628,0.32375,0.67359
2003-01-28,0.73430,0.92881,0.35529,0.69711,0.14824,0.49583,0.14628,0.32376,0.67360
2003-01-29,0.73983,0.92884,0.36057,0.69713,0.15142,0.49584,0.14629,0.32377,0.67362
2003-01-30,0.72237,0.92886,0.34371,0.69715,0.14117,0.49585,0.14629,0.32378,0.67364
2003-01-31,0.73625,0.92889,0.35674,0.69717,0.14890,0.49587,0.14629,0.32379,0.67366
2003-02-03,0.73770,0.92897,0.35805,0.69723,0.14969,0.49591,0.14631,0.32382,0.67372
2003-02-04,0.73046,0.92900,0.35108,0.69725,0.14546,0.49593,0.14631,0.32383,0.67374
2003-02-05,0.72595,0.92902,0.34677,0.69727,0.14288,0.49594,0.14631,0.32384,0.67376
2003-02-06,0.72254,0.92905,0.34352,0.69729,0.14094,0.49595,0.14632,0.32384,0.67378
2003-02-07,0.71377,0.92908,0.33526,0.69731,0.13604,0.49597,0.14632,0.32385,0.67380
2003-02-10,0.71879,0.92916,0.33985,0.69737,0.13873,0.49601,0.14634,0.32388,0.67386
2003-02-11,0.71385,0.92918,0.33521,0.69739,0.13599,0.49603,0.14634,0.32389,0.67388
2003-02-12,0.70253,0.92921,0.32468,0.69741,0.12983,0.49604,0.14634,0.32390,0.67390
2003-02-13,0.70466,0.92924,0.32660,0.69743,0.13093,0.49605,0.14635,0.32391,0.67392
2003-02-14,0.71999,0.92926,0.34061,0.69745,0.13902,0.49607,0.14635,0.32392,0.67394
2003-02-18,0.73259,0.92937,0.35230,0.69754,0.14590,0.49613,0.14637,0.32396,0.67401
2003-02-19,0.72876,0.92940,0.34863,0.69756,0.14370,0.49614,0.14637,0.32397,0.67403
2003-02-20,0.72152,0.92943,0.34176,0.69758,0.13961,0.49616,0.14638,0.32398,0.67405
2003-02-21,0.72876,0.92945,0.34851,0.69760,0.14359,0.49617,0.14638,0.32399,0.67407
2003-02-24,0.71701,0.92954,0.33733,0.69766,0.13692,0.49621,0.14640,0.32401,0.67413
2003-02-25,0.72271,0.92956,0.34261,0.69768,0.14001,0.49623,0.14640,0.32402,0.67415
2003-02-26,0.71224,0.92959,0.33277,0.69770,0.13420,0.49624,0.14640,0.32403,0.67417
2003-02-27,0.72161,0.92962,0.34139,0.69772,0.13922,0.49626,0.14641,0.32404,0.67419
2003-02-28,0.72638,0.92965,0.34583,0.69774,0.14183,0.49627,0.14641,0.32405,0.67421
2003-03-03,0.71948,0.92973,0.33926,0.69780,0.13793,0.49632,0.14643,0.32408,0.67427
2003-03-04,0.70806,0.92976,0.32860,0.69782,0.13168,0.49633,0.14643,0.32409,0.67429
2003-03-05,0.71403,0.92978,0.33405,0.69784,0.13482,0.49635,0.14643,0.32410,0.67431
2003-03-06,0.70806,0.92981,0.32851,0.69786,0.13160,0.49636,0.14644,0.32411,0.67433
2003-03-07,0.71292,0.92984,0.33294,0.69788,0.13415,0.49638,0.14644,0.32412,0.67435
2003-03-10,0.69589,0.92991,0.31715,0.69794,0.12498,0.49642,0.14646,0.32415,0.67441
2003-03-11,0.68907,0.92994,0.31100,0.69796,0.12150,0.49643,0.14646,0.32415,0.67443
2003-03-12,0.69367,0.92996,0.31508,0.69798,0.12378,0.49644,0.14646,0.32416,0.67444
2003-03-13,0.71752,0.92999,0.33644,0.69800,0.13582,0.49646,0.14647,0.32417,0.67446
2003-03-14,0.71982,0.93001,0.33855,0.69802,0.13705,0.49647,0.14647,0.32418,0.67448
2003-03-17,0.74239,0.93009,0.35945,0.69807,0.14926,0.49651,0.14648,0.32421,0.67454
2003-03-18,0.74674,0.93012,0.36359,0.69809,0.15174,0.49652,0.14649,0.32422,0.67455
2003-03-19,0.75244,0.93014,0.36906,0.69811,0.15505,0.49654,0.14649,0.32423,0.67457
2003-03-20,0.75406,0.93017,0.37061,0.69813,0.15599,0.49655,0.14650,0.32424,0.67459
2003-03-21,0.77009,0.93020,0.38616,0.69815,0.16549,0.49657,0.14650,0.33352,0.67461
2003-03-24,0.74460,0.91562,0.36078,0.67672,0.14967,0.47390,0.13982,0.29902,0.67467
2003-03-25,0.75170,0.91527,0.36756,0.67685,0.15374,0.47424,0.13992,0.29925,0.67469
2003-03-26,0.74794,0.91530,0.36390,0.67687,0.15152,0.47425,0.13993,0.29402,0.67471
2003-03-27,0.74854,0.91532,0.36445,0.67689,0.15185,0.47427,0.13993,0.28684,0.67473
2003-03-28,0.74477,0.91535,0.36080,0.67691,0.14965,0.47428,0.13994,0.28685,0.67475
2003-03-31,0.72793,0.91543,0.34458,0.67696,0.13990,0.47432,0.13995,0.28688,0.67481
2003-04-01,0.73905,0.91545,0.35496,0.67698,0.14598,0.47433,0.13995,0.28688,0.67482
2003-04-02,0.75683,0.91548,0.37183,0.67700,0.15602,0.47435,0.13995,0.28689,0.67484
2003-04-03,0.75324,0.91550,0.36831,0.67702,0.15388,0.47436,0.13424,0.27516,0.67486
2003-04-04,0.75769,0.91553,0.37259,0.67704,0.15647,0.47437,0.13667,0.28016,0.67488
2003-04-07,0.75624,0.89095,0.37110,0.64115,0.15556,0.43683,0.13582,0.27840,0.67493
2003-04-08,0.75743,0.89266,0.37223,0.64432,0.15624,0.44038,0.13646,0.27973,0.67495
2003-04-09,0.74751,0.87837,0.36256,0.62425,0.15035,0.42001,0.13093,0.26836,0.67497
2003-04-10,0.75162,0.87813,0.36648,0.62451,0.15270,0.42047,0.13108,0.26866,0.67499
2003-04-11,0.74854,0.87816,0.36348,0.62453,0.15089,0.42048,0.13108,0.25908,0.67501
2003-04-14,0.76393,0.87824,0.37819,0.62458,0.15974,0.42052,0.13109,0.27542,0.67507
2003-04-15,0.77103,0.88670,0.38512,0.63716,0.16398,0.43341,0.13510,0.28326,0.67509
2003-04-16,0.75795,0.87160,0.37215,0.61544,0.15596,0.41127,0.12821,0.26844,0.67511
2003-04-17,0.76915,0.88453,0.38301,0.63363,0.16256,0.42948,0.13388,0.28063,0.67513
2003-04-21,0.76992,0.88542,0.38366,0.63472,0.16295,0.43057,0.13422,0.28136,0.67521
2003-04-22,0.78437,0.90210,0.39789,0.65857,0.17173,0.45480,0.14176,0.29758,0.67523
2003-04-23,0.79156,0.91039,0.40508,0.67061,0.17625,0.46726,0.14564,0.30592,0.68693
2003-04-24,0.78454,0.90229,0.39794,0.65865,0.17172,0.45477,0.14175,0.29756,0.66834
2003-04-25,0.77488,0.89114,0.38821,0.64234,0.16561,0.43789,0.13650,0.28626,0.64323
2003-04-28,0.78822,0.90654,0.40136,0.66438,0.17376,0.46039,0.14350,0.30132,0.64713
2003-04-29,0.79096,0.90970,0.40409,0.66895,0.17548,0.46514,0.14498,0.30450,0.64582
2003-04-30,0.78925,0.90772,0.40233,0.66601,0.17436,0.46206,0.14402,0.30244,0.64148
2003-05-01,0.78916,0.90762,0.40222,0.66582,0.17429,0.46186,0.14396,0.30230,0.64120
2003-05-02,0.80037,0.92055,0.41350,0.68472,0.18141,0.48150,0.15007,0.31546,0.66888
2003-05-05,0.79883,0.91878,0.41184,0.68194,0.18034,0.47856,0.14915,0.31348,0.66473
2003-05-06,0.80635,0.92746,0.41950,0.69477,0.18523,0.49205,0.15335,0.32251,0.68373
2003-05-07,0.80191,0.92233,0.41489,0.68704,0.18226,0.48384,0.15080,0.31702,0.67217
2003-05-08,0.79387,0.91305,0.40662,0.67318,0.17696,0.46921,0.14625,0.30723,0.65156
2003-05-09,0.80481,0.92568,0.41770,0.69175,0.18398,0.48860,0.15228,0.32020,0.67887
2003-05-12,0.81465,0.93703,0.42772,0.70855,0.19042,0.50637,0.15781,0.33210,0.70391
2003-05-13,0.81319,0.93536,0.42618,0.70597,0.18941,0.50360,0.15695,0.33025,0.70000
2003-05-14,0.81148,0.93338,0.42438,0.70294,0.18824,0.50036,0.15594,0.32808,0.69544
2003-05-15,0.81662,0.93930,0.42966,0.71180,0.19167,0.50981,0.15888,0.33440,0.70876
2003-05-16,0.81456,0.93694,0.42750,0.70817,0.19025,0.50591,0.15767,0.33179,0.70325
2003-05-19,0.79558,0.91503,0.40766,0.67493,0.17736,0.47031,0.14659,0.30796,0.65310
2003-05-20,0.79395,0.91315,0.40599,0.67212,0.17629,0.46737,0.14567,0.30599,0.64896
2003-05-21,0.79558,0.91503,0.40761,0.67484,0.17731,0.47020,0.14655,0.30788,0.65294
2003-05-22,0.80345,0.92411,0.41556,0.68817,0.18236,0.48411,0.15088,0.31720,0.67255
2003-05-23,0.80507,0.92598,0.41720,0.69091,0.18340,0.48700,0.15178,0.31913,0.67662
2003-05-27,0.81910,0.94217,0.43149,0.71486,0.19256,0.51228,0.15965,0.33605,0.71222
2003-05-28,0.82141,0.94483,0.43387,0.71885,0.19411,0.51656,0.16098,0.33892,0.71825
2003-05-29,0.81927,0.94236,0.43160,0.71505,0.19263,0.51246,0.15971,0.33617,0.71248
2003-05-30,0.83235,0.95746,0.44523,0.73789,0.20152,0.53699,0.16734,0.35260,0.74705
2003-06-02,0.83577,0.96141,0.44877,0.74382,0.20385,0.54344,0.16935,0.35692,0.75613
2003-06-03,0.83919,0.96536,0.45238,0.74987,0.20625,0.55006,0.17141,0.36135,0.76546
2003-06-04,0.85125,0.97927,0.46524,0.77142,0.21483,0.57375,0.17878,0.37721,0.79883
2003-06-05,0.85544,0.98411,0.46975,0.77898,0.21789,0.58218,0.18141,0.38285,0.81070
2003-06-06,0.85211,0.98026,0.46609,0.77284,0.21539,0.57529,0.17926,0.37824,0.80100
2003-06-09,0.84347,0.97029,0.45662,0.75697,0.20898,0.55758,0.17375,0.36638,0.77605
2003-06-10,0.85202,0.98016,0.46578,0.77231,0.21511,0.57451,0.17902,0.37771,0.79989
2003-06-11,0.86100,0.99052,0.47548,0.78858,0.22168,0.59264,0.18466,0.38985,0.82544
2003-06-12,0.86365,0.99358,0.47836,0.79339,0.22364,0.59806,0.18635,0.39348,0.83308
2003-06-13,0.85467,0.98322,0.46846,0.77680,0.21685,0.57932,0.18052,0.38093,0.80667
2003-06-16,0.87263,1.00395,0.48790,0.80938,0.23004,0.61572,0.19185,0.40530,0.85796
2003-06-17,0.87263,1.00395,0.48787,0.80933,0.23002,0.61566,0.19183,0.40526,0.85787
2003-06-18,0.87186,1.00306,0.48698,0.80785,0.22941,0.61397,0.19130,0.40413,0.85549
2003-06-19,0.85861,0.98776,0.47226,0.78317,0.21922,0.58586,0.18255,0.38531,0.81588
2003-06-20,0.85672,0.98558,0.47017,0.77967,0.21780,0.58193,0.18133,0.38268,0.81034
2003-06-23,0.84797,0.97548,0.46055,0.76356,0.21126,0.56389,0.17571,0.37060,0.78493
2003-06-24,0.84882,0.97647,0.46145,0.76506,0.21186,0.56555,0.17623,0.37171,0.78726
2003-06-25,0.84033,0.96666,0.45226,0.74966,0.20568,0.54848,0.17092,0.36028,0.76322
2003-06-26,0.85123,0.97924,0.46386,0.76910,0.21341,0.56980,0.17755,0.37456,0.79326
2003-06-27,0.84144,0.96795,0.45326,0.75133,0.20626,0.55006,0.17141,0.36134,0.76545
2003-06-30,0.84119,0.96765,0.45290,0.75073,0.20601,0.54939,0.17120,0.36089,0.76450
2003-07-01,0.84891,0.97657,0.46112,0.76450,0.21148,0.56450,0.17590,0.37100,0.78578
2003-07-02,0.85955,0.98885,0.47256,0.78367,0.21917,0.58570,0.18250,0.38520,0.81566
2003-07-03,0.85071,0.97865,0.46288,0.76746,0.21259,0.56754,0.17685,0.37304,0.79008
2003-07-07,0.86754,0.99806,0.48093,0.79769,0.22473,0.60104,0.18728,0.39547,0.83727
2003-07-08,0.87140,1.00252,0.48514,0.80476,0.22762,0.60902,0.18976,0.40081,0.84851
2003-07-09,0.86651,0.99687,0.47971,0.79565,0.22387,0.59868,0.18654,0.39389,0.83395
2003-07-10,0.85552,0.98420,0.46761,0.77538,0.21559,0.57581,0.17943,0.37858,0.80172
2003-07-11,0.86359,0.99351,0.47633,0.78999,0.22148,0.59207,0.18449,0.38946,0.82463
2003-07-14,0.86779,0.99836,0.48084,0.79755,0.22455,0.60056,0.18713,0.39514,0.83658
2003-07-15,0.86591,0.99618,0.47873,0.79402,0.22311,0.59657,0.18589,0.39247,0.83097
2003-07-16,0.86084,0.99034,0.47315,0.78466,0.21929,0.58602,0.18260,0.38541,0.81611
2003-07-17,0.84865,0.97627,0.45983,0.76234,0.21023,0.56103,0.17483,0.36868,0.78090
2003-07-18,0.85732,0.98628,0.46912,0.77790,0.21645,0.57820,0.18017,0.38017,0.80508
2003-07-21,0.84677,0.97409,0.45757,0.75855,0.20864,0.55662,0.17345,0.36573,0.77469
2003-07-22,0.85441,0.98291,0.46573,0.77222,0.21408,0.57166,0.17813,0.37579,0.79586
2003-07-23,0.85501,0.98360,0.46635,0.77326,0.21450,0.57281,0.17849,0.37656,0.79748
2003-07-24,0.84857,0.97617,0.45935,0.76154,0.20978,0.55979,0.17444,0.36784,0.77914
2003-07-25,0.86350,0.99341,0.47536,0.78836,0.22049,0.58933,0.18363,0.38763,0.82077
2003-07-28,0.86033,0.98974,0.47180,0.78239,0.21806,0.58264,0.18155,0.38314,0.81133
2003-07-29,0.85638,0.98519,0.46747,0.77514,0.21513,0.57454,0.17903,0.37772,0.79993
2003-07-30,0.85432,0.98281,0.46521,0.77135,0.21360,0.57033,0.17772,0.37490,0.79399
2003-07-31,0.85629,0.98509,0.46731,0.77487,0.21502,0.57423,0.17893,0.37751,0.79948
2003-08-01,0.84874,0.97637,0.45911,0.76112,0.20948,0.55895,0.17418,0.36728,0.77795
2003-08-04,0.84874,0.97637,0.45902,0.76097,0.20942,0.55877,0.17412,0.36716,0.77771
2003-08-05,0.83080,0.95567,0.43975,0.72868,0.19654,0.52323,0.16306,0.34337,0.72763
2003-08-06,0.83561,0.96122,0.44476,0.73709,0.19981,0.53227,0.16587,0.34942,0.74037
2003-08-07,0.84436,0.97132,0.45397,0.75252,0.20587,0.54897,0.17107,0.36060,0.76389
2003-08-08,0.84677,0.97409,0.45650,0.75676,0.20755,0.55361,0.17251,0.36370,0.77043
2003-08-11,0.84994,0.97776,0.45981,0.76230,0.20974,0.55967,0.17440,0.36776,0.77897
2003-08-12,0.85767,0.98667,0.46807,0.77614,0.21526,0.57490,0.17914,0.37796,0.80042
2003-08-13,0.85329,0.98162,0.46330,0.76815,0.21204,0.56602,0.17638,0.37201,0.78791
2003-08-14,0.85561,0.98430,0.46577,0.77228,0.21370,0.57058,0.17780,0.37506,0.79434
2003-08-15,0.85827,0.98737,0.46861,0.77705,0.21561,0.57585,0.17944,0.37859,0.80177
2003-08-18,0.86565,0.99588,0.47651,0.79029,0.22093,0.59055,0.18401,0.38844,0.82248
2003-08-19,0.86891,0.99965,0.48005,0.79621,0.22333,0.59718,0.18608,0.39287,0.83181
2003-08-20,0.86539,0.99559,0.47616,0.78969,0.22068,0.58985,0.18379,0.38796,0.82148
2003-08-21,0.86814,0.99876,0.47913,0.79467,0.22269,0.59541,0.18553,0.39169,0.82932
2003-08-22,0.85956,0.98885,0.46970,0.77887,0.21626,0.57766,0.18000,0.37980,0.80431
2003-08-25,0.86093,0.99044,0.47109,0.78121,0.21720,0.58025,0.18081,0.38154,0.80796
2003-08-26,0.86248,0.99222,0.47274,0.78396,0.21831,0.58332,0.18176,0.38359,0.81228
2003-08-27,0.86273,0.99252,0.47299,0.78438,0.21848,0.58378,0.18190,0.38390,0.81293
2003-08-28,0.86805,0.99866,0.47874,0.79403,0.22238,0.59453,0.18525,0.39110,0.82808
2003-08-29,0.87389,1.00539,0.48510,0.80468,0.22671,0.60648,0.18897,0.39910,0.84492
2003-09-02,0.88556,1.01886,0.49783,0.82601,0.23543,0.63057,0.19647,0.41522,0.87885
2003-09-03,0.89037,1.02441,0.50316,0.83494,0.23913,0.64079,0.19965,0.42206,0.89325
2003-09-04,0.89080,1.02490,0.50361,0.83570,0.23945,0.64165,0.19992,0.42264,0.89446
2003-09-05,0.88582,1.01916,0.49799,0.82628,0.23552,0.63081,0.19654,0.41538,0.87918
2003-09-08,0.89312,1.02758,0.50604,0.83976,0.24110,0.64622,0.20134,0.42570,0.90090
2003-09-09,0.88728,1.02084,0.49944,0.82870,0.23648,0.63346,0.19737,0.41716,0.88292
2003-09-10,0.87835,1.01054,0.48943,0.81194,0.22952,0.61424,0.19139,0.40429,0.85585
2003-09-11,0.88093,1.01351,0.49225,0.81666,0.23146,0.61959,0.19305,0.40787,0.86338
2003-09-12,0.88256,1.01540,0.49403,0.81963,0.23268,0.62297,0.19410,0.41013,0.86814
2003-09-15,0.87947,1.01183,0.49050,0.81372,0.23024,0.61622,0.19200,0.40561,0.85863
2003-09-16,0.89226,1.02659,0.50462,0.83739,0.23997,0.64309,0.20036,0.42360,0.89648
2003-09-17,0.89054,1.02461,0.50266,0.83410,0.23860,0.63930,0.19919,0.42106,0.89115
2003-09-18,0.90101,1.03669,0.51436,0.85371,0.24676,0.66182,0.20620,0.43614,0.92288
2003-09-19,0.89645,1.03142,0.50915,0.84498,0.24308,0.65168,0.20304,0.42935,0.90858
2003-09-22,0.88680,1.02029,0.49817,0.82658,0.23537,0.63039,0.19641,0.41510,0.87859
2003-09-23,0.89016,1.02416,0.50189,0.83281,0.23795,0.63750,0.19863,0.41986,0.88861
2003-09-24,0.87439,1.00597,0.48421,0.80318,0.22563,0.60350,0.18804,0.39710,0.84071
2003-09-25,0.86724,0.99772,0.47632,0.78996,0.22023,0.58861,0.18341,0.38712,0.81972
2003-09-26,0.86440,0.99443,0.47319,0.78472,0.21811,0.58275,0.18158,0.38320,0.81147
2003-09-29,0.87284,1.00418,0.48227,0.79993,0.22424,0.59967,0.18685,0.39453,0.83531
2003-09-30,0.86440,0.99443,0.47298,0.78437,0.21790,0.58218,0.18141,0.38282,0.81066
2003-10-01,0.88275,1.01561,0.49287,0.81770,0.23134,0.61926,0.19295,0.40764,0.86290
2003-10-02,0.88594,1.01929,0.49637,0.82356,0.23375,0.62591,0.19502,0.41210,0.87228
2003-10-03,0.89404,1.02864,0.50535,0.83860,0.23996,0.64304,0.20035,0.42357,0.89641
2003-10-06,0.89809,1.03331,0.50980,0.84605,0.24306,0.65160,0.20301,0.42929,0.90846
2003-10-07,0.90153,1.03729,0.51365,0.85251,0.24575,0.65904,0.20533,0.43428,0.91895
2003-10-08,0.89929,1.03470,0.51108,0.84821,0.24395,0.65405,0.20378,0.43094,0.91192
2003-10-09,0.90171,1.03749,0.51377,0.85271,0.24583,0.65926,0.20540,0.43442,0.91926
2003-10-10,0.90420,1.04037,0.51656,0.85740,0.24780,0.66468,0.20709,0.43805,0.92690
2003-10-13,0.90705,1.04365,0.51969,0.86264,0.25000,0.67076,0.20898,0.44212,0.93546
2003-10-14,0.91024,1.04733,0.52329,0.86866,0.25254,0.67778,0.21116,0.44682,0.94534
2003-10-15,0.90782,1.04455,0.52050,0.86399,0.25056,0.67231,0.20946,0.44315,0.93764
2003-10-16,0.91144,1.04872,0.52458,0.87083,0.25345,0.68029,0.21194,0.44850,0.94889
2003-10-17,0.90153,1.03729,0.51323,0.85180,0.24538,0.65800,0.20500,0.43357,0.91748
2003-10-20,0.90825,1.04504,0.52072,0.86436,0.25064,0.67253,0.20953,0.44330,0.93795
2003-10-21,0.90670,1.04325,0.51893,0.86135,0.24937,0.66901,0.20843,0.44095,0.93299
2003-10-22,0.89533,1.03013,0.50597,0.83964,0.24021,0.64373,0.20056,0.42402,0.89737
2003-10-23,0.89369,1.02824,0.50410,0.83650,0.23890,0.64012,0.19944,0.42160,0.89229
2003-10-24,0.89568,1.03053,0.50629,0.84017,0.24042,0.64432,0.20075,0.42441,0.89820
2003-10-27,0.89611,1.03102,0.50667,0.84081,0.24069,0.64505,0.20097,0.42490,0.89923
2003-10-28,0.90825,1.04504,0.52027,0.86361,0.25018,0.67126,0.20913,0.44245,0.93616
2003-10-29,0.90946,1.04644,0.52161,0.86585,0.25113,0.67387,0.20994,0.44420,0.93983
2003-10-30,0.91136,1.04862,0.52374,0.86941,0.25263,0.67802,0.21124,0.44697,0.94568
2003-10-31,0.91049,1.04763,0.52272,0.86771,0.25191,0.67602,0.21061,0.44564,0.94287
2003-11-03,0.91644,1.05449,0.52940,0.87889,0.25664,0.68907,0.21468,0.45438,0.96125
2003-11-04,0.91446,1.05220,0.52709,0.87503,0.25499,0.68452,0.21326,0.45133,0.95484
2003-11-05,0.91515,1.05300,0.52784,0.87629,0.25553,0.68600,0.21372,0.45232,0.95693
2003-11-06,0.91997,1.05857,0.53334,0.88550,0.25944,0.69680,0.21708,0.45955,0.97214
2003-11-07,0.91317,1.05071,0.52547,0.87231,0.25380,0.68124,0.21224,0.44913,0.95021
2003-11-10,0.90946,1.04644,0.52113,0.86504,0.25071,0.67272,0.20959,0.44342,0.93820
2003-11-11,0.90920,1.04614,0.52080,0.86449,0.25048,0.67207,0.20938,0.44299,0.93729
2003-11-12,0.91937,1.05787,0.53233,0.88381,0.25863,0.69458,0.21639,0.45806,0.96901
2003-11-13,0.91963,1.05817,0.53260,0.88425,0.25882,0.69510,0.21655,0.45841,0.96974
2003-11-14,0.91187,1.04922,0.52364,0.86925,0.25241,0.67741,0.21105,0.44656,0.94482
2003-11-17,0.90731,1.04395,0.51833,0.86035,0.24864,0.66701,0.20781,0.43960,0.93016
2003-11-18,0.89792,1.03311,0.50765,0.84245,0.24110,0.64619,0.20133,0.42566,0.90083
2003-11-19,0.90550,1.04186,0.51612,0.85665,0.24702,0.66252,0.20641,0.43659,0.92383
2003-11-20,0.89740,1.03252,0.50693,0.84124,0.24054,0.64464,0.20085,0.42462,0.89865
2003-11-21,0.90111,1.03679,0.51105,0.84814,0.24342,0.65257,0.20332,0.42993,0.90982
2003-11-24,0.91300,1.05051,0.52434,0.87041,0.25272,0.67824,0.21131,0.44712,0.94599
2003-11-25,0.91644,1.05449,0.52823,0.87694,0.25548,0.68587,0.21368,0.45222,0.95673
2003-11-26,0.91972,1.05827,0.53195,0.88316,0.25812,0.69316,0.21595,0.45710,0.96700
2003-11-28,0.92041,1.05906,0.53267,0.88438,0.25863,0.69458,0.21639,0.45805,0.96900
2003-12-01,0.93031,1.07050,0.54396,0.90329,0.26670,0.71683,0.22332,0.47295,1.00035
2003-12-02,0.92799,1.06781,0.54122,0.89870,0.26472,0.71137,0.22162,0.46930,0.99266
2003-12-03,0.92652,1.06612,0.53949,0.89580,0.26347,0.70792,0.22054,0.46699,0.98780
2003-12-04,0.93031,1.07050,0.54384,0.90309,0.26660,0.71656,0.22323,0.47277,0.99996
2003-12-05,0.92385,1.06304,0.53630,0.89046,0.26115,0.70152,0.21855,0.46270,0.97878
2003-12-08,0.93006,1.07020,0.54335,0.90227,0.26620,0.71546,0.22289,0.47203,0.99842
2003-12-09,0.92290,1.06195,0.53502,0.88831,0.26019,0.69886,0.21772,0.46092,0.97502
2003-12-10,0.92282,1.06185,0.53488,0.88808,0.26009,0.69859,0.21764,0.46074,0.97465
2003-12-11,0.93316,1.07378,0.54675,0.90797,0.26859,0.72204,0.22494,0.47644,1.00768
2003-12-12,0.93497,1.07587,0.54882,0.91144,0.27008,0.72617,0.22622,0.47920,1.01351
2003-12-15,0.93031,1.07050,0.54329,0.90217,0.26607,0.71509,0.22277,0.47178,0.99789
2003-12-16,0.93514,1.07606,0.54886,0.91150,0.27008,0.72616,0.22622,0.47920,1.01349
2003-12-17,0.93807,1.07945,0.55224,0.91716,0.27253,0.73293,0.22833,0.48372,1.02302
2003-12-18,0.94858,1.09158,0.56450,0.93770,0.28145,0.75753,0.23598,0.50020,1.05769
2003-12-19,0.94595,1.08854,0.56135,0.93243,0.27913,0.75114,0.23400,0.49592,1.04868
2003-12-22,0.95253,1.09613,0.56900,0.94525,0.28474,0.76662,0.23881,0.50628,1.07048
2003-12-23,0.95313,1.09683,0.56968,0.94640,0.28524,0.76800,0.23924,0.50720,1.07244
2003-12-24,0.95218,1.09573,0.56852,0.94444,0.28438,0.76562,0.23850,0.50561,1.06908
2003-12-26,0.95287,1.09653,0.56927,0.94570,0.28493,0.76714,0.23897,0.50662,1.07122
2003-12-29,0.96551,1.11112,0.58417,0.97066,0.29592,0.79749,0.24842,0.52694,1.11398
2003-12-30,0.96569,1.11131,0.58434,0.97095,0.29605,0.79784,0.24853,0.52718,1.11447
2003-12-31,0.96655,1.11231,0.58534,0.97263,0.29680,0.79990,0.24917,0.52856,1.11738
2004-01-02,0.96612,1.11181,0.58474,0.97163,0.29635,0.79866,0.24879,0.52773,1.11563
2004-01-05,0.97659,1.12390,0.59723,0.99256,0.30569,0.82444,0.25681,0.54498,1.15194
2004-01-06,0.97755,1.12500,0.59835,0.99443,0.30653,0.82677,0.25753,0.54654,1.15523
2004-01-07,0.98084,1.12880,0.60232,1.00108,0.30953,0.83505,0.26011,0.55209,1.16689
2004-01-08,0.98473,1.13329,0.60703,1.00898,0.31311,0.84493,0.26319,0.55870,1.18081
2004-01-09,0.97616,1.12340,0.59649,0.99132,0.30507,0.82274,0.25628,0.54385,1.14955
2004-01-12,0.98335,1.13169,0.60511,1.00576,0.31158,0.84070,0.26187,0.55587,1.17485
2004-01-13,0.97763,1.12510,0.59808,0.99398,0.30623,0.82593,0.25727,0.54598,1.15404
2004-01-14,0.98577,1.13449,0.60794,1.01050,0.31368,0.84651,0.26368,0.55976,1.18303
2004-01-15,0.98819,1.13729,0.61087,1.01541,0.31592,0.85268,0.26560,0.56389,1.19173
2004-01-16,0.99209,1.14178,0.61562,1.02337,0.31955,0.86270,0.26872,0.57060,1.20584
2004-01-20,0.99183,1.14148,0.61515,1.02258,0.31918,0.86167,0.26840,0.56991,1.20439
2004-01-21,0.99962,1.15047,0.62472,1.03861,0.32652,0.88192,0.27470,0.58347,1.23293
2004-01-22,0.99702,1.14748,0.62145,1.03314,0.32399,0.87495,0.27253,0.57880,1.22310
2004-01-23,0.99382,1.14378,0.61744,1.02642,0.32090,0.86641,0.26987,0.57308,1.21107
2004-01-26,1.00629,1.15817,0.63272,1.05203,0.33263,0.89881,0.27996,0.59477,1.25672
2004-01-27,0.99599,1.14628,0.61980,1.03038,0.32258,0.87107,0.27132,0.57620,1.21763
2004-01-28,0.98465,1.13319,0.60573,1.00679,0.31175,0.84117,0.26202,0.55618,1.17551
2004-01-29,0.98560,1.13429,0.60686,1.00868,0.31261,0.84353,0.26275,0.55776,1.17883
2004-01-30,0.98560,1.13429,0.60682,1.00862,0.31257,0.84344,0.26272,0.55770,1.17870
2004-02-02,0.98984,1.13919,0.61189,1.01712,0.31643,0.85409,0.26604,0.56483,1.19371
2004-02-03,0.98820,1.13729,0.60983,1.01367,0.31486,0.84973,0.26468,0.56191,1.18757
2004-02-04,0.98015,1.12800,0.59992,0.99705,0.30729,0.82884,0.25818,0.54792,1.15814
2004-02-05,0.98300,1.13129,0.60335,1.00281,0.30989,0.83601,0.26041,0.55273,1.16824
2004-02-06,0.99400,1.14398,0.61673,1.02522,0.32004,0.86403,0.26913,0.57148,1.20771
2004-02-09,0.99426,1.14428,0.61693,1.02556,0.32018,0.86444,0.26926,0.57176,1.20829
2004-02-10,0.99746,1.14798,0.62085,1.03212,0.32318,0.87272,0.27184,0.57730,1.21995
2004-02-11,1.00802,1.16016,0.63388,1.05395,0.33321,0.90040,0.28045,0.59583,1.25895
2004-02-12,1.00438,1.15597,0.62929,1.04627,0.32964,0.89055,0.27738,0.58923,1.24507
2004-02-13,0.99988,1.15077,0.62364,1.03680,0.32526,0.87846,0.27362,0.58114,1.22804
2004-02-17,1.00889,1.16116,0.63465,1.05525,0.33375,0.90187,0.28091,0.59682,1.26102
2004-02-18,1.00447,1.15607,0.62908,1.04592,0.32942,0.88992,0.27719,0.58881,1.24418
2004-02-19,1.00075,1.15177,0.62441,1.03808,0.32579,0.87991,0.27407,0.58211,1.23008
2004-02-20,0.99772,1.14828,0.62061,1.03172,0.32286,0.87181,0.27155,0.57669,1.21867
2004-02-23,0.99521,1.14538,0.61738,1.02631,0.32037,0.86495,0.26942,0.57209,1.20900
2004-02-24,0.99348,1.14338,0.61521,1.02267,0.31870,0.86034,0.26798,0.56901,1.20250
2004-02-25,0.99763,1.14818,0.62028,1.03117,0.32259,0.87106,0.27132,0.57619,1.21761
2004-02-26,0.99824,1.14888,0.62099,1.03236,0.32313,0.87256,0.27179,0.57719,1.21972
2004-02-27,0.99893,1.14968,0.62181,1.03373,0.32376,0.87429,0.27232,0.57835,1.22216
2004-03-01,1.00880,1.16106,0.63390,1.05400,0.33306,0.89997,0.28032,0.59554,1.25834
2004-03-02,1.00291,1.15427,0.62651,1.04160,0.32731,0.88409,0.27538,0.58491,1.23597
2004-03-03,1.00473,1.15637,0.62872,1.04532,0.32902,0.88882,0.27685,0.58807,1.24263
2004-03-04,1.00733,1.15937,0.63191,1.05066,0.33149,0.89563,0.27897,0.59263,1.25222
2004-03-05,1.01070,1.16326,0.63609,1.05765,0.33472,0.90456,0.28174,0.59861,1.26480
2004-03-08,0.99841,1.14908,0.62058,1.03166,0.32264,0.87121,0.27137,0.57628,1.21781
2004-03-09,0.99443,1.14448,0.61561,1.02335,0.31882,0.86067,0.26809,0.56923,1.20297
2004-03-10,0.97781,1.12530,0.59512,0.98900,0.30313,0.81735,0.25460,0.54022,1.14193
2004-03-11,0.96517,1.11072,0.57979,0.96331,0.29160,0.78551,0.24469,0.51891,1.09708
2004-03-12,0.97781,1.12530,0.59484,0.98853,0.30276,0.81634,0.25429,0.53955,1.14052
2004-03-15,0.96586,1.11152,0.58028,0.96413,0.29181,0.78611,0.24488,0.51931,1.09792
2004-03-16,0.97097,1.11741,0.58634,0.97429,0.29631,0.79852,0.24874,0.52762,1.11541
2004-03-17,0.98179,1.12990,0.59929,0.99599,0.30597,0.82518,0.25704,0.54547,1.15297
2004-03-18,0.98205,1.13020,0.59956,0.99645,0.30618,0.82575,0.25722,0.54585,1.15377
2004-03-19,0.96802,1.11401,0.58250,0.96785,0.29330,0.79021,0.24616,0.52205,1.10370
2004-03-22,0.95578,1.09987,0.56774,0.94312,0.28232,0.75992,0.23673,0.50177,1.06102
2004-03-23,0.95412,1.09797,0.56575,0.93979,0.28087,0.75590,0.24037,0.49908,1.05535
2004-03-24,0.95491,1.09887,0.56664,0.94127,0.28151,0.75768,0.24038,0.50027,1.05786
2004-03-25,0.96750,1.11341,0.58145,0.96610,0.29237,0.78764,0.24038,0.52033,1.10007
2004-03-26,0.96776,1.11371,0.58173,0.96656,0.29257,0.78819,0.24059,0.52070,1.10085
2004-03-29,0.98132,1.12934,0.59780,0.99350,0.30450,0.82112,0.25063,0.54274,1.14723
2004-03-30,0.98462,1.13315,0.60176,1.00013,0.30747,0.82933,0.25314,0.54824,1.15881
2004-03-31,0.98575,1.13446,0.60310,1.00237,0.30848,0.83210,0.25399,0.55009,1.16271
2004-04-01,0.99165,1.14127,0.61024,1.01434,0.31388,0.84700,0.25853,0.56007,1.18370
2004-04-02,0.99912,1.14990,0.61934,1.02959,0.32079,0.86609,0.26436,0.57285,1.21060
2004-04-05,1.00460,1.15621,0.62597,1.04070,0.32586,0.88008,0.26862,0.58221,1.23030
2004-04-06,1.00138,1.15250,0.62195,1.03395,0.32276,0.87153,0.26601,0.57649,1.21825
2004-04-07,0.99904,1.14979,0.61901,1.02903,0.32051,0.86530,0.26411,0.57232,1.20948
2004-04-08,0.99678,1.14719,0.61619,1.02430,0.31834,0.85933,0.26229,0.56832,1.20107
2004-04-12,1.00069,1.15170,0.62083,1.03209,0.32188,0.86910,0.26527,0.57486,1.21484
2004-04-13,0.98670,1.13556,0.60354,1.00311,0.30863,0.83251,0.25411,0.55036,1.16327
2004-04-14,0.98827,1.13736,0.60540,1.00623,0.31003,0.83638,0.25529,0.55296,1.16874
2004-04-15,0.98453,1.13305,0.60082,0.99854,0.30656,0.82680,0.25237,0.54654,1.15523
2004-04-16,0.99209,1.14178,0.60995,1.01384,0.31344,0.84578,0.25816,0.55925,1.18198
2004-04-19,0.99209,1.14178,0.60983,1.01364,0.31334,0.84552,0.25808,0.55907,1.18161
2004-04-20,0.97550,1.12263,0.58951,0.97960,0.29791,0.80293,0.24509,0.53056,1.12161
2004-04-21,0.98201,1.13015,0.59730,0.99265,0.30372,0.81896,0.24669,0.54129,1.14419
2004-04-22,0.99574,1.14599,0.61385,1.02039,0.31615,0.85328,0.25804,0.56426,1.19254
2004-04-23,0.99669,1.14709,0.61499,1.02229,0.31701,0.85565,0.25875,0.56585,1.19588
2004-04-26,0.99530,1.14548,0.61316,1.01923,0.31561,0.85179,0.25759,0.56327,1.19044
2004-04-27,0.99617,1.14649,0.61418,1.02094,0.31639,0.85393,0.25824,0.56470,1.19346
2004-04-28,0.98332,1.13165,0.59838,0.99446,0.30436,0.82072,0.24823,0.54247,1.14667
2004-04-29,0.97472,1.12173,0.58794,0.97697,0.29651,0.79906,0.24171,0.52796,1.11615
2004-04-30,0.96716,1.11300,0.57884,0.96172,0.28974,0.78036,0.24367,0.51544,1.08980
2004-05-03,0.97750,1.12493,0.59102,0.98213,0.29873,0.80518,0.24369,0.53206,1.12476
2004-05-04,0.97671,1.12403,0.59005,0.98049,0.29800,0.80315,0.24369,0.53070,1.12191
2004-05-05,0.98297,1.13125,0.59752,0.99301,0.30356,0.81852,0.24370,0.54099,1.14357
2004-05-06,0.97454,1.12153,0.58730,0.97588,0.29589,0.79735,0.24209,0.52682,1.11374
2004-05-07,0.95847,1.10298,0.56801,0.94356,0.28155,0.75775,0.23811,0.50030,1.05794
2004-05-10,0.94866,1.09165,0.55633,0.92400,0.27301,0.73417,0.23812,0.49264,1.02473
2004-05-11,0.95665,1.10088,0.56561,0.93954,0.27971,0.75268,0.23813,0.49265,1.05080
2004-05-12,0.96273,1.10789,0.57271,0.95144,0.28489,0.76697,0.23814,0.49266,1.07094
2004-05-13,0.95873,1.10328,0.56795,0.94346,0.28139,0.75732,0.23814,0.49524,1.05734
2004-05-14,0.95917,1.10378,0.56842,0.94426,0.28174,0.75827,0.23815,0.49424,1.05868
2004-05-17,0.95100,1.09436,0.55870,0.92796,0.27462,0.73863,0.23817,0.49428,1.03100
2004-05-18,0.95578,1.09987,0.56424,0.93724,0.27863,0.74970,0.23817,0.49429,1.04660
2004-05-19,0.95248,1.09606,0.56033,0.93069,0.27578,0.74184,0.23818,0.49430,1.03552
2004-05-20,0.95552,1.09957,0.56384,0.93658,0.27833,0.74887,0.23818,0.49431,1.04543
2004-05-21,0.95717,1.10148,0.56574,0.93976,0.27971,0.75268,0.23819,0.49433,1.05080
2004-05-24,0.96117,1.10609,0.57032,0.94743,0.28304,0.76188,0.23821,0.49436,1.06375
2004-05-25,0.97489,1.12193,0.58646,0.97449,0.29486,0.79449,0.23821,0.49438,1.10970
2004-05-26,0.97828,1.12584,0.59048,0.98121,0.29783,0.80270,0.23822,0.50155,1.12126
2004-05-27,0.98375,1.13215,0.59700,0.99214,0.30269,0.81610,0.23823,0.50990,1.14015
2004-05-28,0.98367,1.13205,0.59686,0.99190,0.30258,0.81580,0.23823,0.50971,1.13972
2004-06-01,0.98236,1.13055,0.59512,0.98899,0.30127,0.81219,0.23826,0.50746,1.13463
2004-06-02,0.98601,1.13476,0.59947,0.99628,0.30452,0.82116,0.23827,0.51304,1.14727
2004-06-03,0.97698,1.12433,0.58851,0.97792,0.29630,0.79845,0.23347,0.49890,1.11528
2004-06-04,0.98471,1.13326,0.59773,0.99336,0.30314,0.81735,0.23876,0.51067,1.14190
2004-06-07,0.99965,1.15050,0.61563,1.02336,0.31654,0.85433,0.24650,0.53370,1.19400
2004-06-08,1.00104,1.15210,0.61729,1.02613,0.31780,0.85780,0.24751,0.53586,1.19889
2004-06-09,0.99175,1.14138,0.60585,1.00696,0.30909,0.83376,0.24049,0.52089,1.16501
2004-06-10,0.99661,1.14699,0.61171,1.01679,0.31350,0.84594,0.24405,0.52848,1.18219
2004-06-14,0.98679,1.13566,0.59955,0.99641,0.30428,0.82049,0.23662,0.51263,1.14632
2004-06-15,0.99374,1.14368,0.60790,1.01040,0.31054,0.83775,0.24166,0.52337,1.17064
2004-06-16,0.99357,1.14348,0.60764,1.00997,0.31034,0.83720,0.24150,0.52303,1.16987
2004-06-17,0.99209,1.14178,0.60580,1.00688,0.30895,0.83336,0.24038,0.52064,1.16445
2004-06-18,0.99396,1.14393,0.60802,1.01060,0.31062,0.83797,0.24172,0.52351,1.17094
2004-06-21,0.99021,1.13960,0.60333,1.00274,0.30706,0.82816,0.23886,0.51740,1.15713
2004-06-22,0.99518,1.14534,0.60930,1.01275,0.31155,0.84055,0.24248,0.52512,1.17458
2004-06-23,1.00372,1.15520,0.61966,1.03010,0.31937,0.86213,0.24878,0.53856,1.20499
2004-06-24,1.00059,1.15158,0.61576,1.02357,0.31640,0.85392,0.24638,0.53345,1.19342
2004-06-25,0.99579,1.14604,0.60985,1.01366,0.31191,0.84152,0.24276,0.52572,1.17595
2004-06-28,0.99239,1.14212,0.60557,1.00650,0.30866,0.83257,0.24015,0.52015,1.16334
2004-06-29,0.99649,1.14685,0.61050,1.01475,0.31237,0.84280,0.24313,0.52652,1.17775
2004-06-30,1.00181,1.15298,0.61693,1.02553,0.31723,0.85621,0.24705,0.53487,1.19664
2004-07-01,0.98795,1.13699,0.59991,0.99700,0.30429,0.82050,0.23662,0.51263,1.14632
2004-07-02,0.98742,1.13638,0.59923,0.99587,0.30378,0.81909,0.23621,0.51176,1.14435
2004-07-06,0.97879,1.12642,0.58865,0.97813,0.29584,0.79717,0.22981,0.49811,1.11346
2004-07-07,0.98167,1.12974,0.59204,0.98382,0.29836,0.80411,0.22909,0.50243,1.12324
2004-07-08,0.97487,1.12190,0.58384,0.97008,0.29226,0.78727,0.22910,0.49195,1.09951
2004-07-09,0.97740,1.12481,0.58681,0.97506,0.29444,0.79331,0.22910,0.49516,1.10802
2004-07-12,0.97783,1.12532,0.58720,0.97571,0.29472,0.79409,0.22912,0.49521,1.10911
2004-07-13,0.97853,1.12612,0.58799,0.97703,0.29531,0.79569,0.22913,0.49523,1.11137
2004-07-14,0.97557,1.12270,0.58441,0.97103,0.29265,0.78835,0.22914,0.49524,1.10102
2004-07-15,0.96929,1.11546,0.57689,0.95843,0.28709,0.77300,0.22915,0.49526,1.07940
2004-07-16,0.96850,1.11455,0.57592,0.95680,0.28637,0.77102,0.22915,0.49528,1.07662
2004-07-19,0.96441,1.10982,0.57095,0.94847,0.28271,0.76093,0.22918,0.49532,1.06240
2004-07-20,0.97661,1.12391,0.58526,0.97246,0.29317,0.78978,0.22919,0.49534,1.10304
2004-07-21,0.95865,1.10318,0.56383,0.93654,0.27732,0.74603,0.22919,0.49536,1.04140
2004-07-22,0.96127,1.09991,0.56684,0.93189,0.27950,0.74083,0.22920,0.49538,1.04988
2004-07-23,0.95325,1.09995,0.55740,0.93192,0.27263,0.74085,0.22921,0.49539,1.02318
2004-07-26,0.95142,1.10006,0.55515,0.93202,0.27100,0.74093,0.22923,0.49544,1.01682
2004-07-27,0.96031,1.10010,0.56541,0.93205,0.27838,0.74096,0.22924,0.49546,1.04552
2004-07-28,0.96319,1.10014,0.56873,0.93208,0.28078,0.74099,0.22925,0.49548,1.05488
2004-07-29,0.96729,1.10018,0.57350,0.93212,0.28425,0.74101,0.22926,0.49550,1.06835
2004-07-30,0.96964,1.10435,0.57623,0.93996,0.28624,0.75069,0.22927,0.49551,1.07609
2004-08-02,0.97164,1.10664,0.57846,0.94362,0.28787,0.75504,0.22929,0.49557,1.08241
2004-08-03,0.96415,1.09808,0.56954,0.92899,0.28132,0.73751,0.22930,0.49559,1.05694
2004-08-04,0.96406,1.09385,0.56940,0.92274,0.28121,0.73043,0.22931,0.49561,1.05651
2004-08-05,0.94837,1.09389,0.55094,0.92277,0.26776,0.73045,0.22932,0.49562,1.00421
2004-08-06,0.93485,1.09393,0.53530,0.92281,0.25656,0.73048,0.22932,0.49564,0.98169
2004-08-09,0.93616,1.09405,0.53666,0.92291,0.25751,0.73056,0.22935,0.49570,0.98179
2004-08-10,0.94819,1.09409,0.55032,0.92294,0.26715,0.73059,0.22936,0.49571,0.98183
2004-08-11,0.94627,1.09413,0.54806,0.92298,0.26553,0.73062,0.22937,0.49573,0.98187
2004-08-12,0.93599,1.09417,0.53618,0.92301,0.25706,0.73064,0.22938,0.49575,0.98190
2004-08-13,0.93782,1.09421,0.53822,0.92304,0.25849,0.73067,0.22938,0.49577,0.98194
2004-08-16,0.94750,1.09433,0.54913,0.92314,0.26619,0.73075,0.22941,0.49582,0.98204
2004-08-17,0.95281,1.09437,0.55521,0.92318,0.27053,0.73077,0.22942,0.49584,0.98208
2004-08-18,0.96258,1.09441,0.56647,0.92321,0.27861,0.73080,0.22943,0.49586,0.98212
2004-08-19,0.95979,1.09445,0.56316,0.92325,0.27621,0.73083,0.22943,0.49588,0.97841
2004-08-20,0.96650,1.09449,0.57095,0.92328,0.28183,0.73086,0.22944,0.49590,0.99877
2004-08-23,0.96406,1.09461,0.56795,0.92338,0.27964,0.73094,0.22947,0.49595,0.99082
2004-08-24,0.96537,1.09466,0.56943,0.92342,0.28071,0.73097,0.22948,0.49597,0.99471
2004-08-25,0.97191,1.09470,0.57705,0.92346,0.28624,0.73099,0.22949,0.49599,1.01475
2004-08-26,0.97191,1.09508,0.57700,0.92487,0.28621,0.73299,0.22949,0.49601,1.01461
2004-08-27,0.97496,1.09853,0.58056,0.93061,0.28880,0.73979,0.22950,0.49603,1.02401
2004-08-30,0.96694,1.08947,0.57092,0.91505,0.28172,0.72123,0.22496,0.49609,0.99837
2004-08-31,0.97200,1.08970,0.57681,0.91632,0.28600,0.72308,0.22554,0.49611,1.01386
2004-09-01,0.97383,1.09233,0.57892,0.92151,0.28754,0.72954,0.22555,0.49613,1.01944
2004-09-02,0.98481,1.10468,0.59185,0.94224,0.29701,0.75411,0.22555,0.49615,1.05373
2004-09-03,0.98080,1.10018,0.58701,0.93448,0.29342,0.74480,0.22406,0.49285,1.04074
2004-09-07,0.98726,1.10743,0.59449,0.94648,0.29892,0.75907,0.22834,0.50228,1.06065
2004-09-08,0.98481,1.10468,0.59152,0.94171,0.29671,0.75333,0.22662,0.49849,1.05265
2004-09-09,0.98394,1.10370,0.59043,0.93996,0.29590,0.75123,0.22599,0.49710,1.04971
2004-09-10,0.98900,1.10939,0.59641,0.94956,0.30032,0.76270,0.22943,0.50467,1.06571
2004-09-13,0.99223,1.11302,0.60013,0.95552,0.30307,0.76983,0.23157,0.50938,1.07567
2004-09-14,0.99423,1.11527,0.60249,0.95930,0.30483,0.77439,0.23293,0.51239,1.08203
2004-09-15,0.98673,1.10684,0.59341,0.94474,0.29804,0.75677,0.22765,0.50075,1.05744
2004-09-16,0.98970,1.11017,0.59691,0.95034,0.30062,0.76348,0.22966,0.50518,1.06680
2004-09-17,0.99389,1.11489,0.60188,0.95832,0.30432,0.77307,0.23254,0.51152,1.08018
2004-09-20,0.98794,1.10820,0.59456,0.94658,0.29884,0.75885,0.22827,0.50213,1.06034
2004-09-21,0.99223,1.11302,0.59964,0.95473,0.30260,0.76862,0.23120,0.50858,1.07397
2004-09-22,0.97988,1.09914,0.58476,0.93087,0.29151,0.73983,0.22257,0.48957,1.03380
2004-09-23,0.97463,1.09323,0.57848,0.92080,0.28689,0.72783,0.21897,0.48165,1.01705
2004-09-24,0.97910,1.09435,0.58370,0.92356,0.29070,0.73144,0.22193,0.48403,1.03086
2004-09-27,0.97288,1.09002,0.57619,0.91677,0.28516,0.72364,0.21763,0.47887,1.01081
2004-09-28,0.97752,1.09054,0.58160,0.91853,0.28911,0.72605,0.21835,0.48047,1.02510
2004-09-29,0.98242,1.09059,0.58735,0.91857,0.29332,0.72609,0.22183,0.48049,1.04034
2004-09-30,0.98172,1.09165,0.58647,0.92111,0.29267,0.72941,0.22132,0.48269,1.03797
2004-10-01,0.99827,1.11007,0.60606,0.95203,0.30709,0.76604,0.23249,0.50692,1.09021
2004-10-04,0.99994,1.11192,0.60792,0.95496,0.30846,0.76953,0.23355,0.50922,1.09518
2004-10-05,1.00046,1.11251,0.60850,0.95588,0.30890,0.77063,0.23388,0.50995,1.09675
2004-10-06,1.00729,1.12011,0.61670,0.96883,0.31504,0.78624,0.23864,0.52027,1.11901
2004-10-07,0.99652,1.10812,0.60354,0.94806,0.30511,0.76100,0.23095,0.50358,1.08301
2004-10-08,0.98829,1.09896,0.59359,0.93234,0.29767,0.74210,0.22519,0.49108,1.05607
2004-10-11,0.99232,1.10344,0.59824,0.93969,0.30110,0.75082,0.22785,0.49685,1.06850
2004-10-12,0.98847,1.09916,0.59358,0.93233,0.29763,0.74200,0.22516,0.49101,1.05593
2004-10-13,0.97980,1.08951,0.58318,0.91592,0.28993,0.72245,0.21920,0.47808,1.02804
2004-10-14,0.97192,1.08983,0.57381,0.91733,0.28305,0.72446,0.21387,0.46653,1.00314
2004-10-15,0.97735,1.08987,0.58013,0.91737,0.28764,0.72449,0.21586,0.47085,1.01977
2004-10-18,0.98103,1.09002,0.58432,0.91749,0.29069,0.72459,0.21589,0.47091,1.03081
2004-10-19,0.97280,1.07654,0.57453,0.89555,0.28350,0.69892,0.20825,0.45423,1.00476
2004-10-20,0.97087,1.07199,0.57222,0.88883,0.28181,0.69136,0.20600,0.44931,0.99865
2004-10-21,0.97717,1.07204,0.57955,0.88887,0.28713,0.69139,0.20601,0.44933,1.01791
2004-10-22,0.96623,1.07209,0.56660,0.88891,0.27766,0.69143,0.20602,0.44936,0.98362
2004-10-25,0.96509,1.07224,0.56512,0.88904,0.27658,0.69152,0.20605,0.44942,0.97629
2004-10-26,0.97980,1.07229,0.58218,0.88908,0.28889,0.69156,0.20606,0.44944,0.97633
2004-10-27,0.99153,1.07234,0.59598,0.88912,0.29898,0.69159,0.21415,0.46708,1.01467
2004-10-28,0.99451,1.07555,0.59949,0.89516,0.30157,0.69894,0.21604,0.47122,1.02365
2004-10-29,0.99434,1.07536,0.59922,0.89477,0.30137,0.69847,0.21589,0.47089,1.02295
2004-11-01,0.99705,1.07831,0.60231,0.89941,0.30365,0.70387,0.21756,0.47453,1.03085
2004-11-02,0.99740,1.07869,0.60268,0.89996,0.30391,0.70450,0.21775,0.47495,1.03177
2004-11-03,1.00992,1.09227,0.61766,0.92250,0.31506,0.73095,0.22591,0.49275,1.07045
2004-11-04,1.02367,1.10719,0.63432,0.94756,0.32761,0.76072,0.23509,0.51278,1.11397
2004-11-05,1.03006,1.11412,0.64214,0.95932,0.33358,0.77486,0.23945,0.52230,1.13466
2004-11-08,1.02857,1.11251,0.64011,0.95628,0.33200,0.77112,0.23830,0.51978,1.12919
2004-11-09,1.02656,1.11032,0.63756,0.95244,0.33004,0.76646,0.23686,0.51664,1.12237
2004-11-10,1.02734,1.11118,0.63847,0.95381,0.33073,0.76810,0.23737,0.51775,1.12477
2004-11-11,1.03514,1.11963,0.64804,0.96821,0.33805,0.78548,0.24272,0.52944,1.15018
2004-11-12,1.04328,1.12846,0.65812,0.98337,0.34582,0.80391,0.24841,0.54184,1.17713
2004-11-15,1.04583,1.13124,0.66114,0.98791,0.34815,0.80942,0.25011,0.54555,1.18519
2004-11-16,1.03837,1.12314,0.65169,0.97369,0.34078,0.79193,0.24472,0.53379,1.15962
2004-11-17,1.04452,1.12981,0.65930,0.98514,0.34666,0.80588,0.24902,0.54317,1.18002
2004-11-18,1.04592,1.13133,0.66100,0.98770,0.34797,0.80901,0.24998,0.54527,1.18458
2004-11-19,1.03433,1.11876,0.64637,0.96568,0.33656,0.78194,0.24163,0.52706,1.14500
2004-11-22,1.03925,1.12409,0.65229,0.97460,0.34111,0.79271,0.24495,0.53431,1.16076
2004-11-23,1.04083,1.12581,0.65420,0.97747,0.34258,0.79620,0.24603,0.53665,1.16585
2004-11-24,1.04329,1.12847,0.65721,0.98200,0.34490,0.80171,0.24773,0.54036,1.17391
2004-11-26,1.04250,1.12762,0.65609,0.98032,0.34402,0.79961,0.24708,0.53895,1.17085
2004-11-29,1.03776,1.12247,0.64997,0.97110,0.33924,0.78828,0.24359,0.53132,1.15427
2004-11-30,1.03846,1.12323,0.65078,0.97232,0.33986,0.78974,0.24404,0.53231,1.15642
2004-12-01,1.05023,1.13600,0.66538,0.99428,0.35113,0.81649,0.25229,0.55031,1.19552
2004-12-02,1.05111,1.13695,0.66642,0.99585,0.35194,0.81840,0.25288,0.55159,1.19831
2004-12-03,1.05040,1.13619,0.66547,0.99442,0.35119,0.81661,0.25233,0.55039,1.19571
2004-12-06,1.05005,1.13581,0.66483,0.99346,0.35067,0.81537,0.25194,0.54956,1.19389
2004-12-07,1.04031,1.12524,0.65249,0.97489,0.34102,0.79249,0.24489,0.53416,1.16044
2004-12-08,1.04636,1.13181,0.65998,0.98616,0.34681,0.80622,0.24912,0.54340,1.18051
2004-12-09,1.05005,1.13581,0.66455,0.99303,0.35035,0.81462,0.25171,0.54905,1.19279
2004-12-10,1.05111,1.13695,0.66581,0.99492,0.35132,0.81693,0.25242,0.55061,1.19617
2004-12-13,1.06024,1.14686,0.67712,1.01194,0.36013,0.83783,0.25887,0.56467,1.22672
2004-12-14,1.06393,1.15086,0.68174,1.01888,0.36376,0.84644,0.26152,0.57046,1.23931
2004-12-15,1.06472,1.15172,0.68268,1.02030,0.36450,0.84818,0.26206,0.57163,1.24186
2004-12-16,1.06410,1.15105,0.68182,1.01902,0.36382,0.84656,0.26156,0.57054,1.23950
2004-12-17,1.05703,1.14338,0.67274,1.00535,0.35663,0.82951,0.25630,0.55907,1.21456
2004-12-20,1.05729,1.14366,0.67288,1.00555,0.35671,0.82970,0.25636,0.55920,1.21485
2004-12-21,1.06541,1.15247,0.68309,1.02091,0.36472,0.84870,0.26222,0.57198,1.24262
2004-12-22,1.06797,1.15525,0.68628,1.02572,0.36724,0.85467,0.26406,0.57600,1.25136
2004-12-23,1.06876,1.15611,0.68723,1.02715,0.36798,0.85643,0.26461,0.57719,1.25393
2004-12-27,1.06656,1.15372,0.68414,1.02250,0.36550,0.85054,0.26279,0.57322,1.24531
2004-12-28,1.07238,1.16003,0.69150,1.03358,0.37132,0.86434,0.26704,0.58251,1.26549
2004-12-29,1.07397,1.16176,0.69347,1.03654,0.37287,0.86803,0.26818,0.58499,1.27089
2004-12-30,1.07194,1.15955,0.69080,1.03251,0.37073,0.86296,0.26662,0.58158,1.26347
2004-12-31,1.06965,1.15707,0.68779,1.02799,0.36833,0.85726,0.26486,0.57774,1.25514
2005-01-03,1.06462,1.15161,0.68115,1.01800,0.36304,0.84471,0.26099,0.56930,1.23679
2005-01-04,1.05165,1.13754,0.66458,0.99306,0.34995,0.81364,0.25141,0.54840,1.19137
2005-01-05,1.04442,1.12969,0.65541,0.97928,0.34280,0.79668,0.24618,0.53698,1.16657
2005-01-06,1.04971,1.13543,0.66196,0.98912,0.34785,0.80867,0.24988,0.54505,1.18410
2005-01-07,1.04821,1.13381,0.66001,0.98619,0.34633,0.80506,0.24876,0.54262,1.17881
2005-01-10,1.05315,1.13917,0.66600,0.99519,0.35096,0.81603,0.25215,0.55000,1.19485
2005-01-11,1.04592,1.13132,0.65683,0.98140,0.34379,0.79904,0.24691,0.53857,1.17001
2005-01-12,1.04936,1.13505,0.66106,0.98777,0.34706,0.80679,0.24930,0.54379,1.18135
2005-01-13,1.04098,1.12596,0.65049,0.97186,0.33884,0.78729,0.24328,0.53066,1.15283
2005-01-14,1.04645,1.13189,0.65722,0.98199,0.34402,0.79958,0.24707,0.53893,1.17080
2005-01-18,1.05730,1.14366,0.67051,1.00198,0.35428,0.82391,0.25458,0.55530,1.20638
2005-01-19,1.04627,1.13170,0.65653,0.98095,0.34334,0.79794,0.24657,0.53783,1.16841
2005-01-20,1.03992,1.12481,0.64853,0.96892,0.33714,0.78324,0.24204,0.52794,1.14692
2005-01-21,1.03357,1.11792,0.64059,0.95697,0.33102,0.76873,0.23756,0.51818,1.12570
2005-01-24,1.03154,1.11571,0.63789,0.95291,0.32894,0.76378,0.23604,0.51485,1.11846
2005-01-25,1.03445,1.11887,0.64141,0.95820,0.33161,0.77012,0.23799,0.51911,1.12773
2005-01-26,1.03754,1.12222,0.64515,0.96382,0.33446,0.77689,0.24008,0.52366,1.13762
2005-01-27,1.03930,1.12414,0.64726,0.96701,0.33608,0.78071,0.24126,0.52624,1.14322
2005-01-28,1.03930,1.12414,0.64720,0.96690,0.33602,0.78057,0.24121,0.52614,1.14301
2005-01-31,1.04574,1.13112,0.65497,0.97860,0.34196,0.79467,0.24556,0.53563,1.16362
2005-02-01,1.05236,1.13830,0.66314,0.99089,0.34826,0.80962,0.25017,0.54569,1.18549
2005-02-02,1.05554,1.14175,0.66705,0.99678,0.35130,0.81681,0.25239,0.55053,1.19600
2005-02-03,1.05280,1.13878,0.66355,0.99150,0.34855,0.81030,0.25038,0.54614,1.18648
2005-02-04,1.06401,1.15094,0.67752,1.01253,0.35941,0.83605,0.25832,0.56347,1.22414
2005-02-07,1.06260,1.14941,0.67552,1.00951,0.35781,0.83225,0.25715,0.56092,1.21858
2005-02-08,1.06383,1.15075,0.67701,1.01175,0.35897,0.83500,0.25800,0.56277,1.22260
2005-02-09,1.05589,1.14213,0.66689,0.99652,0.35101,0.81612,0.25218,0.55006,1.19499
2005-02-10,1.05969,1.14625,0.67158,1.00359,0.35466,0.82478,0.25485,0.55589,1.20765
2005-02-11,1.06877,1.15611,0.68297,1.02071,0.36355,0.84587,0.26135,0.57008,1.23849
2005-02-14,1.06798,1.15525,0.68174,1.01886,0.36255,0.84350,0.26062,0.56849,1.23503
2005-02-15,1.07195,1.15955,0.68671,1.02634,0.36645,0.85276,0.26347,0.57471,1.24856
2005-02-16,1.07266,1.16032,0.68753,1.02758,0.36710,0.85428,0.26394,0.57574,1.25079
2005-02-17,1.06401,1.15094,0.67643,1.01088,0.35831,0.83343,0.25751,0.56171,1.22030
2005-02-18,1.06542,1.15247,0.67815,1.01346,0.35964,0.83659,0.25849,0.56384,1.22492
2005-02-22,1.04963,1.13534,0.65785,0.98293,0.34367,0.79869,0.24680,0.53834,1.16951
2005-02-23,1.05713,1.14347,0.66713,0.99688,0.35083,0.81568,0.25204,0.54977,1.19434
2005-02-24,1.06410,1.15104,0.67581,1.00993,0.35757,0.83167,0.25697,0.56053,1.21773
2005-02-25,1.07460,1.16243,0.68900,1.02978,0.36789,0.85616,0.26452,0.57700,1.25353
2005-02-28,1.06754,1.15477,0.67976,1.01588,0.36056,0.83875,0.25915,0.56529,1.22808
2005-03-01,1.07284,1.16051,0.68639,1.02585,0.36575,0.85107,0.26296,0.57358,1.24610
2005-03-02,1.07231,1.15994,0.68564,1.02472,0.36515,0.84964,0.26251,0.57262,1.24401
2005-03-03,1.07275,1.16042,0.68612,1.02545,0.36552,0.85052,0.26279,0.57321,1.24530
2005-03-04,1.08607,1.17487,0.70300,1.05084,0.37883,0.88208,0.27252,0.59445,1.29144
2005-03-07,1.08660,1.17544,0.70344,1.05151,0.37915,0.88284,0.27275,0.59496,1.29255
2005-03-08,1.08254,1.17104,0.69814,1.04352,0.37490,0.87276,0.26964,0.58817,1.27781
2005-03-09,1.07054,1.15802,0.68266,1.02024,0.36257,0.84352,0.26063,0.56850,1.23506
2005-03-10,1.07293,1.16061,0.68561,1.02467,0.36488,0.84899,0.26231,0.57218,1.24306
2005-03-11,1.06543,1.15247,0.67600,1.01021,0.35729,0.83099,0.25676,0.56007,1.21674
2005-03-14,1.07204,1.15965,0.68412,1.02243,0.36362,0.84600,0.26139,0.57017,1.23868
2005-03-15,1.06322,1.15008,0.67284,1.00547,0.35473,0.82491,0.25489,0.55598,1.20785
2005-03-16,1.05422,1.14031,0.66144,0.98831,0.34582,0.80377,0.24837,0.54175,1.17693
2005-03-17,1.05634,1.14261,0.66401,0.99217,0.34779,0.80845,0.24981,0.54491,1.18379
2005-03-18,1.05321,1.13922,0.66002,0.98618,0.34469,0.80110,0.24755,0.53996,1.17304
2005-03-21,1.04932,1.13499,0.65494,0.97853,0.34074,0.79171,0.24465,0.53364,1.15930
2005-03-22,1.03869,1.12346,0.64167,0.95856,0.33051,0.76745,0.24608,0.51732,1.12384
2005-03-23,1.03958,1.12442,0.64268,0.96009,0.33127,0.76926,0.24610,0.51854,1.12648
2005-03-24,1.04082,1.12577,0.64413,0.96227,0.33237,0.77186,0.24612,0.52028,1.13028
2005-03-28,1.04232,1.12740,0.64569,0.96462,0.33352,0.77458,0.24619,0.52212,1.13426
2005-03-29,1.03542,1.11990,0.63711,0.95170,0.32695,0.75900,0.24621,0.51163,1.11147
2005-03-30,1.05003,1.13576,0.65492,0.97849,0.34045,0.79102,0.24623,0.53318,1.15830
2005-03-31,1.04808,1.13365,0.65243,0.97474,0.33853,0.78645,0.24625,0.53010,1.15162
2005-04-01,1.04339,1.12855,0.64654,0.96589,0.33400,0.77571,0.24627,0.52288,1.13591
2005-04-04,1.04516,1.13047,0.64850,0.96884,0.33547,0.77919,0.24632,0.52522,1.14101
2005-04-05,1.05012,1.13586,0.65455,0.97794,0.34008,0.79014,0.24634,0.53259,1.15702
2005-04-06,1.05375,1.13980,0.65898,0.98460,0.34348,0.79819,0.24635,0.53800,1.16878
2005-04-07,1.05942,1.14595,0.66595,0.99509,0.34885,0.81093,0.24637,0.54657,1.18741
2005-04-08,1.04844,1.13403,0.65215,0.97432,0.33813,0.78551,0.23886,0.52947,1.15024
2005-04-11,1.04924,1.13490,0.65291,0.97547,0.33869,0.78683,0.24039,0.53036,1.15217
2005-04-12,1.05464,1.14076,0.65953,0.98542,0.34375,0.79884,0.24041,0.53844,1.16973
2005-04-13,1.04224,1.12730,0.64403,0.96210,0.33179,0.77046,0.24043,0.51935,1.12824
2005-04-14,1.02869,1.11260,0.62730,0.93694,0.31904,0.74022,0.24044,0.49899,1.08401
2005-04-15,1.01434,1.09703,0.60984,0.91066,0.30591,0.70905,0.24046,0.49813,1.03845
2005-04-18,1.01744,1.09569,0.61334,0.90931,0.30847,0.70781,0.24051,0.49824,1.04734
2005-04-19,1.02550,1.09577,0.62292,0.90938,0.31558,0.70787,0.24053,0.49828,1.07200
2005-04-20,1.01124,1.07981,0.60563,0.88359,0.30263,0.67805,0.24055,0.49831,1.02707
2005-04-21,1.03082,1.08816,0.62886,0.89810,0.31975,0.69506,0.24057,0.49835,1.05277
2005-04-22,1.02692,1.08562,0.62406,0.89458,0.31614,0.69126,0.24058,0.49839,1.04700
2005-04-25,1.03365,1.09274,0.63198,0.90598,0.32203,0.70437,0.24064,0.49850,1.06687
2005-04-26,1.02364,1.08215,0.61974,0.88835,0.31280,0.68384,0.24066,0.49854,1.03575
2005-04-27,1.02763,1.08637,0.62446,0.89515,0.31632,0.69165,0.24068,0.49858,1.04760
2005-04-28,1.01479,1.07277,0.60887,0.87270,0.30464,0.66568,0.24069,0.49861,1.00823
2005-04-29,1.02851,1.07989,0.62518,0.88509,0.31667,0.68013,0.24071,0.49865,1.04880
2005-05-02,1.03427,1.08218,0.63192,0.88917,0.32169,0.68502,0.24077,0.49876,1.06570
2005-05-03,1.03604,1.08405,0.63399,0.89214,0.32324,0.68843,0.24078,0.49880,1.07094
2005-05-04,1.04402,1.09244,0.64362,0.90587,0.33049,0.70436,0.24080,0.49884,1.09536
2005-05-05,1.04366,1.09207,0.64311,0.90515,0.33009,0.70348,0.24082,0.49562,1.09402
2005-05-06,1.04038,1.08862,0.63902,0.89931,0.32698,0.69664,0.24084,0.49082,1.08352
2005-05-09,1.04685,1.09543,0.64670,0.91026,0.33275,0.70934,0.24089,0.49973,1.10300
2005-05-10,1.03605,1.08405,0.63335,0.89121,0.32259,0.68697,0.24091,0.48404,1.06871
2005-05-11,1.04171,1.09002,0.64017,0.90094,0.32771,0.69823,0.24093,0.48769,1.08598
2005-05-12,1.03029,1.07798,0.62613,0.88091,0.31707,0.67485,0.24094,0.47007,1.05013
2005-05-13,1.02825,1.07584,0.62360,0.87729,0.31517,0.67066,0.24096,0.47388,1.04371
2005-05-16,1.03782,1.08591,0.63492,0.89344,0.32359,0.68918,0.24102,0.47399,1.07210
2005-05-17,1.04473,1.09319,0.64325,0.90533,0.32986,0.70296,0.24103,0.47402,1.09322
2005-05-18,1.05544,1.10447,0.65630,0.92395,0.33974,0.72468,0.24105,0.48196,1.12654
2005-05-19,1.05987,1.10914,0.66170,0.93166,0.34387,0.73375,0.24243,0.48803,1.14045
2005-05-20,1.05837,1.10755,0.65975,0.92888,0.34236,0.73044,0.24134,0.48581,1.13537
2005-05-23,1.06421,1.11371,0.66677,0.93890,0.34771,0.74221,0.24522,0.49368,1.15342
2005-05-24,1.06173,1.11109,0.66360,0.93437,0.34526,0.73681,0.24344,0.49007,1.14514
2005-05-25,1.06094,1.11025,0.66253,0.93285,0.34442,0.73497,0.24283,0.48884,1.14233
2005-05-26,1.06661,1.11623,0.66950,0.94278,0.34977,0.74673,0.24671,0.49670,1.16034
2005-05-27,1.06838,1.11809,0.67163,0.94583,0.35141,0.75033,0.24790,0.49911,1.16587
2005-05-31,1.06156,1.11091,0.66278,0.93320,0.34451,0.73516,0.24289,0.48897,1.14262
2005-06-01,1.07059,1.12042,0.67393,0.94910,0.35307,0.75397,0.24910,0.50154,1.17146
2005-06-02,1.07290,1.12285,0.67673,0.95310,0.35523,0.75873,0.25067,0.50472,1.17876
2005-06-03,1.06749,1.11716,0.66987,0.94331,0.34989,0.74698,0.24679,0.49687,1.16075
2005-06-06,1.06652,1.11613,0.66842,0.94123,0.34873,0.74443,0.24595,0.49516,1.15684
2005-06-07,1.06732,1.11697,0.66933,0.94253,0.34943,0.74595,0.24645,0.49618,1.15918
2005-06-08,1.06537,1.11491,0.66682,0.93895,0.34748,0.74166,0.24504,0.49331,1.15260
2005-06-09,1.07042,1.12023,0.67303,0.94781,0.35225,0.75216,0.24850,0.50033,1.16869
2005-06-10,1.06794,1.11762,0.66984,0.94326,0.34978,0.74671,0.24670,0.49669,1.16034
2005-06-13,1.07130,1.12116,0.67381,0.94891,0.35280,0.75336,0.24890,0.50113,1.17054
2005-06-14,1.07378,1.12377,0.67683,0.95323,0.35513,0.75848,0.25059,0.50456,1.17840
2005-06-15,1.07582,1.12592,0.67930,0.95676,0.35704,0.76268,0.25197,0.50736,1.18483
2005-06-16,1.07857,1.12881,0.68267,0.96156,0.35965,0.76842,0.25386,0.51120,1.19363
2005-06-17,1.08255,1.13301,0.68761,0.96861,0.36349,0.77686,0.25665,0.51684,1.20657
2005-06-20,1.08291,1.13338,0.68781,0.96890,0.36362,0.77713,0.25673,0.51702,1.20699
2005-06-21,1.08353,1.13404,0.68852,0.96990,0.36415,0.77831,0.25713,0.51781,1.20881
2005-06-22,1.08442,1.13497,0.68956,0.97139,0.36496,0.78008,0.25771,0.51899,1.21152
2005-06-23,1.06921,1.11896,0.67024,0.94381,0.34980,0.74675,0.24672,0.49671,1.16042
2005-06-24,1.06139,1.11071,0.66040,0.92977,0.34219,0.73001,0.24120,0.48552,1.13476
2005-06-27,1.06290,1.11230,0.66203,0.93210,0.34341,0.73268,0.24208,0.48730,1.13886
2005-06-28,1.07180,1.12167,0.67297,0.94770,0.35179,0.75111,0.24816,0.49962,1.16711
2005-06-29,1.06895,1.11867,0.66933,0.94251,0.34896,0.74489,0.24611,0.49547,1.15758
2005-06-30,1.06317,1.11258,0.66205,0.93212,0.34334,0.73251,0.24202,0.48719,1.13860
2005-07-01,1.06628,1.11586,0.66582,0.93750,0.34622,0.73885,0.24411,0.49143,1.14832
2005-07-05,1.07482,1.12485,0.67610,0.95216,0.35408,0.75612,0.24981,0.50297,1.17481
2005-07-06,1.06584,1.11539,0.66478,0.93600,0.34529,0.73679,0.24344,0.49005,1.14517
2005-07-07,1.07002,1.11979,0.66988,0.94329,0.34920,0.74539,0.24627,0.49580,1.15835
2005-07-08,1.08220,1.13263,0.68497,0.96482,0.36082,0.77096,0.25470,0.51289,1.19755
2005-07-11,1.08772,1.13843,0.69166,0.97436,0.36600,0.78234,0.25845,0.52050,1.21501
2005-07-12,1.09056,1.14143,0.69517,0.97938,0.36875,0.78837,0.26044,0.52453,1.22425
2005-07-13,1.09207,1.14302,0.69700,0.98199,0.37017,0.79150,0.26148,0.52662,1.22906
2005-07-14,1.09634,1.14752,0.70234,0.98960,0.37435,0.80070,0.26451,0.53277,1.24316
2005-07-15,1.09572,1.14686,0.70146,0.98834,0.37364,0.79914,0.26399,0.53173,1.24077
2005-07-18,1.09136,1.14227,0.69564,0.98004,0.36902,0.78895,0.26064,0.52492,1.22516
2005-07-19,1.09732,1.14854,0.70311,0.99070,0.37487,0.80182,0.26488,0.53352,1.24489
2005-07-20,1.10106,1.15248,0.70778,0.99737,0.37855,0.80991,0.26755,0.53893,1.25729
2005-07-21,1.09466,1.14573,0.69951,0.98555,0.37197,0.79545,0.26278,0.52926,1.23512
2005-07-22,1.10195,1.15341,0.70869,0.99865,0.37919,0.81132,0.26801,0.53987,1.25946
2005-07-25,1.09884,1.15013,0.70443,0.99258,0.37578,0.80380,0.26553,0.53484,1.24793
2005-07-26,1.10017,1.15154,0.70604,0.99487,0.37703,0.80656,0.26644,0.53669,1.25217
2005-07-27,1.10417,1.15575,0.71106,1.00203,0.38099,0.81526,0.26931,0.54250,1.26551
2005-07-28,1.11111,1.16306,0.71986,1.01459,0.38796,0.83058,0.27436,0.55275,1.28900
2005-07-29,1.10373,1.15528,0.71025,1.00087,0.38027,0.81367,0.26879,0.54144,1.26307
2005-08-01,1.10293,1.15444,0.70895,0.99901,0.37919,0.81130,0.26800,0.53985,1.25944
2005-08-02,1.10951,1.16137,0.71727,1.01089,0.38577,0.82577,0.27278,0.54953,1.28163
2005-08-03,1.11244,1.16446,0.72095,1.01614,0.38869,0.83219,0.27489,0.55382,1.29147
2005-08-04,1.10355,1.15509,0.70939,0.99964,0.37944,0.81183,0.26818,0.54021,1.26026
2005-08-05,1.09608,1.14723,0.69974,0.98587,0.37178,0.79498,0.26263,0.52895,1.23443
2005-08-08,1.09404,1.14507,0.69686,0.98176,0.36947,0.78991,0.26095,0.52555,1.22665
2005-08-09,1.10062,1.15200,0.70511,0.99353,0.37593,0.80411,0.26564,0.53505,1.24843
2005-08-10,1.10009,1.15144,0.70434,0.99242,0.37531,0.80273,0.26518,0.53413,1.24632
2005-08-11,1.10444,1.15603,0.70980,1.00021,0.37960,0.81217,0.26829,0.54044,1.26080
2005-08-12,1.09769,1.14891,0.70106,0.98774,0.37266,0.79692,0.26326,0.53024,1.23741
2005-08-15,1.10445,1.15603,0.70937,0.99960,0.37916,0.81120,0.26797,0.53979,1.25931
2005-08-16,1.09013,1.14095,0.69098,0.97335,0.36458,0.77914,0.25740,0.51835,1.21015
2005-08-17,1.09004,1.14085,0.69077,0.97306,0.36441,0.77875,0.25727,0.51809,1.20957
2005-08-18,1.08995,1.14076,0.69057,0.97277,0.36423,0.77837,0.25715,0.51783,1.20898
2005-08-19,1.09244,1.14338,0.69362,0.97711,0.36660,0.78357,0.25886,0.52131,1.21696
2005-08-22,1.09244,1.14338,0.69334,0.97672,0.36634,0.78300,0.25867,0.52093,1.21608
2005-08-23,1.09040,1.14122,0.69067,0.97290,0.36423,0.77836,0.25714,0.51783,1.20897
2005-08-24,1.08070,1.13101,0.67836,0.95533,0.35461,0.75719,0.25016,0.50368,1.17652
2005-08-25,1.08462,1.13514,0.68316,0.96218,0.35831,0.76532,0.25284,0.50911,1.18899
2005-08-26,1.07724,1.12736,0.67382,0.94885,0.35104,0.74934,0.24758,0.49843,1.16449
2005-08-29,1.08551,1.13607,0.68384,0.96315,0.35873,0.76623,0.25315,0.50972,1.19039
2005-08-30,1.07982,1.13008,0.67662,0.95284,0.35310,0.75387,0.24907,0.50145,1.17143
2005-08-31,1.09342,1.14441,0.69349,0.97691,0.36612,0.78248,0.25850,0.52058,1.21531
2005-09-01,1.09262,1.14356,0.69239,0.97534,0.36524,0.78056,0.25787,0.51929,1.21235
2005-09-02,1.09067,1.14150,0.68983,0.97169,0.36323,0.77613,0.25641,0.51633,1.20557
2005-09-06,1.10338,1.15489,0.70547,0.99400,0.37537,0.80281,0.26521,0.53417,1.24649
2005-09-07,1.10525,1.15686,0.70775,0.99726,0.37715,0.80673,0.26650,0.53679,1.25250
2005-09-08,1.10161,1.15302,0.70301,0.99050,0.37340,0.79847,0.26378,0.53127,1.23984
2005-09-09,1.11139,1.16332,0.71534,1.00809,0.38308,0.81977,0.27080,0.54551,1.27249
2005-09-12,1.10917,1.16098,0.71221,1.00362,0.38055,0.81420,0.26896,0.54178,1.26396
2005-09-13,1.10303,1.15452,0.70428,0.99230,0.37426,0.80036,0.26440,0.53253,1.24273
2005-09-14,1.09903,1.15030,0.69910,0.98491,0.37017,0.79136,0.26143,0.52651,1.22894
2005-09-15,1.09850,1.14974,0.69834,0.98381,0.36955,0.79001,0.26099,0.52561,1.22687
2005-09-16,1.10628,1.15794,0.70810,0.99774,0.37719,0.80679,0.26652,0.53683,1.25260
2005-09-19,1.10262,1.15408,0.70315,0.99068,0.37324,0.79811,0.26366,0.53102,1.23930
2005-09-20,1.09334,1.14430,0.69127,0.97373,0.36389,0.77754,0.25687,0.51727,1.20776
2005-09-21,1.08316,1.13358,0.67837,0.95532,0.35382,0.75540,0.24957,0.50246,1.17381
2005-09-22,1.08700,1.13762,0.68307,0.96202,0.35743,0.76333,0.25219,0.50777,1.18598
2005-09-23,1.08789,1.13856,0.68410,0.96348,0.35821,0.76505,0.25276,0.50892,1.18862
2005-09-26,1.08914,1.13988,0.68539,0.96533,0.35918,0.76716,0.25345,0.51033,1.19186
2005-09-27,1.08887,1.13959,0.68497,0.96472,0.35883,0.76640,0.25320,0.50982,1.19069
2005-09-28,1.08995,1.14072,0.68622,0.96650,0.35979,0.76850,0.25390,0.51123,1.19392
2005-09-29,1.09879,1.15003,0.69720,0.98218,0.36830,0.78721,0.26007,0.52374,1.22261
2005-09-30,1.10218,1.15361,0.70139,0.98816,0.37156,0.79439,0.26243,0.52853,1.23361
2005-10-03,1.09825,1.14947,0.69614,0.98065,0.36740,0.78522,0.25941,0.52240,1.21956
2005-10-04,1.08593,1.13649,0.68050,0.95834,0.35516,0.75831,0.25054,0.50441,1.17831
2005-10-05,1.07173,1.12153,0.66271,0.93294,0.34140,0.72806,0.24056,0.48418,1.13192
2005-10-06,1.06789,1.11749,0.65790,0.92607,0.33772,0.71997,0.24124,0.47877,1.11951
2005-10-07,1.07155,1.12111,0.66230,0.93298,0.34105,0.72839,0.24126,0.48441,1.13072
2005-10-10,1.06253,1.11024,0.65094,0.91513,0.33236,0.70763,0.24133,0.47060,1.10142
2005-10-11,1.06101,1.11282,0.64901,0.92028,0.33088,0.71394,0.24135,0.47480,1.09644
2005-10-12,1.05271,1.11293,0.63881,0.92036,0.32319,0.71401,0.24137,0.47484,1.07050
2005-10-13,1.05208,1.11304,0.63797,0.92045,0.32255,0.71408,0.24140,0.47489,1.06839
2005-10-14,1.06316,1.11314,0.65124,0.92054,0.33244,0.71415,0.24142,0.47493,1.06850
2005-10-17,1.06709,1.11347,0.65575,0.92081,0.33581,0.71436,0.24149,0.47507,1.07534
2005-10-18,1.05557,1.11358,0.64158,0.92091,0.32506,0.71443,0.24152,0.47512,1.04000
2005-10-19,1.07307,1.11370,0.66264,0.92100,0.34082,0.71450,0.24154,0.47517,1.03050
2005-10-20,1.05423,1.09583,0.63941,0.89210,0.32313,0.68117,0.24156,0.45299,0.98241
2005-10-21,1.05834,1.10054,0.64427,0.90060,0.32675,0.69120,0.24159,0.45966,0.99688
2005-10-24,1.07468,1.10087,0.66378,0.90087,0.34133,0.69141,0.24166,0.45980,0.99718
2005-10-25,1.07254,1.09994,0.66105,0.89998,0.33924,0.69064,0.24169,0.45929,0.99607
2005-10-26,1.06941,1.09673,0.65713,0.89461,0.33624,0.68444,0.24171,0.45517,0.98713
2005-10-27,1.05807,1.08508,0.64318,0.87552,0.32567,0.66254,0.24174,0.45281,0.95556
2005-10-28,1.07325,1.08706,0.66143,0.87955,0.33932,0.66742,0.24176,0.45285,0.96260
2005-10-31,1.07620,1.08491,0.66476,0.87625,0.34180,0.66378,0.24183,0.45038,0.95735
2005-11-01,1.07942,1.08817,0.66862,0.88141,0.34472,0.66964,0.24186,0.45436,0.96580
2005-11-02,1.09067,1.09960,0.68238,0.89985,0.35520,0.69073,0.24188,0.46867,0.99621
2005-11-03,1.09532,1.10432,0.68807,0.90747,0.35956,0.69950,0.24233,0.47462,1.00886
2005-11-04,1.09389,1.10287,0.68618,0.90494,0.35809,0.69654,0.24130,0.47260,1.00458
2005-11-07,1.09496,1.10396,0.68722,0.90633,0.35884,0.69805,0.24182,0.47363,1.00676
2005-11-08,1.09496,1.10396,0.68712,0.90620,0.35875,0.69786,0.24176,0.47350,1.00649
2005-11-09,1.09639,1.10541,0.68881,0.90845,0.36004,0.70045,0.24265,0.47525,1.01022
2005-11-10,1.10487,1.11403,0.69931,0.92252,0.36815,0.71676,0.24829,0.48632,1.03375
2005-11-11,1.10862,1.11784,0.70393,0.92872,0.37173,0.72397,0.25079,0.49121,1.04415
2005-11-14,1.10800,1.11720,0.70284,0.92725,0.37083,0.72214,0.25015,0.48997,1.04151
2005-11-15,1.10398,1.11312,0.69767,0.92031,0.36677,0.71397,0.24733,0.48443,1.02973
2005-11-16,1.10622,1.11538,0.70037,0.92394,0.36886,0.71817,0.24878,0.48728,1.03579
2005-11-17,1.11649,1.12582,0.71321,0.94113,0.37885,0.73828,0.25573,0.50092,1.06477
2005-11-18,1.12086,1.13026,0.71867,0.94844,0.38313,0.74688,0.25870,0.50675,1.07718
2005-11-21,1.12649,1.13598,0.72553,0.95764,0.38850,0.75768,0.26244,0.51408,1.09275
2005-11-22,1.13131,1.14088,0.73161,0.96578,0.39330,0.76734,0.26577,0.52063,1.10668
2005-11-23,1.13783,1.14750,0.73989,0.97688,0.39989,0.78059,0.27035,0.52961,1.12578
2005-11-25,1.13873,1.14841,0.74084,0.97814,0.40061,0.78203,0.27085,0.53059,1.12786
2005-11-28,1.13069,1.14024,0.73011,0.96376,0.39195,0.76461,0.26483,0.51878,1.10275
2005-11-29,1.12944,1.13897,0.72840,0.96147,0.39057,0.76183,0.26387,0.51689,1.09874
2005-11-30,1.12337,1.13280,0.72050,0.95088,0.38428,0.74917,0.25949,0.50830,1.08047
2005-12-01,1.13480,1.14441,0.73499,0.97029,0.39571,0.77216,0.26744,0.52390,1.11363
2005-12-02,1.13623,1.14586,0.73672,0.97261,0.39708,0.77491,0.26839,0.52576,1.11759
2005-12-05,1.13382,1.14341,0.73329,0.96801,0.39428,0.76928,0.26644,0.52194,1.10947
2005-12-06,1.13596,1.14559,0.73594,0.97156,0.39637,0.77349,0.26790,0.52480,1.11555
2005-12-07,1.12935,1.13887,0.72731,0.96000,0.38947,0.75959,0.26310,0.51537,1.09551
2005-12-08,1.12864,1.13815,0.72629,0.95863,0.38864,0.75792,0.26252,0.51424,1.09310
2005-12-09,1.13159,1.14114,0.72996,0.96355,0.39153,0.76374,0.26453,0.51819,1.10149
2005-12-12,1.13266,1.14223,0.73102,0.96496,0.39232,0.76532,0.26508,0.51926,1.10377
2005-12-13,1.14034,1.15003,0.74078,0.97804,0.40007,0.78090,0.27046,0.52983,1.12624
2005-12-14,1.14480,1.15457,0.74645,0.98563,0.40459,0.79000,0.27361,0.53600,1.13935
2005-12-15,1.14150,1.15121,0.74206,0.97974,0.40104,0.78285,0.27114,0.53115,1.12905
2005-12-16,1.13784,1.14748,0.73721,0.97325,0.39714,0.77500,0.26842,0.52583,1.11773
2005-12-19,1.13200,1.14155,0.72937,0.96274,0.39083,0.76229,0.26403,0.51720,1.09940
2005-12-20,1.13308,1.14265,0.73065,0.96445,0.39182,0.76429,0.26472,0.51856,1.10228
2005-12-21,1.13488,1.14447,0.73285,0.96739,0.39355,0.76777,0.26592,0.52092,1.10730
2005-12-22,1.14080,1.15049,0.74036,0.97745,0.39951,0.77975,0.27007,0.52905,1.12458
2005-12-23,1.14143,1.15113,0.74106,0.97839,0.40005,0.78085,0.27044,0.52979,1.12616
2005-12-27,1.12985,1.13936,0.72567,0.95776,0.38766,0.75590,0.26182,0.51287,1.09019
2005-12-28,1.13237,1.14191,0.72877,0.96192,0.39011,0.76082,0.26352,0.51620,1.09727
2005-12-29,1.12734,1.13680,0.72223,0.95315,0.38490,0.75033,0.25990,0.50910,1.08216
2005-12-30,1.12123,1.13060,0.71434,0.94258,0.37865,0.73777,0.25556,0.50057,1.06404
2006-01-03,1.14090,1.15057,0.73885,0.97541,0.39782,0.77632,0.26888,0.52672,1.11964
2006-01-04,1.14628,1.15605,0.74568,0.98456,0.40325,0.78725,0.27266,0.53414,1.13540
2006-01-05,1.14700,1.15678,0.74650,0.98566,0.40389,0.78853,0.27310,0.53500,1.13724
2006-01-06,1.15652,1.16645,0.75871,1.00202,0.41367,0.80821,0.27990,0.54835,1.16561
2006-01-09,1.15948,1.16945,0.76224,1.00674,0.41646,0.81381,0.28184,0.55215,1.17369
2006-01-10,1.16065,1.17064,0.76365,1.00863,0.41759,0.81607,0.28262,0.55368,1.17695
2006-01-11,1.16433,1.17438,0.76836,1.01493,0.42138,0.82370,0.28526,0.55886,1.18796
2006-01-12,1.15975,1.16973,0.76222,1.00672,0.41637,0.81362,0.28177,0.55202,1.17342
2006-01-13,1.15868,1.16863,0.76070,1.00467,0.41511,0.81109,0.28090,0.55030,1.16977
2006-01-17,1.15554,1.16543,0.75612,0.99853,0.41133,0.80346,0.27826,0.54513,1.15877
2006-01-18,1.15096,1.16078,0.75004,0.99039,0.40640,0.79355,0.27484,0.53841,1.14447
2006-01-19,1.15536,1.16525,0.75563,0.99787,0.41087,0.80254,0.27794,0.54451,1.15744
2006-01-20,1.13435,1.14390,0.72817,0.96107,0.38871,0.75794,0.26253,0.51425,1.09312
2006-01-23,1.13839,1.14801,0.73299,0.96753,0.39246,0.76549,0.26514,0.51937,1.10401
2006-01-24,1.13956,1.14919,0.73438,0.96938,0.39354,0.76765,0.26589,0.52084,1.10713
2006-01-25,1.14055,1.15020,0.73553,0.97092,0.39444,0.76945,0.26651,0.52206,1.10973
2006-01-26,1.14683,1.15658,0.74348,0.98158,0.40073,0.78212,0.27089,0.53066,1.12800
2006-01-27,1.15743,1.16734,0.75703,0.99973,0.41154,0.80386,0.27840,0.54540,1.15935
2006-01-30,1.15653,1.16643,0.75551,0.99768,0.41025,0.80126,0.27750,0.54364,1.15559
2006-01-31,1.14809,1.15785,0.74441,0.98282,0.40130,0.78324,0.27127,0.53141,1.12961
2006-02-01,1.15608,1.16597,0.75461,0.99648,0.40942,0.79959,0.27692,0.54250,1.15318
2006-02-02,1.14270,1.15238,0.73711,0.97303,0.39532,0.77121,0.26712,0.52326,1.11227
2006-02-03,1.13705,1.14663,0.72973,0.96314,0.38944,0.75937,0.26303,0.51523,1.09519
2006-02-06,1.14001,1.14964,0.73317,0.96775,0.39210,0.76472,0.26487,0.51885,1.10290
2006-02-07,1.12996,1.13942,0.72019,0.95035,0.38179,0.74397,0.25770,0.50478,1.07298
2006-02-08,1.14019,1.14982,0.73306,0.96759,0.39187,0.76425,0.26471,0.51854,1.10223
2006-02-09,1.13831,1.14790,0.73053,0.96420,0.38985,0.76018,0.26330,0.51577,1.09636
2006-02-10,1.14037,1.15000,0.73305,0.96757,0.39182,0.76415,0.26468,0.51846,1.10208
2006-02-13,1.13831,1.14790,0.73006,0.96356,0.38939,0.75925,0.26298,0.51514,1.09501
2006-02-14,1.15034,1.16012,0.74530,0.98398,0.40141,0.78343,0.27134,0.53155,1.12989
2006-02-15,1.15438,1.16423,0.75039,0.99079,0.40546,0.79157,0.27415,0.53706,1.14161
2006-02-16,1.16300,1.17298,0.76142,1.00557,0.41427,0.80930,0.28028,0.54909,1.16719
2006-02-17,1.15986,1.16979,0.75720,0.99992,0.41085,0.80241,0.27790,0.54442,1.15725
2006-02-21,1.15699,1.16687,0.75299,0.99427,0.40737,0.79540,0.27548,0.53966,1.14714
2006-02-22,1.16399,1.17398,0.76194,1.00626,0.41453,0.80980,0.28045,0.54943,1.16791
2006-02-23,1.16228,1.17225,0.75959,1.00312,0.41262,0.80595,0.27912,0.54682,1.16235
2006-02-24,1.16525,1.17526,0.76332,1.00811,0.41560,0.81195,0.28120,0.55089,1.17101
2006-02-27,1.16570,1.17571,0.76354,1.00840,0.41571,0.81216,0.28127,0.55103,1.17131
2006-02-28,1.15466,1.16449,0.74902,0.98894,0.40396,0.78852,0.27310,0.53500,1.13722
2006-03-01,1.16489,1.17489,0.76212,1.00648,0.41441,0.80954,0.28036,0.54925,1.16753
2006-03-02,1.16480,1.17480,0.76188,1.00616,0.41420,0.80910,0.28021,0.54896,1.16690
2006-03-03,1.15941,1.16933,0.75474,0.99660,0.40842,0.79748,0.27620,0.54107,1.15014
2006-03-06,1.15412,1.16394,0.74751,0.98691,0.40256,0.78567,0.27212,0.53306,1.13311
2006-03-07,1.15232,1.16212,0.74508,0.98365,0.40059,0.78171,0.27075,0.53038,1.12741
2006-03-08,1.15475,1.16458,0.74808,0.98766,0.40296,0.78648,0.27239,0.53361,1.13428
2006-03-09,1.14703,1.15673,0.73800,0.97416,0.39489,0.77024,0.26679,0.52260,1.11087
2006-03-10,1.15789,1.16777,0.75180,0.99264,0.40581,0.79220,0.27437,0.53749,1.14253
2006-03-13,1.16005,1.16996,0.75422,0.99588,0.40768,0.79596,0.27567,0.54004,1.14795
2006-03-14,1.17217,1.18227,0.76978,1.01673,0.42013,0.82101,0.28433,0.55703,1.18407
2006-03-15,1.17738,1.18756,0.77646,1.02568,0.42552,0.83185,0.28808,0.56439,1.19970
2006-03-16,1.17980,1.19002,0.77952,1.02978,0.42798,0.83680,0.28979,0.56774,1.20684
2006-03-17,1.18078,1.19102,0.78069,1.03134,0.42891,0.83866,0.29043,0.56901,1.20953
2006-03-20,1.17889,1.18910,0.77782,1.02749,0.42650,0.83381,0.28875,0.56572,1.20253
2006-03-21,1.17150,1.18158,0.76798,1.01431,0.41848,0.81766,0.28317,0.55476,1.17925
2006-03-22,1.17862,1.18882,0.77715,1.02659,0.42587,0.83252,0.28831,0.56484,1.20067
2006-03-23,1.17619,1.18635,0.77383,1.02214,0.42314,0.82704,0.28641,0.56112,1.19276
2006-03-24,1.17709,1.18726,0.77488,1.02355,0.42398,0.82871,0.28699,0.56226,1.19518
2006-03-27,1.17538,1.18552,0.77226,1.02003,0.42178,0.82428,0.28546,0.55925,1.18879
2006-03-28,1.16817,1.17819,0.76271,1.00723,0.41402,0.80866,0.28006,0.54866,1.16626
2006-03-29,1.17547,1.18561,0.77207,1.01977,0.42153,0.82378,0.28529,0.55891,1.18806
2006-03-30,1.17340,1.18350,0.76924,1.01597,0.41921,0.81911,0.28368,0.55575,1.18133
2006-03-31,1.17367,1.18378,0.76947,1.01628,0.41938,0.81943,0.28379,0.55597,1.18180
2006-04-03,1.17277,1.18286,0.76792,1.01420,0.41806,0.81677,0.28287,0.55416,1.17796
2006-04-04,1.18025,1.19046,0.77754,1.02709,0.42581,0.83236,0.28825,0.56473,1.20044
2006-04-05,1.18431,1.19458,0.78274,1.03405,0.43000,0.84080,0.29117,0.57046,1.21261
2006-04-06,1.18304,1.19330,0.78095,1.03165,0.42852,0.83782,0.29014,0.56844,1.20831
2006-04-07,1.17106,1.18111,0.76507,1.01037,0.41557,0.81175,0.28113,0.55076,1.17073
2006-04-10,1.17286,1.18294,0.76704,1.01301,0.41709,0.81480,0.28219,0.55283,1.17512
2006-04-11,1.16295,1.17287,0.75401,0.99554,0.40656,0.79361,0.27486,0.53845,1.14456
2006-04-12,1.16511,1.17507,0.75668,0.99912,0.40867,0.79785,0.27633,0.54133,1.15068
2006-04-13,1.16358,1.17351,0.75457,0.99630,0.40696,0.79442,0.27514,0.53900,1.14573
2006-04-17,1.16313,1.17305,0.75350,0.99485,0.40601,0.79250,0.27448,0.53770,1.14296
2006-04-18,1.18152,1.19173,0.77708,1.02645,0.42483,0.83035,0.28756,0.56337,1.19755
2006-04-19,1.18377,1.19402,0.77991,1.03023,0.42710,0.83491,0.28914,0.56646,1.20412
2006-04-20,1.18539,1.19567,0.78191,1.03291,0.42870,0.83813,0.29025,0.56865,1.20876
2006-04-21,1.18557,1.19585,0.78202,1.03305,0.42876,0.83826,0.29029,0.56873,1.20894
2006-04-24,1.18341,1.19365,0.77879,1.02872,0.42607,0.83282,0.28842,0.56505,1.20111
2006-04-25,1.17855,1.18870,0.77229,1.02001,0.42077,0.82215,0.28473,0.55781,1.18572
2006-04-26,1.17882,1.18898,0.77251,1.02031,0.42092,0.82247,0.28484,0.55802,1.18618
2006-04-27,1.18450,1.19475,0.77979,1.03006,0.42678,0.83425,0.28891,0.56602,1.20317
2006-04-28,1.18846,1.19877,0.78486,1.03685,0.43088,0.84248,0.29176,0.57160,1.21504
2006-05-01,1.17882,1.18897,0.77179,1.01933,0.42016,0.82091,0.28430,0.55697,1.18393
2006-05-02,1.18765,1.19795,0.78317,1.03458,0.42933,0.83936,0.29068,0.56948,1.21053
2006-05-03,1.18324,1.19346,0.77725,1.02664,0.42448,0.82960,0.28730,0.56286,1.19647
2006-05-04,1.18747,1.19776,0.78266,1.03388,0.42884,0.83837,0.29033,0.56881,1.20911
2006-05-05,1.19793,1.20839,0.79624,1.05209,0.43986,0.86054,0.29800,0.58385,1.24108
2006-05-08,1.19649,1.20692,0.79394,1.04899,0.43790,0.85658,0.29663,0.58116,1.23537
2006-05-09,1.19883,1.20930,0.79690,1.05296,0.44030,0.86141,0.29830,0.58444,1.24233
2006-05-10,1.19820,1.20866,0.79593,1.05166,0.43948,0.85976,0.29773,0.58332,1.23994
2006-05-11,1.18378,1.19400,0.77673,1.02593,0.42372,0.82804,0.28676,0.56180,1.19421
2006-05-12,1.16837,1.17834,0.75647,0.99878,0.40730,0.79500,0.27535,0.53939,1.14657
2006-05-15,1.17071,1.18072,0.75911,1.00231,0.40934,0.79909,0.27676,0.54217,1.15247
2006-05-16,1.16900,1.17898,0.75677,0.99918,0.40745,0.79529,0.27545,0.53959,1.14698
2006-05-17,1.14683,1.15645,0.72808,0.96073,0.38452,0.74916,0.25950,0.50830,1.08046
2006-05-18,1.14106,1.15059,0.72067,0.95080,0.37870,0.73745,0.26234,0.50036,1.06358
2006-05-19,1.14908,1.15874,0.73063,0.96414,0.38643,0.75300,0.26238,0.50780,1.08600
2006-05-22,1.14034,1.14985,0.71920,0.94883,0.37742,0.73485,0.26248,0.50525,1.05983
2006-05-23,1.13169,1.14106,0.70823,0.93412,0.36887,0.71764,0.26251,0.51714,1.03502
2006-05-24,1.14070,1.15022,0.71933,0.94899,0.37741,0.73482,0.26254,0.51720,1.05979
2006-05-25,1.15476,1.16450,0.73685,0.97247,0.39100,0.76216,0.26258,0.51727,1.09922
2006-05-26,1.16062,1.17045,0.74417,0.98227,0.39673,0.77369,0.26261,0.52117,1.11584
2006-05-30,1.14007,1.14957,0.71745,0.94646,0.37553,0.73103,0.26274,0.49256,1.05432
2006-05-31,1.15278,1.16248,0.73324,0.96762,0.38775,0.75560,0.26278,0.49821,1.08976
2006-06-01,1.16378,1.17366,0.74704,0.98610,0.39853,0.77730,0.26281,0.51345,1.12104
2006-06-02,1.16621,1.17613,0.75002,0.99010,0.40087,0.78200,0.26098,0.51652,1.12782
2006-06-05,1.14927,1.15891,0.72796,0.96053,0.38333,0.74669,0.24919,0.49353,1.07691
2006-06-06,1.14648,1.15607,0.72432,0.95565,0.38046,0.74093,0.24948,0.49410,1.06860
2006-06-07,1.13791,1.14737,0.71343,0.94107,0.37198,0.72385,0.24951,0.49416,1.04397
2006-06-08,1.13692,1.14636,0.71208,0.93925,0.37091,0.72170,0.24954,0.49422,1.04087
2006-06-09,1.13332,1.14269,0.70747,0.93307,0.36733,0.71450,0.24957,0.49429,1.03049
2006-06-12,1.12106,1.14644,0.69189,0.94010,0.35530,0.72296,0.24967,0.49448,0.99556
2006-06-13,1.10808,1.14659,0.67584,0.94022,0.34309,0.72306,0.24970,0.49454,0.98850
2006-06-14,1.11664,1.14673,0.68611,0.94034,0.35078,0.72315,0.24973,0.49460,0.98863
2006-06-15,1.14026,1.14688,0.71486,0.94046,0.37249,0.72324,0.24977,0.49467,0.98876
2006-06-16,1.13198,1.14009,0.70440,0.92995,0.36441,0.71137,0.24980,0.49473,0.97253
2006-06-19,1.12311,1.14584,0.69307,0.94020,0.35567,0.72344,0.24989,0.49492,0.94884
2006-06-20,1.12691,1.14599,0.69762,0.94032,0.35910,0.72353,0.24993,0.49498,0.95570
2006-06-21,1.13524,1.14614,0.70776,0.94044,0.36680,0.72363,0.24996,0.49505,0.95582
2006-06-22,1.13026,1.14629,0.70146,0.94056,0.36195,0.72372,0.24999,0.49511,0.94350
2006-06-23,1.13008,1.14643,0.70112,0.94068,0.36167,0.72381,0.25002,0.49517,0.94274
2006-06-26,1.13506,1.14688,0.70691,0.94105,0.36603,0.72409,0.25012,0.49537,0.95433
2006-06-27,1.12528,1.14703,0.69467,0.94117,0.35663,0.72419,0.25015,0.49543,0.92931
2006-06-28,1.13289,1.14718,0.70389,0.94130,0.36361,0.72428,0.25018,0.49550,0.93471
2006-06-29,1.15570,1.14733,0.73197,0.94142,0.38505,0.72438,0.25022,0.49556,0.98015
2006-06-30,1.15579,1.14404,0.73196,0.93664,0.38502,0.71911,0.25025,0.49196,0.98007
2006-07-03,1.16050,1.14873,0.73751,0.94383,0.38928,0.72729,0.25035,0.49755,0.99125
2006-07-05,1.15389,1.14215,0.72890,0.93267,0.38250,0.71426,0.25042,0.48864,0.97343
2006-07-06,1.15725,1.14548,0.73299,0.93796,0.38565,0.72031,0.25045,0.48967,0.98171
2006-07-07,1.14973,1.13800,0.72339,0.92552,0.37815,0.70591,0.25048,0.48244,0.96200
2006-07-10,1.15191,1.14017,0.72574,0.92856,0.37990,0.70926,0.25058,0.48573,0.96659
2006-07-11,1.15698,1.14521,0.73197,0.93663,0.38471,0.71849,0.25061,0.48579,0.97921
2006-07-12,1.14466,1.13296,0.71635,0.91638,0.37253,0.69509,0.25065,0.47267,0.94719
2006-07-13,1.12610,1.11448,0.69312,0.88627,0.35462,0.66070,0.25068,0.46552,0.90014
2006-07-14,1.12176,1.11458,0.68768,0.88728,0.35049,0.66215,0.25071,0.46558,0.90212
2006-07-17,1.12013,1.11502,0.68534,0.88763,0.34866,0.66242,0.25081,0.46577,0.90248
2006-07-18,1.12584,1.11517,0.69216,0.88775,0.35377,0.66250,0.25084,0.46583,0.90260
2006-07-19,1.14141,1.11532,0.71108,0.88787,0.36805,0.66259,0.25088,0.46589,0.90272
2006-07-20,1.13362,1.10296,0.70130,0.86878,0.36054,0.64144,0.25091,0.46595,0.87391
2006-07-21,1.12566,1.10474,0.69138,0.87242,0.35297,0.64580,0.25095,0.46601,0.85495
2006-07-24,1.14612,1.10518,0.71602,0.87277,0.37151,0.64606,0.25105,0.46620,0.86436
2006-07-25,1.15019,1.11023,0.72095,0.88130,0.37528,0.65576,0.25108,0.46626,0.87733
2006-07-26,1.15173,1.11172,0.72275,0.88351,0.37664,0.65818,0.25111,0.46633,0.88055
2006-07-27,1.15065,1.11067,0.72127,0.88169,0.37548,0.65610,0.25115,0.46639,0.87778
2006-07-28,1.16214,1.12179,0.73548,0.89916,0.38641,0.67553,0.25118,0.46645,0.90374
2006-07-31,1.16097,1.12065,0.73362,0.89686,0.38489,0.67283,0.25192,0.46782,0.90013
2006-08-01,1.15527,1.11513,0.72632,0.88789,0.37920,0.66271,0.24814,0.46080,0.88661
2006-08-02,1.16305,1.12266,0.73593,0.89971,0.38660,0.67587,0.24999,0.46424,0.90420
2006-08-03,1.16613,1.12564,0.73968,0.90431,0.38950,0.68101,0.25602,0.47545,0.91107
2006-08-04,1.16414,1.12371,0.73704,0.90106,0.38741,0.67731,0.25465,0.47290,0.90612
2006-08-07,1.16142,1.12109,0.73323,0.89639,0.38438,0.67192,0.25265,0.46919,0.89892
2006-08-08,1.15699,1.11680,0.72753,0.88938,0.37993,0.66401,0.24972,0.46374,0.88835
2006-08-09,1.15310,1.11303,0.72254,0.88324,0.37605,0.65710,0.25393,0.45898,0.87912
2006-08-10,1.15663,1.11645,0.72681,0.88850,0.37932,0.66292,0.25396,0.45429,0.88689
2006-08-11,1.15337,1.11330,0.72261,0.88333,0.37605,0.65711,0.25399,0.45435,0.87913
2006-08-14,1.15428,1.11417,0.72337,0.88426,0.37657,0.65802,0.25409,0.45453,0.88034
2006-08-15,1.16804,1.12748,0.74040,0.90519,0.38967,0.68130,0.25413,0.45459,0.91146
2006-08-16,1.17772,1.13685,0.75249,0.92005,0.39907,0.69801,0.25608,0.45808,0.93379
2006-08-17,1.18071,1.13974,0.75616,0.92456,0.40193,0.70309,0.25799,0.46148,0.94058
2006-08-18,1.18669,1.14552,0.76364,0.93376,0.40780,0.71352,0.26189,0.46846,0.95452
2006-08-21,1.18162,1.14061,0.75675,0.92529,0.40228,0.70370,0.25821,0.46188,0.94139
2006-08-22,1.18153,1.14053,0.75650,0.92498,0.40206,0.70331,0.25806,0.46162,0.94087
2006-08-23,1.17827,1.13737,0.75222,0.91972,0.39866,0.69727,0.25580,0.45758,0.93280
2006-08-24,1.17728,1.13641,0.75083,0.91800,0.39754,0.69527,0.25505,0.45624,0.93014
2006-08-25,1.17872,1.13781,0.75253,0.92010,0.39886,0.69761,0.25593,0.45781,0.93326
2006-08-28,1.18434,1.14324,0.75927,0.92838,0.40408,0.70689,0.25940,0.46401,0.94566
2006-08-29,1.18570,1.14455,0.76087,0.93035,0.40532,0.70909,0.26022,0.46548,0.94859
2006-08-30,1.18642,1.14526,0.76167,0.93132,0.40592,0.71016,0.26062,0.46620,0.95002
2006-08-31,1.18624,1.14508,0.76130,0.93087,0.40561,0.70960,0.26041,0.46582,0.94929
2006-09-01,1.19330,1.15191,0.77019,0.94180,0.41260,0.72203,0.26507,0.47414,0.96590
2006-09-05,1.19557,1.15410,0.77257,0.94472,0.41440,0.72521,0.26626,0.47626,0.97015
2006-09-06,1.18507,1.14394,0.75893,0.92796,0.40353,0.70589,0.25902,0.46333,0.94433
2006-09-07,1.17964,1.13869,0.75188,0.91929,0.39795,0.69598,0.25531,0.45669,0.93108
2006-09-08,1.18299,1.14193,0.75600,0.92435,0.40116,0.70168,0.25744,0.46051,0.93869
2006-09-11,1.18416,1.14307,0.75712,0.92572,0.40196,0.70311,0.25797,0.46146,0.94060
2006-09-12,1.19575,1.15428,0.77173,0.94368,0.41344,0.72350,0.26561,0.47511,0.96786
2006-09-13,1.20055,1.15892,0.77777,0.95110,0.41821,0.73197,0.26878,0.48078,0.97918
2006-09-14,1.20064,1.15900,0.77775,0.95108,0.41817,0.73191,0.26876,0.48073,0.97909
2006-09-15,1.20345,1.16172,0.78124,0.95537,0.42093,0.73681,0.27059,0.48401,0.98564
2006-09-18,1.20509,1.16330,0.78296,0.95748,0.42223,0.73911,0.27145,0.48555,0.98872
2006-09-19,1.20209,1.16040,0.77895,0.95255,0.41899,0.73336,0.26930,0.48170,0.98104
2006-09-20,1.20846,1.16656,0.78702,0.96247,0.42541,0.74477,0.27357,0.48933,0.99628
2006-09-21,1.20264,1.16093,0.77935,0.95304,0.41923,0.73378,0.26946,0.48198,0.98161
2006-09-22,1.19900,1.15741,0.77452,0.94711,0.41536,0.72690,0.26688,0.47738,0.97241
2006-09-25,1.20819,1.16630,0.78594,0.96114,0.42437,0.74290,0.27287,0.48808,0.99379
2006-09-26,1.21819,1.17597,0.79876,0.97689,0.43461,0.76110,0.27968,0.50026,1.01811
2006-09-27,1.21965,1.17738,0.80052,0.97906,0.43601,0.76359,0.28061,0.50192,1.02143
2006-09-28,1.21919,1.17694,0.79980,0.97817,0.43539,0.76249,0.28020,0.50119,1.01997
2006-09-29,1.21819,1.17597,0.79836,0.97639,0.43421,0.76038,0.27941,0.49977,1.01715
2006-10-02,1.21365,1.17157,0.79202,0.96861,0.42902,0.75116,0.27596,0.49360,1.00483
2006-10-03,1.21619,1.17404,0.79520,0.97251,0.43155,0.75565,0.27764,0.49660,1.01083
2006-10-04,1.23038,1.18775,0.81352,0.99504,0.44628,0.78182,0.28744,0.51412,1.04581
2006-10-05,1.23274,1.19004,0.81650,0.99869,0.44867,0.78608,0.28903,0.51696,1.05150
2006-10-06,1.23120,1.18855,0.81432,0.99602,0.44687,0.78288,0.28783,0.51482,1.04722
2006-10-09,1.23193,1.18925,0.81487,0.99668,0.44724,0.78352,0.28807,0.51525,1.04808
2006-10-10,1.23356,1.19083,0.81688,0.99916,0.44885,0.78640,0.28915,0.51717,1.05192
2006-10-11,1.23211,1.18943,0.81483,0.99663,0.44715,0.78337,0.28801,0.51514,1.04787
2006-10-12,1.24275,1.19971,0.82869,1.01367,0.45842,0.80339,0.29551,0.52854,1.07463
2006-10-13,1.24593,1.20279,0.83278,1.01869,0.46174,0.80929,0.29772,0.53249,1.08252
2006-10-16,1.24784,1.20464,0.83489,1.02128,0.46340,0.81223,0.29882,0.53445,1.08645
2006-10-17,1.24393,1.20086,0.82953,1.01470,0.45896,0.80434,0.29586,0.52917,1.07590
2006-10-18,1.24557,1.20244,0.83156,1.01720,0.46060,0.80725,0.29695,0.53112,1.07980
2006-10-19,1.24757,1.20438,0.83408,1.02029,0.46264,0.81088,0.29831,0.53354,1.08464
2006-10-20,1.24784,1.20464,0.83430,1.02056,0.46279,0.81115,0.29841,0.53372,1.08500
2006-10-23,1.25357,1.21018,0.84149,1.02939,0.46863,0.82152,0.30229,0.54066,1.09886
2006-10-24,1.25730,1.21379,0.84632,1.03534,0.47260,0.82858,0.30493,0.54538,1.10829
2006-10-25,1.26158,1.21792,0.85191,1.04220,0.47720,0.83675,0.30799,0.55085,1.11922
2006-10-26,1.26549,1.22170,0.85702,1.04848,0.48142,0.84425,0.31080,0.55587,1.12924
2006-10-27,1.25758,1.21405,0.84620,1.03518,0.47237,0.82816,0.30477,0.54510,1.10773
2006-10-30,1.25667,1.21317,0.84454,1.03314,0.47090,0.82555,0.30380,0.54335,1.10425
2006-10-31,1.25649,1.21300,0.84415,1.03266,0.47055,0.82493,0.30356,0.54293,1.10342
2006-11-01,1.24803,1.20482,0.83269,1.01857,0.46104,0.80802,0.29723,0.53161,1.08082
2006-11-02,1.24731,1.20411,0.83158,1.01721,0.46010,0.80635,0.29660,0.53049,1.07859
2006-11-03,1.24512,1.20200,0.82854,1.01347,0.45757,0.80186,0.29492,0.52749,1.07259
2006-11-06,1.25913,1.21555,0.84666,1.03574,0.47235,0.82811,0.30475,0.54505,1.10767
2006-11-07,1.26395,1.22021,0.85296,1.04349,0.47754,0.83734,0.30820,0.55123,1.12001
2006-11-08,1.26668,1.22285,0.85648,1.04781,0.48044,0.84249,0.31013,0.55467,1.12689
2006-11-09,1.26004,1.21643,0.84740,1.03664,0.47284,0.82898,0.30507,0.54563,1.10884
2006-11-10,1.26059,1.21696,0.84798,1.03736,0.47330,0.82979,0.30537,0.54617,1.10992
2006-11-13,1.26368,1.21995,0.85168,1.04191,0.47628,0.83508,0.30735,0.54971,1.11699
2006-11-14,1.27314,1.22909,0.86422,1.05732,0.48667,0.85355,0.31427,0.56207,1.14167
2006-11-15,1.27677,1.23261,0.86899,1.06318,0.49063,0.86058,0.31690,0.56677,1.15107
2006-11-16,1.28005,1.23577,0.87328,1.06845,0.49419,0.86692,0.31927,0.57101,1.15953
2006-11-17,1.28041,1.23613,0.87362,1.06887,0.49445,0.86737,0.31944,0.57132,1.16015
2006-11-20,1.28114,1.23683,0.87415,1.06952,0.49481,0.86801,0.31968,0.57174,1.16099
2006-11-21,1.28241,1.23806,0.87573,1.07146,0.49611,0.87031,0.32054,0.57328,1.16408
2006-11-22,1.28496,1.24052,0.87904,1.07553,0.49887,0.87521,0.32238,0.57656,1.17062
2006-11-24,1.27978,1.23551,0.87168,1.06648,0.49260,0.86407,0.31820,0.56909,1.15573
2006-11-27,1.26223,1.21854,0.84742,1.03666,0.47214,0.82772,0.30458,0.54476,1.10715
2006-11-28,1.26769,1.22382,0.85457,1.04545,0.47803,0.83817,0.30850,0.55176,1.12112
2006-11-29,1.28087,1.23657,0.87212,1.06702,0.49258,0.86404,0.31818,0.56907,1.15569
2006-11-30,1.28142,1.23710,0.87271,1.06775,0.49305,0.86486,0.31849,0.56962,1.15679
2006-12-01,1.27860,1.23437,0.86874,1.06286,0.48968,0.85888,0.31625,0.56561,1.14880
2006-12-04,1.28833,1.24378,0.88146,1.07849,0.50025,0.87765,0.32328,0.57817,1.17388
2006-12-05,1.29388,1.24914,0.88886,1.08760,0.50646,0.88869,0.32742,0.58556,1.18864
2006-12-06,1.29279,1.24809,0.88722,1.08557,0.50504,0.88617,0.32647,0.58387,1.18526
2006-12-07,1.28715,1.24264,0.87936,1.07591,0.49836,0.87430,0.32202,0.57592,1.16940
2006-12-08,1.28951,1.24492,0.88243,1.07968,0.50092,0.87883,0.32372,0.57896,1.17547
2006-12-11,1.29324,1.24853,0.88706,1.08537,0.50474,0.88562,0.32626,0.58349,1.18453
2006-12-12,1.29224,1.24756,0.88554,1.08351,0.50342,0.88328,0.32538,0.58193,1.18141
2006-12-13,1.29361,1.24888,0.88725,1.08561,0.50484,0.88580,0.32632,0.58361,1.18477
2006-12-14,1.30498,1.25987,0.90263,1.10451,0.51781,0.90885,0.33496,0.59904,1.21558
2006-12-15,1.30510,1.25999,0.90264,1.10452,0.51779,0.90881,0.33494,0.59901,1.21553
2006-12-18,1.30153,1.25654,0.89727,1.09792,0.51312,0.90051,0.33183,0.59345,1.20444
2006-12-19,1.30400,1.25893,0.90051,1.10190,0.51584,0.90535,0.33364,0.59669,1.21090
2006-12-20,1.30327,1.25822,0.89935,1.10047,0.51483,0.90354,0.33296,0.59548,1.20848
2006-12-21,1.29851,1.25362,0.89266,1.09225,0.50911,0.89337,0.32915,0.58867,1.19489
2006-12-22,1.29056,1.24593,0.88162,1.07867,0.49971,0.87668,0.32290,0.57750,1.17258
2006-12-26,1.29815,1.25327,0.89134,1.09062,0.50779,0.89102,0.32827,0.58709,1.19175
2006-12-27,1.30666,1.26150,0.90282,1.10473,0.51747,0.90823,0.33471,0.59861,1.21475
2006-12-28,1.30391,1.25884,0.89889,1.09990,0.51410,0.90222,0.33246,0.59459,1.20673
2006-12-29,1.29852,1.25363,0.89132,1.09060,0.50764,0.89075,0.32816,0.58690,1.19139
2007-01-03,1.29623,1.25142,0.88743,1.08582,0.50419,0.88462,0.32587,0.58280,1.18320
2007-01-04,1.29898,1.25407,0.89102,1.09023,0.50719,0.88995,0.32786,0.58636,1.19032
2007-01-05,1.28865,1.24408,0.87675,1.07269,0.49509,0.86844,0.31981,0.57197,1.16158
2007-01-08,1.29459,1.24982,0.88435,1.08203,0.50138,0.87961,0.32399,0.57944,1.17651
2007-01-09,1.29349,1.24876,0.88271,1.08000,0.49996,0.87709,0.32304,0.57775,1.17314
2007-01-10,1.29779,1.25292,0.88839,1.08699,0.50472,0.88554,0.32621,0.58341,1.18444
2007-01-11,1.30346,1.25840,0.89597,1.09630,0.51109,0.89685,0.33044,0.59097,1.19955
2007-01-12,1.31334,1.26795,0.90933,1.11273,0.52238,0.91693,0.33796,0.60441,1.22639
2007-01-16,1.31078,1.26548,0.90517,1.10761,0.51870,0.91039,0.33551,0.60003,1.21764
2007-01-17,1.31133,1.26601,0.90577,1.10835,0.51918,0.91123,0.33582,0.60059,1.21877
2007-01-18,1.30694,1.26176,0.89957,1.10073,0.51387,0.90179,0.33229,0.59427,1.20615
2007-01-19,1.30950,1.26424,0.90293,1.10485,0.51669,0.90680,0.33416,0.59762,1.21284
2007-01-22,1.30548,1.26035,0.89693,1.09747,0.51149,0.89756,0.33070,0.59143,1.20049
2007-01-23,1.30932,1.26406,0.90203,1.10374,0.51578,0.90518,0.33355,0.59653,1.21068
2007-01-24,1.31984,1.27423,0.91630,1.12128,0.52788,0.92668,0.34160,0.61092,1.23941
2007-01-25,1.30438,1.25929,0.89477,1.09482,0.50940,0.89385,0.32930,0.58894,1.19553
2007-01-26,1.30319,1.25814,0.89299,1.09263,0.50787,0.89111,0.32828,0.58711,1.19188
2007-01-29,1.30246,1.25743,0.89152,1.09082,0.50654,0.88874,0.32739,0.58552,1.18871
2007-01-30,1.30923,1.26398,0.90059,1.10197,0.51416,0.90229,0.33246,0.59459,1.20682
2007-01-31,1.31801,1.27247,0.91246,1.11656,0.52420,0.92014,0.33915,0.60653,1.23067
2007-02-01,1.32587,1.28007,0.92314,1.12969,0.53330,0.93630,0.34520,0.61734,1.25227
2007-02-02,1.32770,1.28184,0.92552,1.13261,0.53530,0.93986,0.34653,0.61973,1.25703
2007-02-05,1.32807,1.28219,0.92554,1.13263,0.53523,0.93972,0.34648,0.61963,1.25684
2007-02-06,1.32844,1.28255,0.92589,1.13306,0.53549,0.94019,0.34665,0.61994,1.25747
2007-02-07,1.33136,1.28538,0.92979,1.13785,0.53881,0.94609,0.34886,0.62389,1.26535
2007-02-08,1.32963,1.28370,0.92721,1.13468,0.53656,0.94208,0.34736,0.62120,1.25999
2007-02-09,1.31975,1.27415,0.91333,1.11762,0.52458,0.92079,0.33938,0.60696,1.23155
2007-02-12,1.31527,1.26982,0.90667,1.10943,0.51880,0.91052,0.33553,0.60007,1.21781
2007-02-13,1.32634,1.28052,0.92170,1.12791,0.53155,0.93318,0.34402,0.61524,1.24810
2007-02-14,1.33502,1.28892,0.93357,1.14249,0.54169,0.95120,0.35077,0.62730,1.27218
2007-02-15,1.33676,1.29060,0.93582,1.14526,0.54361,0.95460,0.35204,0.62957,1.27673
2007-02-16,1.33612,1.28998,0.93477,1.14396,0.54266,0.95291,0.35141,0.62845,1.27448
2007-02-20,1.33896,1.29272,0.93806,1.14801,0.54537,0.95773,0.35321,0.63166,1.28091
2007-02-21,1.33841,1.29219,0.93713,1.14686,0.54453,0.95623,0.35265,0.63066,1.27891
2007-02-22,1.33741,1.29122,0.93556,1.14494,0.54315,0.95377,0.35172,0.62901,1.27562
2007-02-23,1.33219,1.28618,0.92813,1.13581,0.53670,0.94231,0.34743,0.62134,1.26030
2007-02-26,1.33101,1.28503,0.92599,1.13317,0.53476,0.93886,0.34614,0.61902,1.25569
2007-02-27,1.27916,1.23489,0.85398,1.04466,0.47289,0.82890,0.30495,0.54543,1.10875
2007-02-28,1.29224,1.24753,0.87121,1.06584,0.48703,0.85403,0.31057,0.56225,1.14233
2007-03-01,1.28840,1.24382,0.86590,1.05931,0.48259,0.84614,0.31796,0.55697,1.13179
2007-03-02,1.27157,1.22755,0.84323,1.03145,0.46380,0.81275,0.31465,0.53461,1.08716
2007-03-05,1.25951,1.21588,0.82686,1.01132,0.45035,0.78884,0.31477,0.51861,1.05520
2007-03-06,1.28099,1.23666,0.85480,1.04566,0.47290,0.82891,0.31482,0.54543,1.10876
2007-03-07,1.27971,1.23542,0.85295,1.04339,0.47135,0.82616,0.31486,0.54358,1.10508
2007-03-08,1.29050,1.24586,0.86712,1.06081,0.48295,0.84677,0.31490,0.55738,1.13262
2007-03-09,1.29087,1.24621,0.86746,1.06122,0.48320,0.84721,0.31494,0.55767,1.13322
2007-03-12,1.29279,1.24807,0.86958,1.06382,0.48487,0.85017,0.31507,0.55965,1.13717
2007-03-13,1.26774,1.22384,0.83587,1.02239,0.45693,0.80051,0.30181,0.52641,1.07080
2007-03-14,1.27716,1.23295,0.84808,1.03741,0.46681,0.81807,0.30268,0.53816,1.09428
2007-03-15,1.27890,1.23463,0.85024,1.04005,0.46854,0.82115,0.30272,0.54022,1.09838
2007-03-16,1.27532,1.23117,0.84536,1.03406,0.46453,0.81401,0.30276,0.53544,1.08885
2007-03-19,1.29066,1.24600,0.86516,1.05839,0.48059,0.84256,0.30288,0.55454,1.12699
2007-03-20,1.29773,1.25284,0.87445,1.06980,0.48822,0.85612,0.30292,0.56362,1.14512
2007-03-21,1.31902,1.27343,0.90287,1.10474,0.51176,0.89796,0.31665,0.59162,1.20103
2007-03-22,1.31802,1.27246,0.90134,1.10286,0.51044,0.89561,0.31582,0.59004,1.19789
2007-03-23,1.31994,1.27432,0.90381,1.10590,0.51249,0.89925,0.31711,0.59248,1.20276
2007-03-26,1.31820,1.27263,0.90096,1.10239,0.51000,0.89481,0.31554,0.58951,1.19683
2007-03-27,1.31508,1.26962,0.89656,1.09698,0.50627,0.88817,0.31319,0.58506,1.18796
2007-03-28,1.30553,1.26038,0.88344,1.08086,0.49523,0.86856,0.30624,0.57193,1.16175
2007-03-29,1.30691,1.26172,0.88514,1.08295,0.49662,0.87102,0.30712,0.57358,1.16504
2007-03-30,1.30719,1.26198,0.88536,1.08322,0.49677,0.87130,0.30721,0.57376,1.16540
2007-04-02,1.30866,1.26340,0.88689,1.08509,0.49795,0.87339,0.30795,0.57516,1.16821
2007-04-03,1.32270,1.27699,0.90569,1.10820,0.51361,0.90121,0.31781,0.59378,1.20539
2007-04-04,1.32417,1.27841,0.90754,1.11047,0.51513,0.90392,0.31877,0.59559,1.20901
2007-04-05,1.32775,1.28187,0.91227,1.11629,0.51909,0.91096,0.32126,0.60030,1.21841
2007-04-09,1.32959,1.28365,0.91416,1.11860,0.52057,0.91357,0.32218,0.60204,1.22190
2007-04-10,1.33115,1.28516,0.91614,1.12103,0.52221,0.91649,0.32322,0.60400,1.22581
2007-04-11,1.32574,1.27992,0.90855,1.11171,0.51576,0.90502,0.31915,0.59632,1.21047
2007-04-12,1.33161,1.28560,0.91642,1.12138,0.52236,0.91675,0.32331,0.60417,1.22616
2007-04-13,1.33767,1.29146,0.92457,1.13139,0.52923,0.92896,0.32763,0.61234,1.24248
2007-04-16,1.35034,1.30371,0.94153,1.15224,0.54358,0.95445,0.33666,0.62939,1.27654
2007-04-17,1.35392,1.30717,0.94635,1.15816,0.54768,0.96173,0.33924,0.63427,1.28627
2007-04-18,1.35557,1.30877,0.94848,1.16079,0.54948,0.96495,0.34038,0.63642,1.29056
2007-04-19,1.35521,1.30842,0.94781,1.15996,0.54887,0.96385,0.33999,0.63568,1.28911
2007-04-20,1.36797,1.32076,0.96543,1.18161,0.56401,0.99076,0.34952,0.65369,1.32506
2007-04-23,1.36283,1.31579,0.95771,1.17212,0.55720,0.97865,0.34523,0.64558,1.30888
2007-04-24,1.36338,1.31632,0.95831,1.17286,0.55769,0.97953,0.34554,0.64617,1.31005
2007-04-25,1.37587,1.32839,0.97563,1.19415,0.57265,1.00611,0.35496,0.66396,1.34558
2007-04-26,1.37743,1.32990,0.97767,1.19666,0.57440,1.00921,0.35605,0.66603,1.34973
2007-04-27,1.37633,1.32884,0.97595,1.19454,0.57286,1.00647,0.35508,0.66420,1.34607
2007-04-30,1.36494,1.31783,0.95937,1.17416,0.55828,0.98056,0.34590,0.64685,1.31143
2007-05-01,1.36843,1.32120,0.96409,1.17996,0.56234,0.98777,0.34846,0.65167,1.32106
2007-05-02,1.37642,1.32893,0.97514,1.19354,0.57189,1.00474,0.35447,0.66303,1.34375
2007-05-03,1.38386,1.33612,0.98547,1.20624,0.58087,1.02070,0.36012,0.67371,1.36508
2007-05-04,1.38909,1.34118,0.99273,1.21516,0.58720,1.03196,0.36411,0.68125,1.38012
2007-05-07,1.38937,1.34145,0.99262,1.21502,0.58701,1.03160,0.36398,0.68100,1.37965
2007-05-08,1.38753,1.33967,0.98984,1.21160,0.58453,1.02719,0.36242,0.67805,1.37375
2007-05-09,1.39130,1.34331,0.99503,1.21798,0.58905,1.03523,0.36526,0.68343,1.38449
2007-05-10,1.37679,1.32928,0.97419,1.19236,0.57066,1.00254,0.35369,0.66155,1.34081
2007-05-11,1.38854,1.34065,0.99059,1.21252,0.58492,1.02788,0.36266,0.67851,1.37468
2007-05-14,1.38551,1.33772,0.98579,1.20662,0.58060,1.02020,0.35994,0.67336,1.36441
2007-05-15,1.38588,1.33807,0.98614,1.20705,0.58087,1.02069,0.36012,0.67369,1.36507
2007-05-16,1.39534,1.34722,0.99939,1.22333,0.59245,1.04126,0.36740,0.68745,1.39255
2007-05-17,1.39258,1.34455,0.99529,1.21830,0.58880,1.03478,0.36510,0.68312,1.38389
2007-05-18,1.40470,1.35627,1.01238,1.23930,0.60382,1.06146,0.37456,0.70097,1.41955
2007-05-21,1.40397,1.35556,1.01082,1.23738,0.60233,1.05881,0.37362,0.69919,1.41601
2007-05-22,1.40287,1.35450,1.00907,1.23523,0.60074,1.05599,0.37262,0.69730,1.41224
2007-05-23,1.40305,1.35468,1.00916,1.23534,0.60079,1.05607,0.37264,0.69736,1.41235
2007-05-24,1.39038,1.34242,0.99083,1.21281,0.58451,1.02714,0.36240,0.67800,1.37369
2007-05-25,1.39617,1.34802,0.99888,1.22270,0.59154,1.03963,0.36682,0.68635,1.39038
2007-05-29,1.40122,1.35290,1.00541,1.23072,0.59716,1.04961,0.37036,0.69303,1.40371
2007-05-30,1.41260,1.36391,1.02151,1.25052,0.61136,1.07485,0.37930,0.70992,1.43745
2007-05-31,1.41113,1.36249,1.01923,1.24771,0.60929,1.07116,0.37799,0.70745,1.43252
2007-06-01,1.41811,1.36924,1.02910,1.25984,0.61804,1.08672,0.38350,0.71786,1.45331
2007-06-04,1.41830,1.36942,1.02886,1.25954,0.61772,1.08614,0.38329,0.71747,1.45254
2007-06-05,1.41270,1.36400,1.02059,1.24938,0.61029,1.07294,0.37862,0.70864,1.43490
2007-06-06,1.39755,1.34935,0.99861,1.22237,0.59069,1.03811,0.36628,0.68532,1.38835
2007-06-07,1.37240,1.32503,0.96263,1.17814,0.55899,0.98176,0.34632,0.64760,1.31304
2007-06-08,1.39021,1.34225,0.98736,1.20853,0.58031,1.01966,0.35975,0.67297,1.36369
2007-06-11,1.39260,1.34456,0.99025,1.21208,0.58274,1.02397,0.36127,0.67585,1.36946
2007-06-12,1.37745,1.32991,0.96862,1.18550,0.56378,0.99026,0.34933,0.65329,1.32441
2007-06-13,1.39801,1.34980,0.99728,1.22072,0.58855,1.03429,0.36493,0.68275,1.38324
2007-06-14,1.40692,1.35841,1.00977,1.23608,0.59949,1.05373,0.37181,0.69577,1.40923
2007-06-15,1.41490,1.36613,1.02103,1.24991,0.60941,1.07135,0.37805,0.70756,1.43277
2007-06-18,1.41324,1.36453,1.01815,1.24638,0.60675,1.06663,0.37638,0.70439,1.42647
2007-06-19,1.41675,1.36791,1.02302,1.25236,0.61104,1.07424,0.37908,0.70949,1.43664
2007-06-20,1.39711,1.34892,0.99459,1.21742,0.58573,1.02927,0.36315,0.67938,1.37653
2007-06-21,1.40486,1.35641,1.00542,1.23072,0.59518,1.04606,0.36910,0.69062,1.39898
2007-06-22,1.39167,1.34366,0.98645,1.20741,0.57844,1.01631,0.35856,0.67071,1.35921
2007-06-25,1.38504,1.33724,0.97659,1.19529,0.56974,1.00084,0.35308,0.66035,1.33855
2007-06-26,1.37084,1.32351,0.95648,1.17057,0.55226,0.96977,0.34207,0.63955,1.29702
2007-06-27,1.39029,1.34233,0.98336,1.20361,0.57531,1.01073,0.35658,0.66697,1.35177
2007-06-28,1.39011,1.34215,0.98294,1.20309,0.57491,1.01002,0.35633,0.66649,1.35081
2007-06-29,1.39057,1.34259,0.98343,1.20369,0.57530,1.01072,0.35658,0.66696,1.35174
2007-07-02,1.40311,1.35472,1.00061,1.22480,0.59015,1.03711,0.36592,0.68462,1.38701
2007-07-03,1.40818,1.35962,1.00764,1.23345,0.59629,1.04802,0.36979,0.69192,1.40160
2007-07-05,1.40671,1.35820,1.00520,1.23044,0.59407,1.04407,0.36839,0.68927,1.39631
2007-07-06,1.41408,1.36533,1.01553,1.24314,0.60312,1.06015,0.37408,0.70003,1.41781
2007-07-09,1.41519,1.36640,1.01660,1.24445,0.60396,1.06164,0.37461,0.70102,1.41980
2007-07-10,1.39509,1.34696,0.98765,1.20887,0.57833,1.01609,0.35847,0.67053,1.35892
2007-07-11,1.40496,1.35650,1.00140,1.22577,0.59027,1.03731,0.36599,0.68474,1.38728
2007-07-12,1.42709,1.37790,1.03266,1.26419,0.61765,1.08597,0.38323,0.71731,1.45232
2007-07-13,1.43133,1.38201,1.03860,1.27149,0.62291,1.09531,0.38653,0.72355,1.46479
2007-07-16,1.43114,1.38183,1.03780,1.27050,0.62209,1.09384,0.38601,0.72257,1.46284
2007-07-17,1.43041,1.38111,1.03656,1.26898,0.62094,1.09180,0.38529,0.72120,1.46011
2007-07-18,1.42783,1.37862,1.03265,1.26418,0.61742,1.08555,0.38308,0.71702,1.45175
2007-07-19,1.43336,1.38397,1.04045,1.27376,0.62433,1.09782,0.38742,0.72523,1.46815
2007-07-20,1.41888,1.36997,1.01933,1.24780,0.60542,1.06422,0.37552,0.70274,1.42325
2007-07-23,1.42322,1.37416,1.02501,1.25479,0.61034,1.07296,0.37862,0.70858,1.43493
2007-07-24,1.39860,1.35036,0.98951,1.21114,0.57883,1.01696,0.35878,0.67110,1.36009
2007-07-25,1.40146,1.35312,0.99337,1.21589,0.58216,1.02287,0.36087,0.67505,1.36798
2007-07-26,1.36836,1.32111,0.94645,1.15822,0.54122,0.95010,0.33510,0.62635,1.27074
2007-07-27,1.34153,1.29516,0.90932,1.11259,0.50962,0.89396,0.33607,0.58877,1.19570
2007-07-30,1.36246,1.31541,0.93712,1.14675,0.53268,0.93493,0.33620,0.59829,1.25046
2007-07-31,1.34716,1.30060,0.91599,1.12078,0.51480,0.90315,0.33624,0.56584,1.20799
2007-08-01,1.35371,1.30693,0.92470,1.13149,0.52204,0.91602,0.33629,0.55887,1.22519
2007-08-02,1.36449,1.31737,0.93922,1.14934,0.53419,0.93761,0.33633,0.56785,1.25405
2007-08-03,1.32946,1.28349,0.89103,1.09010,0.49342,0.86515,0.33637,0.52351,1.15721
2007-08-06,1.35168,1.28591,0.92024,1.09525,0.51735,0.87169,0.33650,0.52751,1.21405
2007-08-07,1.36606,1.30093,0.93959,1.12156,0.53349,0.90341,0.33654,0.52757,1.25236
2007-08-08,1.38506,1.31904,0.96545,1.15252,0.55528,0.94071,0.33658,0.54217,1.30413
2007-08-09,1.34412,1.28002,0.90844,1.08427,0.50649,0.85720,0.32249,0.49318,1.18824
2007-08-10,1.33785,1.27404,0.89985,1.07398,0.49935,0.84498,0.31589,0.48239,1.17128
2007-08-13,1.34265,1.27861,0.90584,1.08116,0.50421,0.85329,0.31600,0.48256,1.18281
2007-08-14,1.32218,1.25910,0.87819,1.04805,0.48132,0.81412,0.31604,0.48262,1.12845
2007-08-15,1.30402,1.25535,0.85403,1.04282,0.46163,0.80842,0.31608,0.48268,1.08170
2007-08-16,1.31379,1.25549,0.86664,1.04294,0.47173,0.80851,0.31611,0.48273,1.05207
2007-08-17,1.33786,1.25561,0.89813,1.04304,0.49714,0.80859,0.31614,0.48278,1.03329
2007-08-20,1.33721,1.25018,0.89689,1.03428,0.49606,0.79855,0.31623,0.48292,1.03082
2007-08-21,1.33988,1.24863,0.90035,1.03270,0.49889,0.79711,0.31626,0.48296,1.03722
2007-08-22,1.35574,1.25306,0.92145,1.04077,0.51623,0.80677,0.31629,0.48300,1.07657
2007-08-23,1.35454,1.25194,0.91970,1.03875,0.51476,0.80437,0.31632,0.47438,1.07320
2007-08-24,1.37123,1.26752,0.94214,1.06463,0.53339,0.83462,0.31635,0.47352,1.11548
2007-08-27,1.35851,1.25564,0.92430,1.04404,0.51830,0.81011,0.31646,0.46421,1.08120
2007-08-28,1.32873,1.22782,0.88380,0.99732,0.48452,0.75525,0.31649,0.43375,1.00454
2007-08-29,1.35473,1.23222,0.91809,1.00549,0.51241,0.76499,0.31653,0.43916,1.06782
2007-08-30,1.35114,1.23707,0.91311,1.01410,0.50826,0.77511,0.31656,0.43921,1.05838
2007-08-31,1.36441,1.24918,0.93085,1.03365,0.52290,0.79732,0.31660,0.43925,1.09160
2007-09-04,1.37815,1.26171,0.94898,1.05362,0.53794,0.82012,0.31673,0.45308,1.12568
2007-09-05,1.36626,1.25087,0.93251,1.03548,0.52404,0.79904,0.31676,0.44123,1.09412
2007-09-06,1.36939,1.25373,0.93663,1.04002,0.52745,0.80422,0.31680,0.44414,1.10185
2007-09-07,1.35040,1.23641,0.91061,1.01136,0.50565,0.77116,0.31684,0.42555,1.05237
2007-09-10,1.34782,1.23406,0.90675,1.00710,0.50239,0.76622,0.31694,0.42906,1.04494
2007-09-11,1.36350,1.24835,0.92762,1.03009,0.51954,0.79223,0.31697,0.42911,1.08385
2007-09-12,1.36700,1.25154,0.93223,1.03517,0.52335,0.79801,0.31700,0.43369,1.09249
2007-09-13,1.37659,1.26029,0.94511,1.04937,0.53408,0.81427,0.31704,0.44269,1.11682
2007-09-14,1.37650,1.26021,0.94485,1.04908,0.53383,0.81390,0.31707,0.44248,1.11624
2007-09-17,1.36912,1.25348,0.93435,1.03752,0.52495,0.80042,0.31717,0.43502,1.09604
2007-09-18,1.40932,1.29014,0.98886,1.09755,0.57042,0.86939,0.31720,0.47317,1.19923
2007-09-19,1.41762,1.29771,1.00031,1.11017,0.58023,0.88426,0.31653,0.48139,1.22147
2007-09-20,1.40766,1.28863,0.98617,1.09460,0.56800,0.86571,0.30964,0.47113,1.19370
2007-09-21,1.41145,1.29208,0.99132,1.10027,0.57238,0.87236,0.31211,0.47482,1.20365
2007-09-24,1.40886,1.28972,0.98728,1.09582,0.56884,0.86699,0.31011,0.47184,1.19558
2007-09-25,1.40608,1.28719,0.98326,1.09140,0.56537,0.86173,0.30816,0.46893,1.18769
2007-09-26,1.41349,1.29395,0.99345,1.10262,0.57406,0.87491,0.31305,0.47622,1.20740
2007-09-27,1.42183,1.30155,1.00499,1.11533,0.58395,0.88991,0.31862,0.48452,1.22984
2007-09-28,1.41710,1.29724,0.99820,1.10785,0.57806,0.88097,0.31530,0.47957,1.21645
2007-10-01,1.43304,1.31177,1.02014,1.13202,0.59688,0.90952,0.32591,0.49536,1.25914
2007-10-02,1.43109,1.31000,1.01723,1.12882,0.59433,0.90564,0.32446,0.49322,1.25332
2007-10-03,1.42822,1.30738,1.01302,1.12418,0.59064,0.90005,0.32238,0.49012,1.24494
2007-10-04,1.43045,1.30941,1.01602,1.12748,0.59321,0.90395,0.32383,0.49228,1.25076
2007-10-05,1.44740,1.32487,1.03986,1.15375,0.61390,0.93532,0.33549,0.50963,1.29770
2007-10-08,1.43971,1.31786,1.02840,1.14113,0.60374,0.91993,0.32976,0.50111,1.27463
2007-10-09,1.45324,1.33020,1.04751,1.16217,0.62041,0.94519,0.33915,0.51509,1.31243
2007-10-10,1.45083,1.32800,1.04389,1.15819,0.61719,0.94032,0.33734,0.51239,1.30512
2007-10-11,1.44388,1.32167,1.03378,1.14705,0.60826,0.92678,0.33230,0.50490,1.28484
2007-10-12,1.45185,1.32893,1.04499,1.15941,0.61805,0.94162,0.33782,0.51311,1.30705
2007-10-15,1.43962,1.31778,1.02698,1.13957,0.60210,0.91744,0.32883,0.49973,1.27083
2007-10-16,1.42823,1.30739,1.01063,1.12156,0.58780,0.89576,0.32077,0.48774,1.23837
2007-10-17,1.43258,1.31137,1.01661,1.12815,0.59296,0.90357,0.32367,0.49206,1.25004
2007-10-18,1.42739,1.30664,1.00913,1.11991,0.58643,0.89368,0.32000,0.48659,1.23523
2007-10-19,1.39016,1.27268,0.95653,1.06197,0.54093,0.82468,0.29436,0.44842,1.13197
2007-10-22,1.39822,1.28003,0.96717,1.07370,0.54981,0.83814,0.28920,0.45586,1.15208
2007-10-23,1.40952,1.29034,0.98260,1.09070,0.56283,0.85788,0.29060,0.46678,1.18161
2007-10-24,1.40692,1.28797,0.97886,1.08657,0.55961,0.85301,0.28888,0.46408,1.17430
2007-10-25,1.41026,1.29101,0.98334,1.09151,0.56340,0.85875,0.29090,0.46726,1.18288
2007-10-26,1.42675,1.30605,1.00611,1.11659,0.58277,0.88813,0.30124,0.48351,1.22683
2007-10-29,1.43147,1.31036,1.01231,1.12343,0.58804,0.89612,0.30405,0.48792,1.23875
2007-10-30,1.42156,1.30132,0.99820,1.10788,0.57581,0.87758,0.29752,0.47767,1.21099
2007-10-31,1.43629,1.31476,1.01866,1.13042,0.59334,0.90416,0.30688,0.49238,1.25077
2007-11-01,1.40276,1.28418,0.97113,1.07806,0.55212,0.84165,0.28487,0.45779,1.15720
2007-11-02,1.40433,1.28562,0.97316,1.08030,0.55381,0.84422,0.28578,0.45921,1.16105
2007-11-05,1.39368,1.27590,0.95806,1.06367,0.54097,0.82475,0.27892,0.44844,1.13187
2007-11-06,1.41239,1.29297,0.98355,1.09176,0.56234,0.85716,0.29033,0.46637,1.18036
2007-11-07,1.37386,1.25783,0.92995,1.03272,0.51675,0.78801,0.26599,0.42812,1.07688
2007-11-08,1.36691,1.25149,0.92046,1.02227,0.50889,0.77611,0.26617,0.42840,1.05905
2007-11-09,1.34820,1.23790,0.89525,1.00120,0.48817,0.75266,0.26619,0.42844,1.01201
2007-11-12,1.33486,1.23821,0.87727,1.00146,0.47357,0.75285,0.26626,0.42854,1.01252
2007-11-13,1.37544,1.23832,0.93026,1.00154,0.51599,0.75291,0.26628,0.42858,1.01260
2007-11-14,1.37164,1.22429,0.92502,0.97959,0.51165,0.72844,0.26630,0.42862,0.97971
2007-11-15,1.35191,1.20648,0.89840,0.95075,0.48976,0.69598,0.26633,0.42866,0.93607
2007-11-16,1.35422,1.21174,0.90135,0.96004,0.49213,0.70661,0.26635,0.42869,0.95036
2007-11-19,1.33542,1.21206,0.87607,0.96029,0.47159,0.70680,0.26642,0.42881,0.95061
2007-11-20,1.34357,1.21217,0.88661,0.96038,0.47999,0.70686,0.26644,0.42884,0.95070
2007-11-21,1.31615,1.21227,0.85047,0.96046,0.45093,0.70692,0.26647,0.42888,0.95078
2007-11-23,1.33885,1.21247,0.87946,0.96061,0.47369,0.70703,0.26651,0.42895,0.95093
2007-11-26,1.30939,1.21277,0.84060,0.96085,0.44259,0.70721,0.26658,0.42906,0.95117
2007-11-27,1.32440,1.21287,0.85968,0.96093,0.45746,0.70727,0.26660,0.42909,0.95124
2007-11-28,1.36664,1.21297,0.91416,0.96101,0.50044,0.70732,0.26662,0.42913,0.95132
2007-11-29,1.36710,1.21306,0.91466,0.96108,0.50084,0.70738,0.26664,0.42916,0.96114
2007-11-30,1.38081,1.21316,0.93282,0.96116,0.51558,0.70743,0.26666,0.42919,0.98963
2007-12-03,1.37174,1.20814,0.92026,0.95354,0.50522,0.69920,0.26673,0.42930,0.96961
2007-12-04,1.35951,1.19737,0.90382,0.93650,0.49179,0.68049,0.26675,0.42933,0.94368
2007-12-05,1.38220,1.20902,0.93375,0.95554,0.51596,0.70149,0.26677,0.42937,0.99035
2007-12-06,1.40194,1.22673,0.96019,0.98423,0.53764,0.73337,0.26679,0.42940,1.03222
2007-12-07,1.40166,1.22649,0.95969,0.98372,0.53721,0.73278,0.26379,0.42459,1.03139
2007-12-10,1.41250,1.23599,0.97413,0.99857,0.54916,0.74928,0.26982,0.43426,1.05446
2007-12-11,1.37387,1.20212,0.92094,0.94383,0.50457,0.68769,0.24734,0.39814,0.96835
2007-12-12,1.38739,1.21398,0.93888,0.96230,0.51915,0.70784,0.26306,0.42340,0.99652
2007-12-13,1.38452,1.21146,0.93491,0.95820,0.51587,0.70330,0.26669,0.42344,0.99017
2007-12-14,1.36701,1.19611,0.91125,0.93386,0.49647,0.67650,0.25670,0.42347,0.95270
2007-12-17,1.34756,1.19042,0.88511,0.92588,0.47528,0.66817,0.25360,0.42356,0.91177
2007-12-18,1.35507,1.19052,0.89482,0.92596,0.48299,0.66822,0.25362,0.42360,0.93009
2007-12-19,1.35507,1.19061,0.89471,0.92603,0.48289,0.66827,0.25364,0.42363,0.93016
2007-12-20,1.36359,1.19070,0.90581,0.92610,0.49177,0.66832,0.25366,0.42366,0.93023
2007-12-21,1.38319,1.19079,0.93164,0.92617,0.51257,0.66837,0.25367,0.42369,0.94371
2007-12-24,1.39344,1.19322,0.94505,0.93029,0.52348,0.67300,0.25543,0.42379,0.96467
2007-12-26,1.39642,1.19579,0.94883,0.93407,0.52655,0.67708,0.25697,0.43093,0.97057
2007-12-27,1.37891,1.18069,0.92502,0.91024,0.50689,0.65102,0.24710,0.41477,0.93278
2007-12-28,1.37547,1.17771,0.92030,0.90551,0.50304,0.64591,0.25128,0.42161,0.92536
2007-12-31,1.36532,1.17497,0.90643,0.90215,0.49173,0.64261,0.25134,0.42172,0.90361
2008-01-02,1.35340,1.17517,0.89044,0.90231,0.47881,0.64272,0.25139,0.42179,0.87878
2008-01-03,1.35274,1.17527,0.88948,0.90239,0.47803,0.64278,0.25141,0.42183,0.87753
2008-01-04,1.31968,1.17537,0.84608,0.90246,0.44340,0.64283,0.25143,0.42186,0.87761
2008-01-07,1.31857,1.17566,0.84434,0.90269,0.44200,0.64299,0.25149,0.42197,0.87782
2008-01-08,1.29734,1.17576,0.81717,0.90276,0.42090,0.64304,0.25151,0.42200,0.87790
2008-01-09,1.31093,1.17586,0.83411,0.90284,0.43381,0.64310,0.25153,0.42204,0.87797
2008-01-10,1.31950,1.17596,0.84486,0.90291,0.44208,0.64315,0.25155,0.42207,0.87804
2008-01-11,1.30888,1.17606,0.83122,0.90299,0.43149,0.64321,0.25158,0.42211,0.87812
2008-01-14,1.31941,1.17634,0.84422,0.90321,0.44145,0.64336,0.25164,0.42221,0.87833
2008-01-15,1.29045,1.17644,0.80723,0.90328,0.41276,0.64341,0.25166,0.42224,0.87840
2008-01-16,1.27936,1.17653,0.79334,0.90336,0.40222,0.64347,0.25168,0.42228,0.87847
2008-01-17,1.24630,1.17663,0.75245,0.90343,0.37153,0.64352,0.25170,0.42231,0.87854
2008-01-18,1.23355,1.17672,0.73704,0.90350,0.36027,0.64357,0.25172,0.42235,0.87861
2008-01-22,1.22107,1.17707,0.72188,0.90377,0.34927,0.64376,0.25179,0.42247,0.87887
2008-01-23,1.25031,1.17714,0.75618,0.90382,0.37377,0.64380,0.25181,0.42250,0.87893
2008-01-24,1.26083,1.17721,0.76876,0.90387,0.38296,0.64383,0.25182,0.42252,0.87898
2008-01-25,1.24267,1.17728,0.74666,0.90393,0.36666,0.64387,0.25184,0.42255,0.87903
2008-01-28,1.26316,1.17749,0.77092,0.90409,0.38424,0.64399,0.25188,0.42262,0.87918
2008-01-29,1.26940,1.17756,0.77841,0.90414,0.38976,0.64403,0.25190,0.42265,0.87924
2008-01-30,1.26009,1.17763,0.76697,0.90419,0.38128,0.64406,0.25191,0.42267,0.87929
2008-01-31,1.28300,1.17769,0.79464,0.90424,0.40160,0.64410,0.25193,0.42269,0.87934
2008-02-01,1.30358,1.17775,0.81993,0.90429,0.42051,0.64413,0.25194,0.42272,0.87938
2008-02-04,1.28719,1.17794,0.79918,0.90444,0.40472,0.64423,0.25198,0.42278,0.87952
2008-02-05,1.25283,1.17801,0.75665,0.90449,0.37283,0.64427,0.25199,0.42281,0.87958
2008-02-06,1.24277,1.17808,0.74449,0.90454,0.36397,0.64431,0.25201,0.42283,0.87962
2008-02-07,1.25097,1.17814,0.75418,0.90459,0.37096,0.64434,0.25202,0.42285,0.87967
2008-02-08,1.24296,1.17820,0.74451,0.90464,0.36392,0.64438,0.25203,0.42288,0.87972
2008-02-11,1.24929,1.17840,0.75183,0.90479,0.36919,0.64449,0.25208,0.42295,0.87987
2008-02-12,1.26084,1.17847,0.76558,0.90485,0.37915,0.64453,0.25209,0.42297,0.87992
2008-02-13,1.27369,1.17854,0.78102,0.90490,0.39046,0.64456,0.25211,0.42300,0.87997
2008-02-14,1.26252,1.17861,0.76731,0.90495,0.38031,0.64460,0.25212,0.42302,0.88003
2008-02-15,1.26224,1.17868,0.76690,0.90500,0.37999,0.64464,0.25214,0.42305,0.88008
2008-02-19,1.26578,1.17895,0.77088,0.90521,0.38287,0.64479,0.25219,0.42314,0.88028
2008-02-20,1.26950,1.17902,0.77531,0.90526,0.38612,0.64482,0.25221,0.42317,0.88033
2008-02-21,1.25898,1.17908,0.76245,0.90531,0.37664,0.64486,0.25222,0.42319,0.88038
2008-02-22,1.26671,1.17915,0.77169,0.90536,0.38338,0.64490,0.25224,0.42322,0.88043
2008-02-25,1.28263,1.17935,0.79076,0.90552,0.39737,0.64501,0.25228,0.42329,0.88058
2008-02-26,1.29223,1.17942,0.80245,0.90557,0.40605,0.64504,0.25229,0.42331,0.88063
2008-02-27,1.29092,1.17948,0.80076,0.90562,0.40478,0.64508,0.25231,0.42334,0.88067
2008-02-28,1.27835,1.17954,0.78517,0.90566,0.39310,0.64511,0.25232,0.42336,0.88072
2008-02-29,1.24995,1.17960,0.75039,0.90571,0.36734,0.64514,0.25233,0.42338,0.88076
2008-03-03,1.24697,1.17976,0.74664,0.90583,0.36460,0.64523,0.25237,0.42344,0.88088
2008-03-04,1.24222,1.17981,0.74092,0.90587,0.36047,0.64526,0.25238,0.42346,0.88092
2008-03-05,1.25004,1.17986,0.75014,0.90591,0.36708,0.64529,0.25239,0.42347,0.88096
2008-03-06,1.22424,1.17991,0.71929,0.90595,0.34477,0.64531,0.25240,0.42349,0.88099
2008-03-07,1.21167,1.17995,0.70455,0.90598,0.33434,0.64533,0.25241,0.42350,0.88102
2008-03-10,1.19575,1.18008,0.68597,0.90608,0.32133,0.64540,0.25244,0.42355,0.88112
2008-03-11,1.23859,1.18012,0.73477,0.90611,0.35501,0.64542,0.25244,0.42356,0.88115
2008-03-12,1.22704,1.18016,0.72109,0.90614,0.34524,0.64545,0.25245,0.42358,0.88118
2008-03-13,1.22974,1.18020,0.72419,0.90617,0.34743,0.64547,0.25246,0.42360,0.88121
2008-03-14,1.21074,1.18024,0.70189,0.90620,0.33163,0.64549,0.25247,0.42361,0.88124
2008-03-17,1.19854,1.18035,0.68768,0.90628,0.32172,0.64555,0.25249,0.42365,0.88132
2008-03-18,1.24818,1.18038,0.74424,0.90631,0.36072,0.64557,0.25250,0.42366,0.88134
2008-03-19,1.21735,1.18040,0.70764,0.90633,0.33451,0.64558,0.25251,0.42367,0.88136
2008-03-20,1.23983,1.18042,0.73358,0.90634,0.35260,0.64559,0.25251,0.42367,0.88138
2008-03-24,1.26454,1.18049,0.76248,0.90639,0.37311,0.64563,0.25252,0.42370,0.88143
2008-03-25,1.26576,1.18052,0.76388,0.90642,0.37412,0.64565,0.25253,0.42371,0.88145
2008-03-26,1.25032,1.18056,0.74529,0.90645,0.36066,0.64567,0.25254,0.42372,0.88148
2008-03-27,1.24639,1.18060,0.74058,0.90648,0.35729,0.64569,0.25255,0.42374,0.88151
2008-03-28,1.23450,1.18064,0.72648,0.90651,0.34724,0.64571,0.25256,0.42375,0.88154
2008-03-31,1.23881,1.18076,0.73135,0.90660,0.35066,0.64577,0.25258,0.42379,0.88163
2008-04-01,1.28223,1.18080,0.78227,0.90663,0.38671,0.64580,0.25259,0.42381,0.88166
2008-04-02,1.28307,1.18084,0.78324,0.90666,0.38740,0.64582,0.25260,0.42382,0.88169
2008-04-03,1.28626,1.18088,0.78704,0.90669,0.39018,0.64584,0.25261,0.42384,0.88172
2008-04-04,1.28485,1.18092,0.78527,0.90672,0.38888,0.64586,0.25262,0.42385,0.88175
2008-04-07,1.28551,1.18104,0.78589,0.90682,0.38932,0.64593,0.25264,0.42390,0.88184
2008-04-08,1.28420,1.18108,0.78424,0.90685,0.38810,0.64595,0.25265,0.42391,0.88187
2008-04-09,1.27493,1.18113,0.77292,0.90688,0.37982,0.64598,0.25266,0.42393,0.88190
2008-04-10,1.27671,1.18116,0.77501,0.90691,0.38133,0.64600,0.25267,0.42394,0.88193
2008-04-11,1.25200,1.18120,0.74511,0.90694,0.35958,0.64602,0.25268,0.42395,0.88196
2008-04-14,1.24779,1.18130,0.73997,0.90702,0.35590,0.64607,0.25270,0.42399,0.88204
2008-04-15,1.25069,1.18134,0.74334,0.90704,0.35829,0.64609,0.25270,0.42400,0.88206
2008-04-16,1.28448,1.18137,0.78322,0.90707,0.38668,0.64611,0.25271,0.42401,0.88208
2008-04-17,1.28635,1.18140,0.78544,0.90709,0.38830,0.64613,0.25272,0.42403,0.88211
2008-04-18,1.29973,1.18144,0.80164,0.90712,0.40014,0.64615,0.25273,0.42404,0.88213
2008-04-21,1.30039,1.18156,0.80226,0.90721,0.40058,0.64621,0.25417,0.42408,0.88222
2008-04-22,1.29468,1.18160,0.79520,0.90724,0.39536,0.64623,0.25080,0.42409,0.88225
2008-04-23,1.29262,1.18163,0.79262,0.90727,0.39346,0.64625,0.24958,0.42411,0.88228
2008-04-24,1.29824,1.18167,0.79941,0.90730,0.39844,0.64627,0.25279,0.42412,0.88231
2008-04-25,1.31022,1.18171,0.81403,0.90733,0.40922,0.64629,0.25973,0.42413,0.88234
2008-04-28,1.31050,1.18182,0.81420,0.90742,0.40933,0.64636,0.25980,0.42418,0.88242
2008-04-29,1.30535,1.18187,0.80777,0.90745,0.40454,0.64638,0.25671,0.42419,0.88246
2008-04-30,1.29768,1.18191,0.79826,0.90748,0.39748,0.64641,0.25217,0.42421,0.88249
2008-05-01,1.32444,1.18195,0.83096,0.90752,0.42157,0.64643,0.26769,0.42422,0.88252
2008-05-02,1.32809,1.18200,0.83545,0.90755,0.42494,0.64645,0.26986,0.41629,0.88255
2008-05-05,1.32173,1.18213,0.82728,0.90765,0.41877,0.64653,0.26588,0.40996,0.88265
2008-05-06,1.33315,1.18217,0.84144,0.90769,0.42938,0.64655,0.27272,0.40230,0.88268
2008-05-07,1.30947,1.16138,0.81162,0.87652,0.40683,0.61351,0.25819,0.38177,0.88272
2008-05-08,1.30610,1.16209,0.80740,0.87843,0.40369,0.61582,0.25617,0.38320,0.88276
2008-05-09,1.30367,1.16214,0.80434,0.87847,0.40142,0.61584,0.25470,0.38322,0.88280
2008-05-12,1.31827,1.16229,0.82206,0.87858,0.41449,0.61592,0.26312,0.38327,0.88291
2008-05-13,1.31845,1.16234,0.82222,0.87862,0.41460,0.61595,0.26320,0.38024,0.88295
2008-05-14,1.32117,1.16240,0.82552,0.87866,0.41706,0.61598,0.26478,0.38256,0.88299
2008-05-15,1.33764,1.16245,0.84593,0.87870,0.43232,0.61601,0.27461,0.39694,0.88303
2008-05-16,1.33886,1.15976,0.84739,0.87536,0.43341,0.61276,0.27531,0.39797,0.88307
2008-05-19,1.34251,1.16294,0.85176,0.87994,0.43670,0.61754,0.27743,0.40107,0.88320
2008-05-20,1.33165,1.15349,0.83797,0.86552,0.42622,0.60231,0.27068,0.39119,0.88324
2008-05-21,1.30919,1.13392,0.80977,0.83601,0.40497,0.57143,0.25699,0.37115,0.88328
2008-05-22,1.30938,1.13234,0.80993,0.83448,0.40508,0.57013,0.25706,0.37031,0.88332
2008-05-23,1.29188,1.13239,0.78831,0.83452,0.38907,0.57016,0.24674,0.37033,0.88336
2008-05-27,1.30142,1.13260,0.79962,0.83468,0.39730,0.57027,0.25204,0.37040,0.88353
2008-05-28,1.30741,1.13266,0.80688,0.83472,0.40262,0.57029,0.25547,0.37042,0.88357
2008-05-29,1.31397,1.13271,0.81485,0.83476,0.40850,0.57032,0.25926,0.37044,0.88361
2008-05-30,1.31724,1.13277,0.81882,0.83480,0.41144,0.57035,0.26115,0.36909,0.88366
2008-06-02,1.30367,1.13293,0.80181,0.83492,0.39877,0.57043,0.25299,0.35736,0.88378
2008-06-03,1.29609,1.13298,0.79246,0.83496,0.39188,0.57046,0.24855,0.36013,0.88383
2008-06-04,1.29544,1.13304,0.79160,0.83500,0.39124,0.57049,0.24814,0.36014,0.88387
2008-06-05,1.32127,1.13309,0.82293,0.83504,0.41414,0.57051,0.26289,0.36016,0.88391
2008-06-06,1.27925,1.13314,0.77077,0.83508,0.37527,0.57054,0.23785,0.33481,0.88395
2008-06-09,1.28233,1.13330,0.77427,0.83519,0.37777,0.57062,0.23946,0.33857,0.88407
2008-06-10,1.27597,1.13336,0.76656,0.83523,0.37220,0.57065,0.23587,0.33859,0.88412
2008-06-11,1.25725,1.13342,0.74412,0.83528,0.35609,0.57068,0.22549,0.33861,0.88416
2008-06-12,1.26203,1.13347,0.74967,0.83532,0.36001,0.57070,0.22858,0.33863,0.88421
2008-06-13,1.27794,1.13353,0.76840,0.83536,0.37328,0.57073,0.22859,0.33864,0.88425
2008-06-16,1.27869,1.13370,0.76908,0.83549,0.37375,0.57082,0.23172,0.33869,0.88439
2008-06-17,1.27251,1.13376,0.76162,0.83553,0.36838,0.57085,0.22836,0.33871,0.88443
2008-06-18,1.26016,1.13382,0.74684,0.83558,0.35781,0.57088,0.22377,0.33873,0.88448
2008-06-19,1.26175,1.13388,0.74865,0.83562,0.35909,0.57091,0.22378,0.33875,0.88452
2008-06-20,1.24133,1.13393,0.72449,0.83566,0.34196,0.57094,0.22379,0.33876,0.88456
2008-06-23,1.24011,1.13409,0.72287,0.83578,0.34082,0.57102,0.22383,0.33881,0.88469
2008-06-24,1.23766,1.13415,0.71998,0.83582,0.33880,0.57104,0.22384,0.33883,0.88473
2008-06-25,1.24349,1.13420,0.72666,0.83586,0.34343,0.57107,0.22385,0.33884,0.88477
2008-06-26,1.20982,1.13425,0.68747,0.83589,0.31610,0.57110,0.22386,0.33886,0.88481
2008-06-27,1.20324,1.13430,0.67998,0.83593,0.31102,0.57112,0.22387,0.33887,0.88485
2008-06-30,1.20747,1.13445,0.68456,0.83604,0.31409,0.57119,0.22390,0.33892,0.88497
2008-07-01,1.21123,1.13450,0.68874,0.83608,0.31691,0.57122,0.22391,0.33893,0.88501
2008-07-02,1.19054,1.13456,0.66529,0.83612,0.30101,0.57125,0.22392,0.33895,0.88505
2008-07-03,1.19176,1.13461,0.66659,0.83616,0.30187,0.57128,0.22393,0.33896,0.88509
2008-07-07,1.17963,1.13482,0.65287,0.83631,0.29271,0.57138,0.22397,0.33903,0.88526
2008-07-08,1.20051,1.13487,0.67577,0.83635,0.30780,0.57141,0.22398,0.33904,0.88530
2008-07-09,1.17747,1.13493,0.64994,0.83639,0.29047,0.57144,0.22399,0.33906,0.88534
2008-07-10,1.18226,1.13498,0.65514,0.83643,0.29388,0.57146,0.22400,0.33908,0.88538
2008-07-11,1.16853,1.13503,0.63997,0.83647,0.28387,0.57149,0.22401,0.33909,0.88542
2008-07-14,1.15800,1.13517,0.62835,0.83657,0.27629,0.57156,0.22404,0.33913,0.88553
2008-07-15,1.14173,1.13521,0.61077,0.83660,0.26493,0.57158,0.22405,0.33914,0.88556
2008-07-16,1.16966,1.13525,0.64039,0.83663,0.28377,0.57160,0.22405,0.33916,0.88559
2008-07-17,1.18132,1.13529,0.65302,0.83666,0.29200,0.57162,0.22406,0.33917,0.88562
2008-07-18,1.18866,1.13533,0.66103,0.83669,0.29726,0.57164,0.22407,0.33918,0.88565
2008-07-21,1.18932,1.13546,0.66160,0.83678,0.29762,0.57170,0.22409,0.33922,0.88575
2008-07-22,1.20277,1.13550,0.67642,0.83681,0.30742,0.57172,0.22410,0.33923,0.88579
2008-07-23,1.20926,1.13554,0.68361,0.83684,0.31223,0.57175,0.22411,0.33924,0.88582
2008-07-24,1.18424,1.13559,0.65545,0.83688,0.29329,0.57177,0.22412,0.33926,0.88586
2008-07-25,1.18396,1.13563,0.65509,0.83691,0.29304,0.57179,0.22413,0.33927,0.88589
2008-07-28,1.16665,1.13578,0.63589,0.83702,0.28041,0.57187,0.22416,0.33932,0.88601
2008-07-29,1.19148,1.13583,0.66272,0.83706,0.29778,0.57189,0.22417,0.33933,0.88605
2008-07-30,1.21265,1.13588,0.68605,0.83710,0.31319,0.57192,0.22418,0.33935,0.88609
2008-07-31,1.19666,1.13593,0.66802,0.83713,0.30106,0.57194,0.22419,0.33936,0.88612
2008-08-01,1.19036,1.13598,0.66097,0.83717,0.29639,0.57197,0.22420,0.33937,0.88616
2008-08-04,1.17935,1.13612,0.64867,0.83727,0.28826,0.57204,0.22423,0.33942,0.88627
2008-08-05,1.21105,1.13617,0.68324,0.83731,0.31084,0.57206,0.22424,0.33943,0.88631
2008-08-06,1.21641,1.13622,0.68919,0.83735,0.31482,0.57209,0.22425,0.33945,0.88635
2008-08-07,1.19835,1.13627,0.66880,0.83738,0.30110,0.57211,0.22426,0.33946,0.88639
2008-08-08,1.22055,1.13632,0.69336,0.83742,0.31736,0.57214,0.22426,0.33948,0.88643
2008-08-11,1.23315,1.13647,0.70742,0.83752,0.32682,0.57221,0.22429,0.33952,0.88654
2008-08-12,1.22036,1.13652,0.69277,0.83756,0.31684,0.57224,0.22430,0.33954,0.88658
2008-08-13,1.21303,1.13657,0.68443,0.83760,0.31122,0.57227,0.22432,0.33955,0.88662
2008-08-14,1.22215,1.13663,0.69460,0.83764,0.31802,0.57229,0.22433,0.33957,0.88667
2008-08-15,1.22807,1.13668,0.70123,0.83768,0.32249,0.57232,0.22434,0.33958,0.88671
2008-08-18,1.21133,1.13684,0.68204,0.83780,0.30947,0.57240,0.22437,0.33963,0.88683
2008-08-19,1.19817,1.13689,0.66725,0.83784,0.29958,0.57243,0.22438,0.33965,0.88687
2008-08-20,1.20372,1.13695,0.67333,0.83788,0.30359,0.57245,0.22439,0.33966,0.88692
2008-08-21,1.20578,1.13700,0.67557,0.83792,0.30508,0.57248,0.22440,0.33968,0.88695
2008-08-22,1.22319,1.13705,0.69489,0.83795,0.31791,0.57250,0.22441,0.33969,0.88699
2008-08-25,1.19845,1.13719,0.66678,0.83806,0.29895,0.57258,0.22444,0.33974,0.88711
2008-08-26,1.20193,1.13724,0.67057,0.83810,0.30145,0.57260,0.22445,0.33975,0.88715
2008-08-27,1.21359,1.13729,0.68345,0.83813,0.30996,0.57263,0.22446,0.33977,0.88718
2008-08-28,1.22827,1.13734,0.69981,0.83817,0.32088,0.57265,0.22447,0.33978,0.88722
2008-08-29,1.21510,1.13739,0.68484,0.83821,0.31076,0.57268,0.22448,0.33980,0.88726
2008-09-02,1.20757,1.13759,0.67618,0.83835,0.30495,0.57278,0.22452,0.33985,0.88742
2008-09-03,1.20654,1.13764,0.67497,0.83839,0.30414,0.57280,0.22453,0.33987,0.88745
2008-09-04,1.17033,1.13769,0.63466,0.83842,0.27741,0.57283,0.22453,0.33988,0.88749
2008-09-05,1.17400,1.13773,0.63856,0.83846,0.27991,0.57285,0.22454,0.33990,0.88753
2008-09-08,1.19817,1.13788,0.66451,0.83857,0.29660,0.57292,0.22457,0.33994,0.88764
2008-09-09,1.16271,1.13793,0.62538,0.83860,0.27091,0.57295,0.22458,0.33996,0.88768
2008-09-10,1.16741,1.13798,0.63035,0.83864,0.27407,0.57297,0.22459,0.33997,0.88772
2008-09-11,1.18425,1.13802,0.64835,0.83867,0.28555,0.57300,0.22460,0.33998,0.88776
2008-09-12,1.18970,1.13807,0.65423,0.83871,0.28935,0.57302,0.22461,0.34000,0.88779
2008-09-15,1.13327,1.13820,0.59243,0.83880,0.24916,0.57308,0.22464,0.34004,0.88789
2008-09-16,1.15218,1.13823,0.61200,0.83882,0.26122,0.57310,0.22464,0.34005,0.88791
2008-09-17,1.10054,1.13825,0.55751,0.83884,0.22712,0.57311,0.22465,0.34005,0.88793
2008-09-18,1.13308,1.13825,0.59019,0.83884,0.24656,0.57311,0.22465,0.34005,0.88793
2008-09-19,1.17793,1.13825,0.63653,0.83884,0.27489,0.57311,0.22465,0.34005,0.88794
2008-09-22,1.15135,1.13834,0.60787,0.83890,0.25672,0.57315,0.22466,0.34008,0.88800
2008-09-23,1.12524,1.13837,0.58046,0.83893,0.23975,0.57317,0.22467,0.34009,0.88803
2008-09-24,1.12884,1.13839,0.58411,0.83895,0.24195,0.57318,0.22467,0.34010,0.88805
2008-09-25,1.14643,1.13841,0.60215,0.83896,0.25288,0.57319,0.22468,0.34010,0.88805
2008-09-26,1.14700,1.13843,0.60270,0.83897,0.25322,0.57320,0.22468,0.34011,0.88807
2008-09-29,1.05741,1.13850,0.50914,0.83902,0.19565,0.57323,0.22469,0.34013,0.88813
2008-09-30,1.10102,1.13853,0.55072,0.83904,0.21885,0.57325,0.22470,0.34013,0.88815
2008-10-01,1.10169,1.13855,0.55134,0.83906,0.21921,0.57326,0.22471,0.34014,0.88817
2008-10-02,1.06186,1.13857,0.51178,0.83908,0.19627,0.57327,0.22471,0.34015,0.88818
2008-10-03,1.04758,1.13859,0.49811,0.83909,0.18865,0.57328,0.22471,0.34015,0.88820
2008-10-06,0.99441,1.13863,0.44794,0.83912,0.16110,0.57330,0.22472,0.34016,0.88823
2008-10-07,0.95004,1.13864,0.40837,0.83913,0.14060,0.57331,0.22472,0.34017,0.88824
2008-10-08,0.92620,1.13866,0.38810,0.83914,0.13061,0.57332,0.22473,0.34018,0.88825
2008-10-09,0.86178,1.13868,0.33477,0.83916,0.10504,0.57333,0.22473,0.34018,0.88827
2008-10-10,0.84097,1.13870,0.31882,0.83917,0.09801,0.57333,0.22473,0.34019,0.88828
2008-10-13,0.96253,1.13871,0.40949,0.83918,0.13694,0.57334,0.22474,0.34019,0.88829
2008-10-14,0.94834,1.13871,0.39754,0.83918,0.13123,0.57334,0.22474,0.34019,0.88829
2008-10-15,0.85535,1.13872,0.32052,0.83919,0.09501,0.57335,0.22474,0.34019,0.88830
2008-10-16,0.89082,1.13872,0.34667,0.83919,0.10580,0.57335,0.22474,0.34019,0.88830
2008-10-17,0.88553,1.13874,0.34259,0.83920,0.10405,0.57335,0.22474,0.34020,0.88831
2008-10-20,0.93850,1.13880,0.38292,0.83925,0.12123,0.57339,0.22475,0.34022,0.88836
2008-10-21,0.91060,1.13884,0.36041,0.83927,0.11113,0.57340,0.22476,0.34023,0.88839
2008-10-22,0.86122,1.13887,0.32184,0.83929,0.09437,0.57342,0.22477,0.34024,0.88841
2008-10-23,0.87115,1.13890,0.32912,0.83932,0.09734,0.57343,0.22477,0.34025,0.88844
2008-10-24,0.82716,1.13892,0.29638,0.83934,0.08383,0.57345,0.22478,0.34025,0.88846
2008-10-27,0.79793,1.13899,0.27574,0.83939,0.07580,0.57348,0.22479,0.34027,0.88851
2008-10-28,0.89073,1.13902,0.33865,0.83940,0.09934,0.57350,0.22480,0.34028,0.88853
2008-10-29,0.88430,1.13904,0.33381,0.83942,0.09736,0.57351,0.22480,0.34029,0.88855
2008-10-30,0.91476,1.13905,0.35645,0.83943,0.10656,0.57351,0.22480,0.34029,0.88856
2008-10-31,0.91977,1.13906,0.36028,0.83944,0.10817,0.57352,0.22481,0.34030,0.88857
2008-11-03,0.92242,1.13910,0.36227,0.83946,0.10902,0.57353,0.22481,0.34030,0.88859
2008-11-04,0.95364,1.13911,0.38644,0.83947,0.11924,0.57354,0.22482,0.34031,0.88860
2008-11-05,0.91372,1.13912,0.35448,0.83948,0.10529,0.57355,0.22482,0.34031,0.88861
2008-11-06,0.86330,1.13913,0.31589,0.83949,0.08921,0.57355,0.22482,0.34031,0.88862
2008-11-07,0.89168,1.13913,0.33631,0.83949,0.09719,0.57355,0.22482,0.34032,0.88862
2008-11-10,0.88004,1.13915,0.32762,0.83951,0.09369,0.57356,0.22482,0.34032,0.88864
2008-11-11,0.85299,1.13916,0.30777,0.83951,0.08580,0.57357,0.22483,0.34032,0.88864
2008-11-12,0.81562,1.13917,0.28124,0.83951,0.07561,0.57357,0.22483,0.34033,0.88865
2008-11-13,0.86623,1.13917,0.31549,0.83952,0.08813,0.57357,0.22483,0.34033,0.88865
2008-11-14,0.82319,1.13917,0.28463,0.83952,0.07622,0.57357,0.22483,0.34033,0.88865
2008-11-17,0.81231,1.13917,0.27720,0.83952,0.07351,0.57358,0.22483,0.34033,0.88865
2008-11-18,0.82754,1.13918,0.28739,0.83952,0.07718,0.57358,0.22483,0.34033,0.88865
2008-11-19,0.77475,1.13918,0.25138,0.83952,0.06399,0.57358,0.22483,0.34033,0.88865
2008-11-20,0.71752,1.13918,0.21500,0.83952,0.05166,0.57358,0.22483,0.34033,0.88865
2008-11-21,0.75602,1.13918,0.23749,0.83952,0.05862,0.57358,0.22483,0.34033,0.88865
2008-11-24,0.80815,1.13918,0.26948,0.83952,0.06901,0.57358,0.22483,0.34033,0.88865
2008-11-25,0.81411,1.13918,0.27337,0.83952,0.07035,0.57358,0.22483,0.34033,0.88866
2008-11-26,0.84542,1.13918,0.29399,0.83952,0.07750,0.57358,0.22483,0.34033,0.88866
2008-11-28,0.85601,1.13918,0.30120,0.83952,0.08009,0.57358,0.22483,0.34033,0.88866
2008-12-01,0.78052,1.13918,0.24895,0.83952,0.06109,0.57358,0.22483,0.34033,0.88866
2008-12-02,0.81042,1.13918,0.26761,0.83952,0.06714,0.57358,0.22483,0.34033,0.88866
2008-12-03,0.82981,1.13918,0.28015,0.83952,0.07136,0.57358,0.22483,0.34033,0.88866
2008-12-04,0.81070,1.13918,0.26748,0.83952,0.06700,0.57358,0.22483,0.34033,0.88866
2008-12-05,0.83558,1.13918,0.28356,0.83952,0.07240,0.57358,0.22483,0.34033,0.88866
2008-12-08,0.86462,1.13918,0.30288,0.83952,0.07907,0.57358,0.22483,0.34033,0.88866
2008-12-09,0.85043,1.13918,0.29309,0.83952,0.07558,0.57358,0.22483,0.34033,0.88866
2008-12-10,0.85620,1.13918,0.29699,0.83952,0.07695,0.57358,0.22483,0.34033,0.88866
2008-12-11,0.83567,1.13918,0.28299,0.83952,0.07201,0.57358,0.22483,0.34033,0.88866
2008-12-12,0.84561,1.13918,0.28958,0.83952,0.07427,0.57358,0.22483,0.34033,0.88866
2008-12-15,0.83388,1.13918,0.28165,0.83952,0.07152,0.57358,0.22483,0.34033,0.88866
2008-12-16,0.87295,1.13918,0.30755,0.83952,0.08040,0.57358,0.22483,0.34033,0.88866
2008-12-17,0.86453,1.13918,0.30170,0.83952,0.07831,0.57358,0.22483,0.34033,0.88866
2008-12-18,0.84845,1.13918,0.29066,0.83952,0.07440,0.57358,0.22483,0.34033,0.88866
2008-12-19,0.84481,1.13918,0.28820,0.83952,0.07355,0.57358,0.22483,0.34033,0.88866
2008-12-22,0.83403,1.13918,0.28095,0.83952,0.07104,0.57358,0.22483,0.34033,0.88866
2008-12-23,0.82545,1.13918,0.27526,0.83952,0.06910,0.57358,0.22483,0.34033,0.88866
2008-12-24,0.83022,1.13918,0.27837,0.83952,0.07015,0.57358,0.22483,0.34033,0.88866
2008-12-26,0.83499,1.13918,0.28149,0.83952,0.07121,0.57358,0.22483,0.34033,0.88866
2008-12-29,0.83260,1.13918,0.27987,0.83952,0.07066,0.57358,0.22483,0.34033,0.88866
2008-12-30,0.85225,1.13918,0.29282,0.83952,0.07507,0.57358,0.22483,0.34033,0.88866
2008-12-31,0.86436,1.13918,0.30099,0.83952,0.07791,0.57358,0.22483,0.34033,0.88866
2009-01-02,0.89030,1.13918,0.31872,0.83952,0.08417,0.57358,0.22483,0.34033,0.88866
2009-01-05,0.88925,1.13918,0.31794,0.83952,0.08389,0.57358,0.22483,0.34033,0.88866
2009-01-06,0.89517,1.13918,0.32209,0.83952,0.08539,0.57358,0.22483,0.34033,0.88866
2009-01-07,0.86846,1.13918,0.30316,0.83952,0.07848,0.57358,0.22483,0.34033,0.88866
2009-01-08,0.87199,1.13918,0.30557,0.83953,0.07934,0.57358,0.22483,0.34033,0.88866
2009-01-09,0.85339,1.13918,0.29275,0.83953,0.07479,0.57358,0.22483,0.34033,0.88866
2009-01-12,0.83299,1.13918,0.27896,0.83953,0.07001,0.57358,0.22483,0.34033,0.88866
2009-01-13,0.83451,1.13918,0.27995,0.83953,0.07034,0.57358,0.22483,0.34033,0.88866
2009-01-14,0.80838,1.13918,0.26273,0.83953,0.06451,0.57358,0.22483,0.34033,0.88866
2009-01-15,0.80867,1.13918,0.26290,0.83953,0.06457,0.57358,0.22483,0.34033,0.88866
2009-01-16,0.81496,1.13918,0.26690,0.83953,0.06588,0.57358,0.22483,0.34033,0.88866
2009-01-20,0.77214,1.13918,0.23936,0.83953,0.05680,0.57358,0.22483,0.34033,0.88866
2009-01-21,0.80533,1.13919,0.25947,0.83953,0.06304,0.57358,0.22483,0.34033,0.88866
2009-01-22,0.79293,1.13919,0.25163,0.83953,0.06051,0.57358,0.22483,0.34033,0.88866
2009-01-23,0.79636,1.13919,0.25376,0.83953,0.06118,0.57358,0.22483,0.34033,0.88866
2009-01-26,0.80180,1.13919,0.25712,0.83953,0.06226,0.57358,0.22483,0.34033,0.88866
2009-01-27,0.80991,1.13919,0.26220,0.83953,0.06389,0.57358,0.22483,0.34033,0.88866
2009-01-28,0.83718,1.13919,0.27949,0.83953,0.06949,0.57358,0.22483,0.34033,0.88867
2009-01-29,0.81010,1.13919,0.26173,0.83953,0.06355,0.57358,0.22483,0.34033,0.88867
2009-01-30,0.79369,1.13920,0.25133,0.83954,0.06020,0.57359,0.22483,0.34033,0.88867
2009-02-02,0.79131,1.13921,0.24982,0.83955,0.05972,0.57359,0.22484,0.34034,0.88868
2009-02-03,0.80237,1.13921,0.25665,0.83955,0.06187,0.57360,0.22484,0.34034,0.88868
2009-02-04,0.79846,1.13922,0.25419,0.83956,0.06109,0.57360,0.22484,0.34034,0.88869
2009-02-05,0.81029,1.13923,0.26155,0.83956,0.06342,0.57360,0.22484,0.34034,0.88870
2009-02-06,0.83327,1.13923,0.27607,0.83956,0.06811,0.57360,0.22484,0.34035,0.88870
2009-02-09,0.83442,1.13925,0.27678,0.83958,0.06834,0.57361,0.22484,0.34035,0.88871
2009-02-10,0.79636,1.13926,0.25200,0.83958,0.06013,0.57362,0.22484,0.34035,0.88872
2009-02-11,0.80104,1.13926,0.25488,0.83959,0.06104,0.57362,0.22485,0.34036,0.88872
2009-02-12,0.80161,1.13927,0.25523,0.83959,0.06114,0.57362,0.22485,0.34036,0.88873
2009-02-13,0.79303,1.13928,0.24986,0.83960,0.05945,0.57363,0.22485,0.34036,0.88873
2009-02-17,0.75927,1.13930,0.22899,0.83961,0.05291,0.57364,0.22485,0.34037,0.88875
2009-02-18,0.75745,1.13931,0.22792,0.83962,0.05259,0.57364,0.22485,0.34037,0.88876
2009-02-19,0.74935,1.13931,0.22314,0.83962,0.05117,0.57364,0.22486,0.34037,0.88876
2009-02-20,0.74210,1.13932,0.21892,0.83963,0.04992,0.57365,0.22486,0.34037,0.88877
2009-02-23,0.71568,1.13934,0.20369,0.83964,0.04548,0.57366,0.22486,0.34038,0.88878
2009-02-24,0.74267,1.13934,0.21863,0.83964,0.04967,0.57366,0.22486,0.34038,0.88878
2009-02-25,0.73686,1.13935,0.21528,0.83965,0.04870,0.57366,0.22486,0.34038,0.88879
2009-02-26,0.72493,1.13936,0.20848,0.83965,0.04674,0.57367,0.22486,0.34038,0.88879
2009-02-27,0.70882,1.13936,0.19944,0.83966,0.04418,0.57367,0.22487,0.34038,0.88880
2009-03-02,0.67706,1.13938,0.18203,0.83967,0.03937,0.57368,0.22487,0.34039,0.88881
2009-03-03,0.67201,1.13938,0.17938,0.83967,0.03867,0.57368,0.22487,0.34039,0.88881
2009-03-04,0.68784,1.13939,0.18757,0.83968,0.04081,0.57368,0.22487,0.34039,0.88882
2009-03-05,0.65989,1.13939,0.17276,0.83968,0.03686,0.57368,0.22487,0.34039,0.88882
2009-03-06,0.66104,1.13939,0.17334,0.83968,0.03701,0.57369,0.22487,0.34039,0.88882
2009-03-09,0.65331,1.13940,0.16939,0.83969,0.03600,0.57369,0.22487,0.34040,0.88883
2009-03-10,0.69203,1.13941,0.18881,0.83969,0.04090,0.57369,0.22487,0.34040,0.88884
2009-03-11,0.69652,1.13941,0.19117,0.83970,0.04152,0.57369,0.22488,0.34040,0.88884
2009-03-12,0.72379,1.13942,0.20571,0.83970,0.04541,0.57370,0.22488,0.34040,0.88884
2009-03-13,0.72942,1.13942,0.20882,0.83970,0.04627,0.57370,0.22488,0.34040,0.88884
2009-03-16,0.72722,1.13943,0.20757,0.83971,0.04592,0.57370,0.22488,0.34040,0.88885
2009-03-17,0.74935,1.13943,0.21986,0.83971,0.04934,0.57370,0.22488,0.34041,0.88885
2009-03-18,0.76604,1.13944,0.22940,0.83971,0.05207,0.57371,0.22488,0.34041,0.88886
2009-03-19,0.75660,1.13944,0.22387,0.83972,0.05045,0.57371,0.22488,0.34041,0.88886
2009-03-20,0.74057,1.13944,0.21460,0.83972,0.04778,0.57371,0.22488,0.34041,0.88886
2009-03-23,0.79349,1.13945,0.24447,0.83973,0.05621,0.57372,0.22488,0.34041,0.88887
2009-03-24,0.77793,1.13946,0.23508,0.83973,0.05339,0.57372,0.22488,0.34041,0.88887
2009-03-25,0.78609,1.13946,0.23989,0.83973,0.05481,0.57372,0.22488,0.34041,0.88888
2009-03-26,0.80204,1.13946,0.24940,0.83973,0.05763,0.57372,0.22489,0.34041,0.88888
2009-03-27,0.78763,1.13947,0.24062,0.83973,0.05497,0.57372,0.22489,0.34042,0.88888
2009-03-30,0.76054,1.13947,0.22441,0.83974,0.05016,0.57372,0.22489,0.34042,0.88888
2009-03-31,0.76756,1.13947,0.22843,0.83974,0.05131,0.57372,0.22489,0.34042,0.88888
2009-04-01,0.78235,1.13947,0.23702,0.83974,0.05379,0.57373,0.22489,0.34042,0.88889
2009-04-02,0.80511,1.13948,0.25049,0.83974,0.05775,0.57373,0.22489,0.34042,0.88889
2009-04-03,0.81308,1.13948,0.25534,0.83975,0.05921,0.57373,0.23088,0.34042,0.88889
2009-04-06,0.80675,1.13949,0.25141,0.83975,0.05801,0.57373,0.22540,0.34042,0.88890
2009-04-07,0.78802,1.13949,0.23997,0.83976,0.05455,0.57374,0.20956,0.34042,0.88890
2009-04-08,0.79647,1.13950,0.24499,0.83976,0.05604,0.57374,0.21252,0.34043,0.88891
2009-04-09,0.82797,1.13950,0.26394,0.83976,0.06169,0.57374,0.22109,0.34043,0.88891
2009-04-13,0.82816,1.13951,0.26401,0.83977,0.06171,0.57374,0.22120,0.34043,0.88892
2009-04-14,0.81395,1.13951,0.25512,0.83977,0.05896,0.57375,0.20887,0.34043,0.88892
2009-04-15,0.82259,1.13952,0.26042,0.83977,0.06057,0.57375,0.21608,0.34043,0.88892
2009-04-16,0.83460,1.13952,0.26785,0.83977,0.06285,0.57375,0.22630,0.34043,0.88892
2009-04-17,0.84017,1.13952,0.27135,0.83977,0.06394,0.57375,0.23118,0.34043,0.88892
2009-04-20,0.80511,1.13952,0.24911,0.83978,0.05697,0.57375,0.19996,0.34043,0.88892
2009-04-21,0.82077,1.13952,0.25858,0.83978,0.05980,0.57375,0.21265,0.34043,0.88893
2009-04-22,0.81577,1.13952,0.25548,0.83978,0.05886,0.57375,0.20843,0.34043,0.88893
2009-04-23,0.82375,1.13953,0.26036,0.83978,0.06034,0.57375,0.21504,0.34043,0.88893
2009-04-24,0.83614,1.13953,0.26802,0.83978,0.06268,0.57375,0.22553,0.34043,0.88893
2009-04-27,0.82826,1.13953,0.26304,0.83978,0.06113,0.57375,0.21862,0.34043,0.88893
2009-04-28,0.82567,1.13953,0.26142,0.83978,0.06064,0.57375,0.21638,0.34043,0.88893
2009-04-29,0.84315,1.13953,0.27225,0.83978,0.06395,0.57375,0.23124,0.34043,0.88893
2009-04-30,0.84344,1.13953,0.27242,0.83978,0.06401,0.57375,0.23148,0.32687,0.88893
2009-05-01,0.84795,1.13953,0.27527,0.83978,0.06490,0.57375,0.23546,0.33234,0.88893
2009-05-04,0.87667,1.13953,0.29352,0.83979,0.07063,0.57376,0.26115,0.36761,0.88893
2009-05-05,0.87369,1.13954,0.29155,0.83979,0.06999,0.57376,0.25829,0.36368,0.88894
2009-05-06,0.88877,1.13954,0.30142,0.83979,0.07318,0.57376,0.27257,0.38329,0.88894
2009-05-07,0.87648,1.13954,0.29322,0.83979,0.07048,0.57376,0.26050,0.36671,0.88894
2009-05-08,0.89684,1.13954,0.30658,0.83979,0.07481,0.57376,0.27988,0.39333,0.88894
2009-05-11,0.88013,1.13955,0.29531,0.83980,0.07108,0.57376,0.26318,0.37039,0.88895
2009-05-12,0.87753,1.13955,0.29359,0.83980,0.07052,0.57377,0.26067,0.36695,0.88895
2009-05-13,0.85554,1.13956,0.27912,0.83980,0.06584,0.57377,0.23971,0.33817,0.88895
2009-05-14,0.86284,1.13956,0.28378,0.83980,0.06731,0.57377,0.24629,0.34720,0.88895
2009-05-15,0.85583,1.13956,0.27924,0.83981,0.06587,0.57377,0.23983,0.33834,0.88896
2009-05-18,0.88003,1.13957,0.29470,0.83981,0.07074,0.57377,0.26164,0.36828,0.88896
2009-05-19,0.87898,1.13957,0.29400,0.83981,0.07051,0.57377,0.26062,0.36688,0.88896
2009-05-20,0.87312,1.13957,0.29013,0.83981,0.06926,0.57378,0.25503,0.35921,0.88896
2009-05-21,0.86063,1.13958,0.28197,0.83982,0.06665,0.57378,0.24330,0.34311,0.88897
2009-05-22,0.85880,1.13958,0.28079,0.83982,0.06627,0.57378,0.24163,0.34080,0.88897
2009-05-26,0.88070,1.13959,0.29479,0.83983,0.07069,0.57378,0.26141,0.36796,0.88898
2009-05-27,0.86505,1.13959,0.28448,0.83983,0.06736,0.57378,0.24649,0.34749,0.88898
2009-05-28,0.87705,1.13959,0.29222,0.83983,0.06981,0.57379,0.25748,0.36258,0.88898
2009-05-29,0.89252,1.13960,0.30233,0.83983,0.07306,0.57379,0.27203,0.38255,0.88898
2009-06-01,0.91403,1.15204,0.31661,0.85886,0.07773,0.59357,0.29295,0.41127,0.88898
2009-06-02,0.91480,1.15303,0.31712,0.86031,0.07790,0.59509,0.29371,0.41232,0.88899
2009-06-03,0.90328,1.13825,0.30925,0.83797,0.07526,0.57164,0.28191,0.39612,0.88899
2009-06-04,0.91173,1.14909,0.31493,0.85408,0.07714,0.58833,0.29031,0.40765,0.88899
2009-06-05,0.91192,1.14933,0.31504,0.85441,0.07718,0.58868,0.29049,0.40789,0.88899
2009-06-08,0.90818,1.14453,0.31246,0.84707,0.07632,0.58101,0.28663,0.40259,0.88899
2009-06-09,0.91279,1.15044,0.31556,0.85588,0.07735,0.59019,0.29125,0.40893,0.88900
2009-06-10,0.91048,1.14748,0.31398,0.85139,0.07682,0.58550,0.28888,0.40569,0.88900
2009-06-11,0.91451,1.15265,0.31670,0.85912,0.07773,0.59356,0.29294,0.41126,0.88900
2009-06-12,0.91701,1.15585,0.31839,0.86390,0.07829,0.59858,0.29547,0.41473,0.88900
2009-06-15,0.89607,1.12902,0.30405,0.82319,0.07349,0.55580,0.27394,0.38517,0.88901
2009-06-16,0.88397,1.11351,0.29596,0.80025,0.07084,0.53226,0.26209,0.36891,0.88901
2009-06-17,0.88311,1.11240,0.29538,0.79860,0.07065,0.53059,0.26125,0.36775,0.88901
2009-06-18,0.88954,1.12065,0.29959,0.81056,0.07201,0.54268,0.26734,0.37611,0.88901
2009-06-19,0.89281,1.12483,0.30174,0.81666,0.07271,0.54889,0.27046,0.38040,0.88902
2009-06-22,0.86615,1.09066,0.28399,0.76629,0.06693,0.49744,0.24457,0.34485,0.88902
2009-06-23,0.86682,1.09153,0.28442,0.76749,0.06707,0.49863,0.24517,0.34567,0.88902
2009-06-24,0.87426,1.10106,0.28919,0.78105,0.06857,0.51205,0.25192,0.35494,0.88903
2009-06-25,0.89319,1.12532,0.30148,0.81591,0.07248,0.54685,0.26943,0.37898,0.88903
2009-06-26,0.89087,1.12235,0.29993,0.81151,0.07198,0.54236,0.26717,0.37589,0.88903
2009-06-29,0.89918,1.13300,0.30539,0.82699,0.07375,0.55810,0.27509,0.38676,0.88904
2009-06-30,0.89194,1.12371,0.30054,0.81323,0.07216,0.54399,0.26799,0.37701,0.88904
2009-07-01,0.89561,1.12842,0.30295,0.82009,0.07294,0.55097,0.27150,0.38183,0.88904
2009-07-02,0.87127,1.09722,0.28676,0.77412,0.06767,0.50403,0.24789,0.34941,0.88904
2009-07-06,0.87117,1.09710,0.28664,0.77380,0.06764,0.50373,0.24773,0.34919,0.88905
2009-07-07,0.85436,1.07555,0.27577,0.74296,0.06420,0.47314,0.23234,0.32807,0.88905
2009-07-08,0.85378,1.07481,0.27539,0.74188,0.06409,0.47210,0.23182,0.32734,0.88906
2009-07-09,0.85542,1.07692,0.27642,0.74479,0.06441,0.47493,0.23324,0.32930,0.88906
2009-07-10,0.85340,1.07432,0.27512,0.74111,0.06400,0.47135,0.23144,0.32683,0.88906
2009-07-13,0.87407,1.10081,0.28816,0.77810,0.06803,0.50725,0.24950,0.35163,0.88907
2009-07-14,0.87899,1.10712,0.29134,0.78712,0.06904,0.51620,0.25401,0.35781,0.88907
2009-07-15,0.90459,1.13993,0.30799,0.83436,0.07434,0.56336,0.27774,0.39040,0.88907
2009-07-16,0.90314,1.13807,0.30700,0.83157,0.07402,0.56050,0.27630,0.38842,0.88907
2009-07-17,0.91299,1.15070,0.31357,0.85022,0.07616,0.57960,0.28591,0.40161,0.88907
2009-07-20,0.92265,1.16307,0.32006,0.86862,0.07830,0.59865,0.29550,0.41478,0.90079
2009-07-21,0.92690,1.16852,0.32295,0.87681,0.07926,0.60722,0.29981,0.42070,0.91346
2009-07-22,0.92671,1.16827,0.32280,0.87639,0.07921,0.60679,0.29959,0.42040,0.91281
2009-07-23,0.94709,1.19439,0.33676,0.91600,0.08389,0.64839,0.32053,0.44914,0.97431
2009-07-24,0.95096,1.19934,0.33945,0.92363,0.08481,0.65658,0.32465,0.45480,0.98642
2009-07-27,0.95376,1.20293,0.34137,0.92909,0.08547,0.66247,0.32761,0.45887,0.99513
2009-07-28,0.94931,1.19724,0.33822,0.92016,0.08439,0.65282,0.32276,0.45220,0.98087
2009-07-29,0.94700,1.19427,0.33658,0.91550,0.08382,0.64782,0.32024,0.44874,0.97347
2009-07-30,0.95685,1.20689,0.34346,0.93503,0.08618,0.66876,0.33078,0.46321,1.00443
2009-07-31,0.95820,1.20863,0.34441,0.93770,0.08650,0.67165,0.33223,0.46521,1.00871
2009-08-03,0.97394,1.22880,0.35551,0.96921,0.09034,0.70584,0.34943,0.48883,1.05925
2009-08-04,0.97646,1.23202,0.35730,0.97429,0.09097,0.71144,0.35225,0.49270,1.06753
2009-08-05,0.97366,1.22843,0.35526,0.96851,0.09025,0.70506,0.34904,0.48829,1.05810
2009-08-06,0.96863,1.22200,0.35164,0.95822,0.08898,0.69372,0.34334,0.48046,1.04134
2009-08-07,0.98129,1.23821,0.36067,0.98386,0.09214,0.72182,0.35748,0.49987,1.08288
2009-08-10,0.97926,1.23561,0.35916,0.97956,0.09160,0.71705,0.35508,0.49658,1.07583
2009-08-11,0.96709,1.22001,0.35034,0.95454,0.08849,0.68935,0.34114,0.47744,1.03488
2009-08-12,0.97742,1.23326,0.35770,0.97543,0.09105,0.71219,0.35263,0.49322,1.06865
2009-08-13,0.98486,1.24279,0.36305,0.99062,0.09294,0.72897,0.36107,0.50481,1.09345
2009-08-14,0.97733,1.23313,0.35756,0.97503,0.09099,0.71163,0.35235,0.49283,1.06781
2009-08-17,0.95337,1.20243,0.34024,0.92586,0.08490,0.65735,0.32503,0.45533,0.98757
2009-08-18,0.96090,1.21209,0.34552,0.94085,0.08671,0.67347,0.33314,0.46647,1.01140
2009-08-19,0.96931,1.22286,0.35146,0.95770,0.08876,0.69174,0.34234,0.47909,1.03841
2009-08-20,0.97926,1.23561,0.35855,0.97783,0.09123,0.71375,0.35341,0.49430,1.07095
2009-08-21,0.99838,1.26012,0.37234,1.01697,0.09608,0.75696,0.37516,0.52415,1.13484
2009-08-24,0.99829,1.26000,0.37222,1.01663,0.09604,0.75659,0.37497,0.52389,1.13428
2009-08-25,1.00022,1.26247,0.37363,1.02061,0.09655,0.76108,0.37723,0.52699,1.14092
2009-08-26,1.00031,1.26259,0.37368,1.02077,0.09657,0.76125,0.37732,0.52712,1.14118
2009-08-27,1.00254,1.26544,0.37530,1.02537,0.09715,0.76644,0.37993,0.53070,1.14885
2009-08-28,1.00234,1.26519,0.37514,1.02492,0.09709,0.76594,0.37968,0.53035,1.14810
2009-08-31,0.99346,1.25380,0.36853,1.00616,0.09471,0.74476,0.36902,0.51572,1.11680
2009-09-01,0.97163,1.22583,0.35255,0.96079,0.08901,0.69399,0.34347,0.48064,1.04174
2009-09-02,0.96796,1.22112,0.34991,0.95329,0.08809,0.68580,0.33935,0.47499,1.02963
2009-09-03,0.97597,1.23140,0.35560,0.96946,0.09007,0.70341,0.34821,0.48715,1.05566
2009-09-04,0.98959,1.24885,0.36537,0.99717,0.09349,0.73384,0.36352,0.50818,1.10066
2009-09-08,0.99809,1.25974,0.37150,1.01456,0.09566,0.75320,0.37326,0.52155,1.12928
2009-09-09,1.00572,1.26952,0.37708,1.03041,0.09766,0.77099,0.38222,0.53385,1.15558
2009-09-10,1.01596,1.28265,0.38464,1.05186,0.10038,0.79525,0.39443,0.55060,1.19144
2009-09-11,1.01577,1.28240,0.38448,1.05140,0.10033,0.79473,0.39416,0.55025,1.19068
2009-09-14,1.02070,1.28871,0.38811,1.06170,0.10165,0.80650,0.40009,0.55838,1.20808
2009-09-15,1.02495,1.29416,0.39128,1.07071,0.10281,0.81684,0.40529,0.56552,1.22336
2009-09-16,1.04040,1.31396,0.40292,1.10371,0.10708,0.85486,0.42442,0.59179,1.27958
2009-09-17,1.03886,1.31198,0.40172,1.10031,0.10663,0.85089,0.42243,0.58905,1.27370
2009-09-18,1.03952,1.31283,0.40220,1.10169,0.10682,0.85251,0.42324,0.59016,1.27609
2009-09-21,1.03690,1.30947,0.40015,1.09587,0.10605,0.84572,0.41982,0.58547,1.26606
2009-09-22,1.04291,1.31718,0.40472,1.10883,0.10775,0.86083,0.42742,0.59591,1.28839
2009-09-23,1.03427,1.30611,0.39808,1.09000,0.10527,0.83876,0.41632,0.58067,1.25578
2009-09-24,1.02292,1.29156,0.38944,1.06546,0.10207,0.81026,0.40198,0.56098,1.21364
2009-09-25,1.01748,1.28459,0.38534,1.05382,0.10057,0.79690,0.39526,0.55175,1.19389
2009-09-28,1.03563,1.30785,0.39885,1.09218,0.10549,0.84073,0.41731,0.58203,1.25868
2009-09-29,1.03253,1.30387,0.39647,1.08543,0.10461,0.83289,0.41337,0.57661,1.24709
2009-09-30,1.02855,1.29877,0.39344,1.07682,0.10349,0.82292,0.40835,0.56972,1.23236
2009-10-01,1.00312,1.26618,0.37422,1.02228,0.09643,0.75999,0.37668,0.52624,1.13932
2009-10-02,0.99846,1.26021,0.37077,1.01250,0.09519,0.74901,0.37115,0.51866,1.12309
2009-10-05,1.01331,1.27924,0.38161,1.04324,0.09905,0.78339,0.38846,0.54241,1.17392
2009-10-06,1.02777,1.29777,0.39234,1.07369,0.10294,0.81795,0.40584,0.56629,1.22500
2009-10-07,1.03059,1.30138,0.39444,1.07966,0.10371,0.82482,0.40930,0.57104,1.23517
2009-10-08,1.03845,1.31146,0.40037,1.09647,0.10589,0.84422,0.41906,0.58444,1.26384
2009-10-09,1.04476,1.31954,0.40515,1.11006,0.10766,0.86001,0.42701,0.59535,1.28719
2009-10-12,1.04883,1.32476,0.40823,1.11877,0.10881,0.87022,0.43215,0.60240,1.30228
2009-10-13,1.04670,1.32203,0.40657,1.11407,0.10819,0.86470,0.42937,0.59858,1.29412
2009-10-14,1.06465,1.34504,0.42033,1.15311,0.11332,0.91043,0.45238,0.63018,1.36173
2009-10-15,1.06853,1.35001,0.42334,1.16166,0.11447,0.92061,0.45751,0.63722,1.37678
2009-10-16,1.06058,1.33981,0.41709,1.14392,0.11209,0.89943,0.44685,0.62258,1.34546
2009-10-19,1.06931,1.35101,0.42383,1.16304,0.11463,0.92211,0.45826,0.63825,1.37899
2009-10-20,1.06368,1.34379,0.41940,1.15048,0.11295,0.90709,0.45070,0.62788,1.35680
2009-10-21,1.05417,1.33160,0.41197,1.12940,0.11013,0.88203,0.43809,0.61056,1.31975
2009-10-22,1.06485,1.34528,0.42020,1.15274,0.11322,0.90954,0.45193,0.62957,1.36041
2009-10-23,1.05271,1.32974,0.41072,1.12584,0.10963,0.87754,0.43583,0.60746,1.31311
2009-10-26,1.04136,1.31518,0.40192,1.10086,0.10633,0.84818,0.42106,0.58717,1.26970
2009-10-27,1.03660,1.30909,0.39827,1.09053,0.10498,0.83617,0.41501,0.57887,1.25194
2009-10-28,1.01710,1.28409,0.38346,1.04848,0.09952,0.78750,0.39052,0.54525,1.18000
2009-10-29,1.03884,1.31195,0.39962,1.09434,0.10536,0.83954,0.41671,0.58121,1.25694
2009-10-30,1.00885,1.27351,0.37682,1.02965,0.09695,0.76462,0.37901,0.52945,1.14618
2009-11-02,1.01622,1.28297,0.38221,1.04494,0.09888,0.78181,0.38766,0.54132,1.17158
2009-11-03,1.01943,1.28707,0.38457,1.05164,0.09973,0.78939,0.39147,0.54655,1.18279
2009-11-04,1.02205,1.29043,0.38651,1.05713,0.10043,0.79562,0.39461,0.55086,1.19200
2009-11-05,1.04078,1.31443,0.40047,1.09676,0.10549,0.84068,0.41728,0.58199,1.25862
2009-11-06,1.04349,1.31792,0.40252,1.10258,0.10625,0.84741,0.42067,0.58665,1.26857
2009-11-09,1.06718,1.34827,0.42051,1.15363,0.11290,0.90666,0.45048,0.62758,1.35616
2009-11-10,1.06737,1.34851,0.42065,1.15401,0.11295,0.90711,0.45071,0.62789,1.35683
2009-11-11,1.07280,1.35548,0.42486,1.16598,0.11454,0.92130,0.45785,0.63769,1.37781
2009-11-12,1.06193,1.34155,0.41634,1.14178,0.11131,0.89248,0.44335,0.61778,1.33519
2009-11-13,1.06766,1.34889,0.42076,1.15432,0.11297,0.90727,0.45079,0.62800,1.35706
2009-11-16,1.08309,1.36866,0.43272,1.18828,0.11749,0.94754,0.47105,0.65582,1.41659
2009-11-17,1.08435,1.37028,0.43370,1.19105,0.11787,0.95088,0.47274,0.65813,1.42154
2009-11-18,1.08367,1.36941,0.43315,1.18948,0.11765,0.94899,0.47178,0.65682,1.41874
2009-11-19,1.06960,1.35137,0.42201,1.15787,0.11339,0.91098,0.45266,0.63056,1.36255
2009-11-20,1.06582,1.34652,0.41904,1.14945,0.11226,0.90099,0.44763,0.62366,1.34779
2009-11-23,1.07931,1.36381,0.42947,1.17905,0.11620,0.93601,0.46525,0.64785,1.39955
2009-11-24,1.08096,1.36592,0.43075,1.18268,0.11669,0.94036,0.46744,0.65086,1.40599
2009-11-25,1.08474,1.37078,0.43372,1.19110,0.11782,0.95045,0.47252,0.65783,1.42090
2009-11-27,1.06718,1.34826,0.41980,1.15159,0.11248,0.90294,0.44861,0.62501,1.35066
2009-11-30,1.07077,1.35286,0.42254,1.15937,0.11352,0.91215,0.45325,0.63137,1.36429
2009-12-01,1.08397,1.36978,0.43281,1.18853,0.11740,0.94676,0.47066,0.65528,1.41545
2009-12-02,1.08348,1.36916,0.43241,1.18739,0.11725,0.94540,0.46998,0.65434,1.41344
2009-12-03,1.07504,1.35834,0.42573,1.16844,0.11470,0.92265,0.45853,0.63863,1.37981
2009-12-04,1.08115,1.36617,0.43050,1.18197,0.11651,0.93877,0.46664,0.64976,1.40364
2009-12-07,1.07950,1.36406,0.42915,1.17813,0.11599,0.93420,0.46434,0.64660,1.39687
2009-12-08,1.06756,1.34876,0.41975,1.15146,0.11241,0.90231,0.44829,0.62458,1.34974
2009-12-09,1.07154,1.35386,0.42283,1.16019,0.11357,0.91263,0.45349,0.63170,1.36500
2009-12-10,1.07756,1.36157,0.42750,1.17346,0.11534,0.92838,0.46141,0.64258,1.38828
2009-12-11,1.08212,1.36741,0.43106,1.18356,0.11669,0.94044,0.46748,0.65091,1.40610
2009-12-14,1.08950,1.37687,0.43682,1.19990,0.11889,0.96002,0.47733,0.66445,1.43506
2009-12-15,1.08445,1.37040,0.43280,1.18849,0.11735,0.94628,0.47042,0.65495,1.41474
2009-12-16,1.08610,1.37251,0.43409,1.19214,0.11784,0.95066,0.47262,0.65797,1.42121
2009-12-17,1.07310,1.35584,0.42379,1.16293,0.11390,0.91555,0.45495,0.63372,1.36931
2009-12-18,1.07915,1.36360,0.42850,1.17628,0.11568,0.93140,0.46293,0.64467,1.39275
2009-12-21,1.09007,1.37760,0.43702,1.20047,0.11893,0.96030,0.47747,0.66464,1.43547
2009-12-22,1.09398,1.38260,0.44010,1.20920,0.12011,0.97083,0.48277,0.67191,1.45104
2009-12-23,1.09612,1.38536,0.44179,1.21399,0.12076,0.97664,0.48569,0.67592,1.45962
2009-12-24,1.10130,1.39198,0.44589,1.22564,0.12235,0.99076,0.49280,0.68568,1.48050
2009-12-28,1.10364,1.39498,0.44770,1.23075,0.12305,0.99701,0.49595,0.69000,1.48975
2009-12-29,1.10208,1.39298,0.44642,1.22714,0.12256,0.99261,0.49373,0.68696,1.48324
2009-12-30,1.10169,1.39248,0.44609,1.22620,0.12243,0.99147,0.49316,0.68617,1.48156
2009-12-31,1.09115,1.37898,0.43764,1.20220,0.11914,0.96224,0.47845,0.66598,1.43834
2010-01-04,1.10959,1.40261,0.45219,1.24350,0.12474,1.01208,0.50353,0.70041,1.51203
2010-01-05,1.11252,1.40636,0.45453,1.25014,0.12566,1.02023,0.50763,0.70604,1.52408
2010-01-06,1.11330,1.40736,0.45514,1.25188,0.12590,1.02237,0.50871,0.70752,1.52724
2010-01-07,1.11798,1.41336,0.45891,1.26258,0.12738,1.03554,0.51533,0.71662,1.54670
2010-01-08,1.12169,1.41812,0.46191,1.27107,0.12856,1.04603,0.52062,0.72387,1.56222
2010-01-11,1.12325,1.42012,0.46312,1.27452,0.12904,1.05033,0.52278,0.72684,1.56857
2010-01-12,1.11281,1.40674,0.45459,1.25029,0.12566,1.02027,0.50765,0.70607,1.52413
2010-01-13,1.12218,1.41874,0.46214,1.27172,0.12862,1.04662,0.52091,0.72427,1.56308
2010-01-14,1.12520,1.42262,0.46458,1.27866,0.12959,1.05523,0.52524,0.73022,1.57581
2010-01-15,1.11261,1.40648,0.45428,1.24943,0.12551,1.01890,0.50696,0.70512,1.52210
2010-01-19,1.12647,1.42424,0.46540,1.28097,0.12986,1.05767,0.52647,0.73191,1.57943
2010-01-20,1.11505,1.40961,0.45604,1.25443,0.12616,1.02468,0.50987,0.70912,1.53065
2010-01-21,1.09368,1.38222,0.43874,1.20532,0.11937,0.96425,0.47946,0.66737,1.44132
2010-01-22,1.06939,1.35108,0.41945,1.15058,0.11196,0.89825,0.44624,0.62177,1.34374
2010-01-25,1.07485,1.35809,0.42363,1.16245,0.11353,0.91224,0.45329,0.63144,1.36444
2010-01-26,1.07036,1.35233,0.42012,1.15248,0.11221,0.90045,0.44735,0.62329,1.34700
2010-01-27,1.07544,1.35884,0.42403,1.16360,0.11368,0.91356,0.45395,0.63234,1.36638
2010-01-28,1.06314,1.34308,0.41444,1.13636,0.11006,0.88131,0.43772,0.61006,1.31870
2010-01-29,1.05163,1.32832,0.40555,1.11114,0.10674,0.85181,0.44318,0.58968,1.27509
2010-02-01,1.06792,1.34921,0.41791,1.14622,0.11130,0.89241,0.44318,0.61774,1.33512
2010-02-02,1.08080,1.36571,0.42786,1.17444,0.11503,0.92556,0.45637,0.64063,1.38412
2010-02-03,1.07544,1.35883,0.42364,1.16247,0.11343,0.91134,0.44948,0.63081,1.36310
2010-02-04,1.04236,1.31644,0.39787,1.08934,0.10372,0.82487,0.40758,0.57107,1.23527
2010-02-05,1.04451,1.31919,0.39947,1.09388,0.10430,0.83007,0.40857,0.57467,1.24296
2010-02-08,1.03699,1.30956,0.39374,1.07764,0.10221,0.81147,0.40857,0.56181,1.21546
2010-02-09,1.04997,1.32619,0.40346,1.10520,0.10573,0.84282,0.40857,0.58347,1.26181
2010-02-10,1.04792,1.32357,0.40188,1.10074,0.10516,0.83769,0.40857,0.57993,1.25422
2010-02-11,1.05885,1.33757,0.41014,1.12418,0.10818,0.86462,0.40857,0.59854,1.29404
2010-02-12,1.05797,1.33645,0.40945,1.12222,0.10793,0.86236,0.40857,0.59697,1.29069
2010-02-16,1.07456,1.35771,0.42207,1.15801,0.11259,0.90389,0.40857,0.62566,1.35209
2010-02-17,1.07963,1.36421,0.42599,1.16914,0.11406,0.91699,0.40804,0.63472,1.37146
2010-02-18,1.08598,1.37234,0.43092,1.18312,0.11592,0.93354,0.41534,0.64615,1.39592
2010-02-19,1.08822,1.37521,0.43266,1.18807,0.11658,0.93943,0.41794,0.65022,1.40463
2010-02-22,1.08842,1.37546,0.43276,1.18835,0.11662,0.93977,0.41809,0.65046,1.40514
2010-02-23,1.07524,1.35858,0.42239,1.15891,0.11268,0.90468,0.40261,0.62621,1.35326
2010-02-24,1.08510,1.37121,0.43002,1.18057,0.11555,0.93019,0.41386,0.64384,1.39097
2010-02-25,1.08363,1.36933,0.42886,1.17727,0.11511,0.92627,0.41213,0.64113,1.38517
2010-02-26,1.08432,1.37021,0.42937,1.17873,0.11530,0.92801,0.41290,0.64233,1.38775
2010-03-01,1.09554,1.38459,0.43810,1.20350,0.11861,0.95743,0.42588,0.66265,1.43124
2010-03-02,1.09856,1.38847,0.44047,1.21023,0.11951,0.96551,0.42944,0.66824,1.44318
2010-03-03,1.09954,1.38972,0.44123,1.21237,0.11980,0.96809,0.43058,0.67002,1.44700
2010-03-04,1.10286,1.39397,0.44384,1.21979,0.12081,0.97702,0.43452,0.67619,1.46020
2010-03-05,1.11857,1.41410,0.45633,1.25521,0.12561,1.01979,0.45339,0.70574,1.52343
2010-03-08,1.11876,1.41435,0.45642,1.25549,0.12565,1.02014,0.45354,0.70598,1.52395
2010-03-09,1.12062,1.41673,0.45790,1.25968,0.12623,1.02527,0.45581,0.70953,1.53154
2010-03-10,1.12559,1.42310,0.46190,1.27104,0.12779,1.03920,0.46195,0.71915,1.55214
2010-03-11,1.13028,1.42911,0.46569,1.28177,0.12928,1.05243,0.46779,0.72829,1.57169
2010-03-12,1.13037,1.42923,0.46575,1.28194,0.12930,1.05264,0.46788,0.72844,1.57200
2010-03-15,1.13067,1.42961,0.46592,1.28245,0.12937,1.05328,0.46816,0.72888,1.57294
2010-03-16,1.13964,1.44111,0.47322,1.30316,0.13225,1.07890,0.47946,0.74658,1.61083
2010-03-17,1.14638,1.44974,0.47874,1.31880,0.13444,1.09841,0.48807,0.76006,1.63966
2010-03-18,1.14579,1.44899,0.47823,1.31737,0.13424,1.09662,0.48728,0.75882,1.63702
2010-03-19,1.14001,1.44158,0.47344,1.30376,0.13232,1.07956,0.47976,0.74704,1.61180
2010-03-22,1.14608,1.44936,0.47837,1.31775,0.13429,1.09702,0.48746,0.75910,1.63762
2010-03-23,1.15412,1.45966,0.48498,1.33653,0.13693,1.12056,0.49784,0.77536,1.67241
2010-03-24,1.14853,1.45250,0.48032,1.32328,0.13505,1.10385,0.49047,0.76382,1.64771
2010-03-25,1.14667,1.45012,0.47876,1.31885,0.13443,1.09829,0.48802,0.75997,1.63949
2010-03-26,1.14599,1.44924,0.47817,1.31719,0.13419,1.09621,0.48710,0.75853,1.63641
2010-03-29,1.15324,1.45853,0.48409,1.33400,0.13656,1.11729,0.49640,0.77310,1.66758
2010-03-30,1.15402,1.45953,0.48473,1.33579,0.13682,1.11955,0.49740,0.77466,1.67092
2010-03-31,1.15010,1.45451,0.48145,1.32648,0.13550,1.10781,0.49222,0.76655,1.65357
2010-04-01,1.15794,1.46455,0.48792,1.34486,0.13809,1.13091,0.50241,0.78251,1.68772
2010-04-05,1.16735,1.47661,0.49568,1.36688,0.14123,1.15881,0.51471,0.80179,1.72896
2010-04-06,1.17009,1.48012,0.49797,1.37336,0.14216,1.16709,0.51837,0.80750,1.74120
2010-04-07,1.16343,1.47158,0.49233,1.35737,0.13986,1.14663,0.50934,0.79338,1.71097
2010-04-08,1.16744,1.47673,0.49567,1.36686,0.14121,1.15870,0.51467,0.80171,1.72881
2010-04-09,1.17509,1.48653,0.50208,1.38503,0.14382,1.18189,0.52490,0.81773,1.76308
2010-04-12,1.17695,1.48891,0.50359,1.38931,0.14444,1.18740,0.52733,0.82154,1.77124
2010-04-13,1.17783,1.49004,0.50431,1.39137,0.14474,1.19005,0.52850,0.82337,1.77516
2010-04-14,1.19115,1.50712,0.51559,1.42338,0.14936,1.23124,0.54667,0.85183,1.83605
2010-04-15,1.19213,1.50837,0.51641,1.42570,0.14970,1.23427,0.54800,0.85392,1.84052
2010-04-16,1.17322,1.48414,0.50016,1.37958,0.14296,1.17422,0.52151,0.81244,1.75175
2010-04-19,1.17763,1.48979,0.50382,1.38996,0.14445,1.18753,0.52738,0.82163,1.77142
2010-04-20,1.18812,1.50322,0.51268,1.41510,0.14808,1.21985,0.54164,0.84396,1.81921
2010-04-21,1.18596,1.50046,0.51081,1.40981,0.14731,1.21300,0.53862,0.83922,1.80908
2010-04-22,1.18949,1.50498,0.51380,1.41829,0.14855,1.22397,0.54346,0.84681,1.82530
2010-04-23,1.19723,1.51490,0.52040,1.43702,0.15128,1.24829,0.55419,0.86361,1.86126
2010-04-26,1.19272,1.50912,0.51645,1.42581,0.14963,1.23367,0.54774,0.85350,1.83963
2010-04-27,1.16460,1.47309,0.49231,1.35729,0.13962,1.14450,0.50841,0.79190,1.70782
2010-04-28,1.17342,1.48439,0.49967,1.37818,0.14260,1.17101,0.52010,0.81022,1.74701
2010-04-29,1.18792,1.50297,0.51187,1.41281,0.14757,1.21530,0.53964,0.84082,1.81249
2010-04-30,1.16784,1.47723,0.49471,1.36410,0.14049,1.15227,0.51183,0.79727,1.71930
2010-05-03,1.18292,1.49657,0.50730,1.39983,0.14560,1.19771,0.53188,0.82866,1.78648
2010-05-04,1.15520,1.46103,0.48372,1.33293,0.13593,1.11160,0.49389,0.76917,1.65917
2010-05-05,1.14834,1.45224,0.47801,1.31673,0.13364,1.09127,0.48492,0.75513,1.62913
2010-05-06,1.11032,1.40352,0.44667,1.22779,0.12118,0.98029,0.43597,0.67845,1.46505
2010-05-07,1.09386,1.38242,0.43355,1.19057,0.11615,0.93550,0.43202,0.64751,1.39885
2010-05-10,1.14187,1.44395,0.47112,1.29716,0.13034,1.06182,0.43202,0.72794,1.58559
2010-05-11,1.13864,1.43981,0.46846,1.28961,0.12929,1.05252,0.44007,0.74150,1.57184
2010-05-12,1.15451,1.46015,0.48136,1.32623,0.13435,1.09753,0.45801,0.77173,1.63838
2010-05-13,1.14021,1.44182,0.46953,1.29266,0.12965,1.05572,0.44135,0.74365,1.57656
2010-05-14,1.11963,1.41545,0.45274,1.24502,0.12307,0.99712,0.41799,0.70430,1.48994
2010-05-17,1.12022,1.41620,0.45316,1.24619,0.12323,0.99854,0.42091,0.70525,1.49204
2010-05-18,1.10503,1.39674,0.44098,1.21165,0.11854,0.95683,0.42091,0.67725,1.43038
2010-05-19,1.09876,1.38870,0.43602,1.19755,0.11666,0.94005,0.42091,0.66598,1.40558
2010-05-20,1.05741,1.33571,0.40356,1.10545,0.10441,0.83102,0.42091,0.62412,1.24440
2010-05-21,1.07280,1.31396,0.41513,1.07024,0.10860,0.79145,0.42091,0.62412,1.29954
2010-05-24,1.05908,1.31397,0.40459,1.07024,0.10474,0.79146,0.42091,0.62412,1.24863
2010-05-25,1.06016,1.31397,0.40539,1.07025,0.10502,0.79146,0.42092,0.62413,1.25243
2010-05-26,1.05379,1.31398,0.40056,1.07025,0.10328,0.79146,0.42092,0.62413,1.22940
2010-05-27,1.08896,1.31398,0.42695,1.07025,0.11278,0.79146,0.42092,0.62413,1.35453
2010-05-28,1.07534,1.29767,0.41637,1.04466,0.10885,0.76343,0.42092,0.62413,1.30282
2010-06-01,1.05732,1.28434,0.40251,1.02423,0.10377,0.74141,0.42092,0.62413,1.23591
2010-06-02,1.08475,1.28434,0.42312,1.02423,0.11120,0.74141,0.42092,0.62413,1.33366
2010-06-03,1.08847,1.28381,0.42597,1.02432,0.11225,0.74186,0.42092,0.62414,1.34753
2010-06-04,1.05036,1.23854,0.39647,0.95180,0.10132,0.66288,0.42092,0.62414,1.20366
2010-06-07,1.03733,1.24176,0.38671,0.95770,0.09784,0.66937,0.42092,0.62414,1.21549
2010-06-08,1.04840,1.24177,0.39484,0.95770,0.10070,0.66937,0.42092,0.62414,1.21549
2010-06-09,1.04282,1.24177,0.39067,0.95770,0.09922,0.66937,0.42092,0.62414,1.21549
2010-06-10,1.07319,1.24177,0.41311,0.95770,0.10716,0.66937,0.42092,0.62414,1.21549
2010-06-11,1.07838,1.24177,0.41705,0.95770,0.10859,0.66937,0.42092,0.62414,1.26406
2010-06-14,1.07672,1.24177,0.41572,0.95770,0.10811,0.66937,0.42092,0.62414,1.25811
2010-06-15,1.10111,1.24177,0.43432,0.95770,0.11489,0.66937,0.42092,0.62414,1.34174
2010-06-16,1.10072,1.24657,0.43399,0.96599,0.11477,0.67838,0.42092,0.62414,1.34026
2010-06-17,1.10248,1.24857,0.43535,0.96902,0.11527,0.68157,0.42092,0.62414,1.34650
2010-06-18,1.10368,1.24992,0.43626,0.97107,0.11561,0.68371,0.42092,0.62414,1.35070
2010-06-21,1.10053,1.24635,0.43374,0.96543,0.11468,0.67780,0.42092,0.62414,1.33912
2010-06-22,1.08241,1.22586,0.41961,0.93380,0.10941,0.64467,0.42092,0.62414,1.27424
2010-06-23,1.07906,1.22547,0.41703,0.93409,0.10847,0.64527,0.42093,0.62414,1.26259
2010-06-24,1.06125,1.22547,0.40340,0.93409,0.10350,0.64527,0.42093,0.62414,1.20129
2010-06-25,1.06568,1.22547,0.40671,0.93409,0.10469,0.64527,0.42093,0.62414,1.21061
2010-06-28,1.06233,1.22548,0.40414,0.93410,0.10376,0.64527,0.42093,0.62414,1.19239
2010-06-29,1.02965,1.22548,0.37956,0.93410,0.09494,0.64527,0.42093,0.62414,1.14077
2010-06-30,1.01990,1.22548,0.37246,0.93410,0.09248,0.64527,0.42093,0.62414,1.14077
2010-07-01,1.01537,1.22548,0.36918,0.93410,0.09135,0.64527,0.42093,0.62415,1.14078
2010-07-02,1.00986,1.22548,0.36521,0.93410,0.08999,0.64527,0.42093,0.62415,1.14078
2010-07-06,1.01645,1.22549,0.36985,0.93411,0.09157,0.64528,0.42093,0.62415,1.14079
2010-07-07,1.04835,1.22550,0.39273,0.93411,0.09941,0.64528,0.42093,0.62415,1.14079
2010-07-08,1.05869,1.22550,0.40035,0.93411,0.10210,0.64528,0.42093,0.62415,1.14079
2010-07-09,1.06656,1.22550,0.40622,0.93412,0.10418,0.64528,0.42094,0.62416,1.14079
2010-07-12,1.06725,1.22551,0.40668,0.93412,0.10435,0.64529,0.42094,0.62416,1.14080
2010-07-13,1.08330,1.22551,0.41874,0.93412,0.10868,0.64529,0.42094,0.62416,1.14080
2010-07-14,1.08320,1.22551,0.41865,0.93412,0.10865,0.64529,0.42094,0.62416,1.15026
2010-07-15,1.08349,1.22551,0.41886,0.93412,0.10872,0.64529,0.42094,0.62416,1.15112
2010-07-16,1.05376,1.22551,0.39613,0.93413,0.10045,0.64529,0.42094,0.62416,1.05680
2010-07-19,1.05997,1.22552,0.40068,0.93413,0.10206,0.64529,0.42094,0.62416,1.06726
2010-07-20,1.07168,1.22552,0.40941,0.93413,0.10516,0.64529,0.42094,0.62417,1.06726
2010-07-21,1.05780,1.22552,0.39891,0.93413,0.10139,0.64529,0.42094,0.62417,1.06726
2010-07-22,1.08133,1.22552,0.41642,0.93413,0.10760,0.64530,0.42094,0.62417,1.06726
2010-07-23,1.09068,1.22553,0.42352,0.93414,0.11017,0.64530,0.42094,0.62417,1.10040
2010-07-26,1.10200,1.22553,0.43215,0.93414,0.11332,0.64530,0.42095,0.62417,1.13440
2010-07-27,1.10190,1.21755,0.43205,0.92283,0.11329,0.63387,0.42095,0.62417,1.13403
2010-07-28,1.09482,1.20965,0.42654,0.91074,0.11125,0.62134,0.42095,0.62417,1.11211
2010-07-29,1.08950,1.20372,0.42243,0.90172,0.10975,0.61206,0.42095,0.62417,1.09587
2010-07-30,1.08930,1.19027,0.42226,0.88234,0.10969,0.59248,0.42095,0.62418,1.09521
2010-08-02,1.11382,1.19027,0.44098,0.88234,0.11651,0.59249,0.42095,0.62418,1.16882
2010-08-03,1.10850,1.18640,0.43680,0.87740,0.11496,0.58779,0.41761,0.61923,1.15204
2010-08-04,1.11588,1.19432,0.44254,0.88904,0.11708,0.59946,0.42065,0.63152,1.17495
2010-08-05,1.11470,1.19305,0.44159,0.88712,0.11673,0.59752,0.42693,0.62948,1.17115
2010-08-06,1.11017,1.18820,0.43802,0.87988,0.11540,0.59023,0.42177,0.62180,1.15683
2010-08-09,1.11608,1.19453,0.44258,0.88912,0.11709,0.59951,0.42722,0.63158,1.17505
2010-08-10,1.11007,1.18809,0.43785,0.87952,0.11533,0.58983,0.43077,0.62138,1.15604
2010-08-11,1.07975,1.15559,0.41418,0.83148,0.10655,0.54162,0.41097,0.57059,1.06137
2010-08-12,1.07316,1.13709,0.40917,0.80572,0.10474,0.51677,0.41098,0.54442,1.01258
2010-08-13,1.07001,1.13709,0.40678,0.80572,0.10389,0.51677,0.41098,0.54442,1.01258
2010-08-16,1.06952,1.13709,0.40635,0.80572,0.10374,0.51677,0.41098,0.54442,1.01259
2010-08-17,1.08261,1.13710,0.41616,0.80572,0.10724,0.51678,0.41098,0.54442,1.01259
2010-08-18,1.08458,1.13710,0.41764,0.80572,0.10777,0.51678,0.41098,0.54443,1.01259
2010-08-19,1.06578,1.13710,0.40331,0.80573,0.10259,0.51678,0.41098,0.54443,0.97450
2010-08-20,1.06233,1.13710,0.40072,0.80573,0.10167,0.51678,0.41098,0.54443,0.96504
2010-08-23,1.05829,1.13711,0.39766,0.80573,0.10059,0.51678,0.41098,0.54443,0.96505
2010-08-24,1.04264,1.13711,0.38603,0.80573,0.09649,0.51678,0.41098,0.54443,0.96505
2010-08-25,1.04668,1.13711,0.38896,0.80573,0.09750,0.51678,0.41098,0.54443,0.96505
2010-08-26,1.03969,1.13711,0.38382,0.80573,0.09571,0.51678,0.41098,0.54443,0.96505
2010-08-27,1.05573,1.13711,0.39549,0.80574,0.09975,0.51678,0.41098,0.54443,0.96505
2010-08-30,1.04048,1.13712,0.38416,0.80574,0.09577,0.51679,0.41099,0.54444,0.96506
2010-08-31,1.04048,1.13712,0.38414,0.80574,0.09577,0.51679,0.41099,0.54444,0.96506
2010-09-01,1.07148,1.13712,0.40672,0.80574,0.10358,0.51679,0.41099,0.54444,0.96506
2010-09-02,1.08143,1.13712,0.41416,0.80574,0.10623,0.51679,0.41099,0.54444,0.96506
2010-09-03,1.09541,1.13712,0.42472,0.80574,0.11002,0.51679,0.41099,0.54444,0.96506
2010-09-07,1.08310,1.13713,0.41521,0.80575,0.10657,0.51679,0.40238,0.54444,0.94486
2010-09-08,1.09068,1.13713,0.42094,0.80575,0.10862,0.51679,0.40439,0.54444,0.94957
2010-09-09,1.09570,1.13713,0.42475,0.80575,0.11000,0.51679,0.40439,0.54444,0.92974
2010-09-10,1.10121,1.13713,0.42895,0.80575,0.11153,0.51679,0.40791,0.54444,0.94426
2010-09-13,1.11342,1.13747,0.43830,0.80689,0.11495,0.51814,0.42153,0.54444,0.97668
2010-09-14,1.11273,1.13676,0.43774,0.80583,0.11474,0.51711,0.42071,0.54606,0.97474
2010-09-15,1.11697,1.14114,0.44102,0.81207,0.11595,0.52318,0.42553,0.55225,0.98621
2010-09-16,1.11667,1.14083,0.44077,0.81159,0.11586,0.52271,0.42516,0.55178,0.98534
2010-09-17,1.11709,1.14127,0.44107,0.81217,0.11597,0.52328,0.42562,0.55236,0.98641
2010-09-20,1.13411,1.15890,0.45430,0.83739,0.12088,0.54791,0.44517,0.57747,1.03297
2010-09-21,1.13183,1.15654,0.45248,0.83391,0.12019,0.54447,0.44244,0.57397,1.02647
2010-09-22,1.12629,1.15080,0.44808,0.82552,0.11854,0.53617,0.43585,0.56551,1.01079
2010-09-23,1.11719,1.14137,0.44089,0.81183,0.11586,0.52271,0.42516,0.55178,0.98533
2010-09-24,1.14015,1.16515,0.45879,0.84594,0.12249,0.55599,0.45159,0.58571,1.04825
2010-09-27,1.13470,1.15951,0.45440,0.83757,0.12083,0.54766,0.44498,0.57723,1.03251
2010-09-28,1.13866,1.16362,0.45752,0.84351,0.12200,0.55355,0.44965,0.58323,1.04364
2010-09-29,1.13668,1.16156,0.45592,0.84047,0.12140,0.55053,0.44725,0.58015,1.03794
2010-09-30,1.13332,1.15808,0.45323,0.83535,0.12039,0.54545,0.44322,0.57497,1.02833
2010-10-01,1.13807,1.16300,0.45697,0.84247,0.12179,0.55250,0.44881,0.58216,1.04165
2010-10-04,1.12956,1.15418,0.45015,0.82947,0.11922,0.53960,0.43857,0.56900,1.01726
2010-10-05,1.15222,1.17766,0.46800,0.86348,0.12590,0.57310,0.46518,0.60317,1.08062
2010-10-06,1.15212,1.17756,0.46790,0.86329,0.12586,0.57291,0.46503,0.60298,1.08026
2010-10-07,1.15074,1.17612,0.46676,0.86113,0.12543,0.57075,0.46331,0.60077,1.07616
2010-10-08,1.15717,1.18279,0.47191,0.87093,0.12739,0.58058,0.47112,0.61080,1.09476
2010-10-11,1.15826,1.18392,0.47273,0.87249,0.12770,0.58216,0.47237,0.61241,1.09774
2010-10-12,1.16182,1.18761,0.47558,0.87794,0.12880,0.58766,0.47674,0.61802,1.10814
2010-10-13,1.17083,1.19694,0.48286,0.89180,0.13159,0.60170,0.48789,0.63234,1.13469
2010-10-14,1.16627,1.19222,0.47912,0.88468,0.13015,0.59444,0.48212,0.62493,1.12096
2010-10-15,1.16865,1.19468,0.48103,0.88832,0.13088,0.59814,0.48506,0.62871,1.12796
2010-10-18,1.17439,1.20063,0.48565,0.89712,0.13267,0.60710,0.49218,0.63785,1.14491
2010-10-19,1.15905,1.18473,0.47307,0.87314,0.12778,0.58258,0.47271,0.61284,1.09853
2010-10-20,1.17033,1.19642,0.48216,0.89047,0.13127,0.60007,0.48660,0.63068,1.13161
2010-10-21,1.17291,1.19909,0.48424,0.89443,0.13207,0.60411,0.48980,0.63479,1.13924
2010-10-22,1.17508,1.20134,0.48600,0.89778,0.13276,0.60753,0.49252,0.63829,1.14572
2010-10-25,1.17855,1.20493,0.48877,0.90307,0.13383,0.61295,0.49683,0.64381,1.15596
2010-10-26,1.17875,1.20514,0.48891,0.90334,0.13389,0.61323,0.49705,0.64410,1.15649
2010-10-27,1.17538,1.20165,0.48613,0.89803,0.13281,0.60779,0.49273,0.63855,1.14620
2010-10-28,1.17558,1.20186,0.48627,0.89830,0.13286,0.60806,0.49295,0.63883,1.14672
2010-10-29,1.17647,1.20278,0.48698,0.89965,0.13314,0.60945,0.49405,0.64024,1.14934
2010-11-01,1.17686,1.20319,0.48724,0.90015,0.13324,0.60997,0.49446,0.64077,1.15032
2010-11-02,1.18617,1.21283,0.49485,0.91464,0.13620,0.62482,0.50625,0.65591,1.17840
2010-11-03,1.19092,1.21775,0.49875,0.92208,0.13773,0.63250,0.51235,0.66375,1.19293
2010-11-04,1.21378,1.24143,0.51769,0.95818,0.14518,0.66991,0.54206,0.70190,1.26367
2010-11-05,1.21833,1.24615,0.52152,0.96546,0.14671,0.67761,0.54817,0.70975,1.27822
2010-11-08,1.21606,1.24379,0.51952,0.96166,0.14591,0.67358,0.54498,0.70565,1.27061
2010-11-09,1.20735,1.23477,0.51212,0.94757,0.14294,0.65868,0.53315,0.69045,1.24244
2010-11-10,1.21220,1.23979,0.51618,0.95529,0.14456,0.66679,0.53959,0.69872,1.25778
2010-11-11,1.20764,1.23508,0.51231,0.94793,0.14301,0.65904,0.53343,0.69082,1.24311
2010-11-12,1.19339,1.22031,0.50032,0.92506,0.13823,0.63503,0.51436,0.66634,1.19772
2010-11-15,1.19171,1.21857,0.49885,0.92228,0.13766,0.63215,0.51208,0.66340,1.19227
2010-11-16,1.17320,1.19939,0.48349,0.89300,0.13162,0.60183,0.48800,0.63248,1.13494
2010-11-17,1.17380,1.20001,0.48395,0.89388,0.13180,0.60273,0.48872,0.63340,1.13664
2010-11-18,1.19102,1.21785,0.49799,0.92063,0.13723,0.63000,0.51037,0.66121,1.18821
2010-11-19,1.19428,1.22123,0.50067,0.92574,0.13829,0.63529,0.51457,0.66660,1.19821
2010-11-22,1.19329,1.22021,0.49979,0.92405,0.13794,0.63355,0.51319,0.66483,1.19491
2010-11-23,1.17607,1.20236,0.48548,0.89678,0.13231,0.60531,0.49076,0.63603,1.14151
2010-11-24,1.19339,1.22031,0.49961,0.92372,0.13779,0.63280,0.51259,0.66406,1.19349
2010-11-26,1.17954,1.20595,0.48808,0.90174,0.13326,0.61005,0.49453,0.64087,1.15049
2010-11-29,1.18310,1.20964,0.49094,0.90718,0.13437,0.61563,0.49896,0.64655,1.16102
2010-11-30,1.17647,1.20277,0.48547,0.89676,0.13224,0.60494,0.49047,0.63565,1.14081
2010-12-01,1.20141,1.22861,0.50582,0.93555,0.14012,0.64450,0.52189,0.67599,1.21562
2010-12-02,1.21675,1.24450,0.51859,0.95988,0.14516,0.66983,0.54200,0.70183,1.26351
2010-12-03,1.22002,1.24789,0.52133,0.96510,0.14626,0.67532,0.54636,0.70743,1.27390
2010-12-06,1.21873,1.24655,0.52017,0.96289,0.14580,0.67300,0.54452,0.70506,1.26952
2010-12-07,1.21942,1.24727,0.52073,0.96396,0.14602,0.67414,0.54542,0.70622,1.27166
2010-12-08,1.22388,1.25189,0.52448,0.97110,0.14752,0.68168,0.55141,0.71391,1.28592
2010-12-09,1.22863,1.25681,0.52849,0.97875,0.14914,0.68978,0.55785,0.72217,1.30124
2010-12-10,1.23575,1.26419,0.53454,0.99028,0.15158,0.70205,0.56759,0.73469,1.32444
2010-12-13,1.23654,1.26501,0.53515,0.99144,0.15183,0.70330,0.56858,0.73597,1.32681
2010-12-14,1.23763,1.26614,0.53606,0.99318,0.15220,0.70516,0.57006,0.73786,1.33033
2010-12-15,1.23199,1.26029,0.53120,0.98390,0.15022,0.69523,0.56217,0.72773,1.31155
2010-12-16,1.23912,1.26768,0.53726,0.99546,0.15268,0.70756,0.57197,0.74031,1.33487
2010-12-17,1.24044,1.26905,0.53838,0.99759,0.15313,0.70984,0.57378,0.74264,1.33918
2010-12-20,1.24343,1.27214,0.54088,1.00235,0.15416,0.71497,0.57785,0.74786,1.34887
2010-12-21,1.25129,1.28028,0.54763,1.01522,0.15691,0.72882,0.58885,0.76199,1.37506
2010-12-22,1.25517,1.28430,0.55097,1.02159,0.15829,0.73572,0.59433,0.76903,1.38811
2010-12-23,1.25337,1.28244,0.54939,1.01857,0.15764,0.73245,0.59173,0.76569,1.38192
2010-12-27,1.25387,1.28296,0.54973,1.01922,0.15778,0.73316,0.59230,0.76642,1.38327
2010-12-28,1.25566,1.28481,0.55126,1.02214,0.15841,0.73633,0.59481,0.76965,1.38926
2010-12-29,1.25656,1.28574,0.55202,1.02357,0.15872,0.73790,0.59606,0.77125,1.39223
2010-12-30,1.25457,1.28368,0.55026,1.02023,0.15800,0.73426,0.59317,0.76754,1.38535
2010-12-31,1.25487,1.28399,0.55050,1.02068,0.15810,0.73475,0.59356,0.76804,1.38628
2011-01-03,1.26780,1.29739,0.56167,1.04198,0.16271,0.75789,0.61194,0.79164,1.43003
2011-01-04,1.26710,1.29667,0.56104,1.04077,0.16244,0.75657,0.61088,0.79029,1.42753
2011-01-05,1.27367,1.30347,0.56678,1.05171,0.16483,0.76856,0.62041,0.80252,1.45021
2011-01-06,1.27118,1.30089,0.56456,1.04748,0.16390,0.76390,0.61671,0.79777,1.44140
2011-01-07,1.26870,1.29832,0.56234,1.04325,0.16298,0.75927,0.61303,0.79304,1.43263
2011-01-10,1.26710,1.29667,0.56087,1.04045,0.16237,0.75620,0.61059,0.78991,1.42683
2011-01-11,1.27158,1.30130,0.56478,1.04789,0.16399,0.76436,0.61707,0.79823,1.44226
2011-01-12,1.28302,1.31316,0.57483,1.06705,0.16819,0.78543,0.63381,0.81972,1.48210
2011-01-13,1.28093,1.31099,0.57295,1.06346,0.16740,0.78145,0.63065,0.81567,1.47459
2011-01-14,1.29019,1.32058,0.58113,1.07906,0.17084,0.79873,0.64437,0.83329,1.50726
2011-01-18,1.29238,1.32285,0.58299,1.08259,0.17163,0.80269,0.64751,0.83732,1.51474
2011-01-19,1.27974,1.30975,0.57166,1.06100,0.16682,0.77856,0.62835,0.81272,1.46911
2011-01-20,1.27805,1.30800,0.57013,1.05809,0.16618,0.77535,0.62580,0.80945,1.46305
2011-01-21,1.28093,1.31099,0.57266,1.06291,0.16724,0.78068,0.63003,0.81488,1.47311
2011-01-24,1.28820,1.31851,0.57902,1.07504,0.16992,0.79411,0.64070,0.82858,1.49852
2011-01-25,1.28889,1.31924,0.57962,1.07617,0.17017,0.79538,0.64171,0.82987,1.50092
2011-01-26,1.29387,1.32439,0.58403,1.08458,0.17204,0.80475,0.64915,0.83943,1.51863
2011-01-27,1.29705,1.32769,0.58686,1.08996,0.17324,0.81077,0.65393,0.84557,1.53002
2011-01-28,1.27447,1.30429,0.56656,1.05128,0.16460,0.76742,0.61951,0.80136,1.44805
2011-01-31,1.28402,1.31418,0.57491,1.06719,0.16809,0.78493,0.63342,0.81922,1.48117
2011-02-01,1.30451,1.33542,0.59308,1.10183,0.17574,0.82334,0.66391,0.85839,1.55379
2011-02-02,1.30203,1.33284,0.59081,1.09750,0.17477,0.81847,0.66005,0.85343,1.54459
2011-02-03,1.30491,1.33583,0.59338,1.10240,0.17587,0.82398,0.66443,0.85904,1.55500
2011-02-04,1.30859,1.33964,0.59668,1.10868,0.17728,0.83106,0.67004,0.86626,1.56838
2011-02-07,1.31675,1.34809,0.60398,1.12260,0.18041,0.84679,0.68253,0.88230,1.59812
2011-02-08,1.32272,1.35428,0.60939,1.13290,0.18274,0.85850,0.69183,0.89424,1.62027
2011-02-09,1.31974,1.35119,0.60663,1.12765,0.18155,0.85251,0.68708,0.88813,1.60894
2011-02-10,1.32023,1.35170,0.60706,1.12847,0.18174,0.85344,0.68782,0.88908,1.61070
2011-02-11,1.32809,1.35984,0.61421,1.14208,0.18483,0.86895,0.70014,0.90491,1.64004
2011-02-14,1.33128,1.36314,0.61705,1.14750,0.18607,0.87517,0.70508,0.91125,1.65180
2011-02-15,1.32710,1.35881,0.61318,1.14013,0.18438,0.86671,0.69836,0.90262,1.63579
2011-02-16,1.33546,1.36747,0.62082,1.15468,0.18770,0.88337,0.71159,0.91961,1.66731
2011-02-17,1.33943,1.37159,0.62446,1.16163,0.18929,0.89138,0.71795,0.92778,1.68245
2011-02-18,1.34222,1.37448,0.62702,1.16649,0.19041,0.89700,0.72241,0.93351,1.69308
2011-02-22,1.31536,1.34665,0.60200,1.11882,0.17943,0.84183,0.67860,0.87725,1.58875
2011-02-23,1.30730,1.33830,0.59466,1.10482,0.17627,0.82597,0.66601,0.86108,1.55876
2011-02-24,1.30640,1.33737,0.59382,1.10323,0.17591,0.82418,0.66459,0.85926,1.55538
2011-02-25,1.32033,1.35180,0.60636,1.12712,0.18127,0.85108,0.68594,0.88668,1.60624
2011-02-28,1.32849,1.36025,0.61372,1.14114,0.18445,0.86703,0.69862,0.90295,1.63641
2011-03-01,1.30640,1.33737,0.59344,1.10250,0.17564,0.82282,0.66351,0.85787,1.55281
2011-03-02,1.30919,1.34026,0.59593,1.10724,0.17670,0.82815,0.66774,0.86330,1.56288
2011-03-03,1.33167,1.36355,0.61621,1.14589,0.18538,0.87171,0.70233,0.90772,1.64525
2011-03-04,1.32173,1.35324,0.60704,1.12842,0.18139,0.85171,0.68644,0.88732,1.60742
2011-03-07,1.31138,1.34252,0.59754,1.11030,0.17729,0.83112,0.67010,0.86633,1.56849
2011-03-08,1.32282,1.35438,0.60785,1.12997,0.18171,0.85330,0.68771,0.88895,1.61043
2011-03-09,1.32093,1.35242,0.60610,1.12663,0.18096,0.84951,0.68470,0.88508,1.60327
2011-03-10,1.29655,1.32716,0.58389,1.08429,0.17138,0.80142,0.64651,0.83604,1.51234
2011-03-11,1.30551,1.33644,0.59186,1.09949,0.17475,0.81835,0.65996,0.85331,1.54435
2011-03-14,1.29765,1.32830,0.58472,1.08587,0.17171,0.80310,0.64785,0.83776,1.51551
2011-03-15,1.28282,1.31294,0.57144,1.06057,0.16610,0.77490,0.62546,0.80901,1.46220
2011-03-16,1.25915,1.28841,0.55050,1.02066,0.15734,0.73094,0.59055,0.76418,1.37907
2011-03-17,1.27576,1.30562,0.56488,1.04806,0.16324,0.76055,0.61406,0.79437,1.43505
2011-03-18,1.28039,1.31041,0.56892,1.05576,0.16492,0.76897,0.62075,0.80296,1.45098
2011-03-21,1.30017,1.33091,0.58628,1.08885,0.17216,0.80532,0.64962,0.84003,1.51972
2011-03-22,1.29568,1.32625,0.58223,1.08114,0.17045,0.79673,0.64279,0.83127,1.50347
2011-03-23,1.29937,1.33008,0.58550,1.08737,0.17183,0.80366,0.64829,0.83833,1.51657
2011-03-24,1.31176,1.34292,0.59655,1.10843,0.17650,0.82712,0.66693,0.86226,1.56093
2011-03-25,1.31576,1.34706,0.60014,1.11525,0.17803,0.83480,0.67302,0.87009,1.57545
2011-03-28,1.31256,1.34375,0.59717,1.10960,0.17676,0.82843,0.66797,0.86359,1.56341
2011-03-29,1.32136,1.35286,0.60508,1.12467,0.18014,0.84539,0.68144,0.88089,1.59549
2011-03-30,1.33045,1.36228,0.61332,1.14037,0.18368,0.86317,0.69556,0.89902,1.62911
2011-03-31,1.32865,1.36041,0.61164,1.13719,0.18296,0.85955,0.69268,0.89533,1.62225
2011-04-01,1.33425,1.36621,0.61673,1.14688,0.18516,0.87059,0.70144,0.90658,1.64312
2011-04-04,1.33534,1.36735,0.61766,1.14866,0.18556,0.87263,0.70307,0.90867,1.64699
2011-04-05,1.33515,1.36714,0.61745,1.14826,0.18547,0.87218,0.70271,0.90821,1.64614
2011-04-06,1.33934,1.37149,0.62128,1.15555,0.18714,0.88053,0.70934,0.91672,1.66192
2011-04-07,1.33594,1.36797,0.61813,1.14954,0.18576,0.87363,0.70386,0.90969,1.64889
2011-04-08,1.33135,1.36321,0.61388,1.14145,0.18392,0.86438,0.69651,0.90026,1.63139
2011-04-11,1.32735,1.35906,0.61015,1.13434,0.18231,0.85628,0.69008,0.89200,1.61607
2011-04-12,1.31746,1.34882,0.60110,1.11709,0.17840,0.83668,0.67452,0.87201,1.57901
2011-04-13,1.31736,1.34871,0.60099,1.11687,0.17835,0.83644,0.67433,0.87176,1.57855
2011-04-14,1.31836,1.34975,0.60187,1.11855,0.17873,0.83833,0.67583,0.87370,1.58213
2011-04-15,1.32315,1.35472,0.60619,1.12678,0.18058,0.84763,0.68322,0.88318,1.59972
2011-04-18,1.30837,1.33939,0.59267,1.10102,0.17477,0.81845,0.66004,0.85342,1.54454
2011-04-19,1.31586,1.34716,0.59938,1.11380,0.17763,0.83278,0.67142,0.86803,1.57163
2011-04-20,1.33375,1.36569,0.61552,1.14456,0.18453,0.86743,0.69894,0.90337,1.63716
2011-04-21,1.34054,1.37273,0.62172,1.15637,0.18721,0.88092,0.70965,0.91713,1.66266
2011-04-25,1.33914,1.37128,0.62033,1.15373,0.18661,0.87790,0.70725,0.91405,1.65695
2011-04-26,1.35063,1.38318,0.63087,1.17381,0.19120,0.90092,0.72553,0.93752,1.70048
2011-04-27,1.35943,1.39229,0.63899,1.18930,0.19476,0.91882,0.73975,0.95578,1.73433
2011-04-28,1.36382,1.39685,0.64307,1.19707,0.19656,0.92786,0.74693,0.96500,1.75142
2011-04-29,1.36702,1.40016,0.64604,1.20272,0.19788,0.93446,0.75217,0.97173,1.76391
2011-05-02,1.36492,1.39799,0.64399,1.19882,0.19697,0.92992,0.74856,0.96709,1.75531
2011-05-03,1.36003,1.39291,0.63938,1.19003,0.19493,0.91966,0.74042,0.95663,1.73591
2011-05-04,1.35103,1.38360,0.63096,1.17398,0.19121,0.90100,0.72560,0.93760,1.70063
2011-05-05,1.33884,1.37097,0.61963,1.15240,0.18625,0.87606,0.70579,0.91217,1.65347
2011-05-06,1.34474,1.37707,0.62502,1.16267,0.18859,0.88783,0.71514,0.92417,1.67572
2011-05-09,1.34993,1.38246,0.62974,1.17166,0.19065,0.89818,0.72336,0.93473,1.69530
2011-05-10,1.36142,1.39436,0.64036,1.19189,0.19530,0.92154,0.74191,0.95855,1.73947
2011-05-11,1.34714,1.37956,0.62699,1.16642,0.18940,0.89189,0.71837,0.92832,1.68341
2011-05-12,1.35353,1.38618,0.63287,1.17763,0.19197,0.90480,0.72862,0.94149,1.70782
2011-05-13,1.34314,1.37542,0.62320,1.15920,0.18773,0.88349,0.71169,0.91975,1.66752
2011-05-16,1.33465,1.36662,0.61530,1.14415,0.18429,0.86623,0.69799,0.90215,1.63489
2011-05-17,1.33445,1.36641,0.61509,1.14375,0.18420,0.86578,0.69764,0.90170,1.63404
2011-05-18,1.34634,1.37873,0.62595,1.16443,0.18890,0.88937,0.71636,0.92575,1.67864
2011-05-19,1.34953,1.38204,0.62887,1.17001,0.19018,0.89578,0.72146,0.93229,1.69077
2011-05-20,1.33884,1.37096,0.61896,1.15111,0.18584,0.87401,0.70417,0.91008,1.64959
2011-05-23,1.32335,1.35492,0.60467,1.12388,0.17964,0.84289,0.67946,0.87835,1.59075
2011-05-24,1.32225,1.35378,0.60365,1.12194,0.17920,0.84069,0.67771,0.87611,1.58660
2011-05-25,1.32665,1.35833,0.60761,1.12948,0.18090,0.84921,0.68448,0.88480,1.60271
2011-05-26,1.33275,1.36465,0.61312,1.13999,0.18327,0.86112,0.69393,0.89695,1.62522
2011-05-27,1.33784,1.36993,0.61775,1.14881,0.18527,0.87116,0.70191,0.90718,1.64420
2011-05-31,1.35173,1.38432,0.63038,1.17287,0.19075,0.89866,0.72375,0.93523,1.69621
2011-06-01,1.32146,1.35295,0.60232,1.11941,0.17847,0.83699,0.67477,0.87234,1.57959
2011-06-02,1.32006,1.35150,0.60103,1.11695,0.17792,0.83423,0.67258,0.86952,1.57437
2011-06-03,1.30697,1.33794,0.58918,1.09437,0.17286,0.80882,0.65240,0.84361,1.52633
2011-06-06,1.29318,1.32365,0.57678,1.07073,0.16762,0.78250,0.64681,0.81678,1.47657
2011-06-07,1.29238,1.32282,0.57605,1.06934,0.16731,0.78097,0.64681,0.81522,1.47367
2011-06-08,1.28698,1.31723,0.57126,1.06020,0.16531,0.77092,0.64681,0.80497,1.45466
2011-06-09,1.29677,1.32737,0.57985,1.07659,0.16889,0.78889,0.64681,0.81075,1.48864
2011-06-10,1.27879,1.30874,0.56388,1.04614,0.16219,0.75526,0.64681,0.78645,1.42505
2011-06-13,1.27979,1.30977,0.56468,1.04767,0.16253,0.75694,0.64681,0.79099,1.42823
2011-06-14,1.29598,1.32655,0.57882,1.07462,0.16837,0.78631,0.64681,0.79099,1.48376
2011-06-15,1.27299,1.30273,0.55844,1.03578,0.15984,0.74347,0.64681,0.76783,1.40275
2011-06-16,1.27579,1.30563,0.56085,1.04037,0.16083,0.74845,0.64681,0.76781,1.41216
2011-06-17,1.27959,1.30957,0.56414,1.04663,0.16219,0.75524,0.64681,0.76781,1.42502
2011-06-20,1.28611,1.31633,0.56978,1.05738,0.16452,0.76695,0.64681,0.76781,1.44715
2011-06-21,1.30369,1.33453,0.58519,1.08676,0.17092,0.79909,0.64681,0.76781,1.50792
2011-06-22,1.29585,1.32642,0.57819,1.07342,0.16798,0.78431,0.64681,0.76028,1.47998
2011-06-23,1.29214,1.32257,0.57488,1.06711,0.16659,0.77736,0.64681,0.75374,1.46684
2011-06-24,1.27718,1.30707,0.56166,1.04190,0.16108,0.74969,0.64681,0.75249,1.41451
2011-06-27,1.28852,1.31882,0.57149,1.06063,0.16513,0.77002,0.64681,0.75249,1.45297
2011-06-28,1.30529,1.33620,0.58621,1.08870,0.17125,0.80075,0.64681,0.75249,1.51107
2011-06-29,1.31644,1.34775,0.59612,1.10758,0.17542,0.82169,0.64681,0.76078,1.55066
2011-06-30,1.32899,1.36075,0.60737,1.12902,0.18020,0.84567,0.64681,0.78288,1.59600
2011-07-01,1.34857,1.38104,0.62511,1.16282,0.18779,0.88381,0.67305,0.81802,1.66812
2011-07-05,1.34747,1.37989,0.62399,1.16069,0.18731,0.88139,0.67124,0.81580,1.66356
2011-07-06,1.34908,1.38156,0.62544,1.16346,0.18794,0.88456,0.67361,0.81872,1.66955
2011-07-07,1.36303,1.39602,0.63826,1.18789,0.19352,0.91254,0.69461,0.84450,1.72245
2011-07-08,1.35339,1.38603,0.62928,1.17076,0.18957,0.89274,0.67975,0.82625,1.68500
2011-07-11,1.32899,1.36075,0.60668,1.12770,0.17973,0.84330,0.64265,0.78070,1.59153
2011-07-12,1.32327,1.35482,0.60147,1.11777,0.17750,0.83212,0.63426,0.77040,1.57039
2011-07-13,1.32769,1.35940,0.60543,1.12532,0.17919,0.84060,0.64062,0.77820,1.58641
2011-07-14,1.31855,1.34993,0.59714,1.10951,0.17565,0.82282,0.62728,0.76182,1.55279
2011-07-15,1.32618,1.35783,0.60397,1.12254,0.17855,0.83737,0.63719,0.77524,1.58032
2011-07-18,1.31534,1.34660,0.59410,1.10372,0.17434,0.81624,0.62966,0.75576,1.54036
2011-07-19,1.33662,1.36865,0.61315,1.14003,0.18240,0.85671,0.63947,0.79306,1.61689
2011-07-20,1.33582,1.36782,0.61240,1.13859,0.18207,0.85509,0.63275,0.79156,1.61381
2011-07-21,1.35430,1.38696,0.62918,1.17058,0.18928,0.89128,0.65927,0.82491,1.68225
2011-07-22,1.35520,1.38790,0.62999,1.17212,0.18963,0.89305,0.66057,0.82654,1.68560
2011-07-25,1.34767,1.38010,0.62296,1.15873,0.18658,0.87770,0.64932,0.81240,1.65658
2011-07-26,1.34265,1.37489,0.61833,1.14990,0.18457,0.86764,0.64195,0.80312,1.63754
2011-07-27,1.31524,1.34649,0.59325,1.10210,0.17376,0.81332,0.60215,0.75307,1.53483
2011-07-28,1.31142,1.34254,0.58981,1.09554,0.17230,0.80603,0.60156,0.74636,1.52106
2011-07-29,1.30248,1.33328,0.58181,1.08030,0.16894,0.78914,0.60156,0.72279,1.48910
2011-08-01,1.29696,1.32756,0.57684,1.07084,0.16687,0.77872,0.60156,0.72279,1.46941
2011-08-02,1.26392,1.29333,0.54768,1.01525,0.15473,0.71778,0.60156,0.72279,1.35418
2011-08-03,1.27075,1.29384,0.55352,1.01705,0.15709,0.72005,0.60156,0.72279,1.37665
2011-08-04,1.21140,1.29384,0.50225,1.01705,0.13622,0.72005,0.60156,0.72279,1.17848
2011-08-05,1.20959,1.29384,0.50074,1.01705,0.13564,0.72005,0.60156,0.72279,1.22260
2011-08-08,1.13107,1.29384,0.43631,1.01705,0.11081,0.72005,0.60156,0.72279,1.22260
2011-08-09,1.18349,1.29384,0.47626,1.01705,0.12506,0.72005,0.60156,0.72279,1.22260
2011-08-10,1.13137,1.29384,0.43473,1.01705,0.10962,0.72005,0.60156,0.72279,1.22260
2011-08-11,1.18198,1.29384,0.47316,1.01705,0.12321,0.72005,0.60156,0.72279,1.22260
2011-08-12,1.18991,1.29384,0.47943,1.01705,0.12552,0.72005,0.60156,0.72279,1.22260
2011-08-15,1.21502,1.29384,0.49939,1.01705,0.13292,0.72005,0.60156,0.72279,1.22260
2011-08-16,1.20467,1.29384,0.49095,1.01705,0.12973,0.72005,0.60156,0.72279,1.22260
2011-08-17,1.20548,1.29384,0.49158,1.01705,0.12997,0.72005,0.60156,0.72279,1.22260
2011-08-18,1.15366,1.29384,0.44973,1.01705,0.11427,0.72005,0.60156,0.72279,1.22260
2011-08-19,1.13488,1.29384,0.43523,1.01705,0.10908,0.72005,0.60156,0.72279,1.22260
2011-08-22,1.13579,1.29384,0.43586,1.01705,0.10931,0.72005,0.60156,0.72279,1.22260
2011-08-23,1.17304,1.29384,0.46411,1.01705,0.11924,0.72005,0.60156,0.72279,1.22260
2011-08-24,1.18951,1.29384,0.47698,1.01705,0.12391,0.72005,0.60156,0.72279,1.22260
2011-08-25,1.17144,1.29384,0.46262,1.01705,0.11863,0.72005,0.60156,0.72279,1.22260
2011-08-26,1.18841,1.29384,0.47586,1.01705,0.12342,0.72005,0.60156,0.72279,1.22260
2011-08-29,1.22245,1.29384,0.50278,1.01705,0.13330,0.72005,0.60156,0.72279,1.22260
2011-08-30,1.22566,1.29384,0.50538,1.01705,0.13428,0.72005,0.60156,0.72279,1.22260
2011-08-31,1.23108,1.29384,0.50979,1.01705,0.13595,0.72005,0.60156,0.72279,1.22260
2011-09-01,1.21823,1.29384,0.49923,1.01705,0.13194,0.72005,0.60156,0.72279,1.22260
2011-09-02,1.18720,1.29384,0.47403,1.01705,0.12248,0.72005,0.60156,0.72279,1.22260
2011-09-06,1.17856,1.29384,0.46713,1.01705,0.11996,0.72005,0.60156,0.72279,1.22260
2011-09-07,1.21170,1.29384,0.49310,1.01705,0.12938,0.72005,0.60156,0.72279,1.22260
2011-09-08,1.19915,1.29384,0.48296,1.01705,0.12561,0.72005,0.60156,0.72279,1.22260
2011-09-09,1.16782,1.29384,0.45797,1.01705,0.11640,0.72005,0.60156,0.72279,1.22260
2011-09-12,1.17535,1.29384,0.46375,1.01705,0.11848,0.72005,0.60156,0.72279,1.22260
2011-09-13,1.18610,1.29384,0.47212,1.01705,0.12149,0.72005,0.60156,0.72279,1.22260
2011-09-14,1.20246,1.29384,0.48500,1.01705,0.12618,0.72005,0.60156,0.72279,1.22260
2011-09-15,1.22315,1.29384,0.50150,1.01705,0.13226,0.72005,0.60156,0.72279,1.22260
2011-09-16,1.23037,1.29384,0.50734,1.01705,0.13444,0.72005,0.60156,0.72279,1.22260
2011-09-19,1.21815,1.29384,0.49730,1.01705,0.13067,0.72005,0.60156,0.72279,1.22260
2011-09-20,1.21674,1.29384,0.49614,1.01705,0.13023,0.72005,0.60156,0.72279,1.22260
2011-09-21,1.18101,1.29384,0.46727,1.01705,0.11948,0.72005,0.60156,0.72279,1.22260
2011-09-22,1.14296,1.29384,0.43746,1.01705,0.10872,0.72005,0.60156,0.72279,1.22260
2011-09-23,1.14982,1.29384,0.44264,1.01705,0.11053,0.72005,0.60156,0.72279,1.22260
2011-09-26,1.17707,1.29384,0.46333,1.01705,0.11778,0.72005,0.60156,0.72279,1.22260
2011-09-27,1.19019,1.29384,0.47353,1.01705,0.12144,0.72005,0.60156,0.72279,1.22260
2011-09-28,1.16597,1.29384,0.45444,1.01705,0.11452,0.72005,0.60156,0.72279,1.22260
2011-09-29,1.17515,1.29384,0.46150,1.01705,0.11703,0.72005,0.60156,0.72279,1.22260
2011-09-30,1.14588,1.29384,0.43874,1.01705,0.10889,0.72005,0.60156,0.72279,1.22260
2011-10-03,1.11338,1.29384,0.41408,1.01705,0.10032,0.72005,0.60156,0.72279,1.22260
2011-10-04,1.13771,1.29384,0.43194,1.01705,0.10634,0.72005,0.60156,0.72279,1.22260
2011-10-05,1.15870,1.29384,0.44768,1.01705,0.11176,0.72005,0.60156,0.72279,1.22260
2011-10-06,1.17960,1.29384,0.46363,1.01705,0.11736,0.72005,0.60156,0.72279,1.22260
2011-10-07,1.17172,1.29384,0.45749,1.01705,0.11517,0.72005,0.60156,0.72279,1.22260
2011-10-10,1.21079,1.29384,0.48760,1.01705,0.12584,0.72005,0.60156,0.72279,1.22260
2011-10-11,1.21200,1.29384,0.48855,1.01705,0.12619,0.72005,0.60156,0.72279,1.22260
2011-10-12,1.22260,1.29384,0.49699,1.01705,0.12927,0.72005,0.60156,0.72279,1.22260
2011-10-13,1.22017,1.29384,0.49502,1.01705,0.12855,0.72005,0.60156,0.72279,1.22260
2011-10-14,1.24097,1.29384,0.51170,1.01705,0.13469,0.72005,0.60156,0.72279,1.22260
2011-10-17,1.21735,1.29384,0.49235,1.01705,0.12745,0.72005,0.60156,0.72279,1.22260
2011-10-18,1.24107,1.29384,0.51132,1.01705,0.13441,0.72005,0.60156,0.72279,1.22260
2011-10-19,1.22643,1.29384,0.49936,1.01705,0.12994,0.72005,0.60156,0.72279,1.22260
2011-10-20,1.23178,1.29384,0.50365,1.01705,0.13153,0.72005,0.60156,0.72279,1.22260
2011-10-21,1.25510,1.29384,0.52251,1.01705,0.13852,0.72005,0.60156,0.72279,1.22260
2011-10-24,1.27044,1.29384,0.53510,1.01705,0.14328,0.72005,0.62009,0.72279,1.22260
2011-10-25,1.24581,1.29384,0.51452,1.01705,0.13541,0.72005,0.58370,0.72279,1.16762
2011-10-26,1.25843,1.29384,0.52483,1.01705,0.13927,0.72005,0.60155,0.72279,1.20295
2011-10-27,1.30214,1.29384,0.56092,1.01705,0.15292,0.72005,0.66473,0.72279,1.20295
2011-10-28,1.30183,1.29865,0.56064,1.02553,0.15281,0.72941,0.66423,0.73218,1.21858
2011-10-31,1.27054,1.26748,0.53385,0.97642,0.14236,0.67727,0.61585,0.67985,1.13146
2011-11-01,1.23521,1.23142,0.50442,0.92207,0.13116,0.62133,0.56401,0.62370,1.03800
2011-11-02,1.25530,1.23142,0.52064,0.92207,0.13715,0.62133,0.58897,0.62370,1.03800
2011-11-03,1.27811,1.23142,0.53936,0.92207,0.14417,0.62133,0.60232,0.62370,1.03800
2011-11-04,1.27034,1.23142,0.53284,0.92207,0.14169,0.62133,0.59092,0.62679,1.04314
2011-11-07,1.27821,1.23142,0.53932,0.92207,0.14415,0.62133,0.60219,0.62488,1.03997
2011-11-08,1.29456,1.23142,0.55298,0.92207,0.14936,0.62133,0.62605,0.63849,1.06262
2011-11-09,1.24692,1.21361,0.51261,0.89627,0.13376,0.59554,0.55464,0.56662,0.94301
2011-11-10,1.25863,1.22816,0.52213,0.91802,0.13729,0.61691,0.57080,0.58895,0.98016
2011-11-11,1.28225,1.22816,0.54152,0.91802,0.14455,0.61691,0.60405,0.58895,0.98016
2011-11-14,1.27014,1.21992,0.53131,0.90647,0.14067,0.60557,0.58625,0.57812,0.96213
2011-11-15,1.27640,1.21594,0.53648,0.90145,0.14262,0.60084,0.59519,0.58657,0.95462
2011-11-16,1.25621,1.21594,0.51964,0.90145,0.13623,0.60084,0.56594,0.55891,0.93710
2011-11-17,1.23632,1.21594,0.50333,0.90145,0.13015,0.60084,0.53807,0.55530,0.93118
2011-11-18,1.23501,1.21594,0.50225,0.90145,0.12975,0.60084,0.54286,0.55530,0.93118
2011-11-21,1.21159,1.21594,0.48333,0.90145,0.12282,0.60084,0.54286,0.55530,0.93118
2011-11-22,1.20685,1.21594,0.47957,0.90145,0.12147,0.60084,0.54286,0.55530,0.93118
2011-11-23,1.18030,1.21594,0.45867,0.90145,0.11399,0.60084,0.54286,0.55530,0.93118
2011-11-25,1.17808,1.21594,0.45693,0.90145,0.11339,0.60084,0.54286,0.55530,0.93118
2011-11-28,1.21210,1.21594,0.48297,0.90145,0.12247,0.60084,0.54286,0.55530,0.93118
2011-11-29,1.21553,1.21594,0.48566,0.90145,0.12344,0.60084,0.54286,0.55530,0.93118
2011-11-30,1.26539,1.21594,0.52507,0.90145,0.13760,0.60084,0.54286,0.55530,0.93118
2011-12-01,1.26519,1.21594,0.52489,0.90145,0.13754,0.60084,0.54388,0.55634,0.93118
2011-12-02,1.26408,1.21594,0.52395,0.90145,0.13719,0.60084,0.54242,0.55485,0.93118
2011-12-05,1.27781,1.21594,0.53516,0.90145,0.14137,0.60084,0.56001,0.57284,0.93118
2011-12-06,1.27821,1.21526,0.53548,0.90127,0.14149,0.60094,0.56051,0.57336,0.93134
2011-12-07,1.28296,1.21979,0.53939,0.90794,0.14296,0.60763,0.56672,0.57971,0.94170
2011-12-08,1.25490,1.19302,0.51599,0.86806,0.13412,0.56758,0.52949,0.54162,0.87964
2011-12-09,1.27609,1.19726,0.53324,0.87507,0.14049,0.57473,0.55630,0.54841,0.89071
2011-12-12,1.25752,1.18911,0.51779,0.86387,0.13469,0.56397,0.53191,0.53816,0.87406
2011-12-13,1.24581,1.19414,0.50822,0.87193,0.13115,0.57206,0.51702,0.52344,0.88658
2011-12-14,1.23259,1.19414,0.49752,0.87193,0.12723,0.57206,0.50052,0.51686,0.88658
2011-12-15,1.23703,1.19414,0.50105,0.87193,0.12851,0.57206,0.50590,0.51686,0.88658
2011-12-16,1.23886,1.19414,0.50250,0.87193,0.12904,0.57206,0.50812,0.51686,0.88658
2011-12-19,1.22565,1.19414,0.49183,0.87193,0.12516,0.57206,0.49179,0.51686,0.88658
2011-12-20,1.26263,1.19414,0.52119,0.87193,0.13573,0.57206,0.53628,0.51686,0.88658
2011-12-21,1.26507,1.19414,0.52316,0.87193,0.13646,0.57206,0.53936,0.51934,0.88658
2011-12-22,1.27624,1.19414,0.53229,0.87193,0.13985,0.57206,0.55363,0.53313,0.88658
2011-12-23,1.28762,1.19986,0.54167,0.88108,0.14337,0.58134,0.56841,0.54741,0.90096
2011-12-27,1.28863,1.20081,0.54244,0.88234,0.14366,0.58261,0.56963,0.54859,0.90293
2011-12-28,1.27177,1.18499,0.52835,0.85899,0.13833,0.55940,0.54723,0.52695,0.86697
2011-12-29,1.28487,1.19729,0.53911,0.87683,0.14235,0.57690,0.56412,0.54327,0.87475
2011-12-30,1.27858,1.19138,0.53385,0.86812,0.14037,0.56827,0.55579,0.53522,0.86305
2012-01-03,1.29889,1.21044,0.55058,0.89584,0.14664,0.59560,0.58218,0.56071,0.90405
2012-01-04,1.30092,1.21234,0.55226,0.89863,0.14728,0.59840,0.58488,0.56332,0.90825
2012-01-05,1.30438,1.21558,0.55515,0.90341,0.14838,0.60319,0.58951,0.56779,0.91544
2012-01-06,1.30102,1.21244,0.55230,0.89868,0.14729,0.59845,0.58493,0.56336,0.90833
2012-01-09,1.30417,1.21539,0.55488,0.90297,0.14828,0.60275,0.58908,0.56738,0.91478
2012-01-10,1.31545,1.22597,0.56437,0.91869,0.15190,0.61855,0.60434,0.58211,0.93849
2012-01-11,1.31616,1.22664,0.56495,0.91966,0.15213,0.61953,0.60529,0.58303,0.93996
2012-01-12,1.31931,1.22959,0.56761,0.92406,0.15315,0.62400,0.60960,0.58720,0.94667
2012-01-13,1.31250,1.22321,0.56178,0.91440,0.15090,0.61419,0.60013,0.57805,0.93195
2012-01-17,1.31758,1.22797,0.56600,0.92139,0.15253,0.62127,0.60697,0.58465,0.94258
2012-01-18,1.33211,1.24160,0.57835,0.94186,0.15729,0.64204,0.62702,0.60402,0.97374
2012-01-19,1.33912,1.24817,0.58436,0.95182,0.15964,0.65226,0.63689,0.61356,0.98908
2012-01-20,1.34409,1.25284,0.58865,0.95892,0.16132,0.65958,0.64396,0.62039,1.00007
2012-01-23,1.34064,1.24960,0.58557,0.95383,0.16011,0.65432,0.63888,0.61548,0.99218
2012-01-24,1.33912,1.24817,0.58423,0.95161,0.15959,0.65203,0.63667,0.61334,0.98874
2012-01-25,1.35029,1.25865,0.59388,0.96759,0.16337,0.66851,0.65258,0.62872,1.01347
2012-01-26,1.34338,1.25217,0.58783,0.95756,0.16098,0.65809,0.64252,0.61900,0.99783
2012-01-27,1.34277,1.25160,0.58727,0.95665,0.16076,0.65715,0.64161,0.61812,0.99642
2012-01-30,1.33820,1.24731,0.58324,0.94995,0.15918,0.65024,0.63495,0.61168,0.98606
2012-01-31,1.33769,1.24684,0.58277,0.94919,0.15900,0.64946,0.63419,0.61095,0.98488
2012-02-01,1.34938,1.25779,0.59284,0.96588,0.16294,0.66664,0.65078,0.62697,1.01066
2012-02-02,1.35151,1.25980,0.59468,0.96892,0.16366,0.66980,0.65383,0.62992,1.01540
2012-02-03,1.37040,1.27752,0.61114,0.99621,0.17017,0.69818,0.68123,0.65639,1.05799
2012-02-06,1.36949,1.27666,0.61026,0.99474,0.16982,0.69664,0.67975,0.65496,1.05569
2012-02-07,1.37294,1.27990,0.61329,0.99976,0.17104,0.70193,0.68486,0.65989,1.06362
2012-02-08,1.37701,1.28371,0.61686,1.00569,0.17247,0.70819,0.69090,0.66573,1.07302
2012-02-09,1.37873,1.28533,0.61837,1.00819,0.17308,0.71084,0.69346,0.66821,1.07700
2012-02-10,1.36857,1.27580,0.60931,0.99316,0.16943,0.69492,0.67808,0.65335,1.05310
2012-02-13,1.37873,1.28533,0.61820,1.00791,0.17299,0.71044,0.69307,0.66783,1.07639
2012-02-14,1.37701,1.28371,0.61664,1.00532,0.17236,0.70770,0.69043,0.66527,1.07228
2012-02-15,1.37061,1.27771,0.61093,0.99585,0.17006,0.69768,0.68075,0.65593,1.05725
2012-02-16,1.38574,1.29191,0.62429,1.01799,0.17541,0.72101,0.70328,0.67769,1.09226
2012-02-17,1.38940,1.29534,0.62753,1.02336,0.17673,0.72674,0.70881,0.68303,1.10085
2012-02-21,1.39001,1.29591,0.62797,1.02410,0.17691,0.72753,0.70958,0.68377,1.10205
2012-02-22,1.38554,1.29172,0.62394,1.01741,0.17527,0.72040,0.70269,0.67712,1.09134
2012-02-23,1.39163,1.29743,0.62936,1.02639,0.17747,0.72997,0.71193,0.68604,1.10570
2012-02-24,1.39468,1.30029,0.63207,1.03088,0.17857,0.73477,0.71657,0.69052,1.11290
2012-02-27,1.39702,1.30248,0.63409,1.03424,0.17940,0.73837,0.72004,0.69388,1.11831
2012-02-28,1.40108,1.30630,0.63773,1.04026,0.18088,0.74484,0.72629,0.69992,1.12801
2012-02-29,1.39559,1.30115,0.63274,1.03200,0.17884,0.73595,0.71771,0.69163,1.11468
2012-03-01,1.40281,1.30792,0.63921,1.04271,0.18148,0.74744,0.72880,0.70234,1.13192
2012-03-02,1.39854,1.30391,0.63532,1.03627,0.17989,0.74051,0.72211,0.69588,1.12151
2012-03-05,1.39285,1.29858,0.63011,1.02764,0.17776,0.73125,0.71316,0.68724,1.10762
2012-03-06,1.37254,1.27952,0.61185,0.99737,0.17033,0.69886,0.68189,0.65703,1.05902
2012-03-07,1.38208,1.28848,0.62027,1.01132,0.17371,0.71357,0.69610,0.67075,1.08109
2012-03-08,1.39580,1.30134,0.63245,1.03152,0.17862,0.73500,0.71679,0.69074,1.11325
2012-03-09,1.40118,1.30639,0.63727,1.03950,0.18059,0.74355,0.72505,0.69872,1.12609
2012-03-12,1.40128,1.30648,0.63728,1.03952,0.18059,0.74359,0.72508,0.69875,1.12614
2012-03-13,1.42647,1.33012,0.66000,1.07716,0.18988,0.78407,0.76418,0.73651,1.18689
2012-03-14,1.42495,1.32869,0.65857,1.07480,0.18929,0.78149,0.76168,0.73410,1.18302
2012-03-15,1.43318,1.33641,0.66609,1.08727,0.19242,0.79512,0.77484,0.74682,1.20347
2012-03-16,1.43516,1.33826,0.66789,1.09025,0.19317,0.79840,0.77801,0.74988,1.20839
2012-03-19,1.44077,1.34353,0.67299,1.09870,0.19531,0.80772,0.78701,0.75857,1.22238
2012-03-20,1.43659,1.33960,0.66909,1.09223,0.19367,0.80057,0.78010,0.75190,1.21164
2012-03-21,1.43424,1.33740,0.66689,1.08858,0.19275,0.79656,0.77623,0.74816,1.20563
2012-03-22,1.42393,1.32773,0.65734,1.07277,0.18876,0.77917,0.75944,0.73194,1.17953
2012-03-23,1.42853,1.33204,0.66153,1.07970,0.19049,0.78674,0.76675,0.73900,1.19089
2012-03-26,1.44852,1.35080,0.67983,1.11003,0.19812,0.81997,0.79884,0.77000,1.24077
2012-03-27,1.44403,1.34659,0.67562,1.10305,0.19634,0.81223,0.79136,0.76277,1.22914
2012-03-28,1.43689,1.33989,0.66895,1.09201,0.19354,0.80001,0.77956,0.75138,1.21081
2012-03-29,1.43444,1.33759,0.66666,1.08821,0.19258,0.79583,0.77553,0.74748,1.20454
2012-03-30,1.44036,1.34314,0.67210,1.09721,0.19485,0.80573,0.78509,0.75672,1.21940
2012-04-02,1.45087,1.35300,0.68175,1.11321,0.19891,0.82340,0.80215,0.77320,1.24591
2012-04-03,1.44495,1.34745,0.67620,1.10401,0.19656,0.81318,0.79228,0.76367,1.23058
2012-04-04,1.43067,1.33405,0.66290,1.08197,0.19096,0.78878,0.76872,0.74091,1.19396
2012-04-05,1.42995,1.33338,0.66221,1.08083,0.19068,0.78754,0.76753,0.73975,1.19210
2012-04-09,1.41394,1.31835,0.64737,1.05624,0.18450,0.76062,0.74153,0.71464,1.15171
2012-04-10,1.39027,1.29615,0.62583,1.02054,0.17564,0.72198,0.70422,0.67860,1.09372
2012-04-11,1.40149,1.30668,0.63583,1.03711,0.17968,0.73961,0.72125,0.69504,1.12018
2012-04-12,1.41975,1.32381,0.65225,1.06432,0.18638,0.76879,0.74942,0.72226,1.16396
2012-04-13,1.40292,1.30802,0.63687,1.03883,0.18003,0.74112,0.72270,0.69645,1.12243
2012-04-16,1.40200,1.30716,0.63596,1.03733,0.17966,0.73951,0.72115,0.69495,1.12003
2012-04-17,1.42271,1.32658,0.65458,1.06819,0.18725,0.77259,0.75309,0.72581,1.16967
2012-04-18,1.41792,1.32209,0.65018,1.06088,0.18543,0.76466,0.74543,0.71841,1.15776
2012-04-19,1.40884,1.31357,0.64188,1.04714,0.18201,0.74977,0.73105,0.70452,1.13542
2012-04-20,1.41118,1.31577,0.64398,1.05061,0.18287,0.75351,0.73467,0.70801,1.14104
2012-04-23,1.39935,1.30467,0.63318,1.03271,0.17845,0.73422,0.71604,0.69002,1.11209
2012-04-24,1.40465,1.30964,0.63791,1.04056,0.18037,0.74262,0.72415,0.69785,1.12469
2012-04-25,1.42383,1.32764,0.65518,1.06918,0.18742,0.77332,0.75380,0.72649,1.17077
2012-04-26,1.43373,1.33692,0.66419,1.08412,0.19115,0.78957,0.76949,0.74164,1.19515
2012-04-27,1.43608,1.33912,0.66632,1.08765,0.19203,0.79344,0.77322,0.74525,1.20095
2012-04-30,1.43077,1.33414,0.66135,1.07941,0.18996,0.78442,0.76451,0.73684,1.18741
2012-05-01,1.43965,1.34247,0.66947,1.09286,0.19334,0.79912,0.77871,0.75055,1.20947
2012-05-02,1.43536,1.33845,0.66549,1.08626,0.19167,0.79186,0.77170,0.74378,1.19859
2012-05-03,1.42444,1.32821,0.65541,1.06956,0.18747,0.77357,0.75403,0.72672,1.17113
2012-05-04,1.40149,1.30668,0.63441,1.03475,0.17879,0.73574,0.71751,0.69143,1.11436
2012-05-07,1.40251,1.30763,0.63525,1.03614,0.17914,0.73723,0.71895,0.69283,1.11661
2012-05-08,1.39690,1.30237,0.63018,1.02774,0.17707,0.72824,0.71027,0.68444,1.10312
2012-05-09,1.38863,1.29462,0.62275,1.01543,0.17407,0.71514,0.69762,0.67222,1.08345
2012-05-10,1.39149,1.29730,0.62527,1.01960,0.17508,0.71956,0.70188,0.67634,1.09009
2012-05-11,1.38731,1.29337,0.62151,1.01338,0.17357,0.71295,0.69551,0.67018,1.08018
2012-05-14,1.37200,1.27902,0.60783,0.99070,0.16806,0.68897,0.67235,0.64781,1.04419
2012-05-15,1.36415,1.27165,0.60089,0.97921,0.16531,0.67696,0.67036,0.63661,1.02617
2012-05-16,1.35895,1.26676,0.59632,0.97163,0.16350,0.66909,0.67036,0.62926,1.01435
2012-05-17,1.33885,1.24791,0.57880,0.94260,0.15660,0.63901,0.67036,0.60121,0.96922
2012-05-18,1.32742,1.23719,0.56898,0.92632,0.15279,0.62242,0.67036,0.58573,0.94431
2012-05-21,1.35017,1.25853,0.58825,0.95825,0.16020,0.65471,0.67036,0.59085,0.99277
2012-05-22,1.35252,1.26073,0.59025,0.96157,0.16099,0.65812,0.67036,0.58877,0.99790
2012-05-23,1.35323,1.26140,0.59084,0.96255,0.16122,0.65914,0.67036,0.58968,0.99942
2012-05-24,1.35588,1.26389,0.59312,0.96632,0.16211,0.66302,0.67036,0.59315,1.00525
2012-05-25,1.35150,1.25978,0.58928,0.95997,0.16061,0.65647,0.67036,0.58730,0.99542
2012-05-29,1.36782,1.27509,0.60330,0.98320,0.16609,0.68038,0.67036,0.60868,1.03130
2012-05-30,1.34803,1.25652,0.58596,0.95446,0.15923,0.65047,0.67036,0.58193,0.98641
2012-05-31,1.34507,1.25375,0.58338,0.95019,0.15823,0.64610,0.67036,0.57802,0.97985
2012-06-01,1.31130,1.22207,0.55431,0.90201,0.14692,0.59681,0.67036,0.55008,0.90589
2012-06-04,1.31069,1.22149,0.55373,0.90104,0.14670,0.59586,0.67036,0.55008,0.90447
2012-06-05,1.32058,1.23078,0.56199,0.91474,0.14983,0.60950,0.67036,0.55008,0.92493
2012-06-06,1.35017,1.25853,0.58693,0.95607,0.15934,0.65094,0.67036,0.55008,0.98713
2012-06-07,1.35099,1.25930,0.58761,0.95720,0.15960,0.65210,0.67036,0.53176,0.98886
2012-06-08,1.36170,1.26935,0.59683,0.97247,0.16320,0.66776,0.67036,0.54486,1.01236
2012-06-11,1.34446,1.25317,0.58176,0.94750,0.15728,0.64198,0.67036,0.52328,0.97367
2012-06-12,1.35986,1.26762,0.59496,0.96937,0.16240,0.66427,0.67036,0.52746,1.00713
2012-06-13,1.35119,1.25949,0.58741,0.95686,0.15944,0.65138,0.67036,0.52146,0.98778
2012-06-14,1.36548,1.27289,0.59970,0.97723,0.16423,0.67224,0.67036,0.53787,1.01909
2012-06-15,1.37940,1.28595,0.61181,0.99730,0.16899,0.69301,0.67036,0.55421,1.05025
2012-06-18,1.38207,1.28845,0.61408,1.00106,0.16990,0.69695,0.67036,0.55731,1.05617
2012-06-19,1.39540,1.30096,0.62581,1.02050,0.17457,0.71730,0.67036,0.57332,1.08671
2012-06-20,1.39314,1.29884,0.62377,1.01712,0.17375,0.71374,0.66627,0.57052,1.08137
2012-06-21,1.36197,1.26960,0.59604,0.97117,0.16262,0.66526,0.62134,0.53238,1.00861
2012-06-22,1.37243,1.27941,0.60510,0.98618,0.16617,0.68073,0.63045,0.54455,1.03182
2012-06-25,1.35048,1.25882,0.58583,0.95424,0.15857,0.64757,0.63045,0.51846,0.98207
2012-06-26,1.35725,1.26517,0.59163,0.96385,0.16082,0.65739,0.63045,0.52243,0.99680
2012-06-27,1.36945,1.27662,0.60215,0.98129,0.16493,0.67529,0.63045,0.53080,1.02367
2012-06-28,1.36556,1.27296,0.59873,0.97562,0.16358,0.66942,0.63045,0.52617,1.01486
2012-06-29,1.39950,1.30481,0.62823,1.02451,0.17516,0.71988,0.63045,0.56591,1.09058
2012-07-02,1.40371,1.30875,0.63190,1.03059,0.17663,0.72632,0.63015,0.57098,1.10024
2012-07-03,1.41294,1.31741,0.64012,1.04421,0.17995,0.74076,0.64269,0.58235,1.12190
2012-07-05,1.40658,1.31144,0.63435,1.03464,0.17761,0.73056,0.63384,0.57432,1.10661
2012-07-06,1.39325,1.29894,0.62239,1.01482,0.17278,0.70952,0.61557,0.55775,1.07503
2012-07-09,1.39150,1.29730,0.62076,1.01213,0.17213,0.70670,0.61312,0.55553,1.07081
2012-07-10,1.37940,1.28595,0.61002,0.99433,0.16785,0.68802,0.62198,0.54082,1.04277
2012-07-11,1.37961,1.28614,0.61018,0.99459,0.16791,0.68829,0.62198,0.54103,1.04317
2012-07-12,1.37294,1.27989,0.60430,0.98485,0.16558,0.67816,0.62198,0.53305,1.02797
2012-07-13,1.39591,1.30144,0.62434,1.01806,0.17347,0.71255,0.62198,0.56014,1.07958
2012-07-16,1.39263,1.29836,0.62135,1.01310,0.17228,0.70734,0.62114,0.55604,1.07176
2012-07-17,1.40217,1.30731,0.62977,1.02705,0.17564,0.72199,0.62793,0.56757,1.09375
2012-07-18,1.41253,1.31702,0.63897,1.04231,0.17934,0.73812,0.64566,0.58028,1.11796
2012-07-19,1.41622,1.32049,0.64226,1.04776,0.18068,0.74393,0.65066,0.58485,1.12667
2012-07-20,1.40330,1.30836,0.63060,1.02843,0.17594,0.72331,0.63288,0.56861,1.09572
2012-07-23,1.38914,1.29509,0.61790,1.00738,0.17084,0.70106,0.61370,0.55109,1.06233
2012-07-24,1.37725,1.28393,0.60737,0.98994,0.16665,0.68280,0.61446,0.53671,1.03494
2012-07-25,1.37756,1.28422,0.60762,0.99034,0.16675,0.68322,0.61446,0.53704,1.03558
2012-07-26,1.40022,1.30548,0.62743,1.02317,0.17456,0.71729,0.61446,0.56387,1.08670
2012-07-27,1.42596,1.32963,0.65029,1.06107,0.18373,0.75724,0.63806,0.59533,1.14665
2012-07-30,1.42596,1.32963,0.65021,1.06093,0.18370,0.75711,0.63794,0.59523,1.14644
2012-07-31,1.41601,1.32029,0.64118,1.04596,0.18001,0.74105,0.62430,0.58258,1.12235
2012-08-01,1.41478,1.31914,0.64004,1.04408,0.17956,0.73905,0.62261,0.58101,1.11935
2012-08-02,1.40504,1.31000,0.63127,1.02954,0.17601,0.72358,0.60946,0.56882,1.09613
2012-08-03,1.43283,1.33607,0.65602,1.07057,0.18595,0.76694,0.64630,0.60297,1.16120
2012-08-06,1.43560,1.33867,0.65846,1.07460,0.18695,0.77130,0.65000,0.60640,1.16774
2012-08-07,1.44278,1.34540,0.66497,1.08539,0.18963,0.78294,0.65989,0.61557,1.18521
2012-08-08,1.44452,1.34704,0.66654,1.08799,0.19027,0.78576,0.66228,0.61779,1.18944
2012-08-09,1.44575,1.34819,0.66764,1.08981,0.19073,0.78774,0.66397,0.61935,1.19242
2012-08-10,1.44811,1.35040,0.66977,1.09335,0.19161,0.79159,0.66723,0.62238,1.19819
2012-08-13,1.44739,1.34973,0.66903,1.09211,0.19131,0.79026,0.66610,0.62133,1.19620
2012-08-14,1.44760,1.34992,0.66919,1.09238,0.19137,0.79055,0.66635,0.62156,1.19663
2012-08-15,1.44924,1.35146,0.67066,1.09483,0.19198,0.79322,0.66862,0.62366,1.20064
2012-08-16,1.45991,1.36147,0.68044,1.11102,0.19603,0.81086,0.68361,0.63756,1.22711
2012-08-17,1.46185,1.36330,0.68221,1.11397,0.19677,0.81409,0.68635,0.64010,1.23196
2012-08-20,1.46196,1.36339,0.68222,1.11398,0.19678,0.81412,0.68637,0.64013,1.23201
2012-08-21,1.45755,1.35925,0.67811,1.10716,0.19506,0.80663,0.68001,0.63423,1.22077
2012-08-22,1.45816,1.35983,0.67865,1.10806,0.19529,0.80762,0.68085,0.63500,1.22225
2012-08-23,1.44627,1.34867,0.66762,1.08978,0.19070,0.78760,0.66385,0.61924,1.19222
2012-08-24,1.45498,1.35685,0.67558,1.10298,0.19399,0.80194,0.67603,0.63054,1.21373
2012-08-27,1.45529,1.35714,0.67578,1.10331,0.19407,0.80231,0.67634,0.63083,1.21429
2012-08-28,1.45385,1.35579,0.67443,1.10107,0.19351,0.79987,0.67427,0.62890,1.21062
2012-08-29,1.45498,1.35685,0.67544,1.10274,0.19393,0.80170,0.67582,0.63034,1.21337
2012-08-30,1.44452,1.34704,0.66577,1.08671,0.18991,0.78419,0.66095,0.61655,1.18709
2012-08-31,1.45139,1.35348,0.67203,1.09709,0.19250,0.79545,0.67051,0.62542,1.20398
2012-09-04,1.45006,1.35223,0.67069,1.09487,0.19195,0.79304,0.66847,0.62353,1.20038
2012-09-05,1.44883,1.35108,0.66953,1.09295,0.19147,0.79096,0.66670,0.62188,1.19725
2012-09-06,1.47816,1.37859,0.69642,1.13751,0.20259,0.83943,0.70787,0.66006,1.26999
2012-09-07,1.48390,1.38398,0.70177,1.14637,0.20484,0.84926,0.71622,0.66780,1.28474
2012-09-10,1.47549,1.37609,0.69378,1.13313,0.20146,0.83453,0.70371,0.65620,1.26264
2012-09-11,1.47960,1.37994,0.69758,1.13943,0.20307,0.84151,0.70964,0.66169,1.27311
2012-09-12,1.48452,1.38455,0.70216,1.14702,0.20500,0.84994,0.71680,0.66833,1.28576
2012-09-13,1.50708,1.40572,0.72333,1.18210,0.21396,0.88901,0.74999,0.69910,1.34439
2012-09-14,1.51375,1.41197,0.72966,1.19259,0.21668,0.90086,0.76006,0.70843,1.36218
2012-09-17,1.50862,1.40716,0.72465,1.18429,0.21453,0.89146,0.75207,0.70103,1.34807
2012-09-18,1.50739,1.40601,0.72345,1.18230,0.21401,0.88921,0.75015,0.69926,1.34469
2012-09-19,1.50821,1.40678,0.72420,1.18354,0.21433,0.89062,0.75135,0.70037,1.34681
2012-09-20,1.50831,1.40687,0.72427,1.18365,0.21436,0.89075,0.75146,0.70047,1.34700
2012-09-21,1.50768,1.40628,0.72363,1.18261,0.21409,0.88957,0.75046,0.69954,1.34523
2012-09-24,1.50541,1.40415,0.72138,1.17887,0.21313,0.88536,0.74689,0.69623,1.33891
2012-09-25,1.48943,1.38916,0.70613,1.15360,0.20659,0.85685,0.72267,0.67378,1.29613
2012-09-26,1.48108,1.38133,0.69824,1.14052,0.20324,0.84225,0.71027,0.66228,1.27422
2012-09-27,1.49500,1.39439,0.71124,1.16207,0.20873,0.86617,0.73059,0.68112,1.31012
2012-09-28,1.48809,1.38791,0.70468,1.15120,0.20593,0.85400,0.72025,0.67153,1.29186
2012-10-01,1.49201,1.39158,0.70828,1.15716,0.20746,0.86066,0.72590,0.67677,1.30185
2012-10-02,1.49356,1.39303,0.70971,1.15953,0.20807,0.86331,0.72816,0.67886,1.30583
2012-10-03,1.49964,1.39874,0.71542,1.16900,0.21050,0.87391,0.73716,0.68721,1.32173
2012-10-04,1.51036,1.40880,0.72556,1.18579,0.21483,0.89278,0.75319,0.70207,1.35005
2012-10-05,1.51046,1.40889,0.72562,1.18590,0.21486,0.89291,0.75330,0.70217,1.35024
2012-10-08,1.50531,1.40406,0.72061,1.17760,0.21271,0.88352,0.74532,0.69478,1.33616
2012-10-09,1.49046,1.39013,0.70646,1.15414,0.20664,0.85708,0.72287,0.67396,1.29649
2012-10-10,1.48098,1.38123,0.69750,1.13929,0.20284,0.84052,0.70879,0.66091,1.27162
2012-10-11,1.48180,1.38201,0.69824,1.14052,0.20315,0.84188,0.70995,0.66199,1.27368
2012-10-12,1.47696,1.37746,0.69367,1.13295,0.20123,0.83349,0.70283,0.65538,1.26109
2012-10-15,1.48923,1.38897,0.70503,1.15178,0.20601,0.85432,0.72051,0.67178,1.29233
2012-10-16,1.50428,1.40309,0.71916,1.17519,0.21199,0.88042,0.74269,0.69233,1.33150
2012-10-17,1.51108,1.40947,0.72559,1.18585,0.21475,0.89242,0.75289,0.70179,1.34952
2012-10-18,1.50717,1.40580,0.72182,1.17961,0.21313,0.88537,0.74689,0.69623,1.33893
2012-10-19,1.48211,1.38229,0.69795,1.14004,0.20289,0.84075,0.70899,0.66110,1.27198
2012-10-22,1.48232,1.38249,0.69806,1.14022,0.20294,0.84096,0.70917,0.66126,1.27229
2012-10-23,1.46180,1.36324,0.67883,1.10836,0.19484,0.80565,0.67918,0.63346,1.21931
2012-10-24,1.45768,1.35937,0.67500,1.10201,0.19325,0.79872,0.67328,0.62799,1.20890
2012-10-25,1.46190,1.36334,0.67886,1.10840,0.19485,0.80569,0.67921,0.63348,1.21936
2012-10-26,1.46108,1.36256,0.67807,1.10709,0.19452,0.80426,0.67799,0.63236,1.21722
2012-10-31,1.46108,1.36256,0.67793,1.10685,0.19447,0.80402,0.67779,0.63217,1.21686
2012-11-01,1.47634,1.37688,0.69196,1.13011,0.20029,0.82941,0.69936,0.65217,1.25497
2012-11-02,1.46325,1.36459,0.67974,1.10986,0.19517,0.80708,0.68039,0.63458,1.22145
2012-11-05,1.46624,1.36740,0.68241,1.11429,0.19628,0.81194,0.68451,0.63840,1.22874
2012-11-06,1.47768,1.37813,0.69296,1.13177,0.20068,0.83109,0.70078,0.65348,1.25748
2012-11-07,1.44427,1.34680,0.66182,1.08016,0.18761,0.77413,0.65239,0.60863,1.17200
2012-11-08,1.42695,1.33055,0.64603,1.05399,0.18114,0.74594,0.65147,0.58643,1.12971
2012-11-09,1.42819,1.33171,0.64711,1.05579,0.18158,0.74786,0.65147,0.58794,1.13258
2012-11-12,1.42933,1.33277,0.64805,1.05734,0.18196,0.74953,0.65147,0.58926,1.13509
2012-11-13,1.42438,1.32813,0.64357,1.04992,0.18015,0.74162,0.65147,0.58303,1.12321
2012-11-14,1.40520,1.31014,0.62634,1.02137,0.17319,0.71130,0.65147,0.58784,1.07772
2012-11-15,1.40283,1.30936,0.62422,1.02114,0.17235,0.71140,0.65147,0.58784,1.07219
2012-11-16,1.40974,1.30936,0.63029,1.02114,0.17476,0.71140,0.65147,0.58784,1.08799
2012-11-19,1.43819,1.30936,0.65547,1.02114,0.18482,0.71140,0.65147,0.58784,1.15378
2012-11-20,1.43881,1.31075,0.65600,1.02423,0.18504,0.71497,0.65147,0.59079,1.15520
2012-11-21,1.44149,1.31320,0.65840,1.02801,0.18602,0.71892,0.65147,0.59405,1.16160
2012-11-23,1.46108,1.33108,0.67611,1.05587,0.19325,0.74810,0.65147,0.61817,1.20889
2012-11-26,1.45799,1.32825,0.67318,1.05126,0.19204,0.74323,0.65627,0.61414,1.20099
2012-11-27,1.45056,1.32148,0.66635,1.04051,0.18922,0.73185,0.64633,0.60473,1.18255
2012-11-28,1.46221,1.33211,0.67695,1.05719,0.19357,0.74941,0.63796,0.61925,1.21101
2012-11-29,1.46902,1.33832,0.68317,1.06699,0.19615,0.75981,0.63906,0.62785,1.22787
2012-11-30,1.46933,1.33860,0.68343,1.06739,0.19626,0.76025,0.63943,0.62821,1.22857
2012-12-03,1.46211,1.33202,0.67668,1.05677,0.19345,0.74893,0.62976,0.61885,1.21023
2012-12-04,1.46005,1.33013,0.67475,1.05374,0.19266,0.74572,0.62702,0.61620,1.20503
2012-12-05,1.46263,1.33249,0.67709,1.05742,0.19362,0.74962,0.63035,0.61943,1.21135
2012-12-06,1.46758,1.33700,0.68161,1.06453,0.19550,0.75718,0.63681,0.62567,1.22360
2012-12-07,1.47201,1.34105,0.68567,1.07092,0.19718,0.76399,0.64262,0.63129,1.23463
2012-12-10,1.47263,1.34161,0.68616,1.07169,0.19739,0.76481,0.64333,0.63198,1.23597
2012-12-11,1.48263,1.35074,0.69539,1.08620,0.20123,0.78033,0.65659,0.64480,1.26111
2012-12-12,1.48335,1.35140,0.69603,1.08721,0.20150,0.78142,0.65753,0.64570,1.26289
2012-12-13,1.47428,1.34312,0.68754,1.07386,0.19794,0.76706,0.64525,0.63383,1.23961
2012-12-14,1.46881,1.33813,0.68245,1.06586,0.19582,0.75850,0.63793,0.62676,1.22573
2012-12-17,1.48603,1.35384,0.69826,1.09072,0.20239,0.78501,0.66059,0.64867,1.26870
2012-12-18,1.50253,1.36890,0.71363,1.11490,0.20885,0.81107,0.68287,0.67021,1.31094
2012-12-19,1.49139,1.35874,0.70309,1.09833,0.20438,0.79302,0.66743,0.65529,1.28167
2012-12-20,1.49995,1.36655,0.71108,1.11089,0.20774,0.80661,0.67905,0.66652,1.30370
2012-12-21,1.48637,1.35415,0.69826,1.09072,0.20231,0.78468,0.66031,0.64839,1.26816
2012-12-24,1.48180,1.34998,0.69391,1.08388,0.20049,0.77732,0.65402,0.64231,1.25623
2012-12-26,1.47557,1.34430,0.68806,1.07467,0.19804,0.76744,0.64557,0.63415,1.24022
2012-12-27,1.47360,1.34250,0.68620,1.07175,0.19726,0.76432,0.64291,0.63157,1.23517
2012-12-28,1.45771,1.32800,0.67148,1.04859,0.19114,0.73959,0.62177,0.61113,1.19510
2012-12-31,1.48242,1.35055,0.69401,1.08403,0.20041,0.77703,0.61618,0.64207,1.25577
2013-01-02,1.52032,1.38514,0.72919,1.13939,0.21514,0.83646,0.62782,0.69119,1.35207
2013-01-03,1.51689,1.38201,0.72590,1.13420,0.21373,0.83076,0.62328,0.68648,1.34284
2013-01-04,1.52354,1.38807,0.73219,1.14410,0.21642,0.84162,0.63192,0.69545,1.36044
2013-01-07,1.51939,1.38428,0.72813,1.13771,0.21468,0.83460,0.62633,0.68965,1.34906
2013-01-08,1.51502,1.38030,0.72395,1.13113,0.21289,0.82737,0.62058,0.68368,1.33735
2013-01-09,1.51887,1.38381,0.72756,1.13682,0.21443,0.83361,0.62555,0.68883,1.34746
2013-01-10,1.53091,1.39480,0.73900,1.15482,0.21933,0.85338,0.64127,0.70517,1.37949
2013-01-11,1.53081,1.39471,0.73887,1.15461,0.21928,0.85316,0.64109,0.70498,1.37913
2013-01-14,1.52977,1.39376,0.73778,1.15290,0.21881,0.85127,0.63960,0.70343,1.37608
2013-01-15,1.53081,1.39471,0.73875,1.15442,0.21923,0.85296,0.64093,0.70482,1.37881
2013-01-16,1.53060,1.39452,0.73852,1.15406,0.21913,0.85256,0.64062,0.70449,1.37817
2013-01-17,1.54046,1.40352,0.74794,1.16889,0.22320,0.86898,0.65368,0.71806,1.40477
2013-01-18,1.54389,1.40665,0.75122,1.17404,0.22462,0.87472,0.65825,0.72280,1.41408
2013-01-22,1.55220,1.41423,0.75913,1.18648,0.22806,0.88862,0.66931,0.73429,1.43661
2013-01-23,1.55469,1.41650,0.76152,1.19025,0.22911,0.89285,0.67267,0.73779,1.44345
2013-01-24,1.55510,1.41688,0.76189,1.19083,0.22928,0.89351,0.67320,0.73833,1.44453
2013-01-25,1.56383,1.42484,0.77035,1.20415,0.23298,0.90848,0.68510,0.75070,1.46878
2013-01-28,1.56196,1.42313,0.76843,1.20112,0.23214,0.90507,0.68239,0.74788,1.46326
2013-01-29,1.56808,1.42872,0.77439,1.21049,0.23476,0.91566,0.69081,0.75663,1.48041
2013-01-30,1.56196,1.42313,0.76834,1.20098,0.23209,0.90488,0.68224,0.74773,1.46295
2013-01-31,1.55811,1.41963,0.76455,1.19502,0.23043,0.89816,0.67689,0.74217,1.45206
2013-02-01,1.57410,1.43422,0.78012,1.21951,0.23726,0.92574,0.69883,0.76496,1.49675
2013-02-04,1.55645,1.41811,0.76263,1.19199,0.22951,0.89446,0.67395,0.73912,1.44607
2013-02-05,1.57213,1.43242,0.77787,1.21597,0.23619,0.92142,0.69539,0.76139,1.48975
2013-02-06,1.57327,1.43346,0.77896,1.21769,0.23667,0.92337,0.69694,0.76301,1.49291
2013-02-07,1.57120,1.43157,0.77688,1.21442,0.23576,0.91967,0.69399,0.75995,1.48691
2013-02-08,1.57992,1.43953,0.78543,1.22786,0.23953,0.93491,0.70613,0.77255,1.51162
2013-02-11,1.57961,1.43924,0.78502,1.22722,0.23936,0.93420,0.70556,0.77196,1.51047
2013-02-12,1.58220,1.44161,0.78755,1.23121,0.24048,0.93875,0.70918,0.77572,1.51784
2013-02-13,1.58355,1.44284,0.78886,1.23326,0.24107,0.94110,0.71104,0.77766,1.52164
2013-02-14,1.58501,1.44417,0.79026,1.23547,0.24169,0.94363,0.71306,0.77975,1.52574
2013-02-15,1.58314,1.44246,0.78838,1.23250,0.24085,0.94024,0.71036,0.77695,1.52025
2013-02-19,1.59497,1.45326,0.79996,1.25073,0.24602,0.96109,0.72695,0.79418,1.55404
2013-02-20,1.57514,1.43517,0.78015,1.21956,0.23713,0.92521,0.69840,0.76453,1.49589
2013-02-21,1.56559,1.42645,0.77071,1.20471,0.23295,0.90834,0.68497,0.75058,1.46855
2013-02-22,1.58085,1.44038,0.78561,1.22816,0.23951,0.93482,0.70605,0.77247,1.51147
2013-02-25,1.55085,1.41299,0.75586,1.18135,0.22629,0.88146,0.66359,0.72838,1.42500
2013-02-26,1.56144,1.42266,0.76609,1.19744,0.23075,0.89945,0.67790,0.74324,1.45415
2013-02-27,1.58106,1.44057,0.78520,1.22750,0.23913,0.93328,0.70482,0.77120,1.50897
2013-02-28,1.57795,1.43773,0.78209,1.22261,0.23775,0.92771,0.70039,0.76660,1.49995
2013-03-01,1.58314,1.44246,0.78717,1.23061,0.24000,0.93681,0.70762,0.77411,1.51469
2013-03-04,1.59155,1.45014,0.79539,1.24353,0.24366,0.95156,0.71936,0.78630,1.53859
2013-03-05,1.60577,1.46312,0.80949,1.26572,0.24996,0.97700,0.73959,0.80732,1.57982
2013-03-06,1.60795,1.46511,0.81164,1.26910,0.25093,0.98092,0.74271,0.81056,1.58617
2013-03-07,1.61086,1.46776,0.81453,1.27364,0.25224,0.98618,0.74690,0.81491,1.59469
2013-03-08,1.61771,1.47402,0.82138,1.28443,0.25534,0.99870,0.75686,0.82526,1.61498
2013-03-11,1.62384,1.47961,0.82747,1.29400,0.25810,1.00986,0.76574,0.83448,1.63307
2013-03-12,1.62021,1.47629,0.82375,1.28815,0.25641,1.00302,0.76030,0.82883,1.62199
2013-03-13,1.62249,1.47837,0.82602,1.29173,0.25745,1.00721,0.76362,0.83229,1.62877
2013-03-14,1.63111,1.48624,0.83471,1.30540,0.26141,1.02319,0.77634,0.84549,1.65466
2013-03-15,1.62896,1.48428,0.83249,1.30191,0.26039,1.01909,0.77307,0.84210,1.64802
2013-03-18,1.61999,1.47609,0.82327,1.28740,0.25618,1.00208,0.75955,0.82806,1.62047
2013-03-19,1.61624,1.47267,0.81944,1.28138,0.25444,0.99506,0.75396,0.82225,1.60909
2013-03-20,1.62750,1.48295,0.83076,1.29919,0.25957,1.01580,0.77046,0.83939,1.64269
2013-03-21,1.61363,1.47029,0.81665,1.27698,0.25313,0.98978,0.74976,0.81789,1.60053
2013-03-22,1.62656,1.48209,0.82963,1.29741,0.25901,1.01351,0.76863,0.83750,1.63898
2013-03-25,1.61978,1.47590,0.82265,1.28642,0.25583,1.00067,0.75842,0.82689,1.61818
2013-03-26,1.63271,1.48770,0.83568,1.30692,0.26175,1.02456,0.77743,0.84663,1.65690
2013-03-27,1.63271,1.48770,0.83564,1.30687,0.26173,1.02451,0.77738,0.84658,1.65680
2013-03-28,1.63772,1.49227,0.84071,1.31483,0.26405,1.03386,0.78483,0.85432,1.67197
2013-04-01,1.63125,1.48637,0.83396,1.30422,0.26096,1.02139,0.77490,0.84401,1.65175
2013-04-02,1.63928,1.49370,0.84210,1.31702,0.26468,1.03641,0.78684,0.85642,1.67609
2013-04-03,1.62270,1.47857,0.82512,1.29030,0.25688,1.00491,0.76179,0.83039,1.62505
2013-04-04,1.62927,1.48456,0.83173,1.30071,0.25989,1.01706,0.77145,0.84043,1.64473
2013-04-05,1.62197,1.47790,0.82428,1.28899,0.25649,1.00333,0.76053,0.82909,1.62250
2013-04-08,1.63292,1.48789,0.83525,1.30624,0.26148,1.02347,0.77655,0.84573,1.65513
2013-04-09,1.63855,1.49303,0.84094,1.31520,0.26408,1.03400,0.78492,0.85443,1.67218
2013-04-10,1.65858,1.51131,0.86135,1.34731,0.27346,1.07182,0.81502,0.88569,1.73348
2013-04-11,1.66400,1.51626,0.86692,1.35607,0.27605,1.08227,0.82333,0.89432,1.75041
2013-04-12,1.65993,1.51255,0.86267,1.34938,0.27406,1.07428,0.81697,0.88771,1.73746
2013-04-15,1.62155,1.47752,0.82288,1.28678,0.25557,0.99962,0.75757,0.82602,1.61647
2013-04-16,1.64544,1.49932,0.84695,1.32465,0.26649,1.04370,0.79264,0.86245,1.68791
2013-04-17,1.62145,1.47743,0.82235,1.28596,0.25517,0.99802,0.75630,0.82470,1.61388
2013-04-18,1.61133,1.46819,0.81211,1.26985,0.25053,0.97930,0.74140,0.80922,1.58354
2013-04-19,1.62531,1.48095,0.82609,1.29183,0.25683,1.00470,0.76161,0.83022,1.62471
2013-04-22,1.63251,1.48751,0.83326,1.30312,0.26009,1.01787,0.77209,0.84110,1.64605
2013-04-23,1.64930,1.50284,0.85028,1.32989,0.26785,1.04920,0.79701,0.86699,1.69683
2013-04-24,1.65034,1.50379,0.85131,1.33152,0.26833,1.05113,0.79855,0.86859,1.69995
2013-04-25,1.65701,1.50988,0.85812,1.34224,0.27147,1.06382,0.80864,0.87907,1.72051
2013-04-26,1.65409,1.50722,0.85508,1.33745,0.27007,1.05814,0.80412,0.87438,1.71131
2013-04-29,1.66515,1.51730,0.86635,1.35517,0.27528,1.07917,0.82085,0.89176,1.74538
2013-04-30,1.66911,1.52092,0.87041,1.36157,0.27717,1.08681,0.82693,0.89807,1.75776
2013-05-01,1.65451,1.50760,0.85523,1.33768,0.27009,1.05824,0.80420,0.87446,1.71147
2013-05-02,1.66984,1.52159,0.87096,1.36243,0.27736,1.08758,0.82754,0.89871,1.75902
2013-05-03,1.68674,1.53700,0.88846,1.38996,0.28552,1.12052,0.85375,0.92593,1.81239
2013-05-06,1.69101,1.54091,0.89283,1.39684,0.28759,1.12885,0.86037,0.93281,1.82589
2013-05-07,1.69957,1.54871,0.90178,1.41092,0.29181,1.14590,0.87394,0.94691,1.85353
2013-05-08,1.70728,1.55575,0.90989,1.42368,0.29566,1.16144,0.88631,0.95975,1.87871
2013-05-09,1.70249,1.55138,0.90477,1.41562,0.29322,1.15159,0.87847,0.95161,1.86275
2013-05-10,1.70801,1.55642,0.91058,1.42476,0.29598,1.16274,0.88734,0.96082,1.88082
2013-05-13,1.70937,1.55766,0.91190,1.42685,0.29662,1.16532,0.88938,0.96295,1.88499
2013-05-14,1.72699,1.57374,0.93058,1.45623,0.30553,1.20128,0.91800,0.99267,1.94327
2013-05-15,1.73628,1.58221,0.94050,1.47183,0.31032,1.22058,0.93335,1.00862,1.97454
2013-05-16,1.72814,1.57479,0.93169,1.45797,0.30605,1.20336,0.91965,0.99439,1.94664
2013-05-17,1.74483,1.59002,0.94956,1.48609,0.31467,1.23814,0.94733,1.02313,2.00301
2013-05-20,1.74472,1.58992,0.94933,1.48573,0.31456,1.23772,0.94698,1.02278,2.00231
2013-05-21,1.74723,1.59221,0.95200,1.48993,0.31586,1.24297,0.95116,1.02712,2.01083
2013-05-22,1.73430,1.58040,0.93793,1.46780,0.30901,1.21531,0.92916,1.00426,1.96600
2013-05-23,1.72929,1.57584,0.93251,1.45926,0.30639,1.20472,0.92073,0.99551,1.94884
2013-05-24,1.72783,1.57450,0.93090,1.45674,0.30561,1.20160,0.91825,0.99294,1.94379
2013-05-28,1.73815,1.58393,0.94182,1.47392,0.31088,1.22287,0.93517,1.01051,1.97826
2013-05-29,1.72689,1.57365,0.92964,1.45475,0.30498,1.19904,0.91620,0.99081,1.93963
2013-05-30,1.73325,1.57945,0.93642,1.46541,0.30824,1.21222,0.92669,1.00171,1.96099
2013-05-31,1.70843,1.55680,0.90968,1.42335,0.29533,1.16008,0.88521,0.95862,1.87651
2013-06-03,1.71782,1.56537,0.91952,1.43883,0.30001,1.17901,0.90027,0.97426,1.90717
2013-06-04,1.70958,1.55785,0.91070,1.42496,0.29580,1.16198,0.88672,0.96019,1.87958
2013-06-05,1.68569,1.53605,0.88535,1.38507,0.28372,1.11324,0.84794,0.91991,1.80059
2013-06-06,1.70092,1.54995,0.90122,1.41004,0.29117,1.14333,0.87188,0.94478,1.84935
2013-06-07,1.72251,1.56965,0.92395,1.44580,0.30194,1.18678,0.90645,0.98068,1.91977
2013-06-10,1.72251,1.56965,0.92384,1.44562,0.30189,1.18658,0.90629,0.98052,1.91945
2013-06-11,1.70478,1.55347,0.90487,1.41579,0.29280,1.14989,0.87709,0.95020,1.85998
2013-06-12,1.69070,1.54062,0.88996,1.39233,0.28573,1.12134,0.85438,0.92661,1.81373
2013-06-13,1.71636,1.56403,0.91680,1.43455,0.29835,1.17231,0.89493,0.96872,1.89632
2013-06-14,1.70561,1.55423,0.90534,1.41653,0.29289,1.15024,0.87737,0.95049,1.86055
2013-06-17,1.71876,1.56622,0.91912,1.43819,0.29942,1.17662,0.89836,0.97229,1.90331
2013-06-18,1.73231,1.57860,0.93351,1.46084,0.30630,1.20439,0.92045,0.99524,1.94831
2013-06-19,1.70843,1.55680,0.90785,1.42047,0.29395,1.15452,0.88078,0.95403,1.86750
2013-06-20,1.66619,1.51826,0.86315,1.35014,0.27272,1.06886,0.81262,0.88324,1.72868
2013-06-21,1.67153,1.52313,0.86861,1.35873,0.27525,1.07906,0.82074,0.89167,1.74521
2013-06-24,1.65045,1.50389,0.84672,1.32429,0.26510,1.03809,0.78814,0.85781,1.67882
2013-06-25,1.66629,1.51834,0.86284,1.34965,0.27248,1.06789,0.81185,0.88243,1.72710
2013-06-26,1.68275,1.53336,0.87976,1.37628,0.28030,1.09946,0.83696,0.90852,1.77826
2013-06-27,1.69260,1.54236,0.88998,1.39235,0.28507,1.11870,0.85228,0.92443,1.80945
2013-06-28,1.68568,1.53604,0.88270,1.38090,0.28166,1.10493,0.84131,0.91304,1.78712
2013-07-01,1.69554,1.54504,0.89286,1.39689,0.28641,1.12411,0.85658,0.92890,1.81822
2013-07-02,1.69397,1.54360,0.89118,1.39424,0.28562,1.12092,0.85404,0.92626,1.81305
2013-07-03,1.69470,1.54427,0.89191,1.39539,0.28597,1.12232,0.85515,0.92742,1.81531
2013-07-05,1.71294,1.56092,0.91094,1.42534,0.29491,1.15842,0.88387,0.95725,1.87381
2013-07-08,1.72269,1.56982,0.92115,1.44140,0.29977,1.17800,0.89945,0.97343,1.90555
2013-07-09,1.73506,1.58111,0.93428,1.46205,0.30604,1.20331,0.91958,0.99434,1.94655
2013-07-10,1.73569,1.58168,0.93492,1.46305,0.30634,1.20455,0.92057,0.99537,1.94857
2013-07-11,1.75928,1.60321,0.96017,1.50279,0.31849,1.25358,0.95958,1.03589,2.02802
2013-07-12,1.76002,1.60388,0.96093,1.50398,0.31886,1.25508,0.96077,1.03713,2.03045
2013-07-15,1.76673,1.61000,0.96811,1.51527,0.32237,1.26922,0.97202,1.04881,2.05337
2013-07-16,1.76012,1.60397,0.96086,1.50387,0.31882,1.25492,0.96064,1.03700,2.03019
2013-07-17,1.76463,1.60809,0.96572,1.51152,0.32120,1.26449,0.96826,1.04490,2.04570
2013-07-18,1.77428,1.61689,0.97619,1.52799,0.32631,1.28515,0.98469,1.06198,2.07918
2013-07-19,1.77742,1.61976,0.97960,1.53335,0.32799,1.29192,0.99007,1.06757,2.09014
2013-07-22,1.78088,1.62292,0.98328,1.53914,0.32981,1.29925,0.99590,1.07363,2.10202
2013-07-23,1.77711,1.61947,0.97909,1.53255,0.32774,1.29092,0.98927,1.06674,2.08852
2013-07-24,1.77061,1.61354,0.97192,1.52127,0.32422,1.27668,0.97795,1.05498,2.06546
2013-07-25,1.77491,1.61746,0.97658,1.52860,0.32650,1.28591,0.98529,1.06260,2.08041
2013-07-26,1.77679,1.61919,0.97861,1.53179,0.32750,1.28994,0.98850,1.06593,2.08694
2013-07-29,1.77134,1.61421,0.97251,1.52220,0.32451,1.27785,0.97888,1.05595,2.06736
2013-07-30,1.77134,1.61421,0.97247,1.52213,0.32449,1.27778,0.97882,1.05589,2.06724
2013-07-31,1.77260,1.61536,0.97381,1.52424,0.32515,1.28044,0.98093,1.05808,2.07154
2013-08-01,1.79304,1.63402,0.99613,1.55936,0.33610,1.32466,1.01612,1.09463,2.14321
2013-08-02,1.79608,1.63679,0.99945,1.56458,0.33775,1.33132,1.02142,1.10013,2.15400
2013-08-05,1.79346,1.63440,0.99642,1.55982,0.33626,1.32528,1.01661,1.09513,2.14420
2013-08-06,1.78329,1.62512,0.98513,1.54206,0.33065,1.30266,0.99861,1.07645,2.10755
2013-08-07,1.77753,1.61986,0.97875,1.53202,0.32750,1.28995,0.98850,1.06594,2.08696
2013-08-08,1.78403,1.62579,0.98584,1.54317,0.33099,1.30403,0.99970,1.07758,2.10977
2013-08-09,1.77889,1.62110,0.98014,1.53421,0.32818,1.29269,0.99068,1.06821,2.09140
2013-08-12,1.77679,1.61919,0.97772,1.53040,0.32700,1.28790,0.98687,1.06425,2.08364
2013-08-13,1.78203,1.62397,0.98343,1.53937,0.32980,1.29923,0.99588,1.07361,2.10199
2013-08-14,1.77291,1.61565,0.97336,1.52354,0.32484,1.27921,0.97995,1.05707,2.06955
2013-08-15,1.74817,1.59307,0.94628,1.48093,0.31156,1.22559,0.93729,1.01276,1.98266
2013-08-16,1.74240,1.58780,0.94003,1.47109,0.30853,1.21340,0.92759,1.00268,1.96290
2013-08-19,1.73129,1.57766,0.92798,1.45213,0.30273,1.18998,0.90896,0.98333,1.92496
2013-08-20,1.73978,1.58541,0.93700,1.46633,0.30705,1.20742,0.92283,0.99774,1.95321
2013-08-21,1.72909,1.57565,0.92550,1.44823,0.30152,1.18509,0.90507,0.97929,1.91704
2013-08-22,1.74481,1.59000,0.94221,1.47453,0.30952,1.21735,0.93073,1.00595,1.96931
2013-08-23,1.75069,1.59536,0.94849,1.48440,0.31254,1.22957,0.94045,1.01605,1.98911
2013-08-26,1.74419,1.58943,0.94136,1.47319,0.30910,1.21568,0.92940,1.00456,1.96660
2013-08-27,1.71619,1.56388,0.91125,1.42582,0.29458,1.15709,0.88279,0.95615,1.87166
2013-08-28,1.72227,1.56943,0.91764,1.43587,0.29761,1.16932,0.88072,0.96626,1.89148
2013-08-29,1.72500,1.57192,0.92049,1.44036,0.29897,1.17481,0.88983,0.97079,1.90037
2013-08-30,1.71955,1.56695,0.91466,1.43119,0.29620,1.16361,0.88138,0.96154,1.88222
2013-09-03,1.72731,1.57403,0.92273,1.44388,0.30004,1.17910,0.89307,0.97434,1.90732
2013-09-04,1.74156,1.58704,0.93785,1.46767,0.30725,1.20823,0.91506,0.99841,1.95452
2013-09-05,1.74377,1.58905,0.94018,1.47133,0.30837,1.21274,0.91847,1.00214,1.96184
2013-09-06,1.74461,1.58981,0.94104,1.47268,0.30879,1.21442,0.91974,1.00353,1.96457
2013-09-09,1.76128,1.60503,0.95882,1.50067,0.31736,1.24903,0.94587,1.03213,2.02064
2013-09-10,1.77428,1.61689,0.97288,1.52277,0.32420,1.27661,0.96670,1.05492,2.06534
2013-09-11,1.77983,1.62196,0.97890,1.53226,0.32715,1.28853,0.97570,1.06477,2.08466
2013-09-12,1.77511,1.61766,0.97370,1.52407,0.32460,1.27822,0.96791,1.05625,2.06795
2013-09-13,1.77910,1.62129,0.97801,1.53085,0.32671,1.28676,0.97436,1.06330,2.08178
2013-09-16,1.78937,1.63067,0.98914,1.54836,0.33218,1.30884,0.99103,1.08155,2.11756
2013-09-17,1.79734,1.63794,0.99787,1.56210,0.33650,1.32625,1.00418,1.09594,2.14578
2013-09-18,1.81810,1.65688,1.02078,1.59814,0.34786,1.37212,1.03881,1.13385,2.22012
2013-09-19,1.81506,1.65411,1.01734,1.59273,0.34614,1.36517,1.03356,1.12810,2.20885
2013-09-20,1.80240,1.64255,1.00316,1.57043,0.33904,1.33652,1.01193,1.10443,2.16243
2013-09-23,1.79407,1.63496,0.99382,1.55572,0.33440,1.31779,0.99779,1.08895,2.13208
2013-09-24,1.78986,1.63111,0.98913,1.54835,0.33208,1.30844,0.99073,1.08122,2.11691
2013-09-25,1.78470,1.62640,0.98341,1.53935,0.32926,1.29705,0.98213,1.07181,2.09846
2013-09-26,1.79155,1.63265,0.99089,1.55111,0.33294,1.31190,0.99335,1.08408,2.12253
2013-09-27,1.78333,1.62515,0.98180,1.53681,0.32845,1.29378,0.97966,1.06911,2.09317
2013-09-30,1.77385,1.61650,0.97128,1.52027,0.32329,1.27294,0.96393,1.05189,2.05939
2013-10-01,1.78786,1.62928,0.98652,1.54424,0.33074,1.30303,0.98665,1.07675,2.10815
2013-10-02,1.78617,1.62775,0.98463,1.54127,0.32981,1.29927,0.98381,1.07365,2.10207
2013-10-03,1.76974,1.61275,0.96655,1.51282,0.32091,1.26334,0.95668,1.04396,2.04384
2013-10-04,1.78312,1.62496,0.98106,1.53565,0.32799,1.29192,0.97826,1.06757,2.09015
2013-10-07,1.76773,1.61092,0.96409,1.50895,0.31966,1.25828,0.95286,1.03977,2.03564
2013-10-08,1.74719,1.59217,0.94175,1.47380,0.30877,1.21435,0.91969,1.00347,1.96445
2013-10-09,1.74846,1.59333,0.94306,1.47587,0.30941,1.21692,0.92163,1.00559,1.96861
2013-10-10,1.78607,1.62765,0.98341,1.53935,0.32884,1.29536,0.98086,1.07042,2.09573
2013-10-11,1.79755,1.63813,0.99596,1.55909,0.33502,1.32027,0.99966,1.09100,2.13609
2013-10-14,1.80471,1.64467,1.00374,1.57133,0.33887,1.33583,1.01141,1.10385,2.16130
2013-10-15,1.79165,1.63275,0.98923,1.54850,0.33166,1.30674,0.98945,1.07982,2.11417
2013-10-16,1.81662,1.65553,1.01663,1.59162,0.34518,1.36129,1.03063,1.12490,2.20256
2013-10-17,1.82874,1.66659,1.03009,1.61280,0.35191,1.38844,1.05114,1.14734,2.24656
2013-10-18,1.84106,1.67784,1.04388,1.63449,0.35884,1.41644,1.07227,1.17047,2.29193
2013-10-21,1.84117,1.67793,1.04387,1.63447,0.35885,1.41645,1.07228,1.17048,2.29194
2013-10-22,1.85181,1.68764,1.05585,1.65331,0.36491,1.44092,1.09076,1.19071,2.33161
2013-10-23,1.84296,1.67957,1.04575,1.63743,0.35977,1.42019,1.07510,1.17357,2.29801
2013-10-24,1.84907,1.68514,1.05262,1.64823,0.36325,1.43423,1.08571,1.18518,2.32077
2013-10-25,1.85750,1.69284,1.06213,1.66320,0.36809,1.45377,1.10046,1.20132,2.35242
2013-10-28,1.86045,1.69553,1.06536,1.66828,0.36975,1.46045,1.10550,1.20684,2.36325
2013-10-29,1.87035,1.70457,1.07661,1.68598,0.37551,1.48369,1.12305,1.22605,2.40092
2013-10-30,1.86108,1.69611,1.06594,1.66919,0.37002,1.46154,1.10633,1.20775,2.36503
2013-10-31,1.85581,1.69130,1.05989,1.65967,0.36692,1.44905,1.09690,1.19742,2.34478
2013-11-01,1.86024,1.69534,1.06488,1.66752,0.36947,1.45934,1.10466,1.20592,2.36145
2013-11-04,1.86677,1.70130,1.07220,1.67903,0.37322,1.47447,1.11609,1.21843,2.38597
2013-11-05,1.86087,1.69591,1.06540,1.66834,0.36974,1.46040,1.10547,1.20680,2.36318
2013-11-06,1.87035,1.70457,1.07617,1.68529,0.37525,1.48265,1.12226,1.22518,2.39922
2013-11-07,1.84675,1.68303,1.04908,1.64266,0.36132,1.42644,1.07983,1.17874,2.30814
2013-11-08,1.87162,1.70572,1.07717,1.68686,0.37558,1.48397,1.12326,1.22628,2.40137
2013-11-11,1.87193,1.70601,1.07740,1.68722,0.37570,1.48447,1.12364,1.22669,2.40218
2013-11-12,1.86814,1.70255,1.07300,1.68031,0.37344,1.47537,1.11677,1.21917,2.38742
2013-11-13,1.88310,1.71620,1.09008,1.70717,0.38221,1.51073,1.14346,1.24839,2.44472
2013-11-14,1.89248,1.72476,1.10084,1.72411,0.38778,1.53321,1.16044,1.26697,2.48115
2013-11-15,1.90069,1.73226,1.11032,1.73902,0.39270,1.55309,1.17545,1.28340,2.51338
2013-11-18,1.89406,1.72620,1.10246,1.72664,0.38860,1.53655,1.16296,1.26973,2.48658
2013-11-19,1.88995,1.72245,1.09765,1.71908,0.38610,1.52646,1.15535,1.26139,2.47022
2013-11-20,1.88405,1.71706,1.09077,1.70826,0.38254,1.51208,1.14448,1.24950,2.44691
2013-11-21,1.89922,1.73091,1.10823,1.73572,0.39157,1.54852,1.17200,1.27962,2.50597
2013-11-22,1.90870,1.73956,1.11920,1.75299,0.39729,1.57162,1.18945,1.29871,2.54341
2013-11-25,1.90680,1.73783,1.11685,1.74929,0.39607,1.56667,1.18571,1.29462,2.53538
2013-11-26,1.90733,1.73831,1.11742,1.75018,0.39637,1.56788,1.18662,1.29562,2.53734
2013-11-27,1.91197,1.74254,1.12278,1.75862,0.39918,1.57922,1.19518,1.30499,2.55572
2013-11-29,1.91070,1.74139,1.12121,1.75615,0.39836,1.57591,1.19268,1.30225,2.55035
2013-12-02,1.90575,1.73687,1.11528,1.74682,0.39525,1.56339,1.18323,1.29191,2.53006
2013-12-03,1.89753,1.72937,1.10566,1.73168,0.39022,1.54307,1.16789,1.27512,2.49715
2013-12-04,1.89732,1.72918,1.10537,1.73122,0.39007,1.54247,1.16743,1.27462,2.49617
2013-12-05,1.88900,1.72158,1.09566,1.71595,0.38502,1.52208,1.15204,1.25778,2.46313
2013-12-06,1.91007,1.74081,1.11996,1.75418,0.39762,1.57294,1.19044,1.29980,2.54554
2013-12-09,1.91492,1.74524,1.12549,1.76287,0.40052,1.58464,1.19927,1.30947,2.56451
2013-12-10,1.90807,1.73899,1.11742,1.75018,0.39629,1.56755,1.18637,1.29535,2.53681
2013-12-11,1.88668,1.71947,1.09242,1.71085,0.38320,1.51474,1.14650,1.25171,2.45124
2013-12-12,1.88047,1.71380,1.08520,1.69950,0.37947,1.49969,1.13513,1.23927,2.42684
2013-12-13,1.88025,1.71360,1.08492,1.69905,0.37932,1.49910,1.13468,1.23878,2.42588
2013-12-16,1.89195,1.72428,1.09822,1.71998,0.38619,1.52681,1.15561,1.26168,2.47079
2013-12-17,1.88594,1.71880,1.09123,1.70899,0.38257,1.51218,1.14457,1.24959,2.44709
2013-12-18,1.91808,1.74812,1.12823,1.76719,0.40170,1.58940,1.20286,1.31340,2.57221
2013-12-19,1.91587,1.74610,1.12559,1.76304,0.40031,1.58380,1.19864,1.30878,2.56315
2013-12-20,1.92699,1.75625,1.13856,1.78345,0.40713,1.61130,1.21940,1.33150,2.60771
2013-12-23,1.93726,1.76563,1.15052,1.80226,0.41344,1.63680,1.23866,1.35258,2.64903
2013-12-24,1.94150,1.76949,1.15548,1.81007,0.41608,1.64745,1.24670,1.36137,2.66629
2013-12-26,1.95135,1.77848,1.16707,1.82830,0.42225,1.67234,1.26549,1.38195,2.70663
2013-12-27,1.95124,1.77839,1.16690,1.82803,0.42216,1.67197,1.26521,1.38164,2.70603
2013-12-30,1.95093,1.77810,1.16637,1.82720,0.42189,1.67087,1.26438,1.38073,2.70424
2013-12-31,1.96014,1.78651,1.17730,1.84440,0.42773,1.69446,1.28219,1.40022,2.74246
2014-01-02,1.94139,1.76940,1.15476,1.80894,0.41563,1.64563,1.24532,1.35987,2.66334
2014-01-03,1.94108,1.76911,1.15434,1.80827,0.41541,1.64473,1.24464,1.35913,2.66188
2014-01-06,1.93546,1.76398,1.14754,1.79758,0.41180,1.63017,1.23365,1.34710,2.63829
2014-01-07,1.94733,1.77481,1.16151,1.81956,0.41921,1.66006,1.25622,1.37180,2.68673
2014-01-08,1.94775,1.77520,1.16197,1.82028,0.41945,1.66106,1.25697,1.37262,2.68834
2014-01-09,1.94902,1.77636,1.16343,1.82258,0.42024,1.66422,1.25936,1.37523,2.69346
2014-01-10,1.95432,1.78119,1.16969,1.83242,0.42358,1.67769,1.26953,1.38637,2.71530
2014-01-13,1.92836,1.75751,1.13859,1.78349,0.40694,1.61056,1.21885,1.33089,2.60651
2014-01-14,1.94934,1.77665,1.16322,1.82224,0.41994,1.66303,1.25846,1.37425,2.69154
2014-01-15,1.95983,1.78622,1.17564,1.84178,0.42657,1.68978,1.27866,1.39636,2.73489
2014-01-16,1.95728,1.78390,1.17255,1.83693,0.42492,1.68311,1.27362,1.39085,2.72408
2014-01-17,1.94902,1.77636,1.16264,1.82133,0.41961,1.66170,1.25746,1.37315,2.68938
2014-01-21,1.95474,1.78158,1.16925,1.83173,0.42315,1.67596,1.26822,1.38494,2.71249
2014-01-22,1.95601,1.78274,1.17072,1.83404,0.42393,1.67914,1.27062,1.38756,2.71764
2014-01-23,1.94002,1.76814,1.15159,1.80395,0.41370,1.63785,1.23944,1.35344,2.65072
2014-01-24,1.89870,1.73044,1.10268,1.72700,0.38775,1.53311,1.16037,1.26689,2.48100
2014-01-27,1.88938,1.72193,1.09176,1.70982,0.38209,1.51027,1.14312,1.24801,2.44399
2014-01-28,1.90061,1.73218,1.10464,1.73009,0.38874,1.53712,1.16339,1.27020,2.48749
2014-01-29,1.88239,1.71555,1.08350,1.69682,0.37777,1.49282,1.12995,1.23359,2.41571
2014-01-30,1.90231,1.73373,1.10629,1.73268,0.38949,1.54012,1.16566,1.27268,2.49236
2014-01-31,1.89118,1.72358,1.09336,1.71234,0.38277,1.51302,1.14520,1.25028,2.44844
2014-02-03,1.84871,1.68481,1.04431,1.63516,0.35745,1.41082,1.06803,1.16583,2.28283
2014-02-04,1.86163,1.69661,1.05881,1.65797,0.36476,1.44033,1.08128,1.19021,2.33064
2014-02-05,1.85930,1.69448,1.05612,1.65375,0.36340,1.43484,1.08128,1.18567,2.32174
2014-02-06,1.88377,1.71681,1.08376,1.69723,0.37742,1.49140,1.08128,1.23242,2.41341
2014-02-07,1.90707,1.73808,1.11043,1.73918,0.39111,1.54666,1.10520,1.27809,2.50296
2014-02-10,1.91057,1.74127,1.11434,1.74534,0.39315,1.55490,1.11118,1.28490,2.51631
2014-02-11,1.93144,1.76031,1.13854,1.78342,0.40575,1.60577,1.14811,1.32693,2.59874
2014-02-12,1.93239,1.76118,1.13962,1.78511,0.40632,1.60805,1.14977,1.32882,2.60245
2014-02-13,1.94235,1.77027,1.15127,1.80344,0.41246,1.63282,1.16775,1.34929,2.64259
2014-02-14,1.95305,1.78003,1.16386,1.82325,0.41912,1.65972,1.18728,1.37151,2.68617
2014-02-18,1.95538,1.78216,1.16644,1.82731,0.42051,1.66530,1.19133,1.37613,2.69521
2014-02-19,1.94245,1.77036,1.15103,1.80307,0.41230,1.63218,1.16729,1.34876,2.64155
2014-02-20,1.95389,1.78080,1.16449,1.82425,0.41942,1.66093,1.18816,1.37252,2.68814
2014-02-21,1.95167,1.77877,1.16180,1.82001,0.41799,1.65517,1.18397,1.36775,2.67879
2014-02-24,1.96247,1.78863,1.17448,1.83996,0.42474,1.68238,1.20373,1.39024,2.72289
2014-02-25,1.96173,1.78796,1.17355,1.83849,0.42424,1.68038,1.20228,1.38859,2.71965
2014-02-26,1.96184,1.78805,1.17362,1.83861,0.42429,1.68056,1.20241,1.38873,2.71994
2014-02-27,1.97211,1.79743,1.18583,1.85781,0.43081,1.70687,1.22151,1.41048,2.76258
2014-02-28,1.97709,1.80197,1.19174,1.86712,0.43399,1.71971,1.23083,1.42109,2.78338
2014-03-03,1.96321,1.78931,1.17493,1.84066,0.42494,1.68320,1.20433,1.39092,2.72422
2014-03-04,1.99076,1.81444,1.20773,1.89226,0.44247,1.75396,1.25570,1.44939,2.83888
2014-03-05,1.99256,1.81609,1.20985,1.89561,0.44363,1.75862,1.25908,1.45324,2.84644
2014-03-06,1.99711,1.82024,1.21532,1.90421,0.44659,1.77058,1.26777,1.46313,2.86582
2014-03-07,1.99796,1.82102,1.21630,1.90575,0.44713,1.77274,1.26933,1.46491,2.86931
2014-03-10,1.99690,1.82005,1.21486,1.90349,0.44635,1.76962,1.26707,1.46233,2.86426
2014-03-11,1.98705,1.81106,1.20286,1.88462,0.43984,1.74332,1.24798,1.44060,2.82165
2014-03-12,1.98758,1.81154,1.20345,1.88554,0.44016,1.74462,1.24892,1.44167,2.82375
2014-03-13,1.96533,1.79124,1.17656,1.84323,0.42562,1.68593,1.20631,1.39318,2.72865
2014-03-14,1.95983,1.78622,1.16994,1.83282,0.42208,1.67166,1.19594,1.38138,2.70552
2014-03-17,1.97751,1.80236,1.19084,1.86570,0.43323,1.71665,1.22861,1.41856,2.77843
2014-03-18,1.99160,1.81522,1.20770,1.89222,0.44230,1.75325,1.25518,1.44881,2.83774
2014-03-19,1.98101,1.80555,1.19485,1.87201,0.43534,1.72517,1.23480,1.42560,2.79224
2014-03-20,1.99256,1.81609,1.20868,1.89376,0.44279,1.75524,1.25663,1.45045,2.84097
2014-03-21,1.98484,1.80905,1.19930,1.87901,0.43771,1.73476,1.24175,1.43352,2.80777
2014-03-24,1.97665,1.80157,1.18929,1.86326,0.43232,1.71298,1.22594,1.41552,2.77247
2014-03-25,1.98601,1.81012,1.20047,1.88085,0.43833,1.73722,1.24355,1.43556,2.81177
2014-03-26,1.97176,1.79711,1.18324,1.85375,0.42903,1.69971,1.21631,1.40456,2.75097
2014-03-27,1.96761,1.79332,1.17823,1.84586,0.42635,1.68888,1.20844,1.39561,2.73343
2014-03-28,1.97729,1.80215,1.18974,1.86397,0.43250,1.71372,1.22648,1.41614,2.77368
2014-03-31,1.99346,1.81691,1.20899,1.89425,0.44285,1.75549,1.25681,1.45066,2.84137
2014-04-01,2.00665,1.82895,1.22489,1.91926,0.45147,1.79025,1.28205,1.47939,2.89770
2014-04-02,2.01336,1.83507,1.23299,1.93201,0.45589,1.80810,1.29500,1.49413,2.92662
2014-04-03,2.01070,1.83264,1.22969,1.92683,0.45409,1.80083,1.28973,1.48813,2.91485
2014-04-04,1.98697,1.81099,1.20072,1.88124,0.43826,1.73697,1.24336,1.43535,2.81136
2014-04-07,1.96505,1.79099,1.17418,1.83949,0.42395,1.67920,1.20141,1.38761,2.71773
2014-04-08,1.97314,1.79837,1.18376,1.85456,0.42906,1.69984,1.21640,1.40467,2.75118
2014-04-09,1.99431,1.81769,1.20903,1.89431,0.44260,1.75447,1.25606,1.44982,2.83971
2014-04-10,1.95250,1.77953,1.15846,1.81475,0.41523,1.64400,1.17585,1.35852,2.66069
2014-04-11,1.93494,1.76351,1.13765,1.78202,0.40422,1.59956,1.14359,1.32180,2.58868
2014-04-14,1.95016,1.77740,1.15534,1.80984,0.41350,1.63703,1.16965,1.35276,2.64940
2014-04-15,1.96356,1.78963,1.17112,1.83467,0.42184,1.67070,1.18534,1.38059,2.70396
2014-04-16,1.98410,1.80837,1.19548,1.87299,0.43481,1.72303,1.22278,1.42383,2.78876
2014-04-17,1.98686,1.81089,1.19875,1.87814,0.43657,1.73014,1.22787,1.42971,2.80029
2014-04-21,1.99378,1.81720,1.20687,1.89092,0.44095,1.74783,1.24053,1.44433,2.82895
2014-04-22,2.00282,1.82546,1.21773,1.90801,0.44682,1.77152,1.25748,1.46390,2.86734
2014-04-23,1.99814,1.82118,1.21201,1.89901,0.44372,1.75900,1.24852,1.45356,2.84705
2014-04-24,2.00219,1.82487,1.21685,1.90662,0.44634,1.76958,1.25609,1.46230,2.86420
2014-04-25,1.98580,1.80992,1.19696,1.87532,0.43555,1.72603,1.22493,1.42632,2.79363
2014-04-28,1.99208,1.81565,1.20435,1.88695,0.43954,1.74212,1.23644,1.43961,2.81970
2014-04-29,2.00133,1.82410,1.21546,1.90442,0.44553,1.76631,1.25375,1.45960,2.85891
2014-04-30,2.00729,1.82953,1.22262,1.91569,0.44942,1.78200,1.26497,1.47256,2.88432
2014-05-01,2.00751,1.82973,1.22283,1.91602,0.44954,1.78247,1.26531,1.47295,2.88508
2014-05-02,2.00463,1.82711,1.21929,1.91046,0.44762,1.77471,1.25976,1.46654,2.87252
2014-05-05,2.00846,1.83060,1.22379,1.91753,0.45006,1.78460,1.26684,1.47471,2.88854
2014-05-06,1.99101,1.81468,1.20255,1.88412,0.43851,1.73798,1.23348,1.43619,2.81299
2014-05-07,2.00272,1.82536,1.21659,1.90620,0.44609,1.76854,1.25534,1.46144,2.86251
2014-05-08,2.00059,1.82342,1.21396,1.90207,0.44466,1.76280,1.25124,1.45670,2.85322
2014-05-09,2.00357,1.82614,1.21752,1.90767,0.44659,1.77058,1.25681,1.46313,2.86582
2014-05-12,2.02304,1.84390,1.24095,1.94454,0.45931,1.82192,1.29354,1.50555,2.94901
2014-05-13,2.02485,1.84556,1.24311,1.94794,0.46050,1.82671,1.29696,1.50951,2.95677
2014-05-14,2.01527,1.83682,1.23134,1.92942,0.45405,1.80068,1.27834,1.48800,2.91460
2014-05-15,1.99761,1.82070,1.20978,1.89550,0.44229,1.75323,1.24439,1.44879,2.83771
2014-05-16,2.00453,1.82701,1.21808,1.90856,0.44678,1.77135,1.25735,1.46376,2.86706
2014-05-19,2.01187,1.83371,1.22683,1.92232,0.45153,1.79052,1.27107,1.47961,2.89814
2014-05-20,1.99921,1.82216,1.21139,1.89803,0.44313,1.75661,1.24681,1.45158,2.84318
2014-05-21,2.01602,1.83750,1.23164,1.92989,0.45409,1.80084,1.27845,1.48813,2.91485
2014-05-22,2.02091,1.84196,1.23755,1.93919,0.45731,1.81385,1.28777,1.49889,2.93594
2014-05-23,2.02900,1.84934,1.24737,1.95464,0.46268,1.83553,1.30328,1.51680,2.97107
2014-05-27,2.04145,1.86070,1.26242,1.97832,0.47096,1.86892,1.32716,1.54439,3.02517
2014-05-28,2.03996,1.85934,1.26054,1.97535,0.46992,1.86472,1.32416,1.54092,3.01837
2014-05-29,2.05049,1.86895,1.27346,1.99568,0.47705,1.89351,1.34476,1.56471,3.06503
2014-05-30,2.05379,1.87196,1.27749,2.00202,0.47929,1.90254,1.35122,1.57218,3.07967
2014-06-02,2.05613,1.87410,1.28024,2.00635,0.48082,1.90873,1.35565,1.57729,3.08970
2014-06-03,2.05506,1.87313,1.27887,2.00419,0.48006,1.90566,1.35346,1.57476,3.08472
2014-06-04,2.05921,1.87692,1.28396,2.01220,0.48290,1.91710,1.36164,1.58421,3.10326
2014-06-05,2.07262,1.88915,1.30057,2.03834,0.49215,1.95445,1.38836,1.61507,3.16378
2014-06-06,2.08251,1.89818,1.31290,2.05773,0.49906,1.98234,1.40832,1.63812,3.20898
2014-06-09,2.08464,1.90012,1.31541,2.06169,0.50048,1.98809,1.41243,1.64287,3.21829
2014-06-10,2.08485,1.90032,1.31563,2.06203,0.50061,1.98859,1.41279,1.64329,3.21910
2014-06-11,2.07762,1.89371,1.30647,2.04762,0.49545,1.96777,1.39789,1.62608,3.18536
2014-06-12,2.06294,1.88031,1.28801,2.01858,0.48508,1.92593,1.36796,1.59150,3.11756
2014-06-13,2.06921,1.88604,1.29577,2.03079,0.48941,1.94341,1.38046,1.60595,3.14589
2014-06-16,2.07092,1.88760,1.29774,2.03388,0.49052,1.94788,1.38366,1.60965,3.15314
2014-06-17,2.07666,1.89284,1.30486,2.04509,0.49451,1.96399,1.39519,1.62296,3.17924
2014-06-18,2.09188,1.90672,1.32387,2.07499,0.50518,2.00706,1.42601,1.65855,3.24904
2014-06-19,2.09422,1.90886,1.32677,2.07956,0.50683,2.01369,1.43075,1.66403,3.25978
2014-06-20,2.09846,1.91273,1.33208,2.08791,0.50983,2.02583,1.43943,1.67406,3.27945
2014-06-23,2.09782,1.91215,1.33111,2.08638,0.50929,2.02364,1.43787,1.67225,3.27590
2014-06-24,2.08521,1.90064,1.31509,2.06119,0.50022,1.98701,1.41166,1.64198,3.21654
2014-06-25,2.09461,1.90922,1.32687,2.07971,0.50686,2.01380,1.43083,1.66412,3.25996
2014-06-26,2.09312,1.90786,1.32493,2.07666,0.50576,2.00937,1.42766,1.66046,3.25278
2014-06-27,2.09718,1.91156,1.33000,2.08464,0.50863,2.02096,1.43595,1.67004,3.27157
2014-06-30,2.09611,1.91059,1.32849,2.08226,0.50778,2.01754,1.43350,1.66721,3.26602
2014-07-01,2.11011,1.92337,1.34613,2.11001,0.51778,2.05788,1.46237,1.70055,3.33139
2014-07-02,2.11225,1.92532,1.34880,2.11421,0.51930,2.06402,1.46676,1.70562,3.34135
2014-07-03,2.12262,1.93478,1.36195,2.13490,0.52681,2.09432,1.48844,1.73066,3.39044
2014-07-07,2.11525,1.92805,1.35229,2.11971,0.52128,2.07203,1.47249,1.71224,3.35432
2014-07-08,2.10167,1.91566,1.33493,2.09239,0.51136,2.03200,1.44385,1.67916,3.28945
2014-07-09,2.11108,1.92425,1.34679,2.11105,0.51810,2.05918,1.46330,1.70163,3.33350
2014-07-10,2.10274,1.91664,1.33613,2.09428,0.51202,2.03466,1.44575,1.68136,3.29377
2014-07-11,2.10562,1.91927,1.33973,2.09995,0.51407,2.04293,1.45167,1.68820,3.30717
2014-07-14,2.11621,1.92893,1.35300,2.12082,0.52163,2.07341,1.47348,1.71339,3.35657
2014-07-15,2.11225,1.92532,1.34790,2.11280,0.51872,2.06167,1.46508,1.70368,3.33753
2014-07-16,2.12006,1.93244,1.35778,2.12834,0.52435,2.08442,1.48136,1.72248,3.37440
2014-07-17,2.09600,1.91049,1.32700,2.07992,0.50674,2.01333,1.43049,1.66373,3.25920
2014-07-18,2.11738,1.93000,1.35394,2.12230,0.52198,2.07485,1.47451,1.71458,3.35890
2014-07-21,2.11343,1.92639,1.34873,2.11411,0.51902,2.06288,1.46595,1.70468,3.33950
2014-07-22,2.12262,1.93478,1.36038,2.13243,0.52566,2.08970,1.48513,1.72684,3.38296
2014-07-23,2.12733,1.93907,1.36633,2.14180,0.52908,2.10348,1.49500,1.73823,3.40529
2014-07-24,2.12743,1.93917,1.36642,2.14193,0.52913,2.10368,1.49514,1.73840,3.40562
2014-07-25,2.11749,1.93010,1.35363,2.12181,0.52179,2.07407,1.47395,1.71392,3.35762
2014-07-28,2.11835,1.93088,1.35455,2.12327,0.52233,2.07624,1.47550,1.71572,3.36114
2014-07-29,2.10926,1.92259,1.34291,2.10495,0.51567,2.04939,1.45629,1.69353,3.31764
2014-07-30,2.10958,1.92288,1.34327,2.10551,0.51588,2.05022,1.45688,1.69422,3.31897
2014-07-31,2.06799,1.88493,1.29041,2.02235,0.48580,1.92882,1.37002,1.59389,3.12224
2014-08-01,2.06169,1.87917,1.28251,2.00993,0.48140,1.91106,1.35731,1.57921,3.09346
2014-08-04,2.07655,1.89273,1.30079,2.03868,0.49156,1.95207,1.38666,1.61311,3.15993
2014-08-05,2.05645,1.87439,1.27563,1.99910,0.47749,1.89527,1.34601,1.56617,3.06788
2014-08-06,2.05709,1.87498,1.27638,2.00027,0.47790,1.89694,1.34721,1.56755,3.07059
2014-08-07,2.04597,1.86483,1.26257,1.97855,0.47025,1.86607,1.32512,1.54204,3.02056
2014-08-08,2.06960,1.88639,1.29158,2.02420,0.48625,1.93063,1.37131,1.59539,3.12518
2014-08-11,2.07558,1.89186,1.29888,2.03567,0.49032,1.94707,1.38308,1.60897,3.15182
2014-08-12,2.07270,1.88922,1.29522,2.02992,0.48828,1.93883,1.37718,1.60217,3.13848
2014-08-13,2.08670,1.90200,1.31262,2.05729,0.49799,1.97804,1.40524,1.63457,3.20201
2014-08-14,2.09654,1.91098,1.32490,2.07661,0.50490,2.00591,1.42518,1.65760,3.24717
2014-08-15,2.09611,1.91059,1.32431,2.07568,0.50457,2.00457,1.42422,1.65649,3.24500
2014-08-18,2.11364,1.92659,1.34623,2.11017,0.51695,2.05455,1.45998,1.69780,3.32600
2014-08-19,2.12465,1.93664,1.36016,2.13209,0.52488,2.08656,1.48288,1.72425,3.37787
2014-08-20,2.13032,1.94181,1.36734,2.14338,0.52899,2.10314,1.49475,1.73795,3.40474
2014-08-21,2.13652,1.94746,1.37522,2.15578,0.53352,2.12140,1.50781,1.75304,3.43432
2014-08-22,2.13321,1.94444,1.37091,2.14900,0.53104,2.11141,1.50066,1.74478,3.41813
2014-08-25,2.14400,1.95429,1.38458,2.17051,0.53890,2.14313,1.52336,1.77100,3.46954
2014-08-26,2.14539,1.95556,1.38632,2.17324,0.53990,2.14718,1.52626,1.77435,3.47611
2014-08-27,2.14454,1.95478,1.38516,2.17142,0.53924,2.14450,1.52434,1.77213,3.47175
2014-08-28,2.14336,1.95371,1.38359,2.16894,0.53833,2.14085,1.52173,1.76911,3.46584
2014-08-29,2.14946,1.95927,1.39138,2.18120,0.54283,2.15900,1.53471,1.78411,3.49525
2014-09-02,2.14839,1.95829,1.38977,2.17867,0.54191,2.15530,1.53207,1.78105,3.48926
2014-09-03,2.14721,1.95722,1.38820,2.17620,0.54101,2.15164,1.52945,1.77803,3.48333
2014-09-04,2.14411,1.95439,1.38414,2.16982,0.53867,2.14220,1.52269,1.77023,3.46803
2014-09-05,2.15373,1.96317,1.39647,2.18922,0.54579,2.17093,1.54325,1.79397,3.51459
2014-09-08,2.14817,1.95810,1.38912,2.17765,0.54153,2.15375,1.53096,1.77978,3.48676
2014-09-09,2.13460,1.94571,1.37155,2.15001,0.53138,2.11279,1.50165,1.74592,3.42037
2014-09-10,2.14261,1.95303,1.38177,2.16609,0.53725,2.13649,1.51861,1.76551,3.45877
2014-09-11,2.14507,1.95527,1.38488,2.17098,0.53905,2.14373,1.52379,1.77149,3.47051
2014-09-12,2.13256,1.94385,1.36872,2.14555,0.52972,2.10610,1.49686,1.74039,3.40953
2014-09-15,2.13096,1.94239,1.36650,2.14207,0.52846,2.10100,1.49321,1.73618,3.40127
2014-09-16,2.14700,1.95702,1.38695,2.17424,0.54019,2.14833,1.52708,1.77530,3.47797
2014-09-17,2.14988,1.95966,1.39062,2.18000,0.54231,2.15688,1.53320,1.78236,3.49183
2014-09-18,2.16132,1.97010,1.40532,2.20313,0.55081,2.19121,1.55776,1.81073,3.54745
2014-09-19,2.15938,1.96832,1.40274,2.19907,0.54932,2.18517,1.55344,1.80574,3.53767
2014-09-22,2.14273,1.95313,1.38100,2.16488,0.53670,2.13426,1.51701,1.76366,3.45516
2014-09-23,2.13049,1.94196,1.36521,2.14003,0.52760,2.09754,1.49074,1.73332,3.39566
2014-09-24,2.14713,1.95715,1.38643,2.17342,0.53976,2.14662,1.52585,1.77388,3.47519
2014-09-25,2.11255,1.92559,1.34184,2.10326,0.51402,2.04273,1.45152,1.68803,3.30685
2014-09-26,2.12930,1.94088,1.36301,2.13657,0.52604,2.09124,1.48623,1.72812,3.38546
2014-09-29,2.12544,1.93735,1.35791,2.12855,0.52314,2.07951,1.47784,1.71842,3.36644
2014-09-30,2.11985,1.93225,1.35074,2.11727,0.51905,2.06300,1.46602,1.70478,3.33969
2014-10-01,2.09118,1.90608,1.31425,2.05986,0.49827,1.97913,1.40601,1.63547,3.20378
2014-10-02,2.09150,1.90638,1.31460,2.06041,0.49847,1.97994,1.40095,1.63614,3.20509
2014-10-03,2.11448,1.92735,1.34335,2.10564,0.51462,2.04513,1.40095,1.69001,3.31073
2014-10-06,2.11201,1.92510,1.34006,2.10047,0.51276,2.03763,1.37692,1.68381,3.29857
2014-10-07,2.07947,1.89540,1.29884,2.03561,0.48939,1.94330,1.31220,1.60586,3.14571
2014-10-08,2.11577,1.92853,1.34399,2.10665,0.51458,2.04499,1.31320,1.68990,3.31051
2014-10-09,2.07388,1.89030,1.29088,2.02309,0.48445,1.92339,1.23999,1.58940,3.11344
2014-10-10,2.05025,1.86874,1.26151,1.97688,0.46813,1.85752,1.23784,1.53497,3.00671
2014-10-13,2.01664,1.83806,1.22013,1.91177,0.44541,1.76583,1.23784,1.53158,2.85812
2014-10-14,2.01975,1.84619,1.22383,1.93050,0.44742,1.79261,1.23784,1.53158,2.87123
2014-10-15,2.00611,1.84619,1.20731,1.93050,0.43849,1.79261,1.23784,1.53158,2.81282
2014-10-16,2.00439,1.84619,1.20520,1.93050,0.43736,1.79261,1.23784,1.53158,2.80543
2014-10-17,2.02802,1.84619,1.23347,1.93050,0.45252,1.79261,1.23784,1.53158,2.89974
2014-10-20,2.04768,1.84619,1.25715,1.93050,0.46538,1.79261,1.23784,1.53158,2.99666
2014-10-21,2.08817,1.86760,1.30665,1.97704,0.49250,1.85831,1.23784,1.53158,3.17380
2014-10-22,2.07335,1.85422,1.28811,1.94842,0.48215,1.81769,1.23784,1.48931,3.10621
2014-10-23,2.09740,1.87594,1.31785,1.99432,0.49864,1.88240,1.23784,1.54149,3.21390
2014-10-24,2.11352,1.89049,1.33798,2.02539,0.50993,1.92669,1.23784,1.57721,3.28761
2014-10-27,2.11062,1.88787,1.33416,2.01949,0.50778,1.91826,1.24460,1.57041,3.27358
2014-10-28,2.13478,1.90969,1.36457,2.06641,0.52493,1.98556,1.28694,1.62469,3.38559
2014-10-29,2.13156,1.90678,1.36041,2.05998,0.52256,1.97626,1.28109,1.61719,3.37011
2014-10-30,2.14520,1.91909,1.37771,2.08669,0.53242,2.01493,1.30542,1.64838,3.43448
2014-10-31,2.16969,1.94120,1.40902,2.13499,0.55036,2.08534,1.34972,1.70517,3.55166
2014-11-03,2.17087,1.94227,1.41038,2.13709,0.55115,2.08847,1.35169,1.70769,3.55688
2014-11-04,2.16335,1.93548,1.40058,2.12198,0.54548,2.06620,1.33768,1.68973,3.51980
2014-11-05,2.17699,1.94780,1.41814,2.14906,0.55562,2.10600,1.36272,1.72183,3.58605
2014-11-06,2.18569,1.95565,1.42938,2.16641,0.56216,2.13167,1.37886,1.74253,3.62876
2014-11-07,2.18773,1.95749,1.43199,2.17043,0.56368,2.13764,1.38262,1.74735,3.63871
2014-11-10,2.19461,1.96370,1.44079,2.18401,0.56883,2.15785,1.39534,1.76364,3.67234
2014-11-11,2.19675,1.96564,1.44354,2.18826,0.57045,2.16419,1.39933,1.76876,3.68290
2014-11-12,2.19439,1.96351,1.44039,2.18339,0.56860,2.15695,1.39477,1.76292,3.67084
2014-11-13,2.19686,1.96574,1.44356,2.18829,0.57047,2.16426,1.39937,1.76882,3.68302
2014-11-14,2.19740,1.96622,1.44421,2.18929,0.57085,2.16576,1.40031,1.77003,3.68551
2014-11-17,2.19879,1.96748,1.44587,2.19184,0.57183,2.16961,1.40274,1.77313,3.69192
2014-11-18,2.21147,1.97892,1.46243,2.21740,0.58156,2.20777,1.42675,1.80391,3.75544
2014-11-19,2.20792,1.97572,1.45770,2.21010,0.57877,2.19682,1.41986,1.79508,3.73721
2014-11-20,2.21179,1.97921,1.46273,2.21786,0.58173,2.20847,1.42719,1.80448,3.75661
2014-11-21,2.22361,1.98988,1.47825,2.24182,0.59090,2.24445,1.44982,1.83350,3.81649
2014-11-24,2.22983,1.99551,1.48634,2.25429,0.59571,2.26332,1.46169,1.84871,3.84789
2014-11-25,2.22822,1.99405,1.48414,2.25090,0.59440,2.25819,1.45847,1.84458,3.83936
2014-11-26,2.23392,1.99919,1.49164,2.26247,0.59887,2.27572,1.46949,1.85871,3.86852
2014-11-28,2.22919,1.99492,1.48523,2.25258,0.59505,2.26074,1.46007,1.84663,3.84359
2014-12-01,2.21372,1.98096,1.46449,2.22058,0.58273,2.21237,1.42965,1.80763,3.76311
2014-12-02,2.22801,1.99386,1.48328,2.24958,0.59383,2.25594,1.45705,1.84276,3.83561
2014-12-03,2.23660,2.00161,1.49463,2.26709,0.60058,2.28243,1.47372,1.86413,3.87970
2014-12-04,2.23413,1.99938,1.49128,2.26192,0.59858,2.27459,1.46879,1.85781,3.86666
2014-12-05,2.23778,2.00268,1.49608,2.26933,0.60145,2.28584,1.47586,1.86688,3.88538
2014-12-08,2.22285,1.98920,1.47599,2.23833,0.58947,2.23881,1.44628,1.82895,3.80712
2014-12-09,2.22135,1.98784,1.47394,2.23516,0.58826,2.23405,1.44329,1.82511,3.79920
2014-12-10,2.18580,1.95574,1.42683,2.16246,0.56035,2.12452,1.37438,1.73678,3.61691
2014-12-11,2.19686,1.96573,1.44118,2.18460,0.56871,2.15734,1.39503,1.76324,3.67152
2014-12-12,2.16142,1.93373,1.39474,2.11295,0.54152,2.05064,1.32791,1.67720,3.49396
2014-12-15,2.14660,1.92034,1.37550,2.08326,0.53045,2.00720,1.30058,1.64216,3.42166
2014-12-16,2.12941,1.90483,1.35349,2.04929,0.51787,1.95782,1.26951,1.60233,3.33947
2014-12-17,2.17108,1.94245,1.40625,2.13070,0.54779,2.07525,1.27840,1.69704,3.53491
2014-12-18,2.22468,1.99085,1.47542,2.23744,0.58776,2.23211,1.31583,1.82355,3.79596
2014-12-19,2.23413,1.99938,1.48786,2.25664,0.59512,2.26099,1.33328,1.84684,3.84404
2014-12-22,2.24439,2.00864,1.50131,2.27739,0.60312,2.29237,1.35223,1.87215,3.89626
2014-12-23,2.24741,2.01137,1.50528,2.28352,0.60549,2.30168,1.35786,1.87966,3.91176
2014-12-24,2.24763,2.01157,1.50551,2.28387,0.60563,2.30223,1.35819,1.88010,3.91267
2014-12-26,2.25486,2.01810,1.51506,2.29860,0.61134,2.32464,1.37173,1.89818,3.94998
2014-12-29,2.25789,2.02083,1.51893,2.30457,0.61367,2.33379,1.37726,1.90556,3.96520
2014-12-30,2.24579,2.00991,1.50264,2.27943,0.60390,2.29543,1.35408,1.87462,3.90137
2014-12-31,2.22355,1.98982,1.47289,2.23352,0.58615,2.22576,1.31199,1.81843,3.78541
2015-01-02,2.22236,1.98875,1.47120,2.23091,0.58515,2.22187,1.30963,1.81529,3.77894
2015-01-05,2.18229,1.95257,1.41811,2.14900,0.55382,2.09891,1.23535,1.71613,3.57431
2015-01-06,2.16177,1.93404,1.39146,2.10788,0.53839,2.03833,1.19875,1.66728,3.47349
2015-01-07,2.18866,1.95832,1.42593,2.16105,0.55816,2.11594,1.24563,1.72987,3.60265
2015-01-08,2.22743,1.99333,1.47625,2.23870,0.58739,2.23063,1.31493,1.82236,3.79353
2015-01-09,2.20961,1.97724,1.45263,2.20226,0.57344,2.17590,1.28186,1.77822,3.70244
2015-01-12,2.19233,1.96164,1.42980,2.16703,0.56008,2.12344,1.25016,1.73592,3.61514
2015-01-13,2.18618,1.95608,1.42173,2.15458,0.55539,2.10506,1.23906,1.72110,3.58455
2015-01-14,2.17300,1.94418,1.40459,2.12812,0.54546,2.06608,1.21551,1.68966,3.51968
2015-01-15,2.15313,1.92624,1.37891,2.08851,0.53068,2.00806,1.18045,1.64287,3.42312
2015-01-16,2.18132,1.95169,1.41486,2.14397,0.55119,2.08856,1.17461,1.70778,3.55708
2015-01-20,2.18596,1.95588,1.42063,2.15288,0.55454,2.10171,1.16727,1.71839,3.57898
2015-01-21,2.19698,1.96583,1.43485,2.17483,0.56278,2.13403,1.18511,1.74446,3.63278
2015-01-22,2.22959,1.99528,1.47728,2.24029,0.58747,2.23093,1.23856,1.82261,3.79405
2015-01-23,2.21739,1.98426,1.46109,2.21531,0.57791,2.19344,1.21788,1.79238,3.73166
2015-01-26,2.22257,1.98894,1.46773,2.22555,0.58182,2.20877,1.22633,1.80474,3.75717
2015-01-27,2.19331,1.96251,1.42912,2.16597,0.55911,2.11963,1.17716,1.73285,3.60882
2015-01-28,2.16523,1.93716,1.39257,2.10958,0.53790,2.03640,1.13125,1.66572,3.47029
2015-01-29,2.18521,1.95520,1.41814,2.14904,0.55255,2.09388,1.16296,1.71209,3.56597
2015-01-30,2.15778,1.93043,1.38258,2.09416,0.53200,2.01324,1.11848,1.64705,3.43175
2015-02-02,2.18445,1.95451,1.41650,2.14650,0.55136,2.08921,1.12760,1.70832,3.55819
2015-02-03,2.21599,1.98299,1.45722,2.20934,0.57487,2.18150,1.15728,1.78275,3.71178
2015-02-04,2.20756,1.97538,1.44612,2.19220,0.56837,2.15599,1.14377,1.76218,3.66933
2015-02-05,2.22981,1.99547,1.47513,2.23696,0.58529,2.22240,1.17893,1.81573,3.77986
2015-02-06,2.22365,1.98991,1.46695,2.22434,0.58048,2.20350,1.16892,1.80049,3.74841
2015-02-09,2.21372,1.98094,1.45369,2.20389,0.57271,2.17300,1.15278,1.77589,3.69764
2015-02-10,2.23726,2.00219,1.48447,2.25138,0.59070,2.24363,1.19017,1.83286,3.81519
2015-02-11,2.23856,2.00336,1.48613,2.25394,0.59169,2.24748,1.19221,1.83596,3.82161
2015-02-12,2.26005,2.02277,1.51453,2.29776,0.60848,2.31337,1.22709,1.88911,3.93127
2015-02-13,2.26934,2.03116,1.52688,2.31682,0.61585,2.34232,1.24241,1.91245,3.97944
2015-02-17,2.27290,2.03437,1.53142,2.32383,0.61859,2.35304,1.24809,1.92110,3.99730
2015-02-18,2.27312,2.03457,1.53165,2.32418,0.61873,2.35360,1.24839,1.92155,3.99822
2015-02-19,2.27150,2.03310,1.52941,2.32073,0.61739,2.34834,1.24560,1.91731,3.98947
2015-02-20,2.28510,2.04539,1.54763,2.34883,0.62831,2.39122,1.26830,1.95189,4.06083
2015-02-23,2.28478,2.04510,1.54701,2.34787,0.62795,2.38978,1.26754,1.95073,4.05844
2015-02-24,2.29126,2.05095,1.55570,2.36128,0.63319,2.41036,1.27844,1.96733,4.09269
2015-02-25,2.28932,2.04919,1.55300,2.35712,0.63157,2.40398,1.27506,1.96218,4.08207
2015-02-26,2.28662,2.04675,1.54928,2.35139,0.62932,2.39518,1.27040,1.95509,4.06743
2015-02-27,2.27884,2.03973,1.53871,2.33507,0.62295,2.37015,1.25715,1.93490,4.02578
2015-03-02,2.29320,2.05270,1.55787,2.36464,0.63448,2.41542,1.28111,1.97141,4.10112
2015-03-03,2.28381,2.04422,1.54508,2.34489,0.62674,2.38505,1.26503,1.94692,4.05057
2015-03-04,2.27420,2.03554,1.53204,2.32478,0.61889,2.35423,1.24872,1.92207,3.99929
2015-03-05,2.27668,2.03778,1.53532,2.32984,0.62086,2.36197,1.25282,1.92830,4.01216
2015-03-06,2.24471,2.00892,1.49225,2.26338,0.59500,2.26046,1.19908,1.84644,3.84322
2015-03-09,2.25400,2.01730,1.50439,2.28211,0.60219,2.28869,1.21403,1.86921,3.89022
2015-03-10,2.21750,1.98434,1.45573,2.20702,0.57327,2.17520,1.15394,1.77768,3.70134
2015-03-11,2.21231,1.97966,1.44889,2.19646,0.56928,2.15951,1.14564,1.76503,3.67523
2015-03-12,2.24039,2.00502,1.48551,2.25296,0.59063,2.24331,1.19000,1.83261,3.81470
2015-03-13,2.22668,1.99263,1.46731,2.22488,0.57989,2.20117,1.16769,1.79862,3.74456
2015-03-16,2.25638,2.01945,1.50616,2.28484,0.60269,2.29065,1.21506,1.87079,3.89349
2015-03-17,2.24968,2.01340,1.49719,2.27099,0.59736,2.26973,1.20399,1.85392,3.85867
2015-03-18,2.27668,2.03778,1.53297,2.32620,0.61856,2.35293,1.24803,1.92102,3.99714
2015-03-19,2.26631,2.02842,1.51898,2.30461,0.61018,2.32004,1.23062,1.89450,3.94240
2015-03-20,2.28628,2.04645,1.54562,2.34572,0.62608,2.38243,1.26365,1.94481,4.04623
2015-03-23,2.28184,2.04243,1.53944,2.33618,0.62237,2.36787,1.25594,1.93307,4.02200
2015-03-24,2.26904,2.03088,1.52215,2.30950,0.61199,2.32713,1.23437,1.90021,3.95420
2015-03-25,2.23584,2.00090,1.47766,2.24086,0.58543,2.22291,1.17920,1.81616,3.78075
2015-03-26,2.23053,1.99610,1.47060,2.22995,0.58128,2.20661,1.17057,1.80301,3.75362
2015-03-27,2.23562,2.00071,1.47724,2.24021,0.58518,2.22192,1.17868,1.81536,3.77911
2015-03-30,2.26285,2.02529,1.51295,2.29530,0.60619,2.30435,1.22232,1.88185,3.91630
2015-03-31,2.24311,2.00746,1.48656,2.25458,0.59048,2.24274,1.18970,1.83215,3.81376
2015-04-01,2.23519,2.00031,1.47603,2.23833,0.58428,2.21838,1.17681,1.81252,3.77323
2015-04-02,2.24322,2.00756,1.48654,2.25455,0.59046,2.24264,1.18965,1.83208,3.81360
2015-04-06,2.25830,2.02118,1.50623,2.28494,0.60209,2.28827,1.21380,1.86887,3.88953
2015-04-07,2.25233,2.01579,1.49824,2.27260,0.59734,2.26965,1.20394,1.85386,3.85855
2015-04-08,2.25992,2.02264,1.50825,2.28805,0.60327,2.29293,1.21627,1.87263,3.89729
2015-04-09,2.26990,2.03166,1.52148,2.30846,0.61113,2.32377,1.23259,1.89751,3.94862
2015-04-10,2.28227,2.04282,1.53795,2.33388,0.62096,2.36235,1.25302,1.92862,4.01283
2015-04-13,2.27196,2.03352,1.52391,2.31221,0.61256,2.32934,1.23555,1.90201,3.95791
2015-04-14,2.27630,2.03743,1.52966,2.32108,0.61599,2.34282,1.24268,1.91287,3.98033
2015-04-15,2.28650,2.04664,1.54326,2.34207,0.62413,2.37477,1.25960,1.93864,4.03351
2015-04-16,2.28585,2.04605,1.54233,2.34063,0.62357,2.37257,1.25843,1.93687,4.02986
2015-04-17,2.25960,2.02235,1.50693,2.28601,0.60232,2.28915,1.21427,1.86960,3.89103
2015-04-20,2.28021,2.04096,1.53417,2.32804,0.61849,2.35264,1.24788,1.92080,3.99669
2015-04-21,2.27750,2.03851,1.53047,2.32232,0.61628,2.34395,1.24328,1.91379,3.98223
2015-04-22,2.28867,2.04860,1.54538,2.34534,0.62520,2.37898,1.26182,1.94204,4.04052
2015-04-23,2.29442,2.05379,1.55306,2.35719,0.62982,2.39711,1.27142,1.95666,4.07070
2015-04-24,2.29973,2.05859,1.56018,2.36817,0.63411,2.41395,1.28034,1.97024,4.09872
2015-04-27,2.29019,2.04997,1.54707,2.34794,0.62621,2.38292,1.26391,1.94522,4.04709
2015-04-28,2.29746,2.05653,1.55680,2.36296,0.63207,2.40590,1.27608,1.96375,4.08534
2015-04-29,2.28802,2.04801,1.54398,2.34318,0.62434,2.37557,1.26002,1.93929,4.03485
2015-04-30,2.26513,2.02734,1.51311,2.29553,0.60579,2.30280,1.22149,1.88060,3.91374
2015-05-01,2.28965,2.04948,1.54572,2.34585,0.62518,2.37889,1.26178,1.94197,4.04039
2015-05-04,2.29616,2.05535,1.55430,2.35909,0.63035,2.39917,1.27251,1.95833,4.07414
2015-05-05,2.26990,2.03165,1.51878,2.30429,0.60896,2.31521,1.22807,1.89061,3.93440
2015-05-06,2.26057,2.02323,1.50627,2.28498,0.60151,2.28598,1.21259,1.86704,3.88577
2015-05-07,2.26958,2.03136,1.51818,2.30335,0.60857,2.31371,1.22727,1.88940,3.93190
2015-05-08,2.29941,2.05829,1.55792,2.36469,0.63224,2.40658,1.27643,1.96430,4.08647
2015-05-11,2.28845,2.04840,1.54293,2.34155,0.62321,2.37114,1.25767,1.93572,4.02749
2015-05-12,2.28162,2.04223,1.53367,2.32727,0.61766,2.34936,1.24614,1.91816,3.99125
2015-05-13,2.28205,2.04262,1.53419,2.32807,0.61797,2.35059,1.24680,1.91915,3.99330
2015-05-14,2.30581,2.06407,1.56599,2.37714,0.63700,2.42527,1.28633,1.97938,4.11759
2015-05-15,2.30830,2.06632,1.56931,2.38226,0.63901,2.43316,1.29051,1.98574,4.13071
2015-05-18,2.31546,2.07279,1.57883,2.39695,0.64478,2.45581,1.30250,2.00401,4.16841
2015-05-19,2.31471,2.07210,1.57774,2.39526,0.64412,2.45321,1.30112,2.00192,4.16409
2015-05-20,2.31308,2.07063,1.57546,2.39174,0.64275,2.44781,1.29826,1.99756,4.15510
2015-05-21,2.31980,2.07670,1.58454,2.40575,0.64825,2.46941,1.30970,2.01498,4.19106
2015-05-22,2.31427,2.07171,1.57693,2.39402,0.64363,2.45129,1.30010,2.00037,4.16089
2015-05-26,2.28943,2.04928,1.54291,2.34151,0.62301,2.37036,1.25726,1.93510,4.02621
2015-05-27,2.31113,2.06887,1.57202,2.38643,0.64047,2.43889,1.29354,1.99037,4.14026
2015-05-28,2.30852,2.06652,1.56842,2.38088,0.63830,2.43036,1.28903,1.98349,4.12607
2015-05-29,2.29420,2.05359,1.54895,2.35083,0.62653,2.38417,1.26457,1.94624,4.04919
2015-06-01,2.29887,2.05780,1.55505,2.36024,0.63021,2.39859,1.27221,1.95787,4.07320
2015-06-02,2.29659,2.05574,1.55191,2.35540,0.62832,2.39119,1.26829,1.95190,4.06089
2015-06-03,2.30266,2.06122,1.56004,2.36794,0.63321,2.41039,1.27845,1.96739,4.09284
2015-06-04,2.28325,2.04369,1.53373,2.32735,0.61735,2.34814,1.24550,1.91719,3.98924
2015-06-05,2.27934,2.04017,1.52844,2.31918,0.61419,2.33573,1.23893,1.90718,3.96859
2015-06-08,2.26535,2.02753,1.50953,2.29000,0.60292,2.29149,1.21551,1.87150,3.89497
2015-06-09,2.26502,2.02724,1.50904,2.28924,0.60263,2.29036,1.21491,1.87059,3.89308
2015-06-10,2.29214,2.05172,1.54502,2.34476,0.62397,2.37411,1.25925,1.93813,4.03246
2015-06-11,2.29952,2.05838,1.55488,2.35997,0.62989,2.39733,1.27154,1.95686,4.07111
2015-06-12,2.28194,2.04251,1.53111,2.32330,0.61559,2.34121,1.24183,1.91159,3.97771
2015-06-15,2.27218,2.03370,1.51786,2.30285,0.60768,2.31019,1.22541,1.88658,3.92609
2015-06-16,2.28455,2.04486,1.53428,2.32818,0.61745,2.34851,1.24570,1.91749,3.98987
2015-06-17,2.28824,2.04819,1.53916,2.33571,0.62037,2.35997,1.25176,1.92673,4.00895
2015-06-18,2.31199,2.06965,1.57097,2.38481,0.63942,2.43474,1.29135,1.98703,4.13339
2015-06-19,2.30175,2.06039,1.55702,2.36328,0.63099,2.40164,1.27382,1.96034,4.07829
2015-06-22,2.31352,2.07102,1.57272,2.38750,0.64045,2.43878,1.29349,1.99029,4.14011
2015-06-23,2.31515,2.07250,1.57488,2.39083,0.64176,2.44391,1.29620,1.99443,4.14865
2015-06-24,2.29837,2.05734,1.55203,2.35558,0.62793,2.38964,1.26747,1.95066,4.05833
2015-06-25,2.29139,2.05104,1.54257,2.34098,0.62225,2.36734,1.25567,1.93268,4.02122
2015-06-26,2.29095,2.05065,1.54193,2.33998,0.62186,2.36583,1.25487,1.93146,4.01871
2015-06-29,2.24299,2.00734,1.47734,2.24032,0.58319,2.21404,1.17451,1.80904,3.76608
2015-06-30,2.24768,2.01157,1.48344,2.24973,0.58676,2.22807,1.20541,1.85611,3.78944
2015-07-01,2.26567,2.02781,1.50706,2.28618,0.60063,2.28251,1.20541,1.85611,3.88004
2015-07-02,2.26359,2.02594,1.50425,2.28184,0.59897,2.27600,1.20541,1.83384,3.86921
2015-07-06,2.25716,2.02013,1.49549,2.26832,0.59381,2.25572,1.20541,1.81764,3.83546
2015-07-07,2.27133,2.03293,1.51416,2.29712,0.60482,2.29892,1.20541,1.85215,3.90736
2015-07-08,2.23329,1.99858,1.46350,2.21896,0.57478,2.18103,1.20541,1.75799,3.71115
2015-07-09,2.23732,2.00222,1.46872,2.22701,0.57782,2.19296,1.20541,1.82156,3.73102
2015-07-10,2.26545,2.02761,1.50548,2.28374,0.59929,2.27722,1.20541,1.82156,3.87125
2015-07-13,2.29041,2.05015,1.53839,2.33452,0.61875,2.35360,1.20541,1.84003,3.99836
2015-07-14,2.30033,2.05911,1.55162,2.35493,0.62666,2.38463,1.22074,1.86441,4.05001
2015-07-15,2.29957,2.05842,1.55053,2.35325,0.62601,2.38208,1.21946,1.86241,4.04576
2015-07-16,2.31799,2.07505,1.57525,2.39140,0.64084,2.44027,1.24876,1.90813,4.14262
2015-07-17,2.31995,2.07682,1.57785,2.39540,0.64241,2.44645,1.25186,1.91298,4.15289
2015-07-20,2.32115,2.07791,1.57928,2.39762,0.64329,2.44990,1.25360,1.91569,4.15864
2015-07-21,2.31199,2.06964,1.56679,2.37834,0.63573,2.42024,1.23867,1.89239,4.10927
2015-07-22,2.30785,2.06590,1.56113,2.36960,0.63232,2.40685,1.23193,1.88187,4.08699
2015-07-23,2.29488,2.05419,1.54356,2.34249,0.62175,2.36537,1.21105,1.84928,4.01797
2015-07-24,2.27112,2.03273,1.51161,2.29319,0.60264,2.29037,1.17330,1.79035,3.89314
2015-07-27,2.25793,2.02082,1.49391,2.26588,0.59217,2.24929,1.15425,1.75808,3.82478
2015-07-28,2.28561,2.04582,1.53039,2.32217,0.61364,2.33355,1.15425,1.78243,3.96501
2015-07-29,2.30131,2.05999,1.55130,2.35443,0.62610,2.38242,1.17442,1.81358,4.04634
2015-07-30,2.30186,2.06048,1.55197,2.35546,0.62650,2.38401,1.17519,1.81477,4.04898
2015-07-31,2.29837,2.05733,1.54721,2.34812,0.62365,2.37282,1.16975,1.80638,4.03038
2015-08-03,2.29063,2.05034,1.53662,2.33178,0.61732,2.34798,1.15768,1.78773,3.98903
2015-08-04,2.28616,2.04631,1.53058,2.32245,0.61372,2.33384,1.15081,1.77712,3.96549
2015-08-05,2.29368,2.05310,1.54056,2.33785,0.61966,2.35717,1.16215,1.79463,4.00434
2015-08-06,2.27493,2.03617,1.51537,2.29899,0.60462,2.29813,1.13345,1.75032,3.90608
2015-08-07,2.27057,2.03223,1.50952,2.28995,0.60115,2.28453,1.12926,1.74011,3.88344
2015-08-10,2.29913,2.05802,1.54721,2.34811,0.62345,2.37203,1.12926,1.80578,4.02906
2015-08-11,2.27842,2.03932,1.51934,2.30510,0.60677,2.30657,1.12332,1.75665,3.92012
2015-08-12,2.28114,2.04178,1.52290,2.31060,0.60888,2.31486,1.09767,1.76288,3.93393
2015-08-13,2.27831,2.03922,1.51906,2.30467,0.60661,2.30593,1.09767,1.75617,3.91906
2015-08-14,2.28659,2.04670,1.53001,2.32157,0.61311,2.33143,1.09767,1.77532,3.96151
2015-08-17,2.29935,2.05822,1.54684,2.34754,0.62313,2.37078,1.12597,1.80485,4.02699
2015-08-18,2.29270,2.05221,1.53785,2.33367,0.61776,2.34968,1.11622,1.78901,3.99187
2015-08-19,2.27460,2.03587,1.51358,2.29621,0.60327,2.29285,1.08995,1.74636,3.89729
2015-08-20,2.22719,1.99306,1.45057,2.19899,0.56599,2.14652,1.06083,1.63653,3.65377
2015-08-21,2.16026,1.96911,1.36357,2.14796,0.51562,2.07243,1.06083,1.58092,3.32482
2015-08-24,2.06945,1.96911,1.24912,2.14796,0.45150,2.07243,1.06083,1.58092,2.80290
2015-08-25,2.04514,1.96911,1.21982,2.14796,0.43584,2.07243,1.06083,1.58092,2.80290
2015-08-26,2.12352,1.96911,1.31294,2.14796,0.48502,2.07243,1.06083,1.58092,2.80290
2015-08-27,2.17595,1.96911,1.37752,2.14796,0.52034,2.07243,1.06083,1.58092,2.80290
2015-08-28,2.17606,1.96911,1.37760,2.14796,0.52039,2.07243,1.06083,1.58092,2.80290
2015-08-31,2.15851,1.96911,1.35528,2.14796,0.50790,2.07243,1.06083,1.58092,2.80290
2015-09-01,2.09420,1.96911,1.27470,2.14796,0.46316,2.07243,1.06083,1.58092,2.80290
2015-09-02,2.13388,1.96911,1.32280,2.14796,0.48902,2.07243,1.06083,1.58092,2.80290
2015-09-03,2.13540,1.96911,1.32463,2.14796,0.49003,2.07243,1.06083,1.58092,2.80290
2015-09-04,2.10314,1.96911,1.28467,2.14796,0.46814,2.07243,1.06083,1.58092,2.80290
2015-09-08,2.15589,1.96911,1.34871,2.14796,0.50269,2.07243,1.06083,1.58092,2.80290
2015-09-09,2.12712,1.96911,1.31276,2.14796,0.48284,2.07243,1.06083,1.58092,2.80290
2015-09-10,2.13867,1.96911,1.32692,2.14796,0.49055,2.07243,1.06083,1.58092,2.80290
2015-09-11,2.14837,1.96911,1.33887,2.14796,0.49710,2.07243,1.06083,1.58092,2.80290
2015-09-14,2.14042,1.96911,1.32882,2.14796,0.49158,2.07243,1.06083,1.58092,2.80290
2015-09-15,2.16712,1.96911,1.36182,2.14796,0.50966,2.07243,1.06083,1.58092,2.80290
2015-09-16,2.18587,1.96911,1.38526,2.14796,0.52266,2.07243,1.06083,1.58092,2.80290
2015-09-17,2.18097,1.96911,1.37900,2.14796,0.51916,2.07243,1.06083,1.58092,2.80290
2015-09-18,2.14539,1.96911,1.33409,2.14796,0.49411,2.07243,1.06083,1.58092,2.80290
2015-09-21,2.15645,1.96911,1.34765,2.14796,0.50156,2.07243,1.06083,1.58092,2.80290
2015-09-22,2.12851,1.96911,1.31278,2.14796,0.48234,2.07243,1.06083,1.58092,2.80290
2015-09-23,2.12512,1.96911,1.30855,2.14796,0.48004,2.07243,1.06083,1.58092,2.80290
2015-09-24,2.11745,1.96911,1.29908,2.14796,0.47490,2.07243,1.06083,1.58092,2.80290
2015-09-25,2.11690,1.96911,1.29836,2.14796,0.47451,2.07243,1.06083,1.58092,2.80290
2015-09-28,2.06386,1.96911,1.23336,2.14796,0.43936,2.07243,1.06083,1.58092,2.80290
2015-09-29,2.06507,1.96911,1.23475,2.14796,0.44009,2.07243,1.06083,1.58092,2.80290
2015-09-30,2.10353,1.96911,1.28054,2.14796,0.46422,2.07243,1.06083,1.58092,2.80290
2015-10-01,2.10901,1.96911,1.28714,2.14796,0.46776,2.07243,1.06083,1.58092,2.80290
2015-10-02,2.14046,1.96911,1.32535,2.14796,0.48831,2.07243,1.06083,1.58092,2.80290
2015-10-05,2.17848,1.96911,1.37213,2.14796,0.51385,2.07243,1.06083,1.58092,2.80290
2015-10-06,2.17103,1.96911,1.36271,2.14796,0.50863,2.07243,1.06083,1.58092,2.80290
2015-10-07,2.18878,1.96911,1.38488,2.14796,0.52089,2.07243,1.06083,1.58092,2.80290
2015-10-08,2.20850,1.96911,1.40971,2.14796,0.53473,2.07243,1.06083,1.58092,2.80290
2015-10-09,2.20982,1.96911,1.41133,2.14796,0.53564,2.07243,1.06083,1.58092,2.80290
2015-10-12,2.21190,1.96911,1.41381,2.14796,0.53705,2.07243,1.06083,1.58092,2.80290
2015-10-13,2.19798,1.96911,1.39601,2.14796,0.52703,2.07243,1.06083,1.58092,2.80290
2015-10-14,2.18746,1.96911,1.38264,2.14796,0.51955,2.07243,1.06083,1.58092,2.80290
2015-10-15,2.22099,1.96911,1.42484,2.14796,0.54305,2.07243,1.06083,1.58092,2.80290
2015-10-16,2.23107,1.96911,1.43768,2.14796,0.55032,2.07243,1.06083,1.58092,2.80290
2015-10-19,2.23217,1.96911,1.43892,2.14796,0.55103,2.07243,1.07327,1.58092,2.80290
2015-10-20,2.22932,1.96911,1.43520,2.14796,0.54892,2.07243,1.06914,1.58092,2.80290
2015-10-21,2.21552,1.96911,1.41742,2.14796,0.53883,2.07243,1.04941,1.58092,2.80290
2015-10-22,2.25288,1.96911,1.46503,2.14796,0.56568,2.07243,1.06582,1.58092,2.80290
2015-10-23,2.27753,1.96971,1.49695,2.15123,0.58396,2.07816,1.06877,1.58529,2.81065
2015-10-26,2.27195,1.96482,1.48944,2.14018,0.57963,2.06203,1.06048,1.57299,2.78885
2015-10-27,2.26756,1.96098,1.48365,2.13165,0.57629,2.04960,1.05409,1.56351,2.77204
2015-10-28,2.29331,1.98352,1.51720,2.18105,0.59563,2.12154,1.09106,1.61837,2.86930
2015-10-29,2.29200,1.98237,1.51540,2.17840,0.59458,2.11765,1.08906,1.61541,2.86405
2015-10-30,2.28214,1.97373,1.50233,2.15915,0.58697,2.08935,1.07452,1.59382,2.82578
2015-11-02,2.30909,1.99733,1.53754,2.21100,0.60740,2.16532,1.11357,1.65177,2.92851
2015-11-03,2.31578,2.00318,1.54635,2.22398,0.61257,2.18456,1.12346,1.66644,2.95453
2015-11-04,2.30876,1.99704,1.53695,2.21013,0.60704,2.16400,1.11288,1.65075,2.92672
2015-11-05,2.30646,1.99503,1.53383,2.20553,0.60522,2.15720,1.10939,1.64557,2.91753
2015-11-06,2.30526,1.99397,1.53217,2.20308,0.60425,2.15359,1.10754,1.64282,2.91265
2015-11-09,2.28378,1.97517,1.50350,2.16087,0.58747,2.09119,1.07546,1.59523,2.82827
2015-11-10,2.28904,1.97977,1.51034,2.17094,0.59144,2.10595,1.08305,1.60649,2.84823
2015-11-11,2.28005,1.97191,1.49845,2.15343,0.58453,2.08025,1.06984,1.58689,2.81348
2015-11-12,2.24828,1.94409,1.45673,2.09200,0.56038,1.99041,1.02367,1.51837,2.69200
2015-11-13,2.22308,1.93751,1.42410,2.07974,0.54176,1.97373,0.98807,1.50565,2.59836
2015-11-16,2.25682,1.93752,1.46703,2.07975,0.56598,1.97373,0.98377,1.50565,2.58705
2015-11-17,2.25518,1.93078,1.46484,2.06716,0.56473,1.95675,0.97531,1.49270,2.56479
2015-11-18,2.29090,1.96148,1.51105,2.13296,0.59117,2.05035,1.02197,1.56409,2.68749
2015-11-19,2.28893,1.95978,1.50839,2.12917,0.58962,2.04489,1.01925,1.55993,2.68033
2015-11-20,2.29726,1.96694,1.51927,2.14466,0.59594,2.06725,1.03040,1.57699,2.70965
2015-11-23,2.29463,1.96468,1.51561,2.13945,0.59382,2.05973,1.02664,1.57125,2.69979
2015-11-24,2.29770,1.96732,1.51959,2.14511,0.59613,2.06793,1.03073,1.57750,2.71054
2015-11-25,2.29737,1.96704,1.51909,2.14440,0.59584,2.06690,1.03022,1.57672,2.70919
2015-11-27,2.30000,1.96930,1.52242,2.14914,0.59779,2.07379,1.03365,1.58197,2.71822
2015-11-30,2.29046,1.96110,1.50963,2.13093,0.59034,2.04742,1.02051,1.56186,2.68365
2015-12-01,2.31227,1.97984,1.53823,2.17165,0.60694,2.10620,1.04981,1.60669,2.76071
2015-12-02,2.28871,1.95960,1.50690,2.12704,0.58858,2.04121,1.01741,1.55712,2.67551
2015-12-03,2.25672,1.93210,1.46481,2.06711,0.56418,1.95482,0.97434,1.49122,2.56226
2015-12-04,2.30065,1.96986,1.52163,2.14801,0.59665,2.06977,1.03165,1.57891,2.71296
2015-12-07,2.28674,1.95790,1.50306,2.12157,0.58585,2.03152,1.01258,1.54973,2.66281
2015-12-08,2.27140,1.94471,1.48287,2.09283,0.57417,1.99019,0.99197,1.51820,2.60862
2015-12-09,2.25376,1.92955,1.45983,2.06002,0.56094,1.94332,0.96861,1.48245,2.54718
2015-12-10,2.25956,1.93454,1.46727,2.07061,0.56518,1.95833,0.97609,1.49390,2.56685
2015-12-11,2.21584,1.89697,1.41058,1.98989,0.53278,1.84363,0.91891,1.40641,2.41649
2015-12-14,2.22702,1.89693,1.42457,1.99173,0.54062,1.84708,0.92063,1.40905,2.42101
2015-12-15,2.25036,1.89694,1.45428,1.99174,0.55734,1.84709,0.92416,1.40905,2.42103
2015-12-16,2.28323,1.89695,1.49658,1.99175,0.58139,1.84710,0.96574,1.44182,2.47733
2015-12-17,2.24850,1.86288,1.45110,1.92198,0.55517,1.75095,0.92041,1.37448,2.36163
2015-12-18,2.20851,1.85305,1.39956,1.90350,0.52592,1.72649,0.86984,1.29939,2.23259
2015-12-21,2.22669,1.85306,1.42235,1.90351,0.53862,1.72650,0.88761,1.32578,2.27794
2015-12-22,2.24687,1.85307,1.44799,1.90352,0.55302,1.72651,0.89699,1.32578,2.27794
2015-12-23,2.27464,1.85308,1.48362,1.90353,0.57320,1.72651,0.93078,1.35041,2.27795
2015-12-24,2.27090,1.85096,1.47868,1.90090,0.57037,1.72376,0.92604,1.34351,2.27433
2015-12-28,2.26571,1.84673,1.47168,1.89189,0.56638,1.71155,0.91935,1.33378,2.25821
2015-12-29,2.28985,1.86643,1.50289,1.93208,0.58420,1.76602,0.94917,1.37717,2.33008
2015-12-30,2.27365,1.85321,1.48161,1.90468,0.57192,1.72850,0.92863,1.34728,2.28057
2015-12-31,2.25094,1.83468,1.45203,1.86658,0.55498,1.67671,0.90027,1.30602,2.21225
2016-01-04,2.21953,1.80255,1.41136,1.80313,0.53193,1.59212,0.86170,1.24990,2.11929
2016-01-05,2.22328,1.80256,1.41605,1.80313,0.53455,1.59213,0.86582,1.25589,2.12922
2016-01-06,2.19528,1.80256,1.38042,1.80314,0.51462,1.59213,0.87117,1.25590,2.12923
2016-01-07,2.14270,1.80257,1.31443,1.80314,0.47816,1.59214,0.82656,1.25590,2.12924
2016-01-08,2.11922,1.80257,1.28566,1.80315,0.46267,1.59214,0.82656,1.25590,2.12924
2016-01-11,2.12132,1.80259,1.28802,1.80316,0.46393,1.59215,0.82656,1.25591,2.12926
2016-01-12,2.13840,1.80259,1.30864,1.80317,0.47492,1.59216,0.82657,1.25592,2.12927
2016-01-13,2.08516,1.80260,1.24363,1.80317,0.44000,1.59216,0.82657,1.25592,2.12927
2016-01-14,2.11933,1.80260,1.28419,1.80318,0.46122,1.59217,0.82657,1.25593,2.12928
2016-01-15,2.07392,1.80261,1.22927,1.80319,0.43205,1.59217,0.82658,1.25593,2.12929
2016-01-19,2.07668,1.80264,1.23230,1.80321,0.43362,1.59220,0.82659,1.25595,2.12932
2016-01-20,2.05011,1.80264,1.20083,1.80322,0.41726,1.59220,0.82659,1.25595,2.12933
2016-01-21,2.06158,1.80265,1.21415,1.80323,0.42410,1.59221,0.82659,1.25596,2.12934
2016-01-22,2.10379,1.80266,1.26365,1.80324,0.44964,1.59222,0.82660,1.25597,2.12935
2016-01-25,2.07205,1.80269,1.22546,1.80327,0.42955,1.59225,0.82661,1.25599,2.12938
2016-01-26,2.10027,1.80270,1.25866,1.80328,0.44674,1.59225,0.82662,1.25599,2.12940
2016-01-27,2.07745,1.80271,1.23135,1.80329,0.43241,1.59226,0.82662,1.25600,2.12941
2016-01-28,2.08825,1.80272,1.24405,1.80330,0.43900,1.59227,0.82663,1.25601,2.12942
2016-01-29,2.13907,1.80273,1.30433,1.80331,0.47045,1.59228,0.82663,1.25602,2.12943
2016-02-01,2.13829,1.80277,1.30320,1.80334,0.46985,1.59231,0.82665,1.25604,2.12947
2016-02-02,2.09983,1.80278,1.25640,1.80335,0.44488,1.59232,0.82665,1.25605,2.12949
2016-02-03,2.11239,1.80279,1.27132,1.80337,0.45269,1.59233,0.82666,1.25606,2.12950
2016-02-04,2.11570,1.80280,1.27523,1.80338,0.45475,1.59234,0.82666,1.25606,2.12952
2016-02-05,2.07547,1.80281,1.22683,1.80339,0.42922,1.59235,0.82667,1.25607,2.12953
2016-02-08,2.04758,1.80284,1.19380,1.80341,0.41215,1.59238,0.82668,1.25609,2.12956
2016-02-09,2.04769,1.80285,1.19387,1.80343,0.41219,1.59239,0.82669,1.25610,2.12957
2016-02-10,2.04592,1.80286,1.19176,1.80344,0.41111,1.59240,0.82669,1.25610,2.12958
2016-02-11,2.01936,1.80287,1.16087,1.80345,0.39538,1.59240,0.82670,1.25611,2.12960
2016-02-12,2.06092,1.80288,1.20841,1.80346,0.41927,1.59241,0.82670,1.25612,2.12961
2016-02-16,2.09564,1.80292,1.24876,1.80349,0.43995,1.59245,0.82672,1.25614,2.12965
2016-02-17,2.12981,1.80293,1.28928,1.80350,0.46106,1.59245,0.82672,1.25615,2.12966
2016-02-18,2.12110,1.80294,1.27871,1.80351,0.45547,1.59246,0.82673,1.25616,2.12967
2016-02-19,2.12011,1.80295,1.27746,1.80352,0.45481,1.59247,0.82673,1.25616,2.12969
2016-02-22,2.15075,1.80298,1.31408,1.80355,0.47410,1.59250,0.82674,1.25619,2.12972
2016-02-23,2.12363,1.80299,1.28099,1.80356,0.45643,1.59251,0.82675,1.25619,2.12973
2016-02-24,2.13333,1.80300,1.29259,1.80357,0.46254,1.59252,0.82675,1.25620,2.12975
2016-02-25,2.15913,1.80301,1.32368,1.80359,0.47900,1.59253,0.82676,1.25621,2.12976
2016-02-26,2.15417,1.80302,1.31756,1.80360,0.47572,1.59254,0.82676,1.25622,2.12977
2016-02-29,2.13730,1.80305,1.29680,1.80363,0.46463,1.59257,0.82678,1.25624,2.12981
2016-03-01,2.18746,1.80306,1.35740,1.80364,0.49676,1.59258,0.82678,1.25625,2.12983
2016-03-02,2.19727,1.80308,1.36948,1.80365,0.50330,1.59259,0.82679,1.25626,2.12984
2016-03-03,2.20586,1.80309,1.38009,1.80366,0.50908,1.59260,0.82680,1.27372,2.12985
2016-03-04,2.21303,1.80310,1.38897,1.80367,0.51393,1.59260,0.83116,1.28604,2.12986
2016-03-07,2.21479,1.80312,1.39098,1.80370,0.51504,1.59263,0.83299,1.28885,2.12990
2016-03-08,2.19065,1.80313,1.36068,1.80371,0.49842,1.59264,0.80556,1.24664,2.12991
2016-03-09,2.20145,1.80314,1.37399,1.80372,0.50564,1.59265,0.81650,1.26349,2.12992
2016-03-10,2.20322,1.80315,1.37612,1.80373,0.50680,1.59265,0.81651,1.25421,2.12993
2016-03-11,2.23871,1.80316,1.42026,1.80374,0.53089,1.59266,0.83405,1.31539,2.12994
2016-03-14,2.23584,1.80451,1.41643,1.80785,0.52877,1.59886,0.83058,1.31001,2.13823
2016-03-15,2.23221,1.80158,1.41177,1.80190,0.52619,1.59099,0.82635,1.30345,2.12771
2016-03-16,2.24510,1.81197,1.42796,1.82255,0.53513,1.61828,0.84101,1.32618,2.16419
2016-03-17,2.25932,1.82344,1.44593,1.84544,0.54512,1.64871,0.85735,1.35155,2.20490
2016-03-18,2.26819,1.83059,1.45717,1.85977,0.55140,1.66788,0.86765,1.36752,2.23053
2016-03-21,2.27140,1.83318,1.46108,1.86476,0.55360,1.67458,0.87124,1.37310,2.23949
2016-03-22,2.27018,1.83220,1.45945,1.86268,0.55269,1.67179,0.86974,1.37077,2.23575
2016-03-23,2.25522,1.82013,1.44020,1.83815,0.54188,1.63883,0.85204,1.34331,2.19168
2016-03-24,2.25423,1.81933,1.43886,1.83644,0.54113,1.63656,0.85082,1.34142,2.18864
2016-03-28,2.25556,1.82040,1.44028,1.83825,0.54193,1.63899,0.85212,1.34344,2.19189
2016-03-29,2.27639,1.83720,1.46674,1.87197,0.55669,1.68399,0.87629,1.38094,2.25207
2016-03-30,2.28636,1.84524,1.47949,1.88821,0.56387,1.70588,0.88805,1.39918,2.28134
2016-03-31,2.28082,1.84077,1.47227,1.87902,0.55979,1.69344,0.88137,1.38882,2.26471
2016-04-01,2.29633,1.85328,1.49217,1.90438,0.57102,1.72767,0.89975,1.41734,2.31048
2016-04-04,2.28891,1.84729,1.48235,1.89186,0.56544,1.71068,0.89062,1.40318,2.28776
2016-04-05,2.26608,1.82889,1.45280,1.85420,0.54872,1.65970,0.86324,1.36070,2.21959
2016-04-06,2.29079,1.84881,1.48432,1.89437,0.56638,1.71354,0.89216,1.40556,2.29158
2016-04-07,2.26342,1.82675,1.44889,1.84921,0.54632,1.65239,0.85931,1.35460,2.20981
2016-04-08,2.26952,1.83166,1.45660,1.85904,0.55064,1.66554,0.86638,1.36556,2.22740
2016-04-11,2.26420,1.82737,1.44959,1.85011,0.54671,1.65358,0.85995,1.35559,2.21140
2016-04-12,2.28525,1.84435,1.47641,1.88428,0.56171,1.69930,0.88451,1.39369,2.27254
2016-04-13,2.30829,1.86293,1.50603,1.92204,0.57843,1.75029,0.91189,1.43618,2.34073
2016-04-14,2.30841,1.86302,1.50611,1.92214,0.57848,1.75043,0.91197,1.43629,2.34091
2016-04-15,2.30586,1.86096,1.50272,1.91783,0.57655,1.74455,0.90881,1.43140,2.33305
2016-04-18,2.32203,1.87401,1.52355,1.94436,0.58841,1.78071,0.92823,1.46153,2.38140
2016-04-19,2.32935,1.87990,1.53305,1.95647,0.59386,1.79732,0.93715,1.47537,2.40362
2016-04-20,2.33156,1.88169,1.53589,1.96009,0.59549,1.80231,0.93983,1.47952,2.41028
2016-04-21,2.31904,1.87159,1.51937,1.93903,0.58599,1.77332,0.92426,1.45537,2.37152
2016-04-22,2.31904,1.87159,1.51930,1.93895,0.58595,1.77320,0.92419,1.45527,2.37136
2016-04-25,2.31505,1.86838,1.51388,1.93204,0.58285,1.76376,0.91912,1.44740,2.35873
2016-04-26,2.31849,1.87115,1.51828,1.93766,0.58537,1.77144,0.92325,1.45380,2.36901
2016-04-27,2.32325,1.87499,1.52444,1.94550,0.58889,1.78218,0.92902,1.46275,2.38337
2016-04-28,2.30220,1.85802,1.49681,1.91029,0.57306,1.73390,0.90308,1.42252,2.31880
2016-04-29,2.28979,1.84801,1.48065,1.88970,0.56388,1.70591,0.88805,1.39920,2.28138
2016-05-02,2.30796,1.86266,1.50389,1.91931,0.57701,1.74595,0.90955,1.43256,2.33492
2016-05-03,2.28791,1.84649,1.47775,1.88600,0.56213,1.70059,0.88519,1.39476,2.27426
2016-05-04,2.27517,1.83622,1.46127,1.86500,0.55283,1.67224,0.86997,1.37114,2.23635
2016-05-05,2.27472,1.83586,1.46064,1.86419,0.55248,1.67116,0.86939,1.37024,2.23491
2016-05-06,2.28303,1.84256,1.47122,1.87767,0.55842,1.68926,0.87910,1.38532,2.25911
2016-05-09,2.28492,1.84408,1.47344,1.88050,0.55967,1.69309,0.88116,1.38851,2.26424
2016-05-10,2.31328,1.86695,1.50985,1.92691,0.58019,1.75565,0.91476,1.44064,2.34789
2016-05-11,2.29168,1.84953,1.48165,1.89097,0.56411,1.70663,0.88843,1.39979,2.28234
2016-05-12,2.29234,1.85006,1.48244,1.89198,0.56456,1.70799,0.88916,1.40092,2.28416
2016-05-13,2.27240,1.83398,1.45665,1.85911,0.54999,1.66356,0.86530,1.36390,2.22475
2016-05-16,2.29478,1.85203,1.48506,1.89531,0.56590,1.71207,0.89135,1.40432,2.28962
2016-05-17,2.27339,1.83479,1.45738,1.86004,0.55026,1.66438,0.86574,1.36458,2.22584
2016-05-18,2.27406,1.83532,1.45817,1.86104,0.55070,1.66572,0.86646,1.36570,2.22763
2016-05-19,2.26619,1.82898,1.44804,1.84813,0.54502,1.64842,0.85717,1.35129,2.20451
2016-05-20,2.28049,1.84051,1.46618,1.87125,0.55515,1.67930,0.87375,1.37702,2.24580
2016-05-23,2.27738,1.83800,1.46199,1.86591,0.55280,1.67214,0.86990,1.37105,2.23622
2016-05-24,2.30685,1.86177,1.49965,1.91391,0.57392,1.73653,0.90449,1.42471,2.32233
2016-05-25,2.32248,1.87436,1.51984,1.93963,0.58538,1.77148,0.92325,1.45383,2.36906
2016-05-26,2.32314,1.87490,1.52063,1.94064,0.58584,1.77287,0.92400,1.45498,2.37091
2016-05-27,2.33311,1.88294,1.53358,1.95714,0.59324,1.79544,0.93612,1.47379,2.40110
2016-05-31,2.32868,1.87937,1.52747,1.94936,0.58974,1.78477,0.93039,1.46490,2.38683
2016-06-01,2.33345,1.88321,1.53363,1.95721,0.59327,1.79553,0.93617,1.47387,2.40122
2016-06-02,2.34054,1.88893,1.54285,1.96897,0.59857,1.81168,0.94484,1.48732,2.42282
2016-06-03,2.33356,1.88330,1.53360,1.95718,0.59324,1.79544,0.93612,1.47379,2.40110
2016-06-06,2.34541,1.89286,1.54893,1.97671,0.60205,1.82228,0.95053,1.49615,2.43699
2016-06-07,2.34907,1.89581,1.55367,1.98275,0.60479,1.83063,0.95501,1.50311,2.44816
2016-06-08,2.35671,1.90197,1.56368,1.99551,0.61057,1.84828,0.96449,1.51782,2.47176
2016-06-09,2.35350,1.89938,1.55936,1.99000,0.60807,1.84064,0.96039,1.51145,2.46154
2016-06-10,2.33123,1.88142,1.52985,1.95240,0.59098,1.78855,0.93241,1.46805,2.39189
2016-06-13,2.31328,1.86695,1.50614,1.92218,0.57739,1.74712,0.91016,1.43352,2.33648
2016-06-14,2.30874,1.86329,1.50017,1.91457,0.57400,1.73677,0.90460,1.42490,2.32264
2016-06-15,2.30553,1.86070,1.49594,1.90918,0.57160,1.72944,0.90067,1.41879,2.31285
2016-06-16,2.31240,1.86624,1.50476,1.92042,0.57660,1.74469,0.90886,1.43150,2.33324
2016-06-17,2.30380,1.85930,1.49353,1.90610,0.57021,1.72523,0.89840,1.41528,2.30721
2016-06-20,2.31861,1.87125,1.51247,1.93025,0.58095,1.75796,0.91598,1.44255,2.35098
2016-06-21,2.32518,1.87655,1.52095,1.94105,0.58578,1.77270,0.92389,1.45483,2.37069
2016-06-22,2.32139,1.87349,1.51594,1.93467,0.58292,1.76397,0.91921,1.44756,2.35902
2016-06-23,2.35158,1.89783,1.55518,1.98468,0.60532,1.83225,0.95588,1.50446,2.45033
2016-06-24,2.26727,1.82985,1.44388,1.84284,0.54100,1.63615,0.85056,1.34105,2.18809
2016-06-27,2.22673,1.79716,1.39219,1.77696,0.51229,1.54861,0.80354,1.26810,2.07103
2016-06-28,2.26682,1.81231,1.44211,1.80850,0.53950,1.59049,0.82603,1.30300,2.12703
2016-06-29,2.30536,1.82680,1.49094,1.83907,0.56659,1.63156,0.84735,1.33665,2.18197
2016-06-30,2.33676,1.85193,1.53138,1.89000,0.58939,1.69985,0.88280,1.39260,2.27333
2016-07-01,2.34166,1.85585,1.53771,1.89797,0.59301,1.71070,0.88842,1.40148,2.28783
2016-07-05,2.32485,1.84239,1.51540,1.86986,0.58024,1.67245,0.86857,1.37014,2.23667
2016-07-06,2.33877,1.85353,1.53343,1.89257,0.59048,1.70313,0.88450,1.39528,2.27771
2016-07-07,2.33732,1.85237,1.53146,1.89009,0.58936,1.69977,0.88275,1.39253,2.27322
2016-07-08,2.37207,1.88017,1.57680,1.94719,0.61526,1.77735,0.92302,1.45609,2.37699
2016-07-11,2.38042,1.88685,1.58766,1.96086,0.62156,1.79620,0.93280,1.47153,2.40221
2016-07-12,2.39768,1.90067,1.61055,1.98969,0.63487,1.83607,0.95349,1.50419,2.45554
2016-07-13,2.39735,1.90040,1.61003,1.98903,0.63457,1.83515,0.95302,1.50344,2.45431
2016-07-14,2.41071,1.91109,1.62786,2.01148,0.64501,1.86642,0.96925,1.52906,2.49614
2016-07-15,2.40748,1.90851,1.62343,2.00590,0.64240,1.85862,0.96519,1.52267,2.48570
2016-07-18,2.41394,1.91367,1.63188,2.01655,0.64738,1.87352,0.97293,1.53487,2.50563
2016-07-19,2.41149,1.91171,1.62850,2.01229,0.64538,1.86754,0.96983,1.52998,2.49764
2016-07-20,2.42152,1.91973,1.64193,2.02920,0.65329,1.89123,0.98212,1.54938,2.52932
2016-07-21,2.41238,1.91243,1.62949,2.01354,0.64594,1.86921,0.97069,1.53134,2.49987
2016-07-22,2.42319,1.92107,1.64397,2.03177,0.65447,1.89476,0.98395,1.55228,2.53405
2016-07-25,2.41662,1.91581,1.63484,2.02027,0.64907,1.87858,0.97556,1.53902,2.51241
2016-07-26,2.41773,1.91670,1.63626,2.02206,0.64991,1.88110,0.97686,1.54109,2.51578
2016-07-27,2.41517,1.91465,1.63273,2.01761,0.64783,1.87485,0.97362,1.53597,2.50742
2016-07-28,2.41795,1.91688,1.63640,2.02224,0.64999,1.88135,0.97699,1.54129,2.51611
2016-07-29,2.42185,1.92000,1.64159,2.02877,0.65306,1.89052,0.98175,1.54880,2.52838
2016-08-01,2.41985,1.91839,1.63865,2.02506,0.65132,1.88532,0.97906,1.54455,2.52143
2016-08-02,2.40437,1.90601,1.61766,1.99862,0.63893,1.84819,0.95978,1.51412,2.47175
2016-08-03,2.41138,1.91162,1.62700,2.01038,0.64441,1.86461,0.96830,1.52758,2.49372
2016-08-04,2.41394,1.91367,1.63037,2.01463,0.64639,1.87056,0.97139,1.53245,2.50167
2016-08-05,2.43366,1.92944,1.65686,2.04799,0.66200,1.91730,0.99565,1.57074,2.56419
2016-08-08,2.43221,1.92828,1.65466,2.04521,0.66070,1.91339,0.99362,1.56754,2.55897
2016-08-09,2.43366,1.92944,1.65654,2.04759,0.66182,1.91675,0.99537,1.57029,2.56346
2016-08-10,2.42764,1.92463,1.64830,2.03720,0.65692,1.90209,0.98776,1.55828,2.54385
2016-08-11,2.43889,1.93363,1.66346,2.05629,0.66590,1.92898,1.00172,1.58032,2.57983
2016-08-12,2.43678,1.93193,1.66050,2.05257,0.66415,1.92372,0.99898,1.57600,2.57278
2016-08-15,2.44379,1.93755,1.66980,2.06428,0.66968,1.94029,1.00759,1.58958,2.59496
2016-08-16,2.43121,1.92748,1.65257,2.04257,0.65941,1.90952,0.99161,1.56437,2.55379
2016-08-17,2.43577,1.93113,1.65868,2.05027,0.66303,1.92038,0.99725,1.57327,2.56832
2016-08-18,2.44123,1.93550,1.66602,2.05951,0.66739,1.93344,1.00403,1.58397,2.58579
2016-08-19,2.43767,1.93265,1.66108,2.05330,0.66446,1.92465,0.99947,1.57676,2.57403
2016-08-22,2.43755,1.93256,1.66070,2.05281,0.66423,1.92397,0.99911,1.57621,2.57312
2016-08-23,2.44246,1.93648,1.66728,2.06110,0.66815,1.93569,1.00520,1.58581,2.58880
2016-08-24,2.42998,1.92650,1.65021,2.03960,0.65798,1.90524,0.98939,1.56087,2.54807
2016-08-25,2.42831,1.92516,1.64787,2.03665,0.65659,1.90109,0.98724,1.55746,2.54251
2016-08-26,2.42374,1.92150,1.64160,2.02876,0.65289,1.88998,0.98147,1.54836,2.52766
2016-08-29,2.43566,1.93104,1.65747,2.04874,0.66227,1.91807,0.99605,1.57138,2.56523
2016-08-30,2.43165,1.92783,1.65194,2.04178,0.65899,1.90825,0.99095,1.56333,2.55209
2016-08-31,2.42475,1.92230,1.64250,2.02989,0.65339,1.89149,0.98226,1.54960,2.52967
2016-09-01,2.42486,1.92239,1.64258,2.02998,0.65343,1.89162,0.98232,1.54970,2.52984
2016-09-02,2.43577,1.93113,1.65725,2.04846,0.66211,1.91760,0.99580,1.57098,2.56459
2016-09-06,2.44312,1.93701,1.66691,2.06062,0.66785,1.93478,1.00473,1.58507,2.58758
2016-09-07,2.44290,1.93683,1.66652,2.06013,0.66762,1.93410,1.00437,1.58451,2.58667
2016-09-08,2.43733,1.93237,1.65886,2.05048,0.66306,1.92044,0.99728,1.57332,2.56840
2016-09-09,2.37909,1.88577,1.57968,1.95077,0.61602,1.77956,0.92416,1.45789,2.37994
2016-09-12,2.41317,1.91303,1.62459,2.00733,0.64204,1.85746,0.96460,1.52172,2.48415
2016-09-13,2.37853,1.88532,1.57799,1.94864,0.61467,1.77551,0.92206,1.45458,2.37452
2016-09-14,2.37764,1.88461,1.57673,1.94705,0.61395,1.77333,0.92093,1.45279,2.37161
2016-09-15,2.40136,1.90359,1.60804,1.98648,0.63205,1.82755,0.94907,1.49721,2.44414
2016-09-16,2.39209,1.89617,1.59558,1.97079,0.62478,1.80577,0.93776,1.47937,2.41500
2016-09-19,2.39254,1.89653,1.59595,1.97125,0.62499,1.80642,0.93810,1.47990,2.41587
2016-09-20,2.39265,1.89662,1.59602,1.97134,0.62504,1.80655,0.93817,1.48001,2.41605
2016-09-21,2.41952,1.91811,1.63170,2.01627,0.64579,1.86870,0.97043,1.53093,2.49919
2016-09-22,2.43474,1.93029,1.65210,2.04197,0.65779,1.90465,0.98909,1.56038,2.54728
2016-09-23,2.42142,1.91963,1.63400,2.01916,0.64708,1.87257,0.97244,1.53410,2.50436
2016-09-26,2.40183,1.90396,1.60741,1.98567,0.63144,1.82572,0.94812,1.49572,2.44170
2016-09-27,2.41672,1.91587,1.62721,2.01061,0.64300,1.86034,0.96609,1.52408,2.48800
2016-09-28,2.42869,1.92545,1.64322,2.03078,0.65240,1.88850,0.98070,1.54715,2.52567
2016-09-29,2.40676,1.90790,1.61353,1.99338,0.63489,1.83603,0.95347,1.50416,2.45549
2016-09-30,2.42489,1.92241,1.63771,2.02383,0.64902,1.87837,0.97545,1.53885,2.51212
2016-10-03,2.41907,1.91775,1.62963,2.01366,0.64427,1.86414,0.96806,1.52719,2.49308
2016-10-04,2.40676,1.90790,1.61300,1.99272,0.63450,1.83489,0.95288,1.50322,2.45396
2016-10-05,2.41739,1.91641,1.62714,2.01052,0.64277,1.85964,0.96572,1.52350,2.48706
2016-10-06,2.41907,1.91775,1.62932,2.01326,0.64405,1.86346,0.96771,1.52664,2.49218
2016-10-07,2.41079,1.91112,1.61811,1.99915,0.63746,1.84375,0.95748,1.51049,2.46581
2016-10-10,2.42332,1.92115,1.63466,2.01999,0.64716,1.87277,0.97254,1.53426,2.50464
2016-10-11,2.39276,1.89670,1.59346,1.96810,0.62292,1.80018,0.93486,1.47479,2.40753
2016-10-12,2.39590,1.89921,1.59754,1.97324,0.62529,1.80728,0.93855,1.48061,2.41703
2016-10-13,2.38806,1.89294,1.58704,1.96002,0.61919,1.78900,0.92906,1.46563,2.39257
2016-10-14,2.38929,1.89392,1.58860,1.96198,0.62009,1.79170,0.93047,1.46785,2.39619
2016-10-17,2.38101,1.88729,1.57738,1.94785,0.61359,1.77224,0.92036,1.45190,2.37015
2016-10-18,2.39590,1.89920,1.59698,1.97253,0.62491,1.80615,0.94415,1.47968,2.41551
2016-10-19,2.40228,1.90431,1.60539,1.98312,0.62980,1.82078,0.94663,1.49167,2.43509
2016-10-20,2.39780,1.90073,1.59934,1.97550,0.62628,1.81023,0.94123,1.48302,2.42097
2016-10-21,2.39892,1.90162,1.60075,1.97728,0.62710,1.81269,0.94249,1.48504,2.42426
2016-10-24,2.40911,1.90977,1.61408,1.99406,0.63486,1.83592,0.95437,1.50407,2.45534
2016-10-25,2.40105,1.90332,1.60323,1.98039,0.62852,1.81693,0.94466,1.48852,2.42994
2016-10-26,2.39623,1.89947,1.59674,1.97222,0.62474,1.80562,0.93888,1.47925,2.41480
2016-10-27,2.38985,1.89437,1.58818,1.96144,0.61977,1.79072,0.93126,1.46704,2.39488
2016-10-28,2.38280,1.88872,1.57875,1.94957,0.61431,1.77436,0.92997,1.45364,2.37300
2016-10-31,2.38291,1.88881,1.57868,1.94947,0.61427,1.77424,0.92998,1.45354,2.37283
2016-11-01,2.36568,1.87502,1.55582,1.92068,0.60106,1.73468,0.92999,1.42113,2.31992
2016-11-02,2.35146,1.86364,1.53709,1.89710,0.59032,1.70251,0.93000,1.39478,2.27689
2016-11-03,2.34072,1.85505,1.52300,1.87936,0.58229,1.67846,0.93000,1.39851,2.24471
2016-11-04,2.33814,1.85298,1.51959,1.87506,0.58035,1.67266,0.93001,1.39852,2.23695
2016-11-07,2.38963,1.89418,1.58611,1.95883,0.61806,1.78558,0.93003,1.39855,2.38800
2016-11-08,2.40038,1.90278,1.60026,1.97664,0.62624,1.81011,0.93004,1.42507,2.42081
2016-11-09,2.42579,1.92311,1.63397,2.01910,0.64584,1.86880,0.98136,1.47002,2.49932
2016-11-10,2.43183,1.92795,1.64201,2.02922,0.65056,1.88294,0.98846,1.48085,2.51823
2016-11-11,2.42623,1.92347,1.63439,2.01962,0.64607,1.86949,0.98170,1.47055,2.50024
2016-11-14,2.42814,1.92499,1.63669,2.02251,0.64742,1.87353,0.98374,1.47365,2.50565
2016-11-15,2.44705,1.94012,1.66204,2.05443,0.66232,1.91816,1.00617,1.50783,2.56534
2016-11-16,2.44246,1.93645,1.65573,2.04649,0.65859,1.90696,1.00055,1.49926,2.55037
2016-11-17,2.45500,1.94648,1.67260,2.06773,0.66856,1.93683,1.01556,1.52213,2.59032
2016-11-18,2.44952,1.94209,1.66506,2.05824,0.66408,1.92341,1.00882,1.51185,2.57237
2016-11-21,2.46798,1.95687,1.68985,2.08946,0.67878,1.96743,1.03094,1.54557,2.63125
2016-11-22,2.47280,1.96072,1.69634,2.09763,0.68265,1.97903,1.03678,1.55445,2.64677
2016-11-23,2.47414,1.96180,1.69809,2.09983,0.68370,1.98216,1.03835,1.55685,2.65096
2016-11-25,2.48332,1.96914,1.71048,2.11543,0.69111,2.00437,1.04952,1.57386,2.68067
2016-11-28,2.47168,1.95982,1.69421,2.09494,0.68134,1.97509,1.03480,1.55144,2.64150
2016-11-29,2.47649,1.96367,1.70070,2.10311,0.68522,1.98671,1.04064,1.56034,2.65705
2016-11-30,2.47056,1.95893,1.69248,2.09276,0.68030,1.97197,1.03323,1.54905,2.63732
2016-12-01,2.46149,1.95167,1.68000,2.07704,0.67284,1.94962,1.02200,1.53194,2.60744
2016-12-02,2.46272,1.95266,1.68159,2.07904,0.67378,1.95245,1.02343,1.53411,2.61122
2016-12-05,2.47750,1.96448,1.70145,2.10406,0.68561,1.98789,1.04124,1.56125,2.65862
2016-12-06,2.48533,1.97075,1.71210,2.11746,0.69199,2.00699,1.05084,1.57588,2.68417
2016-12-07,2.51780,1.99672,1.75663,2.17354,0.71875,2.08714,1.09113,1.63726,2.79139
2016-12-08,2.52395,2.00165,1.76511,2.18422,0.72391,2.10259,1.09890,1.64910,2.81205
2016-12-09,2.53917,2.01383,1.78626,2.21085,0.73682,2.14124,1.11833,1.67870,2.86375
2016-12-12,2.53626,2.01150,1.78189,2.20534,0.73413,2.13319,1.11428,1.67253,2.85298
2016-12-13,2.55317,2.02502,1.80549,2.23506,0.74859,2.17651,1.13606,1.70572,2.91094
2016-12-14,2.53212,2.00818,1.77569,2.19754,0.73021,2.12145,1.10838,1.66355,2.83728
2016-12-15,2.54253,2.01651,1.79017,2.21576,0.73906,2.14796,1.12171,1.68385,2.87275
2016-12-16,2.53757,2.01254,1.78309,2.20685,0.73472,2.13495,1.11517,1.67389,2.85534
2016-12-19,2.54308,2.01695,1.79055,2.21624,0.73929,2.14862,1.12205,1.68436,2.87363
2016-12-20,2.55288,2.02479,1.80421,2.23345,0.74768,2.17377,1.13469,1.70362,2.90726
2016-12-21,2.54579,2.01911,1.79411,2.22072,0.74145,2.15511,1.12531,1.68933,2.88230
2016-12-22,2.54140,2.01560,1.78784,2.21283,0.73759,2.14355,1.11950,1.68048,2.86685
2016-12-23,2.54511,2.01857,1.79296,2.21927,0.74074,2.15297,1.12423,1.68769,2.87944
2016-12-27,2.55142,2.02361,1.80144,2.22995,0.74595,2.16857,1.13208,1.69964,2.90031
2016-12-28,2.53036,2.00677,1.77168,2.19247,0.72761,2.11364,1.10447,1.65757,2.82683
2016-12-29,2.52980,2.00631,1.77080,2.19135,0.72707,2.11202,1.10366,1.65634,2.82467
2016-12-30,2.52057,1.99893,1.75781,2.17500,0.71913,2.08825,1.09171,1.63814,2.79288
2017-01-03,2.53982,2.01433,1.78423,2.20826,0.73521,2.13640,1.11592,1.67501,2.85728
2017-01-04,2.55491,2.02640,1.80528,2.23478,0.74812,2.17506,1.13535,1.70462,2.90899
2017-01-05,2.55288,2.02478,1.80233,2.23106,0.74630,2.16960,1.13260,1.70044,2.90169
2017-01-06,2.56200,2.03208,1.81508,2.24712,0.75415,2.19313,1.14443,1.71846,2.93316
2017-01-09,2.55356,2.02532,1.80285,2.23171,0.74659,2.17047,1.13304,1.70111,2.90285
2017-01-10,2.55356,2.02532,1.80275,2.23159,0.74653,2.17029,1.13296,1.70097,2.90261
2017-01-11,2.56076,2.03108,1.81281,2.24425,0.75272,2.18884,1.14228,1.71519,2.92743
2017-01-12,2.55435,2.02595,1.80365,2.23271,0.74706,2.17188,1.13376,1.70220,2.90474
2017-01-13,2.56020,2.03063,1.81180,2.24298,0.75209,2.18693,1.14132,1.71372,2.92487
2017-01-17,2.55119,2.02342,1.79869,2.22646,0.74398,2.16266,1.12913,1.69514,2.89240
2017-01-18,2.55682,2.02793,1.80651,2.23631,0.74880,2.17708,1.13637,1.70618,2.91169
2017-01-19,2.54736,2.02036,1.79308,2.21940,0.74051,2.15226,1.12390,1.68717,2.87849
2017-01-20,2.55671,2.02784,1.80611,2.23581,0.74852,2.17624,1.13595,1.70554,2.91057
2017-01-23,2.55007,2.02252,1.79646,2.22365,0.74257,2.15840,1.12699,1.69188,2.88671
2017-01-24,2.56639,2.03558,1.81932,2.25243,0.75662,2.20050,1.14816,1.72413,2.94303
2017-01-25,2.58857,2.05333,1.85060,2.29183,0.77599,2.25849,1.17731,1.76854,3.02060
2017-01-26,2.58587,2.05117,1.84665,2.28685,0.77352,2.25110,1.17359,1.76288,3.01071
2017-01-27,2.58182,2.04792,1.84077,2.27945,0.76985,2.24012,1.16808,1.75448,2.99603
2017-01-30,2.56583,2.03513,1.81773,2.25042,0.75551,2.19715,1.14647,1.72156,2.93854
2017-01-31,2.56561,2.03495,1.81731,2.24990,0.75525,2.19637,1.14609,1.72097,2.93750
2017-02-01,2.56662,2.03576,1.81864,2.25158,0.75607,2.19884,1.14733,1.72286,2.94081
2017-02-02,2.56831,2.03711,1.82094,2.25446,0.75749,2.20309,1.14946,1.72612,2.94648
2017-02-03,2.58598,2.05125,1.84585,2.28584,0.77292,2.24928,1.17268,1.76150,3.00828
2017-02-06,2.58137,2.04756,1.83898,2.27719,0.76863,2.23645,1.16623,1.75167,2.99111
2017-02-07,2.58148,2.04765,1.83904,2.27726,0.76867,2.23656,1.16629,1.75175,2.99126
2017-02-08,2.58486,2.05035,1.84375,2.28318,0.77159,2.24532,1.17070,1.75846,3.00297
2017-02-09,2.60017,2.06260,1.86545,2.31051,0.78511,2.28580,1.19104,1.78947,3.05712
2017-02-10,2.61042,2.07080,1.88002,2.32886,0.79424,2.31314,1.20479,1.81041,3.09369
2017-02-13,2.62460,2.08215,1.90010,2.35415,0.80687,2.35096,1.22381,1.83938,3.14430
2017-02-14,2.63508,2.09053,1.91513,2.37308,0.81637,2.37942,1.23811,1.86118,3.18236
2017-02-15,2.64881,2.10152,1.93496,2.39804,0.82895,2.41711,1.25706,1.89004,3.23277
2017-02-16,2.64656,2.09972,1.93157,2.39377,0.82679,2.41063,1.25380,1.88508,3.22411
2017-02-17,2.65073,2.10305,1.93753,2.40128,0.83059,2.42202,1.25952,1.89380,3.23934
2017-02-21,2.66649,2.11566,1.96012,2.42972,0.84501,2.46519,1.28123,1.92686,3.29709
2017-02-22,2.66413,2.11377,1.95654,2.42522,0.84271,2.45831,1.27777,1.92160,3.28788
2017-02-23,2.66593,2.11521,1.95908,2.42841,0.84434,2.46318,1.28022,1.92533,3.29439
2017-02-24,2.66930,2.11791,1.96393,2.43451,0.84745,2.47250,1.28491,1.93247,3.30687
2017-02-27,2.67347,2.12124,1.96973,2.44182,0.85118,2.48366,1.29052,1.94102,3.32180
2017-02-28,2.66626,2.11548,1.95903,2.42834,0.84429,2.46302,1.28015,1.92521,3.29419
2017-03-01,2.70353,2.14530,2.01358,2.49704,0.87931,2.56791,1.33287,2.00555,3.43450
2017-03-02,2.68653,2.13169,1.98819,2.46506,0.86279,2.51842,1.30800,1.96764,3.36829
2017-03-03,2.68822,2.13304,1.99057,2.46806,0.86432,2.52302,1.31031,1.97117,3.37445
2017-03-06,2.68023,2.12665,1.97840,2.45273,0.85644,2.49942,1.29845,1.95309,3.34287
2017-03-07,2.67223,2.12025,1.96651,2.43775,0.84877,2.47642,1.28689,1.93548,3.31212
2017-03-08,2.66728,2.11629,1.95911,2.42844,0.84401,2.46217,1.27973,1.92457,3.29305
2017-03-09,2.67066,2.11899,1.96395,2.43453,0.84711,2.47146,1.28439,1.93168,3.30547
2017-03-10,2.68000,2.12646,1.97755,2.45165,0.85585,2.49762,1.29755,1.95172,3.34047
2017-03-13,2.68135,2.12754,1.97919,2.45371,0.85689,2.50075,1.29912,1.95412,3.34466
2017-03-14,2.67111,2.11935,1.96397,2.43455,0.84707,2.47134,1.28434,1.93160,3.30531
2017-03-15,2.69419,2.13781,1.99773,2.47706,0.86876,2.53629,1.31699,1.98134,3.39219
2017-03-16,2.68890,2.13358,1.98978,2.46704,0.86361,2.52084,1.30923,1.96952,3.37154
2017-03-17,2.68418,2.12981,1.98269,2.45812,0.85902,2.50711,1.30233,1.95900,3.35317
2017-03-20,2.68124,2.12745,1.97801,2.45222,0.85599,2.49802,1.29776,1.95204,3.34101
2017-03-21,2.64686,2.09994,1.92726,2.38831,0.82327,2.40002,1.24850,1.87699,3.20992
2017-03-22,2.65308,2.10492,1.93618,2.39955,0.82894,2.41702,1.25704,1.89000,3.23265
2017-03-23,2.65026,2.10266,1.93195,2.39421,0.82624,2.40892,1.25297,1.88380,3.22181
2017-03-24,2.64833,2.10112,1.92904,2.39054,0.82438,2.40335,1.25017,1.87954,3.21436
2017-03-27,2.64562,2.09895,1.92474,2.38513,0.82163,2.39512,1.24604,1.87324,3.20336
2017-03-28,2.66484,2.11433,1.95254,2.42014,0.83930,2.44804,1.27265,1.91377,3.27415
2017-03-29,2.66733,2.11632,1.95606,2.42457,0.84156,2.45478,1.27603,1.91893,3.28316
2017-03-30,2.67581,2.12310,1.96836,2.44005,0.84943,2.47837,1.28789,1.93700,3.31472
2017-03-31,2.66959,2.11813,1.95911,2.42840,0.84348,2.46054,1.27893,1.92335,3.29087
2017-04-03,2.66496,2.11441,1.95196,2.41940,0.83889,2.44678,1.27202,1.91282,3.27247
2017-04-04,2.66665,2.11577,1.95432,2.42237,0.84040,2.45130,1.27429,1.91628,3.27851
2017-04-05,2.65874,2.10944,1.94262,2.40764,0.83290,2.42884,1.26300,1.89908,3.24847
2017-04-06,2.66620,2.11541,1.95339,2.42120,0.83977,2.44942,1.27335,1.91484,3.27600
2017-04-07,2.66349,2.11324,1.94930,2.41605,0.83715,2.44157,1.26940,1.90883,3.26549
2017-04-10,2.66507,2.11450,1.95125,2.41850,0.83839,2.44527,1.27126,1.91166,3.27044
2017-04-11,2.66191,2.11197,1.94651,2.41252,0.83534,2.43615,1.26668,1.90468,3.25825
2017-04-12,2.65026,2.10265,1.92938,2.39096,0.82440,2.40336,1.25020,1.87957,3.21438
2017-04-13,2.63307,2.08889,1.90429,2.35935,0.80842,2.35551,1.22615,1.84293,3.15038
2017-04-17,2.65637,2.10753,1.93745,2.40111,0.82937,2.41825,1.25769,1.89098,3.23429
2017-04-18,2.64845,2.10120,1.92580,2.38644,0.82194,2.39600,1.24651,1.87394,3.20453
2017-04-19,2.64359,2.09731,1.91863,2.37740,0.81738,2.38232,1.23963,1.86347,3.18624
2017-04-20,2.66507,2.11450,1.94964,2.41645,0.83704,2.44123,1.26925,1.90858,3.26503
2017-04-21,2.65659,2.10771,1.93713,2.40070,0.82904,2.41727,1.25720,1.89023,3.23298
2017-04-24,2.68577,2.13105,1.97925,2.45373,0.85588,2.49762,1.29760,1.95178,3.34047
2017-04-25,2.70137,2.14354,2.00208,2.48249,0.87058,2.54167,1.31974,1.98551,3.39939
2017-04-26,2.69968,2.14218,1.99945,2.47917,0.86887,2.53654,1.31717,1.98159,3.39254
2017-04-27,2.70194,2.14399,2.00267,2.48323,0.87095,2.54277,1.32030,1.98636,3.40087
2017-04-28,2.69606,2.13928,1.99384,2.47211,0.86523,2.52564,1.31169,1.97324,3.37795
2017-05-01,2.70284,2.14471,2.00350,2.48426,0.87146,2.54428,1.32106,1.98752,3.40289
2017-05-02,2.70386,2.14553,2.00488,2.48600,0.87235,2.54695,1.32240,1.98957,3.40646
2017-05-03,2.70058,2.14290,1.99990,2.47973,0.86912,2.53727,1.31754,1.98215,3.39351
2017-05-04,2.70375,2.14543,2.00446,2.48547,0.87207,2.54609,1.32197,1.98891,3.40531
2017-05-05,2.71438,2.15394,2.02006,2.50512,0.88218,2.57638,1.33720,2.01211,3.44582
2017-05-08,2.71393,2.15357,2.01901,2.50379,0.88147,2.57426,1.33614,2.01049,3.44299
2017-05-09,2.71144,2.15158,2.01518,2.49897,0.87898,2.56679,1.33239,2.00477,3.43300
2017-05-10,2.71630,2.15547,2.02227,2.50789,0.88358,2.58057,1.33931,2.01532,3.45143
2017-05-11,2.71076,2.15104,2.01390,2.49736,0.87813,2.56424,1.33111,2.00282,3.42959
2017-05-12,2.70624,2.14742,2.00707,2.48875,0.87368,2.55092,1.32441,1.99262,3.41177
2017-05-15,2.72116,2.15936,2.02879,2.51609,0.88776,2.59307,1.34560,2.02490,3.46814
2017-05-16,2.71868,2.15737,2.02495,2.51127,0.88525,2.58556,1.34183,2.01916,3.45811
2017-05-17,2.67050,2.11882,1.95319,2.42090,0.83850,2.44553,1.27144,1.91192,3.27080
2017-05-18,2.68125,2.12742,1.96875,2.44049,0.84844,2.47532,1.28641,1.93473,3.31064
2017-05-19,2.69866,2.14135,1.99415,2.47247,0.86474,2.52413,1.31096,1.97211,3.37594
2017-05-22,2.71234,2.15230,2.01395,2.49741,0.87752,2.56240,1.33019,2.00142,3.42712
2017-05-23,2.71834,2.15710,2.02271,2.50843,0.88320,2.57940,1.33874,2.01445,3.44986
2017-05-24,2.72467,2.16216,2.03198,2.52011,0.88923,2.59746,1.34782,2.02828,3.47402
2017-05-25,2.73767,2.17257,2.05121,2.54432,0.90176,2.63500,1.36669,2.05703,3.52424
2017-05-26,2.73711,2.17211,2.05024,2.54309,0.90112,2.63306,1.36572,2.05555,3.52164
2017-05-30,2.73473,2.17021,2.04615,2.53795,0.89842,2.62498,1.36166,2.04936,3.51083
2017-05-31,2.73406,2.16967,2.04501,2.53650,0.89767,2.62271,1.36052,2.04763,3.50780
2017-06-01,2.75577,2.18704,2.07730,2.57716,0.91878,2.68595,1.39231,2.09606,3.59239
2017-06-02,2.76493,2.19437,2.09094,2.59435,0.92777,2.71288,1.40585,2.11669,3.62841
2017-06-05,2.76289,2.19274,2.08746,2.58995,0.92545,2.70591,1.40235,2.11135,3.61909
2017-06-06,2.75407,2.18568,2.07402,2.57302,0.91656,2.67928,1.38897,2.09096,3.58348
2017-06-07,2.75916,2.18975,2.08153,2.58249,0.92150,2.69409,1.39641,2.10230,3.60328
2017-06-08,2.76052,2.19084,2.08344,2.58488,0.92275,2.69783,1.39830,2.10517,3.60829
2017-06-09,2.75633,2.18749,2.07699,2.57677,0.91849,2.68507,1.39188,2.09540,3.59122
2017-06-12,2.75577,2.18703,2.07573,2.57517,0.91764,2.68251,1.39060,2.09344,3.58779
2017-06-13,2.76923,2.19780,2.09583,2.60048,0.93088,2.72215,1.41053,2.12380,3.64082
2017-06-14,2.76572,2.19499,2.09039,2.59363,0.92727,2.71135,1.40510,2.11553,3.62637
2017-06-15,2.76041,2.19074,2.08223,2.58336,0.92187,2.69517,1.39697,2.10314,3.60472
2017-06-16,2.76101,2.19122,2.08300,2.58432,0.92237,2.69666,1.39772,2.10429,3.60672
2017-06-19,2.78396,2.20959,2.11715,2.62733,0.94489,2.76411,1.43163,2.15595,3.69695
2017-06-20,2.76521,2.19458,2.08854,2.59130,0.92585,2.70707,1.40296,2.11227,3.62065
2017-06-21,2.76453,2.19404,2.08738,2.58983,0.92507,2.70474,1.40179,2.11048,3.61753
2017-06-22,2.76328,2.19304,2.08535,2.58728,0.92373,2.70072,1.39976,2.10740,3.61215
2017-06-23,2.76658,2.19567,2.09018,2.59336,0.92691,2.71025,1.40456,2.11470,3.62489
2017-06-26,2.76840,2.19713,2.09252,2.59629,0.92843,2.71480,1.40685,2.11819,3.63099
2017-06-27,2.74612,2.17930,2.05877,2.55379,0.90610,2.64793,1.37323,2.06698,3.54153
2017-06-28,2.77067,2.19894,2.09537,2.59988,0.93011,2.71981,1.40937,2.12203,3.63768
2017-06-29,2.74635,2.17949,2.05851,2.55346,0.90571,2.64674,1.37264,2.06607,3.53994
2017-06-30,2.75146,2.18358,2.06602,2.56292,0.91063,2.66147,1.38005,2.07736,3.55965
2017-07-03,2.75612,2.18730,2.07259,2.57119,0.91493,2.67433,1.38652,2.08721,3.57685
2017-07-05,2.76249,2.19239,2.08186,2.58286,0.92101,2.69255,1.39568,2.10117,3.60123
2017-07-06,2.73726,2.17221,2.04377,2.53488,0.89588,2.61729,1.35785,2.04353,3.50055
2017-07-07,2.75499,2.18639,2.07005,2.56798,0.91305,2.66870,1.38369,2.08290,3.56931
2017-07-10,2.75794,2.18875,2.07406,2.57303,0.91566,2.67652,1.38763,2.08890,3.57978
2017-07-11,2.75590,2.18712,2.07085,2.56899,0.91354,2.67017,1.38444,2.08404,3.57129
2017-07-12,2.77658,2.20366,2.10174,2.60788,0.93384,2.73097,1.41500,2.13060,3.65261
2017-07-13,2.78124,2.20739,2.10864,2.61657,0.93841,2.74463,1.42187,2.14106,3.67089
2017-07-14,2.79419,2.21775,2.12810,2.64108,0.95131,2.78329,1.44130,2.17067,3.72260
2017-07-17,2.79385,2.21748,2.12715,2.63988,0.95066,2.78132,1.44032,2.16917,3.71997
2017-07-18,2.79533,2.21866,2.12926,2.64252,0.95205,2.78549,1.44241,2.17236,3.72554
2017-07-19,2.81044,2.23075,2.15210,2.67129,0.96727,2.83107,1.46533,2.20727,3.78651
2017-07-20,2.81169,2.23175,2.15386,2.67350,0.96844,2.83458,1.46709,2.20996,3.79120
2017-07-21,2.80919,2.22975,2.14988,2.66849,0.96577,2.82657,1.46307,2.20382,3.78049
2017-07-24,2.80851,2.22920,2.14838,2.66660,0.96474,2.82347,1.46152,2.20146,3.77635
2017-07-25,2.81533,2.23466,2.15865,2.67952,0.97160,2.84402,1.47185,2.21720,3.80384
2017-07-26,2.81544,2.23475,2.15867,2.67955,0.97160,2.84403,1.47185,2.21721,3.80385
2017-07-27,2.81283,2.23266,2.15451,2.67432,0.96881,2.83566,1.46765,2.21080,3.79265
2017-07-28,2.80953,2.23002,2.14932,2.66778,0.96532,2.82521,1.46239,2.20280,3.77867
2017-07-31,2.80794,2.22875,2.14645,2.66416,0.96337,2.81937,1.45946,2.19833,3.77086
2017-08-01,2.81419,2.23375,2.15585,2.67599,0.96965,2.83817,1.46892,2.21273,3.79601
2017-08-02,2.81556,2.23484,2.15778,2.67843,0.97094,2.84204,1.47086,2.21569,3.80118
2017-08-03,2.81010,2.23047,2.14929,2.66773,0.96524,2.82494,1.46227,2.20260,3.77832
2017-08-04,2.81522,2.23456,2.15695,2.67738,0.97036,2.84028,1.46998,2.21435,3.79884
2017-08-07,2.82044,2.23874,2.16450,2.68688,0.97540,2.85538,1.47758,2.22592,3.81903
2017-08-08,2.81351,2.23320,2.15374,2.67332,0.96816,2.83369,1.46667,2.20931,3.79001
2017-08-09,2.81340,2.23310,2.15342,2.67292,0.96794,2.83302,1.46634,2.20880,3.78912
2017-08-10,2.77374,2.20137,2.09266,2.59641,0.92721,2.71104,1.40502,2.11538,3.62595
2017-08-11,2.77783,2.20464,2.09868,2.60399,0.93118,2.72292,1.41100,2.12448,3.64185
2017-08-14,2.80533,2.22664,2.13974,2.65569,0.95831,2.80419,1.45185,2.18672,3.75055
2017-08-15,2.80499,2.22637,2.13908,2.65485,0.95786,2.80284,1.45117,2.18569,3.74875
2017-08-16,2.80988,2.23028,2.14637,2.66404,0.96273,2.81740,1.45850,2.19685,3.76823
2017-08-17,2.76613,2.19527,2.07951,2.57983,0.91800,2.68344,1.39116,2.09425,3.58903
2017-08-18,2.76181,2.19182,2.07289,2.57149,0.91364,2.67037,1.38459,2.08425,3.57155
2017-08-21,2.76397,2.19354,2.07571,2.57504,0.91547,2.67585,1.38735,2.08845,3.57889
2017-08-22,2.79283,2.21664,2.11884,2.62936,0.94382,2.76076,1.43003,2.15348,3.69246
2017-08-23,2.78283,2.20864,2.10356,2.61011,0.93366,2.73033,1.41474,2.13017,3.65176
2017-08-24,2.77636,2.20345,2.09364,2.59762,0.92710,2.71066,1.40485,2.11511,3.62545
2017-08-25,2.78283,2.20864,2.10325,2.60972,0.93343,2.72964,1.41439,2.12965,3.65083
2017-08-28,2.78295,2.20872,2.10300,2.60940,0.93325,2.72907,1.41411,2.12922,3.65007
2017-08-29,2.78613,2.21127,2.10766,2.61527,0.93632,2.73829,1.41875,2.13628,3.66240
2017-08-30,2.79931,2.22182,2.12743,2.64016,0.94941,2.77747,1.43844,2.16629,3.71481
2017-08-31,2.81613,2.23527,2.15281,2.67212,0.96628,2.82802,1.46385,2.20500,3.78243
2017-09-01,2.82011,2.23845,2.15873,2.67958,0.97024,2.83987,1.46981,2.21408,3.79829
2017-09-05,2.79988,2.22227,2.12724,2.63991,0.94911,2.77657,1.43800,2.16560,3.71361
2017-09-06,2.80942,2.22990,2.14158,2.65797,0.95864,2.80511,1.45234,2.18746,3.75178
2017-09-07,2.80908,2.22963,2.14091,2.65713,0.95819,2.80375,1.45167,2.18643,3.74997
2017-09-08,2.80579,2.22699,2.13575,2.65063,0.95474,2.79342,1.44647,2.17851,3.73614
2017-09-11,2.83567,2.25090,2.18074,2.70728,0.98470,2.88315,1.49158,2.24724,3.85617
2017-09-12,2.84522,2.25854,2.19525,2.72555,0.99446,2.91238,1.50628,2.26963,3.89528
2017-09-13,2.84658,2.25963,2.19720,2.72801,0.99577,2.91631,1.50825,2.27264,3.90053
2017-09-14,2.84567,2.25890,2.19566,2.72605,0.99472,2.91315,1.50667,2.27022,3.89630
2017-09-15,2.84950,2.26196,2.20140,2.73329,0.99859,2.92475,1.51250,2.27910,3.91182
2017-09-18,2.85555,2.26680,2.21029,2.74448,1.00458,2.94268,1.52152,2.29284,3.93581
2017-09-19,2.85841,2.26909,2.21455,2.74985,1.00746,2.95131,1.52586,2.29945,3.94735
2017-09-20,2.85944,2.26991,2.21599,2.75166,1.00843,2.95421,1.52732,2.30168,3.95123
2017-09-21,2.85179,2.26379,2.20400,2.73656,1.00029,2.92981,1.51505,2.28299,3.91860
2017-09-22,2.85236,2.26424,2.20474,2.73748,1.00078,2.93127,1.51579,2.28411,3.92055
2017-09-25,2.84653,2.25958,2.19530,2.72559,0.99437,2.91207,1.50614,2.26941,3.89487
2017-09-26,2.84825,2.26095,2.19779,2.72873,0.99604,2.91708,1.50866,2.27325,3.90157
2017-09-27,2.85932,2.26981,2.21471,2.75003,1.00747,2.95130,1.52586,2.29946,3.94734
2017-09-28,2.86275,2.27256,2.21986,2.75651,1.01095,2.96174,1.53111,2.30745,3.96130
2017-09-29,2.87280,2.28060,2.23527,2.77591,1.02141,2.99306,1.54686,2.33144,4.00320
2017-10-02,2.88525,2.29055,2.25415,2.79969,1.03426,3.03153,1.56620,2.36091,4.05466
2017-10-03,2.89141,2.29549,2.26362,2.81161,1.04073,3.05092,1.57595,2.37576,4.08059
2017-10-04,2.89484,2.29823,2.26882,2.81816,1.04429,3.06157,1.58130,2.38392,4.09485
2017-10-05,2.91197,2.31193,2.29547,2.85173,1.06258,3.11636,1.60885,2.42588,4.16813
2017-10-06,2.90866,2.30928,2.29010,2.84496,1.05887,3.10522,1.60325,2.41735,4.15324
2017-10-09,2.90386,2.30544,2.28209,2.83487,1.05332,3.08859,1.59489,2.40462,4.13099
2017-10-10,2.91151,2.31156,2.29395,2.84979,1.06147,3.11301,1.60717,2.42332,4.16365
2017-10-11,2.91608,2.31522,2.30098,2.85865,1.06631,3.12751,1.61446,2.43443,4.18305
2017-10-12,2.91174,2.31175,2.29398,2.84983,1.06147,3.11299,1.60716,2.42331,4.16363
2017-10-13,2.91528,2.31458,2.29939,2.85665,1.06519,3.12416,1.61278,2.43186,4.17856
2017-10-16,2.91916,2.31768,2.30503,2.86375,1.06906,3.13575,1.61861,2.44074,4.19407
2017-10-17,2.92122,2.31933,2.30811,2.86763,1.07119,3.14210,1.62180,2.44561,4.20257
2017-10-18,2.92408,2.32161,2.31246,2.87310,1.07419,3.15109,1.62632,2.45250,4.21459
2017-10-19,2.92487,2.32225,2.31356,2.87448,1.07494,3.15335,1.62746,2.45423,4.21761
2017-10-20,2.93995,2.33431,2.33721,2.90427,1.09133,3.20243,1.65213,2.49182,4.28326
2017-10-23,2.92853,2.32517,2.31860,2.88082,1.07833,3.16349,1.63256,2.46200,4.23117
2017-10-24,2.93367,2.32928,2.32656,2.89085,1.08385,3.18001,1.64087,2.47466,4.25328
2017-10-25,2.91917,2.31768,2.30343,2.86172,1.06776,3.13182,1.61665,2.43775,4.18882
2017-10-26,2.92293,2.32069,2.30921,2.86899,1.07175,3.14376,1.62265,2.44690,4.20479
2017-10-27,2.94680,2.33979,2.34670,2.91621,1.09770,3.22150,1.66173,2.50643,4.30877
2017-10-30,2.93584,2.33101,2.32878,2.89363,1.08517,3.18394,1.64285,2.47767,4.25853
2017-10-31,2.94041,2.33467,2.33586,2.90254,1.09008,3.19864,1.65024,2.48893,4.27820
2017-11-01,2.94429,2.33777,2.34185,2.91009,1.09424,3.21111,1.65651,2.49849,4.29488
2017-11-02,2.94543,2.33869,2.34350,2.91216,1.09538,3.21452,1.65823,2.50110,4.29943
2017-11-03,2.95525,2.34655,2.35894,2.93160,1.10614,3.24674,1.67443,2.52577,4.34253
2017-11-06,2.95982,2.35020,2.36572,2.94013,1.11085,3.26084,1.68152,2.53658,4.36140
2017-11-07,2.95777,2.34855,2.36227,2.93579,1.10842,3.25356,1.67786,2.53101,4.35166
2017-11-08,2.96279,2.35257,2.37011,2.94566,1.11390,3.26997,1.68611,2.54358,4.37362
2017-11-09,2.95206,2.34398,2.35279,2.92385,1.10174,3.23355,1.66781,2.51569,4.32490
2017-11-10,2.95114,2.34325,2.35116,2.92180,1.10059,3.23011,1.66608,2.51305,4.32029
2017-11-13,2.95388,2.34544,2.35501,2.92664,1.10325,3.23805,1.67008,2.51914,4.33092
2017-11-14,2.94703,2.33996,2.34393,2.91268,1.09549,3.21482,1.65840,2.50135,4.29983
2017-11-15,2.93230,2.32817,2.32036,2.88300,1.07904,3.16554,1.63363,2.46361,4.23392
2017-11-16,2.95720,2.34809,2.35953,2.93232,1.10621,3.24691,1.67453,2.52593,4.34276
2017-11-17,2.94852,2.34114,2.34553,2.91469,1.09640,3.21753,1.65977,2.50343,4.30346
2017-11-20,2.95354,2.34516,2.35299,2.92408,1.10157,3.23300,1.66755,2.51529,4.32416
2017-11-21,2.97284,2.36060,2.38352,2.96252,1.12288,3.29684,1.69964,2.56418,4.40956
2017-11-22,2.97022,2.35850,2.37913,2.95700,1.11979,3.28757,1.69498,2.55708,4.39716
2017-11-24,2.97707,2.36398,2.38974,2.97036,1.12721,3.30981,1.70617,2.57412,4.42690
2017-11-27,2.97558,2.36279,2.38683,2.96669,1.12513,3.30356,1.70303,2.56933,4.41854
2017-11-28,3.00573,2.38692,2.43495,3.02728,1.15897,3.40491,1.75398,2.64696,4.55412
2017-11-29,3.00390,2.38545,2.43181,3.02333,1.15673,3.39819,1.75060,2.64181,4.54513
2017-11-30,3.03017,2.40647,2.47410,3.07658,1.18674,3.48808,1.79579,2.71066,4.66537
2017-12-01,3.02389,2.40144,2.46368,3.06345,1.17926,3.46568,1.78453,2.69350,4.63540
2017-12-04,3.02024,2.39852,2.45718,3.05527,1.17459,3.45166,1.77749,2.68277,4.61666
2017-12-05,3.00939,2.38983,2.43937,3.03284,1.16186,3.41355,1.75833,2.65359,4.56568
2017-12-06,3.00996,2.39029,2.44012,3.03377,1.16238,3.41509,1.75911,2.65477,4.56774
2017-12-07,3.01944,2.39787,2.45528,3.05287,1.17315,3.44735,1.77533,2.67947,4.61089
2017-12-08,3.03588,2.41103,2.48181,3.08627,1.19205,3.50397,1.80379,2.72284,4.68663
2017-12-11,3.04502,2.41834,2.49617,3.10435,1.20232,3.53470,1.81924,2.74638,4.72773
2017-12-12,3.05038,2.42263,2.50477,3.11518,1.20849,3.55318,1.82853,2.76053,4.75245
2017-12-13,3.05004,2.42236,2.50402,3.11423,1.20793,3.55151,1.82770,2.75926,4.75022
2017-12-14,3.03759,2.41240,2.48342,3.08829,1.19308,3.50704,1.80534,2.72520,4.69073
2017-12-15,3.06286,2.43261,2.52449,3.14001,1.22252,3.59521,1.84967,2.79273,4.80868
2017-12-18,3.08226,2.44813,2.55586,3.17950,1.24516,3.66301,1.88375,2.84466,4.89937
2017-12-19,3.07043,2.43867,2.53608,3.15460,1.23076,3.61987,1.86207,2.81162,4.84166
2017-12-20,3.06883,2.43738,2.53323,3.15101,1.22868,3.61365,1.85894,2.80686,4.83334
2017-12-21,3.07514,2.44243,2.54345,3.16387,1.23607,3.63576,1.87006,2.82379,4.86291
2017-12-22,3.07434,2.44179,2.54193,3.16196,1.23495,3.63241,1.86838,2.82123,4.85843
2017-12-26,3.07067,2.43885,2.53510,3.15335,1.22994,3.61738,1.86083,2.80973,4.83833
2017-12-27,3.07216,2.44004,2.53736,3.15619,1.23156,3.62223,1.86327,2.81344,4.84482
2017-12-28,3.07847,2.44509,2.54757,3.16905,1.23894,3.64435,1.87439,2.83039,4.87441
2017-12-29,3.06688,2.43581,2.52821,3.14467,1.22487,3.60220,1.85320,2.79811,4.81802
2018-01-02,3.08880,2.45335,2.56353,3.18914,1.25036,3.67853,1.89158,2.85657,4.92013
2018-01-03,3.10831,2.46897,2.59568,3.22962,1.27376,3.74861,1.92681,2.91024,5.01387
2018-01-04,3.12140,2.47943,2.61730,3.25685,1.28959,3.79602,1.95064,2.94656,5.07729
2018-01-05,3.14218,2.49606,2.65189,3.30041,1.31503,3.87222,1.98895,3.00492,5.17922
2018-01-08,3.14792,2.50065,2.66096,3.31182,1.32170,3.89217,1.99898,3.02020,5.20591
2018-01-09,3.15503,2.50634,2.67276,3.32669,1.33044,3.91835,2.01215,3.04026,5.24093
2018-01-10,3.15021,2.50248,2.66440,3.31615,1.32420,3.89966,2.00275,3.02594,5.21593
2018-01-11,3.17317,2.52085,2.70297,3.36473,1.35282,3.98539,2.04585,3.09160,5.33060
2018-01-12,3.19383,2.53738,2.73792,3.40873,1.37893,4.06359,2.08516,3.15149,5.43521
2018-01-16,3.18292,2.52865,2.71839,3.38413,1.36417,4.01935,2.06293,3.11762,5.37603
2018-01-17,3.21323,2.55290,2.76987,3.44896,1.40275,4.13490,2.12101,3.20612,5.53060
2018-01-18,3.20783,2.54858,2.76037,3.43699,1.39554,4.11330,2.11016,3.18957,5.50170
2018-01-19,3.22241,2.56024,2.78521,3.46827,1.41428,4.16944,2.13838,3.23257,5.57680
2018-01-22,3.24858,2.58118,2.82974,3.52434,1.44801,4.27046,2.18917,3.30995,5.71194
2018-01-23,3.25547,2.58669,2.84150,3.53915,1.45699,4.29734,2.20268,3.33054,5.74789
2018-01-24,3.25421,2.58568,2.83908,3.53610,1.45511,4.29172,2.19986,3.32623,5.74037
2018-01-25,3.25558,2.58678,2.84126,3.53884,1.45676,4.29666,2.20234,3.33001,5.74697
2018-01-26,3.29323,2.61690,2.90667,3.62122,1.50687,4.44673,2.27778,3.44495,5.94772
2018-01-29,3.27142,2.59945,2.86754,3.57194,1.47649,4.35573,2.23204,3.37526,5.82600
2018-01-30,3.23791,2.57263,2.80863,3.49774,1.43113,4.21988,2.16376,3.27122,5.64427
2018-01-31,3.23951,2.57392,2.81119,3.50097,1.43307,4.22567,2.16667,3.27566,5.65201
2018-02-01,3.23584,2.57098,2.80460,3.49267,1.42803,4.21057,2.15908,3.26410,5.63182
2018-02-02,3.16548,2.51468,2.68255,3.33897,1.33514,3.93237,2.01924,3.05104,5.25968
2018-02-05,3.03325,2.40887,2.45808,3.05628,1.16819,3.43233,1.76788,2.66808,4.59079
2018-02-06,3.09294,2.45663,2.55448,3.17768,1.23657,3.63711,1.87083,2.82492,4.86473
2018-02-07,3.07618,2.44322,2.52663,3.14260,1.21642,3.57676,1.84049,2.77870,4.78400
2018-02-08,2.96094,2.35101,2.33737,2.90427,1.08036,3.16924,1.63564,2.46660,4.23886
2018-02-09,3.00536,2.38655,2.40721,2.99221,1.12850,3.31344,1.69359,2.57704,4.43175
2018-02-12,3.04944,2.42182,2.47713,3.08025,1.17737,3.45980,1.69379,2.68913,4.62753
2018-02-13,3.05701,2.42788,2.48921,3.09547,1.18593,3.48542,1.73088,2.70876,4.66181
2018-02-14,3.09822,2.46085,2.55602,3.17960,1.23343,3.62768,1.79967,2.81771,4.85211
2018-02-15,3.13770,2.49244,2.62087,3.26127,1.28014,3.76758,1.86731,2.92486,5.03925
2018-02-16,3.13862,2.49318,2.62219,3.26292,1.28108,3.77040,1.86868,2.92702,5.04302
2018-02-20,3.11900,2.47747,2.58856,3.22057,1.25647,3.69667,1.83304,2.87056,4.94439
2018-02-21,3.10350,2.46507,2.56266,3.18794,1.23767,3.64036,1.80582,2.82744,4.86907
2018-02-22,3.10752,2.46828,2.56907,3.19602,1.24227,3.65415,1.81248,2.83800,4.88751
2018-02-23,3.15699,2.50786,2.65055,3.29862,1.30108,3.83029,1.89765,2.97290,5.12313
2018-02-26,3.19361,2.53716,2.71129,3.37510,1.34556,3.96348,1.96206,3.07491,5.30129
2018-02-27,3.15378,2.50529,2.64351,3.28975,1.29529,3.81292,1.88926,2.95961,5.09989
2018-02-28,3.12187,2.47976,2.58986,3.22219,1.25601,3.69526,1.83237,2.86950,4.94250
2018-03-01,3.07653,2.44348,2.51452,3.12730,1.20142,3.53176,1.75333,2.74429,4.72380
2018-03-02,3.09237,2.45615,2.54017,3.15960,1.21970,3.58650,1.77979,2.78621,4.79702
2018-03-05,3.12807,2.48471,2.59810,3.23254,1.26117,3.71071,1.83985,2.88134,4.96317
2018-03-06,3.13599,2.49105,2.61101,3.24881,1.27051,3.73869,1.85339,2.90277,5.00060
2018-03-07,3.13484,2.49013,2.60888,3.24613,1.26894,3.73399,1.85112,2.89917,4.99431
2018-03-08,3.14999,2.50225,2.63385,3.27756,1.28706,3.78824,1.87735,2.94072,5.06688
2018-03-09,3.20474,2.54606,2.72507,3.39243,1.35361,3.98757,1.97373,3.09339,5.33352
2018-03-12,3.20072,2.54284,2.71756,3.38297,1.34797,3.97067,1.96556,3.08045,5.31091
2018-03-13,3.18006,2.52631,2.68228,3.33854,1.32181,3.89231,1.92768,3.02044,5.20609
2018-03-14,3.16376,2.51327,2.65459,3.30367,1.30141,3.83119,1.89813,2.97363,5.12433
2018-03-15,3.16032,2.51051,2.64859,3.29611,1.29699,3.81796,1.89173,2.96350,5.10663
2018-03-16,3.16374,2.51325,2.65409,3.30303,1.30099,3.82993,1.89753,2.97267,5.12265
2018-03-19,3.12099,2.47904,2.58175,3.21193,1.24796,3.67109,1.82073,2.85103,4.91017
2018-03-20,3.12629,2.48328,2.59028,3.22267,1.25409,3.68946,1.82962,2.86510,4.93475
2018-03-21,3.12030,2.47848,2.58013,3.20989,1.24674,3.66742,1.81896,2.84823,4.90526
2018-03-22,3.04240,2.41615,2.45125,3.04758,1.15372,3.38881,1.68426,2.63485,4.53258
2018-03-23,2.97763,2.36432,2.34682,2.91607,1.08033,3.16902,1.69209,2.46653,4.23858
2018-03-26,3.05899,2.42942,2.47427,3.07656,1.16782,3.43103,1.69231,2.58066,4.58905
2018-03-27,3.00702,2.38783,2.39009,2.97056,1.10849,3.25334,1.69239,2.41530,4.35136
2018-03-28,2.99814,2.38073,2.37580,2.95255,1.09858,3.22365,1.69247,2.41717,4.31164
2018-03-29,3.03640,2.41134,2.43614,3.02854,1.14019,3.34829,1.69254,2.41728,4.47837
2018-04-02,2.97095,2.35897,2.33042,2.89540,1.06627,3.12685,1.69284,2.27407,4.18217
2018-04-03,3.00898,2.38939,2.38979,2.97016,1.10677,3.24817,1.69291,2.30871,4.34445
2018-04-04,3.04113,2.41512,2.44058,3.03411,1.14185,3.35324,1.69299,2.30881,4.48499
2018-04-05,3.06510,2.43430,2.47879,3.08223,1.16852,3.43309,1.69306,2.30869,4.59181
2018-04-06,2.99688,2.37971,2.36838,2.94320,1.09081,3.20035,1.69314,2.15041,4.28048
2018-04-09,3.01163,2.39151,2.39105,2.97174,1.10633,3.24683,1.69336,2.19025,4.34266
2018-04-10,3.05945,2.42978,2.46667,3.06696,1.15853,3.40315,1.69344,2.19035,4.55176
2018-04-11,3.04344,2.41696,2.44067,3.03421,1.14028,3.34849,1.69351,2.19527,4.47863
2018-04-12,3.06844,2.43697,2.48051,3.08438,1.16804,3.43163,1.69358,2.24813,4.58986
2018-04-13,3.05946,2.42977,2.46578,3.06584,1.15767,3.40056,1.69366,2.22838,4.54830
2018-04-16,3.08458,2.44987,2.50558,3.11594,1.18549,3.48390,1.69389,2.28137,4.65978
2018-04-17,3.11754,2.47624,2.55883,3.18300,1.22309,3.59649,1.69396,2.35296,4.81038
2018-04-18,3.11984,2.47809,2.56239,3.18748,1.22560,3.60402,1.68654,2.35774,4.82045
2018-04-19,3.10256,2.46425,2.53380,3.15148,1.20517,3.54281,1.65807,2.31884,4.73858
2018-04-20,3.07628,2.44323,2.49072,3.09722,1.17455,3.45111,1.61543,2.26054,4.61591
2018-04-23,3.07582,2.44286,2.48932,3.09545,1.17350,3.44795,1.62573,2.25854,4.61168
2018-04-24,3.03445,2.40975,2.42222,3.01095,1.12626,3.30647,1.62581,2.16860,4.42243
2018-04-25,3.04194,2.41575,2.43394,3.02571,1.13438,3.33076,1.62589,2.16486,4.45493
2018-04-26,3.07283,2.44046,2.48308,3.08759,1.16853,3.43306,1.62597,2.16496,4.59177
2018-04-27,3.07571,2.44276,2.48751,3.09316,1.17162,3.44232,1.62604,2.15193,4.60415
2018-04-30,3.05208,2.42386,2.44869,3.04427,1.14427,3.36038,1.62627,2.10086,4.49454
2018-05-01,3.05750,2.42819,2.45715,3.05492,1.15015,3.37798,1.62634,2.11183,4.51808
2018-05-02,3.03699,2.41177,2.42401,3.01318,1.12697,3.30856,1.62642,2.06857,4.42523
2018-05-03,3.03030,2.40642,2.41314,2.99949,1.11941,3.28590,1.62650,2.04422,4.39492
2018-05-04,3.06948,2.43777,2.47524,3.07769,1.16238,3.41459,1.62657,2.04432,4.56707
2018-05-07,3.07986,2.44607,2.49128,3.09789,1.17356,3.44808,1.62680,2.04240,4.61186
2018-05-08,3.07986,2.44607,2.49106,3.09761,1.17338,3.44754,1.62688,2.04208,4.61114
2018-05-09,3.10959,2.46986,2.53887,3.15781,1.20697,3.54815,1.62695,2.10158,4.74571
2018-05-10,3.13863,2.49309,2.58599,3.21715,1.24040,3.64826,1.65562,2.16079,4.87963
2018-05-11,3.14820,2.50075,2.60150,3.23668,1.25148,3.68145,1.67066,2.18042,4.92403
2018-05-14,3.14970,2.50194,2.60326,3.23889,1.25268,3.68502,1.67227,2.18253,4.92880
2018-05-15,3.12803,2.48461,2.56726,3.19355,1.22678,3.60745,1.63714,2.13666,4.82505
2018-05-16,3.14117,2.49512,2.58856,3.22037,1.24196,3.65290,1.65772,2.16354,4.88584
2018-05-17,3.13852,2.49300,2.58396,3.21458,1.23864,3.64296,1.65322,2.15766,4.87254
2018-05-18,3.13068,2.48672,2.57084,3.19805,1.22922,3.61475,1.64044,2.14098,4.83481
2018-05-21,3.15419,2.50553,2.60870,3.24573,1.25618,3.69548,1.67701,2.18873,4.94280
2018-05-22,3.14543,2.49852,2.59400,3.22720,1.24558,3.66373,1.66263,2.16995,4.90033
2018-05-23,3.15408,2.50544,2.60800,3.24483,1.25560,3.69372,1.67622,2.18768,4.94044
2018-05-24,3.14762,2.50027,2.59710,3.23111,1.24774,3.67018,1.66555,2.17376,4.90896
2018-05-25,3.14013,2.49428,2.58452,3.21526,1.23869,3.64308,1.65328,2.15773,4.87270
2018-05-29,3.10406,2.46541,2.52429,3.13940,1.19549,3.51368,1.59466,2.08120,4.69960
2018-05-30,3.14543,2.49852,2.59125,3.22373,1.24281,3.65541,1.61966,2.16503,4.88920
2018-05-31,3.12619,2.48312,2.55935,3.18355,1.21994,3.58690,1.59640,2.12451,4.79755
2018-06-01,3.15684,2.50764,2.60924,3.24638,1.25542,3.69317,1.64295,2.18736,4.93971
2018-06-04,3.17183,2.51963,2.63326,3.27662,1.27261,3.74463,1.66550,2.21780,5.00855
2018-06-05,3.17413,2.52147,2.63684,3.28113,1.27517,3.75229,1.66886,2.22233,5.01879
2018-06-06,3.20064,2.54268,2.68058,3.33620,1.30673,3.84683,1.71027,2.27824,5.14525
2018-06-07,3.20029,2.54240,2.67976,3.33516,1.30611,3.84495,1.70945,2.27713,5.14273
2018-06-08,3.20974,2.54996,2.69532,3.35476,1.31741,3.87879,1.72428,2.29715,5.18801
2018-06-11,3.21401,2.55337,2.70173,3.36283,1.32202,3.89258,1.73032,2.30530,5.20645
2018-06-12,3.21815,2.55669,2.70845,3.37129,1.32690,3.90721,1.73673,2.31395,5.22601
2018-06-13,3.20790,2.54848,2.69096,3.34926,1.31408,3.86879,1.71991,2.29123,5.17463
2018-06-14,3.21596,2.55493,2.70423,3.36597,1.32373,3.89770,1.73257,2.30833,5.21330
2018-06-15,3.21187,2.55165,2.69710,3.35699,1.31849,3.88200,1.72570,2.29905,5.19230
2018-06-18,3.20527,2.54637,2.68530,3.34211,1.30979,3.85594,1.71428,2.28363,5.15743
2018-06-19,3.19300,2.53655,2.66452,3.31594,1.29463,3.81051,1.69439,2.25676,5.09667
2018-06-20,3.19844,2.54090,2.67334,3.32705,1.30100,3.82961,1.70275,2.26806,5.12222
2018-06-21,3.17841,2.52488,2.63966,3.28463,1.27650,3.75621,1.67060,2.22465,5.02404
2018-06-22,3.18420,2.52951,2.64902,3.29642,1.28323,3.77638,1.67944,2.23658,5.05101
2018-06-25,3.14091,2.49486,2.57635,3.20490,1.23059,3.61869,1.61036,2.14331,4.84008
2018-06-26,3.14785,2.50042,2.58750,3.21893,1.23851,3.64242,1.62076,2.15735,4.87181
2018-06-27,3.12181,2.47958,2.54450,3.16478,1.20776,3.55030,1.58041,2.10286,4.74859
2018-06-28,3.13964,2.49384,2.57329,3.20103,1.22813,3.61133,1.60714,2.13896,4.83023
2018-06-29,3.14415,2.49745,2.58044,3.21004,1.23321,3.62652,1.61380,2.14795,4.85055
2018-07-02,3.15087,2.50282,2.59074,3.22301,1.24049,3.64831,1.62335,2.16083,4.87970
2018-07-03,3.13975,2.49393,2.57225,3.19972,1.22724,3.60864,1.60597,2.13737,4.82663
2018-07-05,3.16534,2.51440,2.61364,3.25183,1.25667,3.69678,1.64459,2.18950,4.94453
2018-07-06,3.19208,2.53579,2.65750,3.30706,1.28814,3.79102,1.68587,2.24524,5.07060
2018-07-09,3.22079,2.55876,2.70450,3.36625,1.32209,3.89269,1.73042,2.30537,5.20660
2018-07-10,3.23236,2.56802,2.72367,3.39038,1.33606,3.93452,1.74874,2.33011,5.26255
2018-07-11,3.20875,2.54913,2.68367,3.34001,1.30672,3.84665,1.71025,2.27814,5.14501
2018-07-12,3.23780,2.57237,2.73196,3.40082,1.34182,3.95176,1.75630,2.34031,5.28561
2018-07-13,3.24035,2.57441,2.73600,3.40590,1.34475,3.96055,1.76015,2.34551,5.29737
2018-07-16,3.23746,2.57209,2.73036,3.39879,1.34053,3.94789,1.75461,2.33802,5.28044
2018-07-17,3.25054,2.58256,2.75214,3.42622,1.35648,3.99565,1.77553,2.36627,5.34432
2018-07-18,3.25737,2.58802,2.76344,3.44044,1.36476,4.02047,1.78640,2.38094,5.37752
2018-07-19,3.24510,2.57820,2.74238,3.41393,1.34920,3.97386,1.76599,2.35338,5.31517
2018-07-20,3.24139,2.57524,2.73588,3.40573,1.34439,3.95945,1.75968,2.34485,5.29589
2018-07-23,3.24741,2.58005,2.74526,3.41754,1.35120,3.97983,1.76861,2.35691,5.32316
2018-07-24,3.26373,2.59311,2.77257,3.45193,1.37125,4.03988,1.79492,2.39242,5.40348
2018-07-25,3.29152,2.61534,2.81946,3.51097,1.40587,4.14354,1.84033,2.45374,5.54216
2018-07-26,3.28376,2.60913,2.80592,3.49392,1.39575,4.11325,1.82706,2.43582,5.50163
2018-07-27,3.26154,2.59135,2.76772,3.44582,1.36734,4.02814,1.78978,2.38548,5.38778
2018-07-30,3.24452,2.57773,2.73810,3.40851,1.34539,3.96240,1.76099,2.34661,5.29985
2018-07-31,3.26049,2.59051,2.76478,3.44209,1.36494,4.02095,1.78663,2.38123,5.37816
2018-08-01,3.25505,2.58615,2.75530,3.43016,1.35792,3.99993,1.77743,2.36880,5.35004
2018-08-02,3.27277,2.60032,2.78499,3.46754,1.37975,4.06530,1.80607,2.40747,5.43750
2018-08-03,3.28677,2.61153,2.80854,3.49720,1.39716,4.11742,1.82890,2.43829,5.50721
2018-08-06,3.29881,2.62116,2.82830,3.52208,1.41176,4.16114,1.84806,2.46415,5.56570
2018-08-07,3.30969,2.62987,2.84667,3.54521,1.42543,4.20208,1.86599,2.48836,5.62046
2018-08-08,3.30830,2.62875,2.84401,3.54186,1.42341,4.19603,1.86335,2.48478,5.61237
2018-08-09,3.30379,2.62514,2.83599,3.53175,1.41738,4.17797,1.85544,2.47410,5.58821
2018-08-10,3.28168,2.60745,2.79781,3.48367,1.38884,4.09248,1.81798,2.42354,5.47384
2018-08-13,3.26941,2.59763,2.77612,3.45634,1.37266,4.04402,1.79676,2.39488,5.40902
2018-08-14,3.29025,2.61430,2.81120,3.50052,1.39855,4.12154,1.83072,2.44073,5.51272
2018-08-15,3.26571,2.59466,2.76904,3.44743,1.36718,4.02760,1.78957,2.38517,5.38706
2018-08-16,3.29210,2.61578,2.81348,3.50339,1.39993,4.12569,1.83254,2.44318,5.51827
2018-08-17,3.30368,2.62504,2.83298,3.52794,1.41440,4.16900,1.85152,2.46880,5.57621
2018-08-20,3.31074,2.63069,2.84427,3.54215,1.42273,4.19395,1.86246,2.48356,5.60959
2018-08-21,3.31849,2.63689,2.85731,3.55857,1.43245,4.22305,1.87520,2.50077,5.64851
2018-08-22,3.31653,2.63531,2.85366,3.55397,1.42968,4.21475,1.87157,2.49586,5.63740
2018-08-23,3.31213,2.63179,2.84582,3.54410,1.42378,4.19709,1.86383,2.48541,5.61378
2018-08-24,3.33204,2.64772,2.87973,3.58679,1.44910,4.27290,1.89705,2.53025,5.71519
2018-08-27,3.35832,2.66875,2.92427,3.64288,1.48250,4.37293,1.94087,2.58941,5.84899
2018-08-28,3.35994,2.67004,2.92681,3.64607,1.48439,4.37858,1.94335,2.59275,5.85655
2018-08-29,3.37800,2.68449,2.95795,3.68529,1.50796,4.44918,1.97427,2.63451,5.95099
2018-08-30,3.36434,2.67356,2.93377,3.65483,1.48950,4.39389,1.95006,2.60181,5.87703
2018-08-31,3.36445,2.67365,2.93369,3.65473,1.48941,4.39360,1.94993,2.60164,5.87665
2018-09-04,3.35867,2.66902,2.92248,3.64060,1.48077,4.36772,1.93860,2.58633,5.84203
2018-09-05,3.34964,2.66179,2.90650,3.62048,1.46864,4.33138,1.92268,2.56484,5.79341
2018-09-06,3.33957,2.65373,2.88876,3.59813,1.45521,4.29116,1.90506,2.54105,5.73961
2018-09-07,3.33308,2.64854,2.87728,3.58367,1.44654,4.26517,1.89368,2.52568,5.70485
2018-09-10,3.33887,2.65317,2.88643,3.59518,1.45331,4.28544,1.90257,2.53767,5.73197
2018-09-11,3.34987,2.66197,2.90514,3.61874,1.46736,4.32751,1.92100,2.56255,5.78823
2018-09-12,3.35068,2.66262,2.90626,3.62015,1.46817,4.32994,1.92206,2.56399,5.79149
2018-09-13,3.37047,2.67845,2.94027,3.66299,1.49382,4.40675,1.95571,2.60942,5.89424
2018-09-14,3.37105,2.67892,2.94100,3.66389,1.49433,4.40829,1.95639,2.61033,5.89630
2018-09-17,3.35323,2.66465,2.90907,3.62367,1.46998,4.33535,1.92444,2.56719,5.79873
2018-09-18,3.37140,2.67919,2.94028,3.66298,1.49352,4.40584,1.95533,2.60888,5.89302
2018-09-19,3.37499,2.68206,2.94625,3.67049,1.49801,4.41930,1.96122,2.61684,5.91102
2018-09-20,3.40231,2.70392,2.99360,3.73012,1.53397,4.52698,2.00839,2.68053,6.05506
2018-09-21,3.39921,2.70143,2.98785,3.72288,1.52953,4.51368,2.00257,2.67266,6.03727
2018-09-24,3.38793,2.69240,2.96717,3.69682,1.51360,4.46594,1.98166,2.64443,5.97341
2018-09-25,3.38479,2.68989,2.96138,3.68953,1.50915,4.45262,1.97583,2.63655,5.95559
2018-09-26,3.37467,2.68179,2.94340,3.66689,1.49542,4.41150,1.95782,2.61223,5.90059
2018-09-27,3.38409,2.68933,2.95953,3.68719,1.50763,4.44806,1.97383,2.63385,5.94949
2018-09-28,3.38444,2.68961,2.95985,3.68759,1.50784,4.44868,1.97411,2.63422,5.95032
2018-10-01,3.39618,2.69900,2.97949,3.71232,1.52269,4.49316,1.99360,2.66053,6.00982
2018-10-02,3.39421,2.69742,2.97573,3.70759,1.51978,4.48444,1.98978,2.65537,5.99816
2018-10-03,3.39607,2.69891,2.97870,3.71131,1.52201,4.49110,1.99270,2.65931,6.00707
2018-10-04,3.36956,2.67769,2.93194,3.65243,1.48627,4.38405,1.94581,2.59600,5.86387
2018-10-05,3.35072,2.66262,2.89890,3.61083,1.46121,4.30898,1.91292,2.55160,5.76345
2018-10-08,3.35072,2.66261,2.89804,3.60973,1.46045,4.30671,1.91193,2.55026,5.76042
2018-10-09,3.34584,2.65871,2.88932,3.59874,1.45385,4.28693,1.90327,2.53856,5.73395
2018-10-10,3.24002,2.57403,2.70648,3.36849,1.31633,3.87506,1.72284,2.29496,5.18300
2018-10-11,3.16874,2.51700,2.58727,3.21836,1.22971,3.61559,1.69866,2.14150,4.83593
2018-10-12,3.21269,2.55733,2.65869,3.32499,1.28036,3.79731,1.69876,2.24898,5.03887
2018-10-15,3.19467,2.54469,2.62810,3.29373,1.25827,3.74493,1.69906,2.21795,4.95032
2018-10-16,3.26444,2.60028,2.74247,3.43700,1.34000,3.98893,1.69916,2.26892,5.27780
2018-10-17,3.26502,2.60074,2.74317,3.43788,1.34048,3.99035,1.69926,2.26674,5.27970
2018-10-18,3.21793,2.56322,2.66385,3.33852,1.28255,3.81743,1.69936,2.16807,5.04761
2018-10-19,3.21618,2.56183,2.66070,3.33457,1.28025,3.81056,1.69946,2.16415,5.03839
2018-10-22,3.20176,2.55035,2.63607,3.30372,1.26246,3.75744,1.69976,2.13383,4.96708
2018-10-23,3.18548,2.53738,2.60902,3.26984,1.24309,3.69961,1.69986,2.03730,4.88947
2018-10-24,3.08909,2.53236,2.45106,3.26006,1.13068,3.68478,1.69997,2.03743,4.43910
2018-10-25,3.14444,2.53251,2.53852,3.26025,1.19086,3.68500,1.70007,2.03755,4.53938
2018-10-26,3.08920,2.53266,2.44920,3.26045,1.12828,3.68522,1.70017,2.03767,4.53965
2018-10-29,3.07211,2.53311,2.42139,3.26103,1.10908,3.68588,1.70047,2.03804,4.54047
2018-10-30,3.11758,2.53327,2.49271,3.26123,1.15779,3.68611,1.70058,2.03816,4.54074
2018-10-31,3.15083,2.53342,2.54556,3.26142,1.19440,3.68633,1.70068,2.03828,4.54101
2018-11-01,3.18432,2.53357,2.59934,3.26162,1.23204,3.68655,1.70078,2.03840,4.54128
2018-11-02,3.16549,2.53372,2.56836,3.26181,1.21009,3.68677,1.70088,2.03852,4.39392
2018-11-05,3.18293,2.53418,2.59584,3.26240,1.22933,3.68743,1.70119,2.03889,4.46532
2018-11-06,3.20305,2.53433,2.62834,3.26260,1.25228,3.68765,1.70129,2.03901,4.55052
2018-11-07,3.27154,2.56382,2.74033,3.34111,1.33192,3.82232,1.70139,2.03914,4.84617
2018-11-08,3.26561,2.55912,2.73012,3.32841,1.32448,3.80024,1.70666,2.04546,4.81853
2018-11-09,3.23375,2.53389,2.67664,3.26186,1.28569,3.68521,1.67850,1.98572,4.67452
2018-11-12,3.17340,2.48609,2.57603,3.13667,1.21342,3.47091,1.67881,1.87444,4.40623
2018-11-13,3.16747,2.48847,2.56615,3.14579,1.20645,3.48790,1.67891,1.88327,4.38031
2018-11-14,3.14584,2.48862,2.53089,3.14598,1.18167,3.48812,1.67901,1.88339,4.47890
2018-11-15,3.17863,2.48878,2.58332,3.14617,1.21818,3.48833,1.67912,1.88350,4.47918
2018-11-16,3.18689,2.48893,2.59646,3.14636,1.22739,3.48854,1.67922,1.88362,4.56992
2018-11-19,3.13305,2.48938,2.50805,3.14694,1.16490,3.48918,1.67952,1.88396,4.33848
2018-11-20,3.07514,2.48953,2.41520,3.14713,1.10051,3.48939,1.67963,1.88407,4.15603
2018-11-21,3.08560,2.48968,2.43137,3.14732,1.11147,3.48960,1.67973,1.88419,4.15628
2018-11-23,3.06502,2.48999,2.39848,3.14771,1.08898,3.49004,1.67994,1.88442,4.15680
2018-11-26,3.11444,2.49046,2.47496,3.14830,1.14070,3.49068,1.68025,1.88477,4.15757
2018-11-27,3.12491,2.49061,2.49131,3.14849,1.15192,3.49090,1.68035,1.88489,4.15783
2018-11-28,3.19677,2.49076,2.60547,3.14869,1.23067,3.49112,1.68046,1.88501,4.15809
2018-11-29,3.18980,2.49101,2.59384,3.15177,1.22244,3.49770,1.68056,1.88512,4.16593
2018-11-30,3.20921,2.48709,2.62512,3.14489,1.24441,3.48794,1.68066,1.88524,4.24066
2018-12-03,3.25166,2.47630,2.69365,3.11905,1.29283,3.44602,1.68097,1.88558,4.40531
2018-12-04,3.14642,2.39471,2.51924,2.90965,1.16778,3.09313,1.68107,1.71913,3.98005
2018-12-06,3.14166,2.35337,2.51109,2.81017,1.16208,2.93292,1.68128,1.63577,3.78701
2018-12-07,3.06875,2.35351,2.39444,2.81035,1.08148,2.93311,1.68139,1.63587,3.78724
2018-12-10,3.07456,2.35395,2.40276,2.81087,1.08700,2.93365,1.68170,1.63618,3.78794
2018-12-11,3.07526,2.35409,2.40360,2.81104,1.08754,2.93383,1.68180,1.63628,3.78818
2018-12-12,3.09073,2.35424,2.42748,2.81122,1.10364,2.93401,1.68191,1.63638,3.78842
2018-12-13,3.08968,2.35439,2.42559,2.81139,1.10232,2.93420,1.68201,1.63648,3.78865
2018-12-14,3.03270,2.35453,2.33600,2.81157,1.04155,2.93438,1.68212,1.63659,3.78889
2018-12-17,2.97328,2.35497,2.24388,2.81209,0.98021,2.93493,1.68243,1.63689,3.78960
2018-12-18,2.97002,2.35512,2.23874,2.81227,0.97684,2.93511,1.68254,1.63699,3.78983
2018-12-19,2.92560,2.35526,2.17165,2.81244,0.93317,2.93529,1.68264,1.63709,3.79006
2018-12-20,2.87805,2.35541,2.10094,2.81261,0.88787,2.93547,1.68274,1.63719,3.79030
2018-12-21,2.81915,2.35555,2.01490,2.81279,0.83368,2.93565,1.68285,1.63729,3.79053
2018-12-24,2.74477,2.35599,1.90815,2.81331,0.76785,2.93619,1.68316,1.63760,3.79123
2018-12-26,2.88325,2.35629,2.09990,2.81366,0.88261,2.93656,1.68337,1.63780,3.79171
2018-12-27,2.90536,2.35643,2.13182,2.81384,0.90257,2.93675,1.68348,1.63791,3.79195
2018-12-28,2.90162,2.35658,2.12611,2.81401,0.89895,2.93693,1.68358,1.63801,3.79218
2018-12-31,2.92700,2.35702,2.16258,2.81453,0.92185,2.93747,1.68389,1.63831,3.79288
2019-01-02,2.93004,2.35731,2.16661,2.81489,0.92437,2.93784,1.68410,1.63852,3.79336
2019-01-03,2.86021,2.35746,2.06330,2.81506,0.85866,2.93802,1.68421,1.63862,3.79360
2019-01-04,2.95589,2.35761,2.20087,2.81524,0.94390,2.93821,1.68431,1.63872,3.79383
2019-01-07,2.97916,2.35805,2.23478,2.81576,0.96550,2.93875,1.68463,1.63903,3.79454
2019-01-08,3.00712,2.35819,2.27641,2.81594,0.99229,2.93894,1.68473,1.63913,3.79478
2019-01-09,3.02115,2.35834,2.29739,2.81612,1.00590,2.93913,1.68484,1.63923,3.79502
2019-01-10,3.03180,2.35849,2.31331,2.81630,1.01626,2.93931,1.68495,1.63934,3.79526
2019-01-11,3.03297,2.35864,2.31485,2.81647,1.01725,2.93950,1.68505,1.63944,3.79550
2019-01-14,3.01449,2.35908,2.28596,2.81700,0.99824,2.94005,1.68537,1.63975,3.79621
2019-01-15,3.04899,2.35923,2.33796,2.81718,1.03207,2.94023,1.68547,1.63985,3.79645
2019-01-16,3.05636,2.35938,2.34900,2.81735,1.03931,2.94042,1.68558,1.63995,3.79669
2019-01-17,3.07952,2.35953,2.38430,2.81753,1.06257,2.94060,1.68568,1.64005,3.79692
2019-01-18,3.12046,2.35967,2.44734,2.81771,1.10445,2.94078,1.68579,1.64016,3.79716
2019-01-22,3.07835,2.36026,2.38038,2.81840,1.05925,2.94151,1.68621,1.64056,3.79810
2019-01-23,3.08478,2.36040,2.39006,2.81858,1.06565,2.94170,1.68631,1.64067,3.79834
2019-01-24,3.08642,2.36055,2.39234,2.81875,1.06714,2.94188,1.68642,1.64077,3.79857
2019-01-25,3.11250,2.36069,2.43247,2.81893,1.09382,2.94206,1.68652,1.64087,3.79880
2019-01-28,3.08888,2.36113,2.39484,2.81944,1.06849,2.94260,1.68683,1.64117,3.79950
2019-01-29,3.08479,2.36128,2.38826,2.81962,1.06408,2.94278,1.68694,1.64127,3.79974
2019-01-30,3.13356,2.36142,2.46341,2.81980,1.11400,2.94296,1.68704,1.64137,3.79997
2019-01-31,3.16105,2.36157,2.50631,2.81997,1.14291,2.94315,1.68714,1.64148,3.80021
2019-02-01,3.16257,2.36172,2.50846,2.82015,1.14434,2.94333,1.68365,1.64158,3.80045
2019-02-04,3.18479,2.36215,2.54288,2.82067,1.16769,2.94387,1.71835,1.64188,3.87351
2019-02-05,3.19812,2.36578,2.56388,2.83154,1.18205,2.96213,1.73969,1.64198,3.92155
2019-02-06,3.19391,2.36265,2.55687,2.82375,1.17720,2.94980,1.73248,1.63933,3.90531
2019-02-07,3.16350,2.34008,2.50798,2.76941,1.14357,2.86441,1.68249,1.60544,3.79283
2019-02-08,3.16736,2.32578,2.51383,2.73816,1.14752,2.81721,1.68836,1.60554,3.73066
2019-02-11,3.16912,2.32622,2.51582,2.73867,1.14879,2.81774,1.69025,1.60584,3.70174
2019-02-12,3.20982,2.32636,2.58009,2.73884,1.19255,2.81792,1.75530,1.60594,3.84504
2019-02-13,3.22023,2.32395,2.59653,2.73531,1.20387,2.81363,1.77211,1.60350,3.88208
2019-02-14,3.21310,2.31878,2.58477,2.72281,1.19570,2.79418,1.75996,1.59241,3.85532
2019-02-15,3.24807,2.34413,2.64069,2.78224,1.23428,2.88600,1.81731,1.64474,3.98165
2019-02-19,3.25368,2.34820,2.64870,2.79075,1.23974,2.89899,1.82543,1.65214,3.99952
2019-02-20,3.26023,2.35295,2.65907,2.80177,1.24695,2.91616,1.83615,1.66192,4.02314
2019-02-21,3.24866,2.34455,2.63993,2.78142,1.23352,2.88418,1.81618,1.64370,3.97914
2019-02-22,3.26877,2.35913,2.67230,2.81583,1.25607,2.93785,1.84970,1.67428,4.05298
2019-02-25,3.27322,2.36235,2.67872,2.82264,1.26047,2.94831,1.85624,1.68024,4.06738
2019-02-26,3.27088,2.36066,2.67461,2.81827,1.25755,2.94136,1.85190,1.67628,4.05782
2019-02-27,3.26948,2.35964,2.67204,2.81554,1.25571,2.93698,1.84916,1.67378,4.05179
2019-02-28,3.26339,2.35523,2.66183,2.80468,1.24852,2.91985,1.83846,1.66402,4.02822
2019-03-01,3.28375,2.36998,2.69470,2.83962,1.27151,2.97457,1.87264,1.69520,4.10350
2019-03-04,3.27182,2.36133,2.67430,2.81793,1.25703,2.94010,1.85112,1.67556,4.05609
2019-03-05,3.26737,2.35811,2.66676,2.80992,1.25171,2.92743,1.84320,1.66834,4.03865
2019-03-06,3.24761,2.34378,2.63426,2.77537,1.22890,2.87313,1.80929,1.63740,3.96395
2019-03-07,3.22047,2.32411,2.59002,2.72835,1.19805,2.79971,1.76344,1.59557,3.86295
2019-03-08,3.21404,2.31944,2.57941,2.71707,1.19070,2.78221,1.75251,1.58559,3.83887
2019-03-11,3.26059,2.35319,2.65322,2.79551,1.24146,2.90300,1.82795,1.65442,4.00505
2019-03-12,3.27287,2.36209,2.67290,2.81642,1.25517,2.93564,1.84834,1.67302,4.04996
2019-03-13,3.29451,2.37778,2.70791,2.85364,1.27969,2.99399,1.88478,1.70627,4.13024
2019-03-14,3.29240,2.37625,2.70417,2.84966,1.27701,2.98763,1.88081,1.70264,4.12148
2019-03-15,3.30865,2.38803,2.73054,2.87769,1.29558,3.03180,1.90840,1.72781,4.18226
2019-03-18,3.32064,2.39671,2.74943,2.89776,1.30886,3.06341,1.92814,1.74582,4.22574
2019-03-19,3.32146,2.39731,2.75050,2.89890,1.30959,3.06514,1.92922,1.74681,4.22812
2019-03-20,3.31147,2.39007,2.73370,2.88103,1.29760,3.03661,1.91140,1.73055,4.18887
2019-03-21,3.34883,2.41715,2.79501,2.94620,1.34103,3.13996,1.97595,1.78944,4.33107
2019-03-22,3.28445,2.37048,2.68738,2.83180,1.26387,2.95630,1.86125,1.68479,4.07839
2019-03-25,3.28199,2.36869,2.68250,2.82661,1.26034,2.94789,1.85601,1.68000,4.06683
2019-03-26,3.30642,2.38640,2.72211,2.86871,1.28809,3.01395,1.89726,1.71764,4.15770
2019-03-27,3.28915,2.37388,2.69343,2.83822,1.26779,2.96562,1.86708,1.69010,4.09121
2019-03-28,3.30161,2.38291,2.71351,2.85956,1.28187,2.99913,1.88801,1.70920,4.13732
2019-03-29,3.32240,2.39798,2.74736,2.89554,1.30572,3.05589,1.92345,1.74154,4.21540
2019-04-01,3.36176,2.42651,2.81151,2.96372,1.35115,3.16401,1.99098,1.80314,4.36415
2019-04-02,3.36340,2.42770,2.81397,2.96633,1.35287,3.16811,1.99354,1.80548,4.36980
2019-04-03,3.36869,2.43154,2.82251,2.97540,1.35897,3.18262,2.00261,1.81375,4.38977
2019-04-04,3.37762,2.43801,2.83716,2.99097,1.36947,3.20761,2.01821,1.82799,4.42414
2019-04-05,3.39395,2.44984,2.86426,3.01977,1.38898,3.25403,2.04720,1.85444,4.48801
2019-04-08,3.39653,2.45172,2.86772,3.02344,1.39137,3.25972,2.05076,1.85768,4.49584
2019-04-09,3.37914,2.43911,2.83809,2.99195,1.36986,3.20852,2.01879,1.82851,4.42540
2019-04-10,3.39066,2.44746,2.85711,3.01217,1.38354,3.24107,2.03912,1.84705,4.47019
2019-04-11,3.38972,2.44678,2.85523,3.01017,1.38214,3.23774,2.03704,1.84516,4.46561
2019-04-12,3.41263,2.46338,2.89348,3.05082,1.40976,3.30348,2.07810,1.88262,4.55605
2019-04-15,3.41039,2.46176,2.88879,3.04582,1.40624,3.29508,2.07285,1.87783,4.54449
2019-04-16,3.41263,2.46338,2.89226,3.04952,1.40873,3.30101,2.07655,1.88120,4.55264
2019-04-17,3.40429,2.45733,2.87784,3.03418,1.39820,3.27593,2.06090,1.86692,4.51815
2019-04-18,3.41098,2.46219,2.88884,3.04588,1.40615,3.29486,2.07272,1.87770,4.54419
2019-04-22,3.41392,2.46431,2.89261,3.04987,1.40874,3.30101,2.07656,1.88121,4.55265
2019-04-23,3.44458,2.48654,2.94420,3.10471,1.44624,3.39027,2.13231,1.93206,4.67545
2019-04-24,3.43695,2.48100,2.93086,3.09052,1.43641,3.36685,2.11769,1.91872,4.64324
2019-04-25,3.43483,2.47947,2.92695,3.08636,1.43351,3.35995,2.11337,1.91479,4.63374
2019-04-26,3.45081,2.49105,2.95384,3.11494,1.45315,3.40669,2.14257,1.94142,4.69805
2019-04-29,3.45621,2.49497,2.96215,3.12378,1.45915,3.42096,2.15148,1.94955,4.71768
2019-04-30,3.45798,2.49624,2.96486,3.12665,1.46110,3.42561,2.15438,1.95220,4.72408
2019-05-01,3.43201,2.47742,2.92008,3.07906,1.42809,3.34703,2.10531,1.90743,4.61597
2019-05-02,3.42461,2.47206,2.90720,3.06536,1.41864,3.32453,2.09126,1.89461,4.58502
2019-05-03,3.45810,2.49633,2.96367,3.12538,1.45977,3.42243,2.15240,1.95039,4.71970
2019-05-06,3.44388,2.48602,2.93840,3.09852,1.44106,3.37788,2.12459,1.92501,4.65843
2019-05-07,3.38643,2.44437,2.84018,2.99412,1.36905,3.20648,2.01755,1.82734,4.42262
2019-05-08,3.38174,2.44097,2.83201,2.98543,1.36313,3.19239,2.00875,1.81932,4.40324
2019-05-09,3.37152,2.43356,2.81461,2.96695,1.35059,3.16254,1.99011,1.80231,4.36217
2019-05-10,3.38843,2.44582,2.84253,2.99661,1.37056,3.21007,2.01979,1.82939,4.42756
2019-05-13,3.30338,2.38416,2.69911,2.84417,1.26716,2.96395,1.86609,1.68915,4.08896
2019-05-14,3.33322,2.40579,2.74753,2.89563,1.30107,3.04465,1.91649,1.73513,4.19998
2019-05-15,3.35272,2.41993,2.77935,2.92945,1.32354,3.09813,1.94989,1.76560,4.27356
2019-05-16,3.38374,2.44241,2.83042,2.98373,1.35982,3.18448,2.00382,1.81481,4.39237
2019-05-17,3.36188,2.42657,2.79361,2.94461,1.33338,3.12153,1.96451,1.77894,4.30576
2019-05-20,3.33968,2.41047,2.75589,2.90451,1.30638,3.05728,1.92438,1.74233,4.21737
2019-05-21,3.36976,2.43227,2.80518,2.95689,1.34124,3.14024,1.97620,1.78960,4.33150
2019-05-22,3.35942,2.42478,2.78770,2.93831,1.32872,3.11044,1.95759,1.77262,4.29051
2019-05-23,3.31842,2.39505,2.71945,2.86577,1.28011,2.99473,1.88532,1.70669,4.13131
2019-05-24,3.32594,2.40050,2.73148,2.87855,1.28853,3.01477,1.89784,1.71811,4.15888
2019-05-28,3.29504,2.37810,2.67967,2.82349,1.25191,2.92759,1.84340,1.66844,4.03896
2019-05-29,3.27296,2.36209,2.64352,2.78506,1.22666,2.86750,1.80588,1.63419,3.95628
2019-05-30,3.28189,2.36856,2.65765,2.80008,1.23642,2.89072,1.82052,1.64743,3.98823
2019-05-31,3.23771,2.33654,2.58594,2.72385,1.18658,2.77208,1.80043,1.57983,3.82501
2019-06-03,3.22949,2.33463,2.57202,2.72202,1.17696,2.77061,1.79953,1.56678,3.79351
2019-06-04,3.29951,2.33477,2.68313,2.72218,1.25281,2.77078,1.79963,1.66965,3.89630
2019-06-05,3.32806,2.33792,2.72922,2.73166,1.28491,2.78642,1.80979,1.71318,3.91830
2019-06-06,3.34967,2.35323,2.76435,2.76734,1.30958,2.84134,1.84545,1.74662,3.99550
2019-06-07,3.38315,2.37695,2.81926,2.82312,1.34839,2.92777,1.90158,1.79926,4.11700
2019-06-10,3.39866,2.38793,2.84422,2.84847,1.36613,2.96725,1.92721,1.82331,4.17250
2019-06-11,3.39784,2.38735,2.84256,2.84678,1.36490,2.96452,1.92544,1.82165,4.16866
2019-06-12,3.39185,2.38310,2.83227,2.83632,1.35748,2.94799,1.91471,1.81159,4.14543
2019-06-13,3.40583,2.39300,2.85530,2.85972,1.37394,2.98464,1.93851,1.83391,4.19695
2019-06-14,3.40207,2.39034,2.84873,2.85303,1.36919,2.97404,1.93162,1.82745,4.18205
2019-06-17,3.40336,2.39125,2.85005,2.85437,1.37004,2.97593,1.93285,1.82861,4.18470
2019-06-18,3.43896,2.41647,2.90931,2.91457,1.41256,3.07062,1.99433,1.88627,4.31780
2019-06-19,3.44671,2.42196,2.92213,2.92758,1.42182,3.09124,2.00772,1.89883,4.34679
2019-06-20,3.47960,2.44526,2.97755,2.98388,1.46208,3.18088,2.06593,1.95343,4.47281
2019-06-21,3.47455,2.44168,2.96863,2.97481,1.45550,3.16622,2.05641,1.94450,4.45220
2019-06-24,3.47030,2.43866,2.96052,2.96657,1.44946,3.15277,2.04768,1.93631,4.43329
2019-06-25,3.43631,2.41458,2.90229,2.90741,1.40684,3.05784,1.98604,1.87850,4.29984
2019-06-26,3.43288,2.41215,2.89624,2.90126,1.40242,3.04800,1.97965,1.87251,4.28601
2019-06-27,3.44504,2.42076,2.91645,2.92179,1.41701,3.08048,2.00074,1.89229,4.33168
2019-06-28,3.46275,2.43331,2.94611,2.95192,1.43851,3.12836,2.03183,1.92145,4.39898
2019-07-01,3.49415,2.45555,2.99863,3.00526,1.47673,3.21345,2.08708,1.97327,4.51860
2019-07-02,3.50324,2.46199,3.01392,3.02079,1.48795,3.23842,2.10330,1.98848,4.55370
2019-07-03,3.53122,2.48180,3.06171,3.06933,1.52317,3.31685,2.15422,2.03625,4.66395
2019-07-05,3.52721,2.47896,3.05415,3.06165,1.51748,3.30418,2.14599,2.02853,4.64613
2019-07-08,3.50785,2.46524,3.01975,3.02670,1.49183,3.24705,2.10889,1.99374,4.56582
2019-07-09,3.51221,2.46833,3.02696,3.03402,1.49712,3.25881,2.11654,2.00091,4.58236
2019-07-10,3.52898,2.48021,3.05552,3.06303,1.51819,3.30573,2.14700,2.02948,4.64832
2019-07-11,3.53724,2.48606,3.06952,3.07724,1.52855,3.32879,2.16197,2.04353,4.68073
2019-07-12,3.55306,2.49726,3.09664,3.10480,1.54870,3.37366,2.19111,2.07085,4.74381
2019-07-15,3.55424,2.49810,3.09780,3.10596,1.54946,3.37534,2.19220,2.07188,4.74617
2019-07-16,3.54279,2.48998,3.07756,3.08540,1.53429,3.34156,2.17027,2.05131,4.69869
2019-07-17,3.51871,2.47292,3.03546,3.04264,1.50290,3.27164,2.12487,2.00873,4.60040
2019-07-18,3.53158,2.48204,3.05735,3.06486,1.51905,3.30762,2.14823,2.03064,4.65097
2019-07-19,3.51198,2.46815,3.02317,3.03014,1.49364,3.25102,2.11148,1.99617,4.57141
2019-07-22,3.52060,2.47425,3.03713,3.04431,1.50385,3.27375,2.12623,2.01002,4.60336
2019-07-23,3.54574,2.49206,3.08017,3.08803,1.53567,3.34460,2.17224,2.05317,4.70296
2019-07-24,3.56239,2.50386,3.10877,3.11708,1.55695,3.39197,2.20300,2.08202,4.76955
2019-07-25,3.54539,2.49181,3.07883,3.08667,1.53451,3.34199,2.17055,2.05158,4.69929
2019-07-26,3.56912,2.50862,3.11970,3.12819,1.56492,3.40971,2.21452,2.09282,4.79449
2019-07-29,3.56262,2.50402,3.10746,3.11574,1.55564,3.38903,2.20109,2.08023,4.76541
2019-07-30,3.55389,2.49783,3.09194,3.09997,1.54399,3.36308,2.18424,2.06443,4.72894
2019-07-31,3.51505,2.47031,3.02414,3.03109,1.49336,3.25032,2.11102,1.99576,4.57043
2019-08-01,3.48448,2.44865,2.97130,2.97742,1.45433,3.16342,2.05459,1.94284,4.44826
2019-08-02,3.45827,2.43009,2.92638,2.93178,1.42145,3.09018,2.00704,1.89824,4.34531
2019-08-05,3.35439,2.35649,2.74994,2.75253,1.29332,2.80484,1.82176,1.72447,3.94419
2019-08-06,3.40137,2.38977,2.82662,2.83042,1.34714,2.92469,1.86096,1.79746,4.11267
2019-08-07,3.40338,2.39119,2.82968,2.83353,1.34930,2.92948,1.86106,1.80038,4.11941
2019-08-08,3.47008,2.43844,2.94019,2.94579,1.42797,3.10468,1.86115,1.90707,4.36569
2019-08-09,3.44647,2.42172,2.89995,2.90491,1.39875,3.03959,1.84097,1.86743,4.27419
2019-08-12,3.40456,2.39203,2.82870,2.83252,1.34732,2.92506,1.77361,1.79769,4.11319
2019-08-13,3.45745,2.42949,2.91621,2.92142,1.40955,3.06363,1.76591,1.88208,4.30798
2019-08-14,3.35533,2.35715,2.74389,2.74636,1.28509,2.78647,1.68872,1.71329,3.91836
2019-08-15,3.36419,2.36342,2.75810,2.76079,1.29500,2.80853,1.70381,1.72673,3.94938
2019-08-16,3.41377,2.39854,2.83904,2.84302,1.35173,2.93485,1.70389,1.80365,4.12695
2019-08-19,3.45485,2.42764,2.90652,2.91156,1.39964,3.04153,1.70413,1.86863,4.27693
2019-08-20,3.42841,2.40891,2.86182,2.86614,1.36745,2.96985,1.67297,1.82498,4.17616
2019-08-21,3.45627,2.42864,2.90801,2.91307,1.40039,3.04321,1.71332,1.86965,4.27928
2019-08-22,3.45521,2.42789,2.90595,2.91098,1.39889,3.03985,1.71148,1.86761,4.27456
2019-08-23,3.36655,2.36509,2.75674,2.75939,1.29156,2.80083,1.58001,1.72204,3.93855
2019-08-26,3.40374,2.39142,2.81680,2.82040,1.33350,2.89420,1.61851,1.77891,4.06982
2019-08-27,3.39040,2.38197,2.79448,2.79773,1.31769,2.85901,1.61859,1.75748,4.02034
2019-08-28,3.41424,2.39886,2.83348,2.83734,1.34513,2.92010,1.61867,1.79469,4.10623
2019-08-29,3.45780,2.42972,2.90543,2.91043,1.39611,3.03364,1.61875,1.86383,4.26583
2019-08-30,3.45627,2.42863,2.90259,2.90754,1.39404,3.02902,1.58768,1.86102,4.25934
2019-09-03,3.43608,2.41433,2.86764,2.87203,1.36886,2.97293,1.55832,1.82686,4.18048
2019-09-04,3.47504,2.44192,2.93232,2.93773,1.41495,3.07555,1.61203,1.88937,4.32475
2019-09-05,3.51966,2.47353,3.00727,3.01386,1.46895,3.19580,1.67495,1.96260,4.49379
2019-09-06,3.52238,2.47546,3.01163,3.01829,1.47210,3.20281,1.67862,1.96687,4.50364
2019-09-09,3.52415,2.47671,3.01382,3.02051,1.47361,3.20617,1.68038,1.96892,4.50836
2019-09-10,3.52332,2.47612,3.01213,3.01879,1.47235,3.20335,1.67890,1.96720,4.50440
2019-09-11,3.54835,2.49385,3.05460,3.06192,1.50334,3.27235,1.71501,2.00922,4.60140
2019-09-12,3.56063,2.50254,3.07543,3.08308,1.51863,3.30640,1.73283,2.02996,4.64926
2019-09-13,3.55827,2.50087,3.07108,3.07866,1.51538,3.29917,1.72904,2.02556,4.63910
2019-09-16,3.54729,2.49309,3.05130,3.05856,1.50071,3.26648,1.71194,2.00565,4.59314
2019-09-17,3.55626,2.49944,3.06643,3.07393,1.51180,3.29117,1.72486,2.02069,4.62786
2019-09-18,3.55839,2.50095,3.06981,3.07736,1.51426,3.29664,1.72772,2.02402,4.63554
2019-09-19,3.55815,2.50078,3.06912,3.07665,1.51372,3.29544,1.72709,2.02329,4.63385
2019-09-20,3.54136,2.48888,3.03990,3.04697,1.49216,3.24741,1.70196,1.99404,4.56634
2019-09-23,3.54053,2.48829,3.03765,3.04468,1.49042,3.24353,1.69993,1.99168,4.56089
2019-09-24,3.51278,2.46863,2.98981,2.99607,1.45531,3.16535,1.65902,1.94407,4.45098
2019-09-25,3.53353,2.48333,3.02482,3.03164,1.48075,3.22199,1.68866,1.97857,4.53061
2019-09-26,3.52618,2.47812,3.01198,3.01859,1.47133,3.20100,1.67767,1.96579,4.50110
2019-09-27,3.50720,2.46468,2.97933,2.98542,1.44747,3.14787,1.64987,1.93343,4.42641
2019-09-30,3.52345,2.47619,3.00612,3.01263,1.46684,3.19099,1.67244,1.95969,4.48703
2019-10-01,3.48159,2.44653,2.93450,2.93987,1.41459,3.07464,1.61155,1.88884,4.32347
2019-10-02,3.42016,2.40301,2.83080,2.83453,1.33990,2.90829,1.52450,1.78753,4.08962
2019-10-03,3.44814,2.42283,2.87683,2.88128,1.37241,2.98068,1.51898,1.83162,4.19139
2019-10-04,3.49475,2.45585,2.95426,2.95994,1.42756,3.10350,1.51904,1.90641,4.36404
2019-10-07,3.47969,2.44518,2.92807,2.93332,1.40858,3.06122,1.51112,1.88067,4.30460
2019-10-08,3.42573,2.40695,2.83711,2.84092,1.34319,2.91560,1.44118,1.79199,4.09990
2019-10-09,3.45823,2.42997,2.89062,2.89528,1.38101,2.99981,1.47272,1.84327,4.21827
2019-10-10,3.48159,2.44652,2.92939,2.93466,1.40865,3.06136,1.50237,1.88076,4.30480
2019-10-11,3.51764,2.47206,2.98974,2.99596,1.45198,3.15784,1.54881,1.93952,4.44043
2019-10-14,3.51373,2.46928,2.98233,2.98843,1.44653,3.14571,1.54297,1.93213,4.42337
2019-10-15,3.54848,2.49390,3.04100,3.04803,1.48902,3.24032,1.58851,1.98975,4.55638
2019-10-16,3.54278,2.48986,3.03100,3.03786,1.48168,3.22397,1.58064,1.97979,4.53339
2019-10-17,3.55322,2.49726,3.04858,3.05572,1.49450,3.25251,1.59438,1.99718,4.57351
2019-10-18,3.53769,2.48625,3.02169,3.02841,1.47478,3.20860,1.57325,1.97043,4.51178
2019-10-21,3.56164,2.50322,3.06181,3.06915,1.50396,3.27357,1.60452,2.01001,4.60312
2019-10-22,3.55002,2.49498,3.04159,3.04861,1.48910,3.24047,1.58859,1.98985,4.55658
2019-10-23,3.56034,2.50229,3.05900,3.06629,1.50181,3.26877,1.60221,2.00708,4.59636
2019-10-24,3.56615,2.50641,3.06871,3.07616,1.50891,3.28459,1.60983,2.01672,4.61860
2019-10-25,3.58074,2.51674,3.09353,3.10137,1.52713,3.32514,1.62935,2.04141,4.67561
2019-10-28,3.60090,2.53102,3.12755,3.13592,1.55215,3.38085,1.65616,2.07534,4.75392
2019-10-29,3.59983,2.53026,3.12543,3.13377,1.55055,3.37729,1.65445,2.07318,4.74893
2019-10-30,3.61086,2.53807,3.14431,3.15293,1.56452,3.40840,1.66942,2.09212,4.79265
2019-10-31,3.60125,2.53127,3.12733,3.13569,1.55188,3.38023,1.65587,2.07497,4.75305
2019-11-01,3.63458,2.55487,3.18490,3.19416,1.59454,3.47524,1.70160,2.13284,4.88662
2019-11-04,3.64917,2.56520,3.20967,3.21932,1.61301,3.51636,1.72139,2.15788,4.94442
2019-11-05,3.64513,2.56235,3.20232,3.21186,1.60747,3.50402,1.71546,2.15037,4.92707
2019-11-06,3.64596,2.56293,3.20352,3.21307,1.60835,3.50596,1.71639,2.15155,4.92980
2019-11-07,3.65877,2.57201,3.22574,3.23564,1.62500,3.54305,1.73424,2.17414,4.98193
2019-11-08,3.66779,2.57839,3.24136,3.25150,1.63674,3.56917,1.74682,2.19005,5.01866
2019-11-11,3.66079,2.57343,3.22821,3.23815,1.62674,3.54691,1.73611,2.17649,4.98737
2019-11-12,3.66850,2.57889,3.24153,3.25167,1.63675,3.56920,1.74683,2.19007,5.01870
2019-11-13,3.66968,2.57973,3.24336,3.25353,1.63811,3.57221,1.74829,2.19190,5.02293
2019-11-14,3.67502,2.58351,3.25252,3.26283,1.64500,3.58755,1.75567,2.20124,5.04450
2019-11-15,3.70159,2.60233,3.29923,3.31028,1.68029,3.66614,1.79349,2.24910,5.15497
2019-11-18,3.70431,2.60426,3.30328,3.31438,1.68330,3.67282,1.79672,2.25318,5.16437
2019-11-19,3.70325,2.60350,3.30111,3.31217,1.68162,3.66908,1.79492,2.25090,5.15911
2019-11-20,3.68949,2.59375,3.27633,3.28701,1.66273,3.62701,1.77467,2.22528,5.09997
2019-11-21,3.68356,2.58955,3.26555,3.27605,1.65452,3.60872,1.76587,2.21415,5.07426
2019-11-22,3.69174,2.59535,3.27977,3.29050,1.66527,3.63266,1.77739,2.22872,5.10791
2019-11-25,3.72033,2.61559,3.32970,3.34121,1.70309,3.71688,1.81793,2.28001,5.22630
2019-11-26,3.72875,2.62155,3.34448,3.35622,1.71437,3.74199,1.83001,2.29531,5.26159
2019-11-27,3.74535,2.63331,3.37396,3.38617,1.73694,3.79224,1.85420,2.32591,5.33224
2019-11-29,3.73147,2.62348,3.34843,3.36022,1.71723,3.74834,1.83308,2.29918,5.27052
2019-12-02,3.69981,2.60105,3.29083,3.30170,1.67298,3.64980,1.78566,2.23917,5.13201
2019-12-03,3.67502,2.58349,3.24651,3.25668,1.63927,3.57473,1.74953,2.19345,5.02647
2019-12-04,3.69768,2.59954,3.28622,3.29702,1.66923,3.64143,1.78163,2.23407,5.12023
2019-12-05,3.70432,2.60424,3.29775,3.30873,1.67795,3.66086,1.79099,2.24591,5.14755
2019-12-06,3.73812,2.62818,3.35760,3.36953,1.72346,3.76219,1.83976,2.30762,5.29000
2019-12-09,3.72638,2.61986,3.33572,3.34729,1.70659,3.72462,1.82168,2.28474,5.23718
2019-12-10,3.72223,2.61692,3.32802,3.33947,1.70068,3.71145,1.81534,2.27673,5.21868
2019-12-11,3.73278,2.62440,3.34661,3.35835,1.71486,3.74302,1.83053,2.29595,5.26304
2019-12-12,3.76492,2.64716,3.40391,3.41655,1.75873,3.84071,1.87755,2.35545,5.40038
2019-12-13,3.76717,2.64876,3.40770,3.42041,1.76163,3.84718,1.88067,2.35939,5.40947
2019-12-16,3.79303,2.66707,3.45359,3.46702,1.79703,3.92599,1.91860,2.40739,5.52026
2019-12-17,3.79386,2.66766,3.45482,3.46827,1.79796,3.92806,1.91960,2.40865,5.52317
2019-12-18,3.79410,2.66782,3.45497,3.46842,1.79805,3.92826,1.91970,2.40877,5.52345
2019-12-19,3.80963,2.67883,3.48296,3.49684,1.81981,3.97670,1.94301,2.43827,5.59154
2019-12-20,3.82632,2.69065,3.51316,3.52752,1.84337,4.02918,1.96827,2.47023,5.66531
2019-12-23,3.83216,2.69478,3.52301,3.53752,1.85102,4.04619,1.97646,2.48060,5.68923
2019-12-24,3.83228,2.69486,3.52294,3.53744,1.85094,4.04600,1.97637,2.48048,5.68897
2019-12-26,3.85266,2.70930,3.55979,3.57488,1.87984,4.11037,2.00735,2.51968,5.77945
2019-12-27,3.85170,2.70862,3.55774,3.57279,1.87819,4.10669,2.00559,2.51744,5.77428
2019-12-30,3.83049,2.69359,3.51771,3.53212,1.84651,4.03611,1.97163,2.47446,5.67507
2019-12-31,3.83978,2.70018,3.53449,3.54916,1.85964,4.06537,1.98571,2.49228,5.71619
2020-01-02,3.87566,2.72559,3.59989,3.61560,1.91106,4.17986,2.04081,2.56201,5.87713
2020-01-03,3.84634,2.70482,3.54519,3.56002,1.86759,4.08306,1.99422,2.50306,5.74106
2020-01-06,3.86100,2.71520,3.57133,3.58658,1.88811,4.12874,2.01621,2.53088,5.80528
2020-01-07,3.85015,2.70751,3.55099,3.56591,1.87200,4.09287,1.99895,2.50903,5.75485
2020-01-08,3.87065,2.72203,3.58849,3.60400,1.90154,4.15863,2.03060,2.54909,5.84729
2020-01-09,3.89687,2.74061,3.63677,3.65304,1.93978,4.24378,2.07159,2.60094,5.96699
2020-01-10,3.88567,2.73267,3.61558,3.63152,1.92285,4.20607,2.05344,2.57798,5.91399
2020-01-13,3.91237,2.75158,3.66434,3.68105,1.96155,4.29225,2.09492,2.63047,6.03514
2020-01-14,3.90641,2.74736,3.65289,3.66941,1.95235,4.27176,2.08506,2.61799,6.00633
2020-01-15,3.91523,2.75360,3.66907,3.68584,1.96526,4.30050,2.09889,2.63549,6.04673
2020-01-16,3.94776,2.77665,3.72970,3.74743,2.01381,4.40861,2.15093,2.70133,6.19871
2020-01-17,3.96004,2.78535,3.75257,3.77066,2.03225,4.44969,2.17069,2.72635,6.25645
2020-01-21,3.95229,2.77985,3.73668,3.75451,2.01926,4.42073,2.15677,2.70872,6.21575
2020-01-22,3.95277,2.78019,3.73728,3.75512,2.01971,4.42174,2.15725,2.70933,6.21716
2020-01-23,3.95730,2.78340,3.74553,3.76350,2.02635,4.43653,2.16437,2.71834,6.23795
2020-01-24,3.92214,2.75849,3.67873,3.69564,1.97226,4.31606,2.10639,2.64497,6.06860
2020-01-27,3.85933,2.71400,3.56012,3.57514,1.87705,4.10403,2.00435,2.51585,5.77054
2020-01-28,3.89974,2.74262,3.63430,3.65050,1.93552,4.23423,2.06702,2.59515,5.95357
2020-01-29,3.89652,2.74034,3.62801,3.64410,1.93048,4.22300,2.06162,2.58831,5.93779
2020-01-30,3.90915,2.74928,3.65122,3.66768,1.94893,4.26407,2.08138,2.61332,5.99552
2020-01-31,3.83824,2.69905,3.51857,3.53293,1.84299,4.02815,1.96784,2.46965,5.66388
2020-02-03,3.86672,2.71922,3.56989,3.58505,1.88311,4.11748,2.01084,2.52405,5.78945
2020-02-04,3.92560,2.76093,3.67821,3.69509,1.96854,4.30773,2.10240,2.63991,6.05689
2020-02-05,3.97088,2.79301,3.76271,3.78092,2.03615,4.45829,2.17487,2.73161,6.26855
2020-02-06,3.98423,2.80246,3.78767,3.80628,2.05633,4.50324,2.19650,2.75898,6.33173
2020-02-07,3.96302,2.78744,3.74706,3.76502,2.02332,4.42971,2.16111,2.71420,6.22837
2020-02-10,3.99258,2.80837,3.80199,3.82081,2.06760,4.52831,2.20857,2.77426,6.36698
2020-02-11,3.99949,2.81327,3.81484,3.83386,2.07802,4.55151,2.21974,2.78838,6.39959
2020-02-12,4.02523,2.83150,3.86359,3.88339,2.11772,4.63992,2.26229,2.84223,6.52388
2020-02-13,4.02094,2.82846,3.85505,3.87470,2.11068,4.62424,2.25475,2.83268,6.50183
2020-02-14,4.02738,2.83302,3.86706,3.88690,2.12049,4.64608,2.26526,2.84598,6.53253
2020-02-18,4.01701,2.82567,3.84589,3.86540,2.10300,4.60712,2.24651,2.82225,6.47776
2020-02-19,4.03620,2.83926,3.88229,3.90237,2.13275,4.67335,2.27839,2.86259,6.57087
2020-02-20,4.01963,2.82753,3.85013,3.86969,2.10628,4.61441,2.25003,2.82670,6.48801
2020-02-21,3.97828,2.79823,3.77065,3.78896,2.04120,4.46947,2.18027,2.73843,6.28426
2020-02-24,3.84647,2.70485,3.52007,3.53440,1.83817,4.01734,1.96268,2.46308,5.64868
2020-02-25,3.73003,2.62237,3.30687,3.31782,1.67165,3.64650,1.78420,2.23724,5.12737
2020-02-26,3.71633,2.61266,3.28233,3.29288,1.65308,3.60514,1.80863,2.21205,5.06923
2020-02-27,3.54960,2.49455,2.98784,2.99373,1.43135,3.11136,1.80870,1.91134,4.37510
2020-02-28,3.53470,2.41783,2.96256,2.81165,1.41324,2.82722,1.80877,1.73830,3.97567
2020-03-02,3.68761,2.41806,3.21791,2.81192,1.59515,2.82749,1.80894,1.73846,3.97605
2020-03-03,3.58213,2.34343,3.03380,2.64080,1.45873,2.57064,1.80899,1.58043,3.61491
2020-03-04,3.73253,2.38711,3.28807,2.74189,1.64138,2.71973,1.80903,1.67216,4.07233
2020-03-05,3.60859,2.36571,3.06973,2.69519,1.47845,2.65143,1.80906,1.63016,3.66428
2020-03-06,3.54900,2.29254,2.96829,2.53554,1.40545,2.42329,1.80908,1.48985,3.48146
2020-03-09,3.27215,2.29261,2.50528,2.53561,1.07798,2.42336,1.80913,1.48990,2.69729
2020-03-10,3.44127,2.29262,2.76372,2.53563,1.24383,2.42337,1.80915,1.48991,2.69731
2020-03-11,3.27370,2.29264,2.49479,2.53565,1.06316,2.42339,1.80916,1.48992,2.69733
2020-03-12,2.96086,2.29266,2.01857,2.53567,0.76052,2.42341,1.80918,1.48993,2.69736
2020-03-13,3.21364,2.29268,2.36243,2.53569,0.95319,2.42343,1.80919,1.48994,2.69737
2020-03-16,2.86242,2.29271,1.84658,2.53572,0.64307,2.42346,1.80921,1.48996,2.69741
2020-03-17,3.01676,2.29272,2.04516,2.53573,0.74572,2.42347,1.80922,1.48997,2.69742
2020-03-18,2.86421,2.29273,1.83865,2.53574,0.63378,2.42348,1.80922,1.48997,2.69743
2020-03-19,2.87029,2.29273,1.84636,2.53574,0.63772,2.42348,1.80922,1.48997,2.69743
2020-03-20,2.74677,2.29273,1.68774,2.53574,0.55642,2.42348,1.80922,1.48997,2.69743
2020-03-23,2.67664,2.29273,1.60157,2.53574,0.51434,2.42348,1.80922,1.48997,2.69743
2020-03-24,2.91879,2.29273,1.89049,2.53574,0.65165,2.42348,1.80922,1.48997,2.69743
2020-03-25,2.96243,2.29273,1.94682,2.53574,0.68047,2.42348,1.80922,1.48997,2.69743
2020-03-26,3.13517,2.29273,2.17330,2.53574,0.79805,2.42348,1.80922,1.48997,2.69743
2020-03-27,3.04191,2.29273,2.04415,2.53574,0.72751,2.42348,1.80922,1.48997,2.69743
2020-03-30,3.14057,2.29273,2.17623,2.53574,0.79738,2.42348,1.80922,1.48997,2.69743
2020-03-31,3.09381,2.29273,2.11147,2.53574,0.76208,2.42348,1.80923,1.48997,2.69743
2020-04-01,2.95476,2.29273,1.92194,2.53574,0.66037,2.42348,1.80923,1.48997,2.69743
2020-04-02,3.02285,2.29273,2.01024,2.53574,0.70542,2.42348,1.80923,1.48997,2.69743
2020-04-03,2.97921,2.29273,1.95224,2.53574,0.67519,2.42348,1.80923,1.48997,2.69743
2020-04-06,3.17905,2.29273,2.21333,2.53574,0.80929,2.42348,1.80923,1.48997,2.69743
2020-04-07,3.18228,2.29273,2.21773,2.53574,0.81169,2.42348,1.80923,1.48997,2.69743
2020-04-08,3.28897,2.29273,2.36607,2.53575,0.89246,2.42349,1.80923,1.48998,2.69744
2020-04-09,3.33896,2.29274,2.43776,2.53576,0.93273,2.42350,1.80924,1.48998,2.69744
2020-04-13,3.30852,2.29278,2.39292,2.53580,0.90719,2.42354,1.80927,1.49001,2.69749
2020-04-14,3.40598,2.29279,2.53356,2.53581,0.98659,2.42355,1.80927,1.49001,2.69750
2020-04-15,3.33369,2.29279,2.42606,2.53581,0.92422,2.42355,1.80928,1.49002,2.69751
2020-04-16,3.34975,2.29280,2.44930,2.53582,0.93740,2.42356,1.80928,1.49002,2.69751
2020-04-17,3.44014,2.29280,2.58117,2.53582,1.01259,2.42356,1.80928,1.49002,2.69751
2020-04-20,3.37960,2.29280,2.49012,2.53582,0.95937,2.42356,1.80929,1.49002,2.69752
2020-04-21,3.27711,2.29280,2.33921,2.53583,0.87275,2.42356,1.80929,1.49002,2.69752
2020-04-22,3.34975,2.29280,2.44265,2.53583,0.93020,2.42356,1.80929,1.49002,2.69752
2020-04-23,3.34951,2.29281,2.44219,2.53583,0.92995,2.42356,1.80929,1.49002,2.69752
2020-04-24,3.39615,2.29281,2.50998,2.53583,0.96840,2.42357,1.80929,1.49002,2.69752
2020-04-27,3.44506,2.29281,2.58184,2.53583,1.00972,2.42357,1.80929,1.49003,2.69753
2020-04-28,3.42923,2.29281,2.55805,2.53583,0.99586,2.42357,1.80929,1.49003,2.69753
2020-04-29,3.51890,2.29281,2.69152,2.53584,1.07330,2.42357,1.80929,1.49003,2.69753
2020-04-30,3.48617,2.29281,2.64141,2.53584,1.04351,2.42357,1.80929,1.49003,2.69753
2020-05-01,3.39399,2.29281,2.50180,2.53584,0.96129,2.42357,1.80929,1.49003,2.69753
2020-05-04,3.40334,2.29282,2.51525,2.53584,0.96900,2.42358,1.80930,1.49003,2.69753
2020-05-05,3.43475,2.29282,2.56149,2.53584,0.99555,2.42358,1.80930,1.49003,2.69754
2020-05-06,3.41149,2.29282,2.52674,2.53584,0.97543,2.42358,1.80930,1.49003,2.69754
2020-05-07,3.45261,2.29282,2.58745,2.53584,1.01036,2.42358,1.80930,1.49003,2.69754
2020-05-08,3.50967,2.29282,2.67274,2.53585,1.06000,2.42358,1.80930,1.49003,2.69754
2020-05-11,3.51039,2.29283,2.67349,2.53585,1.06046,2.42359,1.80930,1.49004,2.69755
2020-05-12,3.44050,2.29283,2.56707,2.53585,0.99753,2.42359,1.80931,1.49004,2.69755
2020-05-13,3.37972,2.29283,2.47640,2.53585,0.94502,2.42359,1.80931,1.49004,2.69755
2020-05-14,3.42012,2.29283,2.53540,2.53586,0.97857,2.42359,1.80931,1.49004,2.69755
2020-05-15,3.43583,2.29283,2.55854,2.53586,0.99188,2.42359,1.80931,1.49004,2.69755
2020-05-18,3.54036,2.29284,2.71366,2.53586,1.08151,2.42360,1.80931,1.49004,2.69756
2020-05-19,3.50404,2.29284,2.65794,2.53586,1.04840,2.42360,1.80931,1.49004,2.69756
2020-05-20,3.56350,2.29284,2.74790,2.53587,1.10130,2.42360,1.80932,1.49005,2.69756
2020-05-21,3.53892,2.29284,2.70993,2.53587,1.07862,2.42360,1.77262,1.49005,2.64280
2020-05-22,3.54563,2.29284,2.72008,2.53587,1.08465,2.42360,1.76535,1.49005,2.63195
2020-05-26,3.58927,2.29285,2.78648,2.53587,1.12414,2.42361,1.71211,1.49005,2.55253
2020-05-27,3.64261,2.30146,2.86907,2.55720,1.17385,2.45536,1.79360,1.49005,2.67409
2020-05-28,3.63590,2.29716,2.85839,2.54746,1.16733,2.44119,1.78291,1.46382,2.65814
2020-05-29,3.65209,2.30751,2.88367,2.57051,1.18274,2.47468,1.80818,1.48351,2.69583
2020-06-01,3.66683,2.31694,2.90655,2.59137,1.19676,2.50514,1.83115,1.50142,2.73010
2020-06-02,3.69716,2.33633,2.95445,2.63504,1.22619,2.56909,1.87940,1.53903,2.80207
2020-06-03,3.74631,2.36776,3.03277,2.70645,1.27470,2.67453,1.95894,1.60103,2.92072
2020-06-04,3.73648,2.36147,3.01674,2.69183,1.26465,2.65269,1.94246,1.58819,2.89613
2020-06-05,3.83214,2.42264,3.17090,2.83238,1.36111,2.86231,2.10061,1.71146,3.13204
2020-06-08,3.87841,2.45223,3.24697,2.90174,1.40989,2.96831,2.18058,1.77379,3.25132
2020-06-09,3.84952,2.43375,3.19851,2.85755,1.37847,2.90002,2.12906,1.73363,3.17447
2020-06-10,3.82807,2.42003,3.16275,2.82494,1.35546,2.85001,2.09133,1.70423,3.11819
2020-06-11,3.60761,2.27907,2.79873,2.49306,1.12252,2.34380,1.70942,1.40655,2.54851
2020-06-12,3.65077,2.30666,2.86548,2.55391,1.16245,2.43058,1.77489,1.45758,2.64617
2020-06-15,3.68481,2.32843,2.91848,2.60223,1.19454,2.50030,1.82749,1.49858,2.72463
2020-06-16,3.75566,2.37373,3.03043,2.70430,1.26292,2.64890,1.93959,1.58597,2.89185
2020-06-17,3.74008,2.36376,3.00518,2.68128,1.24721,2.61477,1.91384,1.56590,2.85345
2020-06-18,3.74151,2.36468,3.00735,2.68326,1.24857,2.61771,1.91606,1.56763,2.85675
2020-06-19,3.72015,2.35103,2.97293,2.65187,1.22724,2.57136,1.88109,1.54037,2.80459
2020-06-22,3.74399,2.36627,3.01059,2.68621,1.25046,2.62181,1.91915,1.57004,2.86136
2020-06-23,3.76121,2.37728,3.03812,2.71130,1.26753,2.65890,1.94713,1.59185,2.90310
2020-06-24,3.66537,2.31599,2.88333,2.57018,1.17114,2.44945,1.78911,1.46868,2.66738
2020-06-25,3.70462,2.34109,2.94488,2.62630,1.20845,2.53051,1.85026,1.51635,2.75861
2020-06-26,3.61673,2.28489,2.80519,2.49893,1.12291,2.34462,1.71002,1.40704,2.54942
2020-06-29,3.66982,2.31884,2.88708,2.57359,1.17182,2.45091,1.79020,1.46954,2.66902
2020-06-30,3.71678,2.34886,2.96074,2.64075,1.21643,2.54785,1.86334,1.52655,2.77812
2020-07-01,3.74279,2.36549,3.00200,2.67836,1.24173,2.60283,1.90482,1.55888,2.83998
2020-07-02,3.76338,2.37866,3.03486,2.70832,1.26202,2.64692,1.93808,1.58481,2.88960
2020-07-06,3.82142,2.41577,3.12782,2.79307,1.31974,2.77235,2.03270,1.65857,3.03074
2020-07-07,3.78204,2.39059,3.06330,2.73425,1.27910,2.68404,1.96608,1.60664,2.93137
2020-07-08,3.81094,2.40907,3.10992,2.77676,1.30817,2.74720,2.01373,1.64378,3.00244
2020-07-09,3.78927,2.39521,3.07446,2.74442,1.28590,2.69881,1.97722,1.61533,2.94798
2020-07-10,3.82792,2.41992,3.13697,2.80141,1.32493,2.78363,2.04122,1.66521,3.04344
2020-07-13,3.79481,2.39875,3.08235,2.75162,1.29051,2.70883,1.98478,1.62122,2.95925
2020-07-14,3.84393,2.43016,3.16193,2.82417,1.34025,2.81692,2.06632,1.68478,3.08089
2020-07-15,3.87921,2.45272,3.21977,2.87690,1.37686,2.89647,2.12634,1.73157,3.17042
2020-07-16,3.86645,2.44456,3.19846,2.85747,1.36326,2.86692,2.10404,1.71419,3.13715
2020-07-17,3.87764,2.45172,3.21683,2.87422,1.37496,2.89234,2.12322,1.72913,3.16576
2020-07-20,3.90895,2.47173,3.26830,2.92115,1.40783,2.96377,2.17711,1.77114,3.24614
2020-07-21,3.91726,2.47704,3.28204,2.93367,1.41667,2.98299,2.19160,1.78244,3.26776
2020-07-22,3.93953,2.49129,3.31919,2.96754,1.44062,3.03504,2.23087,1.81305,3.32634
2020-07-23,3.89257,2.46126,3.24000,2.89534,1.38929,2.92349,2.14671,1.74745,3.20080
2020-07-24,3.86753,2.44525,3.19821,2.85724,1.36254,2.86535,2.10285,1.71327,3.13538
2020-07-27,3.89571,2.46326,3.24435,2.89930,1.39191,2.92917,2.15100,1.75080,3.20720
2020-07-28,3.87102,2.44748,3.20314,2.86173,1.36552,2.87181,2.10772,1.71707,3.14264
2020-07-29,3.91858,2.47789,3.28163,2.93329,1.41549,2.98040,2.18964,1.78092,3.26484
2020-07-30,3.90462,2.46896,3.25812,2.91185,1.40035,2.94750,2.16482,1.76158,3.22782
2020-07-31,3.93544,2.48866,3.30937,2.95858,1.43325,3.01900,2.21876,1.80362,3.30828
2020-08-03,3.96277,2.50614,3.35487,3.00006,1.46270,3.08301,2.26705,1.84126,3.38030
2020-08-04,3.97806,2.51592,3.38059,3.02351,1.47946,3.11942,2.29452,1.86268,3.42128
2020-08-05,4.00275,2.53170,3.42236,3.06159,1.50677,3.17878,2.33930,1.89758,3.48807
2020-08-06,4.02948,2.54879,3.46788,3.10309,1.53672,3.24385,2.38840,1.93585,3.56131
2020-08-07,4.03237,2.55064,3.47270,3.10749,1.53992,3.25081,2.39364,1.93994,3.56913
2020-08-10,4.04441,2.55834,3.49298,3.12597,1.55338,3.28005,2.41570,1.95714,3.60203
2020-08-11,4.01105,2.53701,3.43527,3.07336,1.51504,3.19674,2.35284,1.90815,3.50828
2020-08-12,4.06692,2.57273,3.53073,3.16039,1.57794,3.33343,2.45597,1.98853,3.66210
2020-08-13,4.05958,2.56804,3.51784,3.14864,1.56934,3.31473,2.44186,1.97754,3.64106
2020-08-14,4.05970,2.56811,3.51790,3.14869,1.56939,3.31484,2.44194,1.97760,3.64118
2020-08-17,4.07258,2.57635,3.53976,3.16862,1.58398,3.34655,2.46586,1.99624,3.67686
2020-08-18,4.08137,2.58197,3.55487,3.18240,1.59410,3.36853,2.48244,2.00917,3.70159
2020-08-19,4.06439,2.57111,3.52517,3.15532,1.57420,3.32530,2.44983,1.98375,3.65294
2020-08-20,4.07704,2.57920,3.54693,3.17516,1.58873,3.35686,2.47364,2.00231,3.68846
2020-08-21,4.09148,2.58843,3.57190,3.19792,1.60545,3.39319,2.50105,2.02368,3.72935
2020-08-24,4.13290,2.61492,3.64370,3.26338,1.65369,3.49804,2.58014,2.08533,3.84733
2020-08-25,4.14735,2.62416,3.66899,3.28644,1.67086,3.53534,2.60829,2.10727,3.88931
2020-08-26,4.18889,2.65072,3.74227,3.35325,1.72074,3.64375,2.69007,2.17101,4.01130
2020-08-27,4.19804,2.65657,3.75844,3.36799,1.73187,3.66792,2.70831,2.18523,4.03851
2020-08-28,4.22513,2.67389,3.80675,3.41204,1.76515,3.74025,2.76287,2.22777,4.11990
2020-08-31,4.20984,2.66411,3.77873,3.38649,1.74576,3.69810,2.73107,2.20298,4.07246
2020-09-01,4.24946,2.68944,3.84963,3.45112,1.79472,3.80451,2.81135,2.26556,4.19221
2020-09-02,4.31086,2.72871,3.96063,3.55233,1.87210,3.97266,2.93821,2.36444,4.38144
2020-09-03,4.16264,2.63393,3.68832,3.30405,1.67964,3.55442,2.62267,2.11849,3.91076
2020-09-04,4.12869,2.61222,3.62805,3.24910,1.63863,3.46528,2.55542,2.06607,3.81045
2020-09-08,4.01599,2.54015,3.42954,3.06811,1.50467,3.17415,2.33578,1.89488,3.48282
2020-09-09,4.09522,2.59081,3.56457,3.19122,1.59318,3.36650,2.48089,2.00799,3.69928
2020-09-10,4.02418,2.54539,3.44087,3.07844,1.51057,3.18697,2.34545,1.90242,3.49724
2020-09-11,4.02622,2.54670,3.44422,3.08149,1.51277,3.19176,2.34906,1.90523,3.50263
2020-09-14,4.07920,2.58057,3.53433,3.16364,1.57192,3.32029,2.44603,1.98082,3.64727
2020-09-15,4.09979,2.59374,3.56982,3.19600,1.59551,3.37157,2.48471,2.01097,3.70497
2020-09-16,4.08354,2.58334,3.54139,3.17008,1.57653,3.33032,2.45359,1.98671,3.65855
2020-09-17,4.04766,2.56040,3.47906,3.11325,1.53508,3.24023,2.38562,1.93374,3.55717
2020-09-18,4.00110,2.53063,3.39896,3.04022,1.48228,3.12550,2.29906,1.86627,3.42805
2020-09-21,3.95662,2.50218,3.32302,2.97098,1.43283,3.01803,2.21798,1.80308,3.30711
2020-09-22,3.99687,2.52792,3.39043,3.03244,1.47625,3.11238,2.28916,1.85856,3.41329
2020-09-23,3.90427,2.46871,3.23335,2.88922,1.37409,2.89037,2.12166,1.72801,3.16344
2020-09-24,3.91467,2.47536,3.25041,2.90478,1.38492,2.91391,2.13942,1.74185,3.18993
2020-09-25,3.97789,2.51579,3.35515,3.00027,1.45157,3.05875,2.24870,1.82702,3.35292
2020-09-28,4.04390,2.55799,3.46595,3.10129,1.52319,3.21439,2.36612,1.91855,3.52807
2020-09-29,4.02190,2.54392,3.42813,3.06680,1.49837,3.16043,2.32541,1.88682,3.46735
2020-09-30,4.05236,2.56340,3.47986,3.11397,1.53215,3.23386,2.38080,1.93000,3.54998
2020-10-01,4.07835,2.58002,3.52431,3.15450,1.56140,3.29741,2.42875,1.96737,3.62150
2020-10-02,4.03967,2.55528,3.45737,3.09346,1.51709,3.20113,2.35611,1.91075,3.51314
2020-10-05,4.11123,2.60104,3.57931,3.20464,1.59705,3.37490,2.48720,2.01294,3.70869
2020-10-06,4.05284,2.56371,3.47759,3.11189,1.52924,3.22751,2.37601,1.92627,3.54283
2020-10-07,4.12332,2.60877,3.59827,3.22192,1.60853,3.39983,2.50601,2.02760,3.73675
2020-10-08,4.15983,2.63212,3.66177,3.27982,1.65096,3.49204,2.57558,2.08183,3.84051
2020-10-09,4.19694,2.65585,3.72690,3.33920,1.69485,3.58742,2.64754,2.13792,3.94785
2020-10-12,4.26440,2.69898,3.84612,3.44789,1.77591,3.76358,2.78043,2.24151,4.14609
2020-10-13,4.23659,2.68120,3.79584,3.40205,1.74122,3.68818,2.72355,2.19717,4.06123
2020-10-14,4.21000,2.66419,3.74807,3.35849,1.70846,3.61700,2.66984,2.15531,3.98113
2020-10-15,4.20480,2.66087,3.73866,3.34991,1.70206,3.60308,2.65934,2.14713,3.96547
2020-10-16,4.20226,2.65924,3.73399,3.34565,1.69889,3.59620,2.65415,2.14308,3.95771
2020-10-19,4.13843,2.61843,3.62018,3.24189,1.62152,3.42804,2.52728,2.04420,3.76848
2020-10-20,4.15499,2.62902,3.64897,3.26814,1.64080,3.46994,2.55889,2.06884,3.81563
2020-10-21,4.14714,2.62399,3.63503,3.25542,1.63144,3.44960,2.54354,2.05687,3.79273
2020-10-22,4.16986,2.63853,3.67468,3.29157,1.65804,3.50740,2.58715,2.09087,3.85778
2020-10-23,4.18401,2.64757,3.69943,3.31414,1.67474,3.54369,2.61453,2.11221,3.89862
2020-10-26,4.10676,2.59817,3.56248,3.18928,1.58210,3.34237,2.46264,1.99382,3.67205
2020-10-27,4.09261,2.58913,3.53781,3.16678,1.56574,3.30681,2.43581,1.97291,3.63204
2020-10-28,3.95287,2.49977,3.29629,2.94658,1.40603,2.95974,2.17397,1.76882,3.24145
2020-10-29,3.99300,2.52544,3.36302,3.00741,1.44854,3.05212,2.17702,1.82314,3.34542
2020-10-30,3.95142,2.49884,3.29290,2.94348,1.40344,2.95410,2.14043,1.76550,3.23511
2020-11-02,3.99566,2.52713,3.36615,3.01026,1.45008,3.05546,2.20923,1.82511,3.34917
2020-11-03,4.06614,2.57220,3.48463,3.11829,1.52632,3.22115,2.25384,1.92254,3.53563
2020-11-04,4.15693,2.63025,3.63994,3.25989,1.62796,3.44203,2.40946,2.05243,3.78419
2020-11-05,4.23792,2.68204,3.78149,3.38895,1.72259,3.64766,2.55433,2.17335,4.01560
2020-11-06,4.23695,2.68142,3.77961,3.38723,1.72131,3.64489,2.55238,2.17172,4.01248
2020-11-09,4.29014,2.71543,3.87394,3.47324,1.78555,3.78450,2.65074,2.25382,4.16958
2020-11-10,4.28386,2.71141,3.86244,3.46274,1.77763,3.76728,2.63861,2.24370,4.15021
2020-11-11,4.31565,2.73174,3.91956,3.51482,1.81694,3.85271,2.69879,2.29393,4.24634
2020-11-12,4.27382,2.70499,3.84348,3.44545,1.76422,3.73813,2.61807,2.22656,4.11740
2020-11-13,4.33294,2.74279,3.94955,3.54216,1.83702,3.89633,2.72953,2.31958,4.29543
2020-11-16,4.38698,2.77734,4.04748,3.63145,1.90515,4.04439,2.83384,2.40665,4.46204
2020-11-17,4.36340,2.76227,4.00384,3.59166,1.87444,3.97766,2.78683,2.36741,4.38695
2020-11-18,4.31094,2.72872,3.90747,3.50379,1.80699,3.83106,2.68354,2.28121,4.22197
2020-11-19,4.32907,2.74032,3.94015,3.53359,1.82959,3.88018,2.71815,2.31009,4.27725
2020-11-20,4.29945,2.72138,3.88611,3.48432,1.79209,3.79868,2.66073,2.26216,4.18553
2020-11-23,4.32520,2.73784,3.93214,3.52628,1.82384,3.86769,2.70935,2.30275,4.26319
2020-11-24,4.39483,2.78236,4.05848,3.64147,1.91147,4.05811,2.84351,2.41472,4.47748
2020-11-25,4.38806,2.77803,4.04581,3.62992,1.90256,4.03875,2.82986,2.40334,4.45568
2020-11-27,4.40027,2.78584,4.06797,3.65012,1.91816,4.07265,2.85374,2.42327,4.49383
2020-11-30,4.38081,2.77339,4.03150,3.61687,1.89247,4.01681,2.81441,2.39044,4.43099
2020-12-01,4.42868,2.80400,4.11937,3.69698,1.95416,4.15088,2.90886,2.46928,4.58186
2020-12-02,4.43799,2.80996,4.13650,3.71260,1.96632,4.17731,2.92748,2.48482,4.61160
2020-12-03,4.43678,2.80918,4.13407,3.71038,1.96460,4.17358,2.92485,2.48263,4.60740
2020-12-04,4.47498,2.83361,4.20503,3.77508,2.01505,4.28320,3.00208,2.54709,4.73076
2020-12-07,4.46579,2.82773,4.18725,3.75886,2.00233,4.25556,2.98261,2.53084,4.69965
2020-12-08,4.47885,2.83608,4.21154,3.78101,2.01971,4.29333,3.00922,2.55305,4.74216
2020-12-09,4.43872,2.81042,4.13594,3.71208,1.96549,4.17551,2.92621,2.48376,4.60956
2020-12-10,4.43726,2.80949,4.13306,3.70946,1.96346,4.17109,2.92310,2.48117,4.60459
2020-12-11,4.43207,2.80616,4.12321,3.70048,1.95647,4.15590,2.91240,2.47223,4.58750
2020-12-14,4.41224,2.79349,4.08584,3.66640,1.92998,4.09832,2.87183,2.43838,4.52269
2020-12-15,4.47184,2.83159,4.19596,3.76680,2.00778,4.26738,2.99094,2.53779,4.71295
2020-12-16,4.47885,2.83608,4.20893,3.77862,2.01707,4.28758,3.00517,2.54967,4.73568
2020-12-17,4.50387,2.85208,4.25575,3.82131,2.05064,4.36053,3.05656,2.59257,4.81777
2020-12-18,4.48591,2.84059,4.22164,3.79021,2.02607,4.30713,3.01894,2.56117,4.75767
2020-12-21,4.46988,2.83034,4.19097,3.76224,2.00408,4.25935,2.98528,2.53307,4.70390
2020-12-22,4.46235,2.82553,4.17669,3.74922,1.99388,4.23717,2.96965,2.52003,4.67894
2020-12-23,4.46636,2.82809,4.18401,3.75590,1.99911,4.24855,2.97767,2.52672,4.69174
2020-12-24,4.48372,2.83919,4.21633,3.78537,2.02222,4.29877,3.01305,2.55625,4.74826
2020-12-28,4.52221,2.86379,4.28795,3.85066,2.07364,4.41049,3.09176,2.62196,4.87398
2020-12-29,4.51359,2.85828,4.27143,3.83560,2.06170,4.38455,3.07348,2.60670,4.84478
2020-12-30,4.52002,2.86240,4.28342,3.84653,2.07036,4.40338,3.08675,2.61777,4.86597
2020-12-31,4.54297,2.87707,4.32670,3.88599,2.10166,4.47140,3.13467,2.65777,4.94251
2021-01-04,4.48117,2.83755,4.20835,3.77808,2.01571,4.28460,3.00306,2.54793,4.73229
2021-01-05,4.51201,2.85727,4.26604,3.83068,2.05705,4.37445,3.06636,2.60076,4.83340
2021-01-06,4.53896,2.87450,4.31679,3.87695,2.09366,4.45401,3.12242,2.64755,4.92294
2021-01-07,4.60634,2.91759,4.44468,3.99355,2.18646,4.65567,3.26449,2.76613,5.14987
2021-01-08,4.63256,2.93435,4.49507,4.03949,2.22355,4.73627,3.32128,2.81353,5.24058
2021-01-11,4.60136,2.91440,4.43399,3.98380,2.17838,4.63811,3.25212,2.75581,5.13011
2021-01-12,4.60233,2.91502,4.43568,3.98534,2.17963,4.64083,3.25403,2.75741,5.13316
2021-01-13,4.61471,2.92294,4.45934,4.00691,2.19704,4.67866,3.28069,2.77966,5.17574
2021-01-14,4.59857,2.91261,4.42797,3.97831,2.17393,4.62843,3.24530,2.75012,5.11921
2021-01-15,4.56506,2.89119,4.36330,3.91934,2.12644,4.52522,3.17259,2.68943,5.00306
2021-01-19,4.60087,2.91409,4.43098,3.98105,2.17582,4.63253,3.24819,2.75253,5.12382
2021-01-20,4.66449,2.95476,4.55324,4.09252,2.26565,4.82775,3.38572,2.86733,5.34350
2021-01-21,4.66874,2.95748,4.56134,4.09990,2.27169,4.84087,3.39497,2.87505,5.35827
2021-01-22,4.65223,2.94692,4.52891,4.07033,2.24753,4.78837,3.35798,2.84418,5.29919
2021-01-25,4.67056,2.95864,4.56401,4.10233,2.27363,4.84508,3.39794,2.87753,5.36301
2021-01-26,4.66328,2.95399,4.54959,4.08918,2.26289,4.82175,3.38150,2.86380,5.33675
2021-01-27,4.54940,2.88117,4.32734,3.88655,2.09751,4.46234,3.12828,2.65246,4.93228
2021-01-28,4.58849,2.90617,4.40148,3.95414,2.15127,4.57917,3.21060,2.72116,5.06376
2021-01-29,4.49671,2.84748,4.22533,3.79354,2.02249,4.29931,3.01342,2.55659,4.74881
2021-02-01,4.57150,2.89530,4.36525,3.92111,2.12269,4.51706,3.16683,2.68464,4.99386
2021-02-02,4.63608,2.93659,4.48833,4.03332,2.21223,4.71165,3.30392,2.79906,5.21283
2021-02-03,4.63972,2.93892,4.49519,4.03958,2.21730,4.72267,3.31169,2.80554,5.22523
2021-02-04,4.69241,2.97261,4.59703,4.13243,2.29247,4.88603,3.42678,2.90161,5.40907
2021-02-05,4.71087,2.98441,4.63298,4.16520,2.31931,4.94434,3.46787,2.93590,5.47469
2021-02-08,4.74486,3.00615,4.69924,4.22561,2.36898,5.05228,3.54391,2.99938,5.59616
2021-02-09,4.74170,3.00413,4.69279,4.21974,2.36413,5.04175,3.53649,2.99318,5.58431
2021-02-10,4.73964,3.00281,4.68852,4.21584,2.36093,5.03478,3.53158,2.98908,5.57646
2021-02-11,4.74729,3.00770,4.70345,4.22945,2.37219,5.05925,3.54882,3.00347,5.60400
2021-02-12,4.77072,3.02268,4.74966,4.27158,2.40708,5.13507,3.60224,3.04806,5.68932
2021-02-16,4.76659,3.02004,4.74067,4.26338,2.40031,5.12036,3.59188,3.03941,5.67276
2021-02-17,4.76768,3.02074,4.74265,4.26519,2.40183,5.12365,3.59419,3.04135,5.67646
2021-02-18,4.74741,3.00777,4.70214,4.22825,2.37114,5.05697,3.54721,3.00213,5.60142
2021-02-19,4.73903,3.00242,4.68537,4.21296,2.35850,5.02949,3.52785,2.98598,5.57049
2021-02-22,4.70261,2.97913,4.61282,4.14682,2.30389,4.91082,3.44424,2.91619,5.43694
2021-02-23,4.70832,2.98277,4.62382,4.15684,2.31213,4.92871,3.45685,2.92672,5.45708
2021-02-24,4.76015,3.01592,4.72539,4.24944,2.38813,5.09389,3.57322,3.02385,5.64296
2021-02-25,4.64555,2.94264,4.49780,4.04194,2.21603,4.71986,3.30971,2.80391,5.22205
2021-02-26,4.62163,2.92735,4.45134,3.99958,2.18179,4.64546,3.25729,2.76015,5.13832
2021-03-01,4.73357,2.99892,4.66627,4.19554,2.33943,4.98803,3.49864,2.96160,5.52383
2021-03-02,4.69666,2.97532,4.59336,4.12906,2.28474,4.86919,3.41492,2.89172,5.39009
2021-03-03,4.63450,2.93557,4.47167,4.01811,2.19419,4.67240,3.27627,2.77600,5.16863
2021-03-04,4.57720,2.89893,4.36098,3.91719,2.11294,4.49584,3.15188,2.67217,4.96993
2021-03-05,4.66133,2.95273,4.52100,4.06309,2.22894,4.74792,3.32947,2.82041,5.25361
2021-03-08,4.63815,2.93790,4.47550,4.02160,2.19541,4.67505,3.27814,2.77756,5.17161
2021-03-09,4.70431,2.98021,4.60292,4.13778,2.28894,4.87830,3.42133,2.89708,5.40033
2021-03-10,4.73357,2.99892,4.65995,4.18977,2.33138,4.97054,3.48631,2.95132,5.50413
2021-03-11,4.78152,3.02958,4.75412,4.27563,2.40189,5.12377,3.59427,3.04142,5.67657
2021-03-12,4.78796,3.03369,4.76671,4.28711,2.41143,5.14449,3.60887,3.05361,5.69988
2021-03-15,4.81649,3.05193,4.82290,4.33833,2.45400,5.23702,3.67406,3.10802,5.80400
2021-03-16,4.81042,3.04805,4.81056,4.32708,2.44462,5.21661,3.65968,3.09602,5.78104
2021-03-17,4.82680,3.05853,4.84312,4.35677,2.46940,5.27047,3.69762,3.12769,5.84165
2021-03-18,4.75663,3.01366,4.70219,4.22828,2.36187,5.03680,3.53299,2.99028,5.57868
2021-03-19,4.74784,3.00804,4.68463,4.21226,2.34869,5.00814,3.51280,2.97343,5.54643
2021-03-22,4.78572,3.03226,4.75877,4.27986,2.40435,5.12911,3.59803,3.04457,5.68256
2021-03-23,4.74808,3.00819,4.68378,4.21148,2.34766,5.00591,3.51123,2.97212,5.54392
2021-03-24,4.72397,2.99277,4.63604,4.16796,2.31187,4.92813,3.45643,2.92638,5.45638
2021-03-25,4.75052,3.00975,4.68794,4.21528,2.35061,5.01231,3.51574,2.97589,5.55112
2021-03-26,4.82701,3.05866,4.83862,4.35266,2.46368,5.25804,3.68886,3.12039,5.82765
2021-03-29,4.82457,3.05710,4.83316,4.34767,2.45956,5.24908,3.68255,3.11512,5.81756
2021-03-30,4.81179,3.04892,4.80735,4.32415,2.43993,5.20640,3.65248,3.09003,5.76953
2021-03-31,4.83127,3.06138,4.84608,4.35945,2.46935,5.27035,3.69754,3.12763,5.84150
2021-04-01,4.88340,3.09472,4.95040,4.45457,2.54892,5.44327,3.81937,3.22932,6.03609
2021-04-05,4.95344,3.13950,5.09151,4.58322,2.65773,5.67973,3.98596,3.36837,6.30219
2021-04-06,4.95052,3.13763,5.08530,4.57756,2.65289,5.66922,3.97855,3.36218,6.29035
2021-04-07,4.95624,3.14129,5.09685,4.58809,2.66193,5.68885,3.99238,3.37373,6.31245
2021-04-08,4.97975,3.15632,5.14497,4.63196,2.69956,5.77063,4.05000,3.42182,6.40448
2021-04-09,5.01592,3.17945,5.21948,4.69989,2.75810,5.89784,4.13962,3.49663,6.54763
2021-04-12,5.01775,3.18062,5.22265,4.70278,2.76065,5.90339,4.14353,3.49989,6.55388
2021-04-13,5.03261,3.19012,5.25335,4.73077,2.78497,5.95623,4.18076,3.53096,6.61334
2021-04-14,5.01544,3.17914,5.21730,4.69791,2.75638,5.89409,4.13698,3.49442,6.54341
2021-04-15,5.06927,3.21356,5.32904,4.79978,2.84476,6.08618,4.27231,3.60738,6.75957
2021-04-16,5.08620,3.22438,5.36441,4.83202,2.87304,6.14763,4.31561,3.64352,6.82873
2021-04-19,5.06123,3.20842,5.31111,4.78343,2.83036,6.05487,4.25026,3.58897,6.72434
2021-04-20,5.02420,3.18474,5.23323,4.71242,2.76824,5.91987,4.15514,3.50959,6.57241
2021-04-21,5.07171,3.21511,5.33192,4.80240,2.84641,6.08975,4.27483,3.60948,6.76358
2021-04-22,5.02542,3.18552,5.23444,4.71352,2.76851,5.92046,4.15556,3.50993,6.57307
2021-04-23,5.07987,3.22033,5.34759,4.81668,2.85812,6.11519,4.29275,3.62444,6.79221
2021-04-26,5.09046,3.22711,5.36923,4.83642,2.87549,6.15294,4.31934,3.64664,6.83469
2021-04-27,5.08937,3.22640,5.36671,4.83411,2.87348,6.14857,4.31626,3.64407,6.82977
2021-04-28,5.08791,3.22547,5.36341,4.83111,2.87086,6.14286,4.31225,3.64072,6.82335
2021-04-29,5.12031,3.24619,5.43147,4.89316,2.92541,6.26143,4.39578,3.71044,6.95677
2021-04-30,5.08669,3.22469,5.35997,4.82796,2.86777,6.13616,4.30752,3.63678,6.81580
2021-05-03,5.09765,3.23170,5.38242,4.84843,2.88580,6.17535,4.33513,3.65982,6.85989
2021-05-04,5.06623,3.21160,5.31587,4.78775,2.83240,6.05929,4.25336,3.59158,6.72929
2021-05-05,5.06781,3.21262,5.31898,4.79059,2.83490,6.06471,4.25718,3.59477,6.73539
2021-05-06,5.10825,3.23847,5.40360,4.86775,2.90244,6.21150,4.36060,3.68108,6.90057
2021-05-07,5.14540,3.26223,5.48194,4.93917,2.96546,6.34844,4.45708,3.76161,7.05468
2021-05-10,5.09448,3.22967,5.37285,4.83970,2.87715,6.15652,4.32187,3.64876,6.83871
2021-05-11,5.04905,3.20062,5.27685,4.75217,2.80020,5.98930,4.20405,3.55042,6.65052
2021-05-12,4.94187,3.13208,5.05271,4.54782,2.62216,5.60238,3.93145,3.32289,6.21509
2021-05-13,5.00118,3.17001,5.17374,4.65816,2.71618,5.80671,4.07541,3.44305,6.44504
2021-05-14,5.07792,3.21908,5.33221,4.80265,2.84074,6.07740,4.26612,3.60223,6.74966
2021-05-17,5.06501,3.21082,5.30447,4.77735,2.81867,6.02943,4.23232,3.57402,6.69567
2021-05-18,5.02140,3.18294,5.21297,4.69393,2.74589,5.87128,4.12090,3.48102,6.51769
2021-05-19,5.00825,3.17453,5.18546,4.66885,2.72422,5.82417,4.08771,3.45332,6.46468
2021-05-20,5.06208,3.20895,5.29668,4.77025,2.81170,6.01428,4.22165,3.56512,6.67862
2021-05-21,5.05794,3.20630,5.28780,4.76215,2.80467,5.99899,4.21088,3.55613,6.66141
2021-05-24,5.10947,3.23925,5.39484,4.85974,2.88971,6.18381,4.34109,3.66481,6.86939
2021-05-25,5.09814,3.23200,5.37072,4.83775,2.87038,6.14180,4.31149,3.64010,6.82211
2021-05-26,5.10825,3.23847,5.39179,4.85696,2.88726,6.17848,4.33733,3.66167,6.86339
2021-05-27,5.11093,3.24018,5.39723,4.86192,2.89163,6.18799,4.34403,3.66726,6.87409
2021-05-28,5.12006,3.24602,5.41629,4.87930,2.90694,6.22126,4.36747,3.68683,6.91153
2021-06-01,5.11556,3.24314,5.40590,4.86982,2.89866,6.20325,4.35478,3.67624,6.89126
2021-06-02,5.12359,3.24828,5.42266,4.88510,2.91214,6.23254,4.37542,3.69346,6.92422
2021-06-03,5.10459,3.23613,5.38224,4.84825,2.87965,6.16195,4.32568,3.65196,6.84478
2021-06-04,5.15124,3.26596,5.48035,4.93770,2.95826,6.33277,4.44603,3.75241,7.03701
2021-06-07,5.14625,3.26276,5.46907,4.92741,2.94919,6.31306,4.43215,3.74082,7.01483
2021-06-08,5.14734,3.26346,5.47118,4.92933,2.95091,6.31680,4.43478,3.74302,7.01904
2021-06-09,5.13967,3.25855,5.45465,4.91427,2.93759,6.28784,4.41438,3.72599,6.98644
2021-06-10,5.16354,3.27382,5.50508,4.96024,2.97826,6.37624,4.47665,3.77797,7.08592
2021-06-11,5.17207,3.27927,5.52303,4.97660,2.99282,6.40787,4.49894,3.79657,7.12151
2021-06-14,5.18364,3.28667,5.54706,4.99851,3.01237,6.45035,4.52887,3.82155,7.16932
2021-06-15,5.17414,3.28059,5.52651,4.97978,2.99568,6.41407,4.50331,3.80022,7.12849
2021-06-16,5.14527,3.26213,5.46465,4.92337,2.94549,6.30500,4.42646,3.73608,7.00574
2021-06-17,5.14357,3.26104,5.46081,4.91987,2.94240,6.29829,4.42174,3.73214,6.99820
2021-06-18,5.07423,3.21671,5.31343,4.78550,2.82352,6.03995,4.23973,3.58022,6.70747
2021-06-21,5.14682,3.26312,5.46472,4.92343,2.94392,6.30160,4.42407,3.73408,7.00191
2021-06-22,5.17431,3.28070,5.52285,4.97643,2.99083,6.40353,4.49588,3.79403,7.11662
2021-06-23,5.16808,3.27672,5.50933,4.96410,2.97988,6.37974,4.47912,3.78004,7.08984
2021-06-24,5.19863,3.29625,5.57421,5.02325,3.03244,6.49395,4.55959,3.84720,7.21837
2021-06-25,5.21708,3.30805,5.61353,5.05910,3.06449,6.56360,4.60865,3.88815,7.29675
2021-06-28,5.22759,3.31477,5.63544,5.07908,3.08245,6.60262,4.63615,3.91110,7.34066
2021-06-29,5.23040,3.31656,5.64126,5.08439,3.08723,6.61303,4.64348,3.91722,7.35237
2021-06-30,5.23480,3.31938,5.65052,5.09283,3.09484,6.62954,4.65511,3.92694,7.37095
2021-07-01,5.26376,3.33789,5.71278,5.14959,3.14592,6.74055,4.73332,3.99221,7.49587
2021-07-02,5.30397,3.36360,5.79977,5.22891,3.21767,6.89648,4.84318,4.08391,7.67135
2021-07-06,5.29431,3.35743,5.77772,5.20879,3.19942,6.85681,4.81523,4.06058,7.62670
2021-07-07,5.31301,3.36938,5.81827,5.24577,3.23306,6.92993,4.86674,4.10358,7.70898
2021-07-08,5.26975,3.34172,5.72333,5.15920,3.15407,6.75827,4.74580,4.00263,7.51580
2021-07-09,5.32596,3.37766,5.84514,5.27026,3.25461,6.97676,4.89973,4.13112,7.76168
2021-07-12,5.34503,3.38985,5.88624,5.30773,3.28893,7.05134,4.95228,4.17498,7.84561
2021-07-13,5.32682,3.37821,5.84591,5.27096,3.25521,6.97805,4.90064,4.13188,7.76313
2021-07-14,5.33476,3.38329,5.86310,5.28663,3.26956,7.00923,4.92261,4.15021,7.79822
2021-07-15,5.31655,3.37164,5.82285,5.24993,3.23596,6.93622,4.87118,4.10728,7.71606
2021-07-16,5.27488,3.34500,5.73137,5.16653,3.15985,6.77082,4.75464,4.01002,7.52991
2021-07-19,5.19704,3.29522,5.56159,5.01173,3.01973,6.46630,4.54010,3.83095,7.18722
2021-07-20,5.27146,3.34281,5.72056,5.15667,3.14899,6.74721,4.73801,3.99614,7.50334
2021-07-21,5.31411,3.37008,5.81285,5.24081,3.22508,6.91257,4.85451,4.09337,7.68943
2021-07-22,5.32523,3.37719,5.83693,5.26276,3.24510,6.95608,4.88516,4.11896,7.73839
2021-07-23,5.37997,3.41219,5.95665,5.37192,3.34480,7.17273,5.03780,4.24637,7.98220
2021-07-26,5.39317,3.42063,5.98513,5.39788,3.36880,7.22490,5.07455,4.27704,8.04090
2021-07-27,5.36861,3.40493,5.93039,5.34797,3.32268,7.12466,5.00393,4.21810,7.92809
2021-07-28,5.36641,3.40352,5.92529,5.34332,3.31841,7.11539,4.99740,4.21265,7.91767
2021-07-29,5.38865,3.41774,5.97414,5.38786,3.35940,7.20447,5.06016,4.26503,8.01791
2021-07-30,5.36250,3.40102,5.91593,5.33479,3.31040,7.09798,4.98513,4.20241,7.89807
2021-08-02,5.35126,3.39383,5.89040,5.31151,3.28906,7.05160,4.95246,4.17514,7.84587
2021-08-03,5.39476,3.42164,5.98589,5.39857,3.36893,7.22516,5.07474,4.27720,8.04119
2021-08-04,5.36824,3.40469,5.92682,5.34472,3.31916,7.11701,4.99854,4.21360,7.91947
2021-08-05,5.40222,3.42641,6.00156,5.41286,3.38186,7.25327,5.09454,4.29373,8.07281
2021-08-06,5.41114,3.43211,6.02113,5.43069,3.39839,7.28919,5.11985,4.31485,8.11324
2021-08-09,5.40674,3.42930,6.01060,5.42109,3.38954,7.26995,5.10630,4.30354,8.09159
2021-08-10,5.41346,3.43360,6.02528,5.43448,3.40197,7.29695,5.12532,4.31942,8.12197
2021-08-11,5.42690,3.44219,6.05495,5.46153,3.42707,7.35150,5.16375,4.35150,8.18336
2021-08-12,5.44315,3.45258,6.09095,5.49435,3.45761,7.41787,5.21050,4.39052,8.25804
2021-08-13,5.45305,3.45891,6.11284,5.51431,3.47624,7.45836,5.23903,4.41433,8.30360
2021-08-16,5.46588,3.46711,6.14084,5.53983,3.50014,7.51030,5.27562,4.44488,8.36205
2021-08-17,5.43008,3.44422,6.06017,5.46628,3.43129,7.36067,5.17020,4.35689,8.19366
2021-08-18,5.37069,3.40624,5.92741,5.34524,3.31873,7.11604,4.99786,4.21304,7.91837
2021-08-19,5.37900,3.41156,5.94549,5.36173,3.33391,7.14904,5.02110,4.23244,7.95550
2021-08-20,5.42177,3.43891,6.03976,5.44767,3.41309,7.32111,5.14233,4.33363,8.14914
2021-08-23,5.46942,3.46938,6.14515,5.54376,3.50235,7.51508,5.27899,4.44769,8.36742
2021-08-24,5.47810,3.47492,6.16439,5.56130,3.51879,7.55080,5.30416,4.46870,8.40762
2021-08-25,5.48959,3.48227,6.18998,5.58463,3.54068,7.59839,5.33768,4.49668,8.46117
2021-08-26,5.45720,3.46156,6.11672,5.51783,3.47794,7.46203,5.24162,4.41650,8.30772
2021-08-27,5.50596,3.49274,6.22573,5.61722,3.57079,7.66381,5.38378,4.53516,8.53479
2021-08-30,5.53016,3.50821,6.27966,5.66639,3.61718,7.76462,5.45480,4.59444,8.64823
2021-08-31,5.52197,3.50297,6.26081,5.64920,3.60094,7.72933,5.42993,4.57368,8.60851
2021-09-01,5.52490,3.50485,6.26720,5.65503,3.60646,7.74134,5.43839,4.58075,8.62203
2021-09-02,5.54189,3.51571,6.30547,5.68992,3.63947,7.81305,5.48892,4.62292,8.70273
2021-09-03,5.54054,3.51485,6.30215,5.68689,3.63662,7.80686,5.48456,4.61928,8.69577
2021-09-07,5.52075,3.50219,6.25610,5.64490,3.59689,7.72053,5.42373,4.56851,8.59860
2021-09-08,5.51403,3.49789,6.24061,5.63078,3.58358,7.69159,5.40335,4.55150,8.56604
2021-09-09,5.49044,3.48281,6.18699,5.58189,3.53748,7.59141,5.33276,4.49259,8.45330
2021-09-10,5.44718,3.45515,6.08928,5.49281,3.45382,7.40961,5.20468,4.38568,8.24870
2021-09-13,5.46111,3.46406,6.11967,5.52051,3.47969,7.46582,5.24428,4.41873,8.31196
2021-09-14,5.43166,3.44522,6.05344,5.46012,3.42331,7.34328,5.15795,4.34668,8.17406
2021-09-15,5.47700,3.47421,6.15420,5.55199,3.50867,7.52879,5.28865,4.45577,8.38282
2021-09-16,5.46832,3.46867,6.13446,5.53399,3.49183,7.49220,5.26287,4.43425,8.34164
2021-09-17,5.41510,3.43463,6.01483,5.42492,3.38986,7.27060,5.10674,4.30394,8.09226
2021-09-20,5.32487,3.37694,5.81374,5.24157,3.22018,6.90185,4.84694,4.08710,7.67728
2021-09-21,5.31984,3.37372,5.80253,5.23135,3.21090,6.88168,4.83273,4.07524,7.65459
2021-09-22,5.37170,3.40688,5.91537,5.33423,3.30443,7.08493,4.97593,4.19476,7.88331
2021-09-23,5.43692,3.44858,6.05871,5.46492,3.42436,7.34556,5.15955,4.34802,8.17661
2021-09-24,5.44587,3.45430,6.07840,5.48287,3.44105,7.38183,5.18511,4.36935,8.21743
2021-09-27,5.43030,3.44435,6.04292,5.45052,3.41103,7.31658,5.13913,4.33098,8.14400
2021-09-28,5.32095,3.37442,5.79939,5.22849,3.20517,6.86922,4.82395,4.06791,7.64055
2021-09-29,5.32990,3.38015,5.81866,5.24605,3.22113,6.90390,4.84839,4.08831,7.67958
2021-09-30,5.26480,3.33852,5.67635,5.11631,3.10318,6.64756,4.66779,3.93757,7.39111
2021-10-01,5.32732,3.37850,5.81088,5.23896,3.21332,6.88692,4.72413,4.07832,7.66046
2021-10-04,5.25867,3.33460,5.66047,5.10182,3.08882,6.61635,4.57665,3.91922,7.35598
2021-10-05,5.31335,3.36956,5.77789,5.20888,3.18478,6.82490,4.62308,4.04185,7.59066
2021-10-06,5.33541,3.38367,5.82562,5.25240,3.22420,6.91056,4.79869,4.09223,7.68706
2021-10-07,5.38151,3.41314,5.92600,5.34391,3.30741,7.09139,4.91972,4.19856,7.89056
2021-10-08,5.37170,3.40687,5.90417,5.32401,3.28918,7.05177,4.89320,4.17527,7.84597
2021-10-11,5.33284,3.38202,5.81805,5.24549,3.21738,6.89575,4.78878,4.08352,7.67039
2021-10-12,5.31972,3.37363,5.78920,5.21918,3.19351,6.84387,4.75405,4.05301,7.61200
2021-10-13,5.33884,3.38586,5.83057,5.25690,3.22770,6.91816,4.78451,4.09670,7.69561
2021-10-14,5.42858,3.44324,6.02625,5.43531,3.38994,7.27073,4.89237,4.30403,8.09237
2021-10-15,5.46989,3.46966,6.11768,5.51867,3.46699,7.43818,5.00690,4.40250,8.28082
2021-10-18,5.48608,3.48000,6.15311,5.55097,3.49712,7.50366,5.05168,4.44100,8.35449
2021-10-19,5.52837,3.50705,6.24770,5.63721,3.57765,7.67867,5.17138,4.54391,8.55144
2021-10-20,5.55007,3.52092,6.29646,5.68167,3.61950,7.76961,5.23359,4.59739,8.65378
2021-10-21,5.56453,3.53017,6.32902,5.71135,3.64755,7.83056,5.27527,4.63324,8.72237
2021-10-22,5.55877,3.52649,6.31565,5.69916,3.63603,7.80553,5.25815,4.61852,8.69420
2021-10-25,5.58856,3.54553,6.38254,5.76014,3.69377,7.93100,5.34397,4.69230,8.83539
2021-10-26,5.59359,3.54875,6.39375,5.77036,3.70351,7.95216,5.35844,4.70475,8.85921
2021-10-27,5.56882,3.53291,6.33689,5.71853,3.65420,7.84500,5.28514,4.64173,8.73861
2021-10-28,5.62252,3.56724,6.45879,5.82966,3.75950,8.07385,5.44167,4.77631,8.99615
2021-10-29,5.63392,3.57453,6.48471,5.85329,3.78212,8.12300,5.47529,4.80521,9.05146
2021-11-01,5.64360,3.58073,6.50619,5.87288,3.80096,8.16393,5.50328,4.82928,9.09752
2021-11-02,5.66641,3.59530,6.55848,5.92055,3.84674,8.26342,5.57133,4.88778,9.20947
2021-11-03,5.70098,3.61741,6.63821,5.99324,3.91681,8.41570,5.67549,4.97733,9.38084
2021-11-04,5.72782,3.63458,6.70044,6.04998,3.97184,8.53528,5.75728,5.04765,9.51541
2021-11-05,5.74768,3.64727,6.74662,6.09208,4.01286,8.62444,5.81826,5.10008,9.61575
2021-11-08,5.75259,3.65041,6.75729,6.10181,4.02244,8.64526,5.83249,5.11232,9.63917
2021-11-09,5.73359,3.63826,6.71239,6.06087,3.98242,8.55828,5.77300,5.06117,9.54128
2021-11-10,5.68749,3.60878,6.60422,5.96225,3.88630,8.34940,5.63012,4.93834,9.30622
2021-11-11,5.68933,3.60996,6.60822,5.96589,3.88985,8.35710,5.63539,4.94287,9.31488
2021-11-12,5.73224,3.63739,6.70759,6.05649,3.97749,8.54757,5.76567,5.05488,9.52923
2021-11-15,5.73420,3.63865,6.71135,6.05992,3.98090,8.55497,5.77073,5.05923,9.53755
2021-11-16,5.75688,3.65315,6.76415,6.10805,4.02784,8.65697,5.84049,5.11921,9.65234
2021-11-17,5.74290,3.64421,6.73104,6.07787,3.99832,8.59283,5.79662,5.08150,9.58016
2021-11-18,5.76239,3.65668,6.77644,6.11926,4.03875,8.68068,5.85671,5.13316,9.67901
2021-11-19,5.75210,3.65009,6.75195,6.09693,4.01690,8.63320,5.82423,5.10524,9.62559
2021-11-22,5.73591,3.63974,6.71314,6.06154,3.98238,8.55817,5.77291,5.06112,9.54115
2021-11-23,5.74351,3.64460,6.73065,6.07751,3.99796,8.59204,5.79607,5.08103,9.57926
2021-11-24,5.75884,3.65440,6.76628,6.10999,4.02968,8.66098,5.84322,5.12157,9.65683
2021-11-26,5.63049,3.57233,6.46420,5.83457,3.76021,8.07536,5.44267,4.77720,8.99781
2021-11-29,5.69951,3.61646,6.62182,5.97828,3.89761,8.37396,5.64690,4.95279,9.33383
2021-11-30,5.58868,3.54560,6.36412,5.74332,3.67041,7.88020,5.30917,4.66244,8.77817
2021-12-01,5.52665,3.50593,6.22264,5.61432,3.54820,7.61462,5.12752,4.50627,8.47930
2021-12-02,5.61124,3.56002,6.41279,5.78769,3.71062,7.96758,5.36894,4.71383,8.87651
2021-12-03,5.56245,3.52882,6.30104,5.68581,3.61379,7.75714,5.22501,4.59008,8.63969
2021-12-06,5.62828,3.57091,6.44935,5.82102,3.74125,8.03414,5.41446,4.75297,8.95140
2021-12-07,5.74462,3.64530,6.71561,6.06378,3.97263,8.53698,5.75840,5.04866,9.51728
2021-12-08,5.75982,3.65502,6.75086,6.09592,4.00390,8.60492,5.80486,5.08861,9.59373
2021-12-09,5.72096,3.63017,6.65951,6.01264,3.92275,8.42858,5.68425,4.98492,9.39529
2021-12-10,5.77478,3.66458,6.78449,6.12658,4.03306,8.66829,5.84820,5.12588,9.66504
2021-12-13,5.72366,3.63190,6.66357,6.01633,3.92543,8.43440,5.68823,4.98834,9.40183
2021-12-14,5.68430,3.60673,6.57170,5.93257,3.84438,8.25825,5.56774,4.88476,9.20360
2021-12-15,5.77306,3.66348,6.77658,6.11937,4.02394,8.64848,5.83465,5.11423,9.64274
2021-12-16,5.72218,3.63095,6.65690,6.01025,3.91750,8.41716,5.67643,4.97821,9.38242
2021-12-17,5.66133,3.59204,6.51508,5.88094,3.79249,8.14548,5.49061,4.81845,9.07669
2021-12-20,5.60117,3.55357,6.37586,5.75401,3.67116,7.88181,5.31025,4.66340,8.77996
2021-12-21,5.70057,3.61713,6.60182,5.96002,3.86606,8.30535,5.59995,4.91246,9.25659
2021-12-22,5.75753,3.65355,6.73342,6.08001,3.98153,8.55630,5.77159,5.06003,9.53899
2021-12-23,5.79333,3.67644,6.81685,6.15608,4.05545,8.71694,5.88147,5.15449,9.71977
2021-12-27,5.87526,3.72883,7.00846,6.33077,4.22631,9.08824,6.13543,5.37284,10.13762
2021-12-28,5.87046,3.72576,6.99673,6.32007,4.21573,9.06525,6.11970,5.35932,10.11174
2021-12-29,5.87797,3.73056,7.01432,6.33611,4.23164,9.09982,6.14334,5.37965,10.15064
2021-12-30,5.86173,3.72018,6.97529,6.30053,4.19638,9.02320,6.09093,5.33459,10.06441
2021-12-31,5.84696,3.71074,6.93988,6.26824,4.16449,8.95388,6.04352,5.29383,9.98641
2022-01-03,5.88080,3.73237,7.01930,6.34065,4.23596,9.10920,6.14975,5.38517,10.16119
2022-01-04,5.87883,3.73111,7.01431,6.33610,4.23146,9.09944,6.14307,5.37942,10.15020
2022-01-05,5.76602,3.65897,6.74490,6.09046,3.98798,8.57030,5.78115,5.06827,9.55474
2022-01-06,5.76060,3.65551,6.73195,6.07866,3.97654,8.54543,5.76414,5.05365,9.52674
2022-01-07,5.73784,3.64096,6.67849,6.02992,3.92925,8.44266,5.69384,4.99321,9.41109
2022-01-10,5.73071,3.63640,6.66104,6.01400,3.91392,8.40935,5.67105,4.97362,9.37360
2022-01-11,5.78287,3.66975,6.78197,6.12426,4.02038,8.64071,5.82930,5.10968,9.63396
2022-01-12,5.79849,3.67974,6.81831,6.15739,4.05268,8.71089,5.87730,5.15094,9.71293
2022-01-13,5.71865,3.62869,6.63031,5.98598,3.88529,8.34712,5.62849,4.93703,9.30357
2022-01-14,5.72099,3.63018,6.63544,5.99066,3.88981,8.35695,5.63521,4.94281,9.31463
2022-01-18,5.61974,3.56544,6.39952,5.77555,3.68269,7.90684,5.32733,4.67813,8.80808
2022-01-19,5.56143,3.52815,6.26647,5.65425,3.56803,7.65764,5.15689,4.53159,8.52765
2022-01-20,5.49992,3.48882,6.12763,5.52766,3.44963,7.40035,5.22201,4.38029,8.23810
2022-01-21,5.39203,3.41983,5.88705,5.30831,3.24679,6.95954,5.22202,4.34098,7.74203
2022-01-24,5.41491,3.36977,5.93621,5.15765,3.28743,6.66631,5.22205,4.34100,7.84141
2022-01-25,5.34885,3.37742,5.79115,5.18574,3.16715,6.72392,5.22207,4.34101,7.54723
2022-01-26,5.33544,3.42203,5.76187,5.32553,3.14317,6.99443,5.22208,4.34103,7.48860
2022-01-27,5.30912,3.42204,5.70477,5.32554,3.09655,6.99445,5.22210,4.34104,7.37457
2022-01-28,5.44087,3.42204,5.98754,5.32556,3.32638,6.99447,5.22211,4.34105,7.93665
2022-01-31,5.53880,3.48592,6.20217,5.52866,3.50499,7.39803,5.22215,4.34108,8.37345
2022-02-01,5.57620,3.50945,6.28561,5.60291,3.57563,7.54688,5.22217,4.40231,8.54619
2022-02-02,5.63032,3.54350,6.40731,5.71121,3.67933,7.76545,5.22218,4.53096,8.79981
2022-02-03,5.49808,3.46030,6.10613,5.44319,3.42029,7.21951,5.06812,4.20961,8.16629
2022-02-04,5.52391,3.47656,6.16322,5.49399,3.46819,7.32046,5.05533,4.19846,8.28343
2022-02-07,5.50620,3.46541,6.12285,5.45807,3.43420,7.24883,5.05538,4.19850,8.20029
2022-02-08,5.55147,3.49389,6.22321,5.54738,3.51851,7.42651,5.05541,4.19852,8.40648
2022-02-09,5.63266,3.54497,6.40488,5.70905,3.67236,7.75076,5.05543,4.25895,8.78274
2022-02-10,5.53154,3.48135,6.17469,5.50420,3.47467,7.33413,4.98365,4.02246,8.29926
2022-02-11,5.42254,3.41279,5.93113,5.28745,3.26940,6.90151,4.98194,4.02097,7.79724
2022-02-14,5.40483,3.40535,5.89151,5.26949,3.23670,6.86968,4.98205,4.02106,7.71726
2022-02-15,5.49193,3.40538,6.08100,5.26954,3.39260,6.86974,4.98210,4.02110,8.09853
2022-02-16,5.49808,3.42256,6.09431,5.32736,3.40372,6.98617,4.98214,4.02114,8.12572
2022-02-17,5.38072,3.34978,5.83393,5.10177,3.18593,6.54407,4.98218,4.02117,7.59307
2022-02-18,5.34590,3.34864,5.75817,5.10316,3.12398,6.54983,4.98222,4.02120,7.44157
2022-02-22,5.28857,3.34873,5.63360,5.10330,3.02279,6.55001,4.98236,4.02131,7.19409
2022-02-23,5.19483,3.34876,5.43369,5.10334,2.86219,6.55006,4.98240,4.02134,7.34592
2022-02-24,5.27295,3.34878,5.59676,5.10338,2.99079,6.55011,4.98243,4.02137,7.34598
2022-02-25,5.38920,3.34881,5.84316,5.10341,3.18794,6.55015,4.98246,4.02139,7.34602
2022-02-28,5.37543,3.34887,5.81244,5.10351,3.16286,6.55027,4.98256,4.02147,7.56941
2022-03-01,5.29362,3.34889,5.63531,5.10354,3.01853,6.55032,4.98259,4.02150,7.23595
2022-03-02,5.39093,3.34891,5.84212,5.10357,3.18440,6.55036,4.98262,4.02152,7.34512
2022-03-03,5.36411,3.34894,5.78374,5.10361,3.13675,6.55040,4.98266,4.02155,7.09830
2022-03-04,5.32056,3.34896,5.68958,5.10364,3.06029,6.55045,4.98269,4.02158,6.92164
2022-03-07,5.16383,3.34902,5.35370,5.10374,2.78979,6.55057,4.98279,4.02165,6.88456
2022-03-08,5.12471,3.34905,5.27236,5.10378,2.72634,6.55062,4.98282,4.02169,6.88462
2022-03-09,5.26200,3.34907,5.55444,5.10382,2.94470,6.55067,4.98286,4.02171,6.88467
2022-03-10,5.23826,3.34910,5.50406,5.10386,2.90471,6.55072,4.98290,4.02175,6.88472
2022-03-11,5.17170,3.34912,5.36399,5.10389,2.79404,6.55077,4.98294,4.02178,6.88477
2022-03-14,5.13394,3.34920,5.28488,5.10402,2.73236,6.55093,4.98306,4.02187,6.88494
2022-03-15,5.24675,3.34924,5.51674,5.10407,2.91180,6.55099,4.98310,4.02191,6.88500
2022-03-16,5.36300,3.34927,5.76080,5.10412,3.10467,6.55105,4.98315,4.02195,6.88507
2022-03-17,5.43005,3.34930,5.90448,5.10416,3.22062,6.55111,4.98320,4.02199,6.88513
2022-03-18,5.48948,3.34933,6.03338,5.10420,3.32590,6.55117,4.98324,4.02202,7.18434
2022-03-21,5.48787,3.34661,6.02893,5.09986,3.32224,6.54584,4.98336,4.02212,7.17649
2022-03-22,5.55204,3.38578,6.16954,5.21885,3.43827,6.77490,4.98343,4.02217,7.42512
2022-03-23,5.48059,3.34216,6.01047,5.08424,3.30550,6.51279,4.98348,3.93470,7.14062
2022-03-24,5.56315,3.39256,6.19116,5.23714,3.45431,6.80657,4.98354,3.98686,7.45950
2022-03-25,5.59030,3.40913,6.25123,5.28798,3.50451,6.90566,4.98359,4.02339,7.56706
2022-03-28,5.63004,3.43339,6.33905,5.36229,3.57823,7.05121,5.10489,4.10869,7.72504
2022-03-29,5.69963,3.47588,6.49536,5.49458,3.71038,7.31210,5.29317,4.26161,8.00823
2022-03-30,5.66447,3.45441,6.41487,5.42646,3.64151,7.17613,5.19504,4.18191,7.86064
2022-03-31,5.57734,3.40122,6.21726,5.25924,3.47348,6.84441,4.95564,3.98748,7.50058
2022-04-01,5.59314,3.41086,6.25213,5.28874,3.50265,6.90201,4.99721,4.02124,7.56310
2022-04-04,5.64102,3.44009,6.35813,5.37844,3.59158,7.07756,5.12391,4.12414,7.75365
2022-04-05,5.56982,3.39663,6.19731,5.24234,3.45550,6.80892,4.93003,3.96668,7.46206
2022-04-06,5.51416,3.36265,6.07315,5.13728,3.35181,6.60421,4.79024,3.84669,7.23986
2022-04-07,5.54193,3.37960,6.13393,5.18871,3.40204,6.70338,4.79031,3.81884,7.34750
2022-04-08,5.52712,3.37056,6.10081,5.16068,3.37451,6.64904,4.79039,3.81890,7.28852
2022-04-11,5.43271,3.31293,5.89141,4.98348,3.20102,6.30654,4.79062,3.81909,6.91676
2022-04-12,5.41260,3.33354,5.84745,5.05019,3.16524,6.43616,4.79071,3.81916,6.84008
2022-04-13,5.47455,3.33360,5.98089,5.05027,3.27339,6.43627,4.79080,3.81923,6.82157
2022-04-14,5.40643,3.33366,5.83175,5.05036,3.15114,6.43639,4.79088,3.81929,6.54901
2022-04-18,5.40865,3.33391,5.83512,5.05074,3.15381,6.43687,4.79124,3.81958,6.49874
2022-04-19,5.49590,3.33397,6.02293,5.05084,3.30579,6.43700,4.79133,3.81965,6.49886
2022-04-20,5.49183,3.33404,6.01363,5.05094,3.29813,6.43712,4.79143,3.81973,6.39538
2022-04-21,5.40976,3.33410,5.83361,5.05104,3.15026,6.43725,4.79152,3.81980,6.10415
2022-04-22,5.26143,3.33417,5.51348,5.05114,2.89138,6.43738,4.79162,3.81988,6.04955
2022-04-25,5.29191,3.33437,5.57631,5.05144,2.94066,6.43776,4.79190,3.82011,6.04991
2022-04-26,5.13877,3.33444,5.25335,5.05155,2.68565,6.43790,4.79201,3.82019,6.05005
2022-04-27,5.15321,3.33451,5.28252,5.05166,2.70796,6.43803,4.79211,3.82027,6.05017
2022-04-28,5.28327,3.33457,5.54872,5.05175,2.91222,6.43816,4.79220,3.82035,6.05029
2022-04-29,5.08817,3.33464,5.13877,5.05185,2.59007,6.43829,4.79229,3.82042,6.05041
2022-05-02,5.11878,3.33484,5.19959,5.05216,2.63591,6.43867,4.79258,3.82065,6.05077
2022-05-03,5.14223,3.33491,5.24686,5.05227,2.67177,6.43881,4.79269,3.82073,6.05090
2022-05-04,5.29870,3.33499,5.56568,5.05238,2.91475,6.43895,4.79279,3.82082,6.05103
2022-05-05,5.11051,3.33506,5.17017,5.05249,2.60463,6.43909,4.79289,3.82090,6.05116
2022-05-06,5.08003,3.33512,5.10820,5.05259,2.55790,6.43922,4.79299,3.82098,6.05129
2022-05-09,4.91751,3.33533,4.78058,5.05290,2.31232,6.43961,4.79328,3.82121,6.05165
2022-05-10,4.92886,3.33540,4.80233,5.05301,2.32805,6.43976,4.79339,3.82129,6.05179
2022-05-11,4.85062,3.33547,4.64966,5.05312,2.21729,6.43990,4.79349,3.82138,6.05192
2022-05-12,4.84557,3.33555,4.63966,5.05323,2.21015,6.44004,4.79360,3.82146,6.05205
2022-05-13,4.96132,3.33563,4.86088,5.05335,2.36778,6.44019,4.79371,3.82155,6.05219
2022-05-16,4.94120,3.33588,4.82051,5.05372,2.33830,6.44067,4.79407,3.82183,6.05265
2022-05-17,5.04276,3.33596,5.01822,5.05386,2.48178,6.44084,4.79420,3.82194,6.05281
2022-05-18,4.83964,3.33605,4.61384,5.05399,2.18247,6.44101,4.79432,3.82204,6.05297
2022-05-19,4.81003,3.33614,4.55709,5.05412,2.14230,6.44117,4.79444,3.82213,6.05312
2022-05-20,4.81212,3.33622,4.56075,5.05425,2.14486,6.44134,4.79457,3.82223,6.05328
2022-05-23,4.90209,3.33647,4.73024,5.05463,2.26404,6.44182,4.79492,3.82252,6.05373
2022-05-24,4.86469,3.33656,4.65780,5.05476,2.21215,6.44199,4.79505,3.82262,6.05389
2022-05-25,4.90764,3.33665,4.73967,5.05489,2.27030,6.44216,4.79518,3.82272,6.05405
2022-05-26,5.00562,3.33673,4.92848,5.05502,2.40559,6.44233,4.79530,3.82282,6.05420
2022-05-27,5.12841,3.33682,5.16979,5.05516,2.58182,6.44250,4.79543,3.82292,6.05436
2022-05-31,5.09965,3.33717,5.11043,5.05569,2.53737,6.44318,4.79593,3.82332,6.05500
2022-06-01,5.05844,3.33727,5.02751,5.05583,2.47573,6.44336,4.79607,3.82343,6.05517
2022-06-02,5.15469,3.33736,5.21838,5.05597,2.61636,6.44354,4.79620,3.82354,6.05534
2022-06-03,5.07016,3.33745,5.04695,5.05612,2.48770,6.44372,4.79634,3.82364,6.05551
2022-06-06,5.08559,3.33775,5.07656,5.05656,2.50946,6.44429,4.79676,3.82398,6.05604
2022-06-07,5.13433,3.33785,5.17344,5.05672,2.58111,6.44449,4.79691,3.82410,6.05623
2022-06-08,5.07855,3.33795,5.06072,5.05688,2.49691,6.44469,4.79706,3.82422,6.05642
2022-06-09,4.95786,3.33806,4.81995,5.05703,2.31911,6.44489,4.79721,3.82434,6.05661
2022-06-10,4.81422,3.33817,4.54048,5.05720,2.11788,6.44509,4.79736,3.82446,6.05680
2022-06-13,4.63159,3.33851,4.19517,5.05771,1.87688,6.44575,4.79785,3.82485,6.05742
2022-06-14,4.61764,3.33865,4.16957,5.05793,1.85972,6.44603,4.79806,3.82502,6.05769
2022-06-15,4.68342,3.33881,4.28789,5.05816,1.93859,6.44633,4.79828,3.82519,6.05796
2022-06-16,4.52855,3.33895,4.00415,5.05838,1.74674,6.44661,4.79849,3.82536,6.05823
2022-06-17,4.53830,3.33908,4.02105,5.05858,1.75774,6.44686,4.79868,3.82551,6.05847
2022-06-21,4.65245,3.33962,4.22183,5.05940,1.88882,6.44791,4.79946,3.82613,6.05945
2022-06-22,4.64402,3.33977,4.20619,5.05962,1.87832,6.44819,4.79966,3.82629,6.05971
2022-06-23,4.68950,3.33990,4.28817,5.05982,1.93303,6.44845,4.79985,3.82645,6.05995
2022-06-24,4.83847,3.34004,4.56005,5.06003,2.11627,6.44871,4.80005,3.82660,6.06020
2022-06-27,4.82001,3.34047,4.52411,5.06068,2.09121,6.44954,4.80067,3.82709,6.06098
2022-06-28,4.72160,3.34062,4.33911,5.06091,1.96327,6.44983,4.80088,3.82727,6.06125
2022-06-29,4.71776,3.34077,4.33167,5.06114,1.95820,6.45012,4.80110,3.82744,6.06153
2022-06-30,4.67947,3.34092,4.26102,5.06136,1.91041,6.45041,4.80131,3.82761,6.06180
2022-07-01,4.72892,3.34106,4.35065,5.06158,1.97046,6.45068,4.80152,3.82778,6.06206
2022-07-05,4.73784,3.34163,4.36558,5.06244,1.98045,6.45178,4.80234,3.82843,6.06309
2022-07-06,4.75383,3.34179,4.39463,5.06269,2.00011,6.45210,4.80257,3.82861,6.06338
2022-07-07,4.82497,3.34195,4.52566,5.06293,2.08926,6.45241,4.80280,3.82880,6.06367
2022-07-08,4.82100,3.34212,4.51781,5.06318,2.08380,6.45272,4.80304,3.82899,6.06397
2022-07-11,4.76598,3.34261,4.41351,5.06393,2.01172,6.45368,4.80375,3.82955,6.06487
2022-07-12,4.72384,3.34280,4.33509,5.06421,1.95822,6.45404,4.80402,3.82977,6.06521
2022-07-13,4.69905,3.34299,4.28920,5.06450,1.92717,6.45441,4.80429,3.82998,6.06555
2022-07-14,4.68765,3.34319,4.26795,5.06481,1.91285,6.45480,4.80458,3.83022,6.06592
2022-07-15,4.77713,3.34340,4.43033,5.06512,2.02162,6.45519,4.80488,3.83045,6.06629
2022-07-18,4.73772,3.34400,4.35592,5.06603,1.97069,6.45636,4.80574,3.83114,6.06739
2022-07-19,4.86562,3.34421,4.59048,5.06636,2.12933,6.45677,4.80605,3.83139,6.06778
2022-07-20,4.89661,3.34443,4.64841,5.06668,2.16947,6.45719,4.80636,3.83163,6.06817
2022-07-21,4.94643,3.34464,4.74245,5.06701,2.23506,6.45760,4.80667,3.83188,6.06856
2022-07-22,4.90057,3.34485,4.65408,5.06733,2.17269,6.45801,4.80697,3.83212,6.06894
2022-07-25,4.90652,3.34549,4.66390,5.06829,2.17938,6.45923,4.80789,3.83285,6.07009
2022-07-26,4.84852,3.34571,4.55319,5.06863,2.10193,6.45967,4.80821,3.83311,6.07050
2022-07-27,4.97432,3.34593,4.78881,5.06896,2.26456,6.46009,4.80852,3.83336,6.07089
2022-07-28,5.03666,3.34614,4.90826,5.06928,2.34901,6.46049,4.80882,3.83360,6.07127
2022-07-29,5.11003,3.34635,5.05067,5.06959,2.45093,6.46089,4.80912,3.83383,6.07165
2022-08-01,5.09491,3.34696,5.01922,5.07052,2.42791,6.46208,4.85963,3.83454,6.07276
2022-08-02,5.06132,3.34718,4.95255,5.07085,2.37958,6.46250,4.76446,3.83479,6.07316
2022-08-03,5.14052,3.34740,5.10691,5.07118,2.49049,6.46292,4.83679,3.83504,6.07356
2022-08-04,5.13705,3.34761,5.09948,5.07151,2.48499,6.46334,4.82461,3.83528,6.07395
2022-08-05,5.12837,3.34783,5.08172,5.07183,2.47198,6.46374,4.79926,3.83553,6.07433
2022-08-08,5.12242,3.34848,5.06830,5.07282,2.46201,6.46501,4.77983,3.83628,6.07552
2022-08-09,5.10210,3.34871,5.02755,5.07316,2.43231,6.46545,4.72198,3.83654,6.07593
2022-08-10,5.20918,3.34893,5.23790,5.07351,2.58453,6.46589,5.01848,3.83680,6.07634
2022-08-11,5.20918,3.34916,5.23733,5.07385,2.58403,6.46632,5.01751,3.75042,6.07675
2022-08-12,5.29730,3.34938,5.41385,5.07419,2.71431,6.46675,5.27128,3.94439,6.07716
2022-08-15,5.31911,3.35005,5.45665,5.07520,2.74619,6.46804,5.33338,3.99184,6.07837
2022-08-16,5.32952,3.35028,5.47739,5.07555,2.76174,6.46849,5.36366,4.01497,6.07879
2022-08-17,5.29172,3.35313,5.39912,5.08807,2.70258,6.49508,5.24843,3.92689,6.07921
2022-08-18,5.30709,3.35158,5.42987,5.08820,2.72554,6.49836,5.29315,3.96107,6.07962
2022-08-19,5.23583,3.35181,5.28352,5.08855,2.61550,6.49881,5.07880,3.79721,6.08004
2022-08-22,5.12689,3.35251,5.06200,5.08961,2.45114,6.50016,4.75865,3.55246,6.08131
2022-08-23,5.11450,3.35275,5.03696,5.08998,2.43292,6.50063,4.72315,3.53711,6.08175
2022-08-24,5.13086,3.35299,5.06859,5.09035,2.45571,6.50110,4.76754,3.53736,6.08219
2022-08-25,5.20323,3.35323,5.21093,5.09071,2.55883,6.50157,4.96841,3.53762,6.08262
2022-08-26,5.02724,3.35348,4.85802,5.09109,2.29939,6.50204,4.46306,3.17775,6.08307
2022-08-29,4.99403,3.35422,4.79218,5.09221,2.25255,6.50348,4.35619,3.10167,6.08441
2022-08-30,4.93925,3.35447,4.68655,5.09260,2.17819,6.50397,4.35652,3.10190,6.08487
2022-08-31,4.90170,3.35473,4.61478,5.09298,2.12822,6.50447,4.35685,3.10214,6.08534
2022-09-01,4.91707,3.35498,4.64315,5.09337,2.14772,6.50496,4.35718,3.10237,6.08580
2022-09-02,4.86526,3.35524,4.54483,5.09376,2.07962,6.50546,4.35752,3.10261,6.08626
2022-09-06,4.84692,3.35625,4.50844,5.09529,2.05445,6.50742,4.35883,3.10355,6.08810
2022-09-07,4.93392,3.35651,4.66964,5.09569,2.16424,6.50793,4.35917,3.10379,6.08857
2022-09-08,4.96615,3.35678,4.73003,5.09610,2.20604,6.50844,4.35951,3.10403,6.08906
2022-09-09,5.04324,3.35704,4.87621,5.09650,2.30795,6.50895,4.35986,3.10428,6.08953
2022-09-12,5.09740,3.35783,4.97911,5.09770,2.38058,6.51049,4.42423,3.10501,6.09098
2022-09-13,4.87592,3.35811,4.54608,5.09812,2.07070,6.51103,3.83710,3.10527,6.09147
2022-09-14,4.89452,3.35839,4.58014,5.09855,2.09383,6.51158,3.87415,3.10553,6.09199
2022-09-15,4.83899,3.35867,4.47573,5.09898,2.02236,6.51212,3.87447,3.10579,6.09250
2022-09-16,4.80211,3.35895,4.40698,5.09940,1.97583,6.51266,3.87479,3.10605,6.09300
2022-09-19,4.83932,3.35978,4.47358,5.10066,2.02027,6.51427,3.87575,3.10681,6.09450
2022-09-20,4.78381,3.36007,4.37046,5.10110,1.95055,6.51484,3.87608,3.10708,6.09504
2022-09-21,4.70044,3.36036,4.21766,5.10154,1.84850,6.51540,3.87642,3.10735,6.09556
2022-09-22,4.66099,3.36065,4.14639,5.10198,1.80173,6.51595,3.87675,3.10762,6.09608
2022-09-23,4.58296,3.36094,4.00715,5.10241,1.71122,6.51651,3.87708,3.10788,6.09660
2022-09-26,4.53766,3.36177,3.92650,5.10368,1.65956,6.51812,3.87804,3.10865,6.09811
2022-09-27,4.52609,3.36206,3.90598,5.10412,1.64654,6.51870,3.87838,3.10892,6.09865
2022-09-28,4.61507,3.36236,4.05892,5.10457,1.74281,6.51926,3.87872,3.10919,6.09918
2022-09-29,4.51875,3.36265,3.88910,5.10501,1.63377,6.51983,3.87906,3.10946,6.09971
2022-09-30,4.44894,3.36294,3.76854,5.10545,1.55802,6.52039,3.87939,3.10973,6.10024
2022-10-03,4.56629,3.36380,3.96572,5.10676,1.67963,6.52207,3.88039,3.11053,6.10180
2022-10-04,4.70766,3.36410,4.21054,5.10722,1.83453,6.52265,3.88073,3.11081,6.10234
2022-10-05,4.69671,3.36440,4.19042,5.10767,1.82135,6.52322,3.88107,3.11108,6.10288
2022-10-06,4.64830,3.36470,4.10356,5.10812,1.76484,6.52380,3.88142,3.11136,6.10342
2022-10-07,4.51875,3.36499,3.87448,5.10857,1.61751,6.52437,3.88176,3.11163,6.10396
2022-10-10,4.48428,3.36588,3.81391,5.10992,1.57954,6.52609,3.88278,3.11245,6.10557
2022-10-11,4.45591,3.36618,3.76519,5.11037,1.54933,6.52667,3.88312,3.11273,6.10611
2022-10-12,4.44122,3.36649,3.73989,5.11085,1.53371,6.52728,3.88349,3.11302,6.10668
2022-10-13,4.55833,3.36681,3.93641,5.11133,1.65404,6.52790,3.88386,3.11331,6.10726
2022-10-14,4.45454,3.36714,3.75677,5.11183,1.54117,6.52853,3.88423,3.11362,6.10785
2022-10-17,4.56891,3.36812,3.94792,5.11332,1.65811,6.53044,3.88537,3.11452,6.10963
2022-10-18,4.62254,3.36846,4.03996,5.11384,1.71580,6.53110,3.88576,3.11484,6.11026
2022-10-19,4.58981,3.36881,3.98221,5.11437,1.67907,6.53178,3.88617,3.11517,6.11089
2022-10-20,4.55136,3.36917,3.91496,5.11490,1.63661,6.53246,3.88657,3.11549,6.11153
2022-10-21,4.66187,3.36952,4.10433,5.11544,1.75483,6.53315,3.88698,3.11582,6.11217
2022-10-24,4.71887,3.37057,4.20281,5.11704,1.81751,6.53519,3.88819,3.11679,6.11408
2022-10-25,4.79416,3.37093,4.33619,5.11758,1.90365,6.53588,3.88861,3.11712,6.11473
2022-10-26,4.75807,3.37129,4.27031,5.11813,1.86032,6.53658,3.88902,3.11745,6.11538
2022-10-27,4.73268,3.37164,4.22415,5.11866,1.83016,6.53727,3.88943,3.11778,6.11602
2022-10-28,4.84518,3.37200,4.42419,5.11920,1.95964,6.53796,3.88984,3.11811,6.11667
2022-10-31,4.81021,3.37308,4.35840,5.12084,1.91579,6.54005,3.87740,3.11911,6.11862
2022-11-01,4.78918,3.37344,4.31966,5.12140,1.89023,6.54076,3.98963,3.11944,6.11929
2022-11-02,4.66909,3.37381,4.10254,5.12195,1.74809,6.54146,3.99006,3.11978,6.11995
2022-11-03,4.62106,3.37417,4.01758,5.12250,1.69390,6.54217,3.99049,3.12012,6.12061
2022-11-04,4.68751,3.37454,4.13243,5.12306,1.76618,6.54288,3.99092,3.12046,6.12127
2022-11-07,4.73231,3.37563,4.20950,5.12471,1.81516,6.54499,3.99221,3.12146,6.12325
2022-11-08,4.75782,3.37600,4.25421,5.12528,1.84389,6.54571,3.99265,3.12181,6.12392
2022-11-09,4.65989,3.37637,4.07856,5.12584,1.72998,6.54643,3.99309,3.12215,6.12459
2022-11-10,4.91575,3.37674,4.52545,5.12640,2.01320,6.54715,3.99353,3.12249,6.12527
2022-11-11,4.96329,3.37711,4.61223,5.12696,2.07083,6.54786,4.07766,3.18823,6.12593
2022-11-14,4.92110,3.37821,4.53179,5.12864,2.01650,6.55001,3.96939,3.10363,6.12794
2022-11-15,4.96304,3.37859,4.60828,5.12921,2.06730,6.55074,4.07060,3.18272,6.12863
2022-11-16,4.92521,3.37896,4.53737,5.12978,2.01962,6.55146,3.97559,3.10848,6.12930
2022-11-17,4.91015,3.37934,4.50895,5.13035,2.00061,6.55219,3.93770,3.07887,6.12998
2022-11-18,4.93243,3.37971,4.54914,5.13091,2.02718,6.55291,3.99063,3.12023,6.13066
2022-11-21,4.91451,3.38084,4.51402,5.13262,2.00347,6.55509,3.94337,3.08330,6.13270
2022-11-22,4.98059,3.38122,4.63463,5.13320,2.08341,6.55583,4.10265,3.20777,6.13339
2022-11-23,5.01195,3.38160,4.69223,5.13378,2.12203,6.55657,4.17961,3.26790,6.13408
2022-11-25,5.01083,3.38236,4.68869,5.13494,2.11942,6.55805,4.17438,3.26382,6.13547
2022-11-28,4.93094,3.38351,4.53709,5.13668,2.01660,6.56027,3.96950,3.10372,6.13754
2022-11-29,4.92248,3.38390,4.52082,5.13727,2.00568,6.56102,3.94773,3.08671,6.13825
2022-11-30,5.07741,3.38428,4.80449,5.13785,2.19377,6.56177,4.32251,3.37957,6.13895
2022-12-01,5.07368,3.36991,4.79668,5.09774,2.18832,6.48725,4.31165,3.37108,6.13965
2022-12-02,5.06783,3.36600,4.78489,5.08512,2.18016,6.46273,4.29538,3.35837,6.14035
2022-12-05,4.97674,3.30524,4.61076,4.89887,2.06115,6.10530,4.05823,3.17306,6.14242
2022-12-06,4.90506,3.30065,4.47731,4.88996,1.97183,6.09153,3.88024,3.03398,6.14313
2022-12-07,4.89672,3.30102,4.46140,4.89052,1.96125,6.09223,3.85915,3.01750,6.14383
2022-12-08,4.93505,3.30140,4.53050,4.89107,2.00657,6.09291,3.94946,3.08806,6.14452
2022-12-09,4.89821,3.30176,4.46222,4.89161,1.96125,6.09359,3.85914,3.01749,6.14520
2022-12-12,4.96877,3.30287,4.58863,4.89326,2.04402,6.09564,4.02405,3.14636,6.14727
2022-12-13,5.00636,3.30325,4.65727,4.89382,2.08965,6.09634,4.11495,3.21739,6.14797
2022-12-14,4.97438,3.28234,4.59708,4.83523,2.04915,5.98899,4.03425,3.15433,6.14868
2022-12-15,4.85279,3.23734,4.37180,4.70751,1.89887,5.75457,3.73481,2.92033,6.14937
2022-12-16,4.79555,3.23770,4.26806,4.70804,1.83140,5.75521,3.65354,2.85683,6.15007
2022-12-19,4.75492,3.23879,4.19382,4.70963,1.78350,5.75715,3.65477,2.85779,6.15214
2022-12-20,4.76142,3.23917,4.20462,4.71017,1.79028,5.75781,3.65519,2.85812,6.15284
2022-12-21,4.83256,3.23953,4.32950,4.71070,1.86966,5.75847,3.65561,2.85845,6.15354
2022-12-22,4.76367,3.23990,4.20549,4.71123,1.78951,5.75912,3.65602,2.85877,6.15424
2022-12-23,4.79105,3.24027,4.25314,4.71177,1.81972,5.75977,3.65643,2.85909,6.15493
2022-12-27,4.77218,3.24173,4.21701,4.71390,1.79624,5.76238,3.65809,2.86039,6.15772
2022-12-28,4.71292,3.24211,4.11170,4.71445,1.72910,5.76305,3.65851,2.86072,6.15844
2022-12-29,4.79768,3.24249,4.25882,4.71500,1.82147,5.76372,3.65894,2.86105,6.15915
2022-12-30,4.78505,3.24287,4.23575,4.71555,1.80662,5.76439,3.65937,2.86139,6.15987
2023-01-03,4.76493,3.24436,4.19748,4.71772,1.78185,5.76704,3.66105,2.86270,6.16271
2023-01-04,4.80168,3.24474,4.26151,4.71827,1.82238,5.76772,3.66148,2.86304,6.16343
2023-01-05,4.74693,3.24512,4.16371,4.71883,1.75976,5.76840,3.66191,2.86338,6.16416
2023-01-06,4.85569,3.24552,4.35368,4.71940,1.87967,5.76910,3.66236,2.86372,6.16490
2023-01-09,4.85294,3.24669,4.34663,4.72111,1.87480,5.77119,3.58584,2.80389,6.16714
2023-01-10,4.88695,3.24709,4.40678,4.72169,1.91349,5.77190,3.66151,2.86306,6.16789
2023-01-11,4.94871,3.24748,4.51735,4.72226,1.98516,5.77260,3.80173,2.97270,6.16865
2023-01-12,4.96671,3.24717,4.54945,4.72447,2.00615,5.77872,3.84277,3.00479,6.16940
2023-01-13,4.98596,3.25981,4.58396,4.76056,2.02879,5.84485,3.88705,3.03942,6.17014
2023-01-17,4.97684,3.25381,4.56421,4.73988,2.01527,5.80531,3.86055,3.01870,6.17313
2023-01-18,4.89833,3.20225,4.41956,4.58856,1.91965,5.52595,3.67347,2.87242,6.17388
2023-01-19,4.86270,3.18170,4.35459,4.53396,1.87735,5.42958,3.59071,2.80770,6.17463
2023-01-20,4.95321,3.18209,4.51586,4.53451,1.98119,5.43025,3.79385,2.96654,6.17538
2023-01-23,5.01260,3.21165,4.62183,4.61904,2.05037,5.58291,3.92917,3.07236,6.17765
2023-01-24,5.00722,3.20819,4.61116,4.60833,2.04318,5.56311,3.91509,3.06134,6.17841
2023-01-25,5.00910,3.20940,4.61385,4.61103,2.04485,5.56770,3.91834,3.06389,6.17917
2023-01-26,5.06410,3.24476,4.71436,4.71194,2.11135,5.75072,4.04843,3.16561,6.17992
2023-01-27,5.07573,3.25223,4.73522,4.73289,2.12520,5.78884,4.07552,3.18680,6.26549
2023-01-30,5.01210,3.21132,4.61423,4.61140,2.04364,5.56431,3.91591,3.06199,6.02573
2023-01-31,5.08573,3.25866,4.74896,4.74667,2.13275,5.80958,4.09024,3.19831,6.28768
2023-02-01,5.13974,3.29338,4.84897,4.84708,2.19981,5.99413,4.22142,3.30088,6.48480
2023-02-02,5.21450,3.34144,4.98914,4.98783,2.29481,6.25560,4.40727,3.44620,6.76405
2023-02-03,5.15912,3.30583,4.88242,4.88066,2.22124,6.05311,4.26333,3.33365,6.54780
2023-02-06,5.12762,3.28558,4.82042,4.81840,2.17868,5.93593,4.18002,3.26851,6.42269
2023-02-07,5.19463,3.32865,4.94553,4.94402,2.26313,6.16837,4.34524,3.39770,6.67095
2023-02-08,5.13787,3.29216,4.83671,4.83475,2.18851,5.96298,4.19924,3.28354,6.45160
2023-02-09,5.09336,3.26355,4.75217,4.74987,2.13117,5.80516,4.08705,3.19581,6.28306
2023-02-10,5.10524,3.27118,4.77352,4.77131,2.14538,5.84424,4.11483,3.21753,6.32481
2023-02-13,5.16513,3.30968,4.88304,4.88126,2.21863,6.04583,4.25810,3.32956,6.54014
2023-02-14,5.16275,3.30815,4.87774,4.87593,2.21489,6.03555,4.25079,3.32384,6.52917
2023-02-15,5.17950,3.31892,4.90855,4.90687,2.23570,6.09280,4.29148,3.35566,6.59033
2023-02-16,5.10825,3.27311,4.77276,4.77052,2.14305,5.83779,4.11021,3.21392,6.31799
2023-02-17,5.09549,3.26491,4.74814,4.74580,2.12639,5.79195,4.07762,3.18843,6.26904
2023-02-21,4.99336,3.19924,4.55473,4.55158,1.99635,5.43400,3.82316,2.98946,5.88680
2023-02-22,4.98648,3.19482,4.54142,4.53822,1.98752,5.40968,3.80587,2.97594,5.86084
2023-02-23,5.01299,3.21186,4.58890,4.58589,2.01847,5.49486,3.86641,3.02328,5.98733
2023-02-24,4.95948,3.17746,4.49024,4.48682,1.95346,5.31592,3.73921,2.92382,6.02376
2023-02-27,4.97636,3.18830,4.51850,4.51519,1.97151,5.36557,3.77448,2.95140,6.17107
2023-02-28,4.95798,3.17649,4.48439,4.48094,1.94914,5.30399,3.73071,2.91717,6.17185
2023-03-01,4.93898,3.16427,4.44929,4.44568,1.92621,5.24088,3.68584,2.88209,6.17263
2023-03-02,4.97736,3.18894,4.51763,4.51431,1.97034,5.36232,3.77216,2.94958,6.17341
2023-03-03,5.05712,3.24022,4.66155,4.65881,2.06408,5.62031,3.95554,3.09297,6.17420
2023-03-06,5.06062,3.24246,4.66563,4.66290,2.06642,5.62674,3.96009,3.09653,6.13828
2023-03-07,4.98311,3.19263,4.52202,4.51870,1.97118,5.36459,3.77374,2.95082,5.85215
2023-03-08,4.99124,3.19786,4.53598,4.53271,1.98016,5.38929,3.79130,2.96455,5.87911
2023-03-09,4.89923,3.13870,4.36807,4.36412,1.87044,5.08731,3.57664,2.79670,5.54950
2023-03-10,4.82859,3.09329,4.24146,4.23698,1.78928,4.86393,3.55725,2.78154,5.51975
2023-03-13,4.82172,3.05740,4.22721,4.14265,1.77997,4.70322,3.55864,2.78262,5.52189
2023-03-14,4.90136,3.05778,4.36602,4.14317,1.86723,4.70382,3.55908,2.78297,5.52259
2023-03-15,4.87073,3.08176,4.31076,4.21087,1.83179,4.82077,3.55953,2.85216,5.52329
2023-03-16,4.95611,3.05968,4.46107,4.15533,1.92717,4.72900,3.55997,2.79787,5.52396
2023-03-17,4.89821,3.03213,4.35617,4.08328,1.85931,4.60757,3.46865,2.72605,5.52464
2023-03-20,4.94527,3.06119,4.43774,4.15930,1.91106,4.73518,3.48673,2.80152,5.52658
2023-03-21,5.01015,3.10124,4.55336,4.26704,1.98538,4.91845,3.52705,2.90991,5.52726
2023-03-22,4.92482,3.04856,4.39760,4.12190,1.88373,4.66779,3.34069,2.76167,5.24600
2023-03-23,4.93812,3.05677,4.42061,4.14335,1.89835,4.70386,3.41564,2.78300,5.36033
2023-03-24,4.97050,3.07676,4.47781,4.19665,1.93497,4.79414,3.41606,2.83640,5.36099
2023-03-27,4.97979,3.08250,4.49232,4.21018,1.94402,4.81646,3.36870,2.84960,5.28665
2023-03-28,4.96862,3.07561,4.47142,4.19071,1.93038,4.78285,3.34451,2.82972,5.24868
2023-03-29,5.04078,3.12016,4.60046,4.31096,2.01356,4.98794,3.49201,2.95102,5.48020
2023-03-30,5.07027,3.13836,4.65348,4.36038,2.04815,5.07324,3.55335,3.00146,5.57647
2023-03-31,5.14168,3.18245,4.78367,4.48170,2.13371,5.28422,3.70508,3.12624,5.81463
2023-04-03,5.16126,3.19454,4.81767,4.51339,2.15603,5.33924,3.74462,3.15879,5.87669
2023-04-04,5.13264,3.17687,4.76347,4.46289,2.11962,5.24948,3.68005,3.10570,5.77533
2023-04-05,5.11922,3.16859,4.73776,4.43893,2.10239,5.20699,3.64947,3.08057,5.72734
2023-04-06,5.13917,3.18091,4.77386,4.47258,2.12623,5.26578,3.69174,3.11534,5.79369
2023-04-10,5.14444,3.18417,4.78040,4.47869,2.13009,5.27530,3.69854,3.12097,5.80436
2023-04-11,5.14582,3.18502,4.78213,4.48030,2.13111,5.27783,3.70034,3.12246,5.80719
2023-04-12,5.12487,3.17208,4.74238,4.44326,2.10448,5.21218,3.65311,3.08364,5.73305
2023-04-13,5.19289,3.21407,4.86736,4.55973,2.18730,5.41639,3.79998,3.20441,5.96357
2023-04-14,5.18021,3.20625,4.84276,4.53681,2.17063,5.37530,3.77041,3.18011,5.91716
2023-04-17,5.19879,3.21772,4.87491,4.56678,2.19179,5.42746,3.80789,3.21096,5.97598
2023-04-18,5.20217,3.21981,4.88039,4.57189,2.19534,5.43622,3.81417,3.21614,5.98585
2023-04-19,5.20130,3.21927,4.87788,4.56955,2.19351,5.43172,3.81092,3.21348,5.98074
2023-04-20,5.17294,3.20177,4.82386,4.51921,2.15704,5.34179,3.74622,3.16030,5.87920
2023-04-21,5.17695,3.20425,4.83050,4.52540,2.16135,5.35241,3.75385,3.16658,5.89117
2023-04-24,5.18235,3.20758,4.83801,4.53242,2.16598,5.36384,3.76203,3.17334,5.90401
2023-04-25,5.10015,3.15684,4.68378,4.38870,2.06257,5.10887,3.57862,3.02254,5.61613
2023-04-26,5.07857,3.14351,4.64334,4.35101,2.03581,5.04289,3.53116,2.98352,5.54163
2023-04-27,5.17959,3.20588,4.82713,4.52228,2.15617,5.33968,3.74461,3.15905,5.87667
2023-04-28,5.22376,3.23315,4.90855,4.59816,2.21044,5.47349,3.84084,3.23819,6.02770
2023-05-01,5.21850,3.22991,4.89608,4.58655,2.20163,5.45178,3.82518,3.22535,6.00313
2023-05-02,5.15989,3.19373,4.78530,4.48332,2.12699,5.26773,3.69279,3.11649,5.79532
2023-05-03,5.12450,3.17188,4.71885,4.42140,2.08268,5.15848,3.61420,3.05188,5.67197
2023-05-04,5.08824,3.14949,4.65126,4.35842,2.03794,5.04816,3.53483,2.98664,5.54740
2023-05-05,5.18236,3.20760,4.82238,4.51789,2.14992,5.32429,3.73343,3.14995,5.85912
2023-05-08,5.18374,3.20846,4.82236,4.51788,2.14950,5.32326,3.73265,3.14934,5.85788
2023-05-09,5.16102,3.19443,4.77926,4.47771,2.12063,5.25208,3.68143,3.10724,5.77750
2023-05-10,5.18512,3.20931,4.82299,4.51847,2.14952,5.32331,3.73265,3.14937,5.85789
2023-05-11,5.17608,3.20373,4.80533,4.50202,2.13761,5.29396,3.71152,3.13201,5.82473
2023-05-12,5.16931,3.19955,4.79191,4.48951,2.12855,5.27161,3.69543,3.11879,5.79948
2023-05-15,5.18713,3.21056,4.82236,4.51790,2.14837,5.32051,3.73056,3.14771,5.85462
2023-05-16,5.15249,3.18918,4.75714,4.45713,2.10479,5.21303,3.65325,3.08415,5.73326
2023-05-17,5.21499,3.22776,4.87162,4.56381,2.18040,5.39948,3.78734,3.19442,5.94373
2023-05-18,5.26519,3.25875,4.96447,4.65034,2.24242,5.55241,3.89732,3.28486,6.11635
2023-05-19,5.25753,3.25403,4.94915,4.63606,2.23192,5.52653,3.87869,3.26956,6.08712
2023-05-22,5.25967,3.25535,4.95050,4.63733,2.23241,5.52774,3.87952,3.27027,6.08841
2023-05-23,5.20069,3.21894,4.83863,4.53309,2.15681,5.34133,3.74543,3.16003,5.87795
2023-05-24,5.16304,3.19570,4.76775,4.46704,2.10941,5.22447,3.66136,3.09091,5.74600
2023-05-25,5.20772,3.22328,4.84933,4.54307,2.16326,5.35725,3.75685,3.16944,5.89587
2023-05-26,5.27511,3.26488,4.97387,4.65913,2.24621,5.56179,3.90395,3.29041,6.12676
2023-05-30,5.27712,3.26613,4.97406,4.65932,2.24577,5.56070,3.90311,3.28977,6.12544
2023-05-31,5.24788,3.24808,4.91806,4.60714,2.20780,5.46708,3.83576,3.23440,6.01973
2023-06-01,5.29770,3.27884,5.01048,4.69326,2.26971,5.61974,3.94555,3.32469,6.19205
2023-06-02,5.37425,3.32610,5.15427,4.82727,2.36700,5.85964,4.11808,3.46657,6.46285
2023-06-05,5.36396,3.31975,5.13172,4.80626,2.35105,5.82031,4.08975,3.44331,6.41838
2023-06-06,5.37563,3.32696,5.15311,4.82619,2.36555,5.85608,4.11546,3.46447,6.45874
2023-06-07,5.35706,3.31549,5.11659,4.79216,2.34032,5.79386,4.07070,3.42767,6.38848
2023-06-08,5.38944,3.33548,5.17747,4.84891,2.38183,5.89622,4.14431,3.48821,6.50402
2023-06-09,5.39910,3.34145,5.19510,4.86533,2.39381,5.92577,4.16554,3.50568,6.53734
2023-06-12,5.44805,3.37167,5.28643,4.95046,2.45632,6.07991,4.27637,3.59685,6.71129
2023-06-13,5.48394,3.39383,5.35510,5.01445,2.50390,6.19723,4.36074,3.66623,6.84371
2023-06-14,5.49047,3.39786,5.36687,5.02542,2.51198,6.21716,4.37506,3.67802,6.86619
2023-06-15,5.55848,3.43985,5.49881,5.14838,2.60422,6.44461,4.53864,3.81254,7.12295
2023-06-16,5.53957,3.42817,5.46042,5.11260,2.57685,6.37712,4.49008,3.77263,7.04673
2023-06-20,5.51085,3.41045,5.39993,5.05625,2.53348,6.27020,4.41312,3.70939,6.92593
2023-06-21,5.48263,3.39303,5.34369,5.00384,2.49384,6.17245,4.34280,3.65158,6.81557
2023-06-22,5.50241,3.40524,5.38125,5.03885,2.51991,6.23674,4.38903,3.68961,6.88812
2023-06-23,5.46084,3.37958,5.29903,4.96223,2.46213,6.09428,4.28655,3.60535,6.72727
2023-06-26,5.43855,3.36582,5.25292,4.91927,2.42961,6.01408,4.22882,3.55792,6.63666
2023-06-27,5.49813,3.40260,5.36698,5.02557,2.50838,6.20832,4.36852,3.67280,6.85592
2023-06-28,5.50090,3.40432,5.37141,5.02970,2.51132,6.21557,4.37372,3.67709,6.86408
2023-06-29,5.52257,3.41769,5.41272,5.06820,2.54006,6.28644,4.42467,3.71900,6.94407
2023-06-30,5.58769,3.45790,5.53932,5.18618,2.62879,6.50524,4.58203,3.84840,7.19105
2023-07-03,5.59412,3.46187,5.54904,5.19525,2.63519,6.52102,4.59334,3.85774,7.20880
2023-07-05,5.58580,3.45674,5.53054,5.17801,2.62170,6.48776,4.56939,3.83807,7.17121
2023-07-06,5.54210,3.42976,5.44303,5.09647,2.55945,6.33427,4.45898,3.74729,6.99791
2023-07-07,5.52812,3.42113,5.41458,5.06996,2.53927,6.28452,4.42318,3.71786,6.94171
2023-07-10,5.54210,3.42976,5.43900,5.09272,2.55591,6.32555,4.45265,3.74213,6.98797
2023-07-11,5.57737,3.45154,5.50719,5.15627,2.60369,6.44338,4.53738,3.81182,7.12096
2023-07-12,5.62221,3.47922,5.59469,5.23781,2.66543,6.59560,4.64685,3.90185,7.29279
2023-07-13,5.66680,3.50675,5.68236,5.31952,2.72776,6.74931,4.75739,3.99276,7.46629
2023-07-14,5.66327,3.50457,5.67425,5.31197,2.72176,6.73451,4.74674,3.98400,7.44956
2023-07-17,5.68293,3.51671,5.71049,5.34575,2.74724,6.79735,4.79189,4.02117,7.52043
2023-07-18,5.72512,3.54276,5.79420,5.42376,2.80733,6.94553,4.89846,4.10881,7.68770
2023-07-19,5.73785,3.55062,5.81887,5.44676,2.82505,6.98921,4.92986,4.13464,7.73698
2023-07-20,5.69981,3.52713,5.74069,5.37390,2.76805,6.84867,4.82875,4.05152,7.57829
2023-07-21,5.69981,3.52714,5.73964,5.37293,2.76711,6.84635,4.82707,4.05015,7.57566
2023-07-24,5.72525,3.54285,5.78769,5.41772,2.80124,6.93052,4.88757,4.09993,7.67060
2023-07-25,5.74087,3.55249,5.81819,5.44614,2.82315,6.98454,4.92641,4.13188,7.73157
2023-07-26,5.74175,3.55304,5.81891,5.44681,2.82348,6.98537,4.92699,4.13237,7.73248
2023-07-27,5.70372,3.52956,5.74077,5.37400,2.76655,6.84499,4.82601,4.04935,7.57398
2023-07-28,5.75952,3.56401,5.85198,5.47764,2.84658,7.04234,4.96793,4.16606,7.79675
2023-07-31,5.77048,3.57078,5.87101,5.49539,2.85987,7.07512,4.99147,4.18545,7.83369
2023-08-01,5.75398,3.56059,5.83637,5.46311,2.83443,7.01239,4.94633,4.14835,7.76284
2023-08-02,5.67399,3.51121,5.67312,5.31098,2.71557,6.71932,4.73553,3.97502,7.43197
2023-08-03,5.65774,3.50118,5.63960,5.27975,2.69138,6.65968,4.69261,3.93975,7.36461
2023-08-04,5.63217,3.48540,5.58762,5.23131,2.65408,6.56770,4.62644,3.88535,7.26075
2023-08-07,5.68130,3.51573,5.68195,5.31923,2.72061,6.73176,4.74440,3.98238,7.44590
2023-08-08,5.65661,3.50049,5.63155,5.27226,2.68431,6.64227,4.68002,3.92945,7.34484
2023-08-09,5.61883,3.47716,5.55531,5.20122,2.62975,6.50773,4.58323,3.84988,7.19293
2023-08-10,5.62084,3.47841,5.55827,5.20398,2.63168,6.51248,4.58664,3.85269,7.19827
2023-08-11,5.61757,3.47639,5.55077,5.19700,2.62619,6.49896,4.57690,3.84470,7.18298
2023-08-14,5.64856,3.49552,5.60891,5.25119,2.66684,6.59919,4.64894,3.90398,7.29607
2023-08-15,5.58281,3.45493,5.47737,5.12861,2.57306,6.36797,4.48262,3.76723,7.03501
2023-08-16,5.54187,3.42966,5.39608,5.05286,2.51575,6.22666,4.38096,3.68365,6.87545
2023-08-17,5.49967,3.40361,5.31296,4.97540,2.45760,6.08328,4.27782,3.59885,6.71356
2023-08-18,5.50232,3.40525,5.31709,4.97925,2.46029,6.08993,4.28259,3.60278,6.72105
2023-08-21,5.53809,3.42734,5.38325,5.04092,2.50561,6.20168,4.36293,3.66888,6.84714
2023-08-22,5.52310,3.41809,5.35313,5.01286,2.48447,6.14956,4.32543,3.63805,6.78828
2023-08-23,5.58457,3.45604,5.47123,5.12291,2.56632,6.35138,4.47057,3.75741,7.01609
2023-08-24,5.50723,3.40829,5.31877,4.98084,2.45914,6.08710,4.28047,3.60111,6.71772
2023-08-25,5.54603,3.43224,5.39268,5.04971,2.51010,6.21277,4.37084,3.67544,6.85956
2023-08-28,5.58118,3.45394,5.45798,5.11058,2.55508,6.32369,4.45057,3.74104,6.98471
2023-08-29,5.66179,3.50371,5.61454,5.25649,2.66459,6.59370,4.64477,3.90073,7.28951
2023-08-30,5.68509,3.51810,5.65969,5.29856,2.69648,6.67234,4.70132,3.94724,7.37827
2023-08-31,5.67678,3.51297,5.64210,5.28218,2.68376,6.64098,4.67874,3.92869,7.34284
2023-09-01,5.68736,3.51950,5.66208,5.30079,2.69780,6.67560,4.70364,3.94917,7.38191
2023-09-05,5.66280,3.50435,5.60902,5.25136,2.65925,6.58057,4.63522,3.89297,7.27453
2023-09-06,5.62476,3.48086,5.53267,5.18021,2.60490,6.44656,4.53882,3.81371,7.12321
2023-09-07,5.60751,3.47021,5.49771,5.14765,2.58011,6.38542,4.49483,3.77755,7.05417
2023-09-08,5.61595,3.47542,5.51324,5.16212,2.59084,6.41189,4.51385,3.79320,7.08402
2023-09-11,5.65285,3.49821,5.58261,5.22677,2.63910,6.53091,4.59941,3.86359,7.21832
2023-09-12,5.62187,3.47908,5.52040,5.16881,2.59493,6.42198,4.52105,3.79917,7.09532
2023-09-13,5.62842,3.48313,5.53224,5.17984,2.60308,6.44208,4.53549,3.81106,7.11799
2023-09-14,5.67691,3.51307,5.62649,5.26768,2.66927,6.60530,4.65288,3.90760,7.30223
2023-09-15,5.60857,3.47088,5.49005,5.14053,2.57222,6.36601,4.48075,3.76607,7.03206
2023-09-18,5.61186,3.47291,5.49343,5.14369,2.57409,6.37061,4.48401,3.76879,7.03718
2023-09-19,5.60023,3.46573,5.46966,5.12154,2.55725,6.32910,4.45414,3.74424,6.99030
2023-09-20,5.54878,3.43397,5.36821,5.02701,2.48611,6.15369,4.32796,3.64050,6.79225
2023-09-21,5.45714,3.37740,5.19000,4.86094,2.36245,5.84880,4.10864,3.46018,6.44802
2023-09-22,5.44488,3.36983,5.16573,4.83833,2.34577,5.80766,4.13537,3.43585,6.40156
2023-09-25,5.46776,3.38396,5.20625,4.87609,2.37283,5.87439,4.13714,3.47532,6.47682
2023-09-26,5.38749,3.33441,5.05252,4.73284,2.26786,5.61556,4.13773,3.32223,6.18459
2023-09-27,5.38964,3.33574,5.05561,4.73572,2.26978,5.62031,4.13833,3.32504,6.18993
2023-09-28,5.42087,3.35501,5.11321,4.78940,2.30831,5.71531,4.13892,3.38123,6.29716
2023-09-29,5.40772,3.34690,5.08748,4.76543,2.29078,5.67210,4.13952,3.35567,6.24835
2023-10-02,5.40557,3.34558,5.08061,4.75904,2.28570,5.65958,4.14129,3.34827,6.23415
2023-10-03,5.33327,3.30094,4.94384,4.63159,2.19351,5.43227,4.14189,3.21383,5.97750
2023-10-04,5.37208,3.32490,5.01482,4.69774,2.24047,5.54805,4.14248,3.22165,6.10819
2023-10-05,5.37006,3.32366,5.01012,4.69336,2.23717,5.53993,4.14308,3.22113,6.09900
2023-10-06,5.43376,3.36299,5.12799,4.80320,2.31575,5.73368,4.14367,3.16063,6.31770
2023-10-09,5.46853,3.38445,5.19069,4.86165,2.35764,5.83699,4.14546,3.25967,6.43426
2023-10-10,5.49697,3.40201,5.24368,4.91103,2.39349,5.92539,4.14606,3.30878,6.53404
2023-10-11,5.51947,3.41590,5.28561,4.95011,2.42196,5.99560,4.14666,3.34778,6.61327
2023-10-12,5.48585,3.39515,5.22027,4.88922,2.37701,5.88476,4.14725,3.28621,6.48812
2023-10-13,5.45854,3.37829,5.16737,4.83993,2.34082,5.79551,4.14785,3.23663,6.38734
2023-10-16,5.51593,3.41373,5.27307,4.93844,2.41198,5.97099,4.14964,3.33413,6.58538
2023-10-17,5.51568,3.41357,5.27161,4.93708,2.41082,5.96814,4.15023,3.33254,6.58213
2023-10-18,5.44224,3.36823,5.13033,4.80543,2.31400,5.72941,4.15083,3.19992,6.31260
2023-10-19,5.39446,3.33874,5.03935,4.72065,2.25246,5.57768,4.15143,3.11563,6.14128
2023-10-20,5.32822,3.29785,4.91475,4.60454,2.16901,5.37191,4.15202,3.10298,5.90895
2023-10-23,5.31900,3.29216,4.89502,4.58616,2.15555,5.33874,4.15380,3.10430,5.87144
2023-10-24,5.35907,3.31690,4.96781,4.65400,2.20335,5.45660,4.15439,3.10475,6.00447
2023-10-25,5.28222,3.26945,4.82450,4.52046,2.10814,5.22185,4.15499,3.10519,5.73942
2023-10-26,5.21902,3.25776,4.70824,4.49253,2.03203,5.17604,4.15558,3.10564,5.52754
2023-10-27,5.19538,3.25822,4.66475,4.49317,2.00384,5.17678,4.15617,3.10608,5.58921
2023-10-30,5.25744,3.25962,4.77353,4.49510,2.07330,5.17900,4.15796,3.10741,5.59161
2023-10-31,5.29044,3.26009,4.83252,4.49574,2.11147,5.17974,4.15855,3.10786,5.66661
2023-11-01,5.34681,3.26055,4.93454,4.49639,2.17799,5.18049,4.15915,3.10830,5.84669
2023-11-02,5.44920,3.29011,5.12249,4.58071,2.30191,5.32802,4.15974,3.10875,6.18216
2023-11-03,5.49888,3.32040,5.21488,4.66493,2.36387,5.47595,4.16033,3.13864,6.34988
2023-11-06,5.51152,3.32809,5.23597,4.68412,2.37771,5.50891,4.16210,3.15735,6.38731
2023-11-07,5.52720,3.33764,5.26477,4.71036,2.39711,5.55523,4.16269,3.18363,6.43984
2023-11-08,5.53124,3.34011,5.27150,4.71648,2.40154,5.56578,4.16328,3.18962,6.45183
2023-11-09,5.48814,3.31382,5.18842,4.64072,2.34476,5.43016,4.16387,3.11270,6.29810
2023-11-10,5.57371,3.36599,5.34917,4.78727,2.45328,5.68929,4.16446,3.25968,6.59188
2023-11-13,5.56841,3.36274,5.33604,4.77526,2.44379,5.66655,4.18525,3.24680,6.56617
2023-11-14,5.67636,3.42856,5.54183,4.96287,2.58463,6.00286,4.42515,3.43756,6.94745
2023-11-15,5.68837,3.43588,5.56425,4.98329,2.60011,6.03979,4.45151,3.45851,6.98934
2023-11-16,5.69532,3.44011,5.57682,4.99474,2.60873,6.06036,4.46620,3.47018,7.01267
2023-11-17,5.70240,3.44442,5.58965,5.00643,2.61754,6.08138,4.48122,3.48210,7.03652
2023-11-20,5.74626,3.47116,5.67252,5.08194,2.67510,6.21876,4.57927,3.56004,7.19232
2023-11-21,5.73375,3.46352,5.64679,5.05847,2.65676,6.17494,4.54804,3.53519,7.14267
2023-11-22,5.75587,3.47700,5.68930,5.09721,2.68652,6.24597,4.59872,3.57549,7.22322
2023-11-24,5.75941,3.47915,5.69420,5.10165,2.68963,6.25335,4.60403,3.57968,7.23163
2023-11-27,5.74905,3.47282,5.67058,5.08007,2.67240,6.21212,4.57469,3.55631,7.18496
2023-11-28,5.75474,3.47628,5.68075,5.08933,2.67940,6.22881,4.58661,3.56578,7.20390
2023-11-29,5.75069,3.47381,5.67172,5.08109,2.67285,6.21315,4.57547,3.55690,7.18617
2023-11-30,5.77332,3.48760,5.71529,5.12079,2.70340,6.28608,4.62751,3.59828,7.26887
2023-12-01,5.80745,3.50841,5.78178,5.18140,2.75029,6.39804,4.70738,3.66178,7.39580
2023-12-04,5.77699,3.48982,5.71799,5.12320,2.70434,6.28822,4.62912,3.59951,7.27138
2023-12-05,5.77585,3.48912,5.71469,5.12017,2.70183,6.28219,4.62485,3.59610,7.26457
2023-12-06,5.75259,3.47493,5.66764,5.07727,2.66837,6.20225,4.56785,3.55076,7.17398
2023-12-07,5.79646,3.50167,5.75298,5.15506,2.72832,6.34541,4.66998,3.63196,7.33628
2023-12-08,5.82136,3.51685,5.80134,5.19913,2.76246,6.42691,4.72813,3.67819,7.42869
2023-12-11,5.84399,3.53064,5.84323,5.23728,2.79177,6.49683,4.77807,3.71787,7.50803
2023-12-12,5.87066,3.54689,5.89546,5.28490,2.82894,6.58557,4.84139,3.76820,7.60865
2023-12-13,5.95156,3.59622,6.05678,5.43196,2.94462,6.86178,5.03842,3.92487,7.92179
2023-12-14,5.97064,3.60785,6.09450,5.46634,2.97188,6.92686,5.08485,3.96179,7.99558
2023-12-15,5.96082,3.60186,6.07334,5.44704,2.95624,6.88949,5.05822,3.94060,7.95324
2023-12-18,5.99433,3.62227,6.13826,5.50618,3.00296,7.00097,5.13780,4.00385,8.07969
2023-12-19,6.03076,3.64448,6.21169,5.57312,3.05654,7.12891,5.22908,4.07641,8.22474
2023-12-20,5.94724,3.59355,6.03861,5.41529,2.92884,6.82393,5.01157,3.90344,7.87903
2023-12-21,6.00360,3.62791,6.15188,5.51855,3.01089,7.01983,5.15132,4.01456,8.10114
2023-12-22,6.01565,3.63526,6.17545,5.54003,3.02796,7.06059,5.18041,4.03768,8.14736
2023-12-26,6.04104,3.65072,6.22303,5.58335,3.06209,7.14198,5.23856,4.08387,8.23972
2023-12-27,6.05196,3.65737,6.24436,5.60279,3.07761,7.17902,5.26499,4.10487,8.28172
2023-12-28,6.05424,3.65875,6.24793,5.60603,3.08004,7.18480,5.26914,4.10816,8.28830
2023-12-29,6.03673,3.64807,6.21066,5.57203,3.05233,7.11859,5.22194,4.07062,8.21327
2024-01-02,6.00297,3.62747,6.13671,5.50455,2.99714,6.98668,5.12794,3.99581,8.06382
2024-01-03,5.95398,3.59759,6.03547,5.41224,2.92293,6.80944,5.00155,3.89529,7.86292
2024-01-04,5.93482,3.58590,5.99554,5.37581,2.89379,6.73982,4.95191,3.85581,7.78402
2024-01-05,5.94294,3.59085,6.01084,5.38975,2.90466,6.76575,4.97043,3.87052,7.81344
2024-01-08,6.02772,3.64253,6.17896,5.54299,3.02569,7.05471,5.17659,4.03443,8.14107
2024-01-09,6.01858,3.63695,6.15910,5.52487,3.01094,7.01945,5.15146,4.01444,8.10113
2024-01-10,6.05260,3.65769,6.22756,5.58727,3.06083,7.13858,5.23646,4.08202,8.23620
2024-01-11,6.04993,3.65606,6.22094,5.58122,3.05576,7.12645,5.22783,4.07514,8.22247
2024-01-12,6.05412,3.65861,6.22841,5.58802,3.06106,7.13907,5.23685,4.08230,8.23680
2024-01-16,6.03191,3.64504,6.17819,5.54217,3.02332,7.04883,5.17258,4.03114,8.13459
2024-01-17,5.99841,3.62461,6.10846,5.47858,2.97204,6.92635,5.08524,3.96168,7.99577
2024-01-18,6.05171,3.65711,6.21585,5.57649,3.05006,7.11265,5.21814,4.06735,8.20698
2024-01-19,6.12710,3.70307,6.36951,5.71657,3.16273,7.38170,5.41006,4.21995,8.51201
2024-01-22,6.14005,3.71095,6.39293,5.73788,3.17953,7.42172,5.43868,4.24267,8.55744
2024-01-23,6.15795,3.72186,6.42901,5.77076,3.20619,7.48536,5.48409,4.27877,8.62961
2024-01-24,6.16467,3.72595,6.44188,5.78248,3.21559,7.50778,5.50010,4.29149,8.65505
2024-01-25,6.19818,3.74638,6.51070,5.84521,3.26681,7.63009,5.58736,4.36087,8.79372
2024-01-26,6.19031,3.74158,6.49299,5.82905,3.25329,7.59778,5.56434,4.34255,8.75712
2024-01-29,6.23930,3.77143,6.59217,5.91944,3.32706,7.77387,5.69000,4.44244,8.95680
2024-01-30,6.23448,3.76849,6.58078,5.90904,3.31824,7.75277,5.67497,4.43048,8.93291
2024-01-31,6.13282,3.70650,6.36506,5.71234,3.15516,7.36330,5.39720,4.20958,8.49142
2024-02-01,6.21303,3.75540,6.53032,5.86300,3.27760,7.65566,5.60576,4.37541,8.82287
2024-02-02,6.27840,3.79525,6.66647,5.98712,3.37970,7.89946,5.77966,4.51369,9.09926
2024-02-05,6.25555,3.78131,6.61432,5.93954,3.33945,7.80327,5.71112,4.45915,8.99029
2024-02-06,6.27370,3.79237,6.65148,5.97340,3.36732,7.86981,5.75860,4.49689,9.06574
2024-02-07,6.32599,3.82425,6.76110,6.07333,3.45019,8.06768,5.89976,4.60913,9.29008
2024-02-08,6.32879,3.82595,6.76583,6.07762,3.45358,8.07575,5.90554,4.61371,9.29925
2024-02-09,6.36534,3.84823,6.84271,6.14771,3.51212,8.21553,6.00526,4.69300,9.45772
2024-02-12,6.36255,3.84651,6.83296,6.13877,3.50394,8.19590,5.99132,4.68188,9.43554
2024-02-13,6.27498,3.79311,6.64369,5.96619,3.35838,7.84825,5.74338,4.48471,9.04146
2024-02-14,6.33196,3.82785,6.76309,6.07504,3.44853,8.06352,5.89695,4.60681,9.28552
2024-02-15,6.37562,3.85447,6.85508,6.15890,3.51854,8.23069,6.01620,4.70163,9.47504
2024-02-16,6.34389,3.83512,6.78562,6.09556,3.46493,8.10263,5.92489,4.62900,9.32990
2024-02-20,6.30899,3.81382,6.70603,6.02293,3.40316,7.95501,5.81969,4.54530,9.16265
2024-02-21,6.31471,3.81729,6.71693,6.03286,3.41123,7.97425,5.83343,4.55621,9.18448
2024-02-22,6.44530,3.89692,6.99342,6.28493,3.62125,8.47579,6.19118,4.84069,9.75306
2024-02-23,6.44975,3.89963,7.00178,6.29254,3.62750,8.49067,6.20182,4.84913,9.76995
2024-02-26,6.42614,3.88522,6.94669,6.24227,3.58404,8.38682,6.12781,4.79024,9.65229
2024-02-27,6.43807,3.89249,6.97120,6.26460,3.60274,8.43145,6.15967,4.81556,9.70291
2024-02-28,6.42957,3.88730,6.95151,6.24663,3.58727,8.39448,6.13332,4.79460,9.66102
2024-02-29,6.45267,3.90138,7.00017,6.29098,3.62464,8.48369,6.19697,4.84520,9.76217
2024-03-01,6.51321,3.93829,7.13019,6.40951,3.72522,8.72386,6.36829,4.98143,10.03445
2024-03-04,6.50623,3.93402,7.11100,6.39198,3.70948,8.68619,6.34149,4.96008,9.99182
2024-03-05,6.44125,3.89439,6.96771,6.26132,3.59729,8.41826,6.15041,4.80811,9.68811
2024-03-06,6.47387,3.91427,7.03698,6.32446,3.65061,8.54556,6.24123,4.88032,9.83244
2024-03-07,6.53809,3.95343,7.17525,6.45051,3.75779,8.80149,6.42380,5.02549,10.12260
2024-03-08,6.49887,3.92951,7.08789,6.37085,3.68903,8.63725,6.30668,4.93234,9.93644
2024-03-11,6.49329,3.92609,7.07182,6.35616,3.67579,8.60554,6.28412,4.91437,9.90056
2024-03-12,6.56310,3.96865,7.22252,6.49354,3.79285,8.88507,6.48352,5.07292,10.21746
2024-03-13,6.55281,3.96237,7.19858,6.47169,3.77377,8.83948,6.45103,5.04707,10.16580
2024-03-14,6.53987,3.95448,7.16883,6.44455,3.75016,8.78308,6.41083,5.01509,10.10189
2024-03-15,6.49499,3.92711,7.06916,6.35367,3.67184,8.59601,6.27742,4.90899,9.88984
2024-03-18,6.53357,3.95061,7.14922,6.42662,3.73339,8.74291,6.38226,4.99232,10.05644
2024-03-19,6.56986,3.97273,7.22728,6.49778,3.79420,8.88810,6.48584,5.07468,10.22106
2024-03-20,6.63058,4.00976,7.35952,6.61833,3.89792,9.13577,6.66252,5.21516,10.50184
2024-03-21,6.65248,4.02311,7.40676,6.66139,3.93514,9.22464,6.72593,5.26557,10.60261
2024-03-22,6.63988,4.01542,7.37735,6.63456,3.91148,9.16811,6.68562,5.23351,10.53854
2024-03-25,6.62155,4.00422,7.33258,6.59370,3.87516,9.08129,6.62377,5.18428,10.44019
2024-03-26,6.60933,3.99676,7.30418,6.56779,3.85243,9.02698,6.58505,5.15348,10.37865
2024-03-27,6.66483,4.03061,7.42549,6.67838,3.94800,9.25520,6.74785,5.28293,10.63738
2024-03-28,6.66356,4.02983,7.42130,6.67455,3.94441,9.24659,6.74173,5.27805,10.62765
2024-04-01,6.65198,4.02274,7.39008,6.64602,3.91853,9.18467,6.69766,5.24296,10.55755
2024-04-02,6.60971,3.99696,7.29485,6.55918,3.84264,9.00343,6.56841,5.14016,10.35211
2024-04-03,6.61697,4.00138,7.30953,6.57255,3.85398,9.03046,6.58772,5.15550,10.38278
2024-04-04,6.53625,3.95216,7.12993,6.40880,3.71191,8.69116,6.34573,4.96306,9.99816
2024-04-05,6.60449,3.99377,7.27745,6.54328,3.82668,8.96522,6.54123,5.11851,10.30887
2024-04-08,6.60819,3.99600,7.28160,6.54702,3.82919,8.97115,6.54552,5.12189,10.31565
2024-04-09,6.61583,4.00066,7.29710,6.56113,3.84115,8.99968,6.56589,5.13807,10.34802
2024-04-10,6.54963,3.96028,7.14978,6.42680,3.72476,8.72169,6.36764,4.98041,10.03292
2024-04-11,6.59902,3.99040,7.25627,6.52388,3.80760,8.91950,6.50875,5.09261,10.25718
2024-04-12,6.50800,3.93489,7.05483,6.34021,3.64905,8.54083,6.23868,4.87784,9.82793
2024-04-15,6.42652,3.88519,6.87437,6.17563,3.50855,8.20522,5.99938,4.68750,9.44755
2024-04-16,6.41481,3.87805,6.84806,6.15163,3.48822,8.15664,5.96475,4.65995,9.39249
2024-04-17,6.37687,3.85491,6.76584,6.07665,3.42527,8.00630,5.85754,4.57468,9.22209
2024-04-18,6.36376,3.84691,6.73678,6.05014,3.40303,7.95314,5.81965,4.54454,9.16185
2024-04-19,6.30825,3.81306,6.61808,5.94190,3.31302,7.73817,5.66634,4.42262,8.91818
2024-04-22,6.36630,3.84844,6.73620,6.04955,3.40090,7.94796,5.81604,4.54162,9.15607
2024-04-23,6.44180,3.89447,6.89466,6.19402,3.52047,8.23348,6.01972,4.70357,9.47977
2024-04-24,6.43875,3.89260,6.88686,6.18689,3.51428,8.21866,6.00917,4.69517,9.46299
2024-04-25,6.41430,3.87769,6.83333,6.13807,3.47314,8.12040,5.93910,4.63944,9.35162
2024-04-26,6.47503,3.91472,6.96141,6.25483,3.57039,8.35262,6.10476,4.77116,9.61489
2024-04-29,6.49795,3.92867,7.00684,6.29621,3.60458,8.43418,6.16300,4.81744,9.70742
2024-04-30,6.39508,3.86595,6.78380,6.09284,3.43252,8.02326,5.86993,4.58437,9.24162
2024-05-01,6.37433,3.85329,6.73855,6.05157,3.39802,7.94082,5.81116,4.53762,9.14819
2024-05-02,6.43391,3.88961,6.86323,6.16523,3.49193,8.16508,5.97113,4.66482,9.40243
2024-05-03,6.51361,3.93820,7.03193,6.31903,3.62023,8.47144,6.18967,4.83859,9.74975
2024-05-06,6.58083,3.97918,7.17315,6.44774,3.72839,8.72966,6.37391,4.98506,10.04254
2024-05-07,6.58809,3.98360,7.18765,6.46094,3.73943,8.75600,6.39272,5.00001,10.07243
2024-05-08,6.58873,3.98398,7.18772,6.46099,3.73924,8.75552,6.39240,4.99974,10.07191
2024-05-09,6.62667,4.00711,7.26915,6.53522,3.80244,8.90641,6.50004,5.08533,10.24298
2024-05-10,6.63520,4.01231,7.28652,6.55105,3.81580,8.93829,6.52281,5.10342,10.27915
2024-05-13,6.63609,4.01283,7.28447,6.54913,3.81344,8.93257,6.51879,5.10019,10.27273
2024-05-14,6.66652,4.03138,7.34991,6.60878,3.86449,9.05447,6.60576,5.16934,10.41094
2024-05-15,6.74902,4.08168,7.53041,6.77333,4.00638,9.39328,6.84744,5.36151,10.79504
2024-05-16,6.73514,4.07322,7.49807,6.74384,3.98035,9.33109,6.80311,5.32624,10.72457
2024-05-17,6.74482,4.07911,7.51823,6.76220,3.99612,9.36872,6.82997,5.34759,10.76725
2024-05-20,6.75258,4.08383,7.53141,6.77417,4.00582,9.39181,6.84651,5.36070,10.79350
2024-05-21,6.76913,4.09392,7.56693,6.80655,4.03386,9.45875,6.89427,5.39867,10.86940
2024-05-22,6.74966,4.08204,7.52201,6.76558,3.99773,9.37244,6.83273,5.34972,10.77158
2024-05-23,6.70039,4.05199,7.41086,6.66422,3.90899,9.16048,6.68158,5.22951,10.53132
2024-05-24,6.74469,4.07900,7.50747,6.75229,3.98505,9.34210,6.81114,5.33253,10.73724
2024-05-28,6.74941,4.08185,7.51244,6.75676,3.98796,9.34894,6.81611,5.33643,10.74508
2024-05-29,6.70217,4.05305,7.40595,6.65966,3.90303,9.14609,6.67145,5.22138,10.51515
2024-05-30,6.65774,4.02595,7.30643,6.56891,3.82422,8.95787,6.53722,5.11463,10.30180
2024-05-31,6.71834,4.06289,7.43805,6.68890,3.92714,9.20363,6.71254,5.25403,10.58043
2024-06-03,6.72382,4.06622,7.44608,6.69618,3.93272,9.21687,6.72205,5.26155,10.59550
2024-06-04,6.73133,4.07079,7.46135,6.71008,3.94454,9.24506,6.74218,5.27755,10.62749
2024-06-05,6.81128,4.11954,7.63716,6.87036,4.08349,9.57686,6.97886,5.46575,11.00364
2024-06-06,6.81116,4.11946,7.63548,6.86881,4.08187,9.57297,6.97611,5.46355,10.99926
2024-06-07,6.80288,4.11441,7.61553,6.85061,4.06563,9.53417,6.94845,5.44154,10.95529
2024-06-10,6.82389,4.12720,7.65835,6.88961,4.09907,9.61395,7.00542,5.48681,11.04580
2024-06-11,6.84032,4.13721,7.69380,6.92191,4.12722,9.68115,7.05338,5.52493,11.12200
2024-06-12,6.89646,4.17144,7.81865,7.03573,4.22727,9.92003,7.22378,5.66043,11.39283
2024-06-13,6.91034,4.17990,7.84867,7.06308,4.25130,9.97741,7.26473,5.69298,11.45790
2024-06-14,6.91454,4.18245,7.85677,7.07046,4.25760,9.99242,7.27546,5.70149,11.47493
2024-06-17,6.96954,4.21597,7.97740,7.18039,4.35468,10.22417,7.44082,5.83296,11.73772
2024-06-18,6.98724,4.22676,8.01643,7.21597,4.38631,10.29969,7.49471,5.87580,11.82336
2024-06-20,6.96827,4.21518,7.96999,7.17359,4.34767,10.20735,7.42890,5.82343,11.71873
2024-06-21,6.95893,4.20949,7.94718,7.15278,4.32875,10.16214,7.39667,5.79779,11.66749
2024-06-24,6.93633,4.19569,7.89120,7.10170,4.28223,10.05097,7.31744,5.73475,11.54154
2024-06-25,6.96302,4.21196,7.95048,7.15573,4.33013,10.16534,7.39904,5.79963,11.67121
2024-06-26,6.97171,4.21725,7.96885,7.17247,4.34484,10.20043,7.42410,5.81954,11.71102
2024-06-27,6.98269,4.22394,7.99250,7.19401,4.36387,10.24584,7.45651,5.84530,11.76252
2024-06-28,6.95523,4.20719,7.92819,7.13537,4.31099,10.11954,7.36644,5.77367,11.61936
2024-07-01,6.96954,4.21590,7.95646,7.16110,4.33317,10.17242,7.40423,5.80368,11.67939
2024-07-02,7.01641,4.24448,8.06199,7.25730,4.41898,10.37732,7.55040,5.91990,11.91169
2024-07-03,7.04771,4.26355,8.13240,7.32148,4.47651,10.51468,7.64839,5.99781,12.06742
2024-07-05,7.08832,4.28831,8.22313,7.40418,4.55074,10.69189,7.77484,6.09834,12.26836
2024-07-08,7.09650,4.29328,8.23758,7.41731,4.56183,10.71830,7.79374,6.11333,12.29836
2024-07-09,7.10340,4.29748,8.25208,7.43052,4.57356,10.74629,7.81373,6.12921,12.33012
2024-07-10,7.17364,4.34031,8.41374,7.57789,4.70748,11.06609,8.04185,6.31060,12.69267
2024-07-11,7.11183,4.30261,8.26724,7.44430,4.58438,10.77206,7.83215,6.14384,12.35938
2024-07-12,7.15666,4.32994,8.36993,7.53792,4.66939,10.97505,7.97696,6.25898,12.58951
2024-07-15,7.17633,4.34192,8.41135,7.57564,4.70309,11.05547,8.03438,6.30460,12.68074
2024-07-16,7.21886,4.36785,8.50949,7.66510,4.78500,11.25104,8.17390,6.41554,12.90247
2024-07-17,7.11771,4.30616,8.26953,7.44630,4.58253,10.76750,7.82903,6.14128,12.35434
2024-07-18,7.06304,4.27283,8.14104,7.32914,4.47557,10.51203,7.64684,5.99639,12.06476
2024-07-19,7.01617,4.24424,8.03153,7.22929,4.38509,10.29594,7.49274,5.87383,11.81982
2024-07-22,7.08846,4.28830,8.19260,7.37610,4.51598,10.60842,7.71569,6.05108,12.17413
2024-07-23,7.07735,4.28152,8.16544,7.35132,4.49325,10.55413,7.67698,6.02029,12.11260
2024-07-24,6.91706,4.18378,7.79420,7.01283,4.18694,9.82258,7.15523,5.60538,11.28333
2024-07-25,6.88104,4.16181,7.71164,6.93754,4.12024,9.66327,7.04162,5.51503,11.10276
2024-07-26,6.95806,4.20877,7.88281,7.09359,4.25696,9.98974,7.27450,5.70020,11.47288
2024-07-29,6.96215,4.21125,7.88780,7.09809,4.26017,9.99733,7.27998,5.70452,11.48154
2024-07-30,6.92690,4.18975,7.80652,7.02398,4.19414,9.83963,7.16752,5.61508,11.30279
2024-07-31,7.03942,4.25835,8.05865,7.25384,4.39678,10.32351,7.51268,5.88954,11.85136
2024-08-01,6.93980,4.19760,7.82918,7.04460,4.20894,9.87492,7.19274,5.63510,11.34284
2024-08-02,6.81067,4.11886,7.53652,6.77776,3.97301,9.31146,6.79087,5.31552,10.70412
2024-08-05,6.61245,3.99798,7.09395,6.37421,3.62284,8.47513,6.19442,4.84118,9.75610
2024-08-06,6.67337,4.03512,7.22335,6.49218,3.72157,8.71087,6.25412,4.97490,10.02337
2024-08-07,6.62880,4.00794,7.12560,6.40304,3.64591,8.53017,6.25498,4.87241,9.81855
2024-08-08,6.78194,4.10131,7.45342,6.70192,3.89686,9.12944,6.25583,5.21231,10.49791
2024-08-09,6.81183,4.11953,7.51776,6.76056,3.94699,9.24912,6.36104,5.28020,10.63361
2024-08-12,6.81540,4.12170,7.52162,6.76403,3.94927,9.25450,6.36472,5.28327,10.63977
2024-08-13,6.92742,4.18999,7.76742,6.98813,4.14232,9.71549,6.67507,5.54474,11.16238
2024-08-14,6.94926,4.20330,7.81500,7.03149,4.18006,9.80560,6.73575,5.59586,11.26456
2024-08-15,7.06830,4.27588,8.08125,7.27423,4.39311,10.31435,7.07825,5.88442,11.84131
2024-08-16,7.08413,4.28554,8.11601,7.30591,4.42113,10.38125,7.12331,5.92237,11.91717
2024-08-19,7.15183,4.32680,8.26672,7.44327,4.54328,10.67286,7.31968,6.08778,12.24782
2024-08-20,7.14021,4.31971,8.23839,7.41743,4.51966,10.61645,7.28172,6.05579,12.18389
2024-08-21,7.16473,4.33465,8.29349,7.46766,4.56467,10.72391,7.35408,6.11674,12.30572
2024-08-22,7.10853,4.30038,8.16196,7.34772,4.45594,10.46421,7.17927,5.96945,12.01135
2024-08-23,7.18402,4.34640,8.33380,7.50438,4.59619,10.79912,7.40475,6.15941,12.39104
2024-08-26,7.16690,4.33595,8.28969,7.46411,4.55888,10.70995,7.34478,6.10885,12.29002
2024-08-27,7.17674,4.34195,8.31097,7.48351,4.57614,10.75113,7.37252,6.13222,12.33672
2024-08-28,7.13510,4.31655,8.21310,7.39426,4.49513,10.55764,7.24229,6.02248,12.11740
2024-08-29,7.13574,4.31694,8.21313,7.39427,4.49488,10.55701,7.24189,6.02212,12.11671
2024-08-30,7.20382,4.35844,8.36835,7.53578,4.62185,10.86022,7.44602,6.19410,12.46045
2024-09-03,7.05566,4.26808,8.01835,7.21661,4.33112,10.16581,6.97863,5.80026,11.67335
2024-09-04,7.04123,4.25928,7.98415,7.18541,4.30318,10.09906,6.93372,5.76241,11.59770
2024-09-05,7.02412,4.24884,7.94394,7.14875,4.27046,10.02089,6.88112,5.71808,11.50912
2024-09-06,6.90597,4.17679,7.67542,6.90390,4.05397,9.50387,6.53309,5.42484,10.92303
2024-09-09,6.98325,4.22390,7.84310,7.05675,4.18588,9.81880,6.74515,5.60348,11.28011
2024-09-10,7.01365,4.24243,7.91000,7.11773,4.23910,9.94588,6.83072,5.67556,11.42419
2024-09-11,7.08555,4.28627,8.07078,7.26430,4.36791,10.25347,7.03780,5.85002,11.77290
2024-09-12,7.14520,4.32263,8.20522,7.38686,4.47663,10.51308,7.21259,5.99728,12.06723
2024-09-13,7.18250,4.34537,8.28943,7.46363,4.54519,10.67678,7.32281,6.09013,12.25282
2024-09-16,7.19310,4.35182,8.30965,7.48203,4.56100,10.71446,7.34823,6.11152,12.29559
2024-09-17,7.19604,4.35361,8.31503,7.48692,4.56515,10.72435,7.35490,6.11713,12.30683
2024-09-18,7.17471,4.34060,8.26434,7.44069,4.52319,10.62413,7.28745,6.06029,12.19323
2024-09-19,7.29707,4.41520,8.54476,7.69634,4.75285,11.17253,7.65665,6.37135,12.81494
2024-09-20,7.28446,4.40751,8.51383,7.66813,4.72680,11.11031,7.61478,6.33606,12.74442
2024-09-23,7.30265,4.41859,8.55214,7.70302,4.75787,11.18444,7.66474,6.37812,12.82852
2024-09-24,7.32354,4.43132,8.59964,7.74631,4.79720,11.27833,7.72796,6.43137,12.93497
2024-09-25,7.30739,4.42147,8.56034,7.71047,4.76409,11.19923,7.67473,6.38652,12.84533
2024-09-26,7.33635,4.43912,8.62676,7.77102,4.81920,11.33083,7.76334,6.46116,12.99454
2024-09-27,7.32572,4.43263,8.60035,7.74693,4.79684,11.27740,7.72739,6.43086,12.93398
2024-09-30,7.35506,4.45051,8.66502,7.80585,4.85008,11.40447,7.81299,6.50295,13.07810
2024-10-01,7.28921,4.41035,8.50849,7.66312,4.71855,11.09033,7.60153,6.32478,12.72200
2024-10-02,7.29228,4.41222,8.51428,7.66839,4.72310,11.10118,7.60885,6.33093,12.73432
2024-10-03,7.27896,4.40410,8.48180,7.63876,4.69584,11.03606,7.56503,6.29401,12.66052
2024-10-04,7.34506,4.44440,8.63444,7.77791,4.82218,11.33776,7.76815,6.46513,13.00255
2024-10-07,7.27870,4.40392,8.47422,7.63180,4.68732,11.01562,7.55135,6.28243,12.63743
2024-10-08,7.34750,4.44587,8.63298,7.77653,4.81861,11.32914,7.76242,6.46026,12.99286
2024-10-09,7.39836,4.47688,8.75105,7.88417,4.91708,11.56427,7.92072,6.59363,13.25943
2024-10-10,7.38542,4.46898,8.71901,7.85495,4.88984,11.49918,7.87692,6.55671,13.18567
2024-10-11,7.42962,4.49593,8.82192,7.94876,4.97603,11.70499,8.01549,6.67345,13.41899
2024-10-14,7.49035,4.53294,8.96176,8.07622,5.09337,11.98516,8.20415,6.83237,13.73666
2024-10-15,7.43219,4.49747,8.82115,7.94801,4.97336,11.69852,8.01120,6.66980,13.41174
2024-10-16,7.46447,4.51715,8.89633,8.01653,5.03658,11.84948,8.11285,6.75543,13.58289
2024-10-17,7.46511,4.51754,8.89640,8.01659,5.03637,11.84894,8.11250,6.75513,13.58230
2024-10-18,7.49381,4.53504,8.96333,8.07760,5.09285,11.98380,8.20331,6.83162,13.73521
2024-10-21,7.48152,4.52752,8.92952,8.04673,5.06321,11.91296,8.15567,6.79145,13.65496
2024-10-22,7.47754,4.52510,8.91858,8.03675,5.05364,11.89008,8.14029,6.77848,13.62904
2024-10-23,7.40926,4.48345,8.75428,7.88693,4.91387,11.55627,7.91559,6.58916,13.25065
2024-10-24,7.42527,4.49322,8.79068,7.92011,4.94422,11.62870,7.96437,6.63025,13.33279
2024-10-25,7.42271,4.49165,8.78319,7.91326,4.93762,11.61294,7.95378,6.62131,13.31494
2024-10-28,7.44565,4.50562,8.83314,7.95877,4.97888,11.71138,8.02010,6.67716,13.42659
2024-10-29,7.45769,4.51296,8.86027,7.98349,5.00151,11.76542,8.05650,6.70781,13.48787
2024-10-30,7.43514,4.49920,8.80527,7.93333,4.95472,11.65364,7.98127,6.64442,13.36118
2024-10-31,7.28948,4.41038,8.45892,7.61754,4.66246,10.95566,7.51142,6.24854,12.56996
2024-11-01,7.32023,4.42912,8.52889,7.68132,4.71998,11.09302,7.60391,6.32645,12.72569
2024-11-04,7.30447,4.41950,8.48808,7.64408,4.68538,11.01032,7.54829,6.27956,12.63200
2024-11-05,7.39274,4.47332,8.69181,7.82981,4.85359,11.41200,7.81871,6.50739,13.08738
2024-11-06,7.57646,4.58534,9.12228,8.22228,5.21347,12.27140,8.39726,6.99483,14.06162
2024-11-07,7.63500,4.62104,9.26176,8.34943,5.33262,12.55593,8.58882,7.15622,14.38419
2024-11-08,7.66806,4.64119,9.34045,8.42116,5.40021,12.71732,8.69748,7.24777,14.56717
2024-11-11,7.67536,4.64563,9.35373,8.43323,5.41084,12.74262,8.71456,7.26213,14.59591
2024-11-12,7.65153,4.63109,9.29416,8.37890,5.35891,12.61859,8.63108,7.19178,14.45532
2024-11-13,7.65525,4.63335,9.30168,8.38575,5.36512,12.63340,8.64107,7.20019,14.47213
2024-11-14,7.60605,4.60335,9.18067,8.27541,5.26025,12.38292,8.47247,7.05812,14.18821
2024-11-15,7.50869,4.54398,8.94421,8.05981,5.05696,11.89742,8.14566,6.78276,13.63786
2024-11-18,7.53944,4.56271,9.01314,8.12262,5.11453,12.03484,8.23822,6.86072,13.79370
2024-11-19,7.56698,4.57950,9.07753,8.18131,5.16900,12.16489,8.32579,6.93449,13.94115
2024-11-20,7.56955,4.58106,9.08222,8.18558,5.17272,12.17376,8.33178,6.93952,13.95122
2024-11-21,7.61016,4.60582,9.17820,8.27306,5.25434,12.36865,8.46299,7.05006,14.17217
2024-11-22,7.63373,4.62019,9.23357,8.32354,5.30155,12.48137,8.53889,7.11400,14.29997
2024-11-25,7.65961,4.63596,9.29170,8.37650,5.35070,12.59867,8.61791,7.18055,14.43301
2024-11-26,7.69958,4.66033,9.38716,8.46352,5.43278,12.79466,8.74986,7.29171,14.65521
2024-11-27,7.67627,4.64610,9.32882,8.41032,5.38189,12.67311,8.66806,7.22278,14.51744
2024-11-29,7.72393,4.67516,9.44164,8.51316,5.47884,12.90458,8.82391,7.35407,14.77988
2024-12-02,7.73776,4.68358,9.47093,8.53983,5.50342,12.96323,8.86345,7.38735,14.84642
2024-12-03,7.74135,4.68576,9.47820,8.54644,5.50945,12.97761,8.87315,7.39551,14.86275
2024-12-04,7.78940,4.71505,9.59431,8.65229,5.61029,13.21840,9.03526,7.53209,15.13573
2024-12-05,7.77658,4.70724,9.56124,8.62212,5.58101,13.14845,8.98819,7.49242,15.05645
2024-12-06,7.79132,4.71622,9.59594,8.65375,5.61107,13.22021,9.03652,7.53313,15.13783
2024-12-09,7.75122,4.69175,9.49265,8.55954,5.51968,13.00189,8.88960,7.40931,14.89039
2024-12-10,7.72714,4.67706,9.43218,8.50439,5.46670,12.87535,8.80443,7.33754,14.74696
2024-12-11,7.78684,4.71346,9.57641,8.63588,5.59168,13.17378,9.00534,7.50681,15.08528
2024-12-12,7.74674,4.68901,9.47631,8.54460,5.50380,12.96389,8.86407,7.38777,14.84737
2024-12-13,7.74520,4.68806,9.47108,8.53982,5.49896,12.95232,8.85630,7.38121,14.83427
2024-12-16,7.77826,4.70821,9.54748,8.60944,5.56458,13.10895,8.96179,7.47007,15.01189
2024-12-17,7.74623,4.68867,9.46738,8.53640,5.49434,12.94118,8.84887,7.37492,14.82173
2024-12-18,7.51550,4.54798,8.90203,8.02094,5.00242,11.76642,8.05805,6.70861,13.49001
2024-12-19,7.51319,4.54657,8.89518,8.01468,4.99640,11.75200,8.04837,6.70044,13.47368
2024-12-20,7.60338,4.60155,9.10730,8.20806,5.17464,12.17765,8.33492,6.94186,13.95623
2024-12-23,7.64888,4.62929,9.21204,8.30352,5.26301,12.38860,8.47699,7.06153,14.19543
2024-12-24,7.73385,4.68110,9.41522,8.48875,5.43666,12.80329,8.75616,7.29674,14.66555
2024-12-26,7.73437,4.68140,9.41352,8.48718,5.43462,12.79837,8.75289,7.29396,14.66001
2024-12-27,7.65300,4.63178,9.21403,8.30529,5.26177,12.38557,8.47501,7.05982,14.19207
2024-12-30,7.56572,4.57855,8.99964,8.10979,5.07753,11.94551,8.17882,6.81024,13.69326
2024-12-31,7.53821,4.56177,8.93282,8.04885,5.02078,11.80996,8.08759,6.73337,13.53963
2025-01-02,7.51970,4.55047,8.88618,8.00630,4.98099,11.71489,8.02363,6.67945,13.43190
2025-01-03,7.61367,4.60777,9.10683,8.20746,5.16604,12.15677,8.32111,6.93009,13.93284
2025-01-06,7.65750,4.63448,9.20744,8.29916,5.25075,12.35902,8.45731,7.04481,14.16217
2025-01-07,7.57099,4.58173,8.99803,8.10821,5.07155,11.93103,8.16922,6.80207,13.67702
2025-01-08,7.58205,4.58846,9.02290,8.13088,5.09230,11.98056,8.20257,6.83016,13.73318
2025-01-10,7.46636,4.51791,8.74483,7.87733,4.85664,11.41774,7.82373,6.51095,13.09519
2025-01-13,7.47793,4.52495,8.76785,7.89828,4.87505,11.46163,7.85332,6.53585,13.14500
2025-01-14,7.48821,4.53122,8.79060,7.91901,4.89374,11.50625,7.88338,6.56117,13.19561
2025-01-15,7.62434,4.61422,9.10876,8.20907,5.15885,12.13933,8.30957,6.92025,13.91330
2025-01-16,7.60969,4.60528,9.07234,8.17586,5.12768,12.06488,8.25947,6.87802,13.82892
2025-01-17,7.68605,4.65184,9.25295,8.34052,5.28036,12.42948,8.50493,7.08482,14.24226
2025-01-21,7.75636,4.69470,9.41649,8.48957,5.41911,12.76073,8.72800,7.27273,14.61785
2025-01-22,7.79994,4.72126,9.52081,8.58467,5.50879,12.97487,8.87217,7.39419,14.86063
2025-01-23,7.84249,4.74720,9.62318,8.67799,5.59726,13.18613,9.01440,7.51401,15.10013
2025-01-24,7.81961,4.73325,9.56554,8.62543,5.54674,13.06546,8.93318,7.44558,14.96335
2025-01-27,7.70906,4.66583,9.29070,8.37481,5.30708,12.49305,8.54790,7.12092,14.31452
2025-01-28,7.77526,4.70619,9.44879,8.51894,5.44211,12.81551,8.76499,7.30382,14.68008
2025-01-29,7.74043,4.68494,9.36268,8.44042,5.36752,12.63735,8.64508,7.20278,14.47814
2025-01-30,7.78195,4.71026,9.46165,8.53064,5.45226,12.83970,8.78131,7.31756,14.70755
2025-01-31,7.74056,4.68501,9.35957,8.43755,5.36384,12.62851,8.63916,7.19777,14.46816
2025-02-03,7.68850,4.65326,9.22936,8.31880,5.25121,12.35946,8.45809,7.04519,14.16322
2025-02-04,7.74004,4.68468,9.35165,8.43028,5.35519,12.60776,8.62526,7.18602,14.44471
2025-02-05,7.77141,4.70380,9.42597,8.49803,5.41868,12.75937,8.72734,7.27202,14.61660
2025-02-06,7.79840,4.72026,9.48998,8.55638,5.47354,12.89034,8.81552,7.34631,14.76509
2025-02-07,7.72706,4.67675,9.31491,8.39675,5.32196,12.52833,8.57184,7.14099,14.35473
2025-02-10,7.77951,4.70872,9.43698,8.50801,5.42563,12.77583,8.73851,7.28138,14.63536
2025-02-11,7.78542,4.71232,9.44985,8.51973,5.43644,12.80163,8.75589,7.29602,14.66463
2025-02-12,7.76036,4.69703,9.38755,8.46292,5.38245,12.67268,8.66910,7.22288,14.51847
2025-02-13,7.84224,4.74696,9.58415,8.64215,5.55107,13.07534,8.94018,7.45127,14.97495
2025-02-14,7.84186,4.74672,9.58172,8.63992,5.54868,13.06960,8.93634,7.44802,14.96847
2025-02-18,7.86487,4.76073,9.63199,8.68571,5.59116,13.17095,9.00463,7.50552,15.08344
2025-02-19,7.88338,4.77202,9.67582,8.72566,5.62899,13.26129,9.06546,7.55677,15.18586
2025-02-20,7.85060,4.75203,9.59387,8.65093,5.55727,13.08998,8.95016,7.45960,14.99168
2025-02-21,7.71640,4.67019,9.26446,8.35058,5.27106,12.40647,8.49005,7.07193,14.21686
2025-02-24,7.68131,4.64878,9.17591,8.26981,5.19477,12.22419,8.36739,6.96856,14.01029
2025-02-25,7.64313,4.62550,9.08331,8.18537,5.11595,12.03594,8.24069,6.86179,13.79691
2025-02-26,7.64699,4.62784,9.09107,8.19243,5.12224,12.05094,8.25080,6.87030,13.81393
2025-02-27,7.52500,4.55345,8.79969,7.92676,4.87600,11.46287,7.85494,6.53676,13.14730
2025-02-28,7.64236,4.62501,9.07274,8.17569,5.10242,12.00356,7.86789,6.84344,13.76025
2025-03-03,7.50855,4.54341,8.75089,7.88222,4.83045,11.35399,7.36372,6.47503,13.02396
2025-03-04,7.41972,4.48924,8.54255,7.69225,4.65791,10.94194,7.20147,6.24132,12.55686
2025-03-05,7.49942,4.53783,8.72469,7.85831,4.80645,11.29664,7.20228,6.22972,12.95898
2025-03-06,7.36638,4.45670,8.41387,7.57490,4.54968,10.68341,7.20309,6.13422,12.26383
2025-03-07,7.40764,4.48186,8.50680,7.65962,4.62472,10.86260,7.20390,6.07277,12.46698
2025-03-10,7.21046,4.36161,8.05010,7.24319,4.25207,9.97261,7.20633,6.07482,11.45813
2025-03-11,7.15055,4.34816,7.91515,7.20532,4.14509,9.89897,7.20713,6.07550,11.16849
2025-03-12,7.18848,4.34864,7.99785,7.20612,4.20974,9.90009,7.20794,6.07618,11.53495
2025-03-13,7.09271,4.34913,7.78358,7.20694,4.04061,9.90120,7.20875,6.07687,11.08448
2025-03-14,7.23912,4.34962,8.10361,7.20775,4.28922,9.90231,7.20956,6.07755,11.35594
2025-03-17,7.29491,4.35109,8.22472,7.21017,4.38457,9.90565,7.21199,6.07960,11.60300
2025-03-18,7.21612,4.35158,8.04582,7.21098,4.24149,9.90676,7.21280,6.08028,11.22365
2025-03-19,7.29466,4.35207,8.21966,7.21179,4.37854,9.90788,7.21361,6.08096,11.58701
2025-03-20,7.27358,4.35255,8.17090,7.21260,4.33940,9.90899,7.21442,6.08165,11.48325
2025-03-21,7.27598,4.35304,8.17502,7.21341,4.34246,9.91010,7.21523,6.08233,11.49136
2025-03-24,7.40620,4.35451,8.46377,7.21584,4.57154,9.91343,7.21766,6.08437,12.09871
2025-03-25,7.42399,4.35206,8.50312,7.21267,4.60314,9.91054,7.21847,6.08505,12.18250
2025-03-26,7.33542,4.30001,8.29896,7.03853,4.43735,9.55024,7.21928,6.08574,11.74293
2025-03-27,7.31595,4.28520,8.25364,6.99671,4.40083,9.46951,7.22009,6.08642,11.64608
2025-03-28,7.16871,4.28568,7.92025,6.99749,4.13433,9.47057,7.22090,6.08710,10.93950
2025-03-31,7.21680,4.28713,8.02281,6.99985,4.21387,9.47376,7.22333,6.08915,10.58519
2025-04-01,7.23717,4.28761,8.06684,7.00064,4.24830,9.47483,7.22414,6.08984,10.77309
2025-04-02,7.28294,4.28809,8.16760,7.00143,4.32756,9.47589,7.22496,6.09052,10.97253
2025-04-03,6.92426,4.28858,7.36208,7.00221,3.68806,9.47696,7.22577,6.09121,9.36347
2025-04-04,6.51915,4.28906,6.49985,7.00300,3.04110,9.47803,7.22658,6.09189,8.68127
2025-04-07,6.50755,4.29049,6.47373,7.00534,3.02235,9.48120,7.22900,6.09393,8.68417
2025-04-08,6.40570,4.29097,6.27018,7.00612,2.87997,9.48225,7.22980,6.09461,8.68514
2025-04-09,7.07795,4.29145,7.58457,7.00691,3.78326,9.48332,7.23061,6.09529,8.68612
2025-04-10,6.76800,4.29194,6.91938,7.00770,3.28621,9.48439,7.23144,6.09599,8.68710
2025-04-11,6.88868,4.29242,7.16495,7.00849,3.46063,9.48546,7.23225,6.09667,8.68808
2025-04-14,6.95546,4.29388,7.30048,7.01087,3.55810,9.48868,7.23471,6.09874,8.69103
2025-04-15,6.93600,4.29436,7.25850,7.01167,3.52728,9.48975,7.23552,6.09943,8.69201
2025-04-16,6.78192,4.29485,6.93503,7.01246,3.29175,9.49082,7.23634,6.10012,8.69299
2025-04-17,6.79159,4.29533,6.95372,7.01325,3.30487,9.49189,7.23715,6.10081,8.69397
2025-04-21,6.63004,4.29728,6.61874,7.01642,3.06586,9.49619,7.24043,6.10357,8.69791
2025-04-22,6.80243,4.29776,6.96172,7.01721,3.30348,9.49726,7.24125,6.10426,8.69889
2025-04-23,6.90776,4.29825,7.17615,7.01800,3.45563,9.49833,7.24206,6.10495,8.69987
2025-04-24,7.05307,4.29873,7.47681,7.01880,3.67221,9.49941,7.24288,6.10563,8.70085
2025-04-25,7.10400,4.29922,7.58359,7.01959,3.75055,9.50047,7.24370,6.10632,8.70183
2025-04-28,7.10671,4.30067,7.58584,7.02196,3.75164,9.50368,7.24614,6.10839,8.70477
2025-04-29,7.15145,4.30115,7.68015,7.02275,3.82129,9.50475,7.24696,6.10907,8.70575
2025-04-30,7.15428,4.30163,7.68505,7.02354,3.82474,9.50582,7.24777,6.10976,8.70673
2025-05-01,7.20495,4.30212,7.79268,7.02432,3.90476,9.50689,7.24859,6.11044,8.70771
2025-05-02,7.31184,4.30260,8.02259,7.02511,4.07709,9.50796,7.24940,6.11113,8.70868
2025-05-05,7.26994,4.30406,7.92694,7.02749,4.00366,9.51117,7.25186,6.11320,8.73941
2025-05-06,7.20921,4.30454,7.79333,7.02829,3.90239,9.51225,7.25267,6.11389,8.52273
2025-05-07,7.23951,4.30503,7.85761,7.02908,3.95038,9.51332,7.25349,6.11458,8.57508
2025-05-08,7.28992,4.30552,7.96578,7.02987,4.03162,9.51440,7.25431,6.11527,8.57605
2025-05-09,7.28064,4.30600,7.94426,7.03067,4.01511,9.51547,7.25513,6.11596,8.46900
2025-05-12,7.52110,4.30746,8.46513,7.03305,4.40873,9.51869,7.25759,6.11803,9.30781
2025-05-13,7.57074,4.32918,8.57550,7.10878,4.49460,9.67592,7.37737,6.21907,9.49079
2025-05-14,7.58041,4.33472,8.59605,7.12586,4.51050,9.71031,7.40357,6.24118,9.52467
2025-05-15,7.61741,4.35590,8.67860,7.19446,4.57514,9.85014,7.51010,6.33104,9.66242
2025-05-16,7.66564,4.38351,8.78708,7.28463,4.66057,10.03494,7.65089,6.44981,9.84446
2025-05-19,7.67402,4.38831,8.80218,7.29717,4.67184,10.05930,7.66945,6.46546,9.86845
2025-05-20,7.64823,4.37354,8.74166,7.24686,4.62348,9.95468,7.58975,6.39823,9.76538
2025-05-21,7.51943,4.29980,8.44595,7.00108,4.38896,9.44734,7.20324,6.07218,9.26557
2025-05-22,7.52240,4.30150,8.45130,7.00552,4.39289,9.45585,7.20972,6.07764,9.27395
2025-05-23,7.47108,4.27212,8.33471,6.90862,4.30189,9.25899,7.05975,5.95113,9.08002
2025-05-27,7.62632,4.36099,8.67577,7.19208,4.56466,9.82740,7.49279,6.31643,9.63995
2025-05-28,7.58222,4.33575,8.57412,7.10760,4.48432,9.65359,7.36037,6.20473,9.46872
2025-05-29,7.61214,4.35287,8.64042,7.16269,4.53602,9.76543,7.44558,6.27661,9.57890
2025-05-30,7.60363,4.34800,8.61976,7.14552,4.51954,9.72978,7.41841,6.25369,9.54376
2025-06-02,7.64643,4.37251,8.71275,7.22280,4.59187,9.88623,7.53761,6.35424,9.69787
2025-06-03,7.69001,4.39746,8.81067,7.30419,4.66894,10.05294,7.66462,6.46138,9.86210
2025-06-04,7.68795,4.39627,8.80457,7.29912,4.66386,10.04194,7.65624,6.45431,9.85126
2025-06-05,7.65082,4.37501,8.71817,7.22731,4.59506,9.89311,7.54285,6.35866,9.70463
2025-06-06,7.72934,4.41997,8.89571,7.37486,4.73499,10.19580,7.77345,6.55319,10.00282
2025-06-09,7.73630,4.42395,8.90757,7.38471,4.74371,10.21464,7.78781,6.56530,10.02137
2025-06-10,7.78014,4.44905,9.00710,7.46743,4.82286,10.38587,7.91826,6.67534,10.19005
2025-06-11,7.75796,4.43635,8.95436,7.42359,4.78031,10.29381,7.84812,6.61618,10.09935
2025-06-12,7.78878,4.45399,9.02407,7.48153,4.83581,10.41387,7.93960,6.69334,10.21762
2025-06-13,7.70175,4.40417,8.82105,7.31279,4.67258,10.06076,7.67058,6.46640,9.86975
2025-06-16,7.77498,4.44609,8.98462,7.44874,4.80164,10.33993,7.88327,6.64582,10.14476
2025-06-17,7.70859,4.40808,8.82981,7.32006,4.67745,10.07127,7.67859,6.47316,9.88008
2025-06-18,7.70743,4.40741,8.82578,7.31671,4.67401,10.06382,7.67292,6.46837,9.87274
2025-06-20,7.68934,4.39706,8.78162,7.28000,4.63850,9.98698,7.61438,6.41899,9.79703
2025-06-23,7.76524,4.44051,8.95087,7.42066,4.77170,10.27511,7.83389,6.60416,10.08086
2025-06-24,7.85098,4.48960,9.14708,7.58374,4.92815,10.61354,8.09172,6.82166,10.41426
2025-06-25,7.85538,4.49211,9.15591,7.59108,4.93502,10.62841,8.10305,6.83122,10.42890
2025-06-26,7.91680,4.52728,9.29764,7.70888,5.04922,10.87544,8.29124,6.98997,10.67225
2025-06-27,7.95611,4.54979,9.38851,7.78440,5.12289,11.03480,8.41266,7.09239,10.82924
2025-06-30,7.99413,4.57155,9.47386,7.85533,5.19188,11.18402,8.52634,7.18829,10.97622
2025-07-01,7.99155,4.57007,9.46626,7.84901,5.18537,11.16993,8.51560,7.17923,10.96234
2025-07-02,8.02775,4.59080,9.55054,7.91906,5.25427,11.31897,8.62915,7.27502,11.10916
2025-07-03,8.09099,4.62700,9.69947,8.04284,5.37676,11.58394,8.83102,7.44530,11.37019
2025-07-07,8.03073,4.59250,9.54897,7.91774,5.25063,11.31109,8.62315,7.26995,11.10137
2025-07-08,8.02633,4.58998,9.53702,7.90781,5.24052,11.28920,8.60648,7.25589,11.07980
2025-07-09,8.07444,4.61752,9.64982,8.00156,5.33311,11.48949,8.75907,7.38461,11.27711
2025-07-10,8.09720,4.63055,9.70270,8.04551,5.37662,11.58361,8.83077,7.44509,11.36982
2025-07-11,8.06875,4.61426,9.63302,7.98759,5.31849,11.45785,8.73497,7.36427,11.24593
2025-07-14,8.08414,4.62307,9.66525,8.01437,5.34432,11.51372,8.77753,7.40017,11.30095
2025-07-15,8.04961,4.60331,9.58120,7.94451,5.27442,11.36248,8.66231,7.30298,11.15196
2025-07-16,8.07651,4.61870,9.64372,7.99647,5.32571,11.47343,8.74683,7.37428,11.26125
2025-07-17,8.12591,4.64698,9.76016,8.09324,5.42177,11.68124,8.90515,7.50783,11.46596
2025-07-18,8.11996,4.64358,9.74435,8.08011,5.40834,11.65217,8.88301,7.48915,11.43732
2025-07-21,8.13535,4.65239,9.77673,8.10701,5.43442,11.70857,8.92598,7.52540,11.49287
2025-07-22,8.13652,4.65305,9.77800,8.10806,5.43520,11.71025,8.92726,7.52648,11.49452
2025-07-23,8.20570,4.69266,9.94272,8.24496,5.57210,12.00640,9.15288,7.71681,11.78626
2025-07-24,8.20841,4.69422,9.94774,8.24914,5.57603,12.01491,9.15936,7.72227,11.79463
2025-07-25,8.24307,4.71406,10.03017,8.31765,5.64498,12.16403,9.27297,7.81811,11.94154
2025-07-28,8.24100,4.71287,10.02045,8.30956,5.63589,12.14437,9.25800,7.80548,11.92215
2025-07-29,8.21928,4.70043,9.96607,8.26436,5.58978,12.04460,9.18199,7.74136,11.82386
2025-07-30,8.20894,4.69451,9.93943,8.24222,5.56710,11.99555,9.14462,7.70983,11.77553
2025-07-31,8.17816,4.67689,9.86337,8.17900,5.50298,11.85683,9.03894,7.62068,11.63887
2025-08-01,8.04419,4.60019,9.53876,7.90920,5.23134,11.26920,8.59126,7.24303,11.05997
2025-08-04,8.16639,4.67015,9.82409,8.14634,5.46498,11.77460,8.97629,7.56784,11.55784
2025-08-05,8.12501,4.64646,9.72304,8.06235,5.38048,11.59181,8.83704,7.45036,11.37776
2025-08-06,8.18721,4.68207,9.87038,8.18481,5.50237,11.85548,9.03791,7.61981,11.63750
2025-08-07,8.18036,4.67815,9.85235,8.16982,5.48703,11.82229,9.01263,7.59849,11.60481
2025-08-08,8.24411,4.71464,10.00437,8.29617,5.61361,12.09610,9.22123,7.77446,11.87454
2025-08-11,8.22782,4.70531,9.96024,8.25949,5.57566,12.01399,9.15868,7.72169,11.79364
2025-08-12,8.31537,4.75543,10.17062,8.43434,5.75184,12.39511,9.44903,7.96662,12.16908
2025-08-13,8.34382,4.77172,10.23864,8.49087,5.80919,12.51917,9.54354,8.04635,12.29129
2025-08-14,8.34459,4.77217,10.23899,8.49116,5.80920,12.51917,9.54355,8.04635,12.29129
2025-08-15,8.32507,4.76099,10.18952,8.45004,5.76685,12.42756,9.47375,7.98747,12.20104
2025-08-18,8.32326,4.75995,10.18043,8.44248,5.75828,12.40899,9.45961,7.97554,12.18273
2025-08-19,8.27813,4.73411,10.06850,8.34945,5.66312,12.20314,9.30278,7.84325,11.97993
2025-08-20,8.25614,4.72152,10.01350,8.30373,5.61648,12.10225,9.22592,7.77841,11.88053
2025-08-21,8.22304,4.70257,9.93169,8.23574,5.54745,11.95290,9.11215,7.68243,11.73340
2025-08-22,8.34925,4.77483,10.23497,8.48780,5.80099,12.50136,9.52998,8.03491,12.27371
2025-08-25,8.31253,4.75380,10.14029,8.40910,5.71971,12.32552,9.39602,7.92190,12.10046
2025-08-26,8.34731,4.77372,10.22360,8.47834,5.78983,12.47722,9.51159,8.01939,12.24989
2025-08-27,8.36632,4.78460,10.26860,8.51574,5.82773,12.55920,9.57405,8.07207,12.33065
2025-08-28,8.39594,4.80155,10.33972,8.57485,5.88793,12.68940,9.67324,8.15575,12.45892
2025-08-29,8.34589,4.77290,10.21492,8.47112,5.78115,12.45840,9.49726,8.00730,12.23135
2025-09-02,8.28408,4.73751,10.05750,8.34027,5.64651,12.16713,9.27536,7.82011,11.94438
2025-09-03,8.32895,4.76320,10.16492,8.42955,5.73659,12.36200,9.42382,7.94534,12.13635
2025-09-04,8.39853,4.80303,10.33316,8.56938,5.87859,12.66916,9.65783,8.14275,12.43894
2025-09-05,8.37421,4.78911,10.27181,8.51839,5.82600,12.55540,9.57116,8.06963,12.32686
2025-09-08,8.39478,4.80088,10.31771,8.55653,5.86418,12.63798,9.63408,8.12271,12.40820
2025-09-09,8.41417,4.81199,10.36386,8.59488,5.90320,12.72239,9.69838,8.17695,12.49135
2025-09-10,8.43849,4.82590,10.42220,8.64337,5.95272,12.82949,9.77998,8.24579,12.59686
2025-09-11,8.50857,4.86603,10.59376,8.78596,6.09926,13.14650,10.02149,8.44951,12.90915
2025-09-12,8.50573,4.86440,10.58511,8.77877,6.09151,13.12973,10.00871,8.43873,12.89262
2025-09-15,8.55099,4.89031,10.69305,8.86848,6.18373,13.32919,10.16067,8.56693,13.08911
2025-09-16,8.53922,4.88357,10.66206,8.84272,6.15658,13.27045,10.11593,8.52918,13.03124
2025-09-17,8.52862,4.87750,10.63402,8.81941,6.13203,13.21734,10.07547,8.49504,12.97891
2025-09-18,8.56845,4.90031,10.73177,8.90066,6.21621,13.39944,10.21420,8.61207,13.15830
2025-09-19,8.61087,4.92459,10.83643,8.98764,6.30676,13.59533,10.36343,8.73796,13.35126
2025-09-22,8.65158,4.94790,10.93415,9.06885,6.39110,13.77774,10.50240,8.85519,13.53095
2025-09-23,8.60451,4.92095,10.81360,8.96865,6.28521,13.54867,10.32789,8.70798,13.30528
2025-09-24,8.57715,4.90528,10.74327,8.91020,6.22366,13.41552,10.22645,8.62240,13.17410
2025-09-25,8.53760,4.88264,10.64265,8.82657,6.13601,13.22592,10.08201,8.50056,12.98732
2025-09-26,8.58649,4.91063,10.76295,8.92655,6.23966,13.45013,10.25282,8.64465,13.20819
2025-09-29,8.61061,4.92444,10.81870,8.97288,6.28722,13.55300,10.33119,8.71076,13.30952
2025-09-30,8.64303,4.94300,10.89858,9.03927,6.35649,13.70284,10.44535,8.80706,13.45713
2025-10-01,8.67246,4.95985,10.97121,9.09964,6.41968,13.83954,10.54949,8.89491,13.59179
2025-10-02,8.68245,4.96556,10.99488,9.11930,6.44014,13.88378,10.58319,8.92334,13.63536
2025-10-03,8.68232,4.96549,10.99295,9.11770,6.43815,13.87947,10.57991,8.92057,13.63112
2025-10-06,8.71344,4.98331,11.06694,9.17919,6.50219,14.01798,10.68544,9.00959,13.76755
2025-10-07,8.68116,4.96482,10.98333,9.10970,6.42827,13.85807,10.56361,8.90682,13.61001
2025-10-08,8.73289,4.99444,11.11264,9.21716,6.54138,14.10275,10.75002,9.06407,13.85105
2025-10-09,8.70761,4.97996,11.04668,9.16234,6.48289,13.97623,10.65363,8.98275,13.72640
2025-10-10,8.47239,4.84530,10.44837,8.66505,5.95637,12.83724,9.78590,8.25077,12.60434
2025-10-13,8.60232,4.91968,10.76421,8.92756,6.22535,13.41908,10.22918,8.62470,13.17752
2025-10-14,8.59181,4.91367,10.73637,8.90441,6.20093,13.36625,10.18893,8.59074,13.12546
2025-10-15,8.62994,4.93549,10.83007,8.98229,6.28174,13.54106,10.32210,8.70309,13.29767
2025-10-16,8.57120,4.90186,10.68109,8.85847,6.15195,13.26029,10.10820,8.52265,13.02107
2025-10-17,8.61983,4.92970,10.80070,8.95788,6.25491,13.48300,10.27787,8.66578,13.24047
2025-10-20,8.70943,4.98100,11.02051,9.14057,6.44480,13.89377,10.59082,8.92976,13.64512
2025-10-21,8.70930,4.98093,11.01860,9.13898,6.44283,13.88949,10.58756,8.92702,13.64090
2025-10-22,8.66405,4.95502,10.90253,9.04250,6.34082,13.66883,10.41945,8.78520,13.42351
2025-10-23,8.71540,4.98441,11.03017,9.14859,6.45178,13.90885,10.60231,8.93946,13.65996
2025-10-24,8.78659,5.02517,11.20875,9.29701,6.60802,14.24683,10.85980,9.15667,13.99291
2025-10-27,8.89019,5.08449,11.46823,9.51267,6.83638,14.74082,11.23614,9.47414,14.47954
2025-10-28,8.91380,5.09800,11.52749,9.56192,6.88901,14.85466,11.32287,9.54730,14.59169
2025-10-29,8.91807,5.10045,11.53692,9.56976,6.89715,14.87227,11.33628,9.55861,14.60903
2025-10-30,8.82004,5.04432,11.28167,9.35761,6.66815,14.37686,10.95886,9.24023,14.12098
2025-10-31,8.84896,5.06088,11.35403,9.41774,6.73193,14.51485,11.06399,9.32891,14.25691
2025-11-03,8.86556,5.07038,11.39179,9.44912,6.76458,14.58545,11.11778,9.37429,14.32645
2025-11-04,8.76053,5.01025,11.12026,9.22344,6.52263,14.06205,10.71903,9.03791,13.81082
2025-11-05,8.79087,5.02762,11.19568,9.28613,6.58863,14.20482,10.82780,9.12967,13.95146
2025-11-06,8.69660,4.97365,10.95400,9.08525,6.37517,13.74306,10.47601,8.83291,13.49656
2025-11-07,8.70516,4.97854,10.97399,9.10186,6.39232,13.78014,10.50426,8.85674,13.53309
2025-11-10,8.84093,5.05627,11.31152,9.38240,6.68609,14.41563,10.98840,9.26515,14.15912
2025-11-11,8.86116,5.06785,11.36166,9.42406,6.73020,14.51103,11.06109,9.32646,14.25310
2025-11-12,8.86608,5.07067,11.37266,9.43321,6.73966,14.53150,11.07668,9.33961,14.27325
2025-11-13,8.71904,4.98649,10.99386,9.11836,6.40292,13.80303,10.52171,8.87145,13.55561
2025-11-14,8.71761,4.98567,10.98868,9.11406,6.39811,13.79262,10.51378,8.86476,13.54535
2025-11-17,8.63644,4.93920,10.77934,8.94006,6.21457,13.39557,10.21129,8.60959,13.15418
2025-11-18,8.56395,4.89770,10.59689,8.78841,6.05665,13.05396,9.95103,8.39005,12.81764
2025-11-19,8.59702,4.91663,10.67718,8.85515,6.12515,13.20212,10.06391,8.48527,12.96360
2025-11-20,8.46605,4.84165,10.35041,8.58355,5.84395,12.59383,9.60049,8.09434,12.36434
2025-11-21,8.55034,4.88990,10.55497,8.75357,6.01676,12.96764,9.88528,8.33457,12.73259
2025-11-24,8.67612,4.96191,10.86094,9.00787,6.27730,13.53124,10.31465,8.69678,13.28780
2025-11-25,8.75768,5.00861,11.06356,9.17627,6.45251,13.91026,10.60341,8.94037,13.66118
2025-11-26,8.81811,5.04320,11.21463,9.30183,6.58426,14.19527,10.82053,9.12353,13.94195
2025-11-28,8.86622,5.07074,11.33378,9.40086,6.68850,14.42075,10.99232,9.26844,14.16407
2025-12-01,8.82576,5.04758,11.22554,9.31089,6.59188,14.21171,10.83306,9.13410,13.95812
2025-12-02,8.84210,5.05693,11.26551,9.34411,6.62676,14.28716,10.89055,9.18259,14.03245
2025-12-03,8.87271,5.07445,11.34190,9.40759,6.69380,14.43219,11.00104,9.27579,14.17531
2025-12-04,8.87919,5.07816,11.35689,9.42005,6.70677,14.46024,11.02241,9.29382,14.20294
2025-12-05,8.89605,5.08782,11.39843,9.45457,6.74324,14.53912,11.08251,9.34452,14.28065
2025-12-08,8.86934,5.07252,11.32524,9.39374,6.67748,14.39685,10.97412,9.25308,14.14048
2025-12-09,8.86169,5.06814,11.30413,9.37619,6.65853,14.35586,10.94289,9.22674,14.10009
2025-12-10,8.92043,5.10177,11.45239,9.49941,6.78912,14.63835,11.15810,9.40829,14.37838
2025-12-11,8.94118,5.11365,11.50407,9.54237,6.83474,14.73704,11.23329,9.47171,14.47560
2025-12-12,8.84509,5.05864,11.25527,9.33558,6.61292,14.25718,10.86771,9.16332,14.00286
2025-12-15,8.83173,5.05099,11.21668,9.30349,6.57810,14.18184,10.81032,9.11490,13.92863
2025-12-16,8.80762,5.03718,11.15389,9.25130,6.52264,14.06185,10.71890,9.03779,13.81042
2025-12-17,8.71075,4.98173,10.90707,9.04616,6.30605,13.59332,10.36196,8.73668,13.34885
2025-12-18,8.77650,5.01936,11.07018,9.18173,6.44711,13.89845,10.59443,8.93278,13.64944
2025-12-19,8.85600,5.06488,11.26920,9.34713,6.62053,14.27360,10.88023,9.17387,14.01901
2025-12-22,8.91114,5.09645,11.40489,9.45991,6.73916,14.53022,11.07574,9.33880,14.27180
2025-12-23,8.95185,5.11975,11.50751,9.54520,6.82975,14.72618,11.22502,9.46473,14.46484
2025-12-24,8.98332,5.13777,11.58683,9.61113,6.90002,14.87818,11.34082,9.56242,14.61458
2025-12-26,8.98242,5.13725,11.58128,9.60651,6.89447,14.86617,11.33168,9.55470,14.60274
2025-12-29,8.95042,5.11893,11.49403,9.53398,6.81575,14.69585,11.20193,9.44524,14.43494
2025-12-30,8.93950,5.11268,11.46440,9.50935,6.78912,14.63826,11.15805,9.40823,14.37819
2025-12-31,8.87330,5.07478,11.29307,9.36695,6.63678,14.30869,10.90697,9.19643,14.05352
2026-01-02,8.88956,5.08409,11.33134,9.39876,6.66992,14.38037,10.96158,9.24249,14.12413
2026-01-05,8.94874,5.11796,11.47753,9.52025,6.79804,14.65750,11.17271,9.42060,14.39712
2026-01-06,9.00193,5.14842,11.61239,9.63234,6.91746,14.91583,11.36952,9.58662,14.65161
2026-01-07,8.97293,5.13181,11.53599,9.56884,6.84896,14.76766,11.25663,9.49139,14.50563
2026-01-08,8.97202,5.13129,11.53208,9.56559,6.84520,14.75951,11.25043,9.48615,14.49760
2026-01-09,9.03132,5.16524,11.68294,9.69097,6.97911,15.04919,11.47112,9.67232,14.78298
2026-01-12,9.04550,5.17336,11.71484,9.71748,7.00680,15.10907,11.51674,9.71080,14.84194
2026-01-13,9.02742,5.16301,11.66642,9.67724,6.96309,15.01452,11.44471,9.65004,14.74880
2026-01-14,8.98307,5.13762,11.55021,9.58065,6.85884,14.78900,11.27290,9.50511,14.52663
2026-01-15,9.00752,5.15161,11.61149,9.63157,6.91309,14.90634,11.36229,9.58051,14.64221
2026-01-16,8.99998,5.14730,11.59045,9.61408,6.89402,14.86508,11.33086,9.55400,14.60157
2026-01-20,8.81687,5.04246,11.11252,9.21685,6.46680,13.94088,10.62677,8.96005,13.69108
2026-01-21,8.91857,5.10068,11.36730,9.42861,6.68871,14.42094,10.99250,9.26856,14.16400
2026-01-22,8.96513,5.12734,11.48440,9.52593,6.79169,14.64368,11.16220,9.41172,14.38343
2026-01-23,8.96838,5.12920,11.49114,9.53153,6.79737,14.65597,11.17156,9.41961,14.39553
2026-01-26,9.01390,5.15526,11.60301,9.62450,6.89567,14.86861,11.33356,9.55627,14.60499
2026-01-27,9.04980,5.17581,11.69380,9.69996,6.97625,15.04290,11.46634,9.66828,14.77669
2026-01-28,9.04889,5.17529,11.68984,9.69667,6.97240,15.03459,11.46001,9.66294,14.76850
2026-01-29,9.03094,5.16501,11.64187,9.65679,6.92922,14.94116,11.38883,9.60290,14.67646
2026-01-30,9.00402,5.14960,11.57086,9.59778,6.86558,14.80350,11.28396,9.51443,14.54084
2026-02-02,9.04876,5.17521,11.68105,9.68935,6.96269,15.01355,11.44398,9.64942,14.74774
2026-02-03,8.97229,5.13143,11.48204,9.52394,6.78460,14.62830,11.15048,9.40183,14.36821
2026-02-04,8.92885,5.10656,11.36929,9.43023,6.68447,14.41168,10.98545,9.26261,14.15481
2026-02-05,8.81739,5.04275,11.08393,9.19305,6.43274,13.86713,10.57060,8.91265,13.61835
2026-02-06,8.98647,5.13955,11.50738,9.54500,6.80076,14.66323,11.17710,9.42428,14.40261
2026-02-09,9.02977,5.16434,11.61351,9.63320,6.89387,14.86465,11.33055,9.55372,14.60102
2026-02-10,9.00598,5.15071,11.55069,9.58099,6.83769,14.74311,11.23796,9.47562,14.48129
2026-02-11,9.00390,5.14952,11.54376,9.57523,6.83125,14.72917,11.22733,9.46665,14.46755
2026-02-12,8.86487,5.06993,11.18573,9.27765,6.51343,14.04163,10.70354,9.02480,13.79023
2026-02-13,8.87111,5.07350,11.19993,9.28945,6.52554,14.06783,10.72350,9.04164,13.81603
2026-02-17,8.88542,5.08169,11.22986,9.31432,6.55054,14.12190,10.76470,9.07639,13.86928
2026-02-18,8.93016,5.10730,11.34137,9.40699,6.64774,14.33215,10.92488,9.21151,14.07640
2026-02-19,8.90662,5.09383,11.28002,9.35600,6.59356,14.21495,10.83559,9.13618,13.96093
2026-02-20,8.97100,5.13068,11.44149,9.49021,6.73472,14.52032,11.06823,9.33243,14.26176
2026-02-23,8.87944,5.07826,11.20324,9.29218,6.52369,14.06378,10.72042,9.03903,13.81199
2026-02-24,8.94395,5.11519,11.36444,9.42616,6.66408,14.36746,10.95178,9.23420,14.11116
2026-02-25,9.01938,5.15838,11.55453,9.58415,6.83084,14.72821,11.22661,9.46604,14.46653
2026-02-26,8.96931,5.12971,11.42466,9.47621,6.71548,14.47866,11.03650,9.30566,14.22069
2026-02-27,8.92626,5.10507,11.31344,9.38376,6.61721,14.26608,10.87455,9.16904,14.01126
2026-03-02,8.93133,5.10797,11.32161,9.39055,6.62353,14.27972,10.88494,9.17781,14.02469
2026-03-03,8.85265,5.06292,11.12060,9.22348,6.44700,13.89785,10.59402,8.93240,13.64849
2026-03-04,8.91508,5.09866,11.27587,9.35253,6.58162,14.18906,10.64461,9.11955,13.93537
2026-03-05,8.86540,5.07022,11.14866,9.24680,6.47007,13.94773,10.59714,8.96445,13.69762
2026-03-06,8.74926,5.00373,10.85508,9.00279,6.21446,13.39479,10.18351,8.60910,13.15289
2026-03-09,8.82586,5.04758,11.04064,9.15701,6.37285,13.73742,9.90588,8.82929,13.49041
2026-03-10,8.81169,5.03947,11.00365,9.12626,6.34058,13.66760,9.90683,8.78442,13.42163
2026-03-11,8.80063,5.03314,10.97453,9.10206,6.31516,13.61260,9.90778,8.74908,13.36745
2026-03-12,8.66707,4.95667,10.63996,8.82398,6.02638,12.98790,9.90873,8.34760,12.75202
2026-03-13,8.61804,4.92860,10.51813,8.72272,5.92272,12.76365,9.90969,8.46039,12.53110
2026-03-16,8.70570,4.97878,10.72768,8.89688,6.09877,13.14446,9.91255,8.46283,12.90624
2026-03-17,8.72858,4.99188,10.78259,8.94252,6.14528,13.24509,9.91350,8.46364,13.00536
2026-03-18,8.60685,4.92219,10.48041,8.69136,5.88694,12.68623,9.91445,8.46446,12.45481
2026-03-19,8.58566,4.91005,10.42734,8.64725,5.84202,12.58905,9.91541,8.46528,12.35906
2026-03-20,8.46264,4.83963,10.12715,8.39775,5.58976,12.04335,9.91636,8.46609,11.82147
2026-03-23,8.55145,4.90585,10.33543,8.63584,5.76128,12.56161,9.91924,8.46855,12.18697
2026-03-24,8.52276,4.90632,10.26466,8.63667,5.70192,12.56283,9.92020,8.46937,12.06045
2026-03-25,8.57023,4.90680,10.37755,8.63751,5.79564,12.56404,9.92116,8.47019,12.26015
2026-03-26,8.41726,4.90727,10.00573,8.63834,5.48424,12.56526,9.92212,8.47101,11.59654
2026-03-27,8.27381,4.90774,9.66338,8.63918,5.20286,12.56647,9.92308,8.47182,10.99688
2026-03-30,8.24617,4.90916,9.59480,8.64168,5.14686,12.57011,9.92595,8.47428,11.30110
2026-03-31,8.48573,4.90964,10.15080,8.64251,5.59346,12.57132,9.92691,8.47509,11.30219
2026-04-01,8.54963,4.91011,10.30224,8.64334,5.71825,12.57253,9.92786,8.47591,11.35932
2026-04-02,8.55732,4.91058,10.31935,8.64417,5.73223,12.57374,9.92882,8.47672,11.38758
2026-04-06,8.59775,4.91247,10.41112,8.64750,5.80762,12.57858,9.93264,8.47998,11.53995
2026-04-07,8.60154,4.91295,10.41882,8.64834,5.81381,12.57980,9.93360,8.48081,11.55244
2026-04-08,8.82049,4.91342,10.94769,8.64917,6.25576,12.58101,9.93456,8.48162,12.44618
2026-04-09,8.87135,4.94608,11.07240,8.77012,6.36227,12.85015,9.93551,8.66309,12.66157
2026-04-10,8.86549,4.94281,11.05623,8.75736,6.34807,12.82155,9.84301,8.64381,12.63282
2026-04-13,8.95208,4.99107,11.26758,8.92416,6.52910,13.18616,10.12593,8.88964,12.99886
2026-04-14,9.06110,5.05184,11.54041,9.13948,6.76574,13.66274,10.49578,9.21097,13.47739
2026-04-15,9.13257,5.09167,11.72081,9.28185,6.92395,13.98138,10.74305,9.42581,13.79733
2026-04-16,9.15500,5.10417,11.77675,9.32599,6.97318,14.08052,10.81998,9.49266,13.89685
2026-04-17,9.26559,5.16580,12.05958,9.54920,7.22386,14.58540,11.21179,9.83307,14.40380
2026-04-20,9.24707,5.15548,12.00637,9.50722,7.17516,14.48732,11.13564,9.76694,14.30523
2026-04-21,9.18656,5.12176,11.84760,9.38192,7.03264,14.20029,10.91288,9.57341,14.01699
2026-04-22,9.27954,5.17358,12.08575,9.56987,7.24420,14.62639,11.24354,9.86070,14.44482
2026-04-23,9.24355,5.15352,11.99034,9.49458,7.15818,14.45314,11.10908,9.74389,14.27083
2026-04-24,9.31514,5.19343,12.17440,9.63983,7.32255,14.78418,11.36598,9.96710,14.60322
2026-04-27,9.33119,5.20237,12.21127,9.66894,7.35485,14.84924,11.41643,10.01096,14.66846
2026-04-28,9.28580,5.17707,12.09082,9.57389,7.24580,14.62962,11.24598,9.86288,14.44791
2026-04-29,9.28437,5.17627,12.08541,9.56962,7.24063,14.61922,11.23790,9.85587,14.43744
2026-04-30,9.37670,5.22773,12.32407,9.75797,7.45462,15.05020,11.57236,10.14645,14.87018
2026-05-01,9.40265,5.24220,12.39058,9.81046,7.51460,15.17099,11.66609,10.22790,14.99145
2026-05-04,9.36823,5.22301,12.29473,9.73483,7.42650,14.99358,11.52837,10.10828,14.81322
2026-05-05,9.44334,5.26488,12.49016,9.88906,7.60311,15.34927,11.80440,10.34810,15.17036
2026-05-06,9.57453,5.33800,12.83542,10.16153,7.91780,15.98304,12.29624,10.77541,15.80673
2026-05-07,9.54519,5.32164,12.75498,10.09805,7.84308,15.83256,12.17945,10.67396,15.65561
2026-05-08,9.62396,5.36554,12.96370,10.26276,8.03511,16.21930,12.47957,10.93471,16.04392
2026-05-11,9.64587,5.37775,13.01734,10.30510,8.08390,16.31759,12.55581,11.00098,16.14254
2026-05-12,9.63126,5.36961,12.97612,10.27258,8.04518,16.23962,12.49529,10.94841,16.06421
2026-05-13,9.68512,5.39963,13.11943,10.38568,8.17802,16.50715,12.70290,11.12879,16.33283
2026-05-14,9.76154,5.44223,13.32462,10.54761,8.36939,16.89257,13.00200,11.38866,16.71982
2026-05-15,9.64418,5.37681,13.00240,10.29333,8.06565,16.28085,12.52725,10.97621,16.10554
2026-05-18,9.63740,5.37303,12.97873,10.27466,8.04260,16.23443,12.49120,10.94491,16.05885
2026-05-19,9.57324,5.33727,12.80414,10.13688,7.88009,15.90715,12.23719,10.72424,15.73018
2026-05-20,9.67130,5.39193,13.06467,10.34249,8.12008,16.39049,12.61228,11.05013,16.21550
2026-05-21,9.69047,5.40262,13.11466,10.38194,8.16631,16.48359,12.68453,11.11290,16.30896
2026-05-22,9.72856,5.42384,13.21591,10.46185,8.26046,16.67321,12.83168,11.24076,16.49935
2026-05-26,9.79311,5.45982,13.38398,10.59449,8.41651,16.98751,13.07554,11.45267,16.81484
2026-05-27,9.79141,5.45888,13.37750,10.58938,8.41004,16.97447,13.06542,11.44388,16.80172
2026-05-28,9.84540,5.48897,13.52316,10.70433,8.54694,17.25020,13.27939,11.62979,17.07857
2026-05-29,9.86992,5.50263,13.58863,10.75601,8.60860,17.37439,13.37576,11.71352,17.20324
2026-06-01,9.89679,5.51760,13.65696,10.80994,8.67238,17.50285,13.47541,11.80013,17.33215
2026-06-02,9.91022,5.52509,13.69213,10.83770,8.70548,17.56951,13.52714,11.84508,17.39907
2026-06-03,9.84071,5.48635,13.49818,10.68464,8.52025,17.19647,13.23762,11.59356,17.02445
2026-06-04,9.87788,5.50707,13.59825,10.76362,8.61457,17.38643,13.38503,11.72163,17.21517
2026-06-05,9.62306,5.36505,12.89486,10.20852,7.94622,16.04040,12.34041,10.81408,15.86353
2026-06-08,9.64484,5.37718,12.94783,10.25034,7.99412,16.13687,12.41525,10.87913,15.96033
2026-06-09,9.61654,5.36141,12.87006,10.18897,7.92180,15.99121,12.30219,10.78092,15.81404
2026-06-10,9.46501,5.27696,12.46271,9.86750,7.54563,15.23363,11.71425,10.27013,15.05329
2026-06-11,9.62580,5.36657,12.88436,10.20025,7.92793,16.00358,12.31177,10.78926,15.82641
2026-06-12,9.67784,5.39558,13.02184,10.30876,8.05439,16.25826,12.50941,10.96098,16.08212
2026-06-15,9.84841,5.49065,13.47538,10.66668,8.47383,17.10301,13.16495,11.53054,16.93029
2026-06-16,9.78973,5.45794,13.31293,10.53849,8.32033,16.79387,12.92503,11.32211,16.61984
2026-06-17,9.66754,5.38984,12.97878,10.27479,8.00692,16.16269,12.43517,10.89653,15.98601
2026-06-18,9.76800,5.44583,13.24667,10.48620,8.25429,16.66089,12.82180,11.23244,16.48625
2026-06-22,9.73728,5.42871,13.15592,10.41460,8.16808,16.48727,12.68701,11.11538,16.31180
2026-06-23,9.59594,5.34993,12.77220,10.11178,7.81061,15.76734,12.12829,10.62997,15.58886
2026-06-24,9.59150,5.34746,12.75857,10.10103,7.79777,15.74147,12.10821,10.61254,15.56287
2026-06-25,9.60536,5.35518,12.79363,10.12870,7.82954,15.80548,12.15786,10.65569,15.62711
2026-06-26,9.53593,5.31649,12.60692,9.98136,7.65793,15.45985,11.88962,10.42265,15.28002
2026-06-29,9.69296,5.40401,13.01675,10.30479,8.03005,16.20930,12.47121,10.92796,16.03250
2026-06-30,9.76840,5.44605,13.21749,10.46321,8.21531,16.58242,12.76076,11.17953,16.40713
2026-07-01,9.75519,5.43869,13.17988,10.43354,8.17990,16.51111,12.70541,11.13145,16.33550
2026-07-02,9.74238,5.43155,13.14340,10.40475,8.14560,16.44203,12.65179,11.08488,16.26611
2026-07-06,9.82737,5.47892,13.36530,10.57988,8.35029,16.85429,12.97168,11.36284,16.67997
2026-07-07,9.78069,5.45291,13.23645,10.47820,8.22925,16.61053,12.78249,11.19848,16.43517
2026-07-08,9.75049,5.43607,13.15284,10.41222,8.15096,16.45286,12.66012,11.09218,16.27682
2026-07-09,9.83299,5.48205,13.37352,10.58638,8.35559,16.86498,12.97994,11.37005,16.69062
2026-07-10,9.87535,5.50566,13.48686,10.67582,8.46136,17.07800,13.14525,11.51368,16.90450
2026-07-13,9.79978,5.46355,13.27475,10.50844,8.26076,16.67400,12.83169,11.24128,16.49874
2026-07-14,9.83456,5.48293,13.36707,10.58130,8.34650,16.84668,12.96568,11.35771,16.67211
2026-07-15,9.87352,5.50465,13.47108,10.66339,8.44348,17.04200,13.11725,11.48940,16.86821
2026-07-16,9.82005,5.47484,13.32328,10.54675,8.30424,16.76158,12.89962,11.30033,16.58660
2026-07-17,9.72291,5.42070,13.05784,10.33728,8.05587,16.26138,12.51141,10.96307,16.08430
2026-07-20,9.70722,5.41196,13.01017,10.29967,8.01072,16.17045,12.44081,10.90176,15.99291
2026-07-21,9.78815,5.45707,13.22523,10.46939,8.20884,16.56947,12.75047,11.17080,16.39356
2026-07-22,9.77678,5.45073,13.19262,10.44366,8.17813,16.50762,12.70246,11.12910,16.33143
2026-07-23,9.65610,5.38347,12.86510,10.18520,7.87344,15.89398,12.22622,10.71536,15.71521
2026-07-24,9.66590,5.38893,12.88938,10.20436,7.89534,15.93810,12.26044,10.74510,15.75949
2026-07-27,9.66800,5.39010,12.88939,10.20438,7.89427,15.93594,12.25874,10.74365,15.75724
2026-07-28,9.69114,5.40300,12.94923,10.25160,7.94883,16.04584,12.34401,10.81775,15.86757
2026-07-29,9.54209,5.31993,12.54912,9.93585,7.58033,15.30369,11.76805,10.31736,15.12232
2026-07-30,9.70199,5.40905,12.96787,10.26632,7.95912,16.06657,12.36008,10.83172,15.88833
2026-07-31,9.77181,5.44796,13.15266,10.41215,8.12877,16.40824,12.62522,11.06209,16.23139
2026-08-03,9.91093,5.52550,13.52154,10.70327,8.46942,17.09431,13.15762,11.52467,16.92022
2026-08-04,10.08953,5.62504,14.00688,11.08629,8.92473,18.01130,13.86926,12.14294,17.84098
2026-08-05,10.06939,5.61381,13.94900,11.04061,8.86903,17.89914,13.78220,12.06732,17.72832
2026-08-06,10.05331,5.60485,13.90246,11.00389,8.82428,17.80902,13.71225,12.00656,17.63780
2026-08-07,10.11476,5.63910,14.07043,11.13645,8.98370,18.13008,13.96140,12.22303,17.96017
2026-08-10,10.11176,5.63743,14.05609,11.12514,8.96877,18.10003,13.93804,12.20277,17.92991
2026-08-11,10.07946,5.61943,13.96432,11.05272,8.88059,17.92244,13.80021,12.08303,17.75156
2026-08-12,10.10470,5.63349,14.03225,11.10633,8.94495,18.05205,13.90079,12.17042,17.88168
2026-08-13,10.17517,5.67277,14.22597,11.25921,9.12966,18.42407,14.18948,12.42125,18.25521
2026-08-14,10.15503,5.66155,14.16766,11.21320,9.07316,18.31028,14.10117,12.34453,18.14093
2026-08-17,10.10705,5.63481,14.02778,11.10283,8.93766,18.03740,13.88936,12.16054,17.86684
2026-08-18,10.03880,5.59677,13.83637,10.95177,8.75445,17.66841,13.60299,11.91175,17.49629
2026-08-19,10.05985,5.60850,13.89244,10.99602,8.80723,17.77472,13.68548,11.98343,17.60301
2026-08-20,9.97539,5.56143,13.65722,10.81040,8.58331,17.32375,13.33548,11.67937,17.15014
2026-08-21,10.01618,5.58416,13.76698,10.89702,8.68633,17.53123,13.49649,11.81926,17.35845
2026-08-24,9.98677,5.56777,13.68027,10.82861,8.60316,17.36374,13.36647,11.70633,17.19019
2026-08-25,10.01867,5.58555,13.76573,10.89605,8.68333,17.52521,13.49177,11.81520,17.35230
2026-08-26,10.02089,5.58679,13.76989,10.89934,8.68688,17.53236,13.49731,11.82002,17.35946
2026-08-27,10.08653,5.62337,13.94831,11.04014,8.85521,17.87139,13.76040,12.04861,17.69986
2026-08-28,10.06365,5.61062,13.88307,10.98866,8.79274,17.74557,13.66275,11.96377,17.57349
2026-08-31,10.03358,5.59386,13.79420,10.91853,8.70717,17.57325,13.52898,11.84759,17.40038
2026-09-01,9.96468,5.55546,13.60279,10.76748,8.52567,17.20771,13.24528,11.60112,17.03329
2026-09-02,10.00887,5.58009,13.72148,10.86115,8.63679,17.43151,13.41895,11.75202,17.25799
2026-09-03,10.11360,5.63846,14.00663,11.08619,8.90544,17.97257,13.83884,12.11683,17.80127
2026-09-04,10.07464,5.61674,13.89673,10.99946,8.80029,17.76081,13.67449,11.97405,17.58860
2026-09-08,10.01933,5.58592,13.73623,10.87281,8.64634,17.45076,13.43383,11.76500,17.27716
2026-09-09,9.97279,5.55998,13.60665,10.77055,8.52367,17.20372,13.24210,11.59844,17.02907
2026-09-10,9.91304,5.52668,13.44166,10.64036,8.36836,16.89093,12.99933,11.38754,16.71495
2026-09-11,9.99750,5.57375,13.66873,10.81956,8.57987,17.31691,13.32991,11.67475,17.14267
2026-09-14,9.95292,5.54891,13.54081,10.71861,8.45829,17.07205,13.13985,11.50966,16.89670
2026-09-15,9.90729,5.52347,13.41466,10.61906,8.33976,16.83334,12.95458,11.34871,16.65698
2026-09-16,9.86362,5.49914,13.29443,10.52418,8.22731,16.60689,12.77882,11.19602,16.42955
2026-09-17,9.97541,5.56144,13.59375,10.76040,8.50457,17.16528,13.21216,11.57252,16.99024
2026-09-18,9.98824,5.56859,13.62670,10.78641,8.53507,17.22670,13.25981,11.61393,17.05188
2026-09-21,10.14303,5.65487,14.04292,11.11489,8.92461,18.01125,13.86864,12.14291,17.83960
2026-09-22,10.14146,5.65399,14.03647,11.10980,8.91803,17.99799,13.85834,12.13397,17.82625
2026-09-23,10.06846,5.61330,13.83230,10.94868,8.72314,17.60550,13.55373,11.86933,17.43211
2026-09-24,10.06020,5.60870,13.80754,10.92914,8.69931,17.55750,13.51646,11.83697,17.38387
2026-09-25,10.11485,5.63916,13.95546,11.04588,8.83858,17.83799,13.73413,12.02609,17.66550
2026-09-28,10.03962,5.59723,13.74154,10.87708,8.63417,17.42634,13.41462,11.74853,17.25205
2026-09-29,10.02114,5.58693,13.68887,10.83551,8.58413,17.32556,13.33640,11.68058,17.15082
2026-09-30,10.00056,5.57546,13.63059,10.78952,8.52892,17.21438,13.25010,11.60562,17.03915
