,turtle_s1_native,turtle_s2_native,turtle_50_50_native,tsmom_native,turtle_s1_vt15,turtle_s2_vt15,turtle_50_50_vt15,tsmom_vt15,turtle_s1_vt20,turtle_s2_vt20,turtle_50_50_vt20,tsmom_vt20,spy_buy_and_hold
2008-01-02,186918.63,353147.10,290600.14,1777574.50,838554.39,963106.23,903302.33,1427553.10,837828.60,988542.44,916565.95,1535864.18,102.97
2008-01-03,203154.94,361071.07,306481.60,1789019.45,847029.89,967111.29,909745.48,1433366.07,849385.39,994158.57,925490.99,1544488.52,102.92
2008-01-04,208892.22,361908.79,311164.79,1776097.42,849803.17,967106.93,911232.73,1426264.92,853172.43,994271.57,927606.77,1534443.28,100.40
2008-01-07,196393.75,344158.51,294225.23,1763920.43,843671.96,960108.89,904648.66,1420065.17,844702.57,984347.75,918373.15,1525136.44,100.32
2008-01-08,214032.66,367844.44,317562.69,1778658.11,852703.72,972753.00,915447.79,1427750.32,857009.14,1001848.94,933227.19,1536435.79,98.70
2008-01-09,208687.98,363676.73,311798.71,1772749.26,849656.10,971057.30,913013.95,1424215.55,853098.80,999735.91,930113.99,1531705.45,99.73
2008-01-10,215322.15,368161.81,318677.38,1777521.19,853481.87,976481.62,917619.53,1427068.78,858075.75,1006906.33,936162.65,1535551.74,100.39
2008-01-11,244109.03,425889.31,364963.89,1776394.99,870137.90,1002155.48,938636.50,1426670.87,880313.84,1042251.86,964724.65,1534753.37,99.58
2008-01-14,251827.08,428615.21,371901.44,1796973.80,874731.07,1005461.75,942662.23,1438551.75,886213.16,1046427.66,969889.74,1551278.13,100.38
2008-01-15,255374.04,434842.64,377222.26,1781945.80,875912.66,1003895.74,942564.81,1429995.63,887894.17,1044509.28,969920.57,1539152.55,98.17
2008-01-16,237434.76,423322.30,358975.97,1748253.78,866667.59,997189.01,934442.03,1410925.10,875458.14,1035368.01,958883.88,1511893.73,97.33
2008-01-17,258577.03,470846.60,395108.63,1752373.40,877485.67,1014215.70,948251.71,1413109.28,890168.15,1057458.15,977168.92,1515224.10,94.80
2008-01-18,253769.46,474112.67,392805.97,1749471.33,874991.91,1016865.12,948142.83,1411729.17,886613.46,1061662.29,977160.34,1512911.76,93.83
2008-01-22,243520.14,483436.39,388735.97,1747941.53,869209.05,1019471.88,946224.96,1411205.48,878669.89,1066057.24,974805.50,1511933.22,92.88
2008-01-23,220024.73,426977.00,347283.10,1728590.45,857044.03,997753.25,929524.42,1400584.29,862008.13,1038103.19,952782.50,1496194.96,95.11
2008-01-24,229391.48,423294.35,353177.61,1753840.65,863064.18,1002307.70,934910.56,1415315.67,869862.11,1043627.95,959658.37,1517016.49,95.91
2008-01-25,239053.12,468090.10,379303.05,1764133.80,867760.05,1018085.62,944812.44,1420815.69,876463.38,1065508.74,973359.87,1525416.09,94.53
2008-01-28,249471.77,470908.72,388710.62,1779013.00,873984.55,1023154.66,950553.15,1429600.34,884686.70,1072183.86,980975.01,1537738.66,96.09
2008-01-29,237298.56,443900.02,368079.73,1776058.48,868168.31,1012813.85,942586.73,1428230.40,876604.19,1057619.02,969830.99,1535330.68,96.57
2008-01-30,251142.56,453520.05,382805.06,1783589.54,875676.91,1017925.26,949041.34,1432840.53,886586.45,1064481.66,978499.43,1541688.70,95.85
2008-01-31,245813.21,451373.08,377837.32,1790690.91,873250.57,1016448.32,947038.04,1437068.61,883317.25,1062460.66,975766.49,1547720.50,97.60
2008-02-01,233614.28,450842.50,368239.82,1776599.53,866975.37,1014027.74,942507.67,1428685.06,874908.10,1059309.85,969675.00,1535707.59,99.17
2008-02-04,241078.34,455656.21,376088.39,1787844.93,871484.31,1016212.49,945973.88,1435468.49,880900.62,1062308.00,974368.03,1545322.79,97.92
2008-02-05,227893.25,483460.80,377278.49,1797413.26,863903.48,1022703.33,944880.59,1440924.28,870888.57,1071744.89,973158.69,1553481.36,95.30
2008-02-06,236637.61,501490.30,391551.50,1802200.20,869351.86,1032671.04,952464.73,1444114.01,877947.93,1085144.36,983186.32,1557600.49,94.53
2008-02-07,232143.73,493683.36,384785.88,1778450.43,867039.20,1032880.99,951294.68,1429604.35,874861.26,1085374.53,981562.25,1536874.28,95.16
2008-02-08,243964.69,538264.96,411956.55,1824203.76,874120.82,1051804.31,963893.86,1457388.11,884337.67,1111493.65,998688.81,1576748.02,94.55
2008-02-11,243583.38,533709.00,409891.18,1834031.15,874121.34,1050341.21,963223.75,1463262.79,884263.68,1109351.93,997684.85,1585057.74,95.03
2008-02-12,215281.91,481502.26,366031.44,1811414.04,857914.29,1026116.27,943186.36,1449765.98,862495.12,1076022.34,970417.16,1565786.52,95.91
2008-02-13,212091.65,464288.30,356776.42,1794760.49,856335.23,1020280.92,939636.49,1439953.64,860297.23,1067830.10,965486.60,1551578.93,96.89
2008-02-14,222963.88,481304.42,372458.86,1805336.40,862949.65,1028356.06,946983.84,1446348.31,869100.76,1078952.69,975454.86,1560636.38,96.04
2008-02-15,221313.64,489839.38,374382.91,1808315.45,862106.18,1030836.97,947663.34,1448067.79,867960.72,1082455.61,976398.54,1563094.59,96.02
2008-02-19,247768.37,519532.05,408105.85,1816156.38,877034.79,1047678.85,963609.91,1452815.73,888054.28,1105580.15,998129.92,1569900.50,96.29
2008-02-20,258533.43,539848.04,424950.93,1828357.29,882564.95,1057804.40,971304.46,1460086.88,895621.57,1119683.51,1008748.89,1580553.65,96.57
2008-02-21,266561.86,536302.61,430153.66,1853324.74,887630.64,1056448.42,973469.43,1475687.52,902196.84,1117520.65,1011477.50,1602490.10,95.77
2008-02-22,272147.97,542270.85,437054.32,1850636.38,891033.21,1059178.87,976593.23,1474040.48,906765.75,1121345.58,1015769.66,1600115.57,96.36
2008-02-25,283251.50,551817.02,449817.12,1838563.91,897557.35,1062901.11,981884.54,1466423.07,915649.93,1126706.72,1023173.93,1589393.40,97.57
2008-02-26,304313.16,571675.59,474634.50,1867081.52,910266.76,1072377.30,993213.23,1484299.07,932572.58,1139779.66,1038564.70,1614712.51,98.31
2008-02-27,312770.28,578435.45,484035.94,1882146.14,914849.57,1075814.26,997305.05,1493692.04,938716.61,1144577.80,1044171.89,1628078.18,98.21
2008-02-28,322798.76,607167.15,503817.23,1927288.63,920443.53,1087793.78,1005906.78,1521580.44,946265.62,1161373.81,1056031.73,1668120.58,97.25
2008-02-29,311865.98,606017.93,494808.61,1939714.01,914255.37,1086492.81,1001923.89,1529209.79,937867.91,1159457.13,1050474.39,1678961.33,95.08
2008-03-03,335564.55,647999.65,530747.63,1955876.49,928220.65,1104831.49,1018031.73,1539152.97,956569.59,1184948.57,1072495.65,1692950.07,94.85
2008-03-04,305638.37,598084.44,486639.50,1933499.93,911285.08,1082134.45,998287.69,1525705.12,933741.80,1153320.03,1045385.03,1673226.12,94.49
2008-03-05,333426.11,646370.02,528405.52,1948827.81,926468.16,1103429.20,1016426.41,1534820.80,954309.96,1183237.18,1070457.39,1686698.25,95.09
2008-03-06,319259.34,637582.40,513588.02,1975585.87,919103.04,1098190.89,1009973.64,1551065.87,944230.28,1175798.71,1061439.43,1710251.01,93.12
2008-03-07,294823.67,606260.47,481318.08,1972500.64,905627.94,1084778.73,996402.57,1549235.34,925981.15,1157079.00,1042732.70,1707557.04,92.16
2008-03-10,281805.87,615243.99,474257.96,1990432.58,898551.60,1087991.38,993985.22,1560133.18,916378.92,1161443.56,1039292.86,1723517.98,90.95
2008-03-11,268562.89,625878.26,467213.18,1951903.14,891492.06,1094340.90,992981.00,1536726.14,906607.33,1170255.55,1037694.34,1689200.31,94.21
2008-03-12,297127.48,648270.59,500417.64,2000469.01,907022.73,1103384.24,1005733.22,1566050.36,927866.60,1182906.31,1055469.79,1732052.73,93.33
2008-03-13,310650.22,674196.40,521811.45,1998474.42,914167.40,1114861.74,1014925.20,1565230.94,937651.56,1199000.72,1068215.37,1730963.51,93.54
2008-03-14,321603.78,660631.13,525761.43,2026617.26,920871.87,1109877.21,1016378.05,1582356.80,946453.51,1191548.30,1069909.40,1755320.24,92.09
2008-03-17,330630.90,594778.18,506935.80,2002003.44,925160.34,1084557.95,1007151.52,1567811.26,952457.53,1155775.58,1057242.56,1734106.63,91.16
2008-03-18,296969.59,524630.08,451236.42,1961077.83,908295.38,1058353.55,985804.64,1544180.05,929098.87,1118373.22,1027171.47,1698829.19,94.95
2008-03-19,288009.84,478387.97,424542.87,1950269.71,903843.30,1038021.31,973919.41,1537894.30,923020.90,1089646.21,1010619.51,1689478.49,92.59
2008-03-20,279734.17,416739.62,391088.71,1895518.44,899370.61,1015261.12,960832.34,1505946.41,916903.39,1057547.95,992385.31,1642732.68,94.31
2008-03-24,244478.89,383780.47,350978.75,1860697.67,880305.59,1004859.91,945726.59,1485493.86,890898.99,1042986.87,971480.80,1613217.05,96.19
2008-03-25,248151.71,383447.52,353462.90,1892366.12,881716.38,1004198.37,946173.11,1503066.90,893053.62,1042305.69,972338.32,1639343.49,96.29
2008-03-26,248474.98,392550.61,357888.75,1925198.53,882364.67,1007275.22,947970.48,1521726.72,893733.77,1046395.02,974615.99,1666315.45,95.11
2008-03-27,245331.88,391760.50,355265.02,1928726.21,880934.57,1007223.14,947177.75,1523725.95,891700.39,1046224.40,973427.84,1669108.48,94.81
2008-03-28,249991.70,398764.89,361814.89,1926098.67,882682.04,1008414.26,948677.25,1521922.07,894381.54,1048233.12,975825.76,1666944.31,93.90
2008-03-31,249932.16,394272.58,359733.78,1901359.45,883481.18,1008088.67,948953.54,1508428.56,895142.58,1047357.42,975833.32,1646547.54,94.23
2008-04-01,234268.01,362400.59,333920.90,1836751.79,874856.72,998387.11,939755.52,1471640.80,883528.40,1033891.64,963229.67,1593109.72,97.54
2008-04-02,228576.40,362400.59,329864.55,1864174.05,871924.51,998387.11,938180.65,1486386.45,879523.41,1033891.64,961046.53,1614567.02,97.61
2008-04-03,225695.36,362400.59,327785.69,1867646.78,870437.15,998387.11,937380.46,1488272.85,877492.44,1033891.64,959936.92,1617303.98,97.85
2008-04-04,225224.12,362558.76,327515.02,1890790.53,870517.81,998822.84,937628.44,1501049.25,877466.47,1034342.87,960132.18,1635654.98,97.74
2008-04-07,225691.81,362400.59,327783.64,1891260.69,870423.46,998387.11,937373.12,1501110.55,877471.22,1033891.64,959925.36,1635974.51,97.79
2008-04-08,227377.15,362637.84,329114.78,1884751.38,871804.74,999040.70,938423.70,1497818.30,879153.75,1034568.48,961159.88,1630813.14,97.69
2008-04-09,225726.90,363674.71,328390.97,1919572.93,870924.77,999356.26,938098.30,1517105.95,877954.23,1035014.93,960711.57,1658880.18,96.99
2008-04-10,225975.99,361796.95,327724.37,1909113.84,871062.01,998778.32,937900.96,1511389.45,878142.74,1034197.25,960435.22,1650550.02,97.12
2008-04-11,223966.41,362579.36,326621.52,1926675.50,869987.08,999023.34,937437.30,1521078.22,876677.23,1034543.91,959794.76,1664642.90,95.24
2008-04-14,225513.15,365662.11,329137.88,1924183.36,871152.48,1000368.53,938696.30,1519882.65,878124.46,1036281.90,961393.19,1662653.07,94.92
2008-04-15,232283.67,370831.98,336405.43,1915140.80,874827.15,1001984.67,941434.35,1514815.24,883116.78,1038568.51,965186.73,1655266.89,95.14
2008-04-16,233508.42,373900.23,338684.00,1905829.97,875019.99,1002379.19,941723.45,1509198.96,883573.59,1039374.74,965811.00,1647440.70,97.71
2008-04-17,228726.12,372872.41,334750.34,1902606.60,872357.67,1002056.07,940139.03,1507322.64,879951.09,1038916.86,963618.43,1644698.66,97.86
2008-04-18,232657.12,377869.71,339870.12,1886637.18,874091.74,1003121.30,941573.13,1498023.31,882502.12,1040671.46,965828.94,1631510.88,98.88
2008-04-21,233912.70,383990.45,343539.82,1878863.61,875128.24,1005492.53,943244.27,1493721.59,883776.07,1043862.72,968006.93,1624998.92,98.93
2008-04-22,237603.93,388352.86,348201.84,1902150.08,877398.24,1007124.96,945233.29,1507316.18,886791.14,1046090.21,970690.96,1644656.47,98.49
2008-04-23,237554.21,383882.86,346161.49,1883506.97,877385.14,1005675.05,944545.83,1496488.05,886771.53,1044035.19,969726.78,1628884.80,98.34
2008-04-24,225327.68,362015.93,327394.19,1847953.39,870553.85,998647.62,937568.59,1475883.90,877429.28,1034000.05,959958.23,1598765.01,98.76
2008-04-25,233889.18,376946.43,340365.29,1842279.68,875492.12,1003621.72,942562.74,1472543.09,884130.60,1041039.57,966891.76,1593891.01,99.68
2008-04-28,232047.95,376373.32,338766.83,1851213.54,873940.52,1002852.44,941366.26,1477458.01,882223.23,1040198.65,965458.30,1601392.21,99.70
2008-04-29,218988.99,360044.97,321886.01,1834938.91,867146.52,998310.04,935575.24,1468376.00,872672.55,1033358.86,957058.25,1587565.53,99.31
2008-04-30,215322.07,351201.82,315238.10,1856902.75,864198.23,994343.64,932126.19,1480871.43,869005.48,1028160.48,952640.14,1606337.29,98.72
2008-05-01,215783.66,355665.39,317579.23,1814354.79,865007.77,996517.71,933581.80,1456010.36,869874.30,1030960.85,954413.70,1569874.16,100.76
2008-05-02,206495.87,363895.79,314419.12,1813568.95,859051.29,998794.37,931433.89,1455074.03,862012.76,1034435.00,951709.02,1568868.50,101.04
2008-05-05,197333.18,366691.10,308651.00,1828907.46,853798.97,999990.35,929144.11,1464100.93,854832.75,1036048.24,948487.56,1581802.28,100.56
2008-05-06,195220.44,375356.28,310645.55,1832399.03,852240.62,1002665.03,929538.77,1465951.23,852858.66,1040000.56,949201.53,1584711.33,101.43
2008-05-07,197335.82,378821.28,313762.42,1839796.40,853937.00,1004432.15,931283.01,1470637.74,854945.40,1042248.21,951388.47,1591136.59,99.62
2008-05-08,192743.15,371378.35,307028.93,1854108.32,850849.03,1001442.80,928213.36,1479008.62,850893.50,1038189.47,947281.52,1603471.20,99.36
2008-05-09,198175.20,375601.88,313101.26,1869042.64,854417.56,1003339.89,931039.04,1488089.80,855566.93,1040708.96,951032.37,1616366.62,99.18
2008-05-12,192840.18,369308.31,306263.64,1856970.78,851202.43,1001069.42,928233.88,1480781.01,851245.72,1037502.36,947165.54,1605800.65,100.29
2008-05-13,199424.44,386357.45,318561.45,1836037.54,854923.90,1006866.27,932950.55,1467945.75,856397.46,1045863.19,953848.09,1587478.21,100.31
2008-05-14,197913.91,379079.45,314354.54,1827984.31,853992.69,1004189.10,931202.13,1463038.87,855151.97,1042075.42,951427.21,1580384.13,100.51
2008-05-15,192926.50,375055.67,308725.31,1833620.89,850866.87,1002703.20,928808.97,1466456.69,850926.83,1039976.41,948118.60,1585324.74,101.77
2008-05-16,191606.31,374055.94,307257.56,1846788.27,850168.99,1002503.42,928335.54,1474629.86,849906.56,1039610.13,947383.23,1597022.94,101.86
2008-05-19,198524.15,378967.57,314821.50,1849464.82,854489.62,1004328.05,931539.30,1476261.31,855727.56,1042191.42,951803.69,1599380.67,102.14
2008-05-20,195038.05,376124.05,310876.25,1875947.66,851982.29,1002873.93,929498.22,1492604.96,852472.34,1040293.43,949126.65,1623239.88,101.31
2008-05-21,206069.50,393405.70,326809.77,1906387.91,858973.22,1009482.67,936374.32,1511600.82,861849.89,1049639.40,958610.51,1650698.87,99.60
2008-05-22,194444.82,368292.88,307161.01,1879406.00,852029.26,1000429.77,928390.85,1495022.01,852301.88,1036587.32,947340.44,1626380.56,99.61
2008-05-23,194508.12,373691.69,309462.34,1899535.77,852065.45,1002515.02,929378.11,1507480.46,852334.26,1039536.55,948706.09,1644392.34,98.28
2008-05-27,181670.47,353014.61,290688.43,1871615.85,843806.53,994545.58,921179.94,1490219.08,841215.97,1028270.67,937377.63,1619431.48,99.01
2008-05-28,191332.01,369328.23,305134.77,1863452.29,850351.44,1001245.06,927855.11,1485289.19,849889.55,1037571.76,946449.63,1612069.09,99.46
2008-05-29,181766.97,349731.86,289412.49,1837517.60,843796.07,993233.75,920566.63,1469076.40,840932.05,1026411.53,936371.98,1588854.82,99.96
2008-05-30,174645.93,344927.51,281755.51,1841646.31,839561.17,991753.16,917570.40,1471767.35,835546.48,1024160.66,932346.87,1592511.59,100.21
2008-06-02,155651.02,319315.47,255972.65,1850931.66,827911.81,982488.10,906918.49,1477834.89,820458.11,1010775.14,917835.91,1600833.39,99.18
2008-06-03,143286.74,293457.91,235441.86,1839496.56,819984.24,972375.56,897909.09,1470683.81,809750.78,996505.69,905368.13,1590516.70,98.60
2008-06-04,141983.94,274550.53,226786.79,1831727.39,818982.55,964780.50,893853.94,1465679.14,808463.60,985861.08,899813.00,1583412.56,98.55
2008-06-05,142778.15,320873.21,246553.02,1835588.08,819045.25,982356.53,902030.11,1467932.92,808754.05,1010898.01,911400.46,1587011.53,100.52
2008-06-06,142573.24,373980.23,266779.33,1888152.08,819557.08,1003153.16,911860.01,1501623.39,809303.73,1040121.43,924883.73,1635500.23,97.31
2008-06-09,133503.38,348684.53,249271.32,1869882.75,812440.35,993956.30,903720.94,1490059.47,799771.31,1027024.89,913614.08,1618585.78,97.55
2008-06-10,137080.80,343961.04,250922.72,1856334.67,814927.37,992756.70,904558.81,1481884.68,802945.99,1025097.52,914570.09,1606444.25,97.06
2008-06-11,154769.96,378010.87,279532.32,1889206.07,829766.39,1005985.03,918820.93,1502494.77,822427.02,1043426.53,933841.09,1635830.52,95.64
2008-06-12,158173.39,393190.05,288218.18,1868801.84,831173.05,1010982.87,921882.14,1489539.68,824521.33,1050673.81,938273.18,1617488.32,96.00
2008-06-13,155903.20,388406.70,284396.69,1857947.90,830269.21,1009755.78,920821.43,1483069.93,823140.03,1048699.65,936605.76,1607805.60,97.21
2008-06-16,149219.86,375571.29,273601.73,1872427.61,825711.23,1004860.66,916061.90,1491939.27,817056.26,1041825.68,930074.96,1620603.13,97.27
2008-06-17,151003.10,371352.52,273699.88,1878499.33,827534.64,1003071.42,916257.79,1495661.95,819516.78,1039386.87,930386.79,1626091.02,96.80
2008-06-18,153353.45,370664.82,275576.51,1896156.17,830430.90,1003176.80,917909.32,1506861.31,823201.51,1039364.97,932468.59,1642018.80,95.86
2008-06-19,147788.28,344398.79,260812.25,1886425.60,824828.28,992909.91,910115.80,1500632.32,815868.70,1025055.07,921896.45,1633145.89,95.98
2008-06-20,147243.24,340652.60,258912.83,1908366.34,825059.33,991861.35,909762.70,1514592.14,816025.64,1023426.84,921252.93,1653057.99,94.42
2008-06-23,153319.55,353771.15,269240.50,1907479.20,830040.93,996921.85,914830.03,1514029.35,822630.50,1030526.39,928176.60,1652246.37,94.33
2008-06-24,148390.67,338873.49,259243.76,1920427.42,826702.40,991130.78,910333.15,1522262.16,818172.72,1022400.02,922002.10,1664127.90,94.14
2008-06-25,145310.39,317763.69,248478.41,1917954.91,824722.47,983072.47,905542.34,1520728.53,815481.34,1011024.14,915356.24,1661798.12,94.59
2008-06-26,160446.21,354630.94,275833.77,1963648.70,838172.55,997415.62,919532.40,1550255.87,833286.18,1031086.69,934431.04,1704413.80,92.02
2008-06-27,162297.80,353343.71,276924.76,1978072.94,839583.42,997296.09,920251.22,1559600.31,835048.25,1030766.38,935273.88,1717672.95,91.52
2008-06-30,154076.16,328012.80,259984.31,1968192.84,831944.13,986949.98,911291.16,1553107.81,825105.39,1016576.26,923268.00,1708644.28,91.84
2008-07-01,160229.72,330269.93,266070.51,1970840.00,837550.07,988160.90,914920.51,1554988.38,832432.67,1018154.07,928084.00,1710786.74,92.13
2008-07-02,174311.95,359853.95,289679.35,2005321.17,849406.97,999737.75,926756.01,1576867.27,848142.38,1034324.72,944211.48,1742918.30,90.55
2008-07-03,163350.45,348669.80,276069.61,1995203.15,840783.43,995398.48,920040.35,1570344.48,836679.51,1028275.82,935069.90,1733338.25,90.64
2008-07-07,152325.63,325954.94,257760.82,1984668.34,830585.41,986387.33,910296.21,1563689.72,823234.17,1015757.84,921865.00,1723690.43,89.71
2008-07-08,136515.72,273234.20,223538.86,1955305.58,817546.39,965330.54,893434.80,1544851.98,806053.00,986485.85,898962.10,1696275.42,91.31
2008-07-09,151425.55,291070.34,243042.04,1988573.21,829205.58,972259.18,903011.83,1566037.17,821464.10,996053.07,911915.02,1727263.16,89.55
2008-07-10,154512.76,324216.41,259357.96,1997795.57,832653.93,985664.53,911114.76,1572098.49,825779.07,1014478.97,922744.78,1735664.36,89.91
2008-07-11,165642.14,342932.88,276184.74,2014021.37,840716.40,993059.66,918943.76,1582395.70,836308.13,1024625.21,933241.87,1750410.69,88.87
2008-07-14,175993.49,361029.36,292101.54,2036320.67,849438.68,1000343.85,927080.97,1596601.87,847856.77,1034705.90,944276.28,1771272.56,88.06
2008-07-15,183938.69,327754.52,285233.99,2050385.28,855683.36,987875.14,924710.94,1605602.50,856073.78,1017162.75,940847.04,1784363.79,86.82
2008-07-16,162707.30,267264.22,242450.85,2010865.22,837993.53,964412.84,904171.44,1580401.56,832580.37,984530.01,912844.93,1747227.50,88.95
2008-07-17,160526.50,244252.61,230388.46,1971458.29,834939.30,954428.07,897843.19,1554930.35,828978.68,971202.15,904691.75,1710686.72,89.84
2008-07-18,156875.77,236392.42,224061.67,1957839.44,833145.49,952664.56,896049.23,1546839.38,826419.24,968304.26,901945.43,1698047.02,90.40
2008-07-21,155641.62,244727.57,227130.50,1961220.95,832418.64,955131.85,896818.70,1548661.99,827215.67,972012.68,904107.18,1701226.08,90.45
2008-07-22,141665.46,216320.19,203750.30,1919650.06,821466.98,944712.74,886027.73,1522597.27,815538.68,957458.66,890957.35,1662675.18,91.48
2008-07-23,143583.33,213878.00,203979.34,1890729.69,822258.43,944103.68,886168.95,1504725.05,816186.94,956464.76,890849.03,1636165.04,91.97
2008-07-24,137202.25,221294.74,202983.49,1912729.92,817575.52,946242.13,884649.11,1518140.87,810084.12,959532.81,888947.27,1655993.85,90.07
2008-07-25,141534.16,225303.83,208026.59,1897201.60,820440.61,947886.74,886967.97,1508671.52,813847.51,961730.37,892030.10,1641962.68,90.04
2008-07-28,138985.10,238512.28,212251.08,1921776.32,818724.30,952567.34,888230.12,1523799.11,811550.94,968221.18,893781.70,1664177.49,88.72
2008-07-29,139003.75,209059.74,199160.47,1892007.51,818473.33,941428.53,882900.74,1505438.62,811242.87,952819.28,886503.18,1637220.59,90.62
2008-07-30,124831.04,186067.27,178055.48,1888507.65,809042.48,930708.76,872787.46,1503285.60,798586.04,938032.20,872708.71,1633930.92,92.23
2008-07-31,130836.85,200649.52,189315.92,1896187.96,813044.84,937155.74,877969.20,1507898.68,803935.74,946897.01,879755.58,1640701.90,91.01
2008-08-01,133865.37,205936.62,194001.22,1901799.34,815310.36,939091.66,880099.24,1511414.02,807025.46,949668.45,882733.60,1645874.05,90.53
2008-08-04,152058.06,225031.90,216178.17,1890190.97,828450.60,949436.94,892039.16,1504139.01,824477.43,963737.82,898817.04,1635189.61,89.69
2008-08-05,161119.34,207506.35,214201.29,1846789.97,835169.13,944188.39,893190.65,1476661.24,833371.97,956344.78,900217.80,1595178.26,92.11
2008-08-06,157349.80,196693.73,206114.84,1829450.47,832616.09,938650.47,889206.04,1465677.53,830091.69,948905.64,894944.82,1579469.84,92.52
2008-08-07,158418.38,196152.78,206531.28,1860447.46,834159.84,938641.00,890025.89,1485173.47,831946.83,948679.50,895838.22,1607405.39,91.14
2008-08-08,184050.24,224119.18,237962.56,1820950.90,852889.18,958230.46,909305.17,1460599.95,856950.62,975351.64,921893.49,1571862.09,92.84
2008-08-11,183815.83,221675.96,236513.96,1791545.80,852882.69,956670.46,908561.53,1442759.60,856881.70,973159.96,920820.64,1545860.63,93.80
2008-08-12,186918.14,226562.11,241116.42,1815517.19,854299.45,959125.10,910481.76,1457036.46,858946.47,976707.88,923608.61,1566920.25,92.82
2008-08-13,171277.28,207565.01,220919.67,1839048.56,844031.46,946926.63,899220.23,1471549.36,845009.99,959867.83,908153.53,1587481.46,92.26
2008-08-14,180881.62,217076.30,232175.30,1827341.60,850711.84,953171.79,905744.08,1464418.60,853973.99,968414.89,917013.73,1577262.97,92.96
2008-08-15,183872.00,219740.14,235519.05,1815362.47,852980.30,955008.82,907824.50,1457266.00,856954.15,970840.14,919762.07,1566775.49,93.41
2008-08-18,186344.23,217302.38,235795.97,1832442.12,853912.14,952909.62,907322.64,1467429.54,858397.80,968205.92,919288.99,1581858.54,92.13
2008-08-19,172411.89,201899.20,218624.09,1852270.30,844810.21,942845.09,897695.50,1479845.07,845985.00,954248.90,906016.40,1599373.34,91.13
2008-08-20,174191.26,201391.34,219477.27,1854811.71,846307.35,942569.03,898359.51,1481400.30,848000.74,953877.26,906919.36,1601624.21,91.55
2008-08-21,147982.22,168329.19,184950.22,1876613.75,827935.65,919644.13,877683.85,1494808.30,823412.55,922674.23,878937.60,1620929.62,91.71
2008-08-22,149650.01,179599.99,192184.27,1841222.72,829697.06,927092.38,882171.69,1473006.08,825683.63,932698.65,884924.33,1589219.93,93.04
2008-08-25,155026.58,182145.84,196998.75,1867994.72,832820.28,928575.28,884537.59,1489372.33,829971.25,934805.04,888221.21,1613045.65,91.15
2008-08-26,157841.96,187286.35,201567.41,1868546.22,835291.21,932303.33,887625.39,1489781.90,833208.43,939779.75,892316.80,1613517.49,91.41
2008-08-27,156715.69,180918.68,197421.66,1865212.51,834543.16,927916.49,885139.63,1487687.76,832430.68,933844.73,889082.70,1610481.45,92.30
2008-08-28,157897.16,189636.65,202922.44,1845763.49,835573.80,934273.62,888718.23,1475600.52,833393.51,942435.94,893686.58,1592970.52,93.42
2008-08-29,159513.89,190023.08,204168.06,1846216.77,836394.93,934458.67,889242.92,1475720.93,833765.41,942810.45,894063.55,1593379.23,92.42
2008-09-02,192615.28,226441.13,244916.42,1844451.96,860374.31,963000.27,915570.45,1475149.11,862551.57,981137.04,927670.02,1591921.44,91.85
2008-09-03,197590.99,232385.36,251294.41,1839652.46,863716.03,967335.22,919409.23,1472132.06,864678.89,986996.49,931584.05,1587585.05,91.77
2008-09-04,218984.24,246712.34,272644.66,1872777.92,877875.07,977849.73,931942.03,1493214.87,880201.21,1001201.99,946649.72,1617886.75,89.00
2008-09-05,228887.85,256405.98,284166.15,1863898.47,884715.73,984571.13,938775.94,1487689.64,887814.24,1010214.06,955004.12,1609830.44,89.28
2008-09-08,242731.21,263592.20,296741.60,1849617.58,894259.66,989839.62,946351.21,1478714.39,898832.86,1017329.78,964293.79,1596930.48,91.13
2008-09-09,256137.89,280178.56,314272.63,1862691.87,902695.76,1001110.35,956202.75,1487025.47,908704.59,1032655.74,976852.61,1608991.61,88.42
2008-09-10,258856.25,274140.69,312554.00,1845229.21,904837.72,997483.65,955605.20,1475953.74,911222.37,1027593.83,975811.73,1592847.30,88.78
2008-09-11,261958.38,274379.70,314563.07,1837386.15,906820.85,997586.78,956701.80,1470808.43,913621.05,1027789.66,977189.06,1585565.42,90.07
2008-09-12,214680.51,241010.96,267049.31,1829482.11,875775.82,973047.25,928558.54,1465728.32,877119.06,994495.15,941840.52,1578032.25,90.48
2008-09-15,226613.36,286660.45,299761.85,1913890.97,884147.17,1004963.32,948224.90,1520855.47,886679.06,1037418.71,967298.70,1656698.06,86.18
2008-09-16,246970.77,293230.41,316661.26,1922277.10,897114.58,1013192.83,959060.95,1528319.60,905376.56,1048314.55,982577.16,1667203.83,87.62
2008-09-17,218233.64,286678.18,294700.26,2050435.35,882722.71,1011473.96,950554.61,1605553.32,885796.09,1044631.68,970226.16,1775891.46,83.68
2008-09-18,192781.40,267078.69,267441.07,1946553.77,865475.71,997098.68,934513.71,1549935.49,863989.53,1026022.31,949641.68,1697268.14,86.16
2008-09-19,144314.74,216099.95,208298.80,1874226.28,835195.94,961161.92,901325.58,1511294.00,824352.43,978415.70,905827.10,1643438.16,89.58
2008-09-22,143864.37,188927.35,194877.93,1938315.15,835377.76,944187.85,893465.01,1540618.12,824451.30,955263.37,895164.09,1685656.06,87.56
2008-09-23,141114.69,197959.86,197674.08,1958745.68,836105.24,951509.23,897318.07,1551759.38,824499.77,964148.07,899353.27,1700007.70,85.56
2008-09-24,142159.10,206250.78,202545.07,1937043.00,834474.43,953709.49,897480.44,1540056.41,823196.93,968150.93,900509.63,1684724.36,85.84
2008-09-25,143084.77,188589.51,194532.53,1928228.55,835859.49,944686.07,893979.55,1536854.56,824722.83,955500.57,895460.98,1679494.09,87.18
2008-09-26,143239.27,196510.73,198722.98,1944325.91,837261.40,950495.59,897478.09,1545162.02,826088.22,962833.28,899638.21,1690573.22,87.22
2008-09-29,131120.26,233370.66,208953.77,2098715.71,832701.50,973894.89,906081.22,1617901.20,818848.14,993216.25,909890.26,1793531.75,80.39
2008-09-30,126194.71,206810.45,193138.43,1979950.64,826541.08,956088.17,894446.17,1564802.12,811749.40,970207.23,895406.92,1718600.69,83.72
2008-10-01,128019.68,221226.94,201266.69,1986821.54,827618.42,964022.73,898740.59,1567548.47,813214.56,981047.03,901217.04,1722605.41,83.77
2008-10-02,143592.58,252543.73,227753.80,2038677.39,838559.02,980478.69,912351.78,1586269.92,827754.77,1003587.41,919626.99,1750557.10,80.73
2008-10-03,141732.13,256833.04,228212.49,2045379.18,837374.80,983124.55,912938.58,1588710.21,826190.93,1007190.76,920409.23,1754164.46,79.64
2008-10-06,171970.48,302222.73,272722.71,2115948.37,858817.60,1006940.54,935685.34,1614492.13,854512.15,1039696.12,951037.02,1792419.38,75.58
2008-10-07,167320.33,295188.81,265861.78,2149663.85,854776.29,1002062.53,931217.42,1626426.53,849245.04,1033147.65,945110.96,1810190.04,72.20
2008-10-08,178722.95,305633.55,279624.34,2167924.46,861394.27,1004643.90,936021.76,1632314.84,858219.60,1037026.87,951879.11,1819412.44,70.38
2008-10-09,187885.70,312444.25,289907.77,2199727.41,869000.38,1009199.73,942276.62,1645322.73,867818.90,1042710.01,959810.81,1837739.59,65.46
2008-10-10,208345.11,328301.21,313048.82,2219664.59,883718.56,1018282.95,954496.68,1653329.82,886971.41,1054753.02,975944.96,1849059.73,63.87
2008-10-13,174742.65,285354.63,267328.47,2086200.62,857887.32,994125.89,929224.72,1600706.24,854005.51,1023088.78,943159.39,1773581.77,73.15
2008-10-14,176952.39,288320.55,270408.02,2106567.92,860106.74,996457.91,931516.59,1608544.97,856472.34,1025688.89,945720.06,1784166.59,72.07
2008-10-15,208170.58,336296.21,316758.44,2195399.80,880219.73,1019264.29,953068.04,1639895.25,882980.69,1056788.55,974692.84,1830440.52,64.97
2008-10-16,206570.25,332474.97,313741.26,2156378.35,879063.25,1017721.80,951720.79,1625980.37,881567.61,1054764.36,972979.44,1810104.35,67.68
2008-10-17,199985.68,321279.96,303458.80,2162771.43,873162.57,1010046.79,944937.95,1626223.49,874385.61,1045036.56,964529.32,1811763.10,67.27
2008-10-20,199325.35,316921.65,300899.53,2151299.33,874528.36,1010484.95,945881.94,1624393.93,875519.42,1044808.27,965049.32,1807625.63,71.32
2008-10-21,222368.22,348939.37,333491.70,2196748.29,888790.40,1025043.31,960408.59,1640140.64,894373.72,1064729.67,984640.80,1830933.90,69.19
2008-10-22,254229.37,402374.32,382917.90,2257288.63,907293.58,1048400.92,981348.07,1660059.16,919211.84,1097134.42,1013296.92,1861197.83,65.42
2008-10-23,252890.62,402606.52,382020.17,2258663.81,907385.99,1049634.22,981975.25,1661712.82,918966.56,1098401.28,1013746.76,1862865.05,66.18
2008-10-24,280094.40,434448.87,417674.46,2298978.53,922428.71,1061346.67,995593.62,1674514.52,939195.78,1114864.19,1032501.62,1882469.01,62.82
2008-10-27,283204.66,440958.38,423122.55,2335386.15,925276.27,1064855.91,998776.25,1688502.28,942535.60,1119199.64,1036345.00,1902268.17,60.59
2008-10-28,249486.21,383124.08,370186.48,2247087.94,905833.54,1040833.11,977016.62,1657531.55,916810.74,1086241.02,1006943.05,1856534.42,67.67
2008-10-29,221867.90,359804.92,338430.67,2215608.19,889319.13,1028811.74,962468.40,1645778.03,895147.79,1070185.05,987604.80,1839769.93,67.18
2008-10-30,225741.07,363604.82,343171.76,2181646.35,892797.81,1032110.47,965893.80,1635338.11,899376.47,1074202.76,991791.37,1823511.68,69.50
2008-10-31,229207.54,355814.07,342130.15,2175999.56,893849.83,1027470.92,964291.93,1632408.92,901101.57,1068222.14,989981.65,1819822.30,69.89
2008-11-03,227807.82,350645.10,338600.40,2172801.36,892645.37,1025105.28,962532.16,1631112.41,899614.48,1065044.49,987692.31,1818047.74,70.09
2008-11-04,205081.93,329414.02,311460.28,2114193.71,881110.71,1016207.46,952135.94,1612159.75,884005.20,1052700.28,973399.71,1789253.44,72.47
2008-11-05,218577.45,361734.48,336987.64,2169365.09,888856.69,1030333.46,962938.81,1630777.41,894186.90,1071962.03,987910.75,1816981.44,69.43
2008-11-06,229182.35,385034.79,356015.75,2227621.78,895695.97,1041855.03,972027.43,1651331.37,902881.05,1087239.30,999753.16,1846917.40,65.58
2008-11-07,228202.20,382113.36,353903.83,2206066.38,895293.52,1041102.99,971458.24,1644248.37,902342.75,1086171.88,998964.37,1836268.05,67.74
2008-11-10,227363.48,380940.49,352710.33,2208045.83,894703.98,1039905.58,970579.74,1644777.49,901605.36,1084643.51,997853.36,1837201.33,66.86
2008-11-11,236210.57,394435.31,365819.99,2249120.38,899297.86,1046108.95,975966.38,1658393.73,907781.54,1093129.98,1005174.82,1857667.89,64.79
2008-11-12,257077.58,425593.05,396427.05,2309191.24,910338.24,1058680.64,987821.56,1678593.54,922492.73,1110416.43,1021267.35,1887889.73,61.94
2008-11-13,233516.39,387648.12,360588.48,2241755.09,897798.00,1043453.01,973913.55,1656220.07,905740.93,1089407.04,1002333.27,1854268.91,65.80
2008-11-14,242730.58,396989.00,372047.03,2284675.33,902128.16,1047092.29,977960.56,1670415.00,911605.60,1094424.74,1007886.65,1875598.74,62.52
2008-11-17,251542.73,411863.88,385770.63,2300176.21,907330.59,1053700.75,983866.50,1675909.62,918411.77,1103370.42,1015768.32,1883579.15,61.69
2008-11-18,252526.63,407293.06,384384.47,2309190.87,906604.38,1050965.20,982195.64,1677878.55,917821.66,1099975.81,1013879.45,1887226.47,62.85
2008-11-19,272624.28,425107.37,408086.50,2360820.35,916703.55,1058040.19,990972.28,1694925.07,931501.48,1109805.91,1025965.55,1912975.69,58.82
2008-11-20,317245.10,475205.55,465528.71,2443312.31,939263.46,1076938.23,1012016.16,1723037.95,961873.64,1135807.54,1054710.33,1954797.89,54.46
2008-11-21,295131.25,443396.02,433722.77,2391395.84,928207.21,1067117.28,1001445.39,1705564.89,946968.84,1122097.30,1040172.99,1928684.81,57.39
2008-11-24,259698.45,387805.66,380498.09,2317798.57,911259.54,1047214.00,982963.74,1681610.79,924013.94,1094381.55,1014719.77,1892554.54,61.37
2008-11-25,284266.41,414872.70,411774.51,2328617.20,922955.81,1056839.23,993789.39,1685302.25,939799.98,1107705.61,1029564.70,1897964.24,61.83
2008-11-26,279871.96,407696.27,405030.30,2311243.86,920965.20,1053093.91,990956.77,1679990.50,937020.64,1102478.56,1025613.14,1889705.86,64.21
2008-11-28,295933.17,428812.00,427141.00,2319750.39,925804.85,1056881.14,995342.37,1679948.60,944553.58,1108898.80,1032722.03,1891576.05,65.02
2008-12-01,334128.19,500999.18,490658.71,2412552.62,946296.14,1083561.82,1018921.15,1712633.45,971365.42,1145090.20,1064231.91,1939160.40,59.26
2008-12-02,343100.12,508658.19,500996.70,2392877.64,950757.63,1086620.14,1022761.03,1707147.29,977183.85,1149040.55,1069254.96,1930258.27,61.54
2008-12-03,350897.40,518569.99,511570.77,2380080.91,953261.05,1088540.19,1025011.15,1701601.13,981029.29,1152258.27,1072855.98,1922847.85,63.02
2008-12-04,372975.43,561193.55,548688.60,2418237.15,963167.89,1102250.20,1036792.33,1713317.99,994561.85,1171521.09,1089223.32,1940914.24,61.57
2008-12-05,372404.73,544649.15,540180.94,2406595.94,963301.54,1099813.98,1035718.50,1709566.21,994667.95,1167889.12,1087593.00,1935222.51,63.46
2008-12-08,356438.61,522886.28,517809.18,2363612.37,956065.60,1091643.05,1027981.17,1695952.06,984808.84,1156517.02,1076907.80,1914421.89,65.68
2008-12-09,377164.06,560050.54,551265.13,2389652.20,965309.33,1102704.70,1038158.98,1703959.51,997477.47,1172162.94,1091118.95,1926858.81,64.60
2008-12-10,366463.48,544187.61,535638.07,2370124.49,960818.22,1097220.91,1033162.55,1698234.60,991208.62,1164335.35,1084047.08,1917742.80,65.04
2008-12-11,366805.34,555611.45,541510.09,2363296.04,960387.36,1098674.50,1033615.27,1695013.47,990910.35,1166871.05,1085064.41,1913572.96,63.47
2008-12-12,375215.80,566676.45,553110.31,2359681.64,965024.36,1102901.37,1038098.83,1694134.20,996986.37,1172579.98,1091045.42,1911952.40,64.23
2008-12-15,382758.29,583732.69,566993.50,2359821.38,968512.21,1108101.70,1042422.20,1694022.06,1001811.30,1179939.12,1097109.20,1911925.40,63.33
2008-12-16,413913.61,626900.27,611034.10,2308681.85,983727.76,1120189.85,1056296.38,1677491.23,1022266.78,1196795.82,1116146.56,1886416.21,66.31
2008-12-17,438964.69,672289.30,651644.89,2309748.80,995223.83,1132954.69,1068486.82,1677272.69,1038049.66,1215028.75,1133264.84,1886516.62,65.67
2008-12-18,440029.76,680777.14,656549.04,2334466.84,994628.43,1133892.10,1068609.24,1685019.08,1037518.68,1216618.80,1133716.51,1898696.61,64.45
2008-12-19,431853.48,660816.58,640824.22,2354208.43,991167.18,1128573.61,1064243.75,1692289.93,1032577.52,1208793.04,1127370.61,1909294.72,64.17
2008-12-22,422687.27,642272.54,625031.87,2356280.96,987410.78,1124279.64,1060202.47,1694175.13,1027175.77,1202250.31,1121370.78,1911294.05,63.35
2008-12-23,408698.17,641137.99,614136.92,2352538.32,978545.92,1123129.14,1054900.82,1691956.12,1015751.01,1201031.34,1114566.08,1908645.37,62.69
2008-12-24,410000.50,640138.49,614636.70,2354224.51,980080.80,1124316.79,1056285.89,1693493.32,1017525.85,1202257.49,1116108.76,1910259.95,63.05
2008-12-26,414097.94,651296.68,623064.80,2348847.09,981915.66,1127579.26,1058807.19,1691587.73,1019998.75,1206859.29,1119601.03,1907369.78,63.42
2008-12-29,416372.43,649937.31,624125.70,2338957.50,980267.78,1123293.23,1055906.41,1685096.84,1018838.47,1202159.27,1116784.15,1899848.75,63.24
2008-12-30,418329.11,656816.48,628895.18,2345147.47,983942.10,1128975.67,1060556.10,1690282.20,1022717.44,1208803.61,1121996.32,1905418.16,64.74
2008-12-31,391444.11,606886.10,584782.48,2303151.13,969328.44,1110858.16,1044170.57,1673351.72,1003229.40,1184077.79,1099831.31,1881175.03,65.66
2009-01-02,372855.91,530327.63,534012.87,2272308.00,961146.45,1084568.21,1027407.86,1662406.81,991955.43,1147220.97,1076534.30,1864452.80,67.64
2009-01-05,368567.84,492389.34,511841.17,2256370.43,958979.19,1073113.17,1020823.86,1656616.03,988910.37,1130999.00,1067270.73,1855685.89,67.56
2009-01-06,366702.42,480577.54,504406.68,2233162.80,957941.76,1070165.60,1018869.72,1648350.66,987368.43,1126662.26,1064392.48,1843030.07,68.01
2009-01-07,349019.49,478809.80,491317.37,2272906.02,954810.86,1073043.21,1018574.54,1664197.10,982440.12,1129942.03,1063285.35,1866022.35,65.97
2009-01-08,358038.89,482935.70,499782.55,2270192.18,955825.86,1073014.82,1019102.46,1662293.29,984244.12,1130333.22,1064445.63,1863852.70,66.24
2009-01-09,354659.76,490356.82,501264.10,2293686.43,955665.22,1075791.11,1020335.23,1671521.63,983788.42,1133991.05,1065921.52,1877393.28,64.82
2009-01-12,338083.64,499901.32,494428.44,2337266.14,951605.70,1079093.04,1019733.96,1687420.72,978266.09,1138784.40,1065182.64,1901741.66,63.27
2009-01-13,334757.50,497712.89,490914.05,2352642.59,952013.31,1079344.92,1020071.38,1694229.46,978374.54,1138671.41,1065188.84,1911192.95,63.38
2009-01-14,336298.15,515614.16,500872.08,2383977.08,952583.10,1084480.65,1022803.48,1706132.38,979093.39,1145877.49,1068950.68,1929061.79,61.39
2009-01-15,331321.14,517508.97,498086.10,2379745.62,951390.90,1085596.21,1022689.50,1704704.43,977355.76,1147335.17,1068682.04,1926758.76,61.41
2009-01-16,326974.92,498503.03,485672.89,2359718.72,949599.91,1080097.05,1019136.65,1696653.14,975088.40,1139748.40,1063909.09,1915002.85,61.89
2009-01-20,344508.34,501220.67,500018.38,2415275.88,953182.82,1079634.84,1020841.22,1716483.03,980685.46,1139735.99,1066956.75,1946144.35,58.62
2009-01-21,307887.26,456479.78,451125.73,2384987.39,944035.08,1069051.02,1010938.96,1706323.69,967329.83,1124041.00,1052345.10,1929637.01,61.16
2009-01-22,310210.71,449861.39,449557.54,2401442.83,945200.80,1067601.00,1010877.53,1712727.82,968874.98,1121858.50,1052163.92,1939183.70,60.21
2009-01-23,303956.60,452839.43,446513.83,2389234.26,943316.56,1066806.29,1009493.70,1707835.27,966324.88,1120928.76,1050343.28,1931923.93,60.47
2009-01-26,290545.97,444433.53,432519.45,2373553.88,939249.71,1065101.19,1006510.88,1701649.57,960737.50,1118559.63,1046196.71,1922708.64,60.89
2009-01-27,279251.71,436632.25,420316.81,2377768.11,935516.18,1064568.22,1004258.61,1702959.11,955690.70,1117830.48,1043107.86,1924973.42,61.50
2009-01-28,260601.90,422355.47,399409.74,2342340.58,929436.47,1061014.78,999319.32,1688810.16,947382.34,1112930.48,1036287.48,1903854.16,63.59
2009-01-29,275273.03,446045.96,421854.26,2363253.87,934846.00,1066987.20,1005040.02,1697009.35,954891.33,1121440.06,1044356.08,1916257.17,61.52
2009-01-30,285032.63,462270.26,437004.70,2379140.38,939178.21,1071763.47,1009618.25,1703942.77,960606.71,1127912.28,1050495.18,1926176.90,60.27
2009-02-02,268189.75,442375.94,414689.68,2391024.10,933450.40,1067913.96,1004726.40,1709134.66,952453.24,1122122.61,1043340.83,1933595.43,60.09
2009-02-03,267082.42,439823.71,412637.32,2363573.52,932296.53,1066205.32,1003301.64,1697648.77,951151.09,1120057.71,1041667.66,1916704.97,60.93
2009-02-04,271917.72,445691.98,419125.31,2367169.04,934695.36,1068587.77,1005713.35,1699576.06,954252.37,1123165.46,1044810.99,1919201.19,60.63
2009-02-05,274050.37,459595.18,427306.15,2347727.93,934300.99,1071335.47,1006794.19,1691454.62,953875.55,1127296.80,1046526.27,1907139.47,61.53
2009-02-06,270177.33,458654.25,423849.26,2301581.56,931484.27,1069917.66,1004610.36,1671705.27,950496.80,1125856.57,1044004.28,1878118.65,63.29
2009-02-09,261520.29,446795.59,411579.37,2301410.44,929217.83,1068175.54,1002570.28,1672609.06,946905.79,1122839.99,1040633.50,1878621.75,63.37
2009-02-10,271912.38,465598.29,428417.23,2360729.82,933124.69,1073429.36,1007143.49,1696513.07,952401.59,1130362.38,1047139.23,1915113.94,60.47
2009-02-11,286404.38,484919.68,448723.03,2358590.80,938553.70,1078593.38,1012495.89,1695429.18,960006.52,1137782.26,1054756.73,1913607.15,60.83
2009-02-12,289031.08,487930.97,452173.98,2361024.59,939544.21,1079336.75,1013379.07,1696340.49,961381.17,1138846.24,1056005.06,1914992.00,60.87
2009-02-13,291649.37,488683.05,454570.55,2362398.04,941278.69,1080666.34,1014938.63,1697551.84,963486.01,1140362.01,1057863.82,1916254.34,60.22
2009-02-17,313755.54,516585.66,484775.54,2427708.61,950287.28,1089047.82,1023731.27,1724277.07,975972.09,1152216.28,1070216.73,1956866.36,57.64
2009-02-18,330922.31,527987.77,503387.51,2423177.25,957328.91,1092665.41,1029224.50,1722536.80,985650.45,1157259.97,1077865.59,1954075.56,57.50
2009-02-19,309344.56,508522.75,477696.80,2419445.46,948897.12,1086981.43,1022015.00,1721082.03,973963.86,1149212.17,1067727.76,1951865.85,56.88
2009-02-20,317381.76,524222.60,491276.48,2422932.98,952579.89,1091276.75,1026017.58,1722439.59,979069.27,1155342.76,1073374.17,1953927.88,56.33
2009-02-23,333113.40,536079.16,509007.72,2447054.28,958188.49,1094425.61,1030518.35,1732337.56,986915.83,1159885.51,1079785.57,1969106.77,54.32
2009-02-24,307992.51,494164.95,469916.17,2414543.15,947352.99,1082154.65,1018914.43,1718321.98,972117.20,1142677.22,1063680.02,1948251.07,56.38
2009-02-25,291983.87,489577.83,455522.66,2425443.62,940525.93,1079209.29,1013856.43,1722568.00,962810.66,1138761.06,1056765.75,1954989.26,55.93
2009-02-26,279114.28,486986.41,444278.19,2429285.47,935576.31,1077401.70,1010339.60,1724378.95,955878.24,1136193.72,1051770.05,1957595.54,55.02
2009-02-27,272478.66,480255.17,435926.63,2446432.11,933422.53,1076370.10,1008692.96,1732039.37,952675.39,1134438.75,1049195.69,1968797.44,53.79
2009-03-02,293969.77,488721.63,456960.46,2512531.96,942592.96,1079842.22,1015274.83,1760483.46,965163.13,1139042.08,1058200.87,2011750.95,51.37
2009-03-03,294344.44,484366.40,455215.57,2502956.68,942380.16,1077689.04,1014148.01,1756179.12,964942.30,1136128.44,1056726.39,2005322.00,50.98
2009-03-04,279943.77,477884.49,441034.06,2455939.31,936089.06,1074635.61,1009326.21,1736507.42,956245.31,1131902.33,1049998.90,1975286.04,52.19
2009-03-05,285283.88,503832.28,457214.02,2505530.35,938713.39,1082766.72,1014559.51,1757466.11,959800.36,1143356.23,1057263.25,2007138.60,50.06
2009-03-06,280531.87,506089.71,454430.36,2496294.76,936548.09,1082281.56,1013162.08,1753413.70,956878.09,1142843.44,1055416.65,2001097.12,50.15
2009-03-09,288481.05,499571.93,457942.51,2526141.26,939987.38,1079255.89,1013606.19,1765893.46,961633.34,1138591.99,1056076.01,2020147.34,49.56
2009-03-10,278333.54,455574.70,429722.83,2475580.49,935783.29,1068244.58,1006168.76,1744623.25,955818.03,1122772.37,1045546.23,1987679.06,52.51
2009-03-11,266126.70,436785.87,411438.36,2480864.05,931067.57,1065019.28,1002114.61,1746793.92,949297.97,1118010.42,1039762.95,1990992.15,52.85
2009-03-12,256391.21,432509.46,401898.59,2431301.20,926252.02,1062554.19,998363.36,1725523.79,942791.37,1114772.27,1034693.86,1958819.60,54.93
2009-03-13,251318.27,443994.61,403258.76,2425201.21,923698.22,1065812.37,998517.72,1722770.70,939337.47,1119482.98,1034984.73,1954763.65,55.36
2009-03-16,253335.40,434832.49,400716.32,2414859.23,924161.02,1062591.21,997258.98,1718277.47,940054.37,1115013.96,1033313.83,1948053.18,55.20
2009-03-17,257506.94,425036.83,399501.95,2392368.33,926587.28,1059720.59,997221.00,1709094.84,943181.19,1110730.57,1033047.57,1933597.18,56.88
2009-03-18,236388.44,360410.20,352748.07,2360132.84,916822.46,1043241.43,984212.77,1695380.81,929643.93,1087011.55,1014603.96,1912521.40,58.16
2009-03-19,234673.67,335254.43,339158.16,2332272.44,914784.57,1036444.28,979912.65,1682979.07,927076.10,1077509.69,1008768.24,1894035.60,57.44
2009-03-20,231575.16,336242.14,337418.74,2350110.31,913540.85,1037277.16,979640.25,1690971.23,925222.73,1078517.92,1008231.86,1905935.79,56.21
2009-03-23,240235.58,337434.28,344326.26,2278021.70,918243.59,1038011.85,982508.68,1659865.62,931609.89,1079471.71,1012157.77,1858332.40,60.25
2009-03-24,233307.36,335578.59,338414.41,2311889.32,914437.36,1036970.13,979979.36,1674244.54,926454.09,1078086.44,1008707.54,1880404.44,59.07
2009-03-25,232050.33,335129.19,337276.14,2302459.78,914084.75,1037155.90,979878.21,1670544.73,925827.45,1078180.62,1008410.46,1874474.77,59.69
2009-03-26,238801.49,340194.68,344731.39,2282514.16,917618.00,1039297.09,982783.46,1661922.78,930754.39,1081285.38,1012545.60,1861484.06,60.90
2009-03-27,227382.73,334922.55,333818.16,2328998.77,911234.83,1037036.67,978296.47,1681965.54,921933.71,1078011.85,1006214.98,1891874.86,59.81
2009-03-30,208295.71,321693.24,313214.59,2381724.09,899747.56,1030612.41,969099.95,1704464.71,906261.54,1069030.49,993470.94,1926292.30,57.74
2009-03-31,212744.35,323138.84,317263.06,2352284.35,901723.72,1030913.42,970305.70,1691573.28,909121.86,1069622.38,995313.75,1906955.26,58.27
2009-04-01,210928.21,322312.87,315503.39,2348190.01,900949.51,1030678.17,969778.45,1689823.53,907997.82,1069223.63,994512.93,1904265.25,59.40
2009-04-02,214078.46,323854.69,318614.06,2293015.23,902033.70,1030842.60,970439.32,1665467.05,909709.06,1069706.72,995674.73,1867929.81,61.14
2009-04-03,219732.44,328374.69,325044.92,2276626.29,905789.01,1033596.27,973755.52,1658827.14,914643.57,1073334.77,1000063.62,1857487.95,61.75
2009-04-06,219244.39,329600.62,325290.68,2300987.19,905611.65,1033996.76,973848.84,1669201.29,914458.19,1073980.40,1000263.05,1873282.99,61.26
2009-04-07,214585.88,324911.53,319520.90,2326832.05,902283.55,1031705.22,970980.29,1680443.34,909925.58,1070754.63,996281.92,1890245.48,59.83
2009-04-08,213763.95,322901.54,317920.66,2315789.15,901787.87,1031085.51,970421.96,1675895.74,909121.67,1069717.22,995359.19,1883103.86,60.48
2009-04-09,223771.22,334183.67,330916.37,2271833.38,907500.59,1036112.92,975861.52,1656171.76,917148.59,1077045.89,1003162.98,1853769.32,62.88
2009-04-13,227006.49,339363.36,335873.07,2259108.82,909599.48,1039272.64,978478.01,1651011.66,919824.83,1081245.76,1006582.48,1845564.93,62.90
2009-04-14,220996.04,328233.88,325919.11,2272884.05,905340.65,1033299.19,973375.34,1656794.72,914149.45,1073004.26,999640.94,1854568.69,61.81
2009-04-15,233967.72,341415.01,342028.34,2257608.98,913751.97,1039984.22,981045.72,1649956.35,925651.67,1082414.92,1010313.51,1844254.89,62.47
2009-04-16,228974.70,334993.94,335162.48,2260458.95,911062.53,1037269.78,978321.66,1651646.52,921758.67,1078344.48,1006289.33,1846382.93,63.39
2009-04-17,227966.71,334472.54,334163.93,2253767.65,909097.14,1036062.74,976697.20,1647934.29,919443.63,1077060.43,1004426.53,1841486.19,63.81
2009-04-20,192782.79,298541.49,290427.89,2319177.50,884718.28,1017884.48,955033.04,1677895.39,886028.89,1051303.20,974164.81,1886393.09,61.14
2009-04-21,184512.79,298149.57,284007.87,2294892.26,879505.96,1017384.29,951985.10,1666979.91,878962.65,1050677.30,969990.25,1870085.53,62.33
2009-04-22,181057.44,294084.00,279412.21,2298927.93,877431.01,1015878.64,950157.70,1669177.18,875936.63,1048309.13,967227.40,1872977.43,61.95
2009-04-23,173316.86,286853.10,270004.41,2276222.83,872102.27,1012520.10,945701.85,1659200.30,868545.80,1043417.30,960890.11,1857660.39,62.56
2009-04-24,170308.46,291155.71,269686.01,2247489.89,869887.54,1014672.51,945506.22,1646181.82,865529.84,1046449.53,960618.00,1838040.53,63.51
2009-04-27,169620.99,278816.91,263427.22,2274864.18,869131.33,1008019.22,941995.36,1658475.19,864582.95,1037180.23,955838.03,1856707.81,62.91
2009-04-28,173860.09,274981.51,264907.11,2279222.10,872808.17,1006410.84,943236.39,1660576.92,869476.12,1034823.32,957456.82,1859735.92,62.71
2009-04-29,174014.05,290980.43,272730.80,2238819.86,872627.19,1014836.74,947087.09,1641934.11,869318.92,1046743.32,962884.67,1831788.65,64.04
2009-04-30,173747.93,296012.92,274880.68,2236467.16,872328.99,1017615.14,948221.73,1640843.83,868927.74,1050637.08,964458.94,1830145.25,64.06
2009-05-01,182942.86,316967.95,291883.70,2216606.04,880817.99,1030116.34,958659.86,1631754.35,880213.09,1068022.12,978701.50,1816349.82,64.41
2009-05-04,186374.24,329580.23,300428.16,2170091.39,882774.42,1036194.71,962552.89,1608971.29,883253.99,1077032.44,984520.46,1783201.00,66.60
2009-05-05,184579.54,320534.45,294858.83,2178823.98,881281.83,1031293.17,959462.55,1613202.34,881186.61,1070077.36,980189.42,1789371.37,66.37
2009-05-06,194908.52,346570.35,315084.09,2142683.90,890410.37,1046290.82,971408.26,1595988.85,893517.37,1091159.63,996703.16,1763855.37,67.52
2009-05-07,201936.25,349980.74,322314.79,2146602.47,896664.83,1049141.99,976143.52,1597821.87,901925.71,1095101.39,1003193.11,1766583.52,66.58
2009-05-08,220569.34,367323.14,345170.86,2102077.08,913820.02,1060599.22,990811.44,1576743.97,924893.59,1110997.45,1023247.43,1735046.40,68.14
2009-05-11,203337.81,337225.54,317546.73,2129637.82,898153.91,1042397.37,973816.35,1589777.00,903911.56,1085617.54,999953.13,1754596.69,66.86
2009-05-12,206723.49,338583.43,320829.71,2120023.44,901954.13,1044156.11,976698.04,1585733.77,908742.11,1087754.73,1003609.30,1748039.25,66.66
2009-05-13,190348.41,307225.29,293265.93,2163119.07,887306.04,1025139.31,959872.96,1605864.80,889256.15,1061402.35,980692.30,1778414.75,64.99
2009-05-14,196864.67,316313.85,302623.47,2147290.06,893173.55,1030797.00,965695.39,1598494.43,897060.65,1069228.39,988611.26,1767311.64,65.54
2009-05-15,184038.00,299833.42,284881.21,2171039.35,881957.13,1020670.26,954888.22,1609767.65,882008.53,1055093.74,973782.65,1784088.70,65.01
2009-05-18,202884.88,331892.76,314698.50,2127442.32,898700.26,1040714.42,973328.22,1589362.07,904288.77,1082813.57,998873.71,1753322.93,66.85
2009-05-19,207590.68,337306.90,320914.96,2117838.34,902623.58,1043865.62,976926.36,1584655.77,909621.38,1087282.35,1003880.08,1746452.65,66.77
2009-05-20,214013.63,340938.07,327606.93,2098020.23,907514.56,1045414.42,980297.89,1574753.34,916436.66,1089759.83,1008784.55,1732253.57,66.33
2009-05-21,223720.64,343676.80,336352.39,2109906.86,916537.56,1048949.59,986828.70,1580750.92,928340.98,1094375.51,1017472.86,1740777.33,65.37
2009-05-22,240380.82,372695.35,363076.30,2091494.10,931073.34,1066163.13,1002751.04,1572022.90,947774.46,1118311.25,1039249.40,1727660.38,65.24
2009-05-26,251231.88,389716.19,379561.90,2070863.22,939587.31,1076050.79,1011985.54,1562067.37,959198.00,1132032.91,1051888.23,1712721.30,66.91
2009-05-27,260065.43,393479.99,388067.65,2078482.60,946436.98,1078653.69,1016898.23,1565782.91,968444.00,1135660.20,1058643.21,1718247.02,65.71
2009-05-28,258619.47,393016.61,386760.32,2054451.99,945609.61,1077934.22,1016114.60,1553905.57,967359.34,1134746.24,1057624.38,1700715.40,66.63
2009-05-29,262259.17,394488.77,390206.23,2024067.44,949859.65,1079071.74,1018934.21,1539096.51,972919.94,1136230.28,1061355.70,1678559.45,67.81
2009-06-01,290231.98,449789.33,438366.22,1965197.14,971794.63,1110128.54,1045362.26,1509403.65,1002711.70,1179921.03,1098011.40,1635157.53,69.45
2009-06-02,291199.81,442003.75,435303.20,1959142.42,972703.65,1105793.73,1043810.22,1506423.30,1003926.72,1173842.50,1095848.37,1630832.16,69.51
2009-06-03,259406.44,400494.91,391100.08,2002370.72,947074.82,1082582.61,1019104.01,1528292.50,969315.25,1141288.06,1061762.38,1662345.59,68.63
2009-06-04,284841.24,445931.57,432459.17,1976957.32,966406.16,1106638.23,1040827.35,1515594.19,995428.85,1174945.97,1091720.75,1643908.77,69.27
2009-06-05,277608.48,437661.12,422958.31,1986048.39,960320.81,1101714.50,1035234.90,1520008.92,987316.38,1168184.46,1084130.86,1650439.25,69.29
2009-06-08,276817.15,440374.07,423666.39,1993658.73,959766.50,1102923.55,1035504.17,1523890.72,986513.88,1169817.81,1084448.18,1655953.41,69.00
2009-06-09,285648.52,459291.00,439524.18,1971951.28,965817.64,1112491.84,1043260.20,1512829.25,994769.62,1183275.09,1095223.43,1640016.26,69.35
2009-06-10,287339.15,462865.52,442535.19,1970305.19,966694.80,1114403.28,1044630.18,1512121.94,995936.18,1185875.62,1097069.13,1638867.99,69.18
2009-06-11,285312.94,469640.81,444213.75,1951028.32,964752.60,1116856.22,1044730.48,1501959.86,993494.54,1189563.68,1097430.27,1624479.22,69.49
2009-06-12,266279.64,445179.80,417828.61,1966360.13,951534.04,1104652.29,1031865.39,1510230.70,975330.89,1172164.01,1079372.32,1636001.44,69.68
2009-06-15,247693.25,404118.44,383977.03,2006748.18,939313.28,1083003.00,1015127.75,1531068.38,958689.14,1141857.86,1056210.32,1666250.77,68.08
2009-06-16,239430.75,374616.59,363556.99,2022744.45,934049.32,1068818.29,1005635.48,1539310.20,951440.51,1121843.61,1042960.80,1678089.47,67.16
2009-06-17,237359.71,379179.98,364198.97,2019236.11,933322.30,1071582.66,1006544.59,1537480.13,950398.43,1125677.49,1044171.80,1675433.34,67.09
2009-06-18,244963.78,395737.43,377984.36,2015586.69,939133.73,1079503.43,1013398.29,1535464.57,958316.38,1136889.24,1053721.36,1672629.44,67.58
2009-06-19,242222.61,386658.20,371533.54,2012349.61,937119.17,1074861.14,1010132.35,1533908.50,955527.10,1130312.04,1049139.86,1670249.55,67.83
2009-06-22,238789.93,347718.12,350192.49,2054131.63,934390.38,1056219.80,999902.28,1555882.27,951840.87,1104103.89,1034953.16,1702141.87,65.80
2009-06-23,236715.69,345255.08,347431.24,2041690.53,932719.51,1054593.02,998238.24,1549307.62,949583.70,1101844.33,1032667.00,1692599.55,65.85
2009-06-24,239147.30,358983.63,356123.24,2037236.86,934689.50,1060593.43,1002132.31,1546993.19,952244.95,1110306.39,1038079.44,1689240.43,66.41
2009-06-25,231953.21,361333.90,351932.51,2020834.73,928816.62,1061528.73,999425.86,1538271.56,944311.26,1111597.74,1034358.70,1676581.61,67.86
2009-06-26,231953.21,350571.44,346691.30,2021361.39,928816.62,1056595.88,997103.73,1538543.88,944311.26,1104655.10,1031128.59,1676976.84,67.68
2009-06-29,231953.21,351497.40,347149.15,2016194.82,928816.62,1056960.81,997275.92,1535760.14,944311.26,1105162.81,1031365.55,1672936.36,68.32
2009-06-30,231902.55,342397.82,342617.73,2025538.54,928613.76,1052550.36,995086.32,1540722.62,944105.02,1099038.30,1028395.15,1680260.65,67.76
2009-07-01,231907.56,353288.04,348070.04,2014518.61,928633.84,1057629.36,997497.93,1534774.30,944125.44,1106174.57,1031745.05,1671614.79,68.04
2009-07-02,231958.37,340669.83,341892.25,2060635.63,928837.28,1051961.46,994934.37,1560089.43,944332.27,1098099.34,1028092.12,1708235.32,66.19
2009-07-06,230905.68,334750.76,338146.30,2076665.54,927907.30,1049009.28,993040.23,1568862.44,943125.57,1094022.83,1025526.95,1721090.15,66.18
2009-07-07,231795.03,327258.42,335013.33,2109861.27,928555.72,1045431.41,991693.70,1586887.40,944017.93,1088993.13,1023654.71,1747253.26,64.90
2009-07-08,242055.89,326072.62,341821.39,2133722.87,936274.42,1045092.16,995654.57,1599886.18,954567.16,1088447.15,1029117.68,1766002.84,64.85
2009-07-09,238209.18,323013.08,337501.65,2114725.99,933276.01,1043413.18,993260.50,1589511.17,950514.15,1086163.81,1025853.47,1751062.28,64.98
2009-07-10,242091.75,328814.46,343282.91,2131577.65,936128.27,1046255.19,996130.99,1598632.36,954438.69,1090171.69,1029863.94,1764305.51,64.82
2009-07-13,237468.44,323119.84,337032.42,2111862.72,932819.44,1043610.33,993111.46,1587919.74,949813.23,1086357.62,1025566.90,1748626.08,66.40
2009-07-14,231882.43,317890.43,330341.10,2095810.46,928622.44,1040996.43,989633.62,1579125.02,944038.91,1082671.61,1020709.60,1735853.83,66.78
2009-07-15,220182.23,305308.83,315469.82,2039618.65,919441.83,1034258.45,981538.96,1548013.10,931554.13,1073338.44,1009560.72,1690909.62,68.73
2009-07-16,221169.22,305442.18,316245.78,2037807.68,920544.33,1034710.20,982341.81,1547356.01,932930.36,1073807.26,1010526.94,1689706.47,68.62
2009-07-17,219069.82,305442.18,314744.84,2027914.07,918934.01,1034710.20,981482.59,1542000.59,930704.28,1073807.26,1009321.32,1681923.23,69.37
2009-07-20,225324.22,305308.83,319169.08,1996374.23,923387.75,1034258.45,983646.79,1524667.66,936958.38,1073338.44,1012492.18,1656976.66,70.11
2009-07-21,229271.79,304757.19,321676.59,2008534.42,926426.52,1033974.09,985130.10,1531276.64,941131.65,1072939.00,1014558.63,1666582.08,70.43
2009-07-22,236535.69,305390.22,327106.43,1997971.46,932236.64,1034496.76,988468.23,1525526.82,949029.51,1073590.55,1019123.71,1658104.04,70.42
2009-07-23,241322.70,309469.76,332601.23,1968762.94,935334.80,1036444.10,991041.09,1509305.36,953332.80,1076408.52,1022771.77,1634650.31,71.97
2009-07-24,244222.44,310808.97,335319.16,1965728.24,937445.29,1036968.96,992410.12,1507536.49,956299.78,1077228.41,1024752.84,1632201.18,72.27
2009-07-27,249032.31,314382.33,340548.73,1952874.84,940940.74,1038860.77,995165.58,1500426.73,961094.53,1079885.37,1028585.59,1621868.84,72.48
2009-07-28,242590.56,311322.81,334487.13,1969112.91,936621.84,1037419.19,992191.21,1509544.69,955081.70,1077777.57,1024364.22,1634997.90,72.14
2009-07-29,229103.97,303510.40,320992.55,1994094.63,926725.92,1033227.02,984944.99,1523535.27,941481.37,1071887.45,1014271.65,1655328.88,71.96
2009-07-30,241387.42,317004.15,336733.08,1965322.49,936320.61,1040736.82,993623.15,1507456.83,954578.57,1082355.70,1026279.34,1631843.18,72.72
2009-07-31,247522.63,323143.00,344272.81,1947425.41,940732.39,1043530.85,997297.82,1497157.21,960839.55,1086530.19,1031624.07,1617243.42,72.82
2009-08-03,277006.25,366998.11,388138.16,1896440.46,962499.50,1067864.74,1020463.68,1468553.88,990640.13,1120631.78,1063811.21,1575675.97,74.02
2009-08-04,272782.62,365482.17,384377.49,1895019.75,959127.48,1067037.75,1018281.00,1467988.17,985931.44,1119368.46,1060683.34,1574747.86,74.21
2009-08-05,282516.61,379432.84,398571.51,1887669.18,965894.12,1074246.09,1025312.46,1463817.48,995284.15,1129567.75,1070546.54,1568865.37,74.00
2009-08-06,267286.51,352432.58,373647.20,1908759.22,955065.65,1059797.11,1012669.76,1475669.12,980415.19,1109265.52,1052929.16,1585913.64,73.61
2009-08-07,276018.90,360116.11,383823.85,1896340.15,960526.40,1063893.57,1017521.97,1468685.90,987928.17,1114994.97,1059682.73,1575868.40,74.58
2009-08-10,264197.54,344149.98,367096.01,1908958.45,952400.92,1055373.69,1009143.89,1475822.68,976748.30,1103019.03,1047995.87,1586133.51,74.43
2009-08-11,243182.24,326848.97,343268.61,1930208.71,937580.69,1046130.73,996873.25,1487889.38,956384.06,1090048.25,1030909.15,1603489.28,73.50
2009-08-12,255045.35,341093.20,359121.32,1911743.85,945840.78,1054142.57,1005081.77,1477500.39,967588.22,1101122.81,1042184.63,1588314.10,74.29
2009-08-13,264307.96,360748.03,375989.35,1904280.06,952432.15,1064297.13,1013424.86,1473074.10,976731.05,1115534.41,1053928.58,1582181.80,74.85
2009-08-14,249468.77,340131.42,354690.83,1933836.56,942547.22,1053617.93,1003081.51,1490272.93,963025.19,1100389.56,1039379.79,1606683.56,74.28
2009-08-17,232762.94,318137.54,331347.12,1977135.40,930719.47,1041458.30,990999.62,1515079.29,946944.56,1083503.63,1022727.13,1642592.75,72.45
2009-08-18,231151.76,321920.89,332170.55,1954283.27,930051.84,1043852.84,991783.45,1502279.04,945877.22,1086694.82,1023656.84,1623951.83,73.03
2009-08-19,232171.06,325030.16,334507.06,1947781.02,930197.79,1045214.09,992507.94,1498428.58,946229.75,1088765.02,1024822.66,1618646.15,73.67
2009-08-20,233998.73,328205.81,337457.82,1943245.30,931557.78,1047113.80,994135.44,1495912.69,948030.73,1091343.63,1027011.53,1614911.05,74.43
2009-08-21,226796.41,354899.06,345987.32,1915862.53,926429.38,1061449.74,998204.30,1480178.80,941042.89,1111524.85,1032722.32,1592400.18,75.88
2009-08-24,230417.57,352947.61,347798.21,1916891.71,928773.49,1060401.18,998974.12,1480753.07,944272.60,1110051.48,1033810.05,1593226.30,75.88
2009-08-25,232016.84,352293.62,348682.97,1922112.55,929844.84,1060037.30,999378.88,1483783.30,945744.12,1109540.99,1034377.86,1597584.31,76.02
2009-08-26,231172.47,350064.16,346945.20,1930407.50,929219.92,1059015.18,998561.24,1488623.08,944809.95,1108019.21,1033157.65,1604427.90,76.03
2009-08-27,233412.46,350911.61,349046.04,1921925.29,931244.92,1059501.14,999878.40,1483636.37,947582.72,1108702.77,1034992.36,1597256.17,76.20
2009-08-28,234812.82,359154.96,354192.86,1924119.88,932403.62,1064260.94,1002746.43,1485061.99,949100.88,1115297.47,1038899.60,1599189.61,76.19
2009-08-31,231789.87,344570.10,344721.27,1940638.30,929791.74,1056102.41,997498.49,1494787.00,945516.03,1103862.71,1031611.84,1613175.81,75.51
2009-09-01,227209.91,324800.73,331426.55,1971493.69,925457.62,1044436.13,989664.17,1513021.73,939766.04,1087735.11,1020939.06,1639709.38,73.84
2009-09-02,238517.65,327296.46,340947.06,1992967.23,935142.91,1046663.45,995898.04,1526111.39,952774.79,1090563.93,1029332.81,1658050.90,73.56
2009-09-03,232988.74,348021.62,347790.20,1991437.20,930826.89,1058441.95,999203.44,1525205.50,946829.78,1107088.99,1033920.07,1656749.32,74.17
2009-09-04,225864.84,356527.57,346723.31,1974514.39,924917.95,1063220.41,998287.45,1515034.42,938705.80,1113762.00,1032600.45,1642134.03,75.21
2009-09-08,223312.66,379588.08,355977.57,1945090.85,922968.28,1076266.94,1003360.16,1497344.49,936025.04,1132047.35,1039602.43,1616714.04,75.86
2009-09-09,221864.03,380954.93,355463.88,1934590.16,921384.95,1076494.95,1002605.82,1490797.96,934063.77,1132603.69,1038768.73,1607656.42,76.44
2009-09-10,226668.67,385685.27,361519.71,1924717.06,925711.41,1079490.57,1006354.75,1484880.19,939631.80,1136745.51,1043764.16,1599034.09,77.23
2009-09-11,242412.78,385276.50,373883.47,1940309.33,938852.67,1079074.71,1013303.93,1494276.62,957126.85,1136254.88,1053255.86,1612656.13,77.21
2009-09-14,233362.94,380015.24,364351.66,1930313.78,931407.05,1076041.71,1007861.83,1488141.86,947114.14,1131977.06,1045764.02,1603839.07,77.59
2009-09-15,224063.49,390742.14,362234.38,1917895.61,923981.86,1082335.59,1006792.04,1480507.76,936982.87,1140806.15,1044249.08,1592866.95,77.91
2009-09-16,226323.96,421005.13,378089.12,1896434.41,925927.56,1100073.28,1016101.90,1467234.36,939442.79,1165672.30,1057000.60,1573789.77,79.09
2009-09-17,225096.11,418568.11,375969.21,1906468.22,924884.38,1098854.99,1014966.87,1473503.31,937945.83,1163880.69,1055346.17,1582682.78,78.97
2009-09-18,216205.30,404888.03,362400.32,1904796.55,917193.92,1090667.58,1006965.94,1472412.45,927476.01,1152459.68,1044278.03,1581231.91,79.02
2009-09-21,208117.06,398959.56,352968.44,1918671.49,910688.17,1087794.96,1002068.60,1481211.47,918342.62,1148173.78,1037194.44,1593527.75,78.82
2009-09-22,226293.78,417467.59,376569.62,1904527.70,925940.96,1098081.08,1015197.98,1472143.69,939430.71,1162857.85,1055735.46,1580845.68,79.28
2009-09-23,221747.73,397010.60,363560.70,1919614.89,922195.73,1086441.67,1007764.43,1481841.09,934160.07,1146359.45,1045284.60,1594549.05,78.62
2009-09-24,223291.03,373622.85,354117.22,1937157.88,923045.92,1072364.57,1001700.13,1492916.77,932884.04,1126761.52,1035635.70,1610699.25,77.76
2009-09-25,237934.07,374218.28,366010.59,1948175.29,935987.42,1072996.21,1009017.27,1500059.89,944096.41,1127486.49,1042192.54,1620731.54,77.34
2009-09-28,235516.41,375399.53,364728.74,1938152.77,934631.67,1074391.72,1008942.65,1493642.14,941454.16,1129321.59,1041582.28,1611391.92,78.73
2009-09-29,224519.24,368313.83,352771.29,1940773.45,925828.10,1070717.47,1002465.68,1495333.17,932629.22,1124123.91,1034303.59,1613822.09,78.49
2009-09-30,210710.22,380041.28,347539.00,1934909.15,913807.88,1076958.25,998879.55,1491519.86,919370.65,1132953.25,1031013.52,1608341.99,78.19
2009-10-01,218766.89,356786.63,343550.30,1936917.55,919592.54,1063094.86,995611.99,1492656.09,927464.02,1113707.27,1026794.47,1610306.67,76.25
2009-10-02,216436.19,360044.29,343288.64,1937896.90,917663.19,1064410.34,995183.56,1493228.21,924575.20,1115585.93,1026061.38,1611128.21,75.89
2009-10-05,216514.97,384914.33,355207.44,1940273.18,918037.77,1078840.35,1002132.43,1494863.23,924846.21,1135732.32,1035476.60,1613243.25,77.02
2009-10-06,219889.32,422085.75,375126.67,1950211.83,920632.06,1098815.00,1012825.60,1501414.55,927212.48,1164059.88,1049714.74,1622883.24,78.13
2009-10-07,227999.12,421570.03,381815.07,1958381.80,927619.01,1099146.03,1016821.48,1507029.48,934625.53,1164335.90,1054035.43,1630713.20,78.34
2009-10-08,218855.31,433443.31,379535.60,1951607.70,919884.46,1105494.84,1015518.96,1502282.44,926262.77,1173410.71,1053427.39,1624129.33,78.94
2009-10-09,193102.97,417303.81,350139.84,1935717.05,898541.71,1097376.52,1000009.37,1491403.87,899578.05,1161813.09,1033047.41,1608391.54,79.42
2009-10-12,197177.04,428954.59,358721.25,1931660.41,901936.78,1103706.57,1004782.80,1488602.24,904176.18,1170724.42,1039649.43,1604368.35,79.73
2009-10-13,200099.93,434000.97,363490.10,1940155.10,904109.24,1106374.55,1007207.31,1494457.17,907145.36,1174482.10,1043024.93,1612776.19,79.57
2009-10-14,197066.89,448154.34,366662.23,1935389.14,901336.01,1114259.65,1009251.75,1491087.61,903413.55,1185600.28,1045816.41,1608053.96,80.94
2009-10-15,180716.81,423834.94,341503.18,1918873.23,887356.93,1101635.90,995708.32,1479454.67,884438.65,1167675.05,1026927.57,1591348.69,81.24
2009-10-16,175938.12,420280.91,335556.19,1922160.69,883362.32,1099563.37,992530.51,1481829.40,878923.28,1164635.86,1022389.18,1594526.07,80.63
2009-10-19,188602.14,441825.37,356233.49,1926274.81,894501.75,1111313.09,1004091.54,1484716.73,893963.80,1181290.96,1038447.40,1598788.66,81.30
2009-10-20,173041.19,429552.42,336589.96,1933533.93,880777.53,1104335.81,993236.67,1489854.47,875571.78,1171520.35,1023470.55,1606283.32,80.87
2009-10-21,182172.08,435760.85,347902.82,1921595.43,889280.10,1106881.75,999175.66,1481210.93,886969.57,1175197.31,1031738.23,1593870.74,80.14
2009-10-22,185396.23,445995.54,355067.07,1919602.23,892149.38,1112787.99,1003453.36,1479758.47,890812.43,1183491.26,1037614.01,1591784.91,80.96
2009-10-23,178150.53,431013.38,342164.84,1920563.49,885787.95,1104302.30,996049.85,1480440.88,882268.97,1171534.89,1027397.00,1592764.90,80.03
2009-10-26,163680.10,396875.47,314718.14,1911488.94,872720.84,1085190.64,980083.91,1473722.19,864735.78,1144536.58,1005350.05,1583116.45,79.16
2009-10-27,156913.08,389645.57,305345.84,1916612.15,866043.83,1080666.42,974291.69,1477518.68,855816.19,1138180.31,997373.41,1588568.44,78.80
2009-10-28,145972.71,355416.81,281289.41,1919434.14,855592.37,1062104.27,960045.29,1479600.56,841856.44,1111957.99,977749.87,1591558.15,77.31
2009-10-29,150792.23,399070.60,303207.59,1915969.39,860362.94,1086042.09,973540.58,1476966.75,848158.29,1145655.96,996224.81,1587659.30,78.97
2009-10-30,144778.47,366498.51,284787.59,1930554.02,854911.59,1068942.42,962792.18,1488046.42,840752.58,1121425.51,981340.53,1603337.77,76.68
2009-11-02,145690.49,389628.08,294671.00,1933605.93,855857.22,1080572.08,968562.06,1490366.93,842005.69,1137839.23,989253.54,1606661.72,77.25
2009-11-03,149108.75,418492.54,309042.77,1938817.51,859670.73,1095166.33,977260.63,1494460.60,847057.77,1158458.63,1001184.73,1612525.14,77.49
2009-11-04,150351.28,435768.96,316709.44,1950380.98,860671.19,1103685.21,981630.14,1503333.50,848465.54,1170559.60,1007245.75,1625362.70,77.69
2009-11-05,149996.81,443997.38,319326.24,1966249.50,860217.40,1108572.31,983544.68,1515684.25,847868.12,1177353.54,1009814.17,1643074.26,79.12
2009-11-06,151081.94,440978.32,319395.63,1974367.81,861763.25,1108158.27,984244.75,1522028.48,849837.93,1176614.48,1010670.26,1652051.06,79.33
2009-11-09,152558.22,473165.69,332612.57,2009833.95,863659.96,1124816.43,992725.62,1549796.76,852328.75,1200043.06,1022213.52,1691888.25,81.13
2009-11-10,153514.25,476053.05,334669.60,2008739.21,864424.14,1125377.73,993412.50,1548822.96,853524.83,1201097.36,1023379.80,1690832.67,81.15
2009-11-11,154551.07,491851.00,341352.81,2019918.13,865925.32,1133452.70,997839.13,1557385.24,855480.80,1212483.02,1029402.91,1703115.63,81.56
2009-11-12,150419.10,458861.91,325342.23,1997638.94,860407.14,1116880.00,987364.80,1540037.98,848220.63,1189075.68,1015098.35,1678196.61,80.73
2009-11-13,154609.32,480067.43,337391.33,2021833.90,866150.72,1127906.89,995534.44,1558848.00,855768.25,1204619.26,1026249.29,1705203.15,81.17
2009-11-16,158228.23,516979.18,354310.74,2058869.46,871650.59,1146957.34,1007102.49,1587512.07,863378.18,1231483.47,1042255.45,1746374.33,82.35
2009-11-17,158769.06,517811.04,355201.32,2055832.48,872391.01,1147032.39,1007563.18,1584872.07,864286.83,1231607.20,1042856.26,1742586.57,82.44
2009-11-18,157253.14,525398.24,356107.88,2051653.51,870303.54,1150683.85,1007961.46,1581639.50,861519.29,1236767.77,1043371.44,1737926.84,82.39
2009-11-19,157171.31,511972.88,351465.46,2033531.88,870191.37,1143986.30,1004963.09,1567811.19,861365.46,1227330.90,1039297.68,1718028.51,81.32
2009-11-20,155668.38,512897.08,350102.26,2025338.91,868153.25,1144209.62,1003884.29,1561531.67,858658.66,1227675.22,1037810.50,1708987.19,81.03
2009-11-23,158955.84,539403.67,362845.73,2049430.49,872588.73,1157787.09,1012404.93,1580001.32,864482.66,1246816.73,1049420.66,1735546.46,82.06
2009-11-24,164003.75,541850.52,369430.09,2051095.82,879583.62,1159352.39,1017147.15,1581266.26,873707.91,1248999.14,1055938.51,1737357.78,82.18
2009-11-25,178000.58,577379.08,397306.08,2078533.31,899057.55,1176816.31,1036067.84,1602389.48,899392.01,1273729.32,1081912.83,1767747.42,82.47
2009-11-27,172164.10,532974.12,375514.46,2039201.66,890715.70,1154517.48,1021445.36,1571763.22,888331.71,1242121.10,1061836.30,1723556.43,81.13
2009-11-30,177523.73,542653.73,384769.47,2059987.72,897839.98,1159427.72,1027702.46,1587387.19,897709.18,1249058.35,1070406.00,1746070.71,81.41
2009-12-01,178547.91,579284.33,398865.87,2087884.45,899602.10,1177044.56,1036518.63,1608290.42,900028.79,1274020.12,1082484.67,1776245.31,82.41
2009-12-02,179145.03,600400.57,406802.63,2094201.22,900638.16,1186120.63,1041111.74,1612968.54,901404.25,1287048.80,1088846.79,1783243.56,82.38
2009-12-03,164303.45,587730.84,385659.30,2083176.23,881653.26,1180090.56,1027492.31,1604709.08,876571.51,1278496.16,1070230.72,1771065.03,81.73
2009-12-04,148980.43,526606.32,347621.46,2052462.20,861696.94,1151499.36,1003416.58,1581614.90,850238.98,1237665.56,1037065.99,1736775.46,82.20
2009-12-07,139555.41,513556.93,332318.53,2045600.84,849179.33,1144243.64,992967.10,1576359.49,833845.78,1227559.47,1022834.26,1729279.97,82.07
2009-12-08,140045.50,471994.57,319454.71,2024944.16,850150.66,1126249.62,985727.45,1560877.79,835103.29,1201910.52,1012919.84,1706642.00,81.16
2009-12-09,141280.17,466703.72,319072.43,2027052.50,851904.55,1124795.70,986107.99,1562474.91,837296.94,1199616.98,1013283.75,1708669.38,81.47
2009-12-10,142899.85,470917.64,322341.87,2027466.23,853535.62,1126490.00,987794.69,1562718.00,839579.70,1202171.15,1015743.76,1709292.07,81.93
2009-12-11,149074.78,466489.32,327790.73,2020588.15,861071.79,1123376.30,990790.32,1557467.10,849551.39,1197780.66,1019920.93,1701800.05,82.27
2009-12-14,148319.59,479686.58,331597.16,2042777.28,859766.78,1129348.54,992673.20,1574391.53,847912.22,1206335.42,1022579.21,1725922.62,82.84
2009-12-15,151925.50,470925.86,332599.97,2018210.65,864556.02,1125870.26,993909.33,1555552.33,854208.67,1201358.42,1024266.52,1699218.15,82.45
2009-12-16,151357.26,503470.78,343470.68,2036111.31,863664.45,1138727.35,999071.91,1569211.22,853007.69,1219743.15,1031383.81,1718588.81,82.58
2009-12-17,158101.31,451793.40,333495.42,1995120.19,872806.23,1116328.06,994533.34,1538022.96,865003.75,1187781.59,1025123.18,1674105.32,81.58
2009-12-18,168163.67,457955.44,346382.36,1999187.47,885399.35,1120131.19,1003402.15,1541309.78,881755.35,1193207.82,1037390.98,1678832.89,82.05
2009-12-21,176268.42,495247.27,368832.58,1992521.86,895648.87,1133822.93,1015342.38,1536289.51,895274.81,1212901.31,1053904.74,1671634.18,82.88
2009-12-22,177868.75,504761.74,374049.80,1989940.98,897649.60,1137399.06,1018077.66,1534308.82,897925.22,1218025.55,1057691.01,1668865.48,83.18
2009-12-23,170608.91,506227.25,366959.25,2005548.03,888276.27,1138333.88,1013180.61,1546029.62,885585.18,1219358.57,1051001.95,1685504.91,83.34
2009-12-24,172631.11,526703.12,376555.39,2017777.62,890677.18,1145771.27,1017859.71,1555299.46,887782.25,1228895.44,1056415.73,1698433.89,83.74
2009-12-28,170516.43,539423.51,378796.12,2022334.00,887718.77,1149980.40,1018038.90,1558732.05,883183.63,1233996.88,1055872.39,1703377.75,83.91
2009-12-29,171709.33,523232.36,374436.22,2015816.17,889610.64,1144599.88,1016742.10,1553646.77,886665.12,1226654.99,1054812.45,1696282.63,83.80
2009-12-30,164578.63,519450.75,365308.36,2012794.90,881331.61,1143492.21,1011519.06,1551343.65,878401.35,1225147.08,1049248.66,1692915.72,83.77
2009-12-31,163226.03,525263.30,365851.08,2004778.83,879914.55,1143947.29,1010907.15,1545016.28,877214.89,1225875.71,1048852.05,1684204.17,82.96
2010-01-04,159597.62,524053.77,361363.53,2047938.27,874934.51,1145870.69,1008896.29,1578725.52,871464.75,1228311.57,1046456.50,1730522.03,84.37
2010-01-05,161836.74,520567.07,362696.32,2051974.00,877197.87,1145044.82,1009837.67,1581692.63,872420.63,1227407.63,1046645.35,1734653.36,84.59
2010-01-06,168360.45,569261.36,386970.01,2072113.54,883890.60,1161666.67,1021019.60,1597033.02,881776.14,1251489.72,1062525.01,1755608.62,84.65
2010-01-07,168876.07,557970.35,383724.90,2064944.26,885296.71,1158096.09,1020262.59,1591544.81,883219.49,1246243.65,1061167.64,1748056.23,85.01
2010-01-08,171516.55,531895.59,377758.77,2081690.61,886571.95,1150253.88,1017542.99,1604369.00,884692.11,1235272.11,1057381.20,1765621.69,85.29
2010-01-11,167599.67,523934.35,370618.30,2091668.99,882574.53,1148424.18,1014439.72,1612031.40,880704.55,1231888.02,1053549.87,1775983.93,85.41
2010-01-12,134430.19,427303.69,299766.88,2051259.17,853763.24,1115053.14,983142.88,1580754.40,851938.69,1187196.21,1017233.24,1733183.25,84.61
2010-01-13,141077.77,485820.05,327704.15,2075531.18,859134.21,1135534.41,995264.50,1599256.81,858223.70,1216531.63,1033553.30,1758402.89,85.33
2010-01-14,138160.29,464319.64,317064.28,2080766.32,855851.99,1128823.50,990422.39,1603172.10,853954.22,1206899.02,1026890.56,1763915.49,85.56
2010-01-15,122337.72,420753.94,284034.07,2047894.51,841605.45,1114141.14,975737.99,1578301.21,834941.53,1185838.43,1006499.35,1729297.61,84.60
2010-01-19,132275.73,450705.74,305680.34,2073958.19,850260.18,1125153.93,985577.40,1597691.80,846494.70,1201568.07,1020138.26,1756259.23,85.66
2010-01-20,105419.63,376664.60,249540.70,2020358.08,826948.41,1101760.77,961820.90,1557728.49,815352.34,1167891.62,987077.17,1700216.30,84.79
2010-01-21,100854.30,347130.24,234354.10,1980751.79,823013.60,1090314.51,954536.40,1529685.31,810108.12,1151645.05,977037.18,1659573.45,83.16
2010-01-22,99456.57,321802.38,224180.49,1944374.00,821335.04,1081793.86,949833.22,1504269.96,807889.88,1139424.66,970515.73,1622606.73,81.30
2010-01-25,99447.10,321258.54,223980.39,1958535.57,821519.56,1081817.50,949950.29,1514079.05,808071.71,1139368.32,970600.95,1636764.31,81.72
2010-01-26,100197.23,324456.29,225939.86,1938970.71,822134.21,1082694.12,950690.55,1500786.22,808895.94,1140638.31,971636.89,1617440.69,81.38
2010-01-27,105356.60,329452.29,233496.44,1929819.76,829179.67,1084731.56,955658.64,1494577.60,818120.33,1143467.83,978382.15,1608245.31,81.76
2010-01-28,105386.12,332386.28,234568.88,1907615.82,828803.32,1085512.50,955785.76,1479200.46,817693.47,1144678.07,978644.67,1586431.04,80.83
2010-01-29,113367.16,352630.01,250594.11,1881727.92,839676.34,1094584.14,966048.97,1461470.32,831963.87,1157522.17,992674.88,1561062.11,79.95
2010-02-01,108112.95,325767.44,235242.14,1916303.27,832447.58,1081835.63,956264.89,1485209.74,822498.56,1139465.84,979285.58,1594490.20,81.19
2010-02-02,101385.93,313845.32,223618.92,1940858.16,822964.33,1076107.15,948286.22,1501845.36,810072.80,1131397.38,968421.27,1618156.64,82.17
2010-02-03,108104.19,333549.88,238047.76,1925199.50,832357.04,1085507.18,957839.48,1491334.86,822328.04,1144604.70,981399.09,1602927.38,81.76
2010-02-04,118998.70,378393.42,266044.70,1837954.65,846870.51,1106182.71,975312.14,1432314.73,841458.17,1174028.39,1005428.55,1518731.27,79.24
2010-02-05,124987.19,401402.87,280827.77,1824174.08,854814.86,1116721.42,984532.70,1423300.07,851927.09,1189020.69,1018102.67,1505858.52,79.40
2010-02-08,122431.51,398051.32,276784.26,1811215.15,851221.50,1115077.79,981738.84,1415511.37,847199.45,1186686.25,1014278.33,1494726.85,78.83
2010-02-09,114126.86,368348.95,257070.25,1853853.08,840588.20,1101786.06,969755.83,1441172.02,833161.82,1167783.37,997797.02,1531356.24,79.82
2010-02-10,111937.11,375815.39,257209.45,1846193.78,837589.05,1104982.24,969432.41,1436505.10,829206.65,1172333.14,997372.41,1524680.20,79.66
2010-02-11,109466.44,371487.49,252889.88,1877040.93,833827.06,1102409.26,966126.66,1454840.41,824251.75,1168696.21,992845.45,1550825.85,80.50
2010-02-12,114927.22,389245.59,265242.05,1864852.42,841031.94,1110331.08,973771.93,1447498.28,833764.64,1179962.99,1003360.54,1540337.09,80.43
2010-02-16,101525.88,341450.60,233493.10,1922883.19,823194.28,1088480.37,953863.79,1481891.91,810217.37,1148890.76,975981.16,1589377.92,81.70
2010-02-17,109229.70,367968.77,251418.79,1924618.46,832470.74,1099206.71,963938.15,1482747.96,822663.01,1164418.50,990072.52,1590931.56,82.08
2010-02-18,108624.16,363263.24,249114.34,1943595.08,832002.83,1097602.50,962963.85,1493793.43,821528.59,1161961.14,988345.17,1606437.66,82.57
2010-02-19,108453.39,365121.40,249555.66,1942710.84,831407.28,1097531.08,962587.88,1493152.60,821176.85,1162042.58,988168.23,1605742.41,82.74
2010-02-22,108780.32,365668.13,250118.64,1939879.34,832126.98,1098206.63,963300.75,1491614.28,821658.64,1162828.31,988792.19,1603311.02,82.75
2010-02-23,105510.43,393188.86,255771.56,1898102.15,826699.38,1109975.21,965320.61,1467059.46,815401.63,1179741.60,992218.29,1568526.16,81.75
2010-02-24,104558.85,388343.06,253042.07,1913231.00,825818.28,1108211.46,964039.24,1475919.30,814344.71,1177060.62,990447.82,1580920.49,82.50
2010-02-25,101509.20,387190.58,248976.38,1897214.45,821613.93,1107550.40,961297.69,1466778.13,808415.46,1176129.71,986450.43,1567875.92,82.39
2010-02-26,101052.42,369893.59,242854.93,1918663.61,821298.37,1099705.13,957708.43,1479200.97,807996.17,1164978.52,981518.22,1585579.04,82.44
2010-03-01,109309.67,389535.76,259225.14,1928074.70,832380.68,1107962.42,967765.47,1484497.21,822749.30,1176911.30,995505.75,1593355.55,83.30
2010-03-02,109355.89,375459.07,254596.13,1948704.30,832884.58,1101739.54,965340.66,1496496.57,823390.31,1167981.97,992117.05,1610399.52,83.53
2010-03-03,101992.89,351802.31,238004.33,1968253.23,822969.25,1091064.15,954917.70,1507773.13,811066.87,1152877.62,978277.66,1626640.39,83.60
2010-03-04,100858.61,373096.80,243884.04,1959306.59,821325.12,1100421.24,958058.57,1502563.23,808543.08,1166189.36,982403.47,1619174.68,83.86
2010-03-05,98805.46,357749.38,236385.59,1986913.75,818398.67,1093523.33,953348.99,1518716.37,804686.00,1156373.16,975925.63,1642278.78,85.05
2010-03-08,99557.75,360240.49,238108.52,1987958.18,819465.78,1094486.54,954390.39,1519344.70,806093.28,1157751.11,977360.47,1643167.03,85.07
2010-03-09,100612.24,372427.31,243397.07,1988342.71,820989.15,1099950.19,957659.63,1519611.28,808099.95,1165524.94,981858.27,1643537.98,85.21
2010-03-10,99294.97,360784.77,237999.28,1987979.93,819195.91,1094896.98,954413.99,1519470.73,806876.12,1158254.98,978052.61,1643210.67,85.59
2010-03-11,98042.10,350305.95,233041.50,1998292.78,817211.43,1089826.70,951048.11,1525592.73,804261.66,1151126.98,973458.55,1652077.01,85.95
2010-03-12,92696.55,321855.78,217225.17,2008501.97,809256.95,1076509.25,940608.70,1531703.83,794712.08,1132202.04,959677.26,1660811.99,85.95
2010-03-15,93868.20,346422.28,226888.15,1992432.18,810966.68,1087538.36,946420.71,1521967.63,797233.35,1147913.59,967858.28,1646867.43,85.98
2010-03-16,96640.74,320643.46,221797.01,2030598.06,815096.43,1076080.47,943844.91,1545238.13,802088.70,1131599.67,963928.03,1680162.21,86.66
2010-03-17,99604.75,322988.55,226009.39,2047602.84,819549.72,1077189.71,946909.73,1555529.33,806825.94,1133176.59,967446.20,1694885.07,87.18
2010-03-18,95181.69,313283.69,217595.83,2037083.14,812892.74,1072578.55,941037.25,1549172.46,798049.65,1126623.76,959387.25,1685771.94,87.13
2010-03-19,89268.28,306164.58,208364.13,2003806.69,803933.40,1069050.66,934303.79,1529012.60,786226.15,1121622.07,950150.74,1656893.50,86.69
2010-03-22,84673.50,309687.94,204200.65,2018770.92,797062.74,1070991.15,931159.32,1538007.30,777088.23,1124282.30,945755.94,1669661.64,87.15
2010-03-23,87038.73,326701.44,212661.82,2021751.73,800696.63,1079174.66,936839.47,1539821.72,781862.53,1135893.32,953544.86,1672250.50,87.77
2010-03-24,82204.83,306743.52,200260.81,1975611.15,793539.84,1069096.02,928277.97,1511676.07,772109.32,1121684.88,941633.69,1632032.42,87.34
2010-03-25,85813.75,314094.15,207056.16,1966617.22,799876.21,1073398.03,933851.77,1506570.10,778237.80,1127610.57,947857.96,1624463.55,87.20
2010-03-26,79527.10,308355.34,197580.22,1983941.20,791697.69,1069956.75,927580.63,1516938.11,770278.63,1122758.83,940971.85,1639316.75,87.15
2010-03-29,78549.98,295762.39,192331.92,2015388.47,789224.70,1061961.46,922666.22,1535742.37,767887.40,1111629.66,934847.67,1666498.23,87.70
2010-03-30,78251.91,291792.46,190676.19,2017198.68,788859.13,1059593.63,921423.91,1536843.99,767534.53,1108280.00,933224.40,1668066.91,87.76
2010-03-31,77934.90,298465.45,192470.25,2018807.66,788492.07,1063922.42,923091.70,1537922.47,767166.10,1114237.58,935508.70,1669368.94,87.46
2010-04-01,80850.35,302197.34,197273.58,2041142.72,793978.65,1065950.38,927183.04,1551455.43,772510.11,1117088.38,939963.79,1688760.58,88.06
2010-04-05,92847.19,315093.53,216118.92,2052547.57,809255.38,1072064.04,938761.77,1558204.24,787382.93,1125287.51,952461.70,1698532.50,88.78
2010-04-06,88688.71,308187.91,208910.86,2065158.64,803207.01,1067190.37,933119.78,1565885.13,781507.69,1119937.46,946644.01,1709460.85,88.98
2010-04-07,78081.96,272803.24,184425.42,2057813.97,787689.11,1046657.69,915129.29,1561393.69,766410.32,1098398.48,928397.18,1703059.85,88.48
2010-04-08,80436.92,275822.45,188227.11,2062452.22,790484.14,1047849.94,917274.13,1564284.27,769135.23,1100236.65,930824.43,1707038.84,88.78
2010-04-09,81251.30,280001.63,190605.94,2081434.42,791371.16,1049603.56,918556.32,1576016.04,770005.76,1102032.53,932110.88,1723500.70,89.37
2010-04-12,76727.92,276033.20,183949.57,2080586.41,784791.37,1047121.89,913651.78,1575480.41,763609.25,1098528.34,926757.37,1722728.34,89.51
2010-04-13,77399.07,275416.46,184548.58,2084251.68,786321.75,1046838.01,914418.77,1577730.35,765848.57,1098117.10,927942.79,1725914.70,89.58
2010-04-14,83398.31,296446.36,198746.57,2113874.54,797037.08,1059414.03,926141.84,1596375.98,779796.93,1115842.83,943882.46,1751656.99,90.59
2010-04-15,83312.86,289462.62,196303.71,2116844.89,796815.68,1055081.47,924119.44,1598213.38,779511.31,1109730.19,941124.28,1754275.81,90.67
2010-04-16,71213.54,240770.32,165538.62,2066150.63,774493.54,1025028.08,898013.71,1566101.83,750480.35,1067371.95,905638.08,1709497.46,89.22
2010-04-19,70197.49,237061.88,163082.85,2055433.28,771778.84,1021825.88,895037.18,1559017.43,746913.30,1062793.33,901543.40,1699723.45,89.56
2010-04-20,72683.72,247568.86,169584.91,2077823.23,775194.03,1026921.22,899249.04,1572745.45,751433.98,1070077.83,907361.33,1719121.07,90.36
2010-04-21,71845.52,247212.80,168485.11,2079929.97,773817.31,1026834.68,898412.64,1574054.26,749643.48,1069960.55,906230.58,1720875.86,90.20
2010-04-22,71593.13,247726.08,168364.08,2069745.86,772941.28,1026603.26,897802.86,1567766.28,748528.55,1069648.94,905424.71,1712054.11,90.46
2010-04-23,72498.59,257975.54,172911.73,2090691.03,773814.25,1032173.36,900745.48,1580999.01,749695.17,1077520.21,909461.68,1730134.17,91.06
2010-04-26,71439.51,251920.34,169619.46,2087826.68,772387.40,1028980.32,898521.79,1579248.63,747772.34,1072933.83,906359.85,1727606.28,90.71
2010-04-27,67681.90,234274.47,159218.06,2023793.68,768180.01,1021081.06,892625.68,1538518.60,742407.28,1061811.48,898410.62,1671836.79,88.57
2010-04-28,64377.15,232106.53,154594.25,2033343.33,761681.73,1017497.73,887283.91,1544505.98,734287.09,1059026.75,892319.27,1680031.91,89.24
2010-04-29,63965.98,241771.43,157319.21,2077777.19,760821.11,1021547.22,888548.27,1571403.90,733276.42,1064495.72,894009.21,1717753.79,90.35
2010-04-30,65291.77,225495.79,153654.31,2057712.62,763274.21,1012870.43,886207.17,1559423.09,736596.63,1052896.91,891162.62,1700199.40,88.81
2010-05-03,69249.79,242983.10,164269.59,2068814.95,771427.48,1023243.49,895478.32,1566105.32,745596.90,1065899.23,902109.57,1709600.71,89.96
2010-05-04,77375.35,227593.55,168704.97,1988723.55,787027.94,1018148.20,902303.34,1518293.04,760690.51,1057445.83,907663.36,1642719.86,87.85
2010-05-05,82963.20,245376.11,181387.41,1949523.15,798888.50,1031603.46,915064.39,1494183.75,772178.56,1068882.31,919425.47,1609351.70,87.33
2010-05-06,100513.21,209592.99,187346.89,1882994.17,832979.67,1043422.01,939830.49,1457693.89,805140.29,1080811.61,944179.71,1555977.01,84.42
2010-05-07,93721.45,183631.87,169414.48,1871591.59,820751.88,1021478.99,923050.08,1451526.67,793006.19,1066393.27,930767.13,1546972.79,83.17
2010-05-10,80495.58,154989.50,144248.30,1955048.10,798516.38,999107.16,900438.57,1495235.42,769588.39,1042586.09,906634.49,1610630.11,86.83
2010-05-11,86079.93,176088.88,159070.45,1954545.77,807616.15,1013506.17,912057.70,1494080.88,778623.96,1058091.34,918698.49,1608898.29,86.59
2010-05-12,86021.61,176024.60,158987.53,1975786.96,807536.04,1013505.25,912012.05,1504524.16,777608.85,1056731.48,917509.27,1624038.59,87.80
2010-05-13,91590.50,187339.07,169243.50,1952502.00,815989.51,1021450.21,920360.30,1492866.84,786555.29,1065847.28,926744.68,1607238.92,86.70
2010-05-14,105939.08,223455.46,198814.27,1905461.06,838587.76,1046836.97,944541.82,1469623.20,810313.48,1094560.72,953224.05,1573389.31,85.14
2010-05-17,105315.67,216365.26,195075.12,1883298.73,836659.00,1041508.59,941051.74,1458718.15,807949.41,1087581.25,948794.42,1557564.57,85.18
2010-05-18,118292.53,258431.00,226056.83,1854002.19,856179.83,1070669.45,965204.09,1444172.91,830549.50,1118801.10,975682.28,1536593.32,84.02
2010-05-19,112896.27,237692.78,211830.56,1836350.98,848190.23,1056874.10,954482.38,1435622.24,820853.03,1103189.70,963179.66,1524063.87,83.54
2010-05-20,122348.90,259826.11,230561.23,1765979.13,861658.97,1072124.55,968947.16,1401054.27,837555.85,1121111.49,980802.75,1473961.42,80.39
2010-05-21,119587.21,251265.11,224160.72,1803167.54,858053.11,1066630.06,964436.88,1417996.22,832813.21,1114038.71,974932.06,1498391.16,81.56
2010-05-24,123964.05,273418.94,238144.83,1785356.20,864072.85,1080142.78,973928.95,1409614.61,840580.76,1130783.51,986805.56,1486266.01,80.52
2010-05-25,128511.59,285747.60,247881.99,1770533.91,870398.27,1088164.66,981110.30,1402778.39,848728.17,1140098.20,995652.25,1476378.32,80.60
2010-05-26,128865.29,291237.53,250604.32,1759798.02,871151.28,1090944.60,982787.91,1397788.50,849648.06,1143554.62,997701.07,1469045.55,80.11
2010-05-27,110171.13,243213.66,211765.25,1840545.84,844337.69,1058419.37,953012.73,1435887.87,815211.02,1102822.76,959713.82,1524275.98,82.80
2010-05-28,116291.03,265184.64,227211.96,1819021.37,852828.98,1072264.73,964038.09,1426149.79,826109.78,1120595.20,973862.23,1510123.11,81.76
2010-06-01,118828.55,274664.43,233752.06,1793184.42,855967.65,1077279.03,968066.16,1414446.07,830160.45,1126941.06,979007.26,1493384.68,80.38
2010-06-02,108679.09,256322.46,215964.44,1806719.17,844073.74,1066404.47,956454.33,1420913.32,814752.34,1112508.12,963652.72,1502305.59,82.47
2010-06-03,107439.61,243376.16,209278.95,1792875.63,841854.94,1058814.46,951793.50,1414133.41,812013.57,1102563.06,957725.87,1493043.52,82.76
2010-06-04,116540.03,304297.29,244335.21,1780406.10,853000.96,1096100.99,974853.17,1408489.47,826284.46,1151000.46,987178.97,1484947.16,79.85
2010-06-07,118768.06,330382.04,257143.19,1776293.92,855287.25,1108616.94,981725.34,1406405.47,829291.44,1169135.43,996752.13,1482136.38,78.86
2010-06-08,110819.76,310149.55,240665.13,1788592.76,846947.99,1098051.46,972261.23,1412414.92,818468.99,1154336.02,983939.55,1490417.83,79.70
2010-06-09,106240.10,295862.44,230149.21,1783614.55,841444.68,1089796.32,965447.72,1410008.08,811361.46,1142831.16,974764.03,1487050.85,79.27
2010-06-10,99412.31,246682.33,203625.22,1795082.28,834527.79,1063092.44,949651.16,1415576.50,802432.72,1105601.44,953523.25,1494820.89,81.59
2010-06-11,99983.00,283536.75,219420.53,1811987.52,835089.90,1083081.04,958898.81,1423880.51,803168.41,1133471.04,965978.39,1506411.05,81.99
2010-06-14,93758.19,259884.82,203438.35,1805160.83,827580.18,1069616.63,948626.95,1420284.65,793598.29,1114854.47,952290.56,1501592.71,81.86
2010-06-15,94097.67,244756.92,197885.58,1822530.29,827842.73,1061541.70,945196.66,1428888.32,793938.38,1103629.65,947700.57,1513601.66,83.72
2010-06-16,94131.32,246078.79,198455.32,1825953.98,827866.78,1062357.32,945573.50,1430605.41,793969.08,1104754.84,948202.00,1515992.75,83.69
2010-06-17,95557.21,262775.15,206690.98,1837755.27,828888.57,1070229.96,949660.64,1436522.08,795293.51,1115741.49,953707.73,1524249.23,83.83
2010-06-18,96264.61,264713.15,208218.22,1841871.56,829803.87,1071176.04,950604.71,1438696.07,796408.84,1116989.49,954909.86,1527172.43,83.92
2010-06-21,91654.29,251347.19,197975.51,1843231.32,824727.08,1064945.32,944932.09,1439242.87,789952.82,1108346.23,947344.86,1528033.76,83.68
2010-06-22,93939.41,274140.86,209420.26,1840346.91,827025.00,1076327.78,951298.37,1437828.51,792851.02,1124133.42,955829.63,1525944.62,82.30
2010-06-23,92207.61,278263.72,209064.66,1844377.51,824819.59,1078580.42,951025.46,1439919.25,790030.69,1127259.47,955458.61,1528856.41,82.04
2010-06-24,91687.63,274247.29,206966.37,1824085.46,824158.89,1076462.51,949710.84,1429308.63,789187.77,1124313.60,953700.44,1514027.07,80.68
2010-06-25,93909.92,283415.06,212933.89,1834999.62,826434.87,1080812.69,952941.16,1435041.28,792111.39,1130395.60,958046.52,1522025.36,81.02
2010-06-28,95000.89,295413.27,218677.95,1841037.31,827729.54,1087278.69,956538.09,1438197.49,793765.46,1139366.74,962848.46,1526425.05,80.76
2010-06-29,98757.01,313080.61,229540.03,1817148.92,832084.41,1096301.68,963023.38,1425489.64,799336.53,1151931.50,971536.43,1508662.44,78.27
2010-06-30,101174.35,320392.35,235029.70,1809032.95,835111.35,1100160.23,966469.75,1421264.95,803149.64,1157233.70,976089.64,1502644.37,77.53
2010-07-01,101381.81,280253.06,220548.20,1792775.26,835840.89,1080978.35,958466.44,1412410.40,804117.33,1130503.44,965404.61,1490387.09,77.18
2010-07-02,99232.64,272872.32,215306.36,1788306.54,833236.62,1077134.05,955268.96,1409986.69,800778.34,1125141.40,961110.78,1486999.17,76.76
2010-07-06,101209.66,280858.26,220601.73,1798704.55,835666.35,1081081.43,958412.14,1415512.26,803940.26,1130714.51,965388.58,1494807.80,77.26
2010-07-07,90156.66,258131.12,199630.31,1813121.84,823172.89,1070980.12,946770.30,1423417.49,787924.90,1116578.48,949738.22,1505831.64,79.70
2010-07-08,83953.23,245947.06,188050.93,1815939.36,815981.67,1065617.99,940264.70,1425052.22,778652.05,1108996.41,940925.05,1508000.77,80.49
2010-07-09,78142.52,233028.58,176604.35,1827748.36,809382.42,1059261.67,933658.21,1431493.03,770249.50,1100200.07,932116.61,1517086.48,81.09
2010-07-12,78958.20,230087.59,176411.65,1827748.96,810459.34,1058277.17,933845.46,1431569.16,771566.53,1098728.19,932290.00,1517080.34,81.14
2010-07-13,77066.58,222453.60,171371.93,1832992.90,808298.57,1054052.45,930736.61,1434486.42,768791.63,1092843.64,928116.96,1521143.90,82.36
2010-07-14,78038.13,235800.24,177593.08,1837224.51,809421.44,1061089.77,934490.09,1436883.96,770230.56,1102640.28,933145.52,1524481.91,82.36
2010-07-15,85237.50,259546.12,194727.07,1831444.90,818448.32,1073403.74,945123.32,1433548.02,781761.96,1119787.22,947386.33,1519818.68,82.38
2010-07-16,84631.79,261297.57,194692.21,1810884.58,817013.89,1074666.16,944850.87,1421664.34,779960.81,1121528.38,947031.50,1503226.73,80.11
2010-07-19,81278.77,246771.93,185423.96,1813113.43,811892.34,1066736.29,938403.43,1422876.76,773499.46,1110568.53,938481.49,1505015.00,80.58
2010-07-20,76276.70,247781.76,180097.65,1829043.43,804977.29,1067142.84,934585.96,1432175.21,764680.76,1111136.96,933371.83,1517984.53,81.48
2010-07-21,80820.73,269898.93,193499.95,1837707.32,811023.28,1079041.76,943306.13,1437229.15,772388.64,1127699.50,945032.36,1525029.17,80.42
2010-07-22,80998.11,262722.99,191139.95,1852331.79,811029.54,1074949.24,941520.91,1445832.37,772404.96,1121996.47,942652.72,1537029.00,82.21
2010-07-23,77135.85,245982.83,180493.34,1851358.87,806445.52,1066527.05,935171.74,1445329.61,766478.57,1110160.29,934064.27,1536212.24,82.93
2010-07-26,80349.74,246316.85,184376.04,1863257.90,809826.13,1066056.45,936925.53,1452274.58,770923.75,1109674.39,936568.41,1546108.09,83.79
2010-07-27,75361.55,228224.37,171881.51,1848646.05,803284.50,1056627.13,928997.80,1443486.53,762553.87,1096523.94,925934.76,1533829.43,83.78
2010-07-28,78772.42,242801.02,181260.23,1843195.85,808401.77,1064844.08,935569.07,1440270.68,769016.55,1107863.82,934646.29,1529224.91,83.24
2010-07-29,81498.35,252547.83,188034.68,1840441.44,812079.97,1069486.82,939737.02,1438503.17,773764.94,1114409.32,940292.88,1526852.19,82.84
2010-07-30,83261.04,265822.72,195010.04,1852265.37,815244.15,1077174.72,944945.42,1445786.72,777725.38,1125003.71,947168.83,1536907.75,82.82
2010-08-02,84473.40,269012.07,197599.68,1860620.19,817496.79,1078819.62,946972.42,1450859.30,780617.74,1127372.27,949927.17,1544098.39,84.69
2010-08-03,85960.04,270664.62,199945.38,1862045.38,819114.31,1079636.86,948267.95,1451729.82,782696.97,1128511.29,951672.14,1545310.77,84.29
2010-08-04,83929.20,264925.24,195463.58,1866608.04,817244.84,1077086.24,946065.70,1454509.85,780275.99,1124915.00,948683.94,1549204.29,84.85
2010-08-05,85016.60,270540.39,198801.27,1870360.11,818319.66,1079859.65,947905.85,1456829.32,781660.77,1128784.25,951157.31,1552451.13,84.76
2010-08-06,85394.58,275665.60,201126.28,1876515.06,818168.87,1082285.34,948883.15,1460706.81,781487.81,1132181.36,952483.35,1557885.60,84.41
2010-08-09,82900.63,269884.13,196080.24,1882098.37,814688.25,1079442.89,945618.75,1464242.08,777039.22,1128194.66,948095.39,1562839.58,84.86
2010-08-10,83397.88,271539.33,197269.57,1884365.08,814689.15,1080546.07,946102.49,1465777.97,777017.25,1129645.55,948691.63,1564879.06,84.41
2010-08-11,79652.01,261404.23,189157.83,1867766.23,807960.66,1074999.62,939767.40,1455096.78,768432.25,1121827.69,940167.97,1549763.71,82.09
2010-08-12,79129.13,271646.51,192242.72,1868072.89,808217.96,1080860.47,942478.82,1455294.55,768718.24,1129970.69,943755.11,1550031.28,81.59
2010-08-13,79174.23,276094.44,193871.41,1874079.98,808603.47,1083619.62,943906.55,1459196.77,769180.91,1133798.44,945637.60,1555501.41,81.35
2010-08-16,86694.68,295489.40,209888.44,1899601.04,819540.90,1094421.97,954995.12,1475917.55,783177.26,1148927.34,960550.30,1579080.82,81.31
2010-08-17,83888.58,285077.31,202793.74,1907497.54,815438.20,1088777.80,950142.17,1481179.58,777893.55,1140964.90,953981.66,1586353.73,82.31
2010-08-18,83861.59,286160.49,203146.40,1909643.76,815334.68,1089140.62,950240.17,1482520.73,777812.95,1141547.54,954175.81,1588335.78,82.46
2010-08-19,88320.85,303091.50,214557.15,1902328.45,822632.69,1098737.22,958679.31,1477629.22,787079.13,1154915.29,965446.22,1581454.34,81.03
2010-08-20,86149.38,295998.62,209409.07,1898564.08,819775.44,1094723.90,955263.55,1475138.05,783618.73,1149234.12,960949.35,1577836.66,80.76
2010-08-23,92240.46,301293.39,218685.00,1902278.60,829532.98,1097698.43,962246.45,1477563.92,795900.70,1153447.89,970241.72,1581342.91,80.46
2010-08-24,100204.85,309293.34,231029.31,1904437.75,840638.66,1101341.93,970284.62,1479047.48,808497.93,1158572.96,980075.56,1583417.33,79.26
2010-08-25,92197.18,288262.20,213943.49,1906974.67,828160.56,1089232.15,957748.99,1480799.02,793385.23,1141578.96,963727.72,1585767.59,79.57
2010-08-26,94917.36,299587.07,221302.15,1912597.41,832065.39,1096376.09,963147.70,1484612.53,797597.12,1151574.64,970505.02,1591246.42,79.04
2010-08-27,81723.77,264336.81,192902.04,1905493.70,812451.40,1076682.12,943145.32,1479609.07,776406.04,1124016.17,945999.88,1584354.20,80.26
2010-08-30,93503.15,268709.23,208399.56,1911632.80,829913.52,1079451.33,954493.77,1483914.16,795365.13,1127794.24,959139.95,1590214.28,79.10
2010-08-31,101892.61,274689.06,220067.62,1930927.27,841707.53,1082120.75,962456.19,1497539.93,808688.86,1131631.29,968805.18,1608863.11,79.10
2010-09-01,90007.73,279141.37,209016.62,1936064.93,825613.90,1085270.26,954655.62,1501192.63,789810.18,1135995.53,959365.05,1613791.10,81.46
2010-09-02,88402.78,288262.59,210568.03,1938434.72,823504.82,1090835.24,955883.87,1502867.89,787273.89,1143665.44,961063.34,1615915.64,82.22
2010-09-03,85844.72,292821.36,209186.51,1933805.11,820997.91,1094401.37,955991.39,1499572.23,784758.53,1148590.19,961597.25,1611665.39,83.29
2010-09-07,88654.40,297093.55,214135.82,1952080.55,824347.20,1096470.31,958845.04,1512619.80,789099.49,1151567.36,965503.07,1628365.30,82.35
2010-09-08,87094.79,298123.84,212623.57,1953017.68,822162.90,1096881.71,957754.57,1513297.35,786310.04,1152144.00,964038.29,1629179.23,82.93
2010-09-09,85816.61,292987.52,209231.75,1937936.84,820629.92,1094542.86,955840.58,1502267.40,784346.62,1148832.08,961449.09,1615364.65,83.31
2010-09-10,83836.29,287806.60,204967.68,1936970.14,817882.99,1091359.64,952850.90,1501559.62,780833.88,1144386.80,957436.02,1614444.83,83.73
2010-09-13,88584.25,309884.56,218633.38,1952604.65,824797.39,1104564.62,962643.14,1513051.16,789643.20,1162812.17,970544.56,1628578.86,84.66
2010-09-14,97567.00,338476.79,239804.82,1958086.85,838134.93,1121729.01,977905.95,1517105.37,806573.13,1186683.02,990910.72,1633481.60,84.61
2010-09-15,85259.21,328626.55,221190.13,1946973.47,821688.48,1115657.18,965664.72,1508864.13,785536.03,1178207.82,974449.71,1623369.27,84.93
2010-09-16,88031.07,324095.24,223260.73,1942313.63,825743.18,1113230.04,966996.88,1505361.79,790703.00,1174793.70,976242.66,1619094.00,84.91
2010-09-17,88812.53,334763.96,227926.38,1948425.19,827165.79,1119695.65,970638.02,1509881.00,792551.24,1183879.40,981158.69,1624650.59,84.94
2010-09-20,88131.24,335267.16,227223.46,1968923.74,825841.73,1119521.82,969785.81,1525400.44,790872.46,1183656.29,980027.09,1643129.47,86.24
2010-09-21,91031.10,344859.93,234212.41,1986345.47,829693.89,1124787.45,974328.28,1538637.00,795799.03,1191028.20,986131.37,1658940.33,86.07
2010-09-22,92393.72,362388.28,241917.56,1986453.08,831654.49,1134968.25,979888.95,1538713.52,798295.06,1205262.86,993570.79,1659016.19,85.64
2010-09-23,90778.56,359551.88,238856.30,1985004.98,829130.04,1132974.57,977541.11,1537551.82,795078.84,1202488.93,990425.95,1657657.81,84.95
2010-09-24,98969.12,380076.94,256449.37,1984414.63,841783.95,1146210.52,990710.61,1537063.54,811134.68,1220848.23,1007987.08,1657060.89,86.70
2010-09-27,99518.80,381203.04,257541.44,1992006.93,842785.56,1147175.96,991717.25,1542904.95,812399.35,1222173.51,1009319.98,1663966.90,86.28
2010-09-28,101833.29,393492.17,264687.52,2006662.09,845713.85,1153816.27,996310.36,1554368.98,816206.18,1231567.45,1015563.72,1677348.00,86.59
2010-09-29,100533.21,389863.00,261777.31,2004340.89,843375.13,1151023.87,993727.16,1552518.92,813238.50,1227690.81,1012119.09,1675177.58,86.44
2010-09-30,95778.69,378601.17,251806.26,2011737.13,836470.51,1144040.37,986644.82,1558305.68,804421.39,1217923.01,1002606.08,1681945.61,86.18
2010-10-01,103560.50,375012.26,260842.12,2009171.93,846563.11,1139793.68,990765.88,1556239.77,817352.18,1212091.64,1008264.13,1679662.54,86.54
2010-10-04,100454.10,364389.21,253235.55,1997141.15,842652.77,1134073.82,985991.68,1546550.31,812278.27,1203984.42,1001762.66,1668800.36,85.89
2010-10-05,113666.76,398873.14,281871.97,2045606.14,860324.87,1151891.26,1004076.24,1585638.94,834956.72,1229126.17,1026206.51,1712190.89,87.62
2010-10-06,118066.65,420783.71,295069.19,2062112.42,866086.40,1163557.29,1012522.85,1598761.16,842331.37,1245542.69,1037591.56,1726816.39,87.61
2010-10-07,110640.39,386688.14,273834.88,2059461.50,856138.69,1146064.18,999096.81,1596683.80,829590.08,1220905.03,1019482.03,1724331.29,87.51
2010-10-08,119284.58,419397.03,296113.54,2099325.80,867531.82,1162440.07,1012882.54,1627547.13,844178.51,1243974.61,1038077.67,1760629.34,88.00
2010-10-11,118976.70,417525.49,295070.70,2102087.89,867437.72,1161532.06,1012432.01,1629602.78,844042.48,1242673.04,1037450.96,1763050.84,88.08
2010-10-12,117934.41,431968.12,298881.62,2104613.23,866169.96,1169274.10,1015066.29,1631509.72,842409.98,1253564.10,1040993.90,1765382.87,88.35
2010-10-13,127847.73,450813.72,317963.01,2126037.08,879323.78,1178428.66,1026747.40,1647923.02,859258.22,1266479.88,1056766.67,1785244.66,89.04
2010-10-14,133349.02,476419.32,333833.91,2119992.99,886736.54,1192025.19,1036998.40,1643280.98,868695.74,1285551.73,1070526.98,1779504.46,88.69
2010-10-15,128825.16,458371.96,321848.23,2106407.78,880817.73,1182347.10,1029327.80,1632715.05,861152.68,1271982.06,1060229.19,1766890.67,88.87
2010-10-18,129974.45,470924.51,327690.81,2125927.18,883346.72,1188783.29,1033607.10,1647844.69,864303.66,1280976.50,1065917.44,1784976.10,89.31
2010-10-19,107781.55,401077.48,275413.13,2086746.20,855269.41,1153075.64,1001657.12,1617390.88,828289.16,1230640.75,1022767.17,1748593.92,88.14
2010-10-20,113788.17,440009.61,296454.47,2119480.93,862883.43,1172118.41,1014386.80,1642290.73,838076.68,1257578.83,1040003.87,1778951.68,89.00
2010-10-21,107634.42,412491.85,279168.25,2103480.58,853970.33,1158920.12,1003436.68,1630358.92,826644.31,1238923.01,1025196.35,1763872.16,89.20
2010-10-22,106864.79,408988.86,276984.78,2116464.52,853775.00,1156237.96,1002160.76,1640080.96,826315.39,1235095.75,1023408.87,1775913.30,89.37
2010-10-25,108048.47,433487.59,286814.58,2139358.68,855014.56,1167889.68,1007937.79,1657177.74,827982.06,1251643.69,1031296.84,1797267.64,89.63
2010-10-26,109777.45,421579.41,285169.88,2122480.24,855938.45,1161273.81,1005627.46,1644449.21,829152.18,1242223.64,1028144.73,1781611.45,89.65
2010-10-27,109292.34,398541.64,276748.04,2096714.60,854857.86,1151664.57,1000832.03,1625057.96,827768.14,1228551.05,1021628.46,1757191.27,89.39
2010-10-28,107025.10,415184.48,279655.93,2110799.37,852448.39,1159148.50,1002673.45,1635673.25,824693.35,1239264.15,1024185.37,1770497.90,89.40
2010-10-29,104020.70,429958.95,280706.50,2122614.35,849999.36,1166875.33,1004575.03,1644563.02,821431.01,1250076.19,1026627.41,1781396.45,89.47
2010-11-01,100391.09,425214.81,274260.49,2122561.20,845754.40,1164855.70,1001197.21,1644444.63,815932.80,1247193.95,1022008.05,1782030.97,89.50
2010-11-02,101806.43,447761.27,283464.94,2155270.37,847876.45,1173942.76,1006358.43,1669209.49,818778.19,1260314.89,1029166.01,1811291.93,90.21
2010-11-03,99804.46,453197.39,282398.57,2151314.09,846418.09,1176138.58,1006434.13,1666209.88,816805.80,1263379.40,1029177.64,1807568.37,90.57
2010-11-04,117099.08,524983.02,329232.00,2218961.91,865412.65,1206549.12,1030738.19,1717391.15,841447.51,1306620.54,1062314.57,1868472.47,92.32
2010-11-05,119038.01,525641.06,332164.06,2217047.01,867330.14,1207687.67,1032366.41,1715265.75,843927.42,1308124.39,1064491.32,1866767.85,92.67
2010-11-08,123886.02,539652.01,343354.92,2222939.91,872631.21,1215373.31,1038806.25,1719448.01,850795.60,1318922.25,1073216.33,1872201.12,92.49
2010-11-09,121709.34,520442.61,334227.53,2179840.22,869662.91,1203675.05,1032040.09,1688430.56,846970.49,1302434.75,1064095.78,1832640.50,91.83
2010-11-10,125137.89,536994.60,344249.96,2192347.34,873526.12,1209957.73,1037025.76,1697255.63,851967.30,1311364.17,1070882.36,1844051.42,92.20
2010-11-11,120374.82,546859.77,340860.56,2179439.40,868019.19,1214465.07,1035688.48,1688142.13,844889.62,1317818.42,1069069.53,1832269.00,91.85
2010-11-12,102935.96,447899.59,285328.89,2113422.87,849567.75,1176585.07,1008528.78,1641532.88,820835.44,1263575.21,1031849.03,1771646.40,90.76
2010-11-15,110340.91,448889.65,295907.17,2083824.38,856080.99,1172967.22,1010844.20,1621790.16,829338.27,1258647.05,1035181.17,1745200.20,90.63
2010-11-16,96417.09,389711.82,257732.07,2046614.39,842782.14,1159573.37,997221.38,1597016.74,812039.36,1239051.78,1016326.79,1712042.55,89.22
2010-11-17,97703.04,399995.04,262851.17,2050082.69,843887.22,1162284.06,999040.75,1599308.55,813478.07,1242985.29,1018840.34,1715098.84,89.27
2010-11-18,94146.68,437272.18,270315.40,2099982.02,840562.52,1178565.17,1004069.98,1631962.78,809205.34,1266168.93,1025666.14,1758735.41,90.58
2010-11-19,89710.85,437305.11,263957.47,2102105.40,836363.52,1180703.68,1002473.02,1632964.02,803741.69,1269102.39,1023391.68,1760784.64,90.83
2010-11-22,88633.83,442197.56,263849.54,2111233.85,835270.35,1184312.40,1003349.87,1638854.04,802325.64,1274158.15,1024528.63,1768913.24,90.76
2010-11-23,93818.68,421524.36,265399.18,2084828.24,840320.31,1177692.03,1003578.56,1621744.24,808896.56,1264645.23,1024899.41,1745278.07,89.44
2010-11-24,102546.88,450318.42,286809.19,2100769.83,848480.41,1184810.89,1011484.47,1632159.86,819465.62,1274942.13,1035767.52,1759443.78,90.76
2010-11-26,100172.58,407210.54,269761.13,2079350.85,846497.65,1170229.37,1004078.45,1618254.37,816876.28,1254023.81,1025634.05,1740402.72,89.71
2010-11-29,100183.96,406925.53,269682.05,2093135.16,846550.64,1172730.07,1005182.70,1627247.03,816943.88,1257449.98,1027077.57,1752592.64,89.98
2010-11-30,99046.57,408744.80,268754.04,2093219.70,845729.38,1178282.11,1007074.53,1627288.78,815867.51,1265097.85,1029524.33,1752626.70,89.47
2010-12-01,100051.61,431270.99,277523.18,2115323.31,847144.89,1186848.77,1011578.26,1641774.98,817726.62,1277473.83,1035733.04,1772618.36,91.37
2010-12-02,100295.69,452392.33,284657.49,2131303.37,847642.95,1194516.15,1015143.17,1652385.91,818344.74,1288548.93,1040614.16,1787539.02,92.54
2010-12-03,92764.41,471375.66,279942.34,2143580.28,839949.22,1203202.53,1014227.14,1660594.24,808295.22,1300799.41,1039171.29,1799018.35,92.79
2010-12-06,91762.69,484072.43,282201.05,2160225.60,838453.03,1210270.18,1016302.62,1671677.05,806441.22,1310788.88,1041969.66,1814724.98,92.70
2010-12-07,91968.18,446226.17,271485.37,2123058.13,836880.00,1192796.81,1008012.80,1646621.31,804457.00,1285982.09,1030828.11,1779561.09,92.75
2010-12-08,97047.18,460525.20,283331.62,2101442.33,842594.71,1194466.19,1012159.84,1632131.88,811845.29,1288600.94,1036611.39,1759181.92,93.09
2010-12-09,99009.81,473385.01,290152.50,2109601.32,844845.72,1200493.42,1016065.50,1637604.63,814699.37,1297119.10,1041859.72,1766788.28,93.45
2010-12-10,102447.09,493410.19,301326.08,2104497.63,848907.33,1204795.27,1020328.36,1634173.34,819948.87,1303453.23,1047760.14,1762001.22,93.99
2010-12-13,95108.36,505370.71,294185.58,2123153.34,840956.65,1212505.47,1018815.12,1646669.22,809630.81,1314278.72,1045518.70,1779342.12,94.05
2010-12-14,102328.85,539498.98,315286.00,2114150.99,849510.56,1221106.29,1027610.08,1640566.40,820680.57,1326880.05,1057665.49,1770865.21,94.14
2010-12-15,103673.25,533146.90,315501.03,2096227.00,851173.95,1215762.49,1026367.63,1628279.53,822879.40,1319519.25,1056148.71,1754146.95,93.71
2010-12-16,101450.49,523455.47,309251.30,2114488.71,848480.12,1214098.92,1024041.27,1640756.25,819401.93,1316986.85,1052903.61,1771111.60,94.25
2010-12-17,95752.75,498612.22,293228.54,2139934.34,841720.00,1209156.47,1017877.46,1658229.56,810612.18,1309536.51,1044278.14,1794844.71,94.35
2010-12-20,101030.80,521239.01,307963.44,2145768.66,848115.45,1217562.09,1025282.37,1662230.79,818868.74,1321670.71,1054434.59,1800242.82,94.58
2010-12-21,104300.23,526212.78,314415.73,2167944.91,852036.77,1219077.34,1028290.58,1677424.77,824115.28,1323899.50,1058701.58,1821187.40,95.18
2010-12-22,112071.31,553030.19,334140.59,2174512.09,861526.57,1226378.43,1037096.25,1681911.77,835760.12,1334680.48,1070492.05,1827408.51,95.48
2010-12-23,112700.85,557980.10,336574.45,2171476.96,862419.93,1228964.35,1038727.37,1679794.99,836732.57,1338391.84,1072603.20,1824487.24,95.34
2010-12-27,108225.16,538399.68,323985.78,2182462.49,856833.82,1222515.22,1032637.89,1687467.82,829721.32,1329015.15,1064352.06,1834989.50,95.38
2010-12-28,118426.94,610517.44,360954.63,2182931.77,869831.55,1248064.50,1051260.71,1687737.48,845882.89,1365750.81,1089427.97,1835387.33,95.51
2010-12-29,108661.58,560935.16,331415.46,2207031.29,857634.65,1236223.93,1038903.51,1704743.59,830364.46,1348351.80,1072495.34,1858497.88,95.58
2010-12-30,110795.92,566275.31,336247.86,2201230.02,859965.26,1236634.78,1040487.75,1700655.85,833302.91,1348943.61,1074628.36,1852797.68,95.43
2010-12-31,107575.66,549602.07,326411.18,2214056.62,856185.23,1236735.57,1038243.39,1709745.49,828561.18,1348859.62,1071537.43,1865187.03,95.45
2011-01-03,109207.56,569724.65,334862.43,2223912.23,858410.61,1240995.73,1041380.89,1716817.96,831200.61,1355100.38,1075722.98,1874392.43,96.44
2011-01-04,101703.98,525201.26,310273.76,2203616.86,848924.44,1222781.81,1027984.72,1702238.14,818948.23,1328988.74,1057430.46,1855904.82,96.39
2011-01-05,101150.06,573674.42,323747.10,2193504.69,847960.88,1234432.55,1032298.67,1694985.08,817694.50,1346240.75,1063484.46,1846707.60,96.89
2011-01-06,100921.68,546852.71,315813.34,2191582.71,847707.74,1226029.02,1028630.84,1693537.70,817367.91,1334055.31,1058459.04,1844972.89,96.70
2011-01-07,98767.92,508515.67,301373.43,2195348.89,844999.68,1212731.63,1021409.61,1696211.66,813932.05,1314914.22,1048640.97,1848391.83,96.51
2011-01-10,98882.07,503786.00,300146.06,2201063.76,845729.37,1213557.99,1022198.63,1700452.01,814814.90,1315889.11,1049598.43,1853558.20,96.39
2011-01-11,100117.04,532377.10,310537.39,2206117.49,847571.96,1225361.27,1028283.19,1704114.73,817194.68,1332801.31,1057876.06,1858146.63,96.73
2011-01-12,97844.36,541079.02,309550.68,2226934.15,845530.99,1227680.50,1028018.24,1719558.23,814621.61,1336228.80,1057570.85,1877039.30,97.60
2011-01-13,92424.85,478672.95,283126.60,2224366.99,839848.33,1205146.48,1015129.07,1717637.05,807285.56,1303780.89,1039968.29,1874673.76,97.44
2011-01-14,98003.39,502174.52,298621.40,2219011.04,846786.00,1210351.08,1021513.86,1713609.85,816236.35,1311547.02,1048830.97,1869789.47,98.15
2011-01-18,98267.30,504303.31,299656.42,2227749.13,846844.01,1210528.92,1021623.90,1720217.48,816306.42,1311821.87,1048985.89,1877693.35,98.31
2011-01-19,93749.35,470561.76,282743.30,2207669.12,841751.18,1202358.75,1015104.32,1704796.88,809668.22,1299746.92,1039892.90,1859427.30,97.35
2011-01-20,91411.07,477438.16,281283.12,2166725.10,838643.18,1202070.25,1013108.51,1673454.98,805641.40,1299399.51,1037168.01,1822239.44,97.22
2011-01-21,97192.85,491436.02,294302.18,2171849.94,845217.88,1206616.28,1018995.44,1677295.46,814185.27,1306111.48,1045346.34,1826837.00,97.44
2011-01-24,96947.18,488019.36,292907.18,2187279.00,844801.07,1204162.55,1017708.09,1688880.10,813638.82,1302574.07,1043579.96,1840578.48,98.00
2011-01-25,91380.69,447529.15,272347.11,2198983.30,838447.20,1191425.77,1008498.62,1697741.88,805378.29,1283905.20,1030804.00,1851073.53,98.05
2011-01-26,94371.49,500609.83,292955.26,2209939.40,841414.30,1204971.11,1016015.88,1706022.60,809272.48,1303852.97,1041303.78,1860963.26,98.43
2011-01-27,105560.41,508822.74,312725.09,2210896.78,854503.04,1207615.56,1025033.16,1706740.58,826060.05,1307620.30,1053608.56,1861785.40,98.67
2011-01-28,85931.99,434403.02,260780.90,2191673.17,831820.61,1188135.60,1003161.25,1691859.81,796904.64,1279206.63,1023568.15,1844375.36,96.95
2011-01-31,94911.49,473386.20,286107.30,2199888.19,841448.63,1198041.01,1013148.51,1698199.89,809316.28,1293707.63,1037340.64,1851744.31,97.68
2011-02-01,102218.55,522463.85,311951.63,2239448.70,849474.27,1210806.20,1023377.73,1728847.55,819669.68,1312377.61,1051461.00,1886670.82,99.24
2011-02-02,106060.61,532531.24,320819.76,2237515.25,853551.40,1213367.73,1026916.13,1727319.21,824909.03,1316126.80,1056323.39,1884861.45,99.05
2011-02-03,98316.86,509479.41,302164.12,2238846.68,845049.26,1206856.08,1019046.11,1728349.76,813975.78,1306606.98,1045502.89,1886032.14,99.27
2011-02-04,98887.22,513731.20,304301.42,2226471.54,845235.14,1207526.11,1019441.07,1718752.70,814166.99,1307496.21,1045981.46,1875123.18,99.55
2011-02-07,100506.09,522149.60,309285.51,2238138.25,847244.64,1209562.77,1021512.61,1727771.87,816815.04,1310573.07,1048913.19,1885367.58,100.17
2011-02-08,106900.92,549239.96,327148.10,2245705.03,853916.73,1216961.99,1028659.28,1733646.83,825411.30,1321381.42,1058757.85,1891998.17,100.63
2011-02-09,105757.83,543448.66,323674.25,2239925.18,853428.45,1216147.21,1028020.82,1729092.03,824709.10,1320085.41,1057788.28,1886872.06,100.40
2011-02-10,111081.10,570722.56,339942.30,2226786.37,858371.83,1222821.64,1033819.14,1718782.85,831144.00,1329953.61,1065868.75,1875288.11,100.44
2011-02-11,104345.62,547370.22,322681.25,2245000.47,851737.31,1216794.08,1027275.89,1733293.53,823141.53,1321136.28,1057204.27,1891253.35,101.04
2011-02-14,105683.07,551898.35,326083.93,2257526.33,853600.99,1218265.81,1029021.03,1743278.26,825258.37,1323279.15,1059421.05,1902283.42,101.28
2011-02-15,101476.31,516169.56,309038.96,2243460.60,849059.51,1208434.40,1022131.53,1731970.19,820104.94,1308810.48,1050321.37,1889761.75,100.96
2011-02-16,105043.82,550355.45,324705.09,2263365.03,853522.38,1218143.11,1028923.79,1747941.60,824595.55,1322996.00,1058888.92,1907348.49,101.60
2011-02-17,107710.53,571867.47,335172.63,2292858.57,857321.39,1224391.57,1033852.57,1771706.89,828420.39,1332122.16,1064996.88,1933443.23,101.90
2011-02-18,106308.46,565831.52,331222.31,2305087.23,856014.59,1222484.22,1032259.38,1781433.18,826921.29,1329427.59,1062956.15,1944380.55,102.12
2011-02-22,76519.58,431673.24,245549.83,2268090.14,823357.66,1186779.69,997494.68,1751754.87,792593.42,1277184.57,1020007.28,1911053.46,100.07
2011-02-23,82507.87,444093.33,258690.45,2277309.99,830995.23,1190625.99,1003737.54,1759022.75,801105.39,1282677.67,1027677.91,1919224.15,99.45
2011-02-24,75512.29,415287.18,239333.70,2276083.63,823516.67,1182920.83,995973.11,1757941.14,791466.89,1271425.79,1016988.16,1918111.53,99.38
2011-02-25,79205.72,479990.74,263831.42,2328944.61,828351.86,1200261.78,1006197.18,1800048.58,797681.95,1296721.97,1031098.11,1965081.60,100.45
2011-02-28,83207.06,515579.73,280276.49,2353991.22,832254.12,1209013.77,1012235.68,1819531.50,802753.93,1309587.12,1039491.09,1987404.34,101.07
2011-03-01,90731.28,481567.36,283704.05,2339661.39,841781.90,1200783.51,1014584.44,1808655.51,815007.82,1297570.13,1042655.64,1976050.08,99.38
2011-03-02,96731.07,509464.64,301301.82,2345088.06,849290.47,1208445.27,1022346.26,1812770.18,824604.28,1308633.66,1053239.13,1980547.18,99.60
2011-03-03,93597.67,562138.33,311997.64,2363365.67,845458.32,1222057.26,1025797.63,1826646.19,819726.68,1328567.92,1058146.07,1995707.45,101.31
2011-03-04,97400.07,545116.33,313611.31,2371130.57,850703.11,1218018.38,1027284.27,1832540.50,826411.58,1322571.04,1060072.55,2002147.29,100.55
2011-03-07,92293.07,516796.34,297243.08,2338985.53,844539.60,1210140.42,1020240.68,1807934.67,818534.52,1311182.57,1050456.36,1975264.13,99.76
2011-03-08,86414.54,521967.76,289263.97,2343436.81,837424.77,1211157.92,1016372.08,1811250.62,809373.77,1312659.59,1045169.86,1978886.98,100.64
2011-03-09,93706.79,529190.65,303470.39,2344015.65,846238.88,1213362.02,1022645.68,1811691.68,820711.26,1315857.19,1053763.08,1979368.85,100.49
2011-03-10,85414.62,437832.09,263847.96,2288197.17,836640.75,1189048.44,1006600.22,1769204.43,808358.22,1280408.09,1031638.51,1932949.28,98.63
2011-03-11,81708.07,415659.41,251442.26,2300800.30,831968.93,1183680.95,1001517.83,1778196.76,802269.96,1272450.38,1024547.74,1942773.88,99.32
2011-03-14,80602.97,406320.61,246917.24,2281362.63,830802.59,1180196.60,999341.75,1763629.40,800766.83,1267394.83,1021552.64,1926858.28,98.72
2011-03-15,74584.69,298006.09,204788.26,2217997.81,823956.83,1145200.02,980407.66,1715994.11,791922.81,1216496.00,995398.52,1874885.87,97.59
2011-03-16,83325.41,326029.83,226416.91,2186867.60,835971.85,1155744.65,992069.50,1693690.75,806158.21,1231681.96,1010557.99,1849972.36,95.78
2011-03-17,76052.45,352066.09,225576.29,2251692.61,828156.54,1166062.01,991860.30,1739979.48,795698.02,1246493.56,1010078.06,1901639.17,97.05
2011-03-18,61096.55,293316.45,184575.15,2279358.40,804371.49,1141944.05,967359.50,1758931.08,771247.63,1211887.64,980537.90,1923448.32,97.40
2011-03-21,59569.78,277200.18,177198.20,2321472.54,801992.01,1135230.70,963085.20,1787090.06,768218.14,1202257.13,974716.09,1957334.74,98.91
2011-03-22,59086.98,281191.03,177755.68,2326577.12,801371.92,1136443.88,963227.47,1790254.94,767525.15,1204179.23,975055.61,1961428.87,98.57
2011-03-23,52789.34,272025.04,165385.70,2324915.34,793720.03,1132905.70,957129.35,1789225.41,757592.56,1199016.04,966656.10,1960074.24,98.85
2011-03-24,50442.02,267194.14,160240.15,2341320.32,789737.99,1129795.26,953414.50,1800056.10,752533.31,1194684.77,961682.45,1973531.06,99.79
2011-03-25,46389.29,250710.21,148860.14,2320819.87,784021.24,1122990.19,947092.38,1786269.88,745170.13,1184927.82,953050.63,1956560.95,100.10
2011-03-28,47067.10,249063.48,149458.79,2308519.28,784808.78,1122208.99,947238.63,1778048.92,746131.20,1183729.29,953183.23,1946406.68,99.85
2011-03-29,45088.61,248066.07,146018.23,2318550.69,781641.71,1121433.47,945000.05,1784819.96,742116.97,1182716.20,950211.25,1954582.22,100.53
2011-03-30,45207.87,251331.52,147172.41,2342687.40,781901.98,1123520.45,946036.71,1801245.75,742404.70,1185591.56,951550.51,1974371.35,101.22
2011-03-31,46194.56,255353.67,149956.10,2352747.83,784067.23,1125680.66,948256.07,1808067.49,745221.89,1188750.90,954623.76,1982538.17,101.08
2011-04-01,46695.23,255765.77,150889.74,2373487.26,785216.47,1125791.56,948997.73,1822231.45,746682.27,1188910.77,955623.32,1999833.15,101.51
2011-04-04,47621.69,260610.37,153815.65,2389839.71,787302.80,1128596.64,951440.77,1833385.90,749349.76,1192896.99,958932.30,2013424.06,101.59
2011-04-05,50713.58,277799.14,163881.48,2389749.04,795065.73,1139789.90,960849.57,1833351.65,759227.04,1208769.31,971631.84,2013403.06,101.58
2011-04-06,53307.06,289649.79,171567.43,2399503.57,801549.77,1147363.79,967960.03,1839974.56,767474.48,1219511.55,981226.64,2021627.42,101.90
2011-04-07,52498.75,287129.34,169520.21,2399213.08,799600.61,1146090.44,966245.98,1839772.73,764943.25,1217613.92,978845.11,2021345.50,101.64
2011-04-08,57201.77,314236.81,185115.38,2425159.90,811035.69,1163302.15,980410.54,1857800.52,779557.17,1242109.85,998041.51,2043225.51,101.29
2011-04-11,53475.41,294654.70,173317.93,2400496.66,801580.57,1150579.61,969334.52,1840455.69,767534.16,1224076.31,983100.16,2022201.80,100.98
2011-04-12,50022.50,279489.27,163262.16,2378384.25,792669.12,1140821.79,959835.96,1824941.17,756161.17,1210159.65,970228.10,2003497.86,100.23
2011-04-13,52164.53,291210.77,170181.24,2396141.05,798108.78,1148535.89,966374.52,1837418.38,763073.24,1221082.38,979041.10,2018451.83,100.22
2011-04-14,55464.88,311072.17,181368.17,2413778.15,805816.42,1160737.84,976174.18,1849848.16,772958.62,1238479.62,992357.07,2033283.14,100.30
2011-04-15,57466.42,321410.98,187654.63,2437257.76,811002.68,1167682.20,982235.61,1866526.01,779502.16,1248227.33,1000462.79,2053119.82,100.66
2011-04-18,54946.06,314464.06,181511.60,2410105.52,804575.39,1162928.80,976344.20,1847209.46,771376.02,1241574.25,992581.74,2030114.94,99.53
2011-04-19,56319.06,323527.45,186395.14,2437911.70,807540.97,1168525.53,980492.94,1866914.98,775173.31,1249511.90,998197.75,2053652.12,100.11
2011-04-20,61718.88,348884.71,202635.45,2492784.07,820535.66,1184741.04,995184.93,1905758.69,791744.79,1272504.77,1018051.53,2100005.27,101.47
2011-04-21,65111.35,367056.15,213481.59,2519265.82,828604.43,1196184.82,1004884.42,1924332.30,802035.43,1288734.59,1031159.79,2122296.64,101.99
2011-04-25,65921.21,370761.89,215886.87,2521275.67,830495.64,1198485.24,1006997.46,1925713.74,804445.29,1291991.20,1034011.80,2123882.11,101.88
2011-04-26,64706.35,359471.18,210610.42,2540147.07,827905.54,1191750.30,1002597.75,1938671.99,801118.73,1282413.79,1028041.35,2140282.11,102.76
2011-04-27,73190.54,403728.50,237382.82,2571650.46,848288.91,1219984.06,1026816.20,1960459.29,827130.30,1322479.23,1060790.26,2167800.06,103.43
2011-04-28,73578.95,405869.61,238642.15,2587443.05,849078.38,1221215.98,1027812.44,1971348.54,828142.23,1324226.20,1062139.80,2181635.29,103.77
2011-04-29,74360.67,410091.06,241150.91,2604655.93,851328.36,1224292.60,1030468.94,1983246.98,830992.08,1328581.66,1065714.07,2196835.09,104.01
2011-05-02,67340.02,365173.61,216560.27,2577931.94,835052.36,1196697.29,1009005.22,1964807.48,810193.42,1289363.71,1036648.12,2175684.47,103.85
2011-05-03,63373.10,341641.68,203204.01,2549205.39,826678.75,1182759.30,998070.28,1944989.18,799432.55,1269522.29,1021787.56,2153311.16,103.48
2011-05-04,62291.16,313129.43,192990.05,2510740.91,824044.75,1166239.42,989510.09,1918565.03,795973.95,1245819.41,1010038.53,2123736.19,102.79
2011-05-05,60101.29,254725.98,171599.92,2422628.61,817470.37,1130869.74,970557.92,1858052.83,787720.75,1195473.38,984393.31,2055985.81,101.86
2011-05-06,59490.75,243152.46,166829.98,2431473.75,816276.54,1124458.61,967098.08,1864755.25,786178.91,1186331.15,979665.91,2063050.86,102.31
2011-05-09,54927.07,243826.30,160662.19,2486486.10,806894.84,1125559.89,962014.09,1899692.55,774019.55,1187850.69,972717.37,2104183.21,102.71
2011-05-10,51596.13,243153.48,155569.00,2503459.94,800055.89,1125584.63,957947.82,1910074.13,765164.16,1187849.21,967152.44,2117044.77,103.58
2011-05-11,58859.07,243440.42,166610.14,2433160.00,814954.50,1124773.68,966522.17,1866212.09,784471.20,1186762.66,978911.96,2063308.30,102.49
2011-05-12,55313.04,226608.97,155831.63,2434588.33,807972.27,1115254.46,958291.82,1866393.45,775434.28,1173168.86,967667.05,2064039.30,102.98
2011-05-13,59041.35,228472.38,161724.16,2398306.42,815264.89,1115596.37,962763.40,1844289.13,784934.20,1173796.93,973853.57,2036773.83,102.19
2011-05-16,62434.23,236568.22,169236.31,2379891.71,822035.69,1120052.13,968683.96,1833161.84,793686.04,1180155.95,981920.61,2022969.95,101.54
2011-05-17,62396.79,236736.28,169245.67,2396549.11,821738.04,1119626.97,968324.73,1843267.90,793307.26,1179568.47,981441.91,2035273.33,101.52
2011-05-18,54764.69,213084.26,150440.43,2422703.98,806132.52,1105747.11,953127.98,1859037.88,773182.12,1159879.69,960802.10,2054646.75,102.43
2011-05-19,57516.81,220649.77,156891.18,2424169.25,811774.78,1110514.86,958518.37,1860106.82,780369.10,1166488.01,968004.63,2055863.89,102.68
2011-05-20,58997.18,221527.08,159222.13,2401933.74,814644.69,1110902.49,960380.01,1846415.67,784129.97,1167120.84,970599.78,2039139.73,101.86
2011-05-23,64837.32,236946.30,172644.10,2341527.43,826218.43,1119789.60,971043.59,1809347.22,799079.95,1179786.74,985118.96,1993817.57,100.68
2011-05-24,63610.88,232330.88,169329.83,2370486.63,823708.46,1117058.09,968384.29,1827013.31,795836.26,1175895.16,981494.79,2015363.80,100.59
2011-05-25,58456.36,218529.11,157439.67,2392488.85,813503.87,1109102.65,958937.52,1840154.58,782644.39,1164545.66,968623.52,2031571.46,100.93
2011-05-26,60305.71,228368.98,163474.66,2431687.06,817065.92,1115095.90,963627.84,1863595.78,787249.88,1173059.21,975014.08,2060552.89,101.39
2011-05-27,59820.05,227603.51,162542.43,2462928.54,816095.10,1114656.61,962865.55,1882205.92,785998.53,1172428.13,973976.91,2083764.53,101.78
2011-05-31,58382.18,227913.02,160699.46,2499057.60,813168.06,1114760.61,961183.74,1903687.55,782244.96,1172577.84,971713.46,2110763.62,102.84
2011-06-01,65701.28,251606.60,179125.60,2449381.53,827823.76,1129067.81,976013.51,1874226.31,801222.28,1192990.90,991958.52,2072662.75,100.53
2011-06-02,58733.04,230480.56,162106.52,2437963.62,814022.98,1116502.81,962447.01,1867520.93,783389.21,1175085.05,973475.09,2063983.29,100.43
2011-06-03,61756.37,247273.27,172184.30,2445961.73,819897.03,1127003.03,970445.26,1872262.57,790955.11,1189962.43,984338.38,2070001.95,99.43
2011-06-06,61104.32,239470.33,168558.59,2401890.58,818588.67,1122445.59,967708.79,1846234.73,789256.63,1183464.86,980594.11,2036739.28,98.38
2011-06-07,62173.71,244918.78,171951.10,2430412.88,820825.32,1125965.11,970548.00,1863147.92,792083.05,1188371.46,984382.68,2058218.08,98.31
2011-06-08,64332.03,252046.79,177437.87,2413054.01,824937.95,1130155.92,974785.57,1852994.74,797589.95,1194334.08,990274.15,2045200.74,97.90
2011-06-09,59058.22,236891.73,164830.38,2426526.18,814314.73,1120271.95,964246.55,1860789.26,784816.61,1180410.95,976572.44,2055206.24,98.65
2011-06-10,62734.81,245239.55,172865.26,2358885.61,821503.11,1125557.63,970777.26,1820891.69,793240.94,1187840.51,984887.07,2004448.64,97.28
2011-06-13,62824.46,246180.47,173320.39,2358884.81,821653.02,1126239.94,971160.08,1820740.04,793348.84,1188851.29,985373.09,2004350.21,97.35
2011-06-14,53050.40,211671.35,147690.17,2393449.53,802572.30,1104539.55,950527.61,1840705.88,769472.75,1157975.66,957749.98,2029892.24,98.59
2011-06-15,58777.91,227647.61,161236.34,2332856.93,812497.94,1113034.34,960060.48,1805738.36,782319.71,1170120.41,970767.57,1984889.72,96.84
2011-06-16,59705.68,232137.87,164099.00,2318763.49,814261.93,1115661.52,962235.72,1797524.55,784598.88,1173862.22,973733.83,1974245.73,97.05
2011-06-17,58094.06,225954.73,159698.82,2343913.95,811305.38,1111890.73,958862.69,1811611.39,780785.37,1168508.19,969146.82,1992707.67,97.34
2011-06-20,57022.90,222764.18,157099.03,2351401.52,809227.51,1109585.66,956640.88,1815859.99,778108.99,1165258.44,966138.14,1998237.71,97.84
2011-06-21,52954.31,210292.86,147096.96,2401763.66,801377.13,1101130.62,948355.86,1844358.62,768050.95,1153381.25,954970.06,2035272.70,99.18
2011-06-22,51794.16,208326.27,144797.83,2373909.47,799074.87,1099854.34,946444.00,1828662.13,765035.30,1151491.47,952312.93,2014539.44,98.58
2011-06-23,54176.84,218755.38,151752.77,2363180.21,802963.06,1105900.60,951348.08,1822674.70,770075.87,1160092.00,959006.60,2006476.29,98.30
2011-06-24,56765.24,224858.19,157494.71,2332648.42,808672.63,1110617.28,956759.18,1805203.55,777417.58,1166797.24,966349.56,1983796.57,97.15
2011-06-27,53820.09,208290.15,147606.77,2332121.17,802974.44,1100124.25,948868.66,1804902.23,770015.26,1151896.20,955578.35,1983328.45,98.02
2011-06-28,46979.09,181750.80,128822.05,2356437.93,788726.45,1081289.48,932327.69,1818726.20,753146.86,1127195.22,934866.03,2001178.70,99.30
2011-06-29,41143.01,156339.02,111814.71,2403765.45,776360.74,1062622.35,916971.41,1845910.61,737660.10,1101325.01,914526.29,2035994.45,100.15
2011-06-30,41239.19,154826.62,111404.57,2422436.13,776668.40,1061402.67,916626.84,1856532.64,738052.05,1099613.45,914058.62,2049704.03,101.11
2011-07-01,42109.14,152678.49,111806.78,2456717.97,778416.72,1059447.89,916814.45,1876025.95,740330.99,1096957.07,914365.77,2076885.70,102.60
2011-07-05,37815.61,151586.33,105706.87,2473977.51,768299.97,1058566.00,910475.15,1885880.15,727439.30,1095720.48,905889.27,2090680.49,102.52
2011-07-06,36864.56,153586.82,105075.14,2476442.55,766173.62,1060405.41,910006.28,1887408.64,724682.97,1098215.41,905204.38,2092701.17,102.64
2011-07-07,38617.21,154367.70,107840.04,2516066.81,771204.20,1060843.07,913181.55,1910097.27,731116.89,1098914.36,909510.74,2124698.21,103.71
2011-07-08,36480.08,152089.46,104060.25,2509186.78,765226.51,1058946.55,908826.20,1906083.97,723537.10,1096254.28,903695.31,2119141.71,102.97
2011-07-11,34964.56,156017.44,103242.50,2449769.99,760094.55,1061985.22,907082.64,1871700.39,717121.74,1100605.21,901482.26,2070462.32,101.11
2011-07-12,35593.70,155608.75,104036.13,2457371.98,762138.28,1061812.10,908228.18,1875922.65,719649.96,1100278.32,902937.48,2076323.86,100.67
2011-07-13,35590.63,150972.70,102481.86,2511192.91,762782.48,1057974.76,906970.87,1906607.83,720068.51,1094823.14,900961.68,2119429.36,101.01
2011-07-14,34065.91,145818.50,98537.32,2477797.50,758238.57,1052636.81,901981.42,1887916.15,714352.02,1087413.48,894336.58,2092066.53,100.31
2011-07-15,35384.18,148205.58,101250.44,2501706.79,762221.78,1055170.03,905435.91,1901322.31,719387.40,1090922.21,898931.49,2111354.31,100.89
2011-07-18,34613.20,146953.50,99719.68,2478202.55,759892.10,1053880.00,903498.73,1888142.37,716427.56,1089124.71,896341.63,2092332.42,100.07
2011-07-19,35157.84,136803.07,97060.28,2523537.00,761562.97,1043122.56,899880.83,1913647.07,718556.38,1074193.67,891529.27,2128993.40,101.69
2011-07-20,36861.82,147188.33,103096.48,2539018.97,766622.50,1053968.75,907548.45,1922224.19,724987.36,1089317.49,901794.83,2141370.91,101.63
2011-07-21,36634.00,149725.30,103666.40,2570304.60,765930.45,1056676.29,908304.52,1939753.61,724112.81,1093069.30,902803.88,2166876.05,103.04
2011-07-22,37198.20,152427.53,105400.16,2588806.46,767805.04,1059727.50,910727.43,1950281.94,726407.82,1097206.42,905943.05,2182072.58,103.11
2011-07-25,37302.13,164823.83,109833.28,2575924.86,768141.47,1072929.05,916599.65,1943041.32,726832.32,1115506.86,913762.93,2171439.81,102.53
2011-07-26,38864.45,174706.41,115426.07,2607021.80,773050.51,1083504.46,924045.82,1960659.76,733022.09,1130160.22,923655.40,2197192.07,102.15
2011-07-27,37371.66,171577.58,112175.72,2544843.72,768304.76,1080192.41,919797.16,1925244.88,727018.20,1125562.91,917994.11,2145298.67,100.06
2011-07-28,37045.07,174738.34,112718.79,2547130.10,767244.02,1083572.10,920601.13,1926492.23,725663.73,1130241.06,919046.69,2147130.24,99.77
2011-07-29,38049.73,196150.52,121153.46,2568223.73,770398.28,1106601.07,932276.19,1938362.62,729615.12,1162170.96,934530.67,2164474.09,99.09
2011-08-01,35399.97,194586.67,116451.97,2548732.06,761793.25,1105109.72,926441.41,1927731.36,718735.64,1160097.92,926729.67,2149624.89,98.66
2011-08-02,42340.39,216895.54,134543.05,2523236.75,784117.75,1128551.85,949842.25,1913502.46,746857.23,1192602.17,957842.30,2129241.60,96.14
2011-08-03,41616.59,209974.82,131246.56,2522852.54,781820.67,1121952.64,945673.87,1913271.04,743961.41,1183363.45,952275.31,2128938.71,96.66
2011-08-04,44402.58,194586.07,130830.23,2371044.14,790502.41,1104831.35,943708.87,1827755.88,754968.27,1167039.47,952751.62,2007871.19,92.14
2011-08-05,42704.30,187858.99,126066.80,2346414.47,785380.97,1100184.71,938667.36,1817415.59,748659.65,1161235.05,946401.64,1991696.44,92.00
2011-08-08,60757.37,232011.97,167528.80,2196293.18,839782.84,1140686.10,988454.93,1744654.27,815405.46,1214327.89,1010224.49,1883420.86,86.01
2011-08-09,64666.42,243821.94,177181.90,2345063.45,848936.32,1157201.08,1000997.40,1811364.53,828836.68,1238566.85,1028627.06,1982394.43,90.01
2011-08-10,74435.85,275483.83,202069.83,2287296.82,870309.07,1180725.89,1023772.59,1787867.39,855884.24,1271945.89,1059271.34,1947667.57,86.03
2011-08-11,54390.07,200854.80,147490.32,2336046.85,827312.94,1120957.29,972571.93,1806504.75,801306.01,1187887.55,990495.69,1975088.76,89.89
2011-08-12,51994.32,186243.23,138877.30,2362609.86,822010.73,1108788.18,964176.22,1816672.30,794605.42,1170853.47,979252.63,1990041.68,90.50
2011-08-15,48646.36,170895.91,128684.02,2432530.36,816092.59,1098705.55,956321.58,1843417.39,787000.58,1156565.89,968591.84,2029387.41,92.41
2011-08-16,51981.13,174075.05,134291.68,2430547.71,822012.52,1099965.18,960338.35,1842503.95,794584.83,1158466.43,974054.78,2028023.45,91.62
2011-08-17,53529.86,183206.42,139814.46,2471213.71,824749.09,1106337.79,964718.73,1857924.36,798103.73,1167430.99,979980.40,2050695.51,91.68
2011-08-18,62600.13,203989.50,159590.10,2371876.46,840663.33,1118299.77,979241.64,1819581.38,818613.04,1184746.07,999839.37,1994572.78,87.73
2011-08-19,64699.15,220749.42,168821.69,2363933.85,844860.59,1129806.84,986724.31,1816854.31,823850.59,1200874.50,1009843.50,1990249.88,86.30
2011-08-22,66727.98,225274.68,173199.02,2378167.64,848064.66,1131477.20,989324.76,1821592.46,828043.80,1203531.15,1013530.46,1997504.64,86.37
2011-08-23,57983.39,195803.03,150520.89,2408255.61,833049.36,1113519.29,972715.69,1833310.28,808694.68,1177751.20,990833.70,2014431.71,89.21
2011-08-24,49126.91,169170.53,128788.80,2349851.51,818297.30,1096711.41,956761.76,1811293.58,789690.22,1153870.32,969145.92,1982030.20,90.47
2011-08-25,48653.95,174590.52,130231.95,2332254.68,817052.16,1099065.84,957060.83,1804312.07,788242.99,1157449.72,969761.04,1972045.71,89.09
2011-08-26,48171.27,185394.34,133615.40,2405296.29,816481.82,1106220.57,959841.95,1832299.59,787411.94,1167423.30,973427.98,2012900.13,90.38
2011-08-29,43611.99,161036.80,118514.87,2451210.40,808714.04,1091262.64,948786.79,1849493.23,777419.06,1146125.43,958371.84,2038168.18,92.98
2011-08-30,44147.70,177152.49,125172.94,2484548.38,809643.01,1101144.35,953627.49,1861923.15,778618.13,1160179.27,964986.72,2056428.08,93.22
2011-08-31,42912.91,170420.10,121043.92,2490658.43,807629.77,1097237.00,950749.91,1864176.98,776005.90,1154587.75,961042.59,2059728.04,93.64
2011-09-01,44027.36,173026.73,123541.39,2482259.64,809686.25,1098571.83,952538.68,1861056.52,778645.58,1156525.09,963483.42,2055128.78,92.66
2011-09-02,46435.78,202323.96,137379.55,2480136.80,813712.31,1116319.22,962600.98,1860293.81,783857.76,1181803.07,977237.51,2054006.38,90.29
2011-09-06,46489.61,195158.26,135026.39,2431634.31,813701.12,1110835.53,960230.07,1841874.64,783894.13,1174242.06,974134.06,2027342.71,89.63
2011-09-07,43866.36,170825.31,122799.10,2466634.98,809412.63,1096491.45,951500.03,1854971.71,778377.61,1153830.84,962239.99,2046526.51,92.16
2011-09-08,46683.67,190202.24,133707.11,2451836.55,813916.18,1107929.70,959109.97,1849355.16,784233.67,1170145.95,972662.67,2038340.87,91.20
2011-09-09,49822.33,203029.11,142710.31,2400626.59,818940.39,1115367.12,965289.41,1830021.33,790711.12,1180696.82,981064.68,2010053.11,88.81
2011-09-12,49314.39,185692.87,135889.97,2392498.17,817977.64,1104965.44,960220.96,1826902.55,789474.06,1165900.43,974149.94,2005504.69,89.39
2011-09-13,48694.92,183235.18,134137.20,2399860.81,816689.77,1103243.01,958716.66,1829534.43,787869.41,1163544.63,972175.75,2009464.42,90.21
2011-09-14,48543.88,173294.86,130290.77,2403791.91,816488.85,1097211.46,955978.02,1831075.95,787604.99,1154971.47,968431.05,2011695.02,91.45
2011-09-15,44727.32,145968.75,114896.50,2420597.46,810100.86,1080647.08,945022.25,1837620.76,779307.48,1131421.87,953456.74,2021207.53,93.03
2011-09-16,47007.00,153444.42,120766.71,2426612.35,813798.55,1085056.83,949107.18,1839984.69,784126.12,1137683.66,959042.89,2024635.04,93.58
2011-09-19,52370.81,162402.41,131181.99,2391570.53,822861.13,1090585.04,956809.66,1826348.00,795854.74,1145449.22,969488.47,2004632.35,92.65
2011-09-20,53092.67,173998.02,136769.30,2395600.98,824074.27,1097794.80,960677.66,1827960.89,797429.04,1155684.47,974778.82,2006966.53,92.54
2011-09-21,59874.54,194699.59,153640.64,2345322.15,835096.90,1110886.82,972830.96,1807743.60,811797.93,1174265.63,991397.37,1977525.79,89.82
2011-09-22,68187.90,218456.42,173680.31,2267330.93,848727.41,1125967.52,987373.54,1776201.90,829602.57,1195732.12,1011330.97,1931743.32,86.91
2011-09-23,63553.87,204122.99,162080.89,2239624.27,841143.65,1117602.40,979294.50,1765315.23,819694.49,1183765.42,1000231.11,1915739.41,87.44
2011-09-26,60783.37,189411.52,152707.38,2249942.89,836598.38,1108490.07,972656.28,1769418.32,813786.94,1170836.66,991164.64,1921699.93,89.52
2011-09-27,56330.50,171502.81,139894.69,2282995.72,829151.19,1097186.34,963367.82,1782244.16,804165.25,1154891.05,978555.86,1940502.30,90.52
2011-09-28,58932.53,184682.99,148501.23,2224857.71,833371.99,1105740.10,969575.08,1759238.97,809616.41,1166930.60,986973.16,1906856.35,88.67
2011-09-29,56665.69,178997.69,143359.45,2250395.90,829825.41,1102186.96,965954.18,1769482.45,804983.74,1161890.15,982017.83,1921756.28,89.37
2011-09-30,63151.29,208215.29,163263.65,2188937.44,840390.80,1120492.48,980124.93,1745079.50,818734.81,1187837.00,1001370.46,1886221.76,87.14
2011-10-03,70386.23,240543.63,185290.30,2196937.47,852328.50,1140177.76,995695.86,1748656.02,834254.68,1215752.37,1022628.01,1891191.02,84.66
2011-10-04,67900.13,223326.02,175386.67,2178876.46,848184.00,1129953.85,988810.87,1740979.89,828879.37,1201266.19,1013240.98,1880262.17,86.51
2011-10-05,65909.77,211558.76,168195.45,2176463.21,844827.08,1122905.13,983770.00,1739923.01,824525.32,1191274.00,1006365.64,1878757.10,88.12
2011-10-06,62516.39,191259.79,155796.52,2162795.64,838901.58,1110387.23,974836.56,1733837.90,816896.88,1173625.46,994255.66,1870223.44,89.71
2011-10-07,61038.58,188705.15,152914.63,2156217.80,836374.75,1109037.65,972776.00,1731183.94,813577.94,1171622.56,991387.50,1866314.47,89.11
2011-10-10,53938.77,154658.42,130226.70,2130742.72,825206.23,1088372.01,957217.75,1719936.92,799049.56,1142412.07,970177.24,1850430.92,92.09
2011-10-11,53597.97,155247.09,130063.15,2143237.50,825017.88,1089179.09,957463.42,1725546.35,798737.84,1143469.50,970437.00,1858287.24,92.18
2011-10-12,49328.44,134453.69,116172.67,2122327.95,818399.31,1076602.77,948095.14,1716194.79,790138.62,1125731.18,957686.07,1845101.48,92.99
2011-10-13,48192.07,134539.81,114871.75,2133388.91,816823.80,1076812.68,947274.98,1721229.82,788015.40,1125947.61,956491.41,1852140.63,92.81
2011-10-14,48702.41,127931.15,112658.71,2119685.04,817491.37,1072519.11,945773.53,1714969.17,788952.50,1119963.43,954518.37,1843355.69,94.39
2011-10-17,48108.16,133469.20,114409.85,2139506.43,816514.68,1076197.52,946830.41,1723852.07,787671.66,1125155.01,955955.88,1856005.30,92.59
2011-10-18,48399.33,131797.34,114039.51,2139238.17,817158.78,1075159.22,946747.12,1723885.71,788454.56,1123613.63,955776.16,1855922.75,94.40
2011-10-19,47511.63,137400.71,115417.90,2143388.16,815681.73,1079154.09,947650.35,1725777.61,786522.86,1129236.39,956996.78,1858617.01,93.28
2011-10-20,47779.04,139656.72,116690.25,2141424.31,816126.39,1081166.85,948792.40,1724865.06,787104.72,1132048.31,958542.29,1857317.43,93.69
2011-10-21,46796.03,124520.63,109166.36,2127800.32,814326.82,1070436.78,943038.19,1718378.64,784811.24,1117008.34,950778.36,1848210.46,95.47
2011-10-24,47519.88,117613.59,106982.99,2117553.96,815576.53,1065317.75,941506.91,1713557.11,786446.29,1109810.13,948705.27,1841343.83,96.64
2011-10-25,46911.58,118124.35,106530.55,2147120.31,814690.19,1065915.39,941259.40,1727615.28,785225.72,1110569.12,948293.48,1861234.32,94.76
2011-10-26,45708.29,110821.08,101871.05,2131294.82,812599.55,1060462.33,937644.01,1720156.91,782496.47,1102911.01,943375.90,1850612.17,95.72
2011-10-27,50166.95,116939.99,109651.98,2100108.63,820166.01,1064838.24,943943.97,1705252.55,792442.11,1109134.46,952032.75,1829514.77,99.06
2011-10-28,49848.37,117475.28,109554.78,2106357.90,819614.70,1065248.25,943808.45,1708217.48,791722.30,1109707.09,951846.11,1833737.39,99.04
2011-10-31,42611.63,99413.82,93180.61,2129034.07,806912.37,1051457.23,930385.49,1718872.88,775202.58,1090494.26,933675.86,1849046.20,96.65
2011-11-01,39308.13,92503.90,86330.33,2168151.98,801421.95,1046614.31,925077.58,1738019.00,767911.25,1083543.60,926309.36,1876021.32,93.95
2011-11-02,41074.71,92986.08,88495.25,2177765.52,804255.93,1046676.47,926740.67,1742552.79,771672.19,1083717.38,928652.00,1882574.35,95.49
2011-11-03,43207.60,94320.77,91428.01,2186273.99,807811.00,1047477.98,929143.75,1746539.89,776372.03,1084923.38,931996.68,1888352.74,97.23
2011-11-04,42951.76,94890.44,91433.43,2187216.87,807565.63,1048176.88,929312.61,1747170.82,775990.37,1085816.86,932151.36,1889115.19,96.63
2011-11-07,44024.91,96261.11,93236.03,2200943.20,809538.03,1049463.20,931017.72,1754100.67,778505.68,1087534.31,934399.31,1898809.57,97.23
2011-11-08,44915.63,96809.64,94444.86,2197063.48,810990.58,1049863.51,932030.54,1752137.89,780405.01,1088095.49,935780.22,1896021.36,98.48
2011-11-09,41843.22,95333.32,90494.52,2183718.79,805496.04,1048392.49,928220.28,1745246.37,773292.63,1086123.70,930668.12,1886371.83,94.85
2011-11-10,42687.12,97871.66,92611.83,2178994.00,807083.49,1050802.61,930201.87,1742969.83,775308.34,1089406.58,933287.59,1883009.80,95.74
2011-11-11,42982.12,98846.50,93393.06,2193186.38,807295.40,1051366.75,930573.68,1750079.29,775656.22,1090278.93,933870.65,1893214.91,97.54
2011-11-14,43043.62,97476.77,92812.80,2189793.38,807586.55,1050355.08,930293.77,1748460.95,775968.84,1088784.59,933418.86,1890785.61,96.62
2011-11-15,44373.17,99698.14,95303.76,2195592.26,809653.91,1052146.89,932278.01,1751329.81,778727.94,1091367.92,936185.67,1894976.44,97.10
2011-11-16,45085.75,103217.20,97750.97,2191224.04,811139.84,1055538.51,934636.11,1749171.43,780602.12,1096020.13,939307.60,1891780.63,95.56
2011-11-17,44055.04,98909.42,94593.80,2165433.12,809538.60,1051589.58,931965.28,1735565.24,778502.08,1090507.95,935682.08,1872476.60,94.04
2011-11-18,42530.09,97300.09,92187.08,2163500.07,806689.94,1050095.97,929663.70,1734542.20,774792.08,1088423.19,932558.16,1871017.46,93.94
2011-11-21,42693.48,96328.42,91903.85,2144780.97,806901.93,1049190.69,929385.13,1724562.28,775067.10,1087160.04,932182.55,1856853.26,92.15
2011-11-22,42839.25,97832.64,92778.31,2148310.33,806993.44,1050448.33,929994.84,1726336.94,775248.42,1088995.46,933078.47,1859491.48,91.79
2011-11-23,45729.19,96624.37,95334.81,2130744.72,813046.79,1049668.51,933137.64,1716981.68,783055.73,1087819.91,937273.24,1846083.24,89.76
2011-11-25,46901.81,98495.38,97480.14,2115679.91,815150.01,1051640.07,935220.92,1708802.57,785792.81,1090564.96,940093.88,1834471.05,89.59
2011-11-28,45336.01,99771.95,96484.68,2136238.57,811958.58,1052712.73,933867.11,1720006.35,781649.26,1092067.77,938263.01,1850358.08,92.19
2011-11-29,44516.12,100736.22,96078.48,2141528.10,809767.61,1053029.63,932747.72,1722666.65,778927.88,1092681.55,936893.36,1854380.79,92.45
2011-11-30,40327.00,99164.01,90808.07,2155333.93,801112.65,1051447.62,927062.36,1730352.45,767617.14,1090400.80,929113.30,1865148.64,96.26
2011-12-01,39222.70,99520.25,89727.86,2155769.82,798527.16,1051706.62,925680.56,1730487.09,764315.51,1090840.55,927302.53,1865462.44,96.24
2011-12-02,39416.93,102878.95,91464.12,2164236.07,798815.15,1055439.93,927490.45,1735317.46,764638.55,1095962.07,929675.34,1872188.87,96.16
2011-12-05,39911.27,104005.41,92538.41,2174912.35,799954.48,1056695.97,928703.77,1741297.87,766115.88,1097710.38,931314.96,1880680.38,97.20
2011-12-06,39806.30,103915.43,92376.68,2173658.18,799871.37,1056793.41,928698.35,1740706.46,765948.29,1097764.26,931235.96,1879698.03,97.23
2011-12-07,40405.78,106307.92,94135.69,2183476.07,801183.34,1059354.86,930585.47,1746180.45,767705.53,1101409.02,933850.11,1887599.42,97.60
2011-12-08,39527.58,102636.49,91487.16,2169887.06,799301.17,1055621.52,927852.62,1738358.48,765249.75,1096196.76,930146.83,1876465.12,95.46
2011-12-09,41305.34,108086.33,95973.40,2174039.86,803239.13,1061325.35,932644.99,1740649.43,770425.91,1104229.41,936700.53,1879840.78,97.07
2011-12-12,42141.28,106943.03,96436.98,2167561.37,805075.88,1060268.71,933247.06,1736862.98,772804.65,1102748.19,937518.34,1874444.49,95.66
2011-12-13,44220.46,111891.34,101047.08,2159775.95,809532.48,1065727.94,938232.72,1732264.74,778603.58,1110375.19,944277.90,1867893.70,94.76
2011-12-14,44610.17,113032.19,102007.49,2152278.00,810965.45,1067877.87,940009.48,1727934.10,780380.76,1113280.02,946590.71,1861593.44,93.75
2011-12-15,43654.67,109767.07,99441.72,2154761.21,808476.84,1063758.39,936754.07,1729278.85,777212.00,1107611.95,942259.19,1863623.85,94.09
2011-12-16,42971.46,106078.66,96992.84,2171442.76,807072.71,1060063.51,934313.74,1739395.28,775329.45,1102364.71,938886.08,1877868.57,94.23
2011-12-19,43550.56,104397.54,96877.84,2170767.50,808066.46,1058019.99,933988.40,1738973.24,776628.13,1099531.44,938465.85,1877256.10,93.22
2011-12-20,38608.18,94141.24,86621.92,2184838.83,796193.26,1046042.72,921840.10,1747491.78,761215.00,1082815.06,922019.51,1889359.30,96.04
2011-12-21,38069.09,93785.21,85853.38,2180097.99,794868.19,1045656.65,920902.90,1744550.35,759496.24,1082278.60,920750.19,1885163.50,96.23
2011-12-22,37687.18,92935.85,85033.97,2184546.98,793925.40,1044418.53,919811.56,1747268.76,758274.32,1080560.03,919278.48,1889017.97,97.08
2011-12-23,37053.68,92890.03,84298.32,2181881.85,792508.55,1044406.63,918985.56,1745591.50,756433.47,1080545.24,918156.33,1886620.56,97.95
2011-12-27,36820.53,89384.35,82442.39,2191621.27,791663.97,1039641.21,916399.31,1751611.59,755400.34,1073993.65,914745.83,1895301.16,98.03
2011-12-28,39282.02,98083.03,89209.62,2178938.06,797713.32,1049811.23,924382.77,1743570.70,763227.11,1088178.51,925525.50,1883826.40,96.74
2011-12-29,38178.65,97793.04,87824.86,2184692.83,794964.20,1049320.10,922573.71,1747247.48,759670.20,1087491.96,923076.89,1889044.42,97.74
2011-12-30,37876.81,95262.31,86341.31,2192941.50,794202.98,1046463.18,920876.09,1752507.22,758687.08,1083511.54,920790.28,1896514.10,97.26
2012-01-03,35461.65,83134.42,78092.52,2193751.79,788039.96,1031760.16,910833.84,1752940.32,750769.17,1063091.60,907308.81,1897204.41,98.81
2012-01-04,37138.35,87248.54,81871.01,2194042.66,792019.95,1037111.44,915495.96,1753079.02,755924.15,1070557.80,913609.78,1897402.49,98.97
2012-01-05,35325.22,91967.28,82086.45,2217868.92,788023.61,1043245.27,915893.56,1768601.86,750802.62,1079116.30,914166.74,1919570.72,99.23
2012-01-06,37509.12,94816.72,85895.51,2231145.25,793461.25,1046736.42,920586.04,1777317.14,757825.48,1083987.28,920505.42,1932017.63,98.97
2012-01-09,37121.71,92768.59,84524.22,2222335.24,792729.98,1044209.84,919050.78,1771564.71,756812.93,1080384.94,918360.93,1923668.40,99.21
2012-01-10,37895.90,91112.55,84651.18,2211443.37,794435.98,1042479.09,919278.06,1764354.28,759009.51,1077965.96,918665.56,1913368.82,100.07
2012-01-11,38453.47,92562.46,85947.46,2231120.76,795817.97,1044412.63,920930.15,1777381.63,760944.23,1080742.04,921019.32,1932110.27,100.13
2012-01-12,35185.44,84623.25,78609.35,2235970.46,788078.14,1034210.02,911953.67,1780624.51,751320.33,1066533.71,909140.87,1936742.41,100.37
2012-01-13,36267.17,90092.92,82358.20,2254791.91,790925.27,1041211.59,916687.95,1793253.87,755230.77,1076302.12,915670.21,1954786.09,99.85
2012-01-17,36686.85,88823.59,82254.54,2253969.05,791924.26,1039502.54,916514.54,1792691.18,756278.00,1073916.92,915290.46,1953981.81,100.24
2012-01-18,36160.32,82187.01,78591.40,2238878.57,790283.71,1030587.21,911634.96,1782348.44,754237.32,1061505.45,908766.48,1939202.75,101.35
2012-01-19,32486.15,77081.52,72157.59,2225820.10,780656.63,1023844.07,903099.86,1773363.31,743498.00,1052113.27,898276.31,1926362.39,101.88
2012-01-20,32076.96,77525.85,71911.12,2222565.79,779716.35,1024392.24,902797.75,1771084.99,742506.87,1052890.48,898009.36,1923105.79,102.26
2012-01-23,31754.47,72818.22,69366.29,2200305.13,778948.96,1018186.05,899618.72,1755589.20,741519.73,1044241.88,893724.23,1900959.38,102.00
2012-01-24,32326.07,74759.89,70915.42,2195693.27,780387.86,1020971.87,901680.33,1752362.44,743370.36,1048095.11,896488.39,1896345.41,101.88
2012-01-25,33331.74,76795.92,72984.18,2190770.72,782558.28,1023611.74,904099.92,1748848.52,746167.45,1051728.02,899728.71,1891322.32,102.73
2012-01-26,32517.27,76728.68,72060.55,2208088.29,780408.35,1023531.95,902822.77,1761088.05,743404.33,1051612.09,898013.24,1908818.40,102.21
2012-01-27,33849.66,78525.57,74380.66,2206777.39,783515.81,1025673.15,905564.55,1760117.21,747407.32,1054580.95,901698.60,1907429.26,102.16
2012-01-30,30952.11,74009.89,69058.48,2230276.54,776229.63,1018896.70,898362.52,1776878.33,737983.51,1045137.93,891976.96,1931258.02,101.81
2012-01-31,31270.83,72888.63,68890.92,2246555.27,776805.95,1016326.85,897563.10,1788525.09,738782.68,1041679.37,890984.07,1948046.11,101.77
2012-02-01,32379.01,76035.15,71598.57,2238779.42,779679.55,1021669.91,901582.60,1782942.17,742473.84,1049039.51,896357.56,1940105.33,102.66
2012-02-02,31824.90,73937.54,69998.32,2241973.92,778094.41,1017805.21,898960.89,1785198.11,740437.79,1043712.97,892852.89,1943308.01,102.83
2012-02-03,34792.42,83588.28,77830.10,2222497.90,785631.78,1034036.91,910483.19,1771030.11,750129.66,1066093.81,908269.28,1923748.11,104.27
2012-02-06,35180.60,82033.62,77540.50,2227698.94,786708.55,1030933.76,909740.95,1774850.94,751458.87,1061743.29,907220.76,1928830.85,104.20
2012-02-07,34428.57,82442.01,76904.75,2218172.34,784380.92,1031539.12,908662.23,1767799.48,748527.29,1062647.38,905837.39,1919404.18,104.46
2012-02-08,35494.81,85460.25,79503.37,2216817.87,787035.49,1036268.01,912282.61,1766813.99,751888.64,1069095.78,910619.70,1917934.59,104.77
2012-02-09,36728.78,89132.27,82593.36,2202984.06,790110.66,1042181.32,916667.78,1756450.67,755895.57,1077320.27,916548.79,1904320.78,104.90
2012-02-10,33224.37,79852.18,74353.47,2216953.89,780925.26,1026316.46,904362.34,1766904.39,744032.28,1055368.25,900018.44,1918045.11,104.13
2012-02-13,34426.31,81890.10,76647.18,2221154.65,783714.36,1029113.72,907209.75,1770042.90,747677.55,1059311.55,903904.61,1922257.51,104.90
2012-02-14,33693.48,80102.57,74994.85,2219701.21,782039.11,1026444.81,905063.76,1768933.40,745464.50,1055541.44,900958.37,1920739.02,104.77
2012-02-15,33357.29,76632.90,72996.49,2217115.04,780936.38,1019930.71,901553.76,1766881.48,744104.79,1046651.30,896342.61,1918228.18,104.28
2012-02-16,36936.43,84344.06,80585.28,2203836.57,790130.09,1032704.76,912506.34,1756602.25,755870.22,1064203.31,910944.57,1904927.67,105.44
2012-02-17,39298.67,89066.60,85418.20,2190724.00,796124.84,1040493.29,919408.95,1746413.86,763630.40,1074687.42,920107.84,1891896.89,105.72
2012-02-21,41647.79,93777.05,90229.92,2178026.78,802208.65,1047990.50,926234.28,1736490.11,771451.32,1084671.16,929093.45,1879425.63,105.76
2012-02-22,43076.34,97053.90,93353.86,2182984.51,805748.82,1053248.86,930601.75,1740350.43,776001.25,1092138.81,935031.57,1884228.73,105.42
2012-02-23,43512.38,99053.11,94787.83,2190292.17,807157.70,1055912.71,932592.18,1746101.66,777811.15,1095648.07,937624.19,1891322.87,105.89
2012-02-24,48073.14,108613.28,104329.70,2172593.68,819060.79,1072044.18,946592.34,1732004.45,793052.34,1116666.04,955803.85,1874086.98,106.12
2012-02-27,44076.39,102523.94,97068.17,2195365.96,808236.68,1061683.86,935763.63,1750161.59,779188.12,1103561.92,941840.92,1896153.85,106.30
2012-02-28,42927.07,102631.30,95853.43,2196733.21,805172.54,1061919.25,934093.56,1751243.92,775249.90,1103815.16,939568.83,1897421.74,106.61
2012-02-29,44221.07,109158.89,100346.40,2180658.85,808757.96,1074091.49,941526.83,1738269.12,779737.45,1120374.08,949335.67,1881793.69,106.19
2012-03-01,47082.73,116985.87,107190.79,2177728.61,816211.86,1085900.58,951041.42,1735909.19,789401.77,1136684.68,962129.16,1879053.34,106.74
2012-03-02,46300.03,115249.37,105504.27,2186421.94,813926.01,1083924.58,948844.39,1742902.64,786426.74,1133940.15,959154.63,1887160.31,106.41
2012-03-05,43933.12,107920.22,99452.81,2188623.39,807876.41,1071828.49,940023.87,1744627.64,778635.66,1117254.46,947346.61,1889135.98,105.98
2012-03-06,38216.35,94310.78,86711.36,2212602.60,792934.62,1049465.00,921524.22,1764278.01,759377.09,1086396.34,922548.23,1911662.93,104.43
2012-03-07,40400.51,102115.81,92777.31,2211713.25,798496.56,1061765.00,930156.43,1763537.76,766523.25,1103382.21,934101.12,1910698.96,105.16
2012-03-08,42264.79,111915.41,99369.63,2192986.87,803417.14,1077831.52,940059.90,1748046.59,772780.62,1125463.85,947260.74,1892660.89,106.21
2012-03-09,45774.42,120606.25,107353.71,2198225.33,812316.25,1091700.16,951314.18,1752390.04,784213.69,1144162.03,962136.74,1897585.07,106.62
2012-03-12,44598.49,117329.79,104516.54,2199423.03,809322.27,1086544.99,947314.91,1753310.74,780366.40,1137112.70,956812.74,1898694.87,106.62
2012-03-13,49095.27,131544.12,116116.66,2177225.65,820738.79,1108677.87,963644.83,1734595.39,792445.43,1167323.28,976928.03,1877580.81,108.55
2012-03-14,55469.62,138901.94,126902.20,2158354.41,836509.58,1118224.10,977051.94,1718715.13,809193.36,1175675.32,990746.36,1859706.79,108.43
2012-03-15,53043.82,135241.71,122455.34,2151598.03,830354.66,1112010.57,970742.89,1713029.15,802331.65,1164255.14,981733.84,1853359.20,109.06
2012-03-16,54027.55,139525.72,125530.32,2146243.20,832849.34,1117461.45,974580.32,1708534.45,805059.93,1169957.16,985807.05,1848278.31,109.21
2012-03-19,56453.99,149539.23,132853.73,2139055.75,838869.79,1130407.54,983748.20,1702332.75,811637.41,1183605.73,995584.31,1841565.31,109.64
2012-03-20,57559.76,147962.88,133454.60,2144370.21,841591.26,1128582.48,984549.80,1706859.92,814685.01,1181674.77,996641.35,1846486.99,109.32
2012-03-21,54428.56,138356.86,125492.64,2156853.17,833781.51,1116008.90,974497.17,1717552.13,805888.51,1168452.67,985684.92,1858053.73,109.14
2012-03-22,50005.70,124124.31,113939.27,2169120.53,822714.62,1096091.63,959333.99,1728045.31,793439.36,1147717.93,969325.90,1869405.29,108.35
2012-03-23,47634.41,122856.09,110655.66,2172999.60,816905.14,1094549.31,955271.95,1731390.12,786968.85,1146001.01,964648.44,1873023.72,108.70
2012-03-26,50275.63,136599.22,119912.64,2166296.60,823444.09,1112367.03,966870.45,1725605.69,794443.61,1164564.47,977042.54,1866766.11,110.23
2012-03-27,47431.78,129505.97,113407.82,2178175.42,816249.64,1103442.32,958767.98,1735855.02,785471.84,1155124.43,967565.61,1877853.87,109.89
2012-03-28,47365.01,123561.46,110725.21,2182833.30,816146.86,1094247.36,954712.92,1739840.77,784366.16,1145543.30,962871.89,1882165.66,109.34
2012-03-29,49311.80,123315.16,112890.35,2197145.60,820717.64,1092846.26,956775.10,1752295.80,789389.05,1142511.63,964680.78,1895639.56,109.15
2012-03-30,46604.50,120946.40,108707.17,2177350.72,813988.39,1090405.78,951784.39,1734925.22,780711.81,1142801.02,959500.89,1876848.00,109.61
2012-04-02,45729.25,119702.45,107127.36,2171898.55,811584.80,1088607.46,949594.30,1731575.27,777700.83,1140673.47,956757.49,1873224.02,110.41
2012-04-03,45333.18,129081.24,110860.19,2159313.14,810698.73,1102438.89,955108.51,1721347.69,776493.59,1155904.50,962402.53,1862159.78,109.96
2012-04-04,44078.35,112831.00,102347.69,2182900.61,807312.58,1078772.04,942861.86,1740450.36,772165.66,1127289.75,947808.18,1882825.12,108.87
2012-04-05,42654.88,110369.39,99578.64,2192034.30,803840.87,1075680.73,939483.62,1747781.90,767618.73,1123262.92,943324.73,1890756.41,108.81
2012-04-09,40527.61,88126.97,87061.66,2212363.20,798532.69,1045205.37,923073.31,1764502.69,760667.42,1086564.40,923643.65,1908845.01,107.59
2012-04-10,42437.23,74198.70,82232.84,2239112.52,803385.66,1025003.42,916957.55,1786686.40,766918.43,1060947.47,916550.87,1932843.42,105.78
2012-04-11,40844.59,74522.19,80869.02,2232707.54,799301.14,1025785.77,914976.53,1781313.78,761654.01,1061997.77,913858.77,1927031.31,106.64
2012-04-12,36534.88,69813.43,74047.69,2217759.50,787976.11,1020042.19,905932.96,1768703.17,747112.94,1054031.03,901707.61,1913389.10,108.03
2012-04-13,41037.45,76241.43,82019.46,2245432.90,799383.05,1027487.86,915796.59,1791843.71,761863.49,1064527.92,915098.95,1938422.61,106.75
2012-04-16,41809.36,72002.18,80510.58,2246119.25,801513.81,1021761.16,914465.02,1792308.60,764570.57,1056522.68,913283.97,1938925.54,106.68
2012-04-17,41131.54,74468.20,81236.66,2242027.61,799794.60,1025286.62,915061.91,1788822.83,762348.22,1061386.48,914058.86,1935154.62,108.26
2012-04-18,43175.87,80459.38,86523.35,2246458.19,805011.37,1033112.36,921538.42,1792560.80,769071.45,1072265.40,922773.87,1939198.36,107.89
2012-04-19,42632.73,81416.19,86493.59,2242051.15,803767.21,1034899.34,921623.30,1788803.73,767403.58,1074627.90,922789.84,1935133.96,107.20
2012-04-20,41392.14,79707.13,84327.31,2233201.43,800425.89,1032902.21,918818.40,1781318.23,763178.61,1071905.31,919080.66,1927036.12,107.38
2012-04-23,41891.88,79062.53,84495.39,2241402.81,801857.81,1031739.61,919123.17,1788222.29,764970.97,1070271.98,919459.68,1934504.96,106.48
2012-04-24,41624.36,78466.73,83907.22,2234764.49,801164.99,1031153.42,918464.99,1782616.12,764073.49,1069424.30,918556.19,1928440.18,106.88
2012-04-25,42254.94,79449.93,85068.47,2231993.13,802716.56,1032741.80,920061.76,1780238.71,766138.04,1072328.84,921044.57,1925868.29,108.34
2012-04-26,41776.25,75935.96,82705.38,2241662.64,801576.49,1028351.38,917452.70,1788305.99,764589.96,1065066.58,916995.18,1934595.50,109.10
2012-04-27,41745.35,71728.64,80383.60,2238780.81,801305.12,1022165.06,914537.81,1785910.81,764316.29,1058268.53,913904.59,1932004.39,109.28
2012-04-30,40367.41,64699.30,75118.19,2239730.24,797706.21,1011706.90,907805.58,1786686.30,760230.15,1047679.00,906889.19,1932843.31,108.87
2012-05-01,40138.34,63075.30,73962.30,2222577.60,797056.26,1009386.98,906394.92,1773423.47,759101.22,1043595.44,904448.43,1918495.54,109.55
2012-05-02,43052.33,67562.05,79277.66,2250137.12,805131.28,1015976.82,913945.01,1794772.66,767749.83,1052803.64,913590.93,1941591.16,109.22
2012-05-03,42848.42,65865.15,78094.35,2260013.81,804428.54,1013301.67,912342.91,1802420.66,766868.41,1049147.88,911480.33,1949864.80,108.39
2012-05-04,45080.24,66643.49,80589.60,2289483.69,810601.02,1015261.92,916725.64,1825555.61,772084.50,1051476.18,915591.58,1974892.27,106.64
2012-05-07,45399.25,67433.34,81352.31,2285049.69,811901.20,1016519.20,918028.47,1821896.42,773762.52,1052791.69,917159.28,1970933.74,106.72
2012-05-08,46385.94,69152.55,83273.39,2303433.54,814679.11,1019782.36,921072.47,1836653.04,775837.75,1055456.86,919550.10,1986897.51,106.29
2012-05-09,46025.29,70845.98,83969.28,2316649.01,813068.88,1022026.35,921175.61,1847043.62,774322.00,1057427.64,919510.34,1998138.06,105.66
2012-05-10,45653.34,70653.93,83516.16,2307636.75,812526.91,1021745.05,920741.82,1839718.81,773921.94,1057136.03,919146.02,1990214.06,105.88
2012-05-11,49578.39,74340.90,89285.40,2329090.80,823760.34,1028160.75,929997.33,1857177.42,785360.22,1063770.67,928822.64,2009100.84,105.56
2012-05-14,55723.61,84510.56,100925.87,2357474.02,841456.77,1046595.36,948323.95,1880285.11,803224.47,1082838.31,947710.79,2034098.82,104.39
2012-05-15,55373.73,80503.08,98216.07,2363078.64,840242.87,1041743.79,945441.90,1884905.78,802224.66,1077812.66,944921.71,2039097.48,103.79
2012-05-16,56017.61,80911.63,99036.32,2363986.74,842041.61,1044394.17,947656.55,1885649.68,804143.12,1081257.32,947561.53,2039902.23,103.39
2012-05-17,58540.54,83864.00,103073.38,2368002.87,849206.85,1052307.94,955278.91,1889030.16,811739.45,1091468.75,956511.50,2043559.25,101.86
2012-05-18,57351.74,80849.18,100174.13,2367710.49,845294.69,1047446.95,950872.12,1888782.98,807318.00,1084745.47,950960.51,2043291.85,100.99
2012-05-21,52807.08,76621.38,93585.96,2357918.58,832741.67,1037654.66,939366.95,1880481.76,794621.31,1073666.48,938626.34,2034311.56,102.72
2012-05-22,51568.63,77599.34,93085.80,2371418.74,828944.92,1038178.83,937462.76,1891851.08,790997.37,1074219.89,936727.90,2046610.93,102.90
2012-05-23,55072.75,86443.44,101552.97,2396095.32,838296.59,1054858.99,950281.70,1912567.63,799750.26,1092403.38,949838.72,2069022.16,102.96
2012-05-24,53125.88,83320.77,97923.73,2401556.94,833124.66,1048770.55,944607.87,1917189.64,793669.95,1083816.91,942495.08,2074022.26,103.16
2012-05-25,53789.22,82963.43,98325.09,2408875.76,834989.93,1048697.57,945632.44,1923452.30,795871.32,1083712.56,943756.79,2080797.24,102.83
2012-05-29,53206.77,84397.79,98642.72,2408962.81,833264.19,1050699.40,945557.77,1923515.25,793842.45,1086500.58,943767.83,2080865.34,104.07
2012-05-30,62511.30,97458.52,114900.37,2459550.43,859788.73,1079243.49,973451.18,1967169.96,824773.80,1126755.23,979637.57,2128091.15,102.56
2012-05-31,67852.15,105149.56,124342.55,2476279.97,874210.84,1094784.76,988624.45,1981831.26,839779.96,1145984.33,996908.68,2143951.79,102.33
2012-06-01,75913.96,118061.64,139363.85,2525989.90,895444.72,1120426.55,1012208.56,2023285.27,862194.79,1178304.05,1024270.78,2188796.88,99.76
2012-06-04,71876.48,110285.60,131068.28,2493261.16,885066.13,1106344.94,999981.83,1998665.81,851384.93,1160964.42,1010313.37,2162163.47,99.71
2012-06-05,67349.19,103997.18,123203.76,2483286.60,873684.46,1095731.12,988755.40,1991077.04,839663.37,1148021.14,997726.70,2153953.91,100.47
2012-06-06,57038.91,86653.59,103499.98,2413446.86,847688.36,1067225.70,961184.18,1938889.58,813070.20,1113647.33,966990.22,2097497.34,102.72
2012-06-07,58360.17,86215.61,104437.16,2421335.78,849996.42,1067665.05,962690.58,1943559.67,817783.84,1116017.98,970822.43,2102549.46,102.79
2012-06-08,58520.01,85583.21,104197.15,2435192.16,850381.30,1066143.54,962222.57,1953181.85,818284.22,1113902.71,970199.40,2112958.76,103.60
2012-06-11,63038.85,94730.24,113788.37,2462686.59,860972.70,1081871.46,975312.18,1973093.14,831833.15,1135791.51,987764.03,2134498.87,102.29
2012-06-12,58433.20,88308.80,105774.99,2428778.79,850390.83,1070298.67,964102.14,1948358.30,818242.10,1119609.96,972658.35,2107740.63,103.46
2012-06-13,61698.02,95159.35,112832.71,2455220.81,858012.10,1081732.96,973572.20,1967640.07,828003.94,1135516.62,985369.82,2128599.71,102.80
2012-06-14,57847.89,91278.85,107011.56,2421713.52,849055.34,1074405.40,965193.21,1943039.85,816529.11,1125318.31,974117.08,2101987.12,103.89
2012-06-15,58845.79,95579.12,110455.29,2418401.29,851123.01,1081350.48,969488.02,1940629.23,819218.28,1135059.34,979937.26,2099379.30,104.95
2012-06-18,61064.35,95217.98,112328.76,2418554.53,856430.37,1082572.11,973058.37,1940795.17,825964.17,1136675.73,984669.67,2099558.82,105.16
2012-06-19,59084.19,85019.11,104491.69,2380450.43,851444.26,1066991.27,963223.48,1913339.75,819691.87,1115149.09,971606.97,2069857.45,106.17
2012-06-20,63501.70,90864.45,111989.99,2393768.69,862007.01,1076894.02,973668.05,1922561.49,833247.48,1128951.85,985653.95,2079833.56,106.00
2012-06-21,68940.72,101567.92,123382.04,2442518.30,875219.42,1094024.07,988874.01,1957194.87,850075.26,1152681.88,1005965.78,2117300.07,103.62
2012-06-22,65217.11,94894.00,115996.35,2415308.33,866377.93,1082024.31,978455.98,1937561.88,838806.69,1136046.89,992039.43,2096061.03,104.42
2012-06-25,66370.62,93271.33,116030.42,2446335.61,869120.70,1082051.03,980016.86,1960158.70,842232.66,1135977.20,994034.92,2120506.34,102.75
2012-06-26,67608.27,93381.59,117180.84,2423859.12,872313.28,1080428.56,981082.09,1943804.49,846404.55,1133771.97,995531.99,2102814.31,103.26
2012-06-27,69531.62,93678.48,119033.93,2416136.36,876735.48,1081683.53,984138.68,1938061.97,852187.27,1135573.11,999723.54,2096602.03,104.20
2012-06-28,72821.88,98438.16,124874.26,2434020.44,884638.54,1090330.10,992507.70,1950980.55,862266.92,1147539.67,1010903.39,2110577.39,103.90
2012-06-29,59516.73,75501.03,98917.98,2335982.76,852713.41,1053156.59,957679.54,1880429.38,821421.65,1095768.74,964157.01,2034254.89,106.49
2012-07-02,62355.48,81481.31,105194.55,2347231.80,859145.31,1062853.39,965700.22,1888449.55,829706.08,1109299.27,974971.70,2043465.51,106.81
2012-07-03,63051.76,76523.57,102581.59,2315724.92,860860.32,1052862.12,962125.08,1865896.68,831972.39,1095425.62,970206.42,2016977.85,107.51
2012-07-05,65904.68,82392.89,108836.34,2342071.40,867145.11,1060983.18,969347.71,1884749.67,840108.96,1106797.72,979986.73,2038997.19,107.03
2012-07-06,65992.32,82863.93,109219.81,2381625.44,867144.32,1063090.49,970309.92,1912952.16,840045.08,1109673.92,981222.81,2071959.65,106.01
2012-07-09,69510.79,90559.20,117202.82,2371485.03,875006.82,1073621.08,979514.65,1905714.30,850238.50,1124433.22,993701.48,2063244.83,105.88
2012-07-10,69671.47,90982.40,117612.14,2391587.57,875358.63,1074551.14,980135.83,1919895.24,850689.27,1125708.19,994528.26,2080311.57,104.95
2012-07-11,68582.60,89023.86,115427.19,2380139.01,872848.55,1072006.23,977569.92,1911771.49,847434.13,1122128.39,991044.17,2070519.03,104.97
2012-07-12,70057.67,92503.34,118924.22,2401543.49,876122.38,1077303.56,981818.56,1926911.80,851662.32,1129519.19,996780.24,2088902.70,104.46
2012-07-13,69903.04,91975.14,118453.44,2383181.41,875950.02,1076392.76,981306.95,1913798.38,851389.66,1128185.79,996032.33,2073048.78,106.21
2012-07-16,71022.35,94578.40,121078.14,2379957.43,878229.26,1080398.88,984409.75,1911405.42,854374.18,1133865.86,1000285.47,2070271.81,105.96
2012-07-17,69205.68,91019.11,117251.35,2374620.50,874064.50,1074691.36,979475.39,1907503.60,848991.41,1125899.29,993620.44,2065720.42,106.69
2012-07-18,71232.74,95005.88,121536.41,2369741.63,878850.71,1080045.73,984597.09,1903837.18,855207.73,1133418.88,1000576.15,2061586.89,107.48
2012-07-19,71267.78,95432.98,121839.49,2351939.06,879173.04,1080098.27,984801.60,1890801.31,855728.52,1133443.59,1000891.71,2046472.36,107.76
2012-07-20,77130.89,107219.26,134375.05,2382522.79,892969.85,1096848.78,1000165.12,1913286.83,872881.12,1156973.43,1021311.93,2072135.30,106.78
2012-07-23,76554.05,106626.07,133500.86,2413935.94,891491.75,1096942.79,999380.22,1936525.89,872032.56,1157053.61,1020850.88,2098093.91,105.70
2012-07-24,77304.64,107081.43,134440.40,2431167.99,893425.32,1098683.23,1001256.82,1949122.89,873127.82,1159349.68,1022504.87,2112930.04,104.79
2012-07-25,77099.76,106286.87,133763.46,2421082.22,893064.07,1098204.96,1000836.47,1941768.78,872708.81,1158597.04,1021927.62,2104181.32,104.81
2012-07-26,70715.22,94907.12,121064.28,2395516.07,877430.41,1081963.82,984675.74,1922970.45,856053.86,1135928.82,1002179.16,2081817.37,106.54
2012-07-27,68122.81,92302.08,117183.68,2360366.93,871620.08,1075301.81,978384.00,1897032.57,848731.67,1126553.09,993757.23,2051655.73,108.51
2012-07-30,70396.63,100551.53,124375.99,2362759.44,877127.40,1087329.08,986946.57,1898739.85,855912.06,1143697.72,1005522.73,2053568.28,108.51
2012-07-31,69052.04,96060.06,120410.34,2379307.19,873570.55,1082148.94,982594.53,1910784.86,851396.56,1136743.30,999813.22,2067351.07,107.75
2012-08-01,67942.12,98166.51,120762.83,2383727.53,870973.64,1083563.51,981776.24,1914070.92,847917.30,1138571.47,998574.31,2070874.74,107.65
2012-08-02,67027.25,98368.14,120073.79,2408612.14,868784.78,1084983.45,981185.86,1932363.33,845073.67,1140071.67,997557.73,2090665.99,106.91
2012-08-03,67866.75,83866.64,111975.06,2363278.08,870825.64,1062458.10,972153.10,1898705.11,847725.54,1111817.08,986761.60,2054222.22,109.03
2012-08-06,67251.29,82333.33,110443.72,2354664.60,869471.22,1060692.63,970589.39,1892428.13,845890.11,1109469.95,984651.81,2047425.95,109.24
2012-08-07,68357.98,80903.71,110393.59,2333179.51,872117.37,1057710.89,970702.11,1876700.96,849421.80,1105396.18,984899.59,2030400.58,109.79
2012-08-08,69301.42,81931.04,111856.29,2321309.53,874361.72,1058854.86,972476.07,1868087.84,852404.55,1107087.25,987382.20,2021082.04,109.92
2012-08-09,71746.02,86440.50,116907.42,2316620.99,880628.41,1064572.83,978586.77,1864707.08,860587.57,1115141.49,995713.28,2017424.40,110.02
2012-08-10,70980.93,84706.44,115111.45,2323911.30,878693.36,1062287.40,976461.20,1869945.99,858066.53,1111920.72,992816.92,2023092.38,110.20
2012-08-13,68555.46,79109.42,109341.71,2337885.21,872447.18,1055006.40,969644.25,1879958.46,849910.87,1101662.57,983519.04,2033924.85,110.14
2012-08-14,69052.44,80074.29,110404.83,2324954.10,873747.73,1056255.29,970940.90,1870600.59,851607.80,1103419.18,985284.99,2023800.59,110.16
2012-08-15,71665.73,86792.89,117125.71,2310113.63,880606.31,1064963.19,978753.93,1859866.95,860580.97,1115684.25,995951.82,2012187.87,110.28
2012-08-16,73205.18,87463.56,118836.22,2295978.70,884693.45,1065837.18,981426.88,1849680.31,866236.61,1116910.38,999771.73,2001166.95,111.10
2012-08-17,71531.82,85904.97,116419.19,2305553.32,880261.65,1064070.29,978155.22,1856468.45,861296.97,1114419.52,995806.36,2008511.04,111.24
2012-08-20,70939.12,88024.81,117373.29,2298666.34,878664.88,1067025.61,978626.39,1851519.27,859567.89,1118580.71,996665.95,2003156.53,111.25
2012-08-21,70088.44,89809.84,117859.62,2281755.99,876411.53,1069553.78,978530.90,1839337.04,857356.69,1122143.50,996971.25,1989976.59,110.92
2012-08-22,67313.50,85741.58,112857.04,2283505.54,869001.35,1064703.50,972175.34,1840607.67,850087.36,1115322.27,989714.54,1991351.28,110.96
2012-08-23,65523.13,81333.41,108455.07,2289346.14,864069.18,1058731.02,966689.75,1844684.31,842906.33,1106908.75,981801.28,1995761.79,110.06
2012-08-24,65323.92,80089.22,107460.66,2301527.45,863541.77,1057036.94,965621.32,1853206.77,842217.28,1104515.43,980338.58,2004982.24,110.72
2012-08-27,67373.16,84197.20,111902.16,2316232.20,869120.96,1062524.30,971247.07,1863571.70,849512.22,1112242.53,988013.41,2016196.04,110.74
2012-08-28,67425.86,84268.09,111993.04,2315947.85,869279.33,1062790.14,971457.06,1863347.42,849717.20,1112607.72,988294.81,2015953.39,110.63
2012-08-29,66572.72,85753.01,112271.25,2317922.19,866894.46,1064907.25,971092.05,1864745.26,846589.05,1115582.47,987796.85,2017465.71,110.72
2012-08-30,64300.87,83933.66,109164.60,2329143.70,860521.62,1062500.61,966425.32,1872719.23,838234.43,1112186.64,981419.35,2026092.74,109.92
2012-08-31,64183.89,89612.76,112758.43,2315718.59,860336.98,1070400.54,969914.44,1863158.46,837986.94,1123307.86,986181.28,2015748.95,110.45
2012-09-04,63716.39,87265.28,110870.87,2311666.62,858994.62,1067059.87,967644.24,1860292.13,836225.33,1118598.93,983077.66,2012647.88,110.35
2012-09-05,61912.49,84920.55,107811.93,2317450.19,854003.51,1063899.87,963400.24,1864333.31,829620.15,1114060.43,977200.77,2017020.02,110.25
2012-09-06,65929.87,91083.38,115221.83,2309708.05,865494.49,1072324.15,973695.97,1858982.69,844659.79,1125920.58,991259.86,2011231.20,112.49
2012-09-07,70939.83,95570.58,122437.83,2284498.57,879622.32,1078549.63,984469.44,1841629.18,863203.59,1134763.72,1006033.75,1992456.45,112.93
2012-09-10,70392.70,94989.73,121593.60,2276947.75,878062.65,1077827.78,983267.21,1836452.13,861157.43,1133740.37,1004387.76,1986855.40,112.29
2012-09-11,73467.04,95928.60,124849.76,2262398.98,886645.61,1079125.49,988664.80,1826585.25,872376.75,1135561.87,1011737.27,1976180.45,112.60
2012-09-12,71164.15,95660.25,122718.36,2248641.01,880150.83,1078832.63,984909.60,1817304.58,863874.36,1135137.47,1006617.90,1966139.70,112.97
2012-09-13,75160.80,98247.80,127824.09,2243958.39,891399.17,1082579.89,992913.69,1814179.11,878588.37,1140401.92,1017524.76,1962758.25,114.70
2012-09-14,77288.62,106404.71,134939.67,2224908.43,897412.42,1094478.14,1001719.10,1801514.34,886506.35,1157157.97,1029585.10,1949056.25,115.20
2012-09-17,71137.19,80798.04,113332.87,2254895.80,880026.08,1056887.76,974813.26,1821125.88,864101.02,1104183.59,993007.31,1970273.95,114.81
2012-09-18,72002.66,77610.26,111786.59,2254274.12,882290.22,1052200.75,973905.74,1820650.80,865948.38,1097571.45,991095.59,1969759.96,114.72
2012-09-19,71024.55,73836.53,108309.56,2250560.43,879607.35,1047429.56,970216.93,1818189.50,861847.74,1090822.84,985701.99,1967097.09,114.78
2012-09-20,69957.40,73862.85,107515.18,2252632.56,876653.71,1047484.15,968613.27,1819528.75,859037.23,1090899.41,984129.38,1968546.02,114.79
2012-09-21,69801.89,72784.40,106610.77,2246837.88,876135.67,1045557.08,967436.09,1815669.51,859504.01,1088201.15,983179.68,1964370.72,114.74
2012-09-24,68781.48,71077.13,104581.16,2258076.31,873361.09,1042847.92,964650.87,1823086.96,857024.47,1084399.63,980044.19,1972395.65,114.57
2012-09-25,67876.83,67233.73,101065.87,2249792.06,870823.62,1037246.96,960659.02,1817587.10,854814.91,1076526.64,975223.16,1966445.35,113.35
2012-09-26,69194.01,64218.72,99780.40,2263510.88,873973.88,1032477.87,960188.17,1826674.72,857860.58,1069833.38,973928.79,1976277.24,112.71
2012-09-27,71359.94,66974.80,103483.22,2254170.80,880008.83,1036588.87,965414.89,1820510.38,863935.58,1075529.54,979970.03,1969608.05,113.77
2012-09-28,66881.17,64814.64,98566.91,2255532.53,866903.67,1032919.75,956517.78,1821332.77,846869.36,1070473.06,967987.24,1970497.79,113.25
2012-10-01,67063.49,64932.73,98791.06,2242188.94,867404.00,1032467.99,956584.63,1812339.18,847529.06,1069859.59,968086.89,1960767.63,113.55
2012-10-02,66643.60,64785.30,98369.63,2241844.71,866340.49,1032160.48,955855.75,1812165.88,846068.11,1069355.34,967024.37,1960580.14,113.66
2012-10-03,70541.58,66363.16,102444.36,2235572.93,877670.04,1034451.67,963166.75,1807840.25,861063.06,1072651.13,977083.91,1955900.25,114.13
2012-10-04,69837.29,68443.54,103538.69,2260739.41,875458.81,1037692.52,963462.19,1824861.35,858132.37,1077203.30,977494.42,1974315.35,114.95
2012-10-05,70466.65,67548.69,103328.38,2243040.37,877374.25,1035459.97,963479.76,1812760.71,860668.26,1074095.67,977528.74,1961223.68,114.95
2012-10-08,69748.63,65862.31,101512.13,2235076.63,875292.51,1032314.18,960873.18,1807334.01,857937.03,1069695.75,973975.53,1955352.55,114.56
2012-10-09,66144.98,61984.36,95901.25,2218224.84,864535.54,1025545.10,951818.51,1795896.07,843773.77,1060212.19,961618.62,1942977.85,113.43
2012-10-10,65926.24,59735.94,94003.32,2214816.52,863982.05,1022039.66,949887.11,1793641.52,842976.96,1055212.51,958897.20,1940538.66,112.70
2012-10-11,65492.63,59756.00,93709.96,2228492.70,862687.30,1021915.01,949117.44,1802872.02,841271.88,1055042.43,957850.15,1950525.13,112.77
2012-10-12,64918.19,58227.38,92100.40,2217820.54,860834.87,1018903.20,946699.80,1795567.26,838908.88,1050909.85,954628.98,1942622.12,112.40
2012-10-15,65988.32,58336.22,92945.58,2230583.73,864205.95,1019361.53,948766.40,1804247.00,843283.35,1051461.72,957368.58,1952012.71,113.33
2012-10-16,64798.94,57162.55,91172.96,2233888.61,860459.57,1016177.00,945227.92,1806412.52,838416.20,1047128.63,952633.11,1954355.59,114.48
2012-10-17,63939.66,56377.93,89942.73,2238886.11,857975.21,1014334.61,943006.49,1809861.49,835084.34,1044497.69,949543.47,1958087.03,115.00
2012-10-18,63111.37,55249.06,88459.68,2219493.73,855259.78,1011201.62,940057.88,1796651.78,832168.21,1040237.11,945948.93,1943795.46,114.70
2012-10-19,61575.92,54827.64,87046.23,2185885.23,850531.76,1010100.03,936947.43,1773953.84,826985.44,1038712.98,942310.24,1919238.58,112.79
2012-10-22,65446.73,55088.95,89989.64,2183412.46,862356.73,1010839.95,943803.81,1772248.07,840163.65,1039735.94,950282.22,1917393.11,112.81
2012-10-23,64757.28,54419.31,88968.70,2159160.24,860358.95,1009262.64,941974.22,1756073.75,833733.50,1037475.07,945612.58,1899894.14,111.24
2012-10-24,65845.21,54757.57,89992.54,2153482.37,863655.15,1010392.17,944305.78,1752332.96,837501.09,1039035.32,948460.21,1895846.98,110.93
2012-10-25,67349.54,54394.72,90722.38,2162964.20,868118.37,1008995.36,946093.05,1758571.78,843052.84,1037183.92,950758.85,1902596.74,111.25
2012-10-26,62637.62,52394.24,85880.56,2168355.22,853567.52,1002222.82,934988.98,1762125.05,825117.43,1027833.15,936359.66,1906441.03,111.19
2012-10-31,63303.54,52796.55,86666.79,2184901.01,855716.03,1003765.75,936885.43,1773226.03,827691.02,1029885.74,938754.90,1918451.17,111.19
2012-11-01,63360.71,51938.70,86001.84,2195206.20,855921.73,1000823.25,935624.81,1779977.11,827940.95,1025823.73,937045.34,1925755.15,112.35
2012-11-02,67093.01,53441.52,89779.04,2206513.94,867366.91,1006042.32,944319.82,1787319.29,842855.90,1033033.00,948778.22,1933698.64,111.35
2012-11-05,65055.46,52325.48,87478.35,2207702.40,860974.88,1001980.13,938933.77,1787985.60,834578.44,1027504.67,941580.66,1934419.52,111.58
2012-11-06,62603.90,49317.65,83315.81,2187284.24,853503.11,991457.26,929929.24,1774553.11,824856.55,1012977.56,929440.34,1919886.93,112.45
2012-11-07,66305.42,52450.45,88425.10,2188460.56,864921.79,1002644.68,941396.39,1775407.26,839932.11,1028359.25,944990.44,1920811.04,109.90
2012-11-08,66241.24,53456.98,89230.76,2171250.61,864671.73,1006109.99,942887.12,1764121.61,839197.93,1033124.13,946766.73,1908601.10,108.58
2012-11-09,63809.94,51108.34,85633.02,2166372.23,857296.35,997865.28,935002.54,1760908.90,830118.79,1021758.15,936437.32,1905125.28,108.68
2012-11-12,63431.75,50707.57,85043.51,2172893.88,856148.35,996461.26,933718.73,1765140.68,826719.27,1019820.51,933631.94,1909703.64,108.76
2012-11-13,64772.72,52222.69,87212.96,2164334.53,859836.80,1001728.09,938197.65,1759541.64,830301.30,1027349.31,939100.83,1903646.04,108.39
2012-11-14,67046.66,53281.52,89627.96,2144473.52,865908.37,1005477.51,943265.91,1746610.87,836170.42,1032552.66,944798.12,1889656.26,106.92
2012-11-15,66131.51,53301.20,89032.83,2143310.48,863320.36,1005555.51,941892.89,1745829.68,833672.34,1033396.82,943773.02,1888811.09,106.74
2012-11-16,65460.13,52220.48,87678.29,2148553.46,861736.97,1001647.43,939198.81,1749228.31,832138.63,1028147.31,940507.77,1892488.06,107.27
2012-11-19,59060.68,46266.98,78394.56,2158974.44,846787.38,980220.82,921006.73,1755921.93,817707.24,1003669.14,921156.56,1899729.88,109.44
2012-11-20,56112.90,44896.77,75277.35,2158119.93,839812.93,975126.91,914820.76,1755282.09,810969.21,997583.11,914568.48,1899037.64,109.49
2012-11-21,54880.18,44940.94,74487.50,2159732.46,836970.85,975794.79,913586.09,1756324.22,808222.87,994886.29,911783.69,1900165.11,109.69
2012-11-23,51582.11,42442.35,70178.67,2166841.63,829092.37,966868.74,905107.76,1760915.11,800617.58,985392.28,903143.31,1905131.99,111.19
2012-11-26,51680.33,42866.09,70595.81,2174242.56,829073.93,967943.86,905600.92,1765692.53,800140.31,985969.72,903138.74,1910300.68,110.95
2012-11-27,50802.34,43479.12,70500.93,2173358.98,826478.75,970282.00,905277.33,1765115.84,796794.69,988614.12,902461.71,1909676.76,110.38
2012-11-28,49528.32,42864.31,69118.47,2190132.27,822644.13,967809.28,902023.68,1775944.68,791832.12,985083.08,898039.70,1921392.46,111.27
2012-11-29,49587.19,43519.48,69687.78,2195297.16,822829.09,970324.74,903297.32,1779292.28,792072.38,988284.47,899635.20,1925014.23,111.79
2012-11-30,48941.34,43945.22,69574.82,2202055.53,820849.09,972029.94,903004.21,1783669.34,789517.15,991719.25,899747.43,1929749.77,111.82
2012-12-03,47520.25,43695.25,68366.84,2195517.14,816432.74,970805.45,900006.26,1779688.87,783804.53,989814.92,895628.47,1925443.30,111.26
2012-12-04,46188.03,42627.55,66573.23,2204598.38,812361.63,965916.46,895496.12,1785306.44,778555.47,984353.34,890158.56,1931520.94,111.11
2012-12-05,45696.05,42148.87,65844.89,2207906.61,810875.26,964100.92,893835.29,1787340.46,776640.50,981138.36,887610.16,1933721.55,111.30
2012-12-06,44429.19,42035.79,64843.83,2224161.37,806988.22,963475.51,891403.01,1797417.90,771642.77,980284.70,884368.10,1944624.32,111.68
2012-12-07,43512.66,40770.34,63198.96,2221212.24,804206.93,958319.36,887481.68,1795543.17,768072.64,973210.23,879131.14,1942596.05,112.02
2012-12-10,43931.34,41050.04,63719.80,2232156.77,805509.86,959419.33,888709.93,1802364.53,769746.77,974715.07,880768.92,1949976.08,112.07
2012-12-11,44386.60,40466.82,63597.31,2236611.05,806937.89,957151.33,888447.27,1805130.63,771579.68,971590.89,880406.03,1952968.71,112.83
2012-12-12,44635.85,39495.75,63012.82,2233625.44,807548.76,953527.42,887101.67,1803272.81,774644.46,966599.08,879892.89,1950958.74,112.88
2012-12-13,44966.73,40463.97,64018.73,2219494.86,806815.91,958021.53,888789.66,1794408.40,773923.40,971496.66,881712.51,1941368.34,112.19
2012-12-14,45620.49,40296.85,64351.91,2221481.52,807943.33,957236.11,889046.31,1795640.25,775007.62,970427.25,881844.83,1942701.08,111.78
2012-12-17,51138.89,41258.05,69011.50,2227372.85,817273.66,961746.38,896274.27,1799325.19,783954.25,977310.21,890062.14,1946687.82,113.09
2012-12-18,58721.75,41404.51,74250.50,2240005.27,827291.91,971672.34,906392.71,1807307.76,793561.54,989576.06,901101.37,1955324.14,114.35
2012-12-19,59591.49,42381.40,75676.30,2245252.13,827181.06,974859.70,907818.60,1810464.68,793453.61,993196.92,902688.65,1958739.62,113.50
2012-12-20,61357.27,42477.01,76882.85,2262573.19,829775.26,976045.80,909794.41,1821342.18,795943.26,994404.54,904653.64,1970507.97,114.15
2012-12-21,52050.67,38137.47,67124.85,2244357.65,817562.26,960587.10,895894.33,1809899.74,784228.23,978646.76,890828.34,1958128.40,113.12
2012-12-24,53678.19,39820.45,69655.36,2239578.64,819685.60,965075.60,899150.83,1806851.24,786260.07,983213.91,894061.01,1954830.24,112.77
2012-12-26,57262.81,42630.22,74438.63,2239579.23,824320.66,974970.95,906302.73,1806860.73,790701.38,993282.43,901163.91,1954840.51,112.29
2012-12-27,55693.78,43818.43,74456.19,2250657.68,822295.45,978188.13,906684.72,1813822.65,788754.66,996553.69,901538.50,1962372.59,112.14
2012-12-28,53408.44,43644.35,72780.67,2242445.60,818644.41,977650.03,904422.47,1808732.03,785251.60,996008.62,899289.97,1956865.07,110.93
2012-12-31,55635.35,44468.76,74985.39,2266229.29,823981.04,981640.52,909216.17,1823642.39,790357.16,1000074.10,904048.83,1972996.56,112.81
2013-01-02,54621.84,41822.51,72071.26,2306131.95,825913.07,975040.30,907225.48,1848883.47,792199.58,993324.22,902051.67,2000304.86,115.71
2013-01-03,53961.64,37345.06,67777.79,2250296.88,826448.98,959712.56,900388.97,1816124.64,792814.62,977710.60,895312.36,1964863.12,115.44
2013-01-04,55754.23,38872.66,70289.80,2257463.68,831665.80,965802.48,906087.49,1820278.04,797877.56,985928.43,901933.73,1969356.68,115.95
2013-01-07,53349.93,36737.23,66843.59,2255614.52,825952.88,956417.01,898572.83,1818999.14,792316.86,972852.82,892809.96,1967973.04,115.63
2013-01-08,49976.23,34104.47,62334.92,2250177.42,817011.33,945555.58,888606.71,1815829.28,783748.70,959153.32,881696.33,1964543.57,115.30
2013-01-09,51848.32,36284.72,65494.94,2266061.67,822258.18,955196.66,895990.23,1825063.53,788772.10,971049.14,889989.51,1974534.09,115.59
2013-01-10,55846.21,38240.73,69785.34,2303481.49,831282.12,963064.71,904596.97,1846796.51,797425.74,980740.60,899312.78,1998046.98,116.51
2013-01-11,53630.71,38494.49,68632.64,2305623.58,829068.26,966647.35,905074.99,1848001.08,795288.40,986767.70,900870.91,1999350.20,116.51
2013-01-14,54750.08,38533.64,69383.78,2307773.09,831193.50,967200.22,906493.85,1849271.05,797322.34,986352.56,901833.39,2000724.18,116.43
2013-01-15,50216.46,36310.04,64509.19,2303051.55,821943.55,958449.07,897348.95,1846504.89,788455.09,977451.16,892749.29,1997731.47,116.51
2013-01-16,46614.26,34506.76,60593.58,2289670.40,815206.56,950430.18,889917.57,1838629.49,781995.71,969096.61,885277.10,1989211.09,116.49
2013-01-17,56158.58,40316.39,71897.71,2305653.19,834555.67,975910.98,912408.01,1848087.62,800542.47,994317.70,907295.08,1999443.82,117.24
2013-01-18,54054.24,40028.20,70293.68,2305527.30,829961.12,974250.73,909120.32,1847892.49,796132.83,992612.63,904018.33,1999232.72,117.50
2013-01-22,52403.18,38527.21,67902.20,2309952.48,824023.76,966867.62,902423.73,1850491.83,790437.53,985539.76,897564.00,2002044.94,118.14
2013-01-23,51426.21,37558.36,66415.46,2305107.16,821647.54,962691.52,899173.70,1847655.90,788147.70,981286.26,894327.01,1998976.75,118.33
2013-01-24,60138.65,42827.35,76700.04,2302581.88,838377.04,984989.14,918740.92,1846288.37,804181.64,1003983.01,913766.74,1997497.22,118.36
2013-01-25,68117.69,45796.31,84446.80,2298614.13,852812.39,997855.46,932650.93,1843854.97,818021.88,1017088.05,927593.57,1994864.53,119.02
2013-01-28,69380.88,46669.31,86034.69,2281129.57,854699.92,997970.12,933736.64,1833570.54,819833.67,1017210.72,928676.75,1983737.82,118.88
2013-01-29,73013.30,47281.55,88851.18,2299352.47,860467.52,999933.07,937805.42,1844250.89,825368.09,1019214.49,932726.03,1995292.87,119.35
2013-01-30,76440.79,48145.83,91748.74,2298976.91,866288.96,1002377.82,942124.18,1844003.28,830949.86,1021700.85,937017.62,1995024.98,118.88
2013-01-31,74563.73,46920.59,89454.83,2302459.56,863929.17,1000356.50,939891.08,1846166.22,828681.68,1019629.80,934789.06,1997365.06,118.59
2013-02-01,87172.62,57208.01,106824.90,2328061.25,885583.28,1026347.28,963880.02,1861291.03,849441.47,1046104.99,958634.17,2013728.58,119.81
2013-02-04,73734.77,47087.23,89141.95,2306629.72,863677.32,1001143.95,940123.97,1849110.75,828429.05,1020411.10,935004.69,2000550.76,118.46
2013-02-05,86089.14,56813.22,105816.14,2313966.19,884592.79,1026645.37,963480.91,1853346.54,848482.70,1046387.46,958222.54,2005133.45,119.66
2013-02-06,83481.79,55108.55,102626.23,2318097.64,880276.97,1021671.18,958796.48,1855700.96,844345.13,1041313.56,953562.98,2007680.69,119.75
2013-02-07,78426.29,51318.54,95989.82,2314051.07,873234.92,1012377.41,950600.47,1853413.68,837583.07,1031829.60,945402.23,2005206.08,119.59
2013-02-08,75159.34,47273.53,90207.50,2327667.69,866724.56,1002750.80,942537.31,1861142.57,831347.58,1022030.20,937393.86,2013567.97,120.25
2013-02-11,80299.58,51406.00,97234.99,2331441.45,876099.97,1014562.83,953186.42,1863271.21,840645.07,1034264.15,948246.01,2015870.94,120.23
2013-02-12,81078.09,52685.17,98916.12,2340388.85,876955.88,1019116.14,955790.95,1868389.99,841558.34,1038530.45,950716.83,2021408.94,120.43
2013-02-13,84379.30,54329.43,102473.43,2340532.64,882083.75,1021414.94,959663.35,1868361.77,848369.78,1040797.23,955601.86,2021378.40,120.53
2013-02-14,86198.64,53564.91,102857.16,2338421.07,883194.45,1018506.79,958901.38,1867284.56,849461.81,1037848.34,954863.14,2020212.97,120.64
2013-02-15,88841.06,54635.61,105461.70,2341696.98,888450.83,1021606.84,963214.17,1869052.64,855508.33,1040999.31,959711.04,2022125.86,120.50
2013-02-19,93526.08,57928.02,111420.09,2360090.24,896023.55,1030535.89,971528.50,1879611.94,864127.50,1050230.58,968800.75,2033549.95,121.40
2013-02-20,92426.36,52401.25,105449.86,2332536.74,894136.79,1015276.76,963312.92,1863786.14,861830.60,1034287.92,960159.92,2016428.04,119.89
2013-02-21,87645.11,50556.17,100865.91,2311660.44,885432.37,1009182.18,955732.67,1851619.89,851839.98,1027953.09,951654.28,2003265.39,119.16
2013-02-22,93471.25,53879.27,107533.39,2341130.82,895182.77,1018969.83,965629.58,1868654.66,862894.64,1038948.07,962918.71,2021695.29,120.32
2013-02-25,83498.21,46733.51,94665.86,2282410.84,877887.83,995518.04,945189.52,1834618.19,847357.12,1010632.09,941127.50,1984871.27,118.03
2013-02-26,80068.05,46101.20,92080.97,2290888.91,872620.64,995314.04,942257.17,1839505.22,840766.92,1009214.68,936807.79,1990158.54,118.84
2013-02-27,78291.50,45194.23,90153.65,2323203.39,870091.96,993665.54,940111.63,1858000.24,837458.49,1006715.81,933804.82,2010168.28,120.34
2013-02-28,81123.36,45134.08,91724.12,2320036.18,874388.84,994493.43,942824.59,1856146.90,842987.45,1007717.32,937351.83,2008163.15,120.10
2013-03-01,85273.28,51443.02,100480.91,2320076.47,880754.24,1011742.84,954433.01,1856037.50,851158.85,1031164.49,952799.85,2008044.80,120.50
2013-03-04,82068.31,49604.27,96796.88,2323138.02,875622.63,1006816.00,949328.68,1857639.41,844631.47,1024541.34,946086.53,2009777.90,121.14
2013-03-05,82576.79,50315.33,97790.51,2327445.55,876602.47,1008420.23,950616.15,1860147.92,845834.65,1026657.49,947737.43,2012491.85,122.23
2013-03-06,88956.06,55816.67,106913.88,2334100.10,886449.03,1023271.58,962955.14,1863760.43,857101.64,1046919.30,963401.76,2016400.23,122.39
2013-03-07,86806.01,55134.91,104968.90,2309662.48,883174.51,1023301.55,961190.68,1850076.73,853121.40,1046852.00,961133.85,2001595.84,122.61
2013-03-08,91030.59,59523.78,111701.04,2310936.51,889657.44,1035850.66,970612.19,1850672.20,861152.13,1063964.60,973513.29,2002240.08,123.14
2013-03-11,90203.06,59585.96,111251.66,2311948.18,888516.05,1036664.33,970370.78,1851354.87,859854.84,1064985.51,973247.07,2002978.67,123.60
2013-03-12,88541.29,58089.32,108829.72,2302865.87,885660.98,1032230.44,966736.56,1846105.27,856579.20,1059038.31,968675.81,1997299.13,123.33
2013-03-13,90824.38,59723.67,111763.82,2316446.10,889529.26,1036549.67,970870.35,1853811.53,860935.26,1064840.98,973792.65,2005636.52,123.50
2013-03-14,83333.74,57332.26,104917.43,2310897.30,877424.84,1030726.55,961537.63,1850669.26,847226.53,1056638.64,962289.26,2002236.91,124.16
2013-03-15,81688.81,57094.79,103664.66,2314200.12,874670.78,1028789.58,959125.12,1852449.33,844255.15,1053894.58,959352.29,2004162.75,123.99
2013-03-18,84287.80,58537.69,106623.65,2325805.38,878738.26,1031962.59,962834.30,1858812.62,849561.76,1057938.57,964207.92,2011047.20,123.31
2013-03-19,83747.78,57719.54,105536.98,2336240.08,877840.02,1029408.51,961150.71,1864654.22,848402.49,1054736.77,962091.00,2017367.21,123.02
2013-03-20,81111.52,59164.96,105197.34,2331654.02,873577.61,1035142.65,961494.20,1862063.52,842931.82,1061895.13,962253.92,2014564.34,123.88
2013-03-21,78174.36,53849.14,98566.81,2317538.04,868631.45,1019169.66,951353.96,1854104.29,836544.15,1042036.90,949610.54,2005953.25,122.82
2013-03-22,78529.87,53576.19,98541.13,2320749.24,869408.06,1017917.70,951194.92,1856006.41,837486.78,1040463.06,949428.43,2008011.15,123.81
2013-03-25,78601.92,53138.40,98183.73,2314854.17,869324.63,1015842.75,950179.81,1852581.43,837440.22,1038063.28,948307.14,2004305.68,123.29
2013-03-26,81241.66,55682.81,102183.07,2318044.56,874009.94,1023408.29,956278.61,1854475.47,843423.29,1047213.37,955874.18,2006354.83,124.28
2013-03-27,78335.35,54264.42,99053.90,2322704.57,868843.84,1019572.31,951660.24,1856951.70,836821.43,1043037.30,950227.23,2009033.87,124.28
2013-03-28,80345.14,56790.46,102630.08,2338125.67,872477.68,1025278.07,956313.20,1865695.86,841447.91,1048322.36,955261.36,2018494.16,124.66
2013-04-01,81636.07,54990.75,101828.39,2322763.88,874520.46,1019103.26,954553.00,1857350.55,844680.22,1042032.51,954230.37,2009465.38,124.17
2013-04-02,85841.24,58508.62,107708.11,2348322.77,882000.34,1028072.14,962835.60,1871108.64,851961.22,1051191.83,962536.80,2024350.25,124.78
2013-04-03,84721.36,54624.70,103430.60,2352507.86,879907.57,1017340.07,956667.79,1873149.04,849322.73,1040231.34,956028.28,2026557.75,123.52
2013-04-04,86331.44,56522.07,106209.73,2397456.09,882874.89,1021304.38,960144.81,1897202.81,851538.32,1044329.50,959158.46,2052581.50,124.02
2013-04-05,86224.67,56532.17,106153.54,2410590.20,882531.92,1017019.92,957944.37,1904462.02,851204.71,1039948.26,956958.61,2060435.22,123.46
2013-04-08,81685.18,57476.74,104246.03,2423718.15,874432.93,1019056.54,954508.01,1911603.21,842820.33,1042035.38,953205.87,2068161.27,124.30
2013-04-09,75741.29,54098.93,97390.08,2409747.15,864049.08,1011504.41,945303.76,1903984.15,832899.05,1034323.27,944068.18,2059918.22,124.73
2013-04-10,75431.22,56034.40,98932.86,2446737.43,863011.62,1015831.66,946758.27,1924043.58,831803.14,1038730.50,945458.42,2081620.49,126.25
2013-04-11,78155.20,57411.80,101935.16,2461393.11,867627.62,1019074.39,950801.35,1931852.53,836455.54,1042048.19,949612.35,2090068.99,126.67
2013-04-12,89965.67,59155.78,111185.37,2510557.06,880634.95,1021265.17,958950.48,1958895.36,849003.78,1044290.31,957756.86,2119326.60,126.36
2013-04-15,102020.86,61616.01,120946.71,2524261.51,889896.68,1027256.61,966806.10,1966086.04,857934.70,1050397.04,965594.68,2127106.19,123.43
2013-04-16,94530.37,56336.17,111324.76,2531580.59,878382.87,1014335.59,954471.33,1970209.53,846754.48,1037201.26,953237.86,2131567.39,125.25
2013-04-17,97118.22,56597.36,113106.63,2525381.32,882879.78,1015635.10,957525.96,1966686.53,851154.12,1038527.30,956323.66,2127755.85,123.42
2013-04-18,92443.05,51560.10,105350.88,2498748.01,875495.46,1002831.82,947486.26,1951485.48,844038.80,1025443.46,946302.31,2111309.86,122.65
2013-04-19,90825.61,50672.20,103522.12,2535105.86,873004.88,1000564.03,945067.25,1972054.32,841640.51,1023014.00,943836.90,2133563.26,123.72
2013-04-22,86647.46,50209.43,100668.30,2533834.80,866327.92,999226.44,940821.50,1971297.32,835210.04,1021573.70,939566.84,2132744.26,124.26
2013-04-23,89360.89,53302.96,105345.77,2576504.16,870517.47,1007671.63,947072.18,1995474.54,838577.16,1030116.88,945389.45,2158901.57,125.55
2013-04-24,83826.92,49775.69,98598.25,2571057.26,861310.86,998022.02,937529.41,1992353.78,827422.43,1020143.65,934525.21,2155525.22,125.63
2013-04-25,78415.59,44039.98,89735.02,2542433.25,852113.72,982063.42,925028.25,1975887.17,815899.92,1002387.54,919885.27,2137710.02,126.13
2013-04-26,85965.91,47176.95,97251.04,2552978.47,864719.79,990732.30,935953.34,1981762.55,832137.39,1011878.47,933393.61,2144066.58,125.91
2013-04-29,84003.81,43425.94,92275.03,2552409.56,861485.56,980529.98,929383.90,1981447.24,827965.42,998837.15,925038.90,2143725.45,126.76
2013-04-30,85898.09,44189.42,94126.57,2565192.39,864606.90,982603.07,932050.05,1988612.82,832907.01,1001299.06,928939.39,2151477.88,127.06
2013-05-01,92841.36,47478.72,101433.99,2571664.74,876158.34,991601.69,942544.13,1992240.71,848311.29,1013599.87,943235.51,2155402.89,125.94
2013-05-02,90559.96,45702.33,98290.17,2575784.40,872523.83,986994.56,938399.58,1994682.68,845224.76,1007224.87,938553.34,2158044.85,127.11
2013-05-03,76003.58,37396.75,81459.47,2555586.88,848236.98,964111.75,914461.25,1983203.57,820010.07,976037.90,910023.57,2145625.61,128.40
2013-05-06,77145.69,36887.35,81516.72,2558056.53,849935.82,962673.61,914694.94,1984572.96,822203.45,974065.45,910321.12,2147107.16,128.73
2013-05-07,78621.03,36835.96,82239.41,2560921.72,852192.41,962601.62,915875.00,1986181.91,825099.92,973945.92,911868.71,2148847.88,129.38
2013-05-08,76857.84,38016.85,82635.45,2564451.99,849540.94,966076.92,916103.50,1988277.56,821626.22,978278.09,911977.24,2151115.16,129.97
2013-05-09,73600.54,36873.76,79642.03,2561859.46,844448.16,962616.19,911716.74,1986827.06,815069.59,973041.00,905897.34,2149545.86,129.60
2013-05-10,72627.73,35576.46,77714.71,2556832.32,842767.74,958706.19,908957.98,1983817.83,812981.29,965726.29,901331.85,2146290.19,130.03
2013-05-13,72784.65,36087.03,78356.32,2550471.27,843162.85,960518.17,910030.02,1980361.27,813428.67,967728.10,902514.02,2142550.53,130.13
2013-05-14,78611.72,39717.97,85434.84,2569162.55,852215.82,971643.46,920185.73,1990781.47,825157.90,982860.62,916077.29,2153824.13,131.47
2013-05-15,80122.40,40781.55,87399.65,2606335.24,854587.41,974815.14,922967.96,2011724.07,828211.72,987161.55,919776.79,2176481.91,132.18
2013-05-16,78122.41,39270.65,84689.80,2604357.52,851399.24,970261.17,919090.44,2010546.97,824099.95,980996.40,914621.46,2175208.41,131.56
2013-05-17,87800.08,45030.15,96145.79,2623665.49,866941.13,988607.71,936168.70,2021731.08,844080.98,1005724.44,937236.82,2187308.49,132.83
2013-05-20,81691.27,40899.91,88391.73,2605083.83,857130.16,975347.37,924593.02,2010861.72,831491.65,987893.72,921939.21,2175548.94,132.83
2013-05-21,83152.82,43328.98,91807.27,2642445.27,859570.90,982999.09,929536.21,2032395.15,834576.40,998157.13,928438.46,2198845.93,133.02
2013-05-22,85517.52,44660.79,94523.62,2593226.09,863191.54,987628.77,933682.83,2003915.12,839240.72,1004377.98,933926.08,2168033.42,132.03
2013-05-23,77810.56,39913.10,85240.12,2552741.45,851150.17,972732.74,920129.28,1980534.04,823716.50,984261.40,915935.48,2142737.45,131.65
2013-05-24,73780.80,37738.62,80710.90,2542309.13,844758.88,965566.62,913285.36,1974459.76,815479.42,974591.40,906856.48,2136165.70,131.54
2013-05-28,81124.12,43224.54,90593.76,2512125.64,856078.07,982498.42,927411.56,1957293.87,830134.51,997537.83,925680.92,2117593.94,132.33
2013-05-29,71050.20,36958.46,78402.33,2477729.80,840477.95,963153.38,909831.36,1937965.82,809953.08,971330.14,902268.87,2096682.95,131.47
2013-05-30,67001.18,34866.76,73949.70,2457808.76,834036.08,956340.16,903126.63,1926610.65,801705.52,962220.55,893444.12,2084397.80,131.95
2013-05-31,64526.32,33510.77,71145.97,2419032.64,830400.83,952901.25,899534.65,1905107.63,796971.45,957460.01,888596.10,2061133.71,130.06
2013-06-03,57074.68,29592.20,62878.21,2389330.34,819114.71,939877.03,887274.38,1888440.95,782449.71,939930.09,872365.92,2043102.05,130.77
2013-06-04,57867.74,29031.97,62719.86,2387989.26,820322.18,938350.72,887207.91,1887692.18,784004.82,937856.37,872270.50,2042291.95,130.15
2013-06-05,57146.03,27540.20,60717.36,2327643.80,819240.57,934446.40,884777.25,1850670.38,782616.72,932547.02,869029.28,2002238.12,128.32
2013-06-06,53397.90,25290.53,56246.27,2338400.63,813454.19,925555.50,877443.46,1857010.80,775276.13,920706.66,859436.78,2009097.81,129.48
2013-06-07,55227.78,26792.00,58879.66,2381989.12,816462.33,930039.71,881191.40,1883415.37,779105.13,926689.91,864351.66,2037664.88,131.13
2013-06-10,54841.23,26374.99,58215.38,2384065.76,815705.05,928517.46,880061.60,1884419.61,778184.43,924712.00,862918.51,2038751.36,131.13
2013-06-11,55680.72,26733.63,59056.75,2335048.77,817147.04,929552.28,881329.88,1854383.47,779979.12,926043.73,864534.93,2006255.30,129.78
2013-06-12,56361.31,26828.65,59522.63,2338734.40,818003.76,930263.95,882129.26,1856838.51,781122.09,927050.17,865638.17,2008911.41,128.70
2013-06-13,55327.77,26443.86,58550.02,2386638.58,816590.00,928408.60,880487.29,1885985.48,779264.76,924514.85,863425.33,2040445.48,130.66
2013-06-14,53359.78,25740.82,56730.41,2363057.73,813387.92,925313.87,877293.48,1871472.74,775228.36,920443.09,859287.82,2024744.16,129.84
2013-06-17,55147.14,26683.10,58718.90,2396190.63,816195.71,929464.20,880775.14,1891694.81,778812.75,925978.59,863858.20,2046622.40,130.85
2013-06-18,55577.49,27018.49,59317.04,2422003.82,816922.97,930817.66,881808.83,1907337.75,779745.08,927790.04,865220.24,2063546.48,131.88
2013-06-19,47058.53,23994.60,51451.60,2385012.30,803453.82,914874.34,866987.40,1884489.36,762589.68,906589.51,845816.87,2038826.83,130.06
2013-06-20,53943.31,27296.64,58755.63,2324865.72,814600.99,927150.74,878818.63,1847020.52,776864.02,923048.45,861410.78,1998289.33,126.83
2013-06-21,50971.93,26994.05,56811.74,2341860.10,810048.31,926956.00,876270.55,1857718.66,770983.37,922675.63,857976.49,2009863.64,127.24
2013-06-24,54322.11,28365.19,60121.58,2312411.77,815637.67,933260.96,882273.80,1839398.73,778106.23,931069.21,865842.28,1990043.33,125.63
2013-06-25,54691.83,28661.86,60640.59,2350298.47,816175.68,934565.65,883181.48,1862940.63,778795.98,932810.30,867035.60,2015513.28,126.84
2013-06-26,60227.09,31275.69,66474.31,2382532.90,825218.24,945543.70,893261.18,1882867.05,790348.82,947476.37,880282.47,2037071.66,128.10
2013-06-27,60161.36,31099.41,66250.71,2413230.48,825026.73,944437.77,892635.13,1901937.50,790157.93,946074.39,879524.89,2057703.95,128.85
2013-06-28,54693.51,28412.64,60378.27,2393634.20,816313.76,933451.24,882729.69,1889418.24,779010.29,931379.95,866490.27,2044159.38,128.32
2013-07-01,52327.07,27856.30,58480.94,2413206.53,812417.20,930352.37,879157.66,1901726.10,774008.07,927212.68,861769.83,2057273.08,129.07
2013-07-02,53055.75,28627.06,59697.19,2418688.01,813438.63,933617.15,881252.90,1905500.42,775378.79,931635.27,864588.12,2061543.60,128.95
2013-07-03,51216.51,28162.75,58178.32,2414947.03,810555.09,932181.07,879013.16,1902947.55,771639.00,929632.45,861573.75,2058617.82,129.01
2013-07-05,64133.31,33456.50,70982.51,2472238.27,832023.15,958743.79,903177.61,1943490.85,798965.44,964944.09,893192.65,2104223.07,130.40
2013-07-08,59976.37,31461.96,66566.21,2462358.91,824702.16,948307.07,894288.16,1936180.50,789758.11,951204.20,881686.94,2096158.30,131.15
2013-07-09,60286.96,31553.74,66835.66,2468238.37,824861.44,948416.30,894426.02,1940220.25,789968.10,951374.00,881882.85,2100863.73,132.09
2013-07-10,64507.64,33775.73,71528.50,2479674.45,831390.34,958090.20,902527.37,1948218.92,798291.44,964284.74,892512.59,2110114.44,132.14
2013-07-11,55205.21,29499.82,61843.41,2490200.78,816483.54,938209.57,885072.39,1955592.25,779314.39,937833.58,869662.96,2118545.17,133.94
2013-07-12,61181.23,32239.21,68062.14,2498964.14,825778.68,949886.57,895618.20,1961781.64,791148.28,953422.85,883493.92,2125598.79,133.99
2013-07-15,59909.94,31579.32,66658.44,2509734.64,823743.77,946987.68,893148.06,1969382.27,788557.36,949558.34,880256.72,2134258.51,134.51
2013-07-16,56184.87,30880.52,63848.58,2487360.72,817970.81,943473.80,888361.33,1953290.49,781215.07,944894.31,873996.85,2116151.35,134.00
2013-07-17,56010.13,32352.70,65271.23,2509277.32,817614.64,949342.44,890930.83,1969063.66,780755.00,952736.09,877366.19,2133634.60,134.35
2013-07-18,57667.31,33941.45,67839.47,2520962.81,820147.44,956786.45,895803.79,1977509.16,783939.10,962589.26,883692.09,2142949.20,135.08
2013-07-19,56788.82,32866.62,66248.60,2505044.42,818788.10,951720.19,892689.74,1965980.04,782204.89,955848.94,879620.72,2130071.14,135.32
2013-07-22,53638.16,29553.56,61071.82,2495671.92,813884.58,937719.98,883450.77,1959134.18,775959.36,937152.20,867506.20,2122439.18,135.59
2013-07-23,55098.39,30393.54,62771.03,2490556.66,816172.18,941667.06,886551.66,1955296.23,778865.94,942409.16,871564.08,2118352.62,135.30
2013-07-24,51034.74,31110.95,61197.09,2504958.40,809941.10,945428.39,884938.05,1965898.54,770872.02,947343.73,869373.23,2129880.18,134.80
2013-07-25,52790.79,31262.29,62398.80,2499944.54,812403.39,945869.38,886489.59,1962132.88,774113.73,948063.86,871531.62,2125800.45,135.13
2013-07-26,50909.97,30762.18,60788.12,2498614.48,809454.19,943556.25,883796.55,1961089.05,770365.71,944985.09,868006.66,2124669.55,135.27
2013-07-29,49548.27,31029.75,60239.53,2494498.62,807437.63,945366.66,883543.54,1958036.06,767728.74,947314.10,867590.71,2121361.90,134.86
2013-07-30,48122.32,30446.90,58806.96,2511529.13,804966.34,942468.48,880837.10,1970678.56,764634.17,943519.05,864104.33,2135058.95,134.86
2013-07-31,45902.44,31331.94,58305.29,2508166.03,800957.71,946669.42,880606.99,1967977.35,759478.68,949056.11,863726.75,2132132.43,134.95
2013-08-01,45524.70,36390.62,62772.21,2561268.50,800117.81,970233.81,891105.27,2007392.79,758493.63,980556.97,877500.94,2174835.63,136.51
2013-08-02,44065.72,34497.33,60133.42,2558182.76,797619.54,961459.57,885684.76,2005164.81,755268.22,968788.01,870369.17,2172420.79,136.74
2013-08-05,44069.13,34003.40,59705.26,2554763.47,797689.60,959568.02,884852.42,2002618.94,755352.06,966245.44,869275.35,2169653.61,136.54
2013-08-06,42940.09,32335.25,57475.92,2546375.14,795668.91,952538.95,880490.79,1996383.77,752773.62,956846.89,863564.02,2162898.37,135.77
2013-08-07,41509.54,29713.57,54188.50,2522233.24,792717.95,940451.61,873271.48,1978429.56,749082.57,940784.17,854198.49,2143446.63,135.33
2013-08-08,40161.80,28236.76,51962.17,2498039.43,790083.53,933042.66,868380.57,1960533.66,745754.78,930918.89,847822.45,2124058.06,135.83
2013-08-09,40329.33,27923.05,51781.89,2494112.75,790996.97,932003.51,868398.99,1957660.33,746831.52,929457.30,847768.94,2120945.07,135.43
2013-08-12,39736.50,27048.03,50589.97,2482178.89,789755.00,927533.18,865634.61,1948962.75,745253.24,923498.65,844155.67,2111522.05,135.27
2013-08-13,39145.05,29643.69,52640.90,2517143.93,787935.75,939653.44,870293.30,1974156.72,742969.82,939664.90,850251.10,2138817.40,135.67
2013-08-14,39117.88,28259.36,51393.49,2496871.52,788809.81,933301.78,867834.60,1959351.49,744037.16,931186.27,847025.90,2122777.29,134.98
2013-08-15,39739.64,27548.57,51155.60,2459962.87,791534.52,930263.81,867921.00,1932504.89,747427.71,927119.60,847106.27,2093691.47,133.09
2013-08-16,41050.98,28031.62,52448.12,2458825.07,794909.04,932567.90,870845.93,1931560.79,751680.80,930190.29,850919.26,2092668.62,132.65
2013-08-19,42474.64,28857.77,54130.45,2447737.88,798276.09,936241.88,874405.69,1923566.40,755982.38,935157.41,855625.91,2084007.43,131.80
2013-08-20,40157.44,27798.33,51660.27,2458671.05,792420.82,931363.84,868920.93,1931415.17,748999.41,928586.28,848668.09,2092510.85,132.45
2013-08-21,40904.39,28554.83,52843.67,2463296.18,794036.52,934919.56,871465.43,1934721.53,750728.66,933324.44,851812.95,2096092.99,131.63
2013-08-22,38693.98,28033.27,50933.27,2488786.17,788249.32,932405.89,867118.14,1953015.72,742728.57,930035.73,845773.56,2115913.07,132.83
2013-08-23,37588.94,27830.51,50021.79,2480561.85,785620.13,931676.91,865333.04,1946972.08,740241.46,928992.12,843882.95,2109365.34,133.28
2013-08-26,36227.69,27871.67,49153.03,2453125.76,781762.58,931761.43,863247.81,1927007.53,736605.51,929169.46,841890.98,2087735.59,132.79
2013-08-27,33907.49,27205.74,46991.83,2401869.66,776373.81,928568.42,858793.47,1890239.85,731529.22,924911.16,837060.90,2047901.18,130.65
2013-08-28,32351.07,27430.55,46107.48,2417097.98,771809.67,929573.76,856734.03,1900937.75,727228.63,926251.83,835207.06,2059491.37,131.11
2013-08-29,30410.48,24561.51,42313.33,2433114.51,765867.87,915307.96,846862.26,1912206.04,721633.35,907168.02,823390.04,2071699.53,131.32
2013-08-30,29289.27,23510.19,40627.73,2428195.39,762048.24,909961.51,842277.15,1908651.88,717297.29,900045.71,817684.02,2067848.92,130.91
2013-09-03,30038.78,26940.78,44111.73,2439009.18,764007.82,926974.67,851233.94,1916329.81,720049.01,922716.06,829550.34,2076167.26,131.50
2013-09-04,29587.43,25305.01,42441.16,2464569.55,762903.17,918641.88,846792.59,1934675.00,718574.82,911613.86,823710.54,2096042.58,132.59
2013-09-05,32040.69,25608.45,44455.15,2477627.07,771475.39,920004.86,852178.18,1944066.40,728764.70,913433.55,830373.04,2106217.30,132.75
2013-09-06,27313.46,25249.05,40863.78,2458642.56,755552.24,918191.14,842543.76,1930270.07,710742.50,911018.72,819007.94,2091270.25,132.82
2013-09-09,26721.16,24476.19,39795.29,2478376.07,753172.74,913747.57,839178.29,1944364.21,708107.93,905248.72,814896.38,2106539.95,134.09
2013-09-10,27774.23,24579.50,40663.43,2501818.69,757182.67,914178.51,841610.09,1961267.69,713089.49,905764.45,817994.92,2124853.32,135.08
2013-09-11,26638.11,23880.93,39253.91,2489670.35,753538.75,911004.56,838123.98,1952424.20,708363.82,901525.64,813370.44,2115272.21,135.51
2013-09-12,25799.97,23900.61,38652.55,2498202.15,749473.70,911030.45,835875.21,1958608.54,703395.23,901562.74,810534.62,2121972.37,135.15
2013-09-13,25660.84,23884.36,38535.19,2503538.60,749414.67,911480.39,836048.70,1962496.15,703688.13,902079.92,810935.85,2126184.24,135.45
2013-09-16,23675.07,24034.80,37165.52,2518057.08,743567.64,911934.54,832995.51,1972943.37,696661.73,902760.33,807193.05,2137502.84,136.23
2013-09-17,24456.32,23338.81,37240.62,2521121.73,747431.80,908357.14,833526.09,1975202.85,700287.09,897998.27,807164.35,2139950.78,136.84
2013-09-18,24570.16,21872.69,36157.58,2493604.68,752802.88,900927.55,833112.20,1955076.82,705110.64,900786.23,811197.19,2118146.08,138.42
2013-09-19,23855.20,21435.56,35270.20,2505886.24,748327.91,897437.23,829022.22,1963787.39,700192.75,897257.49,806779.39,2127583.18,138.19
2013-09-20,23008.41,20332.34,33736.59,2512882.58,743940.76,890595.58,823432.07,1968670.40,696087.98,888869.64,800643.57,2132873.47,137.23
2013-09-23,24066.91,19449.76,33780.40,2489916.21,749336.57,885524.28,824073.82,1952053.56,701141.32,883422.22,801096.39,2114870.66,136.59
2013-09-24,22689.14,18175.53,31706.93,2480185.93,742496.55,877525.99,816591.08,1945044.13,694740.28,874079.78,793203.69,2107276.58,136.27
2013-09-25,23219.16,19102.35,32885.68,2469466.54,745028.67,883806.36,820905.61,1937350.23,697114.96,882207.30,798247.06,2098940.95,135.88
2013-09-26,21874.55,18199.86,31156.64,2484250.95,738584.29,877268.82,814319.13,1947893.86,691082.15,873521.36,790863.41,2110364.00,136.40
2013-09-27,23432.04,19824.39,33656.36,2474755.97,745973.72,888693.04,823694.94,1941103.57,698494.40,889161.50,802184.73,2103007.35,135.77
2013-09-30,24353.11,20569.79,34950.60,2465753.51,751118.98,894015.15,829002.03,1934633.23,704342.25,895589.29,808442.23,2095997.33,135.05
2013-10-01,24172.67,20583.93,34833.13,2497130.27,750209.20,894193.74,828582.77,1956714.24,705850.15,896297.78,809627.38,2119920.07,136.12
2013-10-02,22847.16,20995.09,34225.98,2487527.85,743096.54,896950.71,825932.26,1950035.10,699805.62,900359.50,807995.25,2112683.84,135.99
2013-10-03,22771.24,20819.23,34025.77,2471988.71,742953.18,896375.97,825587.97,1939154.77,698050.16,898408.94,806106.59,2100896.00,134.73
2013-10-04,20479.58,18581.13,30484.71,2482224.17,730355.86,880377.95,811221.42,1946251.61,686167.73,880924.38,791401.59,2108584.77,135.76
2013-10-07,21192.33,19368.29,31660.91,2443055.01,734156.98,885756.85,815810.60,1918976.73,689742.13,888436.46,796837.23,2079034.95,134.58
2013-10-08,20966.56,19141.27,31306.71,2420358.01,732428.68,884140.36,814105.92,1903269.98,688119.63,887004.71,795257.95,2062018.13,133.01
2013-10-09,18265.71,17191.17,27695.54,2438363.41,717929.34,870175.41,799618.42,1915562.12,674487.67,873013.39,781108.67,2075335.53,133.11
2013-10-10,15772.04,16724.58,25429.17,2484868.12,704642.06,865893.87,790251.65,1947399.16,659445.58,868693.12,770465.99,2109828.04,135.98
2013-10-11,15727.72,16749.07,25412.06,2499138.08,704027.88,866054.50,789980.55,1957254.63,658720.00,868572.77,769988.75,2120505.53,136.86
2013-10-14,15579.20,17357.49,25753.62,2511840.96,703135.86,870341.80,791435.44,1966170.55,657604.96,874064.70,771771.35,2130165.12,137.40
2013-10-15,16137.89,16278.33,25414.82,2493797.17,706380.60,861899.81,789423.23,1953495.11,661665.10,865105.78,770198.63,2116432.44,136.41
2013-10-16,15494.08,15489.00,24291.68,2510574.96,702618.86,856829.09,784999.08,1965274.38,656911.52,857975.91,764258.14,2129194.19,138.31
2013-10-17,15364.08,15838.91,24464.17,2504886.74,700953.53,859171.21,785141.67,1961293.08,654830.63,861101.37,764439.71,2124880.82,139.24
2013-10-18,15265.07,15775.84,24336.63,2518121.76,700474.11,858786.57,784697.43,1970495.54,654177.71,860492.81,763788.48,2134850.85,140.18
2013-10-21,15729.80,15833.05,24751.21,2520865.77,703267.13,859385.92,786535.67,1972376.14,657784.18,860868.86,766060.75,2136888.30,140.18
2013-10-22,17242.95,17507.84,27250.77,2513799.31,714380.21,875551.21,800147.59,1967456.80,671343.59,877715.31,781452.01,2131558.64,141.00
2013-10-23,16862.21,17438.60,26896.02,2514748.60,710669.44,875175.25,797897.66,1968114.32,669597.54,874356.25,778940.48,2132271.01,140.32
2013-10-24,16505.98,17387.08,26572.19,2525121.48,708977.77,874380.36,796585.66,1975263.85,667754.04,873629.67,777544.57,2140016.87,140.79
2013-10-25,16635.85,17410.09,26694.31,2529376.78,710636.85,874661.72,797645.87,1978247.12,669279.11,873943.28,778572.03,2143248.97,141.43
2013-10-28,15821.39,16652.30,25459.91,2537014.70,706032.52,867274.32,791693.37,1983561.83,664939.73,866492.58,772729.22,2149006.97,141.66
2013-10-29,15979.58,16891.10,25769.74,2552303.52,706878.04,869881.35,793357.34,1994168.84,665731.04,869098.40,774350.94,2160498.69,142.41
2013-10-30,15806.00,16614.48,25418.77,2541791.02,705238.72,867213.06,791220.62,1986779.15,664185.69,866436.23,772266.21,2152492.64,141.70
2013-10-31,14143.59,15442.04,23185.18,2538640.05,696421.69,856489.78,781382.82,1984562.78,655869.21,855719.95,762655.54,2150091.41,141.30
2013-11-01,14172.38,14874.20,22782.49,2556391.27,695249.57,851431.05,778417.70,1996635.02,654757.53,850672.48,759759.94,2163170.57,141.64
2013-11-04,14387.12,15267.26,23256.11,2568237.63,696537.62,855434.41,780968.80,2004297.50,655906.09,854110.39,761961.56,2171472.17,142.14
2013-11-05,15071.58,15034.50,23632.04,2557135.32,700998.25,853084.83,782396.93,1997031.45,661798.61,850969.11,763983.02,2163600.06,141.69
2013-11-06,14190.20,14784.60,22744.63,2563849.62,695329.22,850553.93,778072.69,2001480.21,655947.86,847517.90,759056.75,2168419.89,142.41
2013-11-07,14734.69,14540.94,22993.57,2525742.26,698601.42,847825.19,778655.37,1976407.43,659310.59,843932.11,759396.65,2141255.83,140.61
2013-11-08,15343.81,14918.86,23767.65,2571195.71,703772.82,851848.81,783385.05,2006136.71,664477.67,849314.45,764793.98,2173464.78,142.51
2013-11-11,14659.81,14447.08,22862.09,2580183.80,699029.76,846919.25,778478.57,2012027.60,659690.09,842657.96,759041.77,2179847.01,142.53
2013-11-12,15422.36,14668.42,23631.81,2587667.19,704047.53,849395.42,782410.63,2016966.58,664683.39,845981.85,763411.45,2185197.95,142.24
2013-11-13,15100.47,14874.66,23551.33,2597531.00,702270.89,851609.99,782443.40,2023572.09,663580.43,848939.53,764112.56,2192354.41,143.38
2013-11-14,15445.59,14973.85,23898.98,2594145.50,705051.08,852534.09,784416.72,2021250.84,666172.54,850250.42,766194.92,2189839.55,144.10
2013-11-15,15160.11,15170.17,23834.80,2603768.69,702863.89,854694.97,784194.13,2027624.22,664088.27,853145.23,766300.62,2196744.52,144.73
2013-11-18,15237.98,15606.92,24239.11,2595533.36,703104.82,859457.99,786513.60,2022163.94,664315.70,859481.31,769277.40,2190828.81,144.22
2013-11-19,15256.76,15314.16,24026.70,2600502.06,703065.37,856205.71,785003.42,2025454.39,664285.01,855140.07,767316.82,2194393.71,143.91
2013-11-20,15259.27,15767.38,24384.21,2601975.84,703138.23,861189.47,787328.75,2026417.58,664359.79,861764.47,770332.04,2195437.23,143.46
2013-11-21,16215.45,15451.63,24904.04,2626746.12,710646.56,857764.82,789966.95,2042921.98,671470.43,857138.95,772387.10,2213318.23,144.61
2013-11-22,16440.20,15925.82,25458.77,2626862.65,711644.54,862989.31,792927.41,2042926.60,672402.40,864184.85,776097.73,2213323.24,145.34
2013-11-25,16425.56,15849.25,25386.23,2618240.44,711643.04,862143.13,792537.83,2037141.33,672396.07,863067.39,775592.29,2207055.44,145.19
2013-11-26,16780.17,16387.96,26091.70,2620768.13,714073.19,868222.45,796685.28,2038823.43,674694.29,871166.71,780556.98,2208877.84,145.23
2013-11-27,18680.40,17169.52,28191.22,2640350.25,726750.61,877380.09,807958.87,2051983.70,686669.43,883332.39,792934.19,2223135.78,145.59
2013-11-29,18579.35,16328.47,27424.48,2639338.57,725085.03,867440.65,802456.52,2051111.90,685100.39,870743.03,786377.77,2222191.26,145.49
2013-12-02,18685.96,17189.95,28226.62,2646908.30,725740.05,877251.32,807356.84,2056587.71,685730.77,881589.23,791637.21,2228123.81,145.11
2013-12-03,18540.61,16386.41,27457.12,2634168.01,725648.55,868463.69,803262.20,2048893.77,685679.27,872569.09,787557.59,2219788.12,144.49
2013-12-04,17910.50,15175.47,25976.02,2636431.42,722764.07,857724.91,796699.43,2050271.97,682945.05,862193.99,781305.21,2221281.28,144.47
2013-12-05,16922.95,15496.43,25534.58,2632752.03,717200.79,859160.33,794299.89,2048022.40,677693.08,863672.48,778970.91,2218844.07,143.83
2013-12-06,17859.63,15725.61,26430.06,2658429.40,722644.46,861158.97,798238.20,2063678.41,682821.27,865697.36,782831.35,2235805.92,145.44
2013-12-09,17619.53,15077.47,25707.74,2656922.56,721178.86,855798.71,794944.44,2062723.60,681433.54,860339.73,779613.46,2234771.47,145.81
2013-12-10,16628.58,13560.30,23691.40,2626299.76,716496.45,843584.95,786691.13,2043867.50,677013.87,848086.10,771533.31,2214342.62,145.29
2013-12-11,15338.12,12471.52,21821.00,2596340.08,710192.63,834968.89,779212.95,2025824.87,671072.21,839418.76,764205.22,2194795.09,143.66
2013-12-12,16031.96,12777.18,22581.95,2616091.89,713216.23,837804.35,782194.73,2037753.39,673933.60,842243.75,767120.40,2207718.55,143.18
2013-12-13,14714.05,12085.64,21042.68,2597900.16,707518.69,832012.58,776366.77,2026701.41,668551.66,836410.13,761400.70,2195744.74,143.17
2013-12-16,14542.39,12214.62,21032.22,2618132.05,706139.68,831373.78,775312.13,2038809.58,667251.54,835475.94,760235.15,2208862.83,144.06
2013-12-17,14529.80,12580.22,21337.87,2610017.05,705439.71,835547.51,776874.01,2033826.17,666318.21,839417.43,761496.72,2203463.76,143.60
2013-12-18,14812.71,10985.46,20193.14,2673386.31,710017.83,818098.92,771283.20,2072257.05,671123.59,823763.50,757142.21,2245100.09,146.05
2013-12-19,15137.14,11852.18,21210.85,2669022.90,712041.08,828505.94,777287.86,2069417.35,673594.86,833593.81,763053.86,2242023.54,145.88
2013-12-20,14199.53,10899.81,19701.76,2656374.68,704852.61,817467.88,768186.42,2061507.53,666797.95,818508.65,752299.75,2233453.97,146.73
2013-12-23,14610.47,11052.57,20124.91,2678524.96,706590.70,819612.36,770141.16,2075001.92,668441.56,818998.14,753451.88,2248073.91,147.52
2013-12-24,15778.06,11557.17,21388.43,2687758.39,713940.36,825639.73,776978.28,2080610.02,675394.56,825015.38,760138.34,2254149.77,147.84
2013-12-26,16529.14,11827.04,22147.23,2706629.87,717941.51,828747.12,780617.62,2092185.16,679179.22,828128.97,763702.48,2266690.37,148.59
2013-12-27,17270.33,11278.98,22130.64,2725340.75,722082.68,823807.15,780542.42,2103742.64,683096.29,823206.86,763635.17,2279211.84,148.58
2013-12-30,17467.44,12191.87,23152.54,2727724.26,722867.99,831060.17,784402.93,2105168.92,683837.75,830439.23,767404.10,2280757.07,148.56
2013-12-31,18485.47,13220.50,24803.91,2750757.35,728021.75,840303.37,791561.30,2119284.09,688713.05,839670.63,774404.98,2296049.56,149.26
2014-01-02,16318.34,11328.00,21574.65,2700777.43,716148.17,822734.63,776831.54,2088901.93,677476.60,822116.41,759992.83,2263133.29,147.83
2014-01-03,14719.64,10024.66,19276.69,2688841.87,708496.76,811323.03,767294.20,2082191.78,670238.26,810726.07,750668.04,2255863.46,147.81
2014-01-06,13264.52,9015.96,17354.05,2672475.08,700245.91,800033.07,757487.77,2072911.30,662433.01,799447.78,741075.69,2245808.91,147.38
2014-01-07,14023.98,9817.03,18621.81,2704948.33,703647.44,808175.37,763182.22,2091126.69,665652.05,807462.21,746590.91,2265543.61,148.28
2014-01-08,14900.70,10625.37,19970.55,2720501.97,706823.66,813250.80,767301.13,2099723.29,668655.21,812257.97,750492.19,2274857.24,148.32
2014-01-09,14560.86,11284.30,20362.05,2724581.11,704416.97,818814.51,768619.50,2101851.23,666380.39,817807.30,751779.24,2277162.67,148.41
2014-01-10,13637.60,10626.45,19122.97,2704345.35,699775.86,814033.62,763843.53,2090540.21,661995.57,813022.79,747106.76,2264908.21,148.82
2014-01-13,12590.26,9373.90,17261.66,2660002.56,691427.96,799673.33,752550.00,2065564.08,651491.72,798596.94,734551.47,2237848.88,146.84
2014-01-14,13112.24,10264.95,18439.89,2719721.17,695435.86,810852.33,759991.21,2098729.76,656971.64,809649.59,742723.88,2273780.84,148.44
2014-01-15,12978.55,10797.49,18824.21,2739214.92,694331.62,816321.91,761951.10,2109447.08,655586.40,815777.02,744751.32,2285392.07,149.24
2014-01-16,13188.79,10250.04,18499.47,2732453.85,696158.81,810529.42,760250.32,2105632.61,657913.55,809149.18,743047.76,2281259.44,149.04
2014-01-17,13695.45,10944.19,19481.23,2717019.88,700127.38,817792.47,765823.54,2096811.12,663333.53,817446.32,749918.09,2271702.16,148.41
2014-01-21,13448.57,11214.82,19546.50,2749631.68,698063.38,820728.67,766069.51,2115279.10,660418.37,820724.77,749774.06,2291710.52,148.85
2014-01-22,13759.05,11695.81,20191.29,2778371.09,700464.76,827855.85,770713.43,2131418.22,663949.35,829152.39,755627.96,2309195.78,148.95
2014-01-23,14778.91,11183.58,20497.47,2759949.27,708842.59,822097.23,772641.88,2120942.13,673317.71,821889.87,757649.67,2297845.90,147.73
2014-01-24,14980.37,10523.02,20031.82,2704144.59,707208.40,813543.48,767731.65,2089118.41,672244.28,813518.69,753187.30,2263367.82,144.57
2014-01-27,15176.17,10496.53,20137.53,2695629.02,707541.99,814922.20,768563.27,2084296.77,672571.24,814890.61,754005.55,2258144.02,143.86
2014-01-28,15312.22,10737.31,20458.75,2716074.05,708213.87,817792.39,770281.63,2095747.69,673199.73,817756.14,755683.56,2270550.04,144.72
2014-01-29,16606.01,11317.34,21875.66,2700047.78,718127.18,824295.95,778735.55,2086898.35,682629.86,824260.21,763981.52,2260962.59,143.33
2014-01-30,14697.24,10508.63,19836.83,2708989.85,706513.82,816736.36,768867.92,2091909.13,671579.94,816697.54,754293.33,2266391.31,144.85
2014-01-31,15790.69,9205.22,19344.54,2666300.89,712128.42,805534.50,766650.32,2067870.12,676930.50,805486.47,752120.89,2240347.25,144.00
2014-02-03,18462.19,9580.16,21374.87,2591059.63,727558.42,813076.57,778544.99,2024775.32,691613.10,815807.33,765096.16,2193658.00,140.76
2014-02-04,17127.20,8836.40,19772.35,2601812.30,718886.62,805250.60,770158.44,2030954.18,683375.38,806044.64,755961.77,2200352.22,141.75
2014-02-05,16896.67,8487.81,19249.28,2591878.04,716921.13,802393.92,767739.51,2025196.24,681515.84,803178.55,753589.23,2194114.03,141.57
2014-02-06,14569.11,7371.57,16657.72,2616876.88,706120.76,789926.55,755992.08,2039283.20,671238.67,790691.40,742049.13,2209375.96,143.43
2014-02-07,12965.25,7545.52,15937.36,2621694.37,697872.13,792089.65,752611.56,2042119.23,663397.28,792861.38,738733.07,2212448.53,145.21
2014-02-10,13323.47,7867.66,16497.74,2625731.88,699443.50,795483.26,755071.11,2044270.04,664924.81,796258.57,741166.21,2214778.73,145.48
2014-02-11,12896.82,7205.57,15539.42,2649188.61,696512.16,787877.70,749879.28,2057545.36,661004.90,788649.00,735439.98,2229161.32,147.07
2014-02-12,13240.90,6840.26,15352.80,2650260.90,698356.14,784569.29,749297.49,2058264.00,663292.31,785343.15,735171.07,2229939.91,147.14
2014-02-13,13556.00,6828.67,15522.47,2652387.40,700668.76,784619.68,750562.21,2059476.97,666216.17,784561.42,736425.54,2231254.05,147.90
2014-02-14,14717.40,7320.07,16745.92,2644644.45,708891.77,792452.60,758712.95,2055015.49,676633.08,790441.12,744942.37,2226420.45,148.72
2014-02-18,17050.73,8186.10,19063.98,2628752.40,723648.91,804010.52,772143.00,2045905.25,695394.91,802525.53,760964.73,2216550.33,148.90
2014-02-19,18112.53,8787.95,20358.37,2623482.35,729287.79,811370.17,778685.36,2043081.64,702506.37,814787.82,770669.36,2213491.22,147.91
2014-02-20,18658.54,9049.25,20967.89,2629255.26,733010.98,816009.03,782899.04,2046297.27,707220.39,820972.70,776180.07,2216975.05,148.79
2014-02-21,18677.31,9029.27,20955.29,2639359.91,732885.46,815344.59,782513.27,2051814.11,707105.73,820139.77,775723.41,2222952.05,148.62
2014-02-24,20234.72,9865.32,22799.13,2632921.93,742841.49,828329.57,794059.43,2048338.57,719681.58,837410.36,790789.14,2219186.61,149.44
2014-02-25,20626.73,10059.64,23244.51,2631497.89,745093.77,830925.26,796507.37,2047537.33,722537.99,840873.16,793993.46,2218318.55,149.38
2014-02-26,20132.39,9873.50,22750.92,2641803.08,741567.65,827230.05,792851.57,2053277.50,718062.30,835938.37,789204.48,2224537.49,149.39
2014-02-27,20420.64,10006.10,23066.56,2640289.17,743280.36,829141.90,794683.35,2052307.82,720280.30,838543.58,791653.13,2223486.93,150.18
2014-02-28,21223.12,10357.76,23925.12,2641721.55,748372.36,834006.98,799736.87,2053216.33,726695.93,844978.05,798216.14,2224471.22,150.55
2014-03-03,24303.08,11967.65,27520.49,2589476.53,768199.12,858505.69,822076.67,2024086.28,751858.32,877692.48,827487.55,2192911.48,149.50
2014-03-04,23246.84,11498.10,26382.57,2643849.42,760409.15,849935.26,813805.13,2054491.15,742031.51,866311.02,816714.69,2225852.36,151.60
2014-03-05,24497.26,12189.31,27885.11,2635453.54,767258.95,858956.31,821789.32,2049803.43,750706.46,878318.58,827148.78,2220773.65,151.73
2014-03-06,24943.27,12417.50,28399.97,2641514.98,770542.92,863410.55,825678.75,2053227.08,754871.95,884270.87,832246.37,2224482.87,152.08
2014-03-07,24418.09,12298.81,27965.26,2662044.98,767532.27,860621.88,822732.31,2064608.33,751041.31,880596.60,828405.67,2236813.41,152.15
2014-03-10,24345.88,12344.79,27976.18,2657537.24,767258.83,860308.40,822435.92,2061999.89,750994.10,880176.04,828181.82,2233987.40,152.07
2014-03-11,25776.76,12257.02,28698.86,2653165.13,775341.46,862012.31,827582.31,2059495.44,758591.79,882324.73,833381.99,2231274.06,151.31
2014-03-12,26597.65,12487.93,29426.16,2639197.89,780740.90,866548.25,832641.32,2051550.07,764922.70,888383.70,839720.98,2222665.98,151.36
2014-03-13,26805.52,12479.57,29531.29,2591119.88,782058.11,867247.29,833679.55,2024302.37,766331.83,889280.52,840918.28,2193145.60,149.66
2014-03-14,26563.64,12405.35,29310.24,2580213.39,781052.56,867036.85,833042.44,2017998.43,765010.78,889000.73,840061.18,2186315.87,149.24
2014-03-17,25863.21,11958.19,28395.55,2608478.90,776088.67,859063.21,826564.78,2033789.32,758782.31,878364.82,831616.23,2203423.84,150.59
2014-03-18,26117.28,12088.08,28689.25,2629158.41,777544.98,859733.93,827662.97,2045355.94,761895.70,879197.82,833716.68,2215955.21,151.66
2014-03-19,24370.00,11094.62,26550.66,2633411.74,766028.40,846701.89,815260.57,2047815.37,750347.57,861663.41,819084.64,2218619.78,150.85
2014-03-20,23315.04,10494.84,25258.31,2632855.85,758101.50,836189.84,805981.54,2047359.08,742615.70,847478.30,808122.48,2218125.42,151.73
2014-03-21,22491.49,9847.71,24033.48,2608946.02,754476.44,829028.64,800603.29,2033847.28,741149.31,837755.41,802688.92,2203486.64,151.15
2014-03-24,21742.90,9087.27,22705.59,2605331.39,750689.50,821712.19,795061.27,2031826.27,736310.58,827743.76,795272.38,2201297.06,150.52
2014-03-25,20017.88,8989.66,21682.95,2611316.97,741921.01,821273.42,790205.60,2035196.74,727011.03,827123.14,789952.13,2204948.65,151.24
2014-03-26,19583.34,8871.01,21304.51,2592236.29,739513.06,820619.78,788608.82,2024322.98,724318.15,826248.11,788071.26,2193167.93,150.15
2014-03-27,18841.02,9449.41,21595.27,2590161.60,735696.82,828648.58,790431.83,2023143.63,719536.69,837007.07,790601.03,2191890.21,149.83
2014-03-28,17624.23,9272.77,20696.10,2610010.68,729564.42,825973.68,785861.73,2034237.19,711471.33,833399.36,784466.22,2203909.07,150.57
2014-03-31,16761.21,8742.95,19598.11,2625804.44,725336.89,818592.55,780073.52,2043024.16,705920.10,823455.05,776725.62,2213428.94,151.80
2014-04-01,16757.91,8495.67,19319.03,2646202.25,725320.83,815192.89,778445.04,2054511.93,705899.10,818894.71,774563.29,2225874.89,152.81
2014-04-02,16760.17,7785.54,18512.93,2651164.53,725329.75,805318.78,773735.32,2057289.97,705910.76,805652.45,768307.00,2228884.64,153.32
2014-04-03,16672.33,7776.84,18454.07,2641902.03,725028.33,805328.92,773579.43,2052116.97,705463.91,805605.61,768041.49,2223280.17,153.12
2014-04-04,15672.63,7696.96,17806.03,2604822.28,719893.76,803890.81,770149.52,2030935.51,698804.93,803732.24,763523.66,2200332.00,151.31
2014-04-07,15338.28,7651.87,17563.93,2592284.90,718216.60,803161.40,768903.00,2023851.85,696612.65,802751.41,761860.11,2192657.51,149.64
2014-04-08,14746.19,7646.31,17218.55,2587890.77,715163.11,803051.86,767216.08,2021324.02,692623.00,802604.85,759608.90,2189918.83,150.25
2014-04-09,15267.01,7696.76,17579.42,2617253.16,718249.00,804056.13,769351.05,2037695.89,696805.23,803948.51,762538.09,2207656.25,151.87
2014-04-10,14626.66,7519.02,17007.78,2560427.43,714115.97,800512.95,765442.38,2005913.20,691649.14,799202.68,757466.16,2173222.63,148.68
2014-04-11,14093.71,7263.69,16409.15,2536375.44,710443.86,795378.80,761019.75,1992471.61,684980.22,792330.55,750557.77,2158659.90,147.34
2014-04-14,14415.69,7309.47,16648.30,2549514.04,712877.06,796319.18,762772.84,1999675.86,687956.45,793585.70,752782.84,2166465.04,148.50
2014-04-15,13593.90,7170.04,16014.98,2567636.57,707371.00,793489.62,758471.94,2009578.10,682495.54,789792.65,747996.08,2177193.20,149.52
2014-04-16,13650.41,7186.76,16066.94,2591982.00,707815.54,793810.04,758863.41,2023000.57,682606.00,790220.57,748259.25,2191735.22,151.09
2014-04-17,13086.10,7004.18,15530.74,2609250.94,703772.82,790196.41,754969.00,2032698.19,677509.05,785327.39,743148.98,2202241.70,151.30
2014-04-21,13280.50,7064.05,15712.49,2618541.25,705196.03,791303.17,756261.08,2037710.46,679162.94,786858.19,744780.34,2207672.04,151.83
2014-04-22,12975.85,7031.37,15495.92,2630303.47,702656.56,790427.00,754480.71,2044152.61,675994.77,785750.27,742518.87,2214651.51,152.52
2014-04-23,12796.86,7040.89,15399.53,2626584.25,701564.61,790739.48,754043.61,2042167.82,674689.08,786101.57,741967.76,2212501.18,152.16
2014-04-24,13134.11,7102.13,15669.42,2622836.66,704219.67,792045.37,756093.08,2040068.41,677957.67,787840.12,744585.50,2210226.65,152.47
2014-04-25,12525.30,6934.58,15121.43,2600435.99,699317.58,788467.02,751753.53,2027513.27,671971.59,783068.64,739043.56,2196624.32,151.22
2014-04-28,11890.85,6653.01,14431.45,2619113.06,693553.08,782379.02,745752.90,2037942.04,665471.78,774949.01,731637.70,2207922.93,151.70
2014-04-29,12434.26,6932.56,15064.41,2630610.65,698391.81,788398.42,751223.16,2044309.18,670525.87,782957.78,738196.58,2214821.14,152.40
2014-04-30,12330.09,6847.72,14909.13,2641108.89,696949.55,786581.24,749581.73,2050185.93,668990.35,780830.65,736348.58,2221188.06,152.86
2014-05-01,12619.30,6952.89,15198.46,2641146.60,698732.94,790142.33,752237.56,2050724.94,670681.89,783790.17,738674.97,2221772.03,152.88
2014-05-02,12305.98,6782.92,14824.01,2626982.40,696640.74,786825.98,749532.72,2043326.10,668167.52,780778.88,735871.35,2213756.07,152.66
2014-05-05,11989.98,6686.11,14527.90,2628669.44,693933.73,784783.64,747103.69,2044128.52,665573.17,778747.92,733485.66,2214625.42,152.95
2014-05-06,13265.90,7286.84,15953.54,2614402.90,703441.34,796027.75,757573.86,2036441.57,674702.38,789907.85,743771.67,2206297.31,151.62
2014-05-07,12743.83,7051.41,15381.90,2634974.87,699497.18,791529.80,753309.68,2047277.41,670919.80,785442.55,739584.52,2218036.95,152.51
2014-05-08,12331.31,6800.22,14858.98,2613605.74,696355.74,786740.50,749339.11,2035970.36,667904.24,780687.90,735683.91,2205786.79,152.35
2014-05-09,10918.17,6132.66,13278.23,2606982.31,687530.91,774187.10,738612.66,2032592.58,659431.69,768230.74,725148.20,2202127.29,152.58
2014-05-12,10743.34,6078.33,13113.11,2617483.68,686081.83,773074.69,737303.64,2037946.36,658050.54,767127.84,723868.28,2207927.61,154.06
2014-05-13,10683.56,6216.24,13225.38,2610440.10,685944.23,775542.62,738406.57,2034380.26,657911.13,769577.24,724947.24,2204064.07,154.20
2014-05-14,11498.35,6283.83,13801.61,2581072.20,690872.77,776686.06,741603.66,2018917.84,662636.02,770712.64,728085.18,2187311.96,153.47
2014-05-15,11863.64,6507.96,14266.98,2575316.03,693976.82,780101.55,744900.26,2015867.51,665620.89,773538.03,731059.59,2184007.20,152.12
2014-05-16,12002.69,6396.87,14228.82,2583625.64,694770.78,777787.74,744221.66,2020186.82,666378.37,770455.26,730018.82,2188686.78,152.65
2014-05-19,11446.14,6137.24,13610.18,2596226.68,691962.93,771827.26,739866.19,2026745.64,663679.33,763633.34,725308.48,2195792.66,153.21
2014-05-20,11667.55,6269.68,13888.67,2592350.35,692982.96,774747.67,741811.25,2024658.26,664659.72,766515.36,727212.89,2193531.17,152.24
2014-05-21,11328.14,6031.08,13422.39,2608233.25,690762.39,769873.27,738289.14,2032819.96,662525.30,762454.31,724118.82,2202373.63,153.52
2014-05-22,11330.18,6021.55,13412.98,2600131.14,691106.64,768337.79,737736.87,2028568.97,662853.78,759671.28,722976.78,2197768.08,153.90
2014-05-23,12064.17,6272.90,14127.38,2599839.23,695650.71,773698.38,742735.75,2028536.47,667214.81,764981.14,727881.76,2197732.85,154.52
2014-05-27,12844.65,6498.85,14838.80,2616530.75,699830.75,776547.05,746334.57,2037100.25,671227.29,767810.84,731416.66,2207010.93,155.46
2014-05-28,13754.55,6980.68,15914.47,2595989.47,705076.01,783081.91,752271.78,2026489.21,676267.88,774298.04,737252.80,2195514.84,155.35
2014-05-29,13344.05,6780.41,15448.69,2602011.43,702269.30,780843.11,749699.13,2029454.27,673572.17,772077.56,734726.27,2198727.21,156.15
2014-05-30,13290.20,6748.91,15381.64,2610276.14,701761.03,780470.05,749248.74,2033901.37,673084.14,771705.69,734283.17,2203545.23,156.41
2014-06-02,13282.88,6727.31,15352.79,2595490.86,702212.54,780720.95,749610.20,2026635.09,673509.30,771935.29,734624.31,2195672.89,156.59
2014-06-03,12343.81,6090.10,14082.98,2576351.69,696874.75,773094.28,743099.78,2017152.37,668380.59,764375.30,728229.97,2185399.23,156.50
2014-06-04,12514.36,6274.81,14393.83,2578148.23,697786.18,775674.09,744825.59,2018037.64,669252.35,766921.64,729917.84,2186358.34,156.82
2014-06-05,11846.76,6042.60,13743.56,2609609.41,691331.79,772043.65,739637.81,2033583.86,663061.24,763339.36,724836.97,2203201.24,157.84
2014-06-06,11722.60,6075.02,13708.41,2632022.07,689460.37,772405.36,738809.98,2044650.45,661266.33,763697.55,724025.96,2215190.88,158.60
2014-06-09,12361.12,6412.03,14461.99,2618369.76,695137.14,777302.23,744193.47,2038038.48,666711.00,768528.90,729296.86,2208027.41,158.76
2014-06-10,12392.14,6385.00,14449.65,2593711.99,696669.83,777869.63,745285.52,2025769.40,668181.05,769082.04,730363.33,2194734.99,158.78
2014-06-11,12018.82,6354.58,14197.58,2587783.51,693653.50,777201.69,743352.13,2022640.48,665288.12,768428.34,728471.87,2191345.09,158.22
2014-06-12,11607.91,6259.40,13848.56,2606733.00,690299.31,774263.90,740149.95,2032143.06,662071.03,765547.11,725344.85,2201640.27,157.10
2014-06-13,11453.08,6214.83,13706.90,2617771.59,688841.01,773539.12,739021.72,2037415.99,660672.39,764830.74,724239.32,2207353.00,157.58
2014-06-16,11499.78,6260.08,13784.74,2616727.23,688276.04,774136.78,739004.15,2037067.44,660130.52,765423.21,724222.83,2206975.38,157.71
2014-06-17,12089.60,6257.06,14134.92,2607760.04,692029.23,774639.83,741259.17,2032475.57,663730.27,765901.60,726423.77,2202000.51,158.15
2014-06-18,12330.78,6427.39,14468.30,2646264.19,693282.17,776374.90,742760.36,2051653.70,664931.94,767628.74,727900.42,2222778.25,159.31
2014-06-19,12491.90,5727.56,13775.16,2631200.63,694065.22,767262.35,738820.82,2044180.45,665682.88,758599.37,724030.42,2214681.67,159.49
2014-06-20,12685.99,5833.70,14009.81,2637990.69,694883.93,767957.46,739591.24,2047512.66,666468.10,759283.06,724783.71,2218291.82,159.81
2014-06-23,12375.16,5712.41,13692.53,2616573.05,692216.60,764558.98,736535.30,2036960.34,663909.87,755924.03,721789.46,2206859.35,159.77
2014-06-24,12025.68,5619.31,13387.61,2623481.98,689641.33,763389.06,734601.70,2040353.45,661439.89,754766.21,719894.04,2210535.47,158.80
2014-06-25,11866.19,5431.65,13075.29,2636483.83,687715.51,760217.29,732049.94,2046586.82,659592.80,751631.09,717393.74,2217288.75,159.52
2014-06-26,11630.44,5445.59,12962.18,2631628.29,684894.67,760440.58,730656.10,2044199.91,656385.54,751852.68,715755.33,2214702.76,159.41
2014-06-27,11828.77,5377.49,12991.65,2633389.77,687220.35,759249.01,731324.19,2045231.65,658960.54,750673.66,716598.08,2215820.55,159.72
2014-06-30,11540.31,5093.26,12489.90,2626122.36,683699.75,753806.06,726829.53,2041503.92,655079.74,745291.94,711919.24,2211781.90,159.64
2014-07-01,11837.82,5163.73,12737.30,2623709.66,686393.76,754811.60,728746.29,2040680.27,658244.79,746301.33,714121.18,2210889.56,160.70
2014-07-02,11898.64,5186.91,12798.62,2614987.04,685211.12,755630.52,728513.81,2036642.33,657039.00,744322.95,712520.57,2206514.82,160.87
2014-07-03,11830.50,5413.52,13041.54,2604835.34,683243.36,761830.44,730456.46,2031759.77,655153.98,750872.88,714633.51,2201225.01,161.66
2014-07-07,11389.90,5121.42,12446.85,2584535.94,680118.66,754026.58,725044.91,2022503.12,652156.25,743067.44,709284.20,2191196.28,161.10
2014-07-08,11184.84,4971.06,12152.09,2578546.36,677931.97,751031.33,722439.28,2019739.88,650058.72,739178.20,706287.36,2188202.57,160.06
2014-07-09,11761.40,5229.98,12781.78,2585413.13,682841.80,756615.78,727741.29,2022740.34,654766.25,744503.43,711388.86,2191453.28,160.78
2014-07-10,12708.28,5636.69,13793.27,2556454.08,691721.40,767289.77,737606.34,2009387.99,663279.70,754988.96,721023.27,2176987.24,160.14
2014-07-11,13265.38,5616.24,14070.59,2565681.92,696979.59,766500.81,740030.62,2013610.77,668322.05,754215.20,723394.45,2181562.24,160.36
2014-07-14,12417.01,5339.23,13273.65,2569676.56,688581.71,757824.29,731383.88,2015452.03,660270.23,744216.24,714241.62,2183557.08,161.17
2014-07-15,12546.19,5255.02,13238.03,2542648.81,689970.69,756157.14,731317.04,2003001.09,661600.85,743950.07,714833.58,2170067.62,160.87
2014-07-16,12607.34,5299.72,13326.58,2558202.56,690516.98,757187.54,732104.83,2010174.87,662125.14,745019.71,715630.71,2177839.75,161.46
2014-07-17,12109.25,5100.55,12812.92,2542745.55,685353.59,752520.80,727111.58,2003057.59,657173.19,740281.19,710678.85,2170128.83,159.63
2014-07-18,11770.53,5062.08,12585.40,2563068.27,681500.04,749759.58,723733.41,2012207.26,653479.61,737591.80,707390.78,2180041.66,161.26
2014-07-21,12215.72,5240.88,13045.67,2564405.96,685968.77,755386.72,728822.15,2013015.63,657765.14,743125.18,712363.73,2180917.45,160.96
2014-07-22,13439.95,5677.92,14243.32,2578130.68,695842.44,766336.37,739349.68,2019167.80,667233.16,753900.07,722655.12,2187582.77,161.66
2014-07-23,12890.81,5446.99,13662.68,2591491.23,691414.50,760521.97,734192.46,2025500.14,662987.92,748180.65,717615.01,2194443.28,162.02
2014-07-24,13015.16,5494.30,13787.91,2575881.67,692430.66,761642.55,735272.87,2018279.59,663962.56,749289.11,718674.06,2186620.47,162.03
2014-07-25,13079.84,5459.07,13777.97,2582331.83,693073.38,761972.05,735773.16,2021261.01,664578.47,749596.60,719154.86,2189850.57,161.27
2014-07-28,13094.65,5524.19,13867.95,2580630.15,692902.01,762392.53,735885.21,2020481.99,664414.71,750012.60,719265.81,2189006.57,161.33
2014-07-29,12450.80,5378.04,13343.57,2563031.74,688881.39,760706.15,732936.31,2012362.43,660558.83,748339.22,716376.32,2180209.78,160.64
2014-07-30,12810.91,5555.91,13757.19,2532616.09,691940.91,763464.13,735892.56,1998327.04,663492.75,751057.70,719268.42,2165003.72,160.66
2014-07-31,11601.77,4902.77,12299.33,2452327.84,684493.99,754218.70,727476.82,1961098.37,656351.55,741948.02,711035.61,2124669.87,157.49
2014-08-01,10752.66,4776.07,11690.33,2448347.01,679990.61,752435.06,724223.53,1959532.50,652033.24,740195.63,707856.87,2122973.40,157.01
2014-08-04,11710.29,5093.48,12599.36,2475191.73,685259.99,757829.79,729625.84,1972376.78,657086.39,745512.56,713142.07,2136889.00,158.14
2014-08-05,11892.61,5133.79,12747.29,2445384.65,686232.93,758466.52,730450.32,1957897.26,658018.90,746128.86,713942.88,2121201.77,156.61
2014-08-06,11118.71,4701.14,11795.39,2438164.72,680665.83,751116.06,723947.94,1954369.53,652680.55,738893.50,707585.23,2117379.79,156.66
2014-08-07,10977.81,4917.65,11992.27,2420766.08,679627.11,755230.42,725378.32,1946246.32,651684.50,742944.68,708985.07,2108579.04,155.81
2014-08-08,10392.18,4779.76,11504.27,2445545.28,675354.47,752623.01,721846.01,1957857.79,647587.53,740386.87,705536.02,2121159.00,157.61
2014-08-11,10581.43,4766.69,11593.28,2465631.85,676044.96,752314.96,722067.30,1967415.66,648249.63,740080.64,705750.79,2131514.07,158.07
2014-08-12,10980.76,5114.58,12235.11,2456074.56,678227.70,757065.78,725512.87,1962833.93,650342.63,744760.95,709121.72,2126550.20,157.85
2014-08-13,11221.50,5026.81,12264.26,2473420.48,679918.85,756251.51,726027.23,1971314.34,651964.25,743952.58,709620.97,2135737.94,158.92
2014-08-14,12604.47,5202.44,13234.23,2505177.69,688305.34,758771.25,731714.36,1986341.93,660005.95,746427.98,715177.99,2152018.95,159.67
2014-08-15,12328.19,5047.47,12892.08,2514807.79,687073.74,756653.15,730038.43,1991090.25,658824.98,744340.73,713538.21,2157163.32,159.64
2014-08-18,12614.68,5179.39,13210.35,2538325.25,688130.33,758309.11,731398.62,2002290.81,659838.13,745970.53,714868.03,2169298.10,160.97
2014-08-19,12805.56,5500.88,13720.29,2538402.36,689397.03,763120.88,734392.30,2002468.77,661052.74,750709.52,717796.69,2169490.91,161.81
2014-08-20,12900.94,5730.23,14057.40,2532919.45,689403.65,766418.73,735982.68,1999641.07,661059.09,753954.19,719351.34,2166427.34,162.25
2014-08-21,12658.93,5651.54,13829.03,2547198.90,688102.79,765415.23,734806.48,2006775.04,659811.72,752966.49,718201.47,2174156.35,162.72
2014-08-22,13370.23,5880.91,14498.19,2537527.75,692111.58,768908.98,738623.93,2002054.58,663655.68,756401.64,721931.81,2169042.16,162.47
2014-08-25,14092.36,6266.38,15364.87,2558354.76,696158.09,774713.41,743571.07,2012219.41,667535.82,762112.20,726767.41,2180054.83,163.29
2014-08-26,14125.41,6185.58,15283.83,2558314.96,695995.39,773377.02,742842.85,2012191.99,667379.81,760791.25,726052.64,2180025.12,163.40
2014-08-27,14221.33,6166.20,15311.77,2568289.15,696683.66,773190.73,743120.67,2016909.35,668039.78,760607.29,726323.85,2185135.94,163.33
2014-08-28,14400.10,6173.17,15416.66,2560027.54,697634.28,773641.55,743844.31,2013047.78,668951.32,761046.63,727029.15,2180952.28,163.24
2014-08-29,14423.56,6375.21,15681.50,2565108.62,697626.58,776601.56,745263.20,2015529.47,668943.93,763956.65,728415.11,2183640.97,163.71
2014-09-02,14229.48,6121.25,15263.67,2563233.66,695190.00,772449.45,741969.45,2014700.77,666607.53,759869.12,725194.37,2182743.14,163.62
2014-09-03,13901.55,6063.56,15015.86,2553140.53,692482.29,771413.25,740026.83,2010384.00,664011.15,758854.67,723298.00,2178066.32,163.53
2014-09-04,17344.99,7033.00,18075.95,2542765.59,705400.26,784658.35,753282.38,2005567.36,676397.99,771882.44,736253.08,2172847.94,163.30
2014-09-05,17475.39,7129.45,18267.84,2551430.92,706007.19,785998.08,754249.52,2009645.87,676979.96,773199.21,737197.82,2177266.63,164.03
2014-09-08,20886.20,7459.41,20473.30,2539679.51,720352.93,790857.81,764244.24,2004160.17,690735.89,777983.87,746968.51,2171323.38,163.61
2014-09-09,18925.55,6986.35,18863.18,2498329.85,713470.35,784053.28,757305.50,1985551.44,684136.28,771292.19,740187.63,2151162.53,162.57
2014-09-10,18953.46,7498.41,19568.37,2504105.91,712909.37,793312.65,761479.52,1988308.11,683598.37,780407.64,744270.55,2154149.13,163.18
2014-09-11,19071.30,7509.23,19643.32,2499909.21,713266.94,793345.67,761686.33,1986236.19,683941.24,780442.74,744473.94,2151904.39,163.37
2014-09-12,18501.09,7283.67,19054.64,2467717.80,710136.37,789311.23,758078.06,1971774.52,680939.37,776479.47,740949.86,2136236.50,162.42
2014-09-15,18775.48,7315.83,19238.01,2446364.16,711582.79,789364.39,758875.63,1962213.87,682326.33,776533.75,741730.35,2125878.42,162.29
2014-09-16,18005.90,7218.61,18715.91,2462298.79,707600.01,787117.60,755671.88,1969272.41,678507.29,774322.65,738598.59,2133525.70,163.52
2014-09-17,19649.30,7755.68,20266.26,2459234.14,716779.77,798247.65,765916.29,1967923.19,687309.63,785267.05,748609.28,2132063.94,163.74
2014-09-18,18181.37,7662.40,19387.36,2473487.76,708736.35,796232.92,760652.32,1974461.16,679596.92,783292.30,743467.70,2139147.23,164.61
2014-09-19,20465.03,8166.66,21242.88,2488236.34,720921.40,806412.57,772053.51,1981037.53,691280.98,793307.08,754611.59,2146272.12,164.46
2014-09-22,19215.18,7990.35,20364.88,2473758.65,715542.71,803311.91,767689.14,1974474.31,686123.44,790257.78,750346.28,2139161.48,163.19
2014-09-23,18471.69,7776.90,19698.89,2459475.31,712317.19,799378.63,764079.42,1968038.78,683030.53,786391.04,746819.35,2132189.17,162.26
2014-09-24,20310.16,7909.05,20846.57,2476561.87,721383.39,802492.69,770430.20,1975737.63,691723.98,789444.02,753021.69,2140530.16,163.53
2014-09-25,20931.26,8260.22,21628.12,2438920.60,724675.34,808846.76,775238.19,1958743.62,694880.58,795702.92,757724.92,2122118.72,160.89
2014-09-26,22785.20,8654.53,23102.17,2457869.87,734639.84,818688.18,785284.31,1967232.09,704435.39,805374.69,767539.47,2131315.20,162.17
2014-09-29,22688.07,8277.39,22549.57,2449307.73,733890.80,809259.72,780362.09,1963236.54,703717.15,796089.57,762723.72,2126986.39,161.87
2014-09-30,24378.73,8931.94,24281.32,2474278.42,743246.19,825783.53,793302.88,1974681.37,712687.89,812344.02,775371.79,2139385.80,161.45
2014-10-01,24850.65,8966.46,24563.25,2453988.26,744268.48,826588.64,794235.16,1964935.38,713668.15,813132.90,776281.51,2128826.93,159.26
2014-10-02,23968.86,8659.32,23706.77,2427133.57,740706.74,818683.35,788536.80,1951664.77,710252.85,805352.39,770710.09,2114449.44,159.28
2014-10-03,28801.38,9729.47,27561.48,2508634.50,763676.68,845779.06,813812.38,1991430.57,732278.39,831999.75,795410.84,2157532.02,161.04
2014-10-06,25260.85,8283.50,23819.37,2476322.74,744767.27,813175.15,788051.15,1975174.13,714146.43,797866.08,769246.96,2139919.66,160.85
2014-10-07,25887.73,8677.77,24681.79,2454737.10,745846.79,818223.60,791068.52,1964562.41,715181.57,803627.88,772582.03,2128422.84,158.37
2014-10-08,23746.76,8595.98,23544.85,2499124.63,734716.87,813843.43,783048.74,1986404.54,704509.26,798134.88,764177.20,2152086.78,161.14
2014-10-09,24182.89,9424.65,24895.95,2451421.04,737548.89,826560.88,790676.02,1962780.17,707224.84,811045.29,771830.54,2126491.95,157.94
2014-10-10,27106.52,10103.29,27297.21,2431732.20,748561.76,838182.69,802137.73,1953050.73,717784.91,822443.63,783016.53,2115950.99,156.14
2014-10-13,27008.63,10234.23,27424.80,2412163.16,745900.46,834446.97,798924.30,1943426.61,715233.03,818767.93,779874.88,2105524.15,153.57
2014-10-14,30774.56,11369.01,30857.23,2468758.28,760394.38,848290.84,813313.69,1970978.35,729131.04,832352.71,793921.67,2135373.92,153.81
2014-10-15,27904.90,11277.78,29294.75,2429332.76,746575.33,840815.31,802339.66,1951557.57,715880.17,824999.72,783200.75,2114333.30,152.77
2014-10-16,23341.92,10492.21,25879.33,2410977.72,729532.20,832113.50,789029.78,1942598.04,697798.80,816463.90,769258.22,2104626.47,152.64
2014-10-17,22025.22,10172.92,24755.65,2444650.21,725483.18,830386.49,786021.36,1959158.91,693062.55,814775.65,765852.26,2122568.65,154.44
2014-10-20,22249.32,10302.71,25039.50,2465170.86,724659.60,830009.01,785396.55,1969227.29,692054.31,814400.57,765118.91,2133476.81,155.94
2014-10-21,21258.66,10304.04,24483.68,2504832.45,722411.33,833611.93,785882.83,1988613.31,689315.94,817947.10,765271.13,2154479.79,159.03
2014-10-22,22755.63,11255.23,26475.79,2504710.48,728456.02,847789.53,795853.64,1988618.70,696705.69,831867.01,775884.88,2154485.62,157.90
2014-10-23,20881.54,10250.66,24204.02,2522370.26,722911.92,835973.67,787279.12,1997225.87,689715.94,820276.08,766587.37,2163810.70,159.73
2014-10-24,20608.62,10367.62,24183.93,2531901.69,720840.80,836496.92,786397.73,2001988.17,687067.76,820787.79,765354.81,2168970.21,160.96
2014-10-27,20784.64,10475.66,24413.22,2525146.51,720724.55,836142.31,786167.64,1998609.86,686921.94,820436.56,765109.84,2165310.13,160.74
2014-10-28,19354.27,9765.42,22745.58,2547903.23,715955.77,826833.27,779190.41,2009930.94,680825.49,811302.83,757455.76,2177575.47,162.59
2014-10-29,19531.34,9871.23,22972.85,2558539.12,719212.53,832237.99,783509.27,2015406.89,685301.98,816613.63,762425.09,2183508.16,162.34
2014-10-30,19305.70,10454.89,23519.32,2596233.34,717789.83,839897.01,786339.60,2034186.00,684625.97,824131.51,765558.55,2203853.60,163.38
2014-10-31,20306.99,10799.93,24517.33,2686645.58,721841.05,847213.24,791983.51,2079848.00,689739.80,831319.46,771756.27,2253324.19,165.25
2014-11-03,21875.35,11476.99,26232.61,2724748.02,726995.81,856780.52,799283.14,2099798.33,696347.24,840712.63,779812.91,2274938.53,165.34
2014-11-04,21160.55,11574.64,25915.62,2719762.98,724528.56,856294.00,797699.91,2097129.66,693155.38,840232.19,777802.87,2272047.27,164.77
2014-11-05,23256.66,11632.60,27264.07,2741072.04,731286.33,859053.19,802705.23,2108848.30,701801.86,842942.70,783908.62,2284743.34,165.81
2014-11-06,25199.69,11797.93,28596.73,2750855.67,740666.31,865709.15,810962.94,2114433.71,713737.94,849486.12,793617.48,2290794.62,166.47
2014-11-07,23693.24,11956.21,27933.80,2741475.07,735162.42,862907.63,806637.63,2109034.19,706780.50,846719.98,788457.32,2284944.74,166.63
2014-11-10,24721.34,12052.12,28651.90,2754138.54,738910.47,866082.89,810177.96,2116173.55,711503.49,849847.28,792547.76,2292679.59,167.15
2014-11-11,23536.04,11721.67,27572.22,2738911.97,733653.10,859726.51,804322.70,2107585.81,704791.61,843603.91,785898.35,2283375.55,167.31
2014-11-12,25317.66,12039.55,28989.66,2744092.63,742106.83,865273.34,811551.40,2110458.41,715593.71,849052.15,794458.73,2286487.75,167.13
2014-11-13,26231.55,12741.75,30358.28,2754967.57,746427.77,871779.88,816965.33,2116409.23,721163.11,855436.07,800537.05,2292934.92,167.32
2014-11-14,25147.05,12219.55,29108.64,2730691.42,743693.99,863174.46,811437.10,2102602.18,717693.76,846980.00,794654.75,2277976.25,167.36
2014-11-17,26102.60,12769.78,30317.04,2734871.01,747595.19,873155.03,818256.55,2105075.37,722631.54,856784.91,801987.98,2280655.73,167.47
2014-11-18,26565.46,12592.16,30374.99,2742750.76,749043.66,866538.52,815948.98,2109355.62,724629.62,850279.28,800051.96,2285292.98,168.44
2014-11-19,26829.33,12138.67,29978.88,2742653.75,749065.90,861605.52,813638.60,2109294.72,724645.74,845442.86,797785.50,2285227.00,168.17
2014-11-20,26498.12,12376.65,30087.71,2741662.50,747521.20,863767.31,813820.39,2108736.61,722775.51,847560.66,797755.21,2284622.34,168.46
2014-11-21,26700.78,13444.85,31501.16,2760399.65,748881.55,879473.84,821960.04,2119220.79,724516.64,862978.66,805972.08,2295980.99,169.36
2014-11-24,27082.89,13682.81,32005.34,2772910.76,749481.73,880124.25,822593.35,2126331.88,725234.01,863613.20,806667.40,2303685.20,169.84
2014-11-25,26957.23,14052.96,32364.00,2792695.37,748970.89,882490.38,823418.75,2137450.09,724586.01,865928.23,807388.21,2315730.76,169.72
2014-11-26,25929.63,14200.79,31917.37,2802748.76,743388.17,881706.89,819984.41,2142962.95,717399.33,865152.64,803022.66,2321703.44,170.15
2014-11-28,30721.13,16548.18,37504.32,2868378.41,764195.59,911434.09,845283.18,2180167.87,743288.63,894337.65,831056.84,2362011.55,169.79
2014-12-01,27122.50,15359.48,33960.71,2787939.58,748867.55,897843.04,830503.63,2134891.87,724155.80,880981.75,814155.38,2312959.16,168.61
2014-12-02,30329.02,16368.86,37084.09,2799008.91,761390.93,912776.52,844354.65,2140931.75,740213.31,895700.81,829983.24,2319502.81,169.70
2014-12-03,30805.20,17125.53,38232.33,2805288.27,762123.20,923109.63,849539.95,2144352.66,741162.18,905989.94,835282.32,2323209.05,170.35
2014-12-04,30654.82,17219.13,38243.49,2815510.41,761444.70,921001.15,848191.56,2149963.64,740289.43,903847.02,833802.70,2329288.04,170.17
2014-12-05,34132.67,17655.74,40897.75,2835359.85,775008.17,930190.78,859977.48,2160986.17,757630.43,913402.76,847976.05,2341229.93,170.44
2014-12-08,32795.81,18406.39,40966.23,2843249.33,769139.33,938745.48,860675.82,2165321.55,750115.47,922245.05,847874.97,2345926.92,169.31
2014-12-09,30572.70,18202.36,39350.71,2838279.35,761722.39,933452.57,854099.63,2162440.25,740643.27,916705.15,839975.05,2342805.30,169.19
2014-12-10,29282.10,18168.09,38483.09,2823596.48,756868.44,933546.79,851421.43,2154242.42,734427.32,916817.40,836501.67,2333923.71,166.48
2014-12-11,30761.43,18832.56,40158.90,2843903.56,761447.32,943058.28,858334.26,2165525.63,740308.03,927090.99,844537.49,2346148.02,167.32
2014-12-12,30831.98,19671.76,41099.71,2850938.25,761928.12,949276.60,861435.09,2169557.62,740872.82,934306.82,848146.29,2350516.31,164.62
2014-12-15,30659.70,19943.85,41269.12,2870455.92,762243.06,952842.16,863230.93,2180195.57,741345.15,938579.07,850355.79,2362041.56,163.49
2014-12-16,29256.45,20207.21,40597.19,2856106.31,755747.24,952132.48,859231.25,2172100.34,733009.74,937748.44,845198.97,2353271.12,162.18
2014-12-17,28570.81,20431.61,40346.89,2908960.36,753449.73,962349.04,862535.04,2201978.33,730026.06,949688.28,848859.52,2385641.18,165.36
2014-12-18,26262.62,18992.19,37295.88,2914111.38,745838.96,956370.90,855499.66,2204996.56,720088.18,953350.47,844718.43,2388911.15,169.44
2014-12-19,24681.96,19227.15,36404.23,2926721.70,740380.24,960383.16,854163.55,2212066.16,713083.31,958168.93,842744.51,2396570.41,170.17
2014-12-22,26568.19,19918.68,38449.91,2955707.25,746725.15,968579.09,861468.28,2228627.18,721295.16,967940.98,851894.46,2414512.76,170.95
2014-12-23,26092.98,18743.60,36971.90,2926974.89,745108.70,958080.22,855866.94,2211931.10,719206.51,955228.70,845066.94,2396424.09,171.18
2014-12-24,26831.86,19233.35,37978.39,2928483.10,747752.15,963317.47,859724.38,2212860.90,722573.70,961454.30,849798.98,2397431.44,171.20
2014-12-26,27416.35,19699.57,38852.33,2923895.64,749611.98,968825.01,863251.18,2210090.75,725035.18,968103.38,854184.88,2394430.24,171.75
2014-12-29,28601.86,20742.36,40720.66,2962735.53,753714.85,981917.54,871446.52,2232322.97,730348.77,983816.24,864246.87,2418516.80,171.98
2014-12-30,28284.83,20914.16,40663.61,2939205.27,752623.15,983642.98,871581.07,2218723.88,728933.41,985891.09,864320.79,2403783.45,171.06
2014-12-31,28539.04,21188.60,41113.15,2933417.33,753616.69,989061.04,874556.76,2215509.51,730164.05,992538.10,867964.08,2400300.97,169.36
2015-01-02,30760.58,22724.89,44203.78,2997804.32,761312.86,1010147.58,888345.05,2252891.91,740186.85,1018592.69,885313.49,2440801.36,169.27
2015-01-05,33964.24,24597.90,48327.31,3038813.77,771722.77,1034147.45,904971.50,2277641.07,753610.16,1048705.73,906427.51,2467614.81,166.21
2015-01-06,37933.72,26062.16,52589.78,3071253.65,782750.94,1050546.48,918612.98,2297343.81,767960.77,1070313.51,924395.95,2488960.91,164.65
2015-01-07,38059.43,26441.63,53059.79,3088908.86,783470.68,1057506.84,922078.43,2308246.67,768898.31,1079489.99,928922.92,2500773.16,166.70
2015-01-08,35910.41,25989.63,51108.27,3077080.41,778554.35,1054992.00,918088.99,2300838.49,762504.14,1076191.08,923641.07,2492747.07,169.65
2015-01-09,37917.32,26476.42,53015.03,3078428.82,783231.22,1057580.80,921972.95,2301635.73,768588.60,1079586.84,928783.41,2493610.81,168.30
2015-01-12,40634.35,27372.12,55811.23,3106405.88,791341.18,1067253.91,930962.63,2319037.79,779104.49,1092330.68,940619.10,2512464.34,166.98
2015-01-13,41269.76,27647.17,56528.01,3095772.20,793632.51,1073615.89,935085.20,2312340.01,782072.81,1100689.65,946009.94,2505207.92,166.51
2015-01-14,41037.74,27373.63,56089.47,3088598.71,791352.81,1069095.06,931773.44,2307845.00,779122.61,1094702.04,941652.55,2500337.98,165.50
2015-01-15,42771.37,25954.97,55820.77,3100587.80,792728.43,1030802.18,915896.15,2315154.57,780980.75,1044225.32,921065.62,2508257.24,163.99
2015-01-16,40701.64,25358.98,53829.28,3060014.59,786225.81,1022699.15,908539.79,2289749.86,772619.10,1033635.55,911464.50,2480733.56,166.14
2015-01-20,45371.08,26476.17,58102.75,3092022.38,799361.77,1033767.77,921046.10,2309637.65,789707.89,1048377.03,928043.93,2502280.16,166.49
2015-01-21,44030.95,26361.13,57118.42,3070980.62,796492.33,1028078.53,916858.53,2296723.29,785954.92,1040872.14,922517.00,2488288.64,167.33
2015-01-22,45612.39,28095.70,60023.38,3110313.63,802042.86,1044343.79,927306.02,2320991.77,793213.90,1062766.90,936479.71,2514581.30,169.82
2015-01-23,48906.17,29153.79,63320.84,3161514.85,811554.39,1059726.59,939633.98,2352765.79,805486.03,1083063.46,952666.41,2549005.53,168.89
2015-01-26,46069.82,27976.58,60206.24,3154684.15,804379.04,1053002.77,932499.17,2348375.21,796071.95,1073948.78,943090.63,2544248.74,169.28
2015-01-27,46431.13,28058.95,60530.97,3122095.02,803762.49,1046271.50,929161.32,2327697.81,795348.02,1065126.43,938788.13,2521846.69,167.05
2015-01-28,50154.28,29349.76,64350.16,3174022.80,813884.19,1060693.77,941415.72,2360230.33,808530.46,1084338.29,955034.61,2557092.68,164.91
2015-01-29,46588.47,26944.14,59425.43,3204283.25,805616.32,1046908.93,930516.67,2379369.91,797652.92,1065652.00,940381.34,2577828.65,166.43
2015-01-30,50924.95,27674.88,62996.92,3207927.98,814505.39,1051319.34,937610.32,2381411.42,809370.02,1071556.71,949893.49,2580040.44,164.34
2015-02-02,49331.26,26399.86,60560.00,3188833.30,809560.38,1040230.39,929819.32,2369081.88,802976.98,1056715.58,939563.95,2566682.52,166.38
2015-02-03,40217.08,22736.94,50764.35,3118577.79,786150.92,1013393.45,904381.65,2324115.45,772222.89,1020592.78,905512.21,2517965.52,168.78
2015-02-04,41712.37,23410.05,52459.50,3158818.36,789268.60,1020173.07,909200.09,2349038.19,776388.69,1029740.64,912012.81,2544967.02,168.14
2015-02-05,38687.93,22371.27,49393.75,3130943.14,782166.97,1009782.00,900479.35,2331451.49,767083.46,1015859.48,900400.37,2525913.45,169.84
2015-02-06,35196.30,21529.02,46235.03,3099679.42,775146.65,1008726.27,895967.51,2311785.03,757820.00,1014431.10,894330.63,2504606.64,169.37
2015-02-09,34326.02,21187.02,45296.18,3072948.90,772960.94,1006659.44,893786.41,2294982.96,754979.14,1011706.89,891453.50,2486403.14,168.61
2015-02-10,34580.47,20877.41,45133.10,3100663.22,773737.25,1004698.51,893364.71,2312269.72,755943.05,1009020.96,890839.23,2505131.76,170.40
2015-02-11,35095.99,20944.93,45542.50,3117365.95,774831.91,1005584.93,894390.76,2322534.07,757435.20,1010277.49,892273.12,2516252.24,170.50
2015-02-12,33359.46,20494.33,43925.90,3086661.33,770333.69,998603.61,888689.93,2303292.04,751538.60,1000954.79,884683.09,2495405.28,172.14
2015-02-13,33629.40,20566.63,44181.11,3064613.09,771189.73,999875.49,889749.65,2289570.86,752605.81,1002580.39,886029.61,2480539.64,172.85
2015-02-17,33815.79,20481.19,44211.77,3040230.08,771504.00,998531.69,889333.05,2274531.99,753017.71,1000785.86,885479.11,2464246.40,173.12
2015-02-18,33854.74,20562.76,44325.28,3071794.56,771687.00,999800.03,890003.34,2293880.75,753257.25,1002479.62,886369.26,2485209.01,173.14
2015-02-19,34823.05,20706.48,45114.08,3073957.99,774121.06,1002080.20,892421.86,2295063.16,756447.33,1005524.60,889592.32,2486490.04,173.02
2015-02-20,34746.02,20638.05,44989.63,3090040.98,773703.37,1000794.58,891608.63,2304913.35,755958.74,1003880.59,888577.78,2497161.81,174.05
2015-02-23,35415.13,20811.37,45611.72,3120384.99,775651.76,1003723.52,894035.97,2323758.13,758455.48,1007719.10,891743.98,2517578.40,174.03
2015-02-24,35713.19,20744.63,45730.53,3127421.70,776138.18,1002700.94,893860.89,2328045.94,759150.25,1006424.53,891579.62,2522223.85,174.52
2015-02-25,34892.55,20598.55,45044.11,3113674.23,774207.72,1001375.60,892158.52,2319495.29,756562.70,1004574.08,889240.51,2512960.01,174.38
2015-02-26,36692.91,20965.91,46607.85,3140498.66,779286.38,1010698.92,899237.94,2336112.09,763277.38,1017069.66,898717.11,2530962.78,174.17
2015-02-27,36232.63,20735.30,46059.20,3140451.08,778351.92,1010385.03,898559.16,2336109.37,761994.00,1016550.21,897732.05,2530959.83,173.58
2015-03-02,38195.25,21235.54,47862.23,3143346.02,783074.92,1012606.20,902273.03,2337979.14,768244.53,1019638.47,902777.68,2532985.56,174.67
2015-03-03,38371.61,21510.51,48282.60,3132938.66,783701.18,1014294.87,903386.16,2331190.82,769009.05,1021845.64,904203.99,2525631.04,173.96
2015-03-04,39059.12,21553.38,48763.26,3126351.69,785922.83,1019300.71,906895.87,2326853.20,771920.81,1028491.77,908856.31,2520931.62,173.22
2015-03-05,40757.32,22169.93,50520.76,3146595.74,790412.50,1024124.39,911632.11,2340152.13,777806.86,1034983.13,915189.55,2535339.79,173.41
2015-03-06,43008.18,22513.67,52307.45,3136153.77,796852.90,1034150.21,919808.45,2332948.94,786303.87,1048409.38,926124.58,2527535.80,170.97
2015-03-09,43466.60,22593.87,52679.39,3146250.55,798153.80,1034637.27,920775.87,2339729.31,787952.51,1048996.58,927354.84,2534881.71,171.68
2015-03-10,46088.88,23647.81,55497.10,3174337.99,805635.41,1046665.72,930443.74,2358396.37,797761.27,1065121.66,940254.50,2555105.75,168.90
2015-03-11,48694.81,24743.32,58351.52,3212081.64,813161.72,1059300.77,940405.91,2383801.49,807628.38,1082073.02,953551.32,2582629.86,168.50
2015-03-12,47390.80,24355.71,57113.18,3221043.68,809241.40,1053384.31,935512.82,2389872.79,802545.73,1074230.95,947095.50,2589207.56,170.64
2015-03-13,49857.18,26191.83,60752.18,3243654.48,816482.14,1068114.78,946239.18,2405348.58,811988.13,1094012.73,961387.36,2605974.15,169.60
2015-03-16,48422.05,25132.44,58649.17,3251008.92,812274.09,1059064.57,939792.00,2410363.55,806466.90,1081826.33,952764.28,2611407.41,171.86
2015-03-17,48755.19,25910.00,59758.18,3270481.85,813030.98,1061264.17,941205.80,2423814.66,807461.21,1084881.12,954696.80,2625980.45,171.35
2015-03-18,41341.63,22639.37,51443.21,3255202.14,792164.47,1035411.75,917663.84,2413085.87,780001.46,1049972.16,923103.40,2614356.80,173.41
2015-03-19,44556.68,24239.59,55261.60,3290604.20,801548.98,1051704.28,930319.33,2437685.58,792311.57,1071885.62,940020.51,2641008.32,172.62
2015-03-20,40204.62,21644.32,49604.42,3255093.19,789899.75,1033728.38,915608.40,2413242.07,777006.53,1047558.67,920274.24,2614526.02,174.14
2015-03-23,39668.69,19844.11,47210.93,3211293.56,787755.54,1019245.62,907951.74,2383205.89,774272.36,1028084.45,910101.09,2581984.58,173.81
2015-03-24,37432.25,20436.75,46585.09,3237567.08,782373.65,1023657.47,906815.26,2400867.79,767101.17,1033967.04,908490.24,2601119.63,172.83
2015-03-25,36941.12,20455.75,46301.13,3196527.74,780996.39,1021341.05,904991.09,2373193.14,765339.52,1030963.01,906127.32,2571136.69,170.30
2015-03-26,37552.07,21361.95,47709.59,3167888.91,782515.81,1028613.64,909093.46,2353882.47,767347.46,1040772.79,911626.95,2550215.36,169.89
2015-03-27,36844.27,21585.78,47509.92,3210812.20,780725.97,1029015.68,908231.45,2382483.17,764982.19,1041342.25,910471.35,2581201.59,170.28
2015-03-30,36836.22,21806.32,47747.42,3256380.04,780555.40,1033560.72,910138.01,2412815.83,764815.06,1047490.69,913059.76,2614064.24,172.36
2015-03-31,36852.34,22846.44,48896.60,3271114.53,780896.95,1041104.37,913658.55,2422811.23,765149.72,1057539.67,917639.19,2624893.33,170.85
2015-04-01,36836.22,21749.50,47712.06,3258219.48,780555.40,1035829.13,911144.00,2413707.69,764815.06,1050496.06,914382.60,2615030.48,170.25
2015-04-02,36844.27,20099.04,45906.96,3242670.93,780725.97,1023982.85,906033.40,2402932.95,764982.19,1034411.04,907482.07,2603357.04,170.86
2015-04-06,36844.27,19055.48,44715.19,3237272.32,780725.97,1012907.96,901133.79,2398970.29,764982.19,1019520.72,900950.48,2599063.87,172.01
2015-04-07,37013.75,19059.65,44822.93,3248135.32,781328.15,1013129.78,901579.99,2406444.78,765717.31,1019743.99,901482.03,2607161.79,171.55
2015-04-08,36269.27,19059.65,44372.15,3276460.44,779328.43,1013129.78,900426.25,2425841.67,763085.05,1019743.99,899932.54,2628176.53,172.13
2015-04-09,36234.23,19055.48,44345.86,3286796.71,779082.82,1012907.96,900185.78,2432827.28,762819.28,1019520.72,899677.30,2635744.80,172.90
2015-04-10,36489.04,19037.16,44480.48,3284902.49,779778.86,1012818.06,900547.96,2431480.84,763735.56,1019397.55,900163.30,2634286.05,173.84
2015-04-13,36466.43,18982.49,44402.83,3295370.80,779564.85,1012345.91,900214.47,2438735.76,763511.47,1018831.11,899781.14,2642146.09,173.05
2015-04-14,36452.24,18832.91,44219.24,3284398.72,779684.91,1011805.65,900043.58,2431119.38,763612.79,1018010.42,899478.44,2633894.45,173.38
2015-04-15,35707.07,17913.34,42687.70,3257572.30,777490.32,1006996.85,896638.09,2412465.50,760783.98,1011504.38,894938.13,2613684.68,174.16
2015-04-16,36116.62,17856.88,42865.24,3227359.04,778794.51,1006911.71,897352.21,2391542.27,762442.78,1011306.48,895826.23,2591016.28,174.11
2015-04-17,35468.01,17512.83,42067.39,3223012.52,776825.59,1004960.30,895348.34,2388420.96,759910.78,1008718.44,893192.51,2587634.63,172.11
2015-04-20,35303.02,17489.06,41941.00,3258468.15,776379.76,1004842.79,895039.07,2412513.37,759324.29,1008557.80,892776.70,2613736.55,173.68
2015-04-21,33345.18,17117.99,40333.08,3259719.46,770941.70,1003141.57,891146.81,2413237.05,752114.12,1006152.64,887473.50,2614520.59,173.47
2015-04-22,34312.89,17437.07,41294.24,3249558.02,773557.08,1004588.71,893301.19,2406225.49,755609.49,1008210.65,890443.34,2606924.21,174.33
2015-04-23,35538.42,17658.31,42293.64,3238375.13,777114.20,1005755.67,895873.90,2398555.09,760292.92,1009807.19,893907.95,2598614.03,174.77
2015-04-24,35868.73,17529.88,42336.39,3245271.22,778067.56,1005077.69,896121.47,2403173.47,761544.52,1008880.37,894233.51,2603617.62,175.17
2015-04-27,33578.28,17792.31,41301.55,3215878.37,771538.81,1006659.55,893066.99,2383256.44,752914.58,1010963.63,890089.97,2582039.35,174.44
2015-04-28,34553.63,18404.78,42612.27,3171212.93,774406.31,1009944.14,896183.55,2353015.44,756682.89,1015452.96,894293.69,2549276.01,175.00
2015-04-29,35222.63,18113.86,42688.00,3121625.54,776389.54,1008373.21,896634.12,2319662.19,759290.98,1013305.68,894889.35,2513140.82,174.28
2015-04-30,35397.55,18805.28,43608.72,3093980.08,776941.38,1012150.65,898632.20,2301388.04,760023.80,1018472.54,897602.73,2493342.46,172.53
2015-05-01,35178.01,18241.30,42819.55,3120100.80,776128.84,1008879.22,896710.03,2318667.94,759003.02,1014076.79,895062.91,2512063.65,174.40
2015-05-04,36009.25,18508.62,43639.22,3109504.56,778768.73,1010536.50,898971.56,2311539.99,762409.62,1016260.16,898035.11,2504341.17,174.90
2015-05-05,37629.23,19875.88,46232.68,3060051.51,783673.12,1018104.21,905168.36,2278350.71,768860.43,1026605.21,906405.07,2468383.63,172.90
2015-05-06,38356.08,19735.33,46515.74,3012936.10,785864.97,1017157.43,906013.31,2246916.65,771734.40,1025313.96,907529.09,2434327.71,172.18
2015-05-07,35114.37,17780.06,42245.80,3059695.21,775751.89,1006464.73,895421.53,2277482.66,758502.54,1010764.08,893309.80,2467443.18,172.87
2015-05-08,34655.72,17290.44,41388.23,3081624.26,774488.63,1003998.61,893595.45,2291865.82,756788.82,1007307.97,890773.40,2483026.02,175.15
2015-05-11,36321.14,17725.03,42902.85,3032982.09,779435.45,1005402.38,897073.94,2259548.36,763333.71,1009325.08,895517.09,2448013.01,174.31
2015-05-12,38450.95,19305.36,46073.30,3005888.96,786162.42,1014660.16,905075.22,2241531.53,772115.96,1021894.86,906244.84,2428493.43,173.79
2015-05-13,39481.22,20192.92,47749.65,2969225.58,789343.22,1019465.50,909049.35,2217709.44,776288.54,1028466.52,911607.52,2402684.39,173.82
2015-05-14,38398.71,19441.27,46206.34,2982576.84,785803.40,1015052.39,905043.46,2226082.97,771693.58,1022520.37,906274.28,2411756.34,175.63
2015-05-15,35547.78,17824.44,42569.66,3015601.91,776923.53,1006483.29,896109.60,2247186.67,760033.78,1010802.29,894234.72,2434620.25,175.82
2015-05-18,34219.00,17016.94,40809.76,3015450.94,772746.62,1001211.16,891353.78,2247066.75,754529.30,1003615.84,887817.66,2434490.33,176.37
2015-05-19,31662.53,15399.48,37345.85,3040289.30,764702.41,991506.92,882394.60,2263143.16,743947.12,990369.71,875733.01,2451907.65,176.31
2015-05-20,31551.02,15745.01,37699.07,3048031.53,764359.07,993591.19,883123.96,2268135.33,743499.82,993214.69,876727.58,2457316.21,176.19
2015-05-21,30065.31,15359.59,36350.05,3054519.10,759844.01,992003.59,879810.12,2272450.79,737524.16,990963.45,872210.75,2461991.61,176.70
2015-05-22,30697.86,14302.80,35481.93,3082340.12,761809.04,985655.97,878132.89,2290734.97,740091.23,982306.08,869918.73,2481800.84,176.28
2015-05-26,30580.44,12606.78,33310.36,3120848.04,761322.75,976209.28,873644.53,2316099.15,739427.83,969400.09,863814.15,2509280.60,174.38
2015-05-27,32285.69,12367.34,33922.77,3153288.51,766718.33,974922.17,876164.41,2337864.97,746481.21,967634.04,867147.25,2532861.86,176.04
2015-05-28,32445.87,12568.85,34283.27,3152045.30,767074.80,976021.77,876862.19,2336880.14,747003.83,969207.72,868155.93,2531794.89,175.84
2015-05-29,32497.47,12152.83,33743.17,3134227.61,767215.66,974424.94,876225.40,2324693.18,747182.36,967005.66,867273.44,2518591.44,174.75
2015-06-01,33640.48,12564.46,34908.03,3149918.57,770922.73,978082.77,879986.90,2335160.01,752027.81,971953.14,872304.16,2529931.29,175.10
2015-06-02,31899.61,11972.26,33182.14,3082859.25,765418.93,972416.88,874296.86,2290709.71,744786.79,964225.03,864636.71,2481773.48,174.93
2015-06-03,32521.07,12171.33,33781.24,3079366.89,767443.14,974287.90,876294.05,2288393.35,747431.87,966751.84,867304.99,2479263.91,175.39
2015-06-04,31046.12,11743.68,32421.71,3105800.57,762423.71,969814.93,871416.83,2305607.20,740928.70,960797.58,860861.03,2497913.53,173.91
2015-06-05,34779.57,12911.32,35982.96,3115921.68,774704.76,982221.17,884008.92,2311898.26,757028.55,977528.51,877709.32,2504729.33,173.62
2015-06-08,31981.60,11972.22,33226.96,3074078.87,765341.06,972646.87,874358.02,2283994.13,744949.14,964680.49,864938.77,2474497.76,172.55
2015-06-09,32642.31,12205.05,33893.27,3046372.46,767468.01,975427.59,876822.84,2265545.09,747752.13,968416.43,868240.84,2454509.92,172.52
2015-06-10,30431.90,11614.87,31926.24,3015025.96,760450.43,970882.62,870771.33,2244765.06,737557.96,962174.70,859524.41,2431996.67,174.59
2015-06-11,27488.66,10772.81,29225.07,3064031.42,750993.64,961096.33,860968.38,2276449.29,725238.09,948946.75,846437.47,2466323.62,175.15
2015-06-12,27581.90,10731.01,29217.93,3067035.67,751154.49,960413.00,860754.51,2278140.31,725502.58,948102.48,846215.28,2468155.68,173.81
2015-06-15,26667.54,10588.66,28539.84,3063172.59,748329.10,958910.04,858462.19,2275637.24,721755.32,946005.52,843094.10,2465443.84,173.07
2015-06-16,26292.14,10414.04,28103.64,3076547.74,746806.61,956492.83,856506.90,2284257.59,719882.59,942911.05,840621.40,2474783.19,174.01
2015-06-17,25028.16,10237.77,27190.25,3058746.42,742905.72,954355.38,853312.95,2272730.96,714701.81,939902.64,836255.53,2462295.15,174.29
2015-06-18,25048.05,10523.92,27581.05,3058535.12,742609.29,957718.37,854646.17,2272244.07,714413.71,944557.06,838157.55,2461767.65,176.11
2015-06-19,23980.83,10027.99,26343.61,3081075.57,739037.68,951613.18,849866.88,2286851.61,709751.94,936345.81,831779.79,2477593.58,175.32
2015-06-22,23375.28,10162.07,26187.12,3070177.16,737045.77,953305.67,849477.33,2279781.32,707126.59,938559.02,831224.45,2469933.56,176.22
2015-06-23,20898.33,9747.65,24265.70,3072286.56,727889.82,947289.19,841520.42,2281085.41,695350.27,930595.27,820776.43,2471346.43,176.35
2015-06-24,20786.14,9644.34,24071.98,3075546.45,727373.45,945826.75,840572.35,2283209.66,694689.98,928637.34,819523.30,2473647.86,175.07
2015-06-25,20624.05,9680.50,24023.24,3054698.32,726876.62,946467.20,840569.86,2269658.87,693995.41,929422.29,819459.97,2458966.83,174.53
2015-06-26,20684.83,9897.31,24327.67,3050609.62,726772.13,949182.00,841714.97,2266930.41,693922.75,933135.33,821053.95,2456010.78,174.50
2015-06-29,20799.93,9279.66,23636.26,3045502.16,726966.25,940314.35,837895.55,2263637.27,694138.79,921221.15,815940.18,2452442.98,170.84
2015-06-30,22713.63,9786.57,25369.15,3039082.29,736177.90,947962.49,846611.75,2259457.73,705947.52,931411.35,827393.41,2447914.83,171.20
2015-07-01,21195.22,9277.14,23860.91,3076310.89,730197.28,940703.62,839931.46,2284011.52,698226.73,921716.85,818562.98,2474516.60,172.57
2015-07-02,21454.01,9347.87,24097.54,3071292.01,730917.94,941594.24,840743.55,2280565.20,699169.03,922916.69,819648.11,2470782.82,172.41
2015-07-06,23388.54,9900.47,25896.26,3138318.59,738845.00,949530.21,848845.62,2325691.75,709405.82,933510.62,830352.76,2519673.30,171.92
2015-07-07,25649.34,10634.62,28107.99,3190465.98,747993.25,960038.40,858797.72,2360657.03,721821.95,947589.44,843880.76,2557554.96,173.00
2015-07-08,25803.08,10672.17,28241.86,3187575.04,748758.26,960775.94,859566.77,2358537.20,722214.75,948552.19,844539.06,2555258.32,170.10
2015-07-09,21878.80,9776.69,24909.42,3147519.33,732367.09,947557.43,844245.29,2330378.51,702688.07,930955.95,825288.71,2524750.98,170.41
2015-07-10,20839.51,9876.69,24445.17,3118374.77,727725.99,949016.34,842220.17,2309937.03,697157.45,932909.71,822906.92,2502604.51,172.56
2015-07-13,20752.78,9858.61,24371.93,3139535.20,728450.53,949118.02,842684.56,2324481.03,697738.95,933010.56,823294.59,2518361.60,174.46
2015-07-14,21128.52,9939.86,24692.99,3142156.40,730285.95,950460.73,844342.25,2326304.06,700034.00,934718.11,825401.99,2520336.68,175.22
2015-07-15,22000.72,10361.83,25726.81,3175621.61,734625.90,957137.03,849816.58,2349289.58,705651.91,943632.21,832649.78,2545239.38,175.16
2015-07-16,22273.94,10441.55,25985.52,3197355.54,735732.67,958350.27,850995.34,2364327.60,707087.62,945245.17,834208.46,2561531.69,176.56
2015-07-17,22941.33,10564.87,26528.27,3221951.83,738453.87,960260.02,853417.01,2381455.59,710551.75,947721.88,837344.81,2580088.29,176.71
2015-07-20,24761.46,10885.48,27983.15,3255987.91,746708.83,965005.48,860295.78,2405256.13,721202.68,954100.03,846438.22,2605873.99,176.80
2015-07-21,24637.15,10837.00,27850.59,3248029.01,745634.36,964108.95,859277.20,2399554.43,719787.60,952856.17,845056.07,2599696.73,176.11
2015-07-22,26387.98,11540.25,29743.85,3281146.88,753115.44,975016.49,868448.60,2423233.47,729472.59,967431.11,857204.34,2625350.79,175.79
2015-07-23,28120.30,12096.74,31437.31,3298448.79,760101.86,983505.68,876257.43,2435684.84,738475.77,978728.57,867499.29,2638840.71,174.80
2015-07-24,27618.33,11945.78,30960.56,3310576.84,758121.69,981281.04,874125.02,2444294.07,735875.18,975695.19,864627.49,2648168.02,172.99
2015-07-27,29085.95,12451.83,32438.95,3328217.48,763942.29,989059.05,880944.96,2457192.66,743430.53,986109.76,873680.65,2662142.45,171.98
2015-07-28,26131.38,11607.25,29691.24,3300013.31,751960.71,975877.61,868166.36,2436423.26,727970.77,968569.03,856826.05,2639640.71,174.09
2015-07-29,25675.33,11523.63,29325.20,3298777.21,749805.63,974456.40,866290.12,2435441.40,725153.53,966632.11,854311.37,2638576.96,175.29
2015-07-30,27852.59,12038.99,31224.33,3319907.42,758517.12,982538.93,874915.22,2450869.95,736400.83,977377.11,865684.87,2655292.38,175.33
2015-07-31,29833.58,12672.82,33156.68,3341109.65,766484.83,992544.38,883965.17,2466362.90,746688.15,990687.90,877626.40,2672077.57,175.07
2015-08-03,32460.48,13220.12,35332.39,3368736.20,777436.08,1001560.83,894295.10,2486002.88,760816.55,1002643.90,891225.13,2693355.68,174.48
2015-08-04,30561.98,12856.21,33812.87,3344494.48,770273.18,996011.28,887697.70,2470244.77,751583.41,995284.18,882546.32,2676283.21,174.14
2015-08-05,30183.79,12911.70,33676.63,3348633.29,769436.87,997225.49,887756.89,2472865.15,750462.03,996849.99,882582.15,2679122.15,174.71
2015-08-06,31564.09,13078.44,34664.09,3340627.59,773983.47,999432.60,891362.18,2467574.63,756386.09,999838.69,887388.71,2673390.36,173.28
2015-08-07,33076.09,13500.24,36053.32,3341317.25,778648.57,1005825.76,896899.41,2468023.20,762506.19,1008400.69,894778.27,2673876.35,172.95
2015-08-10,27952.25,12133.41,31435.69,3294511.35,759143.81,984579.48,876193.26,2437720.06,737151.34,980024.40,867312.21,2641045.67,175.12
2015-08-11,33372.27,13361.76,36074.65,3328314.22,779387.25,1002806.46,895985.85,2459420.76,763454.71,1004462.25,893599.75,2664556.40,173.54
2015-08-12,30463.25,12636.53,33523.36,3308543.71,769376.28,992193.82,885490.45,2446774.37,750418.22,990308.40,879674.51,2650855.19,173.75
2015-08-13,31159.65,12930.13,34295.98,3327011.32,772330.94,997154.30,889404.24,2458674.88,754233.32,996858.59,884819.84,2663748.30,173.54
2015-08-14,31277.30,13111.64,34601.45,3340023.86,772737.56,999582.62,890721.33,2467017.24,754795.02,1000178.91,886622.88,2672786.48,174.17
2015-08-17,32498.94,13576.06,35889.99,3374747.54,776863.96,1005865.62,895898.91,2489507.72,760131.34,1008600.51,893489.77,2697152.84,175.14
2015-08-18,31751.92,13464.58,35330.15,3382171.94,774692.44,1005012.80,894267.00,2494223.71,757198.97,1007331.01,891204.05,2702262.19,174.63
2015-08-19,34812.79,14430.92,38300.86,3378591.59,785542.50,1018048.89,906329.19,2491915.02,771264.86,1024767.56,907194.86,2699760.94,173.25
2015-08-20,35316.59,14563.92,38754.50,3325722.64,786600.32,1018663.47,907212.99,2457029.23,772740.55,1025753.94,908499.36,2661965.39,169.64
2015-08-21,38258.46,15539.60,41666.75,3312349.14,796914.42,1032645.13,919386.77,2448155.92,786665.90,1044444.08,924962.10,2652351.98,164.53
2015-08-24,48678.87,16466.27,48583.47,3278988.59,833233.64,1048572.61,947427.50,2426459.65,815728.36,1066908.14,951995.03,2628846.06,157.60
2015-08-25,44064.33,15071.36,44222.88,3258494.39,818048.88,1031569.85,931113.25,2413130.01,799470.66,1043995.19,932285.73,2614404.62,155.75
2015-08-26,40744.11,14587.97,41847.62,3346903.10,808992.66,1025996.36,923443.93,2470653.19,789175.82,1036352.12,922870.55,2676725.69,161.73
2015-08-27,32940.08,12881.47,35392.26,3336376.21,785622.30,1001964.88,899290.89,2463452.32,760629.54,1004312.37,891913.71,2668924.22,165.73
2015-08-28,28426.42,11522.75,31100.86,3319862.39,773316.88,983843.62,884115.81,2452616.34,744588.30,980008.68,871716.88,2657184.43,165.74
2015-08-31,26308.32,10800.32,28967.21,3278500.88,767889.65,975078.97,877075.28,2425525.39,737528.91,968251.14,862355.38,2627833.87,164.40
2015-09-01,27877.28,11690.70,31025.02,3284064.58,772019.81,985922.62,884310.88,2430186.04,742908.68,982819.05,871987.84,2632883.26,159.49
2015-09-02,27630.37,11301.61,30371.33,3289511.76,771345.23,981107.63,881765.16,2433967.81,742084.81,976417.55,868664.53,2636980.46,162.52
2015-09-03,27861.40,10949.75,30025.52,3281839.91,771914.17,976363.71,879958.56,2428610.59,742769.06,970018.63,866218.63,2631176.41,162.63
2015-09-04,29816.50,11800.00,32244.75,3310765.32,776942.88,987186.77,887702.05,2448867.73,749358.02,984583.88,876563.98,2653123.16,160.17
2015-09-08,25343.91,10624.49,28220.23,3269981.98,765213.34,971690.11,874033.73,2420169.97,734159.63,963849.16,858444.85,2622031.77,164.20
2015-09-09,24508.49,10790.91,27976.12,3290761.25,763071.73,973319.68,873543.55,2434529.73,731368.63,966058.03,857796.77,2637589.25,162.00
2015-09-10,24265.22,10297.19,27197.28,3261689.78,762200.68,967193.51,870295.88,2414142.34,730295.95,957903.90,853547.54,2615501.38,162.88
2015-09-11,24529.70,10715.45,27897.86,3262191.89,763125.94,972403.87,873168.31,2414586.38,731439.34,964828.29,857300.74,2615982.47,163.62
2015-09-14,24585.64,11236.48,28607.93,3272447.54,763284.01,978534.84,876011.38,2421715.69,731645.27,973072.39,861084.08,2623706.41,163.02
2015-09-15,24575.32,10706.45,27927.20,3282773.14,763117.58,972148.38,873057.21,2428821.06,731483.54,964550.96,857218.55,2631404.43,165.05
2015-09-16,23651.06,9929.62,26388.88,3243534.65,760276.11,962334.78,867025.15,2401452.25,727803.07,951396.50,849216.66,2601752.84,166.48
2015-09-17,23094.02,9944.22,26097.52,3221190.43,758537.50,962519.02,866116.78,2386048.48,725551.65,951643.65,848013.46,2585064.27,166.11
2015-09-18,23094.02,9725.59,25810.63,3251833.47,758537.50,959120.20,864587.57,2406817.11,725551.65,947128.77,846001.85,2607565.17,163.40
2015-09-21,23099.09,9441.23,25436.13,3265799.26,758703.73,955912.09,863236.35,2416306.90,725710.65,942741.19,844134.99,2617846.48,164.24
2015-09-22,23099.09,9373.69,25345.15,3311570.34,758703.73,955078.08,862859.78,2447889.83,725710.65,941620.32,843633.17,2652063.69,162.11
2015-09-23,23072.51,9531.81,25544.34,3333741.80,758464.45,956804.37,863503.52,2463484.74,725457.99,944017.08,844559.99,2668959.34,161.85
2015-09-24,22651.23,9548.86,25333.98,3314761.43,757017.05,956665.32,862616.84,2449888.08,723602.10,943847.70,843403.93,2654228.61,161.26
2015-09-25,22146.66,9387.15,24837.30,3323605.09,755286.04,954623.13,860709.90,2456173.85,721382.58,941104.88,840884.97,2661038.66,161.22
2015-09-28,22485.57,9805.64,25580.98,3361727.33,756632.57,960334.68,864051.96,2483207.31,723055.14,948689.11,845248.07,2690326.94,157.18
2015-09-29,22421.30,9640.73,25329.32,3351974.07,756196.42,958255.68,862867.65,2476033.60,722497.34,945895.33,843677.46,2682554.88,157.27
2015-09-30,21408.75,9298.14,24307.33,3345709.31,751969.87,952833.94,858015.25,2471428.82,717135.63,938732.56,837352.60,2677566.03,160.20
2015-10-01,20680.41,9008.77,23515.61,3354803.88,749308.97,948334.59,854471.37,2477601.32,713671.87,932664.04,832623.82,2684253.36,160.62
2015-10-02,20963.58,9073.72,23761.37,3310403.63,750261.10,948699.20,855178.51,2446050.46,714897.61,933183.01,833570.50,2650070.90,163.02
2015-10-05,19678.07,8679.37,22516.49,3267366.27,744793.73,943197.41,849582.83,2415404.08,707952.47,925886.30,826262.57,2616868.37,165.92
2015-10-06,19301.87,8247.28,21740.79,3221700.49,743006.89,937218.61,845871.01,2383906.00,705666.23,917879.60,821355.82,2582743.08,165.35
2015-10-07,18933.99,8323.79,21634.45,3197801.61,741115.71,938480.17,845363.81,2367210.28,703252.81,919545.02,820696.42,2564654.81,166.71
2015-10-08,18511.54,8102.73,21105.83,3176716.86,739364.94,934769.70,842694.13,2353193.87,701007.63,914625.22,817190.89,2549469.32,168.21
2015-10-09,19074.57,8188.76,21538.83,3146987.63,742340.27,936222.12,845044.39,2333261.83,704797.85,916550.14,820260.02,2527874.78,168.31
2015-10-12,18928.46,8195.34,21464.99,3166534.66,741107.15,936316.99,844385.34,2345839.51,703232.48,916675.88,819405.38,2541501.54,168.47
2015-10-13,19199.56,8215.17,21644.67,3188492.85,742580.71,936655.87,845377.59,2359977.34,705105.56,917124.98,820697.35,2556818.59,167.41
2015-10-14,20444.83,8452.26,22658.93,3149555.82,749178.19,941039.87,851111.38,2334290.49,713508.69,922928.83,828184.52,2528989.24,166.61
2015-10-15,20168.02,8354.68,22374.75,3145607.41,747985.60,939023.35,849522.04,2331624.93,711977.17,920263.34,826099.75,2526101.36,169.16
2015-10-16,19296.74,8133.19,21594.85,3168758.15,743109.67,934491.22,844703.05,2346683.88,705764.49,914269.71,819805.32,2542416.34,169.93
2015-10-19,18437.76,7872.86,20768.60,3202292.56,738335.15,929236.31,839614.41,2368527.77,699679.19,907316.43,813153.60,2566082.19,170.02
2015-10-20,19021.27,8027.29,21300.94,3185948.30,741814.46,932252.64,842955.41,2357642.20,704149.95,911374.29,817569.89,2554288.67,169.80
2015-10-21,17847.76,7696.31,20204.73,3229658.05,734909.46,925643.27,836044.05,2386574.35,695312.45,902565.49,808488.32,2585634.00,168.75
2015-10-22,17685.26,7775.71,20216.97,3232382.15,733877.82,927073.77,836103.26,2388355.36,694003.82,904460.71,808576.34,2587563.56,171.60
2015-10-23,17128.63,7782.28,19907.36,3240736.78,730932.82,927191.88,834478.91,2393942.36,690250.19,904617.16,806459.62,2593616.57,173.48
2015-10-26,17530.04,7776.11,20132.72,3253010.41,732786.53,926898.34,835404.97,2402106.34,692667.58,904298.96,807729.97,2602461.48,173.05
2015-10-27,17889.22,7789.30,20356.06,3275189.00,734783.15,927141.80,836652.80,2416969.05,695204.94,904621.48,809353.43,2618563.86,172.72
2015-10-28,17161.51,7615.62,19715.09,3278119.80,730664.11,922737.53,832320.54,2418950.62,689955.68,898840.46,803711.75,2620710.72,174.68
2015-10-29,15333.25,7126.05,18031.24,3286311.93,720351.58,912715.00,821926.67,2424447.50,676843.90,885605.33,790157.77,2626666.08,174.58
2015-10-30,15027.81,7067.04,17777.00,3260818.95,718422.84,911351.62,820212.43,2407024.46,674402.62,883811.26,787932.42,2607789.81,173.83
2015-11-02,14897.47,7053.05,17682.30,3273634.59,717661.22,911029.88,819632.88,2415777.74,673437.16,883385.68,787178.72,2617273.19,175.88
2015-11-03,15328.58,7162.16,18074.92,3260524.75,720376.08,913720.02,822393.32,2406799.36,676824.73,886852.98,790703.42,2607545.94,176.39
2015-11-04,16052.23,7202.37,18552.32,3298834.59,724662.79,914492.43,825187.82,2432853.74,682304.61,887941.55,794389.65,2635773.46,175.86
2015-11-05,16371.94,7241.36,18787.28,3322744.70,726796.63,915410.04,826816.74,2449126.08,684997.09,889152.25,796498.61,2653403.05,175.68
2015-11-06,18050.06,7512.60,20101.99,3358948.74,737726.32,921814.56,835925.98,2474040.39,698806.19,897596.52,808309.22,2680395.42,175.59
2015-11-09,18189.99,7309.89,19908.70,3370073.29,739012.01,917098.84,834516.23,2481821.63,700368.97,892552.84,806942.08,2688825.68,173.95
2015-11-10,18855.44,7511.86,20547.90,3392295.73,743248.86,921733.36,839017.02,2497623.95,705767.65,896597.53,811880.54,2705946.04,174.36
2015-11-11,18662.29,7284.05,20131.08,3386465.71,742262.59,916415.78,836040.15,2493455.42,704464.14,890639.81,808433.40,2701429.82,173.67
2015-11-12,18153.71,7077.55,19571.43,3387374.85,738946.09,911370.40,831870.97,2494039.70,700271.14,883723.14,802888.35,2702062.83,171.25
2015-11-13,18776.90,7292.64,20204.75,3396483.78,742675.15,916429.09,836278.67,2500596.83,705043.65,889463.20,808231.79,2709166.88,169.32
2015-11-16,19560.42,7678.21,21160.42,3410425.30,747934.60,925948.76,843583.38,2510641.53,711640.87,901744.33,817592.95,2720049.40,171.90
2015-11-17,20300.59,8119.84,22169.32,3423432.70,752705.03,936564.38,851109.30,2520083.54,717719.18,915645.23,827386.42,2730278.94,171.77
2015-11-18,20723.36,8367.85,22738.73,3435478.72,755474.25,942595.58,855415.37,2528848.60,721219.14,923555.75,832977.80,2739775.08,174.50
2015-11-19,19659.77,7893.87,21511.23,3421902.08,748443.42,931201.49,846264.77,2518931.23,712285.75,908558.15,821055.60,2729030.51,174.35
2015-11-20,20947.58,8297.55,22765.79,3445200.56,756892.49,940762.43,855385.89,2535771.03,723033.99,921148.96,832939.48,2747274.89,174.98
2015-11-23,21372.86,8458.66,23217.91,3461797.78,759966.56,944812.90,858964.37,2547711.35,726870.08,926381.93,837515.01,2760211.13,174.78
2015-11-24,20363.97,7959.21,21984.45,3439872.83,752968.84,932601.46,849458.80,2531596.42,718067.03,910462.43,825247.30,2742752.09,175.02
2015-11-25,21014.31,8291.61,22794.57,3444957.11,757199.42,940683.82,855526.06,2535340.28,723423.32,921053.06,833124.89,2746808.21,174.99
2015-11-27,21798.05,8709.04,23793.41,3484083.44,762561.14,950953.97,863225.25,2563917.52,730154.47,934444.81,843057.48,2777769.02,175.19
2015-11-30,21916.47,8705.24,23852.86,3480494.73,763352.79,950848.07,863625.26,2561192.09,731155.70,934304.21,843572.08,2774816.28,174.46
2015-12-01,21033.77,8337.00,22868.01,3450498.36,757163.52,941765.36,855999.35,2541484.36,723374.89,922480.59,833745.82,2753464.76,176.13
2015-12-02,21120.92,8373.59,22965.57,3492736.05,758110.11,942623.77,856924.54,2568103.07,724562.58,923588.02,834930.72,2782303.68,174.33
2015-12-03,19271.98,7001.92,20079.38,3426162.40,746061.23,909134.40,834892.53,2525953.51,709252.23,879635.80,806242.91,2736638.52,171.89
2015-12-04,18190.54,6643.28,19001.77,3434656.05,738462.61,900405.23,826632.69,2531169.92,699634.05,868190.66,795531.07,2742290.01,175.24
2015-12-07,19165.13,7041.82,20080.76,3510660.15,745064.03,909191.27,834360.58,2578781.93,708018.50,879664.66,805554.78,2793873.25,174.18
2015-12-08,19383.60,7114.54,20298.91,3537718.82,746344.26,910586.56,835717.64,2595618.78,709694.09,881529.43,807361.82,2812114.43,173.01
2015-12-09,19093.07,6896.41,19835.59,3496746.46,744275.16,905654.94,832296.13,2569162.57,707118.52,875152.47,802976.59,2783451.56,171.66
2015-12-10,19676.65,7116.98,20455.94,3525850.61,748304.56,910688.82,836862.16,2587894.49,712185.16,881621.96,808821.30,2803745.88,172.11
2015-12-11,20256.30,7315.37,21042.35,3558093.78,752247.41,915250.70,841162.93,2608637.78,717149.44,887443.35,814310.59,2826219.32,168.77
2015-12-14,19217.80,7268.32,20435.28,3590381.77,745124.29,914175.64,836686.37,2629580.98,708046.36,886045.50,808501.07,2848909.36,169.62
2015-12-15,19027.05,7451.19,20590.95,3602216.54,743849.59,918150.56,837789.70,2637342.16,706386.27,891338.92,809968.33,2857317.88,171.40
2015-12-16,19572.14,7638.09,21144.13,3603983.58,747466.32,922565.93,841840.90,2638564.82,710853.52,896976.38,815090.90,2858642.53,173.91
2015-12-17,21608.22,8394.48,23290.87,3670241.06,760958.57,939662.29,857238.99,2682403.24,728055.43,919290.43,835091.56,2906137.42,171.26
2015-12-18,20902.34,8106.44,22510.86,3620847.83,756034.86,933205.02,851520.22,2649176.67,721759.23,910768.14,827609.77,2870139.48,168.21
2015-12-21,20569.87,8005.28,22191.38,3610346.75,753508.55,930754.91,848979.71,2641872.98,718608.94,907623.82,824375.01,2862226.61,169.60
2015-12-22,20283.10,8017.78,22054.02,3606498.52,751603.01,931036.23,848034.53,2639295.38,716186.27,908015.08,823163.08,2859434.02,171.14
2015-12-23,18558.49,7361.19,20213.41,3564155.18,740639.30,916100.68,835047.31,2611198.87,702230.63,888584.64,806335.63,2828994.03,173.26
2015-12-24,18278.84,7342.80,20035.86,3545053.75,739127.40,915795.33,834055.84,2598500.56,700248.08,888122.53,804987.73,2815236.58,172.97
2015-12-28,19258.92,7663.57,21010.64,3571766.21,745357.01,922858.17,840786.91,2615806.45,708224.46,897357.51,813757.71,2833985.91,172.58
2015-12-29,18274.90,7271.59,19936.55,3554857.30,738711.97,913977.84,832993.71,2604796.51,699778.90,885824.53,803676.42,2822057.66,174.42
2015-12-30,19256.42,7619.90,20949.40,3567453.09,745321.14,922041.55,840394.66,2613070.93,708130.51,896228.87,813191.95,2831022.24,173.18
2015-12-31,19087.16,7513.91,20711.63,3554571.68,743959.66,919502.10,838469.80,2604572.36,706458.09,893009.67,810771.21,2821814.81,171.45
2016-01-04,19519.20,7801.07,21341.82,3580428.10,746724.99,926370.85,843159.83,2621677.24,709927.17,901864.86,816781.72,2840346.38,169.05
2016-01-05,20250.56,8236.55,22337.32,3604351.94,751363.78,935872.78,850102.97,2637462.25,715829.55,914220.43,825772.08,2857447.98,169.34
2016-01-06,21059.02,8826.18,23582.74,3621021.54,756376.57,948736.68,858781.22,2648384.49,722776.92,931512.46,837588.81,2869281.23,167.20
2016-01-07,22482.51,9272.16,24975.59,3618212.42,763811.12,957580.19,867004.27,2646366.30,725451.28,939828.77,842877.29,2867094.71,163.19
2016-01-08,24102.52,9799.38,26585.48,3628242.27,773362.84,968318.99,877286.88,2653147.00,734573.38,951568.55,853440.98,2874440.97,161.40
2016-01-11,23705.35,10076.63,26742.52,3689019.79,771661.85,975441.03,879548.34,2694437.49,732950.81,958492.83,855603.53,2919175.42,161.56
2016-01-12,24935.07,10561.38,28079.40,3699859.03,777894.04,985854.77,887795.10,2701836.66,738857.47,968696.43,863605.22,2927191.74,162.86
2016-01-13,27443.19,10829.49,29848.01,3690735.23,786573.53,991778.54,895415.24,2695466.13,747102.75,974494.00,871008.22,2920289.86,158.80
2016-01-14,25588.50,10467.34,28340.33,3710059.04,780209.54,986258.38,889301.04,2708863.49,741047.15,969031.52,865037.07,2934804.67,161.41
2016-01-15,31962.54,12576.49,34725.34,3758884.96,803144.87,1020923.77,918000.90,2743016.56,762833.03,1003048.98,892935.98,2971806.38,157.94
2016-01-19,31585.17,12589.65,34538.53,3774508.09,802592.02,1022979.96,918609.39,2754169.16,762299.20,1004982.97,893484.38,2983889.20,158.15
2016-01-20,33875.04,13412.26,36918.89,3766432.30,810615.27,1033206.15,927792.33,2748242.56,769931.22,1015095.48,902452.38,2977468.27,156.13
2016-01-21,29981.50,11874.01,32680.08,3738977.20,795253.74,1009621.06,908411.89,2728518.19,755342.49,991993.08,883633.11,2956098.73,157.00
2016-01-22,25969.75,10199.91,28189.91,3710667.54,779277.99,983509.82,887540.54,2707900.10,740158.55,966417.80,863360.90,2933760.93,160.22
2016-01-25,28749.36,11194.49,31072.90,3736173.08,790820.32,999832.95,901478.65,2725824.68,751630.57,983850.93,877838.75,2953180.56,157.80
2016-01-26,25830.86,10160.48,28060.64,3670850.00,776957.26,982217.55,885635.92,2679784.72,736885.06,961580.07,859292.45,2903300.50,159.95
2016-01-27,27244.98,10582.72,29411.80,3663901.56,783319.56,988542.52,892113.55,2674959.16,745106.27,969879.16,867794.03,2898072.44,158.21
2016-01-28,24426.64,9719.59,26691.14,3641684.81,771377.98,974963.41,879186.24,2659583.55,732486.64,953903.41,853298.14,2881414.39,159.04
2016-01-29,25984.72,10501.82,28616.46,3643322.94,778308.00,986000.57,888111.97,2660686.61,740561.67,966973.84,863847.54,2882609.45,162.91
2016-02-01,24611.62,9900.33,27040.87,3636274.67,771913.30,977158.75,880481.53,2655676.00,732589.37,956476.75,854509.00,2877180.92,162.85
2016-02-02,26472.18,11197.51,29834.46,3684331.22,779389.14,996434.38,893429.46,2688756.23,742060.01,979535.24,870332.52,2913020.30,159.92
2016-02-03,26834.84,9122.24,27274.17,3577357.67,781067.00,965271.56,880420.44,2614711.72,744127.25,942059.71,854896.02,2832799.88,160.88
2016-02-04,28361.90,9981.82,29335.21,3564051.93,787427.28,976617.32,889179.31,2604872.69,752131.49,956753.73,866161.11,2822140.19,161.13
2016-02-05,29190.77,11089.59,31391.65,3614529.21,790866.91,990744.08,897552.35,2638742.91,756485.24,975331.37,877077.30,2858835.46,158.06
2016-02-08,32889.24,12919.36,35970.11,3620580.18,805854.31,1013407.43,916322.71,2642657.53,775534.94,1005273.20,901583.28,2863076.60,155.93
2016-02-09,32599.68,13049.64,35993.14,3657194.74,804904.91,1015963.75,916938.65,2667673.17,774278.53,1008525.28,902311.30,2890178.74,155.94
2016-02-10,33494.39,13442.60,37028.98,3627023.06,808332.65,1020477.14,920927.81,2646812.92,778660.95,1014570.83,907569.26,2867578.58,155.81
2016-02-11,36053.99,15259.78,40946.64,3616908.93,818813.16,1042079.11,936645.32,2639846.49,791870.72,1042986.27,927976.90,2860031.09,153.78
2016-02-12,32995.84,13902.88,37389.58,3590462.38,806244.38,1025509.48,922009.99,2621722.57,775939.79,1021237.40,908967.02,2840395.49,156.95
2016-02-16,30042.11,13137.52,34686.90,3630285.94,794303.60,1017332.58,911506.51,2648686.24,760769.85,1010289.23,895209.39,2869608.14,159.60
2016-02-17,29424.28,12722.61,33782.48,3575392.26,791854.63,1012015.60,907719.40,2611176.30,757639.00,1003324.18,890281.50,2828969.57,162.21
2016-02-18,31959.88,14034.94,36980.38,3559967.64,802058.78,1027204.52,920379.80,2600667.40,770532.45,1023333.15,906734.17,2817584.15,161.54
2016-02-19,32001.29,13801.61,36696.95,3560578.62,802183.05,1024658.68,919310.56,2601097.05,770687.60,1019965.51,905333.49,2818049.64,161.47
2016-02-22,31125.29,13533.89,35838.75,3537788.70,798690.57,1021633.27,915952.17,2585864.56,766240.81,1015898.49,900916.68,2801546.63,163.80
2016-02-23,32195.00,14969.68,38355.64,3558112.29,802881.52,1038668.94,925992.02,2599315.25,771627.07,1038347.08,914037.06,2816119.22,161.74
2016-02-24,32909.81,15055.03,38890.78,3548047.48,805885.01,1040129.30,928375.01,2592411.79,775398.67,1040160.96,917069.26,2808639.95,162.48
2016-02-25,32761.46,15024.52,38763.72,3519895.73,805079.55,1039187.80,927490.90,2573642.42,774410.43,1039040.76,915991.04,2788305.06,164.44
2016-02-26,31863.88,14479.96,37530.22,3552864.47,801522.79,1033366.23,922844.19,2595223.06,769909.13,1031276.83,909906.69,2811685.71,164.06
2016-02-29,32716.88,14806.04,38455.14,3524923.18,805143.49,1036842.37,926480.74,2576677.61,774440.38,1035864.84,914608.31,2791593.41,162.78
2016-03-01,29743.47,13651.47,35208.31,3440891.92,792863.56,1023299.48,913364.78,2518186.46,758801.14,1017995.95,897484.80,2728223.63,166.60
2016-03-02,29884.03,13484.22,35075.83,3410689.33,793196.71,1020669.06,912382.75,2497193.13,759244.46,1014690.48,896289.89,2705479.29,167.35
2016-03-03,31192.30,13974.18,36480.87,3371264.11,798788.76,1026292.56,918112.35,2470121.64,766324.69,1022112.19,903746.86,2676149.82,168.01
2016-03-04,31576.39,13376.68,35925.55,3316028.29,800401.33,1018726.78,915654.94,2432607.62,768388.99,1012188.90,900577.03,2635506.81,168.56
2016-03-07,32168.39,13487.18,36410.70,3299946.90,802920.34,1019895.79,917621.17,2422163.48,771607.00,1013763.01,903163.10,2624191.55,168.69
2016-03-08,30221.91,13569.28,35419.95,3361837.46,794541.18,1020694.40,913192.36,2462851.19,760946.45,1014844.91,897405.97,2668272.95,166.85
2016-03-09,31097.73,13168.57,35410.19,3315130.69,798421.87,1016211.36,913417.02,2431686.87,765864.61,1008863.85,897661.57,2634509.27,167.67
2016-03-10,31041.09,13392.25,35678.68,3302976.59,798189.59,1018671.88,914389.96,2423325.47,765550.63,1012132.00,898931.52,2625450.46,167.81
2016-03-11,31153.44,12428.94,34460.05,3204284.03,798516.99,1006749.55,909226.58,2358371.86,766042.39,996520.73,892287.62,2555079.19,170.52
2016-03-14,29833.05,12217.82,33437.12,3223121.61,792797.54,1004441.16,904927.98,2370475.05,758735.84,993413.43,886641.14,2568191.89,170.30
2016-03-15,28924.05,12545.58,33376.20,3270577.79,788862.92,1008679.83,904591.79,2400642.30,753694.71,998904.58,886146.14,2600875.33,170.02
2016-03-16,29951.35,13476.75,35207.55,3194144.11,793546.06,1019917.69,912315.97,2350559.36,759640.62,1013858.08,896274.31,2546615.06,171.00
2016-03-17,31538.74,13354.28,35980.56,3118224.10,800366.39,1017838.53,915306.64,2301568.54,768423.25,1011375.42,900358.11,2493538.02,172.09
2016-03-18,31228.35,13014.56,35345.85,3123451.31,798999.69,1013703.03,912665.69,2304388.93,766665.70,1005871.00,896878.35,2496593.65,172.76
2016-03-21,31114.18,12650.61,34787.02,3132786.43,798642.15,1009433.90,910539.68,2310166.90,766142.63,1000117.77,894007.48,2502853.55,173.01
2016-03-22,31503.47,13023.13,35516.83,3132562.94,800427.53,1014041.50,913635.55,2309949.15,768428.35,1006242.60,898078.57,2502617.64,172.92
2016-03-23,28558.75,11373.43,31607.37,3208735.06,787037.82,993452.61,896718.67,2356979.37,751333.79,978977.99,875922.26,2553570.55,171.77
2016-03-24,27782.48,10905.43,30527.50,3226972.58,783635.31,987863.77,892258.01,2368557.78,746928.57,971457.87,869990.16,2565238.63,171.70
2016-03-28,28065.76,11218.19,31120.88,3200644.14,784905.40,991668.47,894699.32,2352483.22,748557.19,976516.04,873203.56,2547080.29,171.80
2016-03-29,28479.95,12172.39,32674.06,3141434.66,786803.61,1003339.98,901046.30,2316029.17,750993.54,991996.88,881546.09,2506526.06,173.39
2016-03-30,28488.78,11562.87,31861.08,3124565.65,786846.24,995998.70,897774.30,2305410.20,751056.12,982279.27,877265.00,2494454.79,174.15
2016-03-31,28375.22,11604.22,31854.54,3132719.15,786300.96,996475.43,897678.08,2310341.14,750346.64,982881.41,877119.53,2499841.87,173.73
2016-04-01,27738.66,10478.72,29952.43,3179774.98,783401.87,982745.08,889838.70,2338972.95,746626.15,964661.29,866815.21,2530079.70,174.91
2016-04-04,27331.58,10447.92,29688.63,3195046.16,781516.17,982372.87,888599.24,2348344.15,744207.34,964167.44,865189.24,2541930.15,174.34
2016-04-05,25905.15,10339.70,28760.15,3238841.03,775027.47,981245.22,884400.34,2375410.76,735843.48,962601.76,859625.00,2576100.96,172.60
2016-04-06,25902.01,10500.48,28982.01,3219527.31,775039.77,983227.44,885300.65,2363459.40,735862.43,965226.13,860807.88,2560564.03,174.49
2016-04-07,26944.37,10745.57,29903.39,3254566.64,779699.30,985978.19,889200.25,2385019.41,741837.80,968915.62,865948.04,2588408.91,172.40
2016-04-08,26700.51,10912.06,29999.75,3204197.69,778700.21,988239.06,889650.03,2353814.51,740502.32,971825.34,866468.84,2548472.12,172.87
2016-04-11,26173.16,11022.14,29854.80,3193114.37,776081.84,989422.65,888687.07,2346765.62,737212.66,973452.81,865269.72,2539407.59,172.46
2016-04-12,25599.38,10895.03,29355.40,3130196.29,773391.37,987884.29,886455.78,2307828.10,733785.17,971421.93,862355.70,2490212.60,174.07
2016-04-13,23835.71,9918.07,27028.04,3099905.13,765159.28,975796.91,876314.83,2289030.73,723247.22,955366.01,849036.90,2466484.87,175.82
2016-04-14,23540.97,9725.03,26597.89,3099127.59,763763.69,973382.65,874431.60,2288548.11,721465.49,952167.77,846569.95,2465803.21,175.83
2016-04-15,24527.55,10073.40,27631.65,3123120.16,768348.07,977589.22,878945.40,2303100.77,727347.87,957790.22,852520.60,2483824.73,175.64
2016-04-18,24329.95,10089.55,27542.49,3105957.08,767551.99,978018.23,878682.92,2292524.81,726278.38,958284.65,852113.88,2470733.25,176.87
2016-04-19,24637.13,10617.75,28437.30,3048697.76,769006.94,984768.69,882548.14,2257001.82,728108.71,967202.88,857152.68,2427391.20,177.43
2016-04-20,24204.71,10457.00,27972.47,3002673.75,766886.10,982703.96,880405.95,2228701.44,725402.99,964470.65,854349.38,2393537.43,177.60
2016-04-21,23912.82,10182.44,27436.58,3008504.53,765305.52,978927.08,877806.82,2232101.91,723451.69,959554.54,851022.90,2397543.25,176.64
2016-04-22,21499.60,10294.19,26202.72,2986897.71,753545.76,980548.73,871789.65,2218981.98,708460.17,961614.08,843118.65,2381937.64,176.64
2016-04-25,20909.38,10100.85,25596.99,2994890.74,750526.02,977830.27,868834.39,2223790.47,704688.75,958095.28,839331.93,2387657.92,176.34
2016-04-26,21726.42,10391.36,26465.20,2967655.94,754655.98,981874.74,873021.70,2206903.24,709856.73,963358.32,844714.96,2367988.02,176.60
2016-04-27,21322.57,10565.86,26441.43,2971322.39,752771.02,984233.52,872980.04,2209169.75,707508.37,966469.94,844681.90,2370579.29,176.97
2016-04-28,21167.24,10791.41,26627.36,3014660.87,751960.00,987225.37,873836.60,2236208.68,706475.68,970414.66,845789.27,2401682.05,175.36
2016-04-29,22180.25,10844.88,27330.48,3013537.26,757084.36,988039.24,877174.26,2235482.47,712906.48,971404.30,850070.01,2400963.11,174.41
2016-05-02,20748.58,10146.97,25569.02,3002651.66,749814.15,978270.46,868626.22,2228636.35,703781.12,958571.86,839014.66,2393094.97,175.80
2016-05-03,17534.92,9394.37,22640.66,3070730.44,734088.12,968117.07,855009.57,2271871.60,683920.63,945080.19,821271.83,2444345.51,174.27
2016-05-04,16962.62,8990.54,21784.57,3092676.28,731195.36,962414.38,850806.72,2285413.78,680333.83,937616.53,815875.32,2460930.37,173.30
2016-05-05,16528.96,8824.30,21304.69,3111894.15,729134.22,960116.85,848592.02,2297426.95,677751.69,934580.72,813006.21,2475877.87,173.26
2016-05-06,16899.11,8898.70,21633.06,3108986.82,731080.51,961318.11,850255.46,2295582.16,680152.88,936091.04,815103.32,2473383.10,173.90
2016-05-09,15155.56,8332.21,19828.49,3119417.68,722592.33,953505.91,841864.71,2302137.46,669457.74,925785.93,804208.13,2481558.07,174.04
2016-05-10,15458.12,8456.26,20174.02,3077252.69,724074.05,955227.50,843487.87,2275290.78,671322.51,928055.53,806313.96,2448442.78,176.20
2016-05-11,15641.96,8738.04,20630.10,3080160.00,724555.51,958774.19,845334.20,2276992.37,672052.21,932878.77,808847.45,2450645.24,174.56
2016-05-12,15568.25,8403.78,20186.91,3067616.95,724034.69,954055.38,842950.13,2269065.37,671414.25,926654.21,805765.06,2440951.21,174.61
2016-05-13,15839.59,8416.24,20377.79,3105821.68,725731.65,954260.28,844028.49,2293540.35,673502.45,926932.69,807139.16,2470446.36,173.09
2016-05-16,16016.98,8553.97,20658.63,3069336.73,726451.35,956181.93,845296.83,2270059.51,674428.07,929450.16,808789.86,2441960.99,174.79
2016-05-17,16390.28,8782.07,21174.82,3068240.07,728574.09,959428.72,847966.98,2269342.99,677068.70,933705.40,812224.62,2440998.02,173.16
2016-05-18,15500.89,8039.05,19704.54,3030566.75,723531.48,948967.24,840409.44,2245026.38,670750.30,919886.95,802424.49,2411824.85,173.21
2016-05-19,15298.41,7733.56,19201.46,3043368.26,722089.06,944489.67,837589.05,2253227.77,669020.01,914112.73,798871.06,2421699.20,172.61
2016-05-20,15137.31,7724.70,19089.35,3034669.35,721270.78,944545.10,837139.05,2247648.54,667952.13,914115.27,798234.60,2415005.38,173.70
2016-05-23,14917.10,7691.51,18909.50,3050620.67,720021.27,944268.70,836291.44,2258043.63,666347.59,913684.70,797087.85,2427315.20,173.47
2016-05-24,16021.04,7816.18,19762.45,3012435.76,726778.56,945707.08,840852.62,2232825.75,674833.46,915702.13,803043.27,2397745.83,175.71
2016-05-25,16066.31,7921.97,19924.11,2983995.44,727048.02,947436.77,841777.46,2214169.58,675135.07,917889.84,804182.00,2375799.16,176.91
2016-05-26,15452.59,7708.54,19275.18,2989378.98,723268.45,944297.86,838195.03,2217703.02,670442.00,913797.63,799594.30,2379702.53,176.96
2016-05-27,16779.03,7738.59,20140.03,2975430.94,732263.89,944945.00,843694.65,2208446.05,681347.38,914575.23,806437.60,2369186.20,177.72
2016-05-31,15604.07,7357.69,18939.22,2980301.21,724743.63,939296.53,836840.71,2211752.43,673109.74,907217.92,798318.90,2372726.87,177.38
2016-06-01,14645.32,7433.26,18454.64,2971663.00,718451.42,940466.40,833729.13,2205857.96,665769.07,908747.57,794638.84,2367338.62,177.74
2016-06-02,15308.18,7493.18,18946.67,2979642.27,722739.14,941174.56,836530.87,2211159.41,671199.96,909732.48,798310.52,2373025.66,178.28
2016-06-03,12723.66,7611.93,17497.38,2995163.47,705772.16,943110.37,827571.98,2221488.17,648401.86,912166.87,785820.86,2384110.54,177.75
2016-06-06,13816.43,8033.98,18733.84,2955045.55,713054.21,949661.96,834715.85,2194941.26,654265.61,920605.03,793008.78,2355620.27,178.66
2016-06-07,14399.86,8392.57,19547.47,2940412.31,716645.98,955152.32,839231.06,2185258.95,658724.98,927740.58,798784.57,2345229.18,178.93
2016-06-08,16378.04,9366.34,22024.15,2920449.18,729289.58,970022.97,853167.16,2172162.74,674398.30,947061.66,816605.21,2331174.28,179.52
2016-06-09,15688.17,9053.03,21191.94,2940143.84,724768.85,964868.44,848256.07,2184788.31,668879.83,940486.54,810429.44,2344724.08,179.27
2016-06-10,15007.49,8521.11,20109.63,2992163.82,720838.06,956727.28,842377.19,2218313.88,663972.93,929866.27,802880.98,2380703.87,177.57
2016-06-13,14690.30,8244.82,19571.10,3018333.39,718604.43,952536.13,839226.96,2235191.32,661197.07,924411.58,798847.79,2398816.81,176.20
2016-06-14,15325.03,8098.62,19820.39,3033402.81,722694.71,950303.59,840631.91,2245033.94,666336.67,921500.14,800694.59,2409379.96,175.86
2016-06-15,14745.99,7990.28,19313.36,3043151.46,719282.48,948585.67,837887.54,2251581.93,662626.34,919254.28,797489.64,2416407.28,175.61
2016-06-16,14191.83,7438.31,18283.38,3071223.51,716263.31,940194.87,832423.23,2270389.28,663788.63,910139.32,794235.27,2436591.41,176.14
2016-06-17,12486.59,7213.74,16908.95,3025154.50,706070.49,936488.06,824859.36,2239209.03,652855.26,906363.36,786046.73,2403128.63,175.48
2016-06-20,11525.57,6736.42,15698.84,2963392.10,700247.90,929277.86,818282.89,2197381.83,647514.11,897975.62,779194.18,2358239.51,176.61
2016-06-21,10645.20,6063.63,14315.32,2947000.90,694177.73,918797.45,810121.90,2186498.79,640028.65,884357.71,768782.02,2346559.79,177.11
2016-06-22,10795.53,5910.70,14235.88,2963527.25,695222.27,916366.16,809659.55,2197160.56,641309.06,881207.16,768181.62,2358002.03,176.82
2016-06-23,10416.88,5794.24,13845.98,2900044.24,692930.08,914816.61,807640.24,2155927.54,638503.15,879168.40,765612.48,2313750.59,179.13
2016-06-24,8163.58,4115.18,10342.29,3101006.20,668635.50,882031.28,779009.88,2286554.84,608657.65,836856.85,729295.77,2453940.36,172.69
2016-06-27,8092.93,4389.22,10641.91,3168530.51,668412.84,886963.11,781058.07,2325680.03,608685.99,843203.19,732078.06,2501155.25,169.60
2016-06-28,8310.62,4323.51,10705.37,3125862.99,666679.35,880766.60,777316.94,2304063.37,607267.99,835668.13,727954.33,2470233.06,172.66
2016-06-29,7856.97,4283.54,10363.70,3077938.75,659921.63,874870.14,770775.39,2280201.82,599637.90,828629.15,720315.25,2436098.22,175.60
2016-06-30,8358.73,4228.86,10628.47,3073055.38,664788.06,876009.53,774119.25,2277772.56,605060.84,829783.76,724074.24,2432623.06,178.00
2016-07-01,9444.06,4432.13,11573.95,3091530.77,676628.78,885288.79,785113.27,2287287.23,619396.61,841394.40,737717.79,2445868.48,178.37
2016-07-05,9575.26,4556.67,11816.94,3168648.19,680771.66,892539.88,790732.11,2326001.67,624360.54,850553.47,744689.12,2501002.94,177.09
2016-07-06,9526.42,4117.04,11216.75,3177849.72,680710.23,886247.02,787908.91,2330565.71,624306.40,842455.96,741112.01,2507679.58,178.15
2016-07-07,9021.03,4129.10,10935.65,3200103.01,676351.95,887057.41,785746.83,2341846.34,618915.60,843428.59,738340.12,2523568.34,178.04
2016-07-08,9861.20,4440.13,11856.76,3210129.95,684575.38,896404.90,794663.54,2346703.43,628995.25,855376.60,749582.08,2530663.42,180.69
2016-07-11,9409.71,4065.03,11084.51,3183675.50,679233.97,885465.76,786714.57,2333593.79,622445.21,841364.98,739539.87,2511814.48,181.33
2016-07-12,9144.31,3420.84,10049.90,3111203.55,671902.06,865128.60,773434.00,2296568.73,613335.55,815584.31,722797.89,2459434.27,182.64
2016-07-13,9735.94,3825.85,10969.94,3137697.32,679130.91,878201.91,783438.44,2310011.16,622855.99,832151.62,735748.92,2478408.86,182.62
2016-07-14,9064.80,3468.63,10079.71,3098967.49,670287.07,867128.10,773397.92,2290796.94,612426.12,818005.98,723335.33,2450854.00,183.64
2016-07-15,8768.63,3263.94,9617.63,3098412.87,666829.74,860417.95,768410.92,2290355.95,608299.24,809549.73,717159.41,2450403.19,183.39
2016-07-18,8937.42,3306.84,9773.40,3098098.98,668839.36,861646.26,770117.27,2290097.78,610759.38,811113.59,719302.30,2450035.31,183.88
2016-07-19,9277.34,3335.22,10001.20,3131122.20,672277.65,862721.96,772577.45,2307038.17,614940.87,812420.12,722343.93,2473996.62,183.70
2016-07-20,8607.37,3126.21,9326.71,3121852.87,665452.00,856229.89,765748.59,2302272.23,606595.75,804182.34,713780.40,2467205.36,184.46
2016-07-21,8654.84,3159.02,9401.37,3145843.96,665852.97,857397.66,766501.48,2314693.57,607089.08,805660.54,714726.66,2484905.25,183.77
2016-07-22,8809.75,3183.81,9522.39,3148079.34,668058.87,857946.89,768016.65,2315866.07,609778.97,806372.75,716625.98,2486576.07,184.59
2016-07-25,8820.94,3269.92,9657.21,3148917.31,668086.05,860878.89,769344.61,2316105.63,609858.02,810143.41,718347.93,2487095.15,184.09
2016-07-26,8680.23,3223.25,9511.27,3153602.58,667915.51,859386.65,768579.62,2318489.00,609616.64,808246.55,717364.80,2490491.42,184.17
2016-07-27,8681.35,3246.54,9546.24,3183406.54,667968.85,860344.39,769038.59,2334458.91,609634.59,809404.25,717889.13,2513070.50,183.98
2016-07-28,8677.62,3355.39,9704.22,3174689.00,667689.81,864137.37,770573.18,2329655.55,609330.96,814264.10,719865.54,2506403.31,184.19
2016-07-29,8385.79,3208.21,9328.22,3176571.10,664030.44,858770.08,766068.49,2330781.45,604825.68,807431.54,714184.04,2507829.98,184.49
2016-08-01,8623.34,3288.15,9576.56,3170834.95,667041.36,861777.26,769146.56,2327556.47,608540.33,811285.11,718081.45,2503431.05,184.33
2016-08-02,8533.90,3163.66,9345.61,3168497.11,666050.89,857688.66,766750.96,2326436.36,607280.35,806040.52,715017.02,2501659.21,183.15
2016-08-03,7629.93,2959.89,8549.65,3152571.22,653796.97,849878.04,756206.42,2317546.82,592394.75,796226.04,701900.73,2489411.98,183.69
2016-08-04,7342.10,2857.38,8240.34,3159705.93,650020.83,845795.92,752206.51,2321400.60,587795.93,791080.41,696908.23,2494874.04,183.88
2016-08-05,6615.65,2818.12,7776.08,3130916.66,640335.46,844069.04,745834.63,2305411.61,576014.93,788914.16,688970.10,2472930.41,185.39
2016-08-08,6494.94,2795.70,7674.19,3127895.78,638579.78,842601.54,744163.81,2303737.70,573884.29,787091.76,686900.11,2470516.61,185.28
2016-08-09,6381.09,2812.83,7630.45,3152851.28,636918.00,843085.96,743409.45,2317709.12,571875.32,787714.80,685969.67,2489308.63,185.39
2016-08-10,6371.62,2972.42,7841.25,3177818.23,636691.34,848858.86,745822.37,2331769.71,571607.30,795038.70,688997.88,2508116.53,184.93
2016-08-11,6457.15,2761.40,7615.55,3138733.99,638047.19,840824.65,743086.99,2309579.13,573238.08,784872.44,685575.58,2478322.39,185.79
2016-08-12,6393.70,2625.29,7390.44,3141529.48,637211.10,835374.66,740191.88,2311178.21,572218.70,777990.58,681960.40,2480509.87,185.63
2016-08-15,6429.21,2569.80,7332.86,3120688.82,637800.38,833453.07,739682.82,2299259.07,572926.70,775547.42,681311.49,2464829.96,186.16
2016-08-16,6280.04,2467.45,7101.76,3111766.46,635302.31,828933.66,736228.79,2294101.97,569931.38,769868.91,677036.25,2458117.99,185.20
2016-08-17,6269.58,2492.59,7132.03,3122188.61,635146.93,830047.93,736633.59,2300110.32,569744.02,771270.24,677541.14,2465884.34,185.55
2016-08-18,6591.87,2502.64,7329.71,3116725.49,640672.93,830485.29,740032.14,2296979.99,576394.12,771774.47,681716.77,2461842.60,185.97
2016-08-19,6184.63,2453.03,7030.66,3105556.39,633726.07,827859.06,734849.93,2290284.79,568713.95,768552.34,675751.93,2453484.77,185.69
2016-08-22,5954.46,2424.55,6859.02,3116688.23,629874.74,826450.65,731991.91,2296823.61,563218.99,766788.70,671712.00,2461758.48,185.69
2016-08-23,5915.81,2446.10,6867.25,3109018.49,629240.69,827386.81,732038.06,2292163.40,562279.62,767963.91,671666.59,2456040.37,186.06
2016-08-24,5703.91,2329.81,6581.01,3097328.05,625765.36,822013.27,727639.37,2285175.99,558073.47,761162.60,666180.14,2447379.34,185.11
2016-08-25,5719.53,2321.40,6578.15,3095985.44,625870.03,821460.36,727455.52,2284236.59,558238.72,760525.92,666000.16,2446351.14,184.98
2016-08-26,5082.67,2249.18,6109.58,3082588.37,614248.82,817561.17,718975.30,2275926.50,544356.79,755664.55,655590.75,2436438.89,184.63
2016-08-29,4966.43,2298.65,6106.91,3112501.28,612397.32,819943.01,718939.02,2294363.66,542106.58,758606.49,655511.90,2458642.17,185.54
2016-08-30,5131.30,2275.15,6177.05,3102412.35,615260.92,818848.47,720140.06,2288139.98,545525.37,757234.54,656986.14,2451109.67,185.24
2016-08-31,5200.17,2260.56,6198.70,3112174.98,616783.57,818443.36,720853.03,2294178.59,547315.78,756699.93,657832.33,2458410.09,184.71
2016-09-01,4940.46,2260.94,6044.44,3121061.42,611886.74,818466.43,718001.65,2299856.31,541503.91,756728.89,654352.21,2464241.60,184.72
2016-09-02,4729.08,2297.69,5964.26,3127999.18,608350.95,820186.80,716681.76,2304280.04,537237.55,758849.89,652691.50,2469184.10,185.55
2016-09-06,4492.61,2319.45,5843.38,3167789.55,603374.77,821114.87,714156.09,2329622.78,531364.71,760032.85,649632.78,2497304.81,186.11
2016-09-07,4217.37,2268.54,5600.26,3166467.70,597535.75,817794.06,709256.43,2328719.06,524519.87,755988.42,643720.14,2496249.39,186.09
2016-09-08,4147.75,2248.43,5529.21,3111668.85,596105.47,816898.52,708019.24,2293552.49,522840.72,754853.77,642206.69,2457297.03,185.67
2016-09-09,4093.00,2147.44,5368.54,3024944.30,595057.78,812660.33,705560.40,2238187.24,523470.67,749406.47,640276.38,2395884.96,181.22
2016-09-12,4075.88,2139.84,5347.81,3050473.01,594503.54,811876.42,704891.51,2252917.33,523096.93,748549.79,639681.85,2413259.15,183.82
2016-09-13,4394.87,2199.43,5631.54,2997882.45,601228.95,815785.90,710575.76,2220948.60,530324.00,753323.29,646140.37,2376640.40,181.18
2016-09-14,4081.73,2183.94,5411.09,3018578.72,594708.74,814495.65,706160.81,2233444.25,522851.73,751736.80,640907.93,2390954.96,181.11
2016-09-15,4201.79,2166.39,5468.93,3033851.45,597186.10,813357.09,707138.06,2242696.94,525398.34,750329.82,641868.96,2401557.10,182.92
2016-09-16,4027.01,2053.89,5213.18,3038906.12,593498.80,805189.49,701404.48,2245710.18,521067.14,740259.61,634916.01,2405039.12,182.22
2016-09-19,3902.19,2021.91,5091.81,3048602.72,590846.00,803266.96,698999.56,2251557.76,517936.65,737880.17,631988.36,2411803.56,182.25
2016-09-20,3686.60,1996.84,4919.58,3052300.41,586320.95,801299.57,695466.88,2253703.88,512635.74,735458.01,627716.98,2414337.53,182.26
2016-09-21,3377.74,1932.73,4634.52,3110505.53,579826.09,796206.13,689404.57,2289945.85,505039.03,729186.31,620389.48,2454872.25,184.31
2016-09-22,3003.74,1861.12,4292.09,3152061.98,572079.35,790697.61,682414.38,2315678.48,495939.44,722349.00,611891.93,2483914.15,185.47
2016-09-23,3033.74,1861.12,4313.53,3151965.17,572710.62,790697.61,682790.89,2315596.96,496676.10,722349.00,612346.37,2483772.69,184.45
2016-09-26,2967.68,1852.42,4256.48,3139854.42,571249.02,790023.09,681628.39,2308121.41,494973.63,721526.43,610948.25,2475163.55,182.96
2016-09-27,2878.09,1835.05,4172.27,3165097.66,568940.53,788547.52,679614.56,2323617.08,492341.50,719780.28,608584.55,2493039.39,184.10
2016-09-28,2973.71,1840.64,4247.93,3168194.66,571368.23,789005.20,681261.76,2325523.18,495144.41,720339.02,610553.10,2495195.85,185.01
2016-09-29,3011.64,1852.70,4288.94,3143143.93,572272.04,789978.79,682220.91,2309793.78,496188.91,721525.36,611699.85,2477333.15,183.34
2016-09-30,3057.86,1873.27,4345.67,3147915.42,573531.33,791740.40,683732.18,2312837.00,497601.78,723619.10,613458.26,2480774.25,184.72
2016-10-03,3182.35,1909.19,4475.79,3126589.59,576496.07,794507.84,686694.34,2299227.59,501065.19,727044.48,617045.11,2465904.42,184.28
2016-10-04,3273.18,2028.23,4679.20,3055064.90,578931.39,804726.60,692560.80,2253650.15,504371.56,739473.76,624355.34,2416577.86,183.34
2016-10-05,3209.77,1987.75,4587.18,3040959.44,577366.68,801516.18,690243.42,2244858.30,502555.55,735561.47,621579.71,2406990.28,184.15
2016-10-06,3669.03,2135.49,5085.82,3025829.58,589480.44,813742.13,702748.75,2235442.63,513036.37,750496.66,634371.68,2396734.23,184.28
2016-10-07,3613.99,2146.72,5061.05,3022224.17,587766.71,814637.02,702113.66,2233081.09,511408.94,751585.92,633825.88,2394337.03,183.64
2016-10-10,3880.82,2186.45,5294.71,3035878.34,594592.53,817706.19,707513.15,2241675.22,517793.69,754832.30,639151.28,2403551.24,184.60
2016-10-11,3979.05,2372.92,5587.50,2994157.19,596810.23,832870.59,715393.02,2215252.74,519939.08,772711.42,648044.92,2375220.74,182.27
2016-10-12,3797.70,2246.12,5310.89,3002029.54,592296.99,822590.18,708272.85,2220236.16,515115.57,760479.69,639909.79,2380564.03,182.51
2016-10-13,3761.81,2239.40,5277.84,2990868.30,591275.81,821871.11,707352.71,2213156.59,513958.18,759637.57,638836.60,2372973.23,181.91
2016-10-14,4030.39,2332.77,5576.29,2982793.32,598243.65,829390.91,714756.58,2208083.16,522026.25,768814.76,647709.69,2367533.43,182.00
2016-10-17,3908.51,2280.62,5429.64,2992625.59,595021.26,825161.85,711009.32,2214236.95,518294.36,763636.54,643213.23,2374131.59,181.37
2016-10-18,3705.03,2147.50,5129.84,3024341.86,589781.27,814485.76,703279.03,2234061.25,512220.50,750614.04,633959.90,2395387.45,182.51
2016-10-19,3683.44,2141.43,5107.65,3042674.47,589321.43,814017.24,702802.59,2245604.54,511634.84,750494.51,633547.00,2407764.31,182.99
2016-10-20,3652.12,2170.11,5120.13,3032872.79,588315.60,816024.55,703069.36,2239288.10,510524.05,751361.50,633225.21,2400991.74,182.65
2016-10-21,3803.68,2251.59,5322.49,3033268.17,592305.86,822543.00,708261.73,2239541.98,515133.78,758377.43,639040.44,2401263.96,182.74
2016-10-24,3615.23,2227.03,5161.62,3033945.83,587178.18,820622.79,704369.25,2239995.86,509194.67,756339.06,634497.80,2401750.61,183.52
2016-10-25,3564.50,2153.06,5039.67,3052166.47,585723.64,814293.53,700780.52,2251497.22,509477.84,749581.74,631839.84,2414082.51,182.90
2016-10-26,3522.54,2150.48,5007.00,3022041.23,584798.87,814321.75,700239.45,2232424.12,507459.02,749450.21,630532.57,2393632.10,182.53
2016-10-27,3676.29,2190.14,5162.45,2982598.24,589947.60,817443.21,704664.08,2207343.08,511742.57,752755.73,634584.30,2366739.91,182.05
2016-10-28,3288.46,2021.29,4691.14,2981421.96,580504.32,803767.45,693129.82,2206622.97,503556.14,738405.16,623459.65,2365967.80,181.51
2016-10-31,3262.73,2001.81,4650.18,3014078.39,578018.31,801227.70,690550.57,2227174.22,501397.65,733328.67,619980.30,2388003.10,181.52
2016-11-01,2932.74,1765.13,4140.11,3014558.35,571563.27,782366.30,678566.71,2227580.19,495798.75,715382.41,608932.59,2388438.38,180.20
2016-11-02,2487.40,1622.13,3658.07,3011275.54,562290.00,770792.16,668042.76,2225672.79,487752.91,704854.96,599511.22,2386393.25,179.12
2016-11-03,2712.80,1630.10,3832.80,3002263.19,567576.25,771225.79,671370.91,2220142.77,492813.41,705979.87,603099.62,2380463.89,178.30
2016-11-04,2666.33,1567.70,3726.61,3014408.71,566482.94,766550.22,668689.18,2227577.05,491513.77,700189.61,599831.15,2388435.01,178.10
2016-11-07,2565.52,1517.98,3597.07,3043697.98,563587.13,762280.19,665117.59,2245199.49,488202.96,695062.78,595614.93,2407330.01,182.03
2016-11-08,2611.58,1561.18,3680.55,3051402.17,564914.28,765862.36,667463.50,2249924.26,489700.39,699417.31,598394.12,2412395.96,182.85
2016-11-09,3158.91,1836.11,4390.30,2989774.46,579136.57,783886.23,683719.61,2212018.08,502406.68,717576.99,613925.77,2371752.49,184.79
2016-11-10,3746.86,2098.73,5112.85,2961856.01,594429.64,804213.83,701612.03,2195206.99,517677.99,738702.78,632293.43,2353727.44,185.25
2016-11-11,3838.54,2086.67,5160.71,2940135.67,596552.24,803882.52,702720.18,2181959.58,519272.81,738361.04,633121.13,2339523.41,184.82
2016-11-14,4385.19,2397.85,5912.99,2931973.35,609669.64,821183.76,718008.13,2177221.91,530890.82,754271.76,647025.21,2334443.63,184.97
2016-11-15,4121.36,2331.29,5653.04,2944332.36,603459.38,817788.57,712866.92,2184730.96,525483.76,751153.25,642392.72,2342494.92,186.41
2016-11-16,3752.10,2122.50,5146.66,2942697.94,594847.11,805888.21,702593.30,2183762.79,517392.35,740191.39,632759.59,2341456.84,186.06
2016-11-17,4066.97,2362.44,5653.51,2926213.31,602089.43,819302.58,712717.86,2173920.36,524111.68,752505.94,642131.99,2330903.66,187.02
2016-11-18,4222.09,2467.30,5886.79,2896997.98,605486.50,825416.16,717387.61,2156272.92,527631.80,758116.98,646682.40,2311981.86,186.60
2016-11-21,4146.31,2413.96,5770.33,2889752.08,603697.80,822012.41,714848.84,2151819.07,525546.30,755006.58,644077.77,2307206.39,188.01
2016-11-22,4336.84,2497.42,6002.66,2928462.55,608203.95,826987.28,719679.89,2174787.88,529831.83,759599.03,648662.67,2331833.83,188.37
2016-11-23,4909.58,2873.79,6851.33,2907531.25,620921.39,846365.05,735635.77,2162433.85,540535.36,777424.31,662825.72,2318587.68,188.48
2016-11-25,5359.45,3082.14,7413.60,2918390.73,630478.85,858073.15,746385.54,2169003.52,548851.23,788207.09,672521.00,2325631.77,189.18
2016-11-28,4680.02,2763.49,6560.45,2929257.31,618264.15,841654.31,732014.54,2175373.65,538223.86,773117.63,659572.63,2332461.90,188.29
2016-11-29,4333.52,2576.07,6095.12,2937719.11,611984.44,831975.08,724087.83,2180471.24,532763.09,764205.86,652425.18,2337927.59,188.66
2016-11-30,4886.51,2887.94,6852.97,2878549.36,621359.35,847278.93,736293.58,2144973.57,540921.05,778249.37,663415.00,2299866.57,188.20
2016-12-01,4789.42,2898.89,6797.88,2823533.89,620945.96,848833.71,736724.22,2111816.27,540545.37,779655.05,663783.76,2264314.90,187.51
2016-12-02,4457.60,2700.92,6330.27,2842394.30,614268.01,838207.72,728151.40,2123683.95,534740.63,769897.08,656065.81,2277039.58,187.61
2016-12-05,4767.16,2828.89,6700.04,2847835.24,619940.65,845297.58,734593.04,2127138.15,539668.30,776426.13,661870.51,2280743.21,188.73
2016-12-06,4788.79,2874.06,6768.73,2854759.89,620637.72,847716.64,736057.16,2131588.73,540275.67,778690.02,663207.89,2285515.17,189.33
2016-12-07,4519.12,2759.38,6443.10,2886906.46,615075.43,841057.45,729867.78,2151902.37,535443.24,772533.76,657620.27,2307295.71,191.81
2016-12-08,4739.23,2889.24,6751.63,2889318.85,619204.76,847416.90,735077.13,2153418.03,539036.81,778381.52,662316.00,2308920.82,192.28
2016-12-09,5372.31,3229.83,7600.53,2870574.81,632379.07,864274.11,750208.19,2141490.79,550506.67,793867.20,675950.82,2296132.29,193.44
2016-12-12,5251.05,3124.74,7391.10,2860850.17,630744.39,859878.47,747330.81,2135227.86,549085.73,789824.21,673357.21,2289417.10,193.22
2016-12-13,5316.55,3146.74,7463.21,2870306.78,631753.62,860261.21,748095.02,2141274.97,549971.06,790177.73,674050.76,2295900.88,194.51
2016-12-14,5912.54,3473.94,8269.54,2824291.68,642395.78,877023.45,761684.35,2112175.51,559226.28,805563.82,686284.87,2264700.09,192.90
2016-12-15,6312.49,3680.01,8794.51,2821509.86,649155.02,886893.57,769977.58,2110419.63,565119.03,814728.04,693804.31,2262817.42,193.69
2016-12-16,5947.19,3459.34,8276.36,2806338.66,641935.80,875130.16,760589.80,2100768.89,558776.31,803475.40,685119.54,2252469.77,193.32
2016-12-19,5633.36,3168.13,7709.63,2832341.98,636138.40,859868.47,750523.22,2117208.85,553373.96,788765.78,675536.20,2270096.90,193.74
2016-12-20,5994.72,3385.41,8221.29,2841664.66,642536.18,870554.37,758960.82,2123031.19,560015.12,798943.46,683948.15,2276339.68,194.48
2016-12-21,5760.14,3272.93,7923.85,2828302.52,638382.03,865140.78,754147.57,2114631.75,555618.22,793638.97,678992.68,2267333.70,193.94
2016-12-22,5766.78,3285.23,7943.31,2833629.94,638390.44,865728.05,754408.50,2117928.40,555648.85,794199.88,679251.34,2270868.41,193.61
2016-12-23,5777.17,3212.92,7863.06,2836311.92,638497.45,861625.88,752684.38,2119622.91,555732.23,790280.40,677626.20,2272685.29,193.89
2016-12-27,6054.43,3309.26,8169.62,2839319.87,643541.59,865836.92,757496.79,2121606.92,560056.76,793601.49,681686.57,2274812.56,194.37
2016-12-28,5744.67,3177.31,7797.76,2843218.93,637498.45,858789.34,750857.31,2124079.16,554307.20,785654.72,674774.41,2277463.32,192.77
2016-12-29,5372.29,3022.73,7355.34,2851506.71,630758.45,851575.17,743734.32,2129409.01,547927.43,778131.09,667660.37,2283178.06,192.72
2016-12-30,5172.07,2898.62,7067.28,2845435.92,626785.24,845279.62,738642.73,2125421.42,543507.25,771713.32,662214.00,2278902.51,192.02
2017-01-03,4999.63,2924.45,6980.95,2865800.88,624382.42,848239.70,738520.24,2138442.63,540638.47,776731.30,662619.32,2292864.02,193.49
2017-01-04,4845.04,2891.90,6834.17,2896383.28,622030.01,846527.00,736383.44,2157544.94,537910.72,775013.53,660215.02,2313345.74,194.64
2017-01-05,4620.72,2551.72,6274.01,2923757.01,617902.79,829779.76,726656.36,2174602.76,533155.04,758300.80,650177.95,2331635.35,194.48
2017-01-06,4488.16,2690.80,6354.99,2912911.98,616066.65,836748.78,728628.16,2167853.74,530989.33,765216.81,651822.36,2324398.96,195.18
2017-01-09,4352.95,2422.87,5942.87,2911925.63,613808.70,825514.98,722401.80,2167237.01,528371.96,751459.90,644356.71,2323737.69,194.54
2017-01-10,4542.44,2398.87,6042.80,2918891.51,616394.59,824254.25,723371.86,2171555.38,531398.23,749973.96,645564.92,2328367.90,194.54
2017-01-11,4235.74,2106.16,5470.13,2937361.79,611423.91,813051.05,715539.18,2183247.65,525632.82,736294.37,636175.31,2340904.50,195.09
2017-01-12,4369.13,1973.20,5383.58,2948651.04,613276.14,807440.75,714154.28,2190367.79,527774.78,729435.32,634508.33,2348538.80,194.60
2017-01-13,4534.56,1992.28,5511.54,2948168.15,615936.18,808355.32,716107.52,2190069.85,530834.68,730555.70,636834.97,2348219.34,195.04
2017-01-17,4630.03,1956.12,5519.55,2947218.55,617168.72,806566.44,716031.65,2189495.34,532256.90,728371.47,636736.07,2347603.35,194.36
2017-01-18,4411.44,1948.64,5378.70,2917108.36,613183.17,805788.90,713374.53,2170448.23,527707.97,727505.48,633636.62,2327180.81,194.78
2017-01-19,4167.91,1917.49,5187.24,2886363.04,609175.22,804266.46,710369.19,2151084.61,523087.98,725640.64,630050.82,2306418.90,194.06
2017-01-20,4363.73,1946.61,5348.49,2898930.99,612601.30,805850.55,713066.37,2158985.06,526989.86,727524.20,633218.41,2314889.85,194.78
2017-01-23,4531.53,1926.10,5423.14,2924605.31,615380.30,804678.03,714164.98,2174893.18,530220.99,726144.81,634559.34,2331946.73,194.27
2017-01-24,4557.41,1979.53,5513.85,2935474.10,616103.90,807355.17,715772.87,2181664.79,531041.63,729423.98,636483.20,2339207.33,195.51
2017-01-25,4690.23,2050.77,5693.40,2929899.31,618507.29,811094.77,718826.67,2178246.22,533769.64,733947.66,640091.68,2335541.90,197.21
2017-01-26,4227.94,2040.37,5398.39,2934118.23,610855.22,810727.69,714217.40,2180960.58,524915.31,733441.38,634561.90,2338452.27,197.00
2017-01-27,4217.47,2029.75,5377.67,2931385.22,610529.44,809875.56,713651.60,2179095.54,524611.96,732511.22,633976.16,2336452.55,196.69
2017-01-30,4037.12,1974.36,5189.31,2919803.16,607786.34,807341.34,710931.83,2171969.87,521369.91,729293.98,630624.97,2328812.32,195.47
2017-01-31,4456.12,1966.82,5448.69,2940619.55,615466.22,806722.08,715150.78,2184907.82,530224.31,728601.98,635680.72,2342684.55,195.45
2017-02-01,4405.20,1956.21,5402.86,2931099.71,614511.86,806091.40,714316.77,2179041.67,529112.50,727825.33,634675.45,2336394.79,195.53
2017-02-02,4274.22,1971.43,5343.55,2946706.74,612061.01,806998.25,713294.12,2188467.81,526296.48,728920.68,633464.11,2346501.62,195.66
2017-02-03,4199.69,2028.54,5374.36,2968213.72,610434.13,809856.22,713609.20,2201315.91,524468.89,732476.69,633909.40,2360277.50,197.01
2017-02-06,4183.97,1992.99,5317.22,2960777.49,610422.41,808110.99,712833.43,2196967.25,524373.12,730243.90,632885.36,2355614.81,196.66
2017-02-07,3966.26,1953.02,5125.55,2941197.66,606317.12,805520.05,709293.68,2185064.06,519656.69,727115.78,628683.61,2342852.07,196.67
2017-02-08,4107.49,1965.05,5232.59,2954028.07,608998.18,806229.71,711174.33,2192823.32,522731.91,727984.21,630919.25,2351171.65,196.92
2017-02-09,3951.79,1966.61,5135.50,2969843.00,606038.82,805759.55,709239.03,2202364.54,519333.63,727466.26,628644.01,2361401.85,198.09
2017-02-10,4260.96,2044.37,5437.92,3011555.88,612253.50,810415.57,714924.65,2227504.06,526498.85,733164.66,635442.84,2388356.75,198.87
2017-02-13,4334.20,2035.08,5472.30,3012436.50,613847.65,809270.50,715350.31,2227990.21,528325.63,731830.03,635966.86,2388878.01,199.96
2017-02-14,4416.76,2084.98,5591.50,3018980.70,615809.48,812394.89,717874.32,2232093.82,530532.78,735572.74,638921.51,2393277.95,200.76
2017-02-15,4536.26,2157.86,5764.87,3043958.44,618374.86,816703.83,721273.41,2247421.71,533508.34,740865.36,643011.83,2409712.70,201.80
2017-02-16,4406.58,2170.71,5699.63,3040614.04,615777.02,817702.33,720199.26,2245352.57,530521.97,742056.38,641729.03,2407494.14,201.63
2017-02-17,4369.26,2131.31,5623.77,3038579.95,615100.01,815054.06,718637.11,2244185.67,529707.09,738820.72,639837.09,2406242.98,201.95
2017-02-21,4673.02,2205.04,5916.53,3072100.35,621457.05,819386.44,724260.60,2264810.16,537036.97,744148.95,646571.18,2428356.81,203.15
2017-02-22,4571.92,2214.55,5865.29,3070877.41,619606.53,820158.04,723523.29,2264041.25,534903.04,745065.17,645684.64,2427532.37,202.97
2017-02-23,4371.74,2213.24,5735.15,3069837.54,615481.59,820045.74,721065.38,2263435.09,530168.26,744934.45,642770.31,2426882.43,203.11
2017-02-24,4524.69,2277.08,5918.19,3067927.19,618683.28,824345.70,724831.32,2262265.74,533874.35,750129.02,647258.00,2425628.65,203.37
2017-02-27,4351.10,2233.29,5747.75,3063127.58,615218.85,821348.05,721484.02,2259286.21,529958.84,746517.31,643326.25,2422433.96,203.68
2017-02-28,4342.39,2197.98,5696.57,3046705.53,615973.41,819756.63,721227.50,2249267.07,529505.90,744445.76,642158.73,2411691.32,203.13
2017-03-01,4882.96,2316.31,6204.48,3092733.21,625686.95,826742.31,729987.19,2276814.81,537524.23,753096.09,650751.74,2441228.34,205.98
2017-03-02,4444.67,2077.50,5606.19,3026859.71,616728.06,810724.93,717689.62,2240100.47,529831.07,733704.09,637716.56,2401862.78,204.68
2017-03-03,4171.47,2102.32,5467.38,3035957.72,611263.73,812564.89,715324.59,2245170.73,525061.91,735866.07,635786.00,2407299.17,204.81
2017-03-06,4254.73,1993.42,5380.33,3014176.98,612755.05,805775.49,713208.74,2233270.17,526322.45,727574.17,632967.09,2394539.24,204.20
2017-03-07,4250.49,1911.50,5267.10,2981362.80,611934.19,800045.51,710195.16,2214913.93,525619.21,720739.03,629571.04,2374857.47,203.59
2017-03-08,4548.86,1844.75,5360.01,2932676.22,617431.39,795113.89,711196.23,2188131.57,530343.12,714809.87,629810.54,2346141.10,203.21
2017-03-09,4583.18,1853.58,5393.05,2910519.01,618177.98,795381.01,711745.68,2175969.88,530981.83,715162.08,630344.95,2333101.18,203.47
2017-03-10,4544.50,1973.89,5545.32,2928000.30,617684.84,803473.72,715082.66,2185665.56,530552.47,724886.20,634375.53,2343497.01,204.18
2017-03-13,4499.20,1998.66,5552.47,2945354.34,616729.51,804881.70,715156.22,2194921.08,529616.61,726647.07,634586.53,2353420.89,204.29
2017-03-14,4559.50,1963.23,5540.47,2915843.47,617616.20,802803.37,714747.00,2178834.73,530500.50,724094.19,634001.35,2336172.91,203.50
2017-03-15,4165.42,1985.28,5332.15,3003958.89,610202.88,803542.72,710786.53,2226769.58,523427.99,725038.61,630188.62,2387569.24,205.26
2017-03-16,3974.82,1961.61,5178.37,3000265.30,606405.82,802263.81,708009.42,2224696.91,519437.35,723417.35,627081.74,2385346.89,204.86
2017-03-17,3819.46,1945.52,5055.93,3011473.66,603118.30,801330.43,705678.38,2230843.54,516134.36,722269.87,624590.67,2391937.38,204.50
2017-03-20,3757.17,1932.16,4997.34,3017582.60,601706.22,800430.49,704456.02,2234058.57,514472.36,721220.28,623131.23,2395384.57,204.28
2017-03-21,3764.25,1877.81,4931.76,2954589.15,601361.44,797561.79,702991.83,2199732.97,514512.12,717581.77,621583.48,2358580.25,201.65
2017-03-22,3765.24,1879.53,4934.67,2965751.01,601380.89,797660.34,703046.63,2205676.85,513678.56,717703.27,621132.59,2364953.36,202.13
2017-03-23,3822.68,1921.21,5027.03,2965799.95,602595.50,800580.46,705043.48,2205582.95,514171.62,721265.02,622971.94,2364852.68,201.91
2017-03-24,3750.34,1874.49,4918.34,2977892.18,601074.43,797301.98,702710.02,2212275.53,512653.75,717267.92,620326.22,2372028.54,201.77
2017-03-27,3990.32,1868.67,5068.06,2968223.38,607905.47,796898.08,706525.08,2207058.91,520033.70,716777.39,624579.08,2366435.22,201.56
2017-03-28,3405.02,1763.18,4553.33,3004492.81,595139.57,788720.99,695481.75,2226657.98,508964.04,706957.22,613653.05,2387449.57,203.03
2017-03-29,3232.97,1683.59,4335.52,3031245.39,591636.15,782832.81,690838.65,2241184.39,505957.70,699870.06,608764.79,2403024.97,203.22
2017-03-30,2803.59,1566.20,3896.46,3037632.85,582974.53,773587.65,681702.31,2244677.13,498546.22,688775.57,599480.94,2406769.93,203.86
2017-03-31,2772.65,1492.06,3782.74,3034364.97,582176.07,767517.18,678560.75,2242765.39,497595.00,681549.32,595764.32,2404720.13,203.39
2017-04-03,2927.81,1551.52,3963.95,3026135.90,586311.48,772317.13,683092.60,2238339.92,502289.12,687281.10,601079.60,2399975.09,203.03
2017-04-04,3008.12,1545.58,4010.73,3045827.36,588551.98,772358.52,684416.07,2249028.17,504844.56,687305.69,602619.37,2411435.17,203.16
2017-04-05,3036.76,1516.10,3991.57,3031298.08,589404.08,770023.80,683877.07,2241097.98,505814.00,684505.94,601970.58,2402932.32,202.56
2017-04-06,2999.65,1504.74,3952.23,3039639.96,588275.77,769009.54,682772.10,2245627.48,504528.05,683297.62,600674.06,2407788.91,203.13
2017-04-07,2816.21,1429.57,3732.66,3033793.12,581632.67,761810.77,675721.25,2242451.42,498847.52,675540.39,593882.92,2404383.50,202.92
2017-04-10,2850.55,1445.24,3775.87,3029020.54,582753.60,763382.44,677069.41,2239864.47,499413.19,676966.96,594846.70,2401609.74,203.04
2017-04-11,2890.91,1459.72,3821.53,3038422.01,585280.46,765649.40,679542.65,2245091.11,502068.12,679567.79,597570.50,2407213.80,202.80
2017-04-12,3165.77,1571.40,4149.38,3031174.91,592348.09,774906.34,687753.54,2241041.98,507777.91,687209.67,604328.35,2402872.27,201.91
2017-04-13,3274.46,1624.95,4291.31,3026349.63,595299.87,778816.90,691202.51,2238559.37,510307.68,690671.07,607355.71,2400210.39,200.60
2017-04-17,3195.69,1595.27,4200.51,3050875.88,593041.73,776226.89,688742.23,2251805.87,508371.02,688383.41,605197.38,2414413.45,202.38
2017-04-18,3539.74,1726.48,4599.37,3013675.44,602676.27,787290.44,699245.19,2231825.80,516633.93,698163.17,614414.70,2392990.57,201.78
2017-04-19,3490.42,1699.10,4530.85,3000154.58,600456.44,784253.62,696608.83,2224560.60,514722.12,695530.07,612119.26,2385200.74,201.40
2017-04-20,3480.79,1717.46,4549.09,3036432.81,598055.79,784430.47,695294.84,2244058.66,512653.97,695750.62,610986.56,2406106.79,203.04
2017-04-21,3556.32,1735.17,4621.90,3023829.50,600269.73,786646.30,697563.81,2237176.47,514556.62,697691.92,612972.76,2398727.63,202.40
2017-04-24,3406.30,1664.94,4430.87,3064456.28,596096.98,779885.93,692141.86,2259011.35,510975.26,691727.74,608219.60,2422139.25,204.62
2017-04-25,2849.50,1385.83,3697.34,3074224.72,584511.38,759760.86,676485.30,2264226.21,501046.93,673873.68,594461.37,2427730.68,205.81
2017-04-26,3042.68,1444.59,3901.06,3070142.64,588162.29,763622.98,680317.40,2262132.25,504174.15,677307.33,597831.01,2425485.52,205.68
2017-04-27,3009.70,1376.86,3788.47,3061137.36,587995.42,759777.30,678507.82,2257092.83,504037.60,673860.26,596228.76,2420082.20,205.86
2017-04-28,2941.93,1337.49,3691.64,3043123.87,587104.37,756283.44,676433.64,2247553.26,503279.90,670724.29,594393.27,2409853.74,205.41
2017-05-01,2790.38,1182.97,3383.31,3058724.48,583899.16,746025.50,669999.75,2255782.30,500537.92,661609.76,588735.45,2418677.02,205.92
2017-05-02,2958.73,1261.89,3598.23,3063000.78,587814.80,751764.57,674823.38,2257835.07,503895.82,666693.47,592972.11,2420878.03,206.00
2017-05-03,2979.63,1241.74,3582.21,3061627.16,589157.80,749850.31,674735.10,2257097.49,505050.26,664994.44,592895.79,2420087.19,205.75
2017-05-04,3186.13,1308.50,3802.64,3068049.47,593427.73,753919.55,679010.98,2260589.98,508717.98,668596.82,596654.53,2423831.88,205.99
2017-05-05,2989.76,1228.75,3569.57,3090905.41,588385.70,748531.58,673700.08,2272518.90,504396.15,663821.86,591989.50,2436622.21,206.80
2017-05-08,2921.24,1178.23,3455.29,3084324.62,585917.92,745401.94,670878.90,2269146.89,502280.56,661044.82,589509.74,2433006.69,206.77
2017-05-09,2996.64,1172.78,3491.89,3105170.91,587456.19,745362.85,671741.96,2280211.79,503599.19,661007.02,590266.70,2444870.62,206.58
2017-05-10,2820.97,1059.60,3221.03,3114294.29,581820.74,734768.51,663746.01,2285189.23,498494.46,650352.52,582517.95,2450207.49,206.95
2017-05-11,2733.43,1039.19,3140.05,3112841.62,578309.00,732364.26,660656.97,2284393.44,495228.88,647691.40,579418.17,2449354.23,206.53
2017-05-12,2677.35,1024.77,3086.04,3105467.11,576085.03,730581.20,658582.40,2280293.87,493058.05,645778.99,577292.82,2444958.63,206.18
2017-05-15,2458.01,944.38,2838.60,3115691.21,569189.02,722632.60,651058.00,2285789.71,485520.12,637161.89,569028.34,2450851.33,207.32
2017-05-16,2329.03,877.18,2663.12,3102124.23,564720.59,715836.14,645440.78,2278584.19,480441.42,629698.77,562719.70,2443125.49,207.13
2017-05-17,2243.17,877.94,2615.18,3024534.39,561870.56,716262.63,644004.35,2237635.50,477001.53,628501.97,560170.45,2399219.81,203.46
2017-05-18,2115.89,829.18,2468.36,3046612.09,556068.55,711772.96,638660.91,2248879.14,472977.44,625625.33,556525.65,2411275.37,204.28
2017-05-19,2245.90,854.00,2581.15,3065945.31,561954.58,715452.80,643691.97,2258786.68,480298.88,629471.66,562543.76,2421898.35,205.61
2017-05-22,2237.10,851.11,2571.71,3075312.58,561687.47,715188.43,643420.07,2263801.37,480223.72,628365.34,562005.40,2427275.16,206.65
2017-05-23,2149.97,808.14,2456.73,3092378.19,557688.73,709460.47,638553.18,2272677.98,476298.28,621944.53,556837.07,2436792.77,207.11
2017-05-24,2198.46,825.56,2510.90,3089071.46,559890.94,711789.36,640862.01,2270745.52,478670.87,624746.04,559478.07,2434720.77,207.59
2017-05-25,2144.94,818.71,2469.92,3105843.34,557590.99,711295.74,639323.50,2279652.94,476514.03,623516.70,557667.14,2444271.41,208.58
2017-05-26,2048.62,738.44,2293.38,3103909.32,553265.91,701380.62,632388.05,2278764.55,472785.20,613352.39,550939.78,2443318.87,208.54
2017-05-30,2085.42,751.11,2333.66,3080808.97,555195.76,702883.43,634168.46,2266343.74,474412.88,614987.98,552622.73,2430001.13,208.36
2017-05-31,2188.36,787.41,2447.65,3075359.20,559563.42,707913.36,638932.02,2263487.61,478143.25,621041.07,557515.04,2426938.75,208.31
2017-06-01,2151.97,780.74,2416.93,3124230.12,558157.27,707818.23,638086.29,2288801.41,476945.98,619957.66,556330.73,2454080.51,209.96
2017-06-02,2404.91,860.63,2682.62,3163239.22,568666.51,719655.55,649428.96,2308288.50,485926.00,631178.31,566602.61,2474974.81,210.66
2017-06-05,2326.62,827.95,2588.04,3150534.17,565507.19,714977.81,645514.32,2301932.30,483228.06,627057.87,563180.23,2468159.62,210.51
2017-06-06,2451.25,851.54,2694.22,3138066.69,570918.22,717888.43,649916.52,2295421.39,487852.33,629612.75,567022.23,2461178.54,209.83
2017-06-07,2354.42,829.46,2606.08,3153137.61,567108.89,715488.03,646661.75,2303364.33,484596.47,627506.23,564181.56,2469695.05,210.22
2017-06-08,2215.62,782.22,2455.05,3157883.19,561602.69,709952.95,641021.13,2305587.27,479890.13,622646.72,559257.37,2472078.52,210.33
2017-06-09,2086.70,740.96,2318.87,3137538.07,556780.47,704637.91,635869.57,2295325.57,475764.84,617985.19,554760.11,2461075.80,210.01
2017-06-12,2121.84,748.38,2350.00,3125883.98,558274.30,705256.61,637001.73,2289202.19,477042.92,618529.66,555749.64,2454510.24,209.96
2017-06-13,2046.18,762.23,2329.86,3138910.72,556222.27,707544.70,636864.36,2295956.40,475285.26,620533.75,555626.15,2461752.18,210.99
2017-06-14,2117.23,795.92,2421.79,3140808.63,557930.15,710942.67,639371.37,2296777.07,476742.93,623506.11,557808.91,2462632.11,210.72
2017-06-15,1950.38,733.94,2232.07,3121238.48,552099.25,702107.19,632057.35,2286928.41,471759.33,615750.37,551424.13,2452072.26,210.32
2017-06-16,1917.42,752.93,2242.10,3118315.06,550730.11,704357.93,632286.72,2285719.32,470587.59,617732.08,551626.68,2450775.86,210.36
2017-06-19,2018.24,754.12,2302.81,3151621.18,554813.71,705049.12,634941.12,2302454.02,474086.06,618330.28,553944.24,2468719.01,212.11
2017-06-20,2068.42,750.51,2325.92,3131031.11,557588.66,704135.56,636117.62,2291868.14,476456.28,617522.58,554967.18,2457368.70,210.68
2017-06-21,2202.72,786.98,2457.94,3143702.99,562520.27,708981.96,641119.83,2298471.31,480675.38,621775.39,559335.34,2464448.70,210.63
2017-06-22,2256.87,787.85,2489.50,3156872.41,564729.48,707947.09,641910.87,2305337.37,482564.02,620867.98,560026.04,2471810.57,210.54
2017-06-23,2224.56,789.83,2474.82,3175113.33,563210.36,708312.23,641213.04,2314505.55,481263.97,621189.90,559416.87,2481640.80,210.79
2017-06-26,2244.36,775.82,2463.89,3183325.24,563901.06,706695.92,640874.62,2318563.50,481853.36,619769.43,559119.81,2485991.78,210.93
2017-06-27,1969.51,736.15,2250.03,3138487.21,553356.91,701086.39,632339.37,2295538.84,472841.56,614863.05,551678.25,2461304.47,209.23
2017-06-28,1947.23,732.07,2231.06,3167891.96,552706.48,700984.45,631921.76,2310823.60,472288.09,614775.20,551315.97,2477692.97,211.10
2017-06-29,1708.77,618.02,1920.66,3107471.23,540470.24,687301.73,618759.44,2279780.47,461140.07,602781.89,539431.60,2444408.16,209.24
2017-06-30,1630.54,569.69,1801.60,3092818.36,536454.93,680122.12,613229.17,2272524.74,456306.53,594791.37,533029.14,2436628.47,209.63
2017-07-03,1681.58,532.69,1771.29,3081973.63,539098.58,674443.04,612179.91,2267226.06,459085.39,588124.15,531664.74,2430947.16,209.99
2017-07-05,1616.79,526.20,1726.38,3097327.08,535792.36,673659.58,609947.13,2274676.14,454234.48,587248.62,528460.09,2438935.23,210.48
2017-07-06,1603.39,520.60,1710.04,3086474.10,535249.80,672773.50,609237.17,2269427.17,454684.66,586172.94,528237.96,2433307.22,208.55
2017-07-07,1712.25,560.90,1834.27,3125703.29,541271.50,680088.76,615976.41,2288985.48,460320.47,594691.16,535349.87,2454277.88,209.90
2017-07-10,1622.08,536.90,1746.74,3127953.89,536877.65,675541.58,611417.02,2290070.12,456581.58,589460.64,530821.42,2455440.84,210.13
2017-07-11,1635.03,508.58,1707.64,3127637.20,537206.23,669851.87,609029.30,2289909.04,456827.11,583255.34,528170.15,2455268.12,209.97
2017-07-12,1688.99,511.60,1740.90,3139595.99,540006.01,668828.21,610151.00,2295695.72,459200.44,580918.67,528484.14,2461472.67,211.55
2017-07-13,1743.23,534.75,1808.22,3156606.17,542215.59,673467.55,613515.46,2304184.54,461080.60,584956.03,531402.54,2470574.49,211.91
2017-07-14,1769.18,526.86,1808.34,3157718.82,543550.46,671141.79,613211.30,2305053.47,462213.40,582943.80,531141.31,2471506.17,212.89
2017-07-17,1732.68,518.11,1774.69,3148566.81,541523.96,669664.89,611393.48,2300313.13,460493.70,581663.30,529569.88,2466423.52,212.87
2017-07-18,1767.13,549.39,1845.89,3147187.84,543177.46,675849.47,615150.11,2299542.47,461895.50,587041.85,532824.34,2465597.21,212.98
2017-07-19,1702.06,542.15,1799.75,3145681.18,539690.82,674738.84,612670.36,2298782.73,458242.19,586064.61,530273.70,2464782.61,214.13
2017-07-20,1789.20,558.72,1873.31,3168629.08,544580.47,678033.64,616941.64,2310105.31,463037.43,588934.59,534346.58,2476922.81,214.23
2017-07-21,1872.28,587.96,1965.83,3159731.02,549082.85,683748.55,622091.95,2305713.35,467429.30,593905.88,539135.95,2472213.70,214.04
2017-07-24,1917.53,604.28,2016.86,3165064.64,551433.07,686884.48,624849.89,2308346.75,469737.94,596632.96,541705.15,2475037.26,213.99
2017-07-25,2067.47,630.79,2139.96,3186147.17,559152.77,691866.13,631489.50,2318797.78,477378.94,600975.55,548082.37,2486242.98,214.51
2017-07-26,2172.33,667.81,2257.02,3175056.82,565121.33,699673.79,638423.01,2313362.09,483380.28,607757.67,554620.07,2480414.78,214.52
2017-07-27,2029.05,613.02,2090.00,3161251.75,557349.37,688645.06,629001.35,2306657.90,475443.64,598170.69,545692.52,2473226.46,214.32
2017-07-28,2183.02,673.48,2272.36,3139830.69,565933.87,700949.78,639464.91,2295871.68,484546.08,608860.98,555792.41,2461661.34,214.06
2017-07-31,2246.21,686.58,2327.36,3144329.74,569269.39,703647.63,642579.96,2298083.52,487369.84,611343.47,558544.95,2464032.90,213.94
2017-08-01,2110.52,653.55,2201.08,3150434.89,562165.79,697548.54,635785.88,2301726.79,480611.42,605862.28,552168.34,2467939.26,214.42
2017-08-02,2169.43,660.69,2243.82,3157281.33,565248.62,699102.22,638237.21,2305143.82,483512.20,607229.24,554457.58,2471603.04,214.52
2017-08-03,2139.56,643.63,2199.40,3135633.88,563740.86,695514.69,635748.39,2294828.96,482084.97,604052.16,552188.77,2460543.32,214.11
2017-08-04,2041.82,598.18,2071.52,3158974.86,558491.79,686104.83,628487.99,2305914.64,477167.41,595784.67,545593.62,2472429.53,214.50
2017-08-07,2183.72,615.32,2173.18,3169478.85,565630.69,689144.79,633897.14,2310883.81,484279.52,598453.86,550881.78,2477757.53,214.90
2017-08-08,2173.79,623.49,2182.67,3152568.27,564979.61,690676.40,634236.72,2302803.64,483533.22,599829.08,551090.26,2469093.88,214.37
2017-08-09,2029.50,598.73,2066.88,3114001.79,557914.92,687708.63,628908.74,2284344.62,475482.65,597282.79,545332.88,2449301.89,214.36
2017-08-10,2083.17,564.84,2035.72,3022163.83,560623.50,680248.62,627024.27,2240748.53,478571.03,590816.74,544152.10,2402557.64,211.33
2017-08-11,2046.27,582.57,2049.64,3033548.00,558772.08,683808.37,627629.53,2246235.98,476428.30,594053.09,544424.28,2408441.34,211.65
2017-08-14,2065.55,556.48,2013.39,3073074.02,559712.85,678296.69,625628.45,2264454.56,477533.49,588490.54,542506.82,2427975.52,213.74
2017-08-15,2087.04,523.53,1964.25,3098010.70,561021.22,671423.56,623189.96,2276155.17,478986.41,582280.59,540469.77,2440521.06,213.72
2017-08-16,2385.69,609.42,2265.93,3124592.11,576255.68,687574.88,639146.80,2288475.06,496380.12,596459.04,556863.14,2453730.60,214.09
2017-08-17,2257.53,562.21,2117.30,3044838.01,570103.83,678914.08,631709.78,2250805.23,489331.94,586357.91,548194.36,2413340.55,210.75
2017-08-18,2337.77,589.93,2207.12,3085285.38,573910.86,683768.33,636077.36,2269479.37,493697.84,592053.97,553302.57,2433363.19,210.42
2017-08-21,2416.61,619.28,2299.25,3073540.64,577863.36,689361.40,640869.16,2264079.66,498164.61,598478.68,558807.70,2427573.55,210.59
2017-08-22,2326.12,607.45,2234.23,3118753.90,573691.24,687176.09,637539.86,2285478.40,493350.30,595917.47,554911.79,2450517.55,212.79
2017-08-23,2396.73,629.90,2309.44,3112947.78,577159.16,691463.97,641455.88,2282755.35,497306.90,600864.99,559440.49,2447597.85,212.03
2017-08-24,2363.35,619.48,2274.26,3115502.96,575417.96,689403.00,639532.34,2283953.46,495320.25,598508.66,557226.11,2448882.49,211.53
2017-08-25,2288.03,593.68,2190.64,3129604.40,571642.67,684449.79,635136.92,2290431.37,491222.33,592814.49,552270.36,2455828.17,212.03
2017-08-28,2314.21,616.03,2244.41,3113793.87,573089.23,688395.35,637771.17,2283135.71,493265.21,595665.99,554746.99,2448005.68,212.04
2017-08-29,2408.34,646.29,2345.19,3111547.92,577611.03,693454.18,642630.66,2281964.84,497620.61,598370.73,558455.59,2446750.26,212.28
2017-08-30,2211.70,607.79,2179.58,3109673.35,569081.58,686964.32,634878.76,2281068.12,490273.38,592767.07,551717.94,2445788.78,213.28
2017-08-31,2420.79,663.93,2383.29,3143606.81,577991.33,696035.39,644040.36,2297207.33,497942.17,600604.77,559680.36,2463093.44,214.57
2017-09-01,2382.33,673.88,2382.21,3156178.60,576657.62,698199.74,644298.63,2303178.43,496762.24,602499.07,559899.85,2469495.73,214.87
2017-09-05,2277.06,675.26,2332.01,3096981.17,570959.02,697020.33,640570.94,2275194.61,491905.60,601423.85,556663.30,2439491.14,213.33
2017-09-06,2250.57,653.82,2281.42,3124535.01,570123.74,694204.00,638808.26,2288212.14,491143.10,599016.48,555117.76,2453448.69,214.06
2017-09-07,2353.74,723.28,2454.90,3139551.09,574912.55,705245.95,646571.54,2295097.08,495934.55,608542.23,562239.37,2460830.81,214.03
2017-09-08,2147.73,639.47,2205.23,3115935.72,564837.52,690744.81,634258.79,2283991.94,486047.99,595969.31,550827.06,2448923.74,213.78
2017-09-11,1830.73,594.22,1964.47,3167144.87,550421.08,684392.07,623248.02,2307626.63,472972.95,590541.52,540909.91,2474265.14,216.06
2017-09-12,1771.00,588.99,1923.78,3182502.96,547973.62,683812.74,621598.59,2315066.20,470658.29,590038.45,539355.95,2482241.94,216.79
2017-09-13,1681.51,502.33,1733.66,3168111.49,544045.53,670223.09,613194.04,2308337.59,467388.58,578290.47,532113.04,2475027.44,216.89
2017-09-14,1771.44,479.07,1739.88,3154142.78,548416.81,665728.23,613601.28,2301618.48,471523.02,574354.32,532655.60,2467823.13,216.82
2017-09-15,1935.37,515.28,1886.13,3157034.29,556874.38,671263.81,620883.76,2302931.06,481223.92,579103.33,540337.02,2469230.49,217.11
2017-09-18,1850.13,432.77,1693.58,3172928.74,552607.38,658579.79,612639.00,2310302.04,476321.93,568158.92,532479.06,2477133.75,217.58
2017-09-19,1879.60,448.17,1737.21,3203446.77,554294.22,661292.16,614835.63,2324842.38,478185.66,570382.31,534562.68,2492724.08,217.79
2017-09-20,1847.79,410.23,1648.98,3201963.38,552672.23,654997.22,611009.70,2324090.25,476595.58,563149.79,530284.75,2491917.63,217.87
2017-09-21,1903.61,406.08,1665.54,3189156.22,555619.84,654554.09,612432.39,2318060.85,479759.04,562601.26,531786.40,2485452.84,217.29
2017-09-22,1856.69,390.73,1613.53,3200068.55,553178.34,651882.69,609837.07,2323152.40,477140.47,559535.48,528886.20,2490912.06,217.33
2017-09-25,1825.38,371.28,1559.78,3174051.87,551672.91,648737.24,607535.97,2310915.75,474838.07,555921.96,525902.36,2477791.77,216.89
2017-09-26,1811.46,368.20,1547.35,3170665.07,550888.55,648155.04,606831.47,2309294.19,474693.15,555257.63,525507.88,2476053.12,217.02
2017-09-27,1809.87,369.27,1548.92,3187160.15,551398.83,648545.15,607295.13,2317003.10,474694.93,555712.70,525724.21,2484318.70,217.86
2017-09-28,1815.84,360.70,1533.51,3203951.67,551538.72,646839.66,606573.66,2324702.35,475082.82,553810.03,525039.00,2492573.93,218.12
2017-09-29,1759.04,364.80,1518.24,3222223.06,548885.92,648058.68,605686.48,2333655.02,472802.73,555124.53,524402.18,2502173.09,218.89
2017-10-02,1819.68,358.73,1531.77,3242494.08,552011.53,647136.45,606980.04,2342969.34,476375.98,554059.01,525880.52,2512160.02,219.84
2017-10-03,1818.49,364.43,1543.45,3270481.95,551876.92,648388.65,607493.28,2355797.18,476220.16,555488.70,526473.01,2525914.19,220.31
2017-10-04,1815.89,369.69,1553.47,3265854.28,551555.91,649410.40,607795.25,2353481.35,476034.81,556694.08,526941.76,2523431.12,220.57
2017-10-05,1935.65,390.51,1648.45,3267161.19,558177.61,654070.15,613624.27,2354267.16,482992.84,561971.50,533290.50,2524273.68,221.88
2017-10-06,1854.41,372.37,1575.56,3255242.68,553691.41,650359.82,609417.91,2348580.44,479056.69,557879.77,529176.03,2518176.31,221.63
2017-10-09,1849.37,368.93,1566.14,3251274.45,553453.33,649534.62,608900.26,2346733.26,478856.06,556997.97,528647.00,2516195.75,221.26
2017-10-10,1812.06,371.60,1556.01,3273972.51,551363.53,650167.56,608047.34,2357138.05,477046.08,557704.35,527983.12,2527351.88,221.84
2017-10-11,1775.10,369.03,1534.76,3276839.83,549314.01,649796.33,606743.64,2358454.25,475262.37,557301.35,526805.28,2528763.13,222.19
2017-10-12,1796.26,368.62,1543.06,3262698.83,550719.93,649812.61,607527.70,2352335.75,476425.34,557373.58,527483.97,2522202.80,221.86
2017-10-13,1778.98,356.37,1510.00,3270867.22,549688.87,647439.20,605849.51,2356086.96,475009.53,555136.49,525641.63,2526224.90,222.13
2017-10-16,1795.58,363.15,1531.41,3284580.83,550475.59,648833.78,606935.55,2362142.75,476719.94,554357.38,526219.14,2532717.98,222.43
2017-10-17,1754.87,348.76,1483.72,3279840.66,548239.37,646226.98,604483.53,2360142.98,475316.01,551343.26,524013.72,2530573.80,222.58
2017-10-18,1785.79,354.05,1508.04,3307172.75,549998.13,647417.10,606009.74,2372710.47,476945.97,552702.58,525558.17,2544048.82,222.80
2017-10-19,1752.64,341.94,1468.26,3287938.21,548072.75,644798.34,603723.38,2363870.86,474729.60,549726.62,522922.13,2534570.89,222.86
2017-10-20,1867.40,380.20,1598.46,3308510.89,554811.87,653620.88,611565.34,2373542.72,482443.49,559734.94,531930.77,2544941.17,224.01
2017-10-23,1811.70,359.10,1530.26,3288627.78,551511.43,648799.20,607490.60,2364127.58,479093.03,555843.51,528234.64,2534846.14,223.14
2017-10-24,1909.51,389.71,1636.79,3307016.99,557320.02,655798.44,613966.49,2372994.52,484556.42,561677.66,534018.71,2544353.39,223.53
2017-10-25,1751.98,347.11,1479.81,3291868.70,552064.11,651492.42,609055.75,2365922.98,478464.67,557162.82,528515.67,2536771.19,222.43
2017-10-26,1877.31,390.04,1624.25,3287494.28,558803.59,658618.09,616104.12,2363896.09,484488.34,563256.68,534732.83,2534597.93,222.72
2017-10-27,1901.09,409.58,1675.23,3305374.02,557268.38,659349.58,615599.94,2372177.32,482550.48,563895.89,533966.84,2543477.17,224.54
2017-10-30,1745.94,348.80,1482.58,3296419.93,552208.35,654112.27,610360.20,2367839.44,478164.03,559413.33,529417.60,2538826.04,223.70
2017-10-31,1874.35,392.71,1630.41,3319519.33,558305.27,660032.69,616491.90,2378681.22,483443.17,564471.37,534733.51,2550450.73,224.05
2017-11-01,1960.55,422.35,1729.42,3305635.89,563470.94,664676.29,621512.55,2374213.53,487912.99,568440.94,539085.76,2545660.42,224.34
2017-11-02,1949.60,406.22,1691.58,3312646.73,562608.32,662370.27,619958.67,2376972.56,487178.94,566471.27,537746.26,2548618.68,224.43
2017-11-03,2023.59,441.13,1796.35,3315178.34,565862.90,667414.37,624112.41,2378056.77,489998.44,570786.85,541350.71,2549781.19,225.18
2017-11-06,2094.31,467.13,1880.69,3326907.15,569328.71,671363.54,627870.17,2383248.94,493012.00,574162.73,544616.29,2555348.29,225.53
2017-11-07,2113.12,476.16,1907.31,3296478.81,569894.78,672635.14,628776.92,2370398.77,493498.64,575247.67,545399.64,2541570.19,225.37
2017-11-08,2093.26,464.07,1874.13,3307548.08,569066.65,670988.64,627550.50,2375019.84,492780.98,573845.19,544338.21,2546524.95,225.76
2017-11-09,1848.78,416.92,1669.49,3275092.82,558723.39,663910.62,618537.47,2361182.94,483827.96,567791.54,536522.16,2531688.86,224.94
2017-11-10,1872.73,423.21,1692.90,3289301.95,560121.49,664820.04,619735.00,2367347.36,484945.85,568567.44,537508.56,2538298.43,224.87
2017-11-13,1771.72,410.80,1622.41,3276109.94,554450.75,663159.35,615823.82,2361846.90,478720.90,567150.82,533389.12,2532400.77,225.08
2017-11-14,1645.26,312.92,1371.23,3250557.57,546967.46,649041.46,605112.92,2351078.09,470550.91,555085.88,523164.26,2520854.32,224.55
2017-11-15,1552.02,269.12,1236.41,3206330.67,541675.17,642183.07,598988.38,2332412.27,464594.75,549218.09,517088.03,2500840.60,223.43
2017-11-16,1548.31,304.08,1315.23,3283717.45,541559.81,649380.80,602281.39,2364946.70,464426.10,555930.00,520153.80,2535724.41,225.33
2017-11-17,1597.68,303.70,1335.39,3262024.54,544588.05,649112.20,603840.72,2355647.68,467949.47,555614.89,521979.45,2525753.89,224.67
2017-11-20,1519.86,319.65,1337.92,3287450.53,539137.91,652370.46,602334.67,2366546.97,461672.58,559252.54,520187.36,2537440.25,225.05
2017-11-21,1524.47,343.35,1389.55,3345387.24,539921.88,657498.64,605140.03,2391086.44,462749.93,564964.31,523450.70,2563751.76,226.52
2017-11-22,1648.65,340.89,1441.18,3354449.36,548339.65,657032.57,609642.83,2394853.42,472164.80,564435.06,528530.45,2567790.76,226.32
2017-11-24,1678.00,367.24,1509.69,3407714.76,549875.95,662263.49,612923.67,2417191.66,473853.17,570328.54,532234.71,2591742.09,226.85
2017-11-27,1655.84,346.37,1456.84,3354611.03,548759.49,658067.55,610359.77,2394573.87,472549.55,565550.01,529272.91,2567491.02,226.73
2017-11-28,1682.90,375.81,1530.65,3375218.66,550704.64,664713.56,614523.62,2403681.06,474666.86,573063.99,533974.64,2577255.86,229.03
2017-11-29,1598.52,364.08,1468.40,3357860.85,544921.07,662216.97,610142.68,2396060.17,468260.82,570258.59,529064.39,2569084.65,228.89
2017-11-30,1573.15,389.97,1508.94,3404449.22,543151.43,667866.50,611754.59,2415878.67,466377.90,576713.06,530994.80,2590334.29,230.90
2017-12-01,1324.80,382.16,1374.72,3412141.05,528164.15,666508.60,602692.55,2419115.46,453063.76,575102.27,522673.83,2593804.82,230.42
2017-12-04,1284.85,362.30,1318.28,3379436.04,525503.51,662416.32,599324.28,2405592.92,450199.84,570419.92,518894.12,2579305.78,230.14
2017-12-05,1330.17,355.50,1329.15,3370087.80,527816.63,660851.16,599935.27,2401807.11,452846.57,568600.82,519592.03,2575246.59,229.31
2017-12-06,1329.83,336.49,1293.45,3345882.79,527787.45,656744.29,598054.53,2391625.91,452806.25,564687.43,517780.84,2564330.18,229.35
2017-12-07,1446.61,400.47,1473.22,3354902.91,534899.33,669273.25,607788.55,2395500.32,460936.94,575694.01,527475.69,2568484.37,230.08
2017-12-08,1438.57,431.11,1525.47,3372851.24,534612.12,675749.30,610565.93,2403080.63,460587.08,581356.08,529869.43,2576612.07,231.33
2017-12-11,1494.38,473.56,1630.16,3394512.16,537926.88,683866.80,616126.02,2411987.58,464401.21,588332.52,535242.65,2586162.21,232.03
2017-12-12,1511.14,472.79,1637.98,3396420.60,539020.86,683587.12,616626.54,2412890.33,465632.83,588105.97,535849.34,2587130.15,232.44
2017-12-13,1394.82,418.26,1480.49,3452189.41,531936.00,672734.30,607679.22,2436150.26,457528.38,578384.98,526757.44,2612069.73,232.41
2017-12-14,1411.95,422.42,1496.93,3445983.08,532725.16,673350.04,608408.08,2433642.44,458417.95,578914.80,527510.79,2609380.82,231.46
2017-12-15,1349.57,427.65,1473.15,3456251.25,529084.03,675073.94,607107.69,2438083.66,454235.65,580426.66,525793.27,2614142.74,233.39
2017-12-18,1325.66,428.31,1461.22,3494482.94,527772.07,675578.54,606581.88,2454304.75,452734.88,581053.29,525208.49,2631535.19,234.87
2017-12-19,1276.89,410.29,1403.60,3439239.58,524361.27,672337.08,603166.61,2430938.99,449609.00,578370.99,522183.11,2606482.15,233.97
2017-12-20,1226.14,397.82,1354.39,3424073.41,521111.32,670378.61,600418.92,2424538.26,445755.82,576711.18,519196.26,2599619.21,233.85
2017-12-21,1196.32,398.91,1339.76,3464228.93,519114.17,670453.90,599302.09,2441413.36,443684.13,576773.69,518017.88,2617712.89,234.33
2017-12-22,1209.89,386.68,1326.82,3481709.27,520104.59,668272.83,598899.00,2448995.71,444720.83,574892.18,517778.16,2625842.77,234.27
2017-12-26,1156.84,370.01,1269.14,3502861.65,516399.64,666200.06,595837.08,2457835.75,440626.18,573077.69,514577.39,2635321.18,233.99
2017-12-27,1149.16,357.91,1244.18,3539798.80,515942.98,663023.85,594153.25,2473670.57,440137.03,570338.76,513062.11,2652299.46,234.10
2017-12-28,1228.96,377.94,1322.19,3555248.70,521453.60,666497.83,598882.80,2480194.04,444167.80,573150.94,516676.29,2659294.00,234.58
2017-12-29,1190.34,356.94,1264.68,3570872.29,518605.70,662223.84,595327.21,2486618.54,441586.03,569469.99,513515.55,2666182.43,233.70
2018-01-02,1249.21,377.31,1332.04,3600891.85,522936.34,666640.87,599798.28,2499477.50,445651.47,573245.76,517581.76,2679969.96,235.37
2018-01-03,1284.85,402.93,1396.27,3638772.93,525854.04,672853.86,604266.56,2514835.37,448966.03,579982.42,522547.79,2696436.86,236.86
2018-01-04,1343.83,429.85,1474.96,3687766.60,530125.78,678781.56,609382.66,2534560.64,453829.57,586739.51,528422.08,2717586.53,237.86
2018-01-05,1333.22,426.45,1463.31,3713984.13,529621.63,678664.49,609040.34,2545089.52,453272.14,586604.51,528036.77,2728875.72,239.44
2018-01-08,1346.86,435.57,1486.44,3710360.53,530726.13,680840.91,610651.97,2543737.14,454518.59,589061.98,529868.85,2727425.68,239.88
2018-01-09,1374.89,450.90,1528.05,3661886.29,532859.83,684627.32,613577.52,2524090.07,456683.72,593326.57,533048.90,2706359.86,240.42
2018-01-10,1375.15,452.67,1531.20,3662585.02,534658.39,684826.91,614702.47,2524317.55,457463.26,593899.41,533761.17,2706603.77,240.05
2018-01-11,1413.79,474.56,1589.73,3719466.30,537172.74,690156.95,618539.98,2547123.76,459631.08,598678.02,537173.23,2731056.85,241.81
2018-01-12,1535.10,521.45,1736.48,3792987.17,544606.31,699868.18,627171.51,2577184.32,465989.65,607071.91,544654.65,2763288.16,243.38
2018-01-16,1468.24,508.00,1676.28,3808447.47,540475.18,696468.54,623269.54,2583103.86,462453.61,604144.35,541274.89,2769635.16,242.55
2018-01-17,1533.59,554.84,1790.85,3816247.68,544710.98,705350.65,629686.17,2586511.77,466093.11,611833.88,546849.46,2773289.15,244.86
2018-01-18,1589.92,564.23,1838.90,3786214.63,548100.63,707920.98,632792.69,2574244.63,468986.31,614081.73,549551.25,2760136.18,244.45
2018-01-19,1621.55,582.58,1887.08,3804882.61,549609.88,710701.87,634906.81,2581986.93,470288.54,616489.27,551391.49,2768437.56,245.56
2018-01-22,1730.50,634.57,2034.68,3854710.10,555863.81,719779.10,642573.64,2602433.16,475643.71,624350.28,558046.30,2790360.26,247.56
2018-01-23,1696.12,652.41,2043.07,3913227.92,554272.57,722163.39,642718.19,2626402.08,474286.55,626388.18,558160.90,2816060.03,248.09
2018-01-24,1849.28,711.81,2228.33,3969620.78,563010.38,733448.70,652806.15,2649649.45,481747.02,636174.47,566910.98,2840986.14,247.99
2018-01-25,1750.89,674.30,2110.35,3945860.05,557884.38,726863.02,646903.58,2639718.70,477368.02,630467.08,561791.42,2830338.27,248.09
2018-01-26,1936.07,751.75,2343.15,4000276.43,568030.77,739635.49,658469.99,2662455.21,486057.46,641507.67,571823.49,2854716.63,250.97
2018-01-29,1927.89,719.27,2287.57,3910552.33,567095.54,734636.29,655702.62,2624977.09,485248.90,637201.51,569428.67,2814532.14,249.30
2018-01-30,1854.39,679.40,2180.56,3825269.18,562669.97,729399.64,650807.09,2589650.34,481452.93,632719.81,565198.92,2776654.37,246.75
2018-01-31,1862.10,693.26,2207.33,3874757.08,563487.58,732027.88,652452.46,2610165.72,482151.00,634993.65,566624.26,2798651.21,246.87
2018-02-01,2077.20,762.95,2445.77,3870681.31,574270.42,744412.99,664214.48,2608213.33,491364.20,645734.94,576830.32,2796557.83,246.59
2018-02-02,1987.38,671.59,2246.46,3703201.31,569122.83,730903.58,655210.57,2542707.46,486958.58,634091.55,569043.89,2726321.65,241.22
2018-02-05,1754.98,529.32,1877.17,3500734.97,554459.98,706346.48,635763.20,2463920.36,474382.90,612815.63,552149.45,2641845.17,231.13
2018-02-06,1794.36,546.90,1929.40,3578596.35,556515.37,710613.14,638861.74,2493012.65,476421.61,616175.21,554849.41,2673038.27,235.69
2018-02-07,1833.55,506.60,1879.39,3475838.96,558836.89,704383.72,637394.04,2454049.48,479187.21,610875.75,554073.83,2631261.49,234.41
2018-02-08,1826.97,502.14,1867.73,3312315.77,558450.36,702469.70,636307.62,2392371.75,478514.91,609073.08,552867.62,2565129.88,225.61
2018-02-09,1875.23,469.82,1832.30,3313545.98,561256.27,695168.78,634599.52,2393205.84,483852.03,600784.98,552189.19,2566024.20,229.00
2018-02-12,1837.81,468.49,1811.42,3408427.71,558876.80,694800.72,633086.32,2428350.09,481498.13,600328.44,550636.21,2603706.29,232.37
2018-02-13,1806.73,460.71,1781.07,3421039.75,557036.76,693096.59,631267.76,2433113.72,479876.90,598353.88,548803.64,2608813.92,232.94
2018-02-14,1868.90,504.77,1896.88,3563500.86,560415.76,702897.62,637645.76,2486667.99,482470.09,609974.66,555615.70,2666235.45,236.09
2018-02-15,1920.48,519.24,1950.25,3648196.17,563040.12,706192.84,640633.43,2518697.88,484292.11,612889.57,557992.39,2700578.29,239.10
2018-02-16,1825.89,492.51,1852.02,3662142.44,557807.96,700176.53,634927.93,2524146.65,479718.64,607110.62,552727.00,2706420.52,239.17
2018-02-20,1747.75,471.16,1772.24,3586846.80,553268.72,695201.98,630089.03,2495249.26,475795.92,602321.76,548287.20,2675436.39,237.67
2018-02-21,1794.36,484.98,1821.86,3528072.21,556103.83,698261.77,633090.01,2472693.24,478248.24,605560.39,551174.22,2651251.55,236.49
2018-02-22,1842.49,498.31,1871.34,3560286.01,559197.34,701393.94,636270.81,2485078.96,480950.93,608820.35,554215.21,2664531.67,236.80
2018-02-23,1731.47,466.04,1754.36,3635922.07,552606.75,694248.61,629280.38,2514009.89,475260.68,601586.02,547643.95,2695551.76,240.57
2018-02-26,1707.81,459.16,1729.43,3691091.44,550769.00,692584.12,627479.65,2534750.88,473629.89,599510.59,545759.70,2717790.50,243.37
2018-02-27,1722.54,463.87,1745.76,3579284.28,551611.43,693650.44,628442.58,2492011.27,474343.09,600520.35,546630.22,2671964.58,240.33
2018-02-28,1717.81,461.95,1739.75,3502662.57,552256.02,693337.17,628667.86,2462969.86,474911.62,601090.38,547217.24,2640826.03,237.89
2018-03-01,1737.17,470.87,1766.34,3420857.96,552467.68,694918.49,629505.24,2431384.35,475108.24,600759.95,547180.11,2603726.92,234.43
2018-03-02,1734.76,497.48,1815.03,3458985.23,552816.57,701158.15,632530.17,2446790.04,474451.26,606219.45,549288.08,2623660.84,235.64
2018-03-05,1776.28,519.21,1876.39,3467956.94,555447.15,705849.41,636151.16,2450474.08,477519.02,610283.46,552905.08,2628503.52,238.36
2018-03-06,1718.43,509.98,1829.16,3501500.94,551607.85,704351.37,633277.53,2463995.82,473524.66,608988.17,550005.85,2646212.77,238.97
2018-03-07,1682.54,496.80,1786.43,3493316.60,549298.73,701724.67,630771.21,2460673.97,470721.97,606713.72,547351.08,2641932.19,238.88
2018-03-08,1696.61,484.62,1771.99,3469026.76,550157.14,699012.43,630045.08,2450506.04,471920.82,604368.85,546990.37,2628991.23,240.04
2018-03-09,1548.24,471.56,1670.64,3533551.58,540475.99,696430.56,623338.04,2477474.88,461177.97,602141.37,539756.50,2663207.40,244.21
2018-03-12,1635.95,470.02,1715.23,3525937.33,546248.83,696077.31,626508.89,2474412.79,467638.09,601831.37,543397.98,2659212.66,243.91
2018-03-13,1589.52,455.28,1663.99,3492574.63,543213.57,692747.05,623269.57,2460414.03,464163.35,598951.98,540079.23,2641518.20,242.33
2018-03-14,1635.87,440.65,1661.51,3487790.69,546217.36,689606.38,623579.97,2458331.37,467601.61,596233.17,540853.75,2639041.07,241.09
2018-03-15,1602.60,428.63,1621.96,3475807.97,544002.71,686525.61,620922.90,2453118.81,464753.19,592133.98,537347.21,2632649.10,240.83
2018-03-16,1611.94,426.31,1622.30,3480691.50,544717.68,686141.76,621157.35,2455389.59,464783.25,591636.30,537138.77,2635413.32,241.09
2018-03-19,1587.24,404.70,1568.74,3469473.35,543021.21,680973.72,617850.80,2450507.62,462885.69,585650.95,533325.27,2629468.85,237.82
2018-03-20,1609.29,403.60,1577.52,3471250.34,544402.84,680518.07,618430.10,2451131.77,464507.75,585145.35,534029.51,2630336.34,238.23
2018-03-21,1531.16,380.29,1493.66,3528749.78,539497.66,675290.54,613268.72,2476384.93,458077.73,579076.49,527563.97,2660923.97,237.77
2018-03-22,1583.95,399.22,1556.60,3441100.28,543007.28,680057.05,617427.85,2438172.90,462838.41,584558.60,532802.60,2614426.71,231.83
2018-03-23,1729.68,419.21,1667.17,3419990.27,552307.47,685139.80,625022.58,2429301.70,471586.70,590402.16,540501.04,2603578.30,226.89
2018-03-26,1597.02,395.70,1556.49,3502158.08,545045.32,679180.24,618195.13,2464618.83,464882.35,583548.37,533521.75,2646568.22,233.09
2018-03-27,1539.61,394.59,1526.33,3430896.18,541363.51,679020.09,616034.27,2434226.03,461737.29,583318.86,531612.13,2608854.89,229.13
2018-03-28,1385.71,363.79,1390.47,3398516.54,531484.96,671064.49,606804.89,2420496.23,453004.71,574103.40,522385.79,2591815.85,228.45
2018-03-29,1380.51,376.12,1411.43,3433465.54,531125.65,674387.35,608102.12,2435595.56,453070.11,577897.98,524149.87,2610236.36,231.37
2018-04-02,1342.22,384.71,1407.96,3383384.26,528524.26,676613.99,607616.81,2413952.10,450426.90,580483.24,523793.33,2583549.06,226.38
2018-04-03,1314.09,366.13,1359.22,3411713.02,526772.66,671748.00,604425.05,2426149.18,448512.99,574887.28,520155.78,2598630.21,229.28
2018-04-04,1293.57,365.45,1347.34,3429804.15,525463.55,671636.89,603624.02,2434330.38,448066.83,574718.37,519820.65,2608673.98,231.73
2018-04-05,1195.11,348.45,1264.73,3430829.65,519146.91,667344.64,598067.11,2434871.20,442135.68,569755.70,514135.85,2609322.84,233.56
2018-04-06,1144.78,341.62,1225.70,3400370.74,515958.12,665674.09,595481.78,2421364.64,438395.92,567840.76,511097.47,2592926.83,228.36
2018-04-09,1133.33,322.28,1184.87,3434697.78,515297.59,660928.99,592978.23,2436672.49,437629.42,562366.56,508187.08,2611441.00,229.48
2018-04-10,1130.09,323.00,1184.52,3518627.36,515049.99,661042.53,592886.70,2474016.68,437364.29,562517.45,508101.31,2656267.05,233.13
2018-04-11,1102.98,324.20,1172.51,3520671.59,513382.64,661441.59,592106.00,2475005.23,435445.38,562931.76,507173.80,2657503.10,231.91
2018-04-12,1081.18,328.54,1168.77,3523604.61,511934.62,662723.44,591844.71,2476349.57,433809.85,564393.16,506879.65,2659120.95,233.82
2018-04-13,1093.27,329.19,1176.46,3514408.66,512695.65,662975.29,592397.07,2472160.75,434671.36,564679.36,507511.48,2654127.65,233.13
2018-04-16,1070.09,323.03,1152.98,3541899.65,511270.82,661003.80,590693.10,2484664.04,433024.43,562394.15,505523.10,2669238.25,235.05
2018-04-17,1075.36,325.85,1160.84,3558016.40,511626.97,661753.40,591233.77,2491972.39,433433.64,563252.56,506147.75,2678000.79,237.56
2018-04-18,1148.83,336.85,1220.09,3574347.79,516434.13,666097.86,595952.09,2499258.15,438892.71,568213.29,511564.10,2686833.70,237.74
2018-04-19,1124.93,331.65,1197.99,3539038.11,515166.33,664391.58,594457.29,2483146.19,437430.42,566236.63,509822.10,2667656.13,236.42
2018-04-20,1141.75,341.93,1225.50,3504746.62,516483.88,667139.13,596446.63,2467296.68,438851.88,569368.70,512060.46,2648888.33,234.41
2018-04-23,1174.26,358.60,1272.82,3471743.13,519113.50,672449.86,600338.99,2451987.86,438911.50,575415.30,514814.24,2630826.23,234.38
2018-04-24,1106.26,342.92,1208.14,3440307.58,514930.55,667153.67,595556.14,2437350.72,435370.84,569366.04,510031.67,2613840.94,231.22
2018-04-25,1187.36,354.83,1273.42,3416688.92,519680.18,670687.80,599880.22,2426374.48,439387.67,573371.41,514178.49,2601112.35,231.79
2018-04-26,1268.15,378.36,1358.96,3433141.45,523878.83,677564.82,605379.01,2434135.54,442939.17,580992.73,519673.77,2610112.47,234.15
2018-04-27,1244.16,370.34,1331.70,3420458.67,522620.96,675216.37,603603.11,2428172.34,441877.52,577857.37,517648.76,2603352.99,234.37
2018-04-30,1306.69,385.70,1392.78,3398076.10,525186.24,679771.40,607120.46,2417350.90,444046.63,582895.40,521175.84,2591208.09,232.57
2018-05-01,1431.88,401.06,1487.24,3363537.83,530017.09,683707.89,611670.60,2400817.15,448126.91,585811.58,524874.04,2572777.05,232.98
2018-05-02,1439.56,418.96,1524.41,3358774.68,530599.77,687648.15,613769.38,2398549.21,448625.43,589069.79,526625.63,2570344.63,231.42
2018-05-03,1400.27,399.88,1468.90,3363515.79,529013.78,683627.02,611057.53,2400849.48,447277.29,585615.23,524290.18,2572813.06,230.91
2018-05-04,1413.05,422.07,1516.35,3395210.19,529364.48,689993.15,614105.24,2416491.18,447583.42,591054.82,526904.59,2589575.14,233.89
2018-05-07,1394.20,429.15,1518.96,3397671.60,528459.92,691992.77,614470.41,2417684.10,446827.22,592762.78,527220.77,2590853.50,234.69
2018-05-08,1417.30,434.36,1540.77,3394689.92,529788.74,693328.80,615836.14,2416305.74,447948.05,593911.93,528393.06,2589376.41,234.69
2018-05-09,1470.56,464.70,1623.53,3424008.53,533026.29,702617.94,621843.28,2430672.13,450694.46,601853.99,533545.83,2604771.81,236.95
2018-05-10,1419.95,447.89,1566.22,3442381.29,530101.87,697750.29,617983.40,2439670.30,448218.77,597685.63,530232.80,2614414.48,239.17
2018-05-11,1372.82,434.02,1515.99,3443300.59,526736.26,693364.43,614079.38,2440114.56,445372.51,593935.37,526885.76,2614890.56,239.90
2018-05-14,1413.51,446.90,1560.93,3464070.12,529362.83,697294.66,617350.85,2450300.73,447588.80,597300.92,529689.52,2625806.34,240.01
2018-05-15,1510.74,482.74,1677.22,3451405.81,536278.92,706870.64,625622.72,2444256.15,453431.53,605512.17,536787.64,2619328.80,238.36
2018-05-16,1579.27,500.43,1745.98,3482348.40,540520.42,711469.14,630131.76,2459675.13,457011.76,609454.38,540654.23,2635852.19,239.36
2018-05-17,1589.57,503.58,1757.17,3489754.41,541078.30,712359.83,630851.38,2463362.65,457482.46,610216.45,541270.67,2639803.83,239.16
2018-05-18,1484.74,494.31,1683.06,3446138.57,534878.53,709732.56,626073.84,2441633.64,452240.04,607972.98,537174.39,2616518.45,238.56
2018-05-21,1524.88,512.00,1735.93,3467923.37,537967.83,715207.80,630296.78,2452391.26,454853.19,612659.23,540796.62,2628046.59,240.36
2018-05-22,1488.63,494.37,1685.41,3454264.67,536176.17,710229.30,627053.48,2445610.91,453337.07,608405.29,538017.85,2620780.59,239.69
2018-05-23,1497.93,506.51,1711.37,3410810.48,537392.26,713186.41,629069.99,2424153.35,454369.45,610936.68,539749.72,2597786.12,240.35
2018-05-24,1383.67,465.29,1576.46,3396401.82,530936.70,701602.45,620182.71,2417051.13,448909.94,601017.79,532125.45,2590175.19,239.86
2018-05-25,1384.39,451.84,1554.08,3336083.58,529957.30,695883.73,617083.16,2387589.07,448078.10,596148.56,529476.89,2558602.88,239.28
2018-05-29,1645.30,431.98,1666.38,3241080.60,540308.22,689999.32,620500.44,2341281.68,456830.34,591113.91,532412.18,2508978.67,236.53
2018-05-30,1410.17,417.98,1520.31,3322582.80,529717.57,686206.66,612713.86,2380197.65,447875.42,587505.01,525568.69,2550682.04,239.69
2018-05-31,1380.88,406.84,1484.26,3300903.16,528578.89,683073.35,610656.45,2369946.88,446912.27,583955.53,523415.93,2539697.04,238.22
2018-06-01,1295.97,398.69,1423.75,3323228.22,525181.42,680858.43,607703.88,2380774.96,444041.16,581529.40,520647.32,2551300.70,240.56
2018-06-04,1268.80,393.58,1399.71,3367316.46,524444.04,679403.16,606627.80,2402587.07,443451.37,580028.14,519629.51,2574675.12,241.70
2018-06-05,1217.51,367.49,1325.02,3373876.79,521241.31,671474.70,601235.90,2405863.35,440038.82,571948.92,514011.16,2578186.08,241.88
2018-06-06,1160.55,355.30,1272.06,3414616.03,516912.75,667833.56,597109.34,2426119.87,436375.09,567513.63,509878.35,2599893.49,243.90
2018-06-07,1030.79,354.67,1199.82,3385708.34,509895.82,667697.17,592995.58,2411634.52,430452.42,567265.63,506306.80,2584370.61,243.87
2018-06-08,1092.56,357.14,1239.93,3394428.73,513491.38,668638.22,595504.23,2416112.25,433919.34,568298.03,508806.45,2589169.07,244.59
2018-06-11,1091.93,358.89,1242.61,3404287.62,513519.85,669226.39,595782.66,2421119.99,433934.30,568950.44,509107.28,2594535.49,244.92
2018-06-12,1076.08,365.43,1244.92,3384484.28,512604.38,671347.92,596195.95,2411165.28,432903.73,571375.06,509587.53,2583867.76,245.24
2018-06-13,1090.99,358.01,1240.91,3399912.24,513346.14,668717.63,595459.39,2418765.97,433753.36,568393.23,508757.91,2592012.86,244.45
2018-06-14,1055.98,367.29,1237.09,3348532.97,511358.76,671820.23,595688.10,2393255.46,431393.73,571880.01,508934.56,2564675.13,245.07
2018-06-15,890.14,369.71,1144.01,3303047.54,501234.98,672501.46,590093.46,2370449.47,419666.66,572439.33,502265.96,2540235.63,244.76
2018-06-18,927.36,376.96,1179.15,3305033.19,503420.16,674843.98,592407.48,2371267.90,422522.96,574545.87,504899.35,2541112.69,244.25
2018-06-19,1016.36,408.41,1284.92,3261868.87,509797.92,682898.36,599695.29,2350051.71,427905.06,580575.19,510764.28,2518376.86,243.32
2018-06-20,1035.98,415.61,1308.65,3275463.17,511350.24,685150.41,601597.14,2356651.16,429409.76,582485.61,512502.67,2525449.01,243.73
2018-06-21,1024.87,403.24,1282.16,3248980.80,510449.02,681258.05,599358.16,2343654.27,428543.81,579168.11,510526.45,2511521.20,242.20
2018-06-22,990.27,392.70,1243.76,3282216.34,508031.39,678386.42,596675.59,2360142.97,426248.72,576728.17,508083.99,2529190.92,242.65
2018-06-25,1054.51,398.94,1293.98,3236183.33,512292.05,679319.51,599587.99,2337580.02,430289.69,577514.93,510838.95,2505011.87,239.34
2018-06-26,1109.99,418.10,1359.09,3236532.84,516460.89,684991.59,604530.77,2337630.81,434233.80,582377.20,515330.61,2505066.30,239.87
2018-06-27,1233.72,458.21,1500.03,3178626.71,525723.47,697793.92,615601.09,2309426.07,443074.61,594153.21,525786.71,2474841.36,237.89
2018-06-28,1222.80,456.44,1490.49,3194625.33,525018.86,697815.68,615198.14,2317117.71,441544.30,594174.77,524888.26,2483083.93,239.25
2018-06-29,1088.78,408.21,1330.06,3224643.09,515831.61,683440.82,603479.03,2331844.18,433517.34,581216.77,514393.73,2498865.19,239.59
2018-07-02,1194.01,450.66,1463.50,3189663.74,522991.84,695996.18,613210.65,2314688.00,439713.82,591901.58,522798.16,2480480.18,240.10
2018-07-03,1148.29,424.96,1393.75,3164262.45,519536.36,688905.22,608061.11,2302699.80,436618.53,585874.05,518296.17,2467633.31,239.25
2018-07-05,1167.63,402.62,1368.86,3180613.86,520459.64,681671.25,605408.88,2310434.67,437406.63,579720.23,516041.93,2475922.20,241.21
2018-07-06,1123.04,393.96,1327.99,3200843.57,517580.57,679640.33,602832.53,2320200.25,434976.11,577986.11,513836.38,2486387.25,243.25
2018-07-09,1129.32,393.56,1331.03,3235421.49,517737.69,679437.74,602834.18,2336597.99,435116.19,577817.40,513844.12,2503959.50,245.44
2018-07-10,1208.30,398.94,1386.67,3240397.24,521231.44,680873.24,605505.01,2338983.22,438055.35,579033.76,516120.45,2506515.58,246.32
2018-07-11,1300.72,437.12,1506.06,3203354.81,524853.13,688856.50,611158.42,2321225.36,441120.91,585827.64,520954.24,2487485.79,244.52
2018-07-12,1248.05,420.84,1447.52,3220590.83,521853.24,685054.53,607725.25,2329471.40,438594.53,582596.02,518025.56,2496322.46,246.74
2018-07-13,1307.86,427.96,1494.46,3231053.32,525223.97,687221.09,610648.95,2334537.78,441429.85,584431.57,520516.02,2501751.72,246.93
2018-07-16,1302.83,422.33,1481.75,3211139.05,524832.17,685504.17,609658.38,2325047.61,441102.33,582974.96,519674.26,2491581.81,246.71
2018-07-17,1386.23,464.11,1602.46,3244045.32,529718.39,696353.67,617320.90,2340836.00,445212.39,592212.88,526212.77,2508501.06,247.71
2018-07-18,1333.47,465.27,1573.97,3255954.00,527073.15,696719.22,615941.58,2346608.90,442994.18,592531.46,525043.41,2514687.46,248.23
2018-07-19,1396.47,503.33,1675.54,3256515.52,530060.42,706316.44,621929.31,2346922.23,445501.75,600697.81,530147.53,2515023.23,247.29
2018-07-20,1237.78,432.04,1461.67,3246796.07,520304.48,688888.54,608533.05,2342244.39,437301.21,585871.27,518725.60,2510010.33,247.01
2018-07-23,1262.38,449.25,1505.32,3268304.61,522034.09,693467.03,611566.72,2352547.08,439228.98,589832.36,521622.52,2521050.96,247.47
2018-07-24,1243.64,445.56,1487.96,3271306.42,521108.39,692875.55,610763.68,2354106.49,438181.41,589648.61,520919.23,2522722.07,248.71
2018-07-25,1192.18,415.73,1407.36,3284652.13,517630.62,686119.48,605747.91,2360465.31,434357.87,583485.51,515924.11,2529536.35,250.83
2018-07-26,1268.67,454.29,1517.78,3294183.49,522792.93,696601.86,613395.70,2365166.32,440128.06,591690.51,522978.46,2534574.07,250.24
2018-07-27,1237.46,452.42,1495.98,3268806.41,520887.84,695044.80,611592.54,2353003.18,437964.22,589922.85,520911.69,2521539.74,248.55
2018-07-30,1222.98,437.07,1461.85,3262570.94,519978.59,690079.90,608874.36,2349903.60,436964.52,585430.18,518333.62,2518218.14,247.25
2018-07-31,1182.12,443.20,1447.69,3275711.36,517446.77,692481.15,608451.37,2356413.68,434097.11,587586.10,517587.35,2525194.52,248.47
2018-08-01,1307.15,461.63,1554.35,3277269.42,525618.45,697549.17,615482.32,2357252.62,443240.94,592122.29,525036.48,2526093.54,248.05
2018-08-02,1373.29,500.48,1659.07,3290830.59,530092.82,709435.06,623345.74,2363634.22,448237.86,602832.90,532744.57,2532932.24,249.40
2018-08-03,1349.11,492.48,1631.21,3270185.52,528445.56,707823.04,621669.02,2354073.94,446462.44,601346.27,531032.61,2522687.18,250.47
2018-08-06,1416.02,509.17,1699.31,3278753.55,532979.31,713268.01,626726.90,2358088.85,451475.68,606451.56,536268.21,2526989.67,251.39
2018-08-07,1396.67,514.71,1696.94,3304809.89,531705.85,715235.02,626842.36,2370173.98,449755.08,608269.22,536049.99,2539940.41,252.22
2018-08-08,1321.23,519.36,1658.76,3272993.93,526796.75,716272.63,624403.31,2355332.15,445333.11,609253.80,533848.62,2524035.52,252.11
2018-08-09,1346.98,535.39,1700.54,3270997.27,528663.01,720622.23,627405.19,2354435.92,446590.55,613272.20,536362.84,2523075.10,251.77
2018-08-10,1411.05,560.86,1781.42,3249173.94,533183.06,726638.10,632706.18,2344534.95,450356.55,618808.26,541045.24,2512464.95,250.08
2018-08-13,1501.20,596.51,1894.95,3259322.78,537991.41,736632.59,639910.37,2349297.34,454416.82,628092.84,547543.10,2517568.45,249.15
2018-08-14,1571.61,598.23,1942.13,3279370.77,541282.59,738045.66,642481.47,2358354.89,457194.22,629535.38,549845.17,2527274.76,250.74
2018-08-15,1654.05,632.21,2048.21,3256375.81,546525.74,747225.88,649588.95,2347862.67,461625.87,638852.25,556578.78,2516031.03,248.86
2018-08-16,1653.84,622.79,2032.82,3271352.36,546082.84,745794.48,648703.55,2354769.72,461242.56,637010.96,555545.62,2523432.80,250.88
2018-08-17,1543.18,594.61,1918.82,3251806.15,541255.03,738548.59,642684.73,2345797.34,457161.96,630821.60,550389.26,2513817.77,251.76
2018-08-20,1529.34,595.68,1911.94,3242319.84,539977.29,738975.36,642111.83,2341370.91,456081.69,631177.28,549894.14,2509074.29,252.30
2018-08-21,1363.75,569.50,1766.43,3250635.55,533724.71,732769.83,635698.15,2345273.68,450794.53,625859.77,544390.44,2513256.60,252.89
2018-08-22,1373.81,571.22,1775.61,3258188.48,534308.47,733521.80,636371.97,2348728.51,451289.34,626499.54,544967.46,2516958.88,252.74
2018-08-23,1460.82,617.16,1903.23,3286214.04,537503.20,743253.25,642495.76,2361840.75,453987.36,634813.25,550212.38,2531010.31,252.41
2018-08-24,1355.39,583.37,1782.45,3274418.20,533760.16,736753.86,637449.51,2356359.12,450825.57,629267.41,545893.03,2525136.05,253.92
2018-08-27,1334.59,558.95,1731.48,3301103.86,532557.72,732604.76,634936.57,2368751.46,449804.56,625717.98,543735.29,2538416.01,255.93
2018-08-28,1361.45,584.00,1787.70,3329791.19,533309.34,735532.22,636653.21,2381948.48,450440.15,628204.01,545199.61,2552558.27,256.05
2018-08-29,1429.48,563.73,1801.33,3337944.59,536480.79,730933.03,636555.76,2385594.63,453115.44,624264.04,545108.96,2556465.58,257.43
2018-08-30,1481.59,583.86,1866.32,3329472.76,539001.44,734596.90,639646.59,2382015.09,455250.07,627390.75,547758.09,2552629.65,256.39
2018-08-31,1422.54,576.43,1817.26,3345428.10,536324.27,733139.14,637423.39,2389335.49,452987.21,626154.70,545857.17,2560474.39,256.40
2018-09-04,1299.24,585.16,1752.27,3368051.40,531063.11,734039.37,634688.28,2400526.10,448542.20,626925.86,543515.15,2572466.54,255.96
2018-09-05,1288.87,575.52,1730.85,3346763.82,530551.92,731794.01,633412.09,2391010.97,448112.69,625010.18,542424.52,2562269.88,255.27
2018-09-06,1345.29,589.02,1789.02,3320228.56,532597.24,734619.69,635855.91,2379467.21,450426.58,627429.42,544874.75,2549899.28,254.50
2018-09-07,1273.77,575.33,1720.68,3343251.82,528135.42,731583.98,631878.69,2389806.49,446166.36,624836.47,541172.09,2560979.12,254.00
2018-09-10,1182.03,528.19,1588.22,3340222.12,522287.23,721872.74,624186.34,2388444.73,441213.87,616527.67,534570.43,2559519.82,254.45
2018-09-11,1197.43,542.96,1620.78,3381512.66,524022.41,725684.73,626871.27,2406786.69,442508.32,619775.75,536762.75,2579175.55,255.28
2018-09-12,1204.56,533.52,1611.51,3351096.44,524619.67,723273.62,626187.11,2393259.38,443046.43,617729.79,536203.16,2564679.33,255.35
2018-09-13,1268.58,563.78,1700.03,3364873.88,527497.42,732217.71,631776.30,2399210.30,445472.56,625366.72,540985.80,2571056.49,256.86
2018-09-14,1283.59,570.88,1720.80,3406998.65,528135.96,733936.75,632900.31,2417849.82,446012.44,626826.79,541945.14,2591031.09,256.90
2018-09-17,1290.46,584.05,1745.26,3381281.56,528798.71,736757.03,634513.43,2406532.61,446577.13,629246.79,543334.37,2578903.27,255.54
2018-09-18,1419.94,585.05,1834.30,3416759.50,532891.80,737143.77,637135.65,2422265.79,450031.81,629567.30,545574.33,2595763.36,256.93
2018-09-19,1441.27,571.00,1826.05,3409543.11,533417.32,732610.06,635490.49,2419022.31,450475.10,625695.02,544165.20,2592287.56,257.20
2018-09-20,1530.07,582.64,1900.92,3396374.64,536771.87,736314.48,639095.40,2413336.72,453303.98,628863.31,547251.54,2586194.74,259.29
2018-09-21,1543.53,593.38,1926.80,3405306.49,537345.08,739146.54,640665.70,2417318.93,453788.72,631279.28,548595.36,2590462.17,259.05
2018-09-24,1504.26,572.81,1868.89,3413468.49,536051.40,734936.54,638069.95,2421030.75,452697.70,627679.63,546371.80,2594439.85,258.19
2018-09-25,1540.84,572.09,1890.45,3413271.30,537131.22,734027.48,638317.99,2420922.69,453610.60,626902.72,546584.56,2594324.06,257.95
2018-09-26,1372.03,554.40,1757.65,3400441.32,532082.95,730550.47,633806.52,2415221.07,449347.21,623926.30,542718.40,2588214.05,257.18
2018-09-27,1328.68,538.97,1705.43,3433601.06,530772.59,727752.74,631812.48,2430147.93,448238.09,621519.67,541001.92,2604210.07,257.90
2018-09-28,1396.87,536.53,1745.34,3431276.89,533777.08,726855.62,633211.26,2429119.39,450776.43,620761.75,542203.87,2603107.85,257.92
2018-10-01,1618.33,569.58,1937.45,3449843.15,543141.90,738033.13,643634.66,2437641.62,458686.80,630326.13,551138.26,2612240.50,258.82
2018-10-02,1477.92,514.26,1759.31,3412812.20,537662.98,724095.82,634311.01,2422099.79,454057.57,618427.00,543155.00,2595585.47,258.67
2018-10-03,1783.25,571.07,2038.21,3463707.02,548160.49,736275.64,645838.05,2443439.34,462927.50,628840.22,553033.10,2618453.49,258.81
2018-10-04,1663.80,553.18,1938.01,3462907.77,543796.78,730007.70,640518.39,2443221.16,459247.87,623491.63,548483.27,2618219.68,256.79
2018-10-05,1701.06,555.94,1964.57,3458147.60,544830.76,729523.06,640914.72,2441263.00,460122.77,623085.42,548827.05,2616121.27,255.35
2018-10-08,1667.83,561.93,1955.96,3461327.50,543411.29,729898.73,640244.84,2442586.49,458924.20,623404.15,548252.61,2617539.55,255.35
2018-10-09,1573.99,536.27,1856.26,3434723.42,539361.89,723005.86,634836.23,2431077.07,455504.10,617514.68,543619.95,2605205.76,254.98
2018-10-10,1396.14,499.64,1688.00,3369795.77,531482.74,714505.81,626467.56,2403594.97,448850.74,610252.69,536453.24,2575755.22,246.90
2018-10-11,1174.41,399.72,1385.17,3263346.46,523832.21,685861.37,609401.16,2358476.10,440849.15,585793.56,520921.00,2527404.66,241.46
2018-10-12,1202.03,409.82,1418.95,3299761.15,525224.64,688390.42,611334.66,2373781.35,442444.05,587640.29,522684.40,2543806.16,244.82
2018-10-15,1217.54,407.67,1424.40,3273772.33,526143.27,687919.93,611660.37,2363066.60,443410.89,587082.91,523007.60,2532323.96,243.44
2018-10-16,1184.44,404.54,1399.56,3322255.81,524381.76,687166.08,610301.32,2383267.94,441571.59,586202.85,521530.87,2553972.25,248.77
2018-10-17,1248.28,423.16,1469.49,3340834.98,527671.05,691803.56,614274.80,2390967.84,444901.21,591850.12,526009.26,2562223.66,248.81
2018-10-18,1195.45,406.64,1409.72,3323175.11,525141.95,687919.01,611078.10,2383466.83,442837.19,588215.56,523174.00,2554185.37,245.22
2018-10-19,1237.41,416.70,1451.88,3328610.27,527180.30,690481.47,613402.18,2385859.99,444137.38,590260.50,524851.43,2556749.96,245.08
2018-10-22,1238.84,421.19,1460.55,3343072.60,526936.72,691666.57,613786.87,2392145.64,443929.33,591395.34,525233.04,2563485.82,243.98
2018-10-23,1149.97,400.26,1371.87,3283738.79,522934.31,685837.08,608869.28,2367170.37,440555.77,588419.79,521916.01,2536721.66,242.74
2018-10-24,1185.26,370.26,1341.51,3214605.36,524905.55,680145.27,607490.34,2338198.18,442127.37,582781.85,520346.56,2505674.31,235.39
2018-10-25,1184.04,381.44,1361.07,3290285.05,524806.18,683236.06,608813.14,2369844.34,441754.03,585434.25,521310.99,2539587.16,239.61
2018-10-26,1177.85,336.93,1278.11,3208763.70,524721.29,672420.20,603945.05,2335726.12,441862.63,576155.07,517243.66,2503025.18,235.40
2018-10-29,1166.46,343.44,1284.27,3233520.76,524384.38,673241.47,604119.98,2346207.20,441727.51,576878.73,517489.40,2514256.98,234.09
2018-10-30,1155.70,358.37,1306.26,3293296.82,523694.50,676000.69,604960.55,2371163.16,440202.59,579748.79,517883.46,2541000.44,237.56
2018-10-31,1157.04,390.15,1364.95,3319490.08,523593.53,682534.57,607825.85,2382137.59,440495.26,586934.30,521264.99,2552760.93,240.10
2018-11-01,1028.15,379.95,1271.07,3237484.06,516352.51,680762.87,602834.01,2345202.19,432618.78,584864.96,515685.73,2513179.99,242.65
2018-11-02,1027.06,417.11,1332.55,3258081.96,516236.21,690148.77,606921.86,2354573.25,432489.44,595575.11,520330.30,2523222.26,241.22
2018-11-05,1056.92,418.67,1354.42,3266103.04,517794.51,690537.46,608008.79,2358359.76,434227.73,596003.67,521563.18,2527279.99,242.55
2018-11-06,1060.13,410.87,1343.86,3263914.94,517909.82,688637.59,607240.09,2357328.24,434359.44,593830.70,520691.50,2526174.58,244.08
2018-11-07,1094.46,418.28,1377.73,3236507.91,519942.27,690768.37,609371.05,2344491.13,436624.34,596243.12,523106.68,2512418.00,249.31
2018-11-08,1126.37,433.48,1422.85,3283452.40,521763.61,694542.71,612103.14,2366439.50,438656.37,600538.70,526208.27,2535938.45,248.85
2018-11-09,1168.62,428.27,1440.99,3311039.10,524061.18,693288.65,612898.23,2379400.88,441211.02,599071.71,527097.84,2549828.20,246.42
2018-11-12,1204.35,429.61,1465.27,3342761.73,525920.70,693379.75,614025.87,2394305.26,443321.57,599208.78,528418.83,2565800.13,241.82
2018-11-13,1309.26,448.10,1560.62,3322033.32,532337.09,698465.29,620023.28,2384400.58,450505.21,604994.15,535251.06,2555186.01,241.37
2018-11-14,1225.40,427.46,1474.70,3346086.48,527303.34,693090.13,614706.08,2395831.65,444871.57,598870.20,529195.37,2567435.84,239.72
2018-11-15,1204.01,433.03,1471.43,3302288.49,526210.85,694741.16,614801.45,2375077.81,443595.58,600693.28,529241.93,2545195.48,242.22
2018-11-16,1094.43,400.47,1349.16,3280123.95,519836.00,686307.83,607345.92,2364531.34,436423.03,591036.89,520709.35,2533893.61,242.85
2018-11-19,1066.82,371.59,1283.50,3290241.14,518156.63,680067.14,603603.55,2369232.35,434751.80,583922.10,516578.25,2538931.33,238.74
2018-11-20,1304.82,398.78,1473.62,3320339.51,532321.18,687547.69,615173.46,2383611.99,450943.71,592437.59,529964.68,2554340.94,234.32
2018-11-21,1233.58,385.79,1409.39,3293495.73,528112.11,684287.93,611283.06,2370980.58,446458.20,588660.36,525639.46,2540804.79,235.12
2018-11-23,1348.92,420.31,1538.33,3299122.80,534762.24,693850.46,619402.95,2373635.22,453709.29,599596.91,534790.86,2543649.56,233.55
2018-11-26,1340.75,417.86,1529.19,3295092.99,534220.52,693041.77,618728.25,2371806.47,453199.58,598655.16,534070.48,2541689.83,237.32
2018-11-27,1399.72,426.96,1579.47,3316391.69,537544.68,695356.24,621686.40,2381960.70,456360.54,601304.60,537114.80,2552571.37,238.12
2018-11-28,1394.40,435.00,1591.34,3289585.01,537358.38,697783.07,622663.53,2369175.55,456985.69,604048.31,538708.09,2538870.46,243.60
2018-11-29,1362.92,417.04,1540.53,3282113.96,535963.57,692874.80,619665.48,2365603.17,455854.50,598412.37,535528.20,2535042.22,243.07
2018-11-30,1430.38,430.02,1602.63,3295067.28,539616.11,696467.48,623383.49,2371816.63,458954.94,602506.84,539181.47,2541700.72,244.55
2018-12-03,1332.57,390.51,1474.21,3235258.29,535479.13,685859.37,616246.43,2343379.32,455445.50,590357.40,531683.77,2511226.56,247.79
2018-12-04,1469.97,398.27,1564.86,3244161.61,541937.48,687565.10,620728.97,2347532.07,460921.43,595335.47,537121.71,2515676.75,239.76
2018-12-06,1567.95,398.05,1616.58,3275957.50,547479.47,687656.64,623944.15,2363064.47,465623.25,598395.28,541241.58,2532321.67,239.40
2018-12-07,1551.46,397.44,1606.84,3255250.69,546128.76,687272.00,622999.98,2352969.25,464486.06,596416.31,539685.67,2521503.37,233.83
2018-12-10,1724.34,430.35,1762.89,3305396.62,553783.21,696814.51,631690.97,2377724.08,470977.20,604613.54,547165.45,2548031.30,234.28
2018-12-11,1645.34,416.65,1694.45,3304663.73,550270.88,693518.39,628193.70,2377327.57,467995.56,601569.30,544055.97,2547606.38,234.33
2018-12-12,1566.10,382.01,1583.22,3264999.15,547030.23,685238.38,622593.88,2357787.06,465239.11,594362.12,539194.68,2526666.26,235.51
2018-12-13,1466.26,356.55,1479.98,3261028.45,542594.35,679267.92,617357.25,2355883.21,461476.71,589230.33,534686.71,2524626.05,235.43
2018-12-14,1571.57,395.64,1614.26,3298469.55,547447.50,689449.57,624745.01,2374391.06,465587.44,598027.73,541059.67,2544459.55,231.08
2018-12-17,1762.91,435.38,1793.61,3281389.10,556334.54,699291.80,634275.21,2365954.23,473143.39,606535.35,549298.65,2535418.42,226.55
2018-12-18,1967.25,479.86,1989.17,3292841.56,565761.25,709804.07,644416.33,2371619.20,481143.53,615603.76,558048.88,2541489.14,226.30
2018-12-19,2000.28,495.90,2039.11,3299328.31,568663.03,714983.80,648420.22,2374794.16,483602.39,620111.36,561517.90,2544891.51,222.91
2018-12-20,2159.70,512.70,2154.91,3293214.23,573968.66,719867.67,653659.70,2371931.74,488132.62,624327.33,566056.77,2541824.07,219.28
2018-12-21,2249.89,531.91,2240.28,3352260.05,577849.54,722396.78,657017.80,2401638.72,491416.06,626504.44,568947.52,2573658.85,214.79
2018-12-24,2451.00,582.32,2446.57,3327606.69,586940.31,733554.21,667259.75,2389262.42,499161.22,636173.76,577821.59,2560396.09,209.12
2018-12-26,2168.22,490.67,2112.90,3312601.72,573386.20,709337.36,648541.16,2381517.94,487641.30,615207.21,561632.23,2552096.90,219.68
2018-12-27,2336.35,532.35,2284.57,3313434.71,581036.28,717923.65,656792.75,2382129.66,494149.74,622633.36,568769.95,2552752.44,221.37
2018-12-28,2549.33,606.69,2548.21,3272029.72,590599.93,730587.99,667991.02,2361312.14,502282.21,633612.88,578465.06,2530443.84,221.08
2018-12-31,2608.32,632.64,2632.18,3241929.36,593430.75,735297.31,671744.81,2346283.39,504698.27,637711.46,581727.24,2514338.63,223.02
2019-01-02,2635.08,652.66,2687.33,3217687.32,594061.01,739999.18,674249.27,2332602.84,505251.01,641808.13,583914.30,2499678.20,223.25
2019-01-03,2761.20,717.28,2884.69,3202841.17,600282.97,752141.66,683311.98,2325009.14,510566.11,652355.60,591783.63,2491540.58,217.92
2019-01-04,2391.48,616.21,2488.31,3118565.45,584598.83,733196.74,665779.61,2281083.34,497228.72,635892.70,576586.98,2444468.55,225.22
2019-01-07,2315.93,589.86,2395.81,3070753.90,581550.97,728123.89,661740.85,2256212.47,492672.42,631284.20,571855.88,2417816.28,227.00
2019-01-08,2272.44,566.69,2326.26,3041592.22,579343.22,722946.13,658131.92,2241422.49,490191.07,626406.05,568206.34,2401966.95,229.13
2019-01-09,2339.33,564.76,2356.53,2983371.96,582435.26,722218.91,659557.17,2212347.06,493619.38,625696.23,569871.37,2370808.95,230.20
2019-01-10,2263.76,542.80,2272.66,2998277.07,578653.13,716971.12,655019.47,2219850.69,489418.57,620623.12,565136.26,2378850.04,231.02
2019-01-11,2308.48,563.26,2337.93,3000602.74,581074.36,721883.32,658633.73,2221121.92,492038.04,625321.20,568787.65,2380212.33,231.10
2019-01-14,2325.89,590.25,2402.76,3046106.72,581492.11,726023.25,660759.08,2243365.69,492529.27,629266.48,570865.88,2404049.34,229.69
2019-01-15,2241.32,544.65,2266.27,3022019.93,578247.32,717862.52,655201.95,2231607.81,489162.45,621421.39,565356.22,2391449.28,232.33
2019-01-16,2207.28,531.36,2221.40,3001116.61,577257.27,716566.75,654049.72,2221362.39,487838.44,620156.48,564015.70,2380470.02,232.89
2019-01-17,2122.49,498.86,2110.80,2981288.77,573592.51,712549.92,650140.39,2211828.33,483751.75,616369.29,559931.11,2370253.07,234.66
2019-01-18,2051.02,446.31,1964.10,2967494.27,570672.95,702323.39,643820.38,2205013.82,480484.42,606727.81,553660.86,2362950.47,237.78
2019-01-22,2047.85,473.56,2022.53,3006237.99,570501.25,707616.69,646149.72,2223957.38,480270.10,611640.20,555778.74,2383250.88,234.57
2019-01-23,2028.69,463.79,1992.21,2983626.77,569886.28,705764.23,644955.68,2212865.14,479576.44,609890.51,554582.44,2371364.14,235.06
2019-01-24,2040.59,472.42,2016.60,2977170.24,570431.05,707524.41,646068.21,2209915.43,480137.55,611606.28,555686.96,2368203.16,235.18
2019-01-25,1967.20,493.63,2025.59,2906507.68,567815.90,711646.38,646469.22,2175391.47,477208.33,615642.62,555825.54,2331206.38,237.17
2019-01-28,1945.98,503.84,2035.62,2937744.19,567135.77,713715.66,647021.93,2190645.89,476424.23,617647.47,556273.93,2347553.41,235.37
2019-01-29,1981.22,529.97,2106.84,2911938.92,568341.37,718757.55,649995.02,2178276.05,477782.53,622534.36,559267.56,2334297.57,235.06
2019-01-30,2062.53,562.11,2213.96,2826184.66,571455.44,725238.69,654706.30,2137405.37,481251.85,628814.31,564118.92,2290499.48,238.78
2019-01-31,2085.83,584.74,2271.01,2781679.12,572305.12,729573.87,657149.82,2116269.22,482204.83,633004.77,566557.13,2267849.44,240.88
2019-02-01,2039.75,538.28,2155.71,2780951.85,570612.12,720534.81,652106.94,2116816.23,480280.33,624181.10,561477.83,2268435.62,240.99
2019-02-04,2030.57,498.09,2070.39,2780529.13,570246.97,712625.18,648319.06,2116563.07,479850.67,616447.56,557748.36,2268164.33,242.69
2019-02-05,2002.18,511.43,2083.64,2780516.47,569125.70,715207.92,648856.50,2116535.12,478632.77,618815.48,558111.77,2268134.37,243.70
2019-02-06,1845.23,500.19,1979.08,2813432.02,563208.11,713100.79,644527.38,2135509.89,471984.18,616321.68,553110.88,2288468.24,243.38
2019-02-07,1822.38,520.62,2007.25,2852113.96,562342.99,717049.00,645816.63,2157747.49,471331.39,620880.98,554774.23,2312298.63,241.06
2019-02-08,1854.61,533.13,2049.11,2860490.03,563706.75,719648.48,647770.35,2162641.71,472686.49,623839.16,556893.34,2317543.41,241.36
2019-02-11,1761.21,515.46,1963.56,2882630.73,559911.53,716155.79,644017.84,2175569.15,468863.85,619849.65,552860.83,2331396.78,241.49
2019-02-12,1750.73,506.04,1939.77,2848130.66,559459.41,714762.89,643131.52,2155292.85,468287.59,618538.12,551936.19,2309668.18,244.60
2019-02-13,1756.23,499.35,1929.99,2859390.45,559496.46,712709.30,642228.93,2161825.09,468424.41,615760.42,550777.52,2316668.30,245.39
2019-02-14,1837.43,521.66,2017.72,2863228.65,562611.71,717818.40,646318.80,2164152.34,471384.24,620927.41,554828.47,2319162.24,244.85
2019-02-15,1855.94,520.45,2025.55,2816141.23,562308.29,717924.89,646192.47,2136469.91,471395.81,621672.23,555168.04,2289497.02,247.51
2019-02-19,1971.48,544.30,2135.01,2787530.55,567412.22,723996.88,651857.78,2119969.11,475677.07,627518.10,560299.33,2271814.33,247.94
2019-02-20,1969.36,530.99,2107.75,2778839.39,567689.75,722929.75,651536.79,2114926.24,475901.54,626586.87,560015.79,2266410.26,248.44
2019-02-21,1775.91,482.83,1908.64,2795670.56,559834.65,713949.77,642982.57,2124598.24,468206.52,618767.44,551993.92,2276775.03,247.56
2019-02-22,1797.83,500.42,1955.20,2773585.67,560758.10,717847.38,645267.96,2112059.52,469072.32,622177.56,554025.34,2263338.21,249.09
2019-02-25,1770.22,488.72,1917.32,2774411.34,559425.65,715326.54,643368.35,2112348.59,467573.41,619947.81,552147.40,2263647.98,249.43
2019-02-26,1826.22,511.51,1992.35,2759398.12,561970.24,719948.53,646910.08,2103859.83,470380.96,624064.22,555638.20,2254551.21,249.26
2019-02-27,1783.34,479.32,1906.26,2764836.44,560439.04,713471.29,643118.69,2106980.46,468617.18,617774.48,551796.42,2257895.36,249.15
2019-02-28,1801.82,478.73,1914.99,2791485.90,561495.85,712539.01,643304.88,2122207.72,469758.97,616846.75,552054.33,2274213.28,248.68
2019-03-01,1777.17,432.01,1808.44,2806837.70,561036.45,702833.78,638660.60,2130515.55,469210.36,607463.51,547533.14,2283116.17,250.24
2019-03-04,1821.46,455.01,1879.11,2822093.91,562679.20,706609.30,641311.02,2138723.35,471074.39,611379.60,550385.61,2291911.86,249.33
2019-03-05,1768.38,446.49,1834.13,2818960.69,560092.24,705194.85,639194.91,2137026.59,468254.73,609719.66,547991.25,2290093.58,248.99
2019-03-06,1823.86,460.90,1892.50,2831516.06,562644.04,707346.79,641626.27,2143990.52,470478.51,612188.72,550402.02,2297556.31,247.48
2019-03-07,1868.51,489.96,1975.33,2869713.24,564533.37,712611.80,645091.46,2165130.10,472531.77,618443.08,554414.61,2320210.03,245.41
2019-03-08,1670.71,456.99,1804.31,2852241.93,554746.20,706192.69,636594.12,2155441.70,462438.30,611343.94,545311.27,2309827.69,244.92
2019-03-11,1732.02,481.52,1885.85,2850046.94,557719.29,710752.96,640355.42,2154156.21,465516.88,616347.07,549357.78,2308450.12,248.47
2019-03-12,1648.10,441.15,1761.12,2842915.11,553644.20,703098.46,634567.80,2150230.36,461588.03,607949.37,543297.08,2304243.08,249.41
2019-03-13,1636.23,448.04,1768.52,2815044.49,553227.03,704506.94,634964.32,2134901.59,461158.94,609419.96,543701.65,2287816.37,251.06
2019-03-14,1628.96,422.78,1714.73,2831844.98,553339.84,700015.53,633005.03,2144128.12,461233.55,604222.60,541427.19,2297703.76,250.90
2019-03-15,1586.84,394.14,1634.49,2813189.38,551275.12,695021.56,629566.08,2133963.76,459379.03,598423.23,537740.38,2286811.36,252.14
2019-03-18,1590.94,404.65,1658.39,2801209.99,551580.27,697271.50,630759.35,2127442.04,459622.81,601002.09,539041.74,2279822.51,253.05
2019-03-19,1600.92,415.44,1685.71,2793311.87,552065.78,699002.12,631819.72,2123095.04,460086.90,603006.04,540212.55,2275164.16,253.11
2019-03-20,1706.56,433.32,1777.60,2780239.04,557507.77,703255.07,636855.90,2116025.71,465278.01,607922.93,545462.57,2267588.48,252.35
2019-03-21,1697.81,424.91,1755.79,2817031.04,557159.78,702549.05,636337.46,2136006.59,464620.51,607030.04,544676.59,2289000.51,255.20
2019-03-22,1753.68,413.65,1761.42,2843484.26,559736.41,698836.21,636127.39,2150187.15,467498.99,602744.68,544441.23,2304196.78,250.29
2019-03-25,1806.45,413.59,1787.78,2836210.13,562490.80,698211.54,637408.24,2146186.05,470573.26,602026.02,545906.78,2299909.08,250.10
2019-03-26,1847.51,423.91,1830.41,2843820.31,564920.35,700629.56,639888.53,2150348.34,473264.69,604795.83,548723.74,2304369.50,251.97
2019-03-27,1839.97,424.67,1828.31,2865743.11,564452.51,701694.39,640109.83,2162331.91,472718.33,605989.51,548948.51,2317211.41,250.65
2019-03-28,1829.26,423.11,1819.64,2903090.67,564075.18,701749.45,639920.98,2182797.96,472360.32,606001.96,548746.27,2339143.37,251.60
2019-03-29,1835.45,426.87,1830.81,2890773.88,564737.05,702561.41,640666.63,2176057.72,473856.07,606939.86,550039.73,2331920.35,253.19
2019-04-01,1757.36,405.73,1746.51,2852938.80,561020.62,696952.70,636001.28,2155646.79,470461.70,600435.06,545122.19,2310047.47,256.19
2019-04-02,1821.67,423.59,1816.93,2862943.04,564597.96,700927.13,639842.43,2160785.93,473989.39,605046.87,549259.44,2315554.70,256.31
2019-04-03,1800.88,418.74,1796.14,2827963.68,563593.45,699000.62,638393.93,2142645.11,472996.31,602804.09,547666.05,2296114.52,256.72
2019-04-04,1785.31,412.71,1775.45,2834329.03,562690.97,698023.66,637436.68,2146188.82,473010.09,601601.61,547127.78,2299912.05,257.40
2019-04-05,1864.45,428.29,1848.31,2852234.53,567146.60,701386.08,641495.71,2155444.02,476706.00,605487.51,551032.32,2309830.17,258.64
2019-04-08,1844.81,432.37,1847.38,2826694.29,566372.30,702254.44,641454.91,2142218.54,476001.17,606491.00,551081.58,2295657.40,258.84
2019-04-09,1876.95,438.18,1875.89,2834498.11,568034.31,703296.33,642871.93,2146272.61,477407.50,607670.57,552431.56,2300001.85,257.51
2019-04-10,1984.73,468.54,1994.73,2843473.68,574135.79,709985.14,649381.66,2150876.85,483219.79,615397.29,559306.57,2304935.88,258.39
2019-04-11,1908.08,449.92,1916.58,2869234.26,569862.91,705890.79,645092.79,2164383.72,479471.61,610593.33,554954.34,2319410.18,258.32
2019-04-12,1837.94,442.07,1864.63,2841894.19,565683.52,704196.98,641953.27,2150217.75,475472.17,608629.88,551747.54,2304229.57,260.07
2019-04-15,1800.17,429.80,1819.61,2843196.96,563417.17,701328.56,639359.86,2150942.10,473032.68,605292.97,548819.60,2305005.79,259.90
2019-04-16,1850.08,431.15,1847.67,2833899.45,566364.90,701312.55,641025.09,2146110.32,476646.00,605280.02,550909.84,2299827.93,260.07
2019-04-17,1898.27,429.64,1868.51,2827579.39,568789.84,700288.53,641929.40,2142969.18,478355.53,604054.96,551340.28,2296461.80,259.43
2019-04-18,2029.70,433.05,1940.61,2845512.28,574881.44,700780.12,645592.16,2152306.68,483478.65,605239.59,554833.29,2306468.12,259.94
2019-04-22,2124.17,458.02,2041.73,2835544.20,578955.96,706810.60,650657.79,2147112.03,486890.11,611156.29,559502.73,2300901.39,260.17
2019-04-23,2298.81,477.62,2169.34,2872680.43,586658.94,715083.58,658794.14,2166386.11,493365.29,619410.95,567001.65,2321556.00,262.51
2019-04-24,2307.26,464.66,2143.88,2925177.79,585924.67,712434.84,657161.75,2193801.74,492752.74,617092.91,565588.71,2350935.31,261.92
2019-04-25,2333.20,462.34,2150.59,2928330.68,586603.37,710820.78,656797.94,2195520.27,493328.54,615692.38,565277.35,2352776.93,261.76
2019-04-26,2203.87,418.94,1990.06,2941273.46,581159.50,703137.07,650200.41,2202295.63,488763.98,609030.37,559603.96,2360037.59,262.98
2019-04-29,2267.57,432.41,2050.81,2921734.01,583427.03,705712.06,652659.43,2191980.73,490671.80,611260.03,561720.48,2348983.86,263.39
2019-04-30,2248.33,432.80,2043.03,2916668.56,582888.80,705719.39,652361.77,2189309.29,490215.47,611269.95,561463.84,2346121.08,263.53
2019-05-01,2313.44,412.67,2025.09,2939691.55,585193.63,699875.43,650950.48,2201273.25,492156.63,606211.20,560252.20,2358941.98,261.55
2019-05-02,2283.20,386.60,1947.90,2942451.08,583944.30,693132.79,647119.98,2202651.78,491113.89,599048.73,556348.96,2360419.24,260.98
2019-05-03,2131.80,382.30,1872.48,2935173.06,581412.19,693169.87,645734.27,2199097.34,488984.55,599066.59,555151.16,2356610.22,263.54
2019-05-06,2025.81,377.23,1813.52,2960025.51,577373.98,691869.67,642886.17,2211557.32,485593.01,597549.16,552522.84,2369962.65,262.45
2019-05-07,2172.37,338.33,1785.62,2979466.02,581579.01,679588.91,639521.60,2221290.99,489132.89,583347.44,547970.93,2380393.51,258.07
2019-05-08,2354.94,359.15,1915.58,2974781.56,586091.23,685458.64,644764.32,2218882.61,492927.68,590129.06,553281.75,2377812.62,257.71
2019-05-09,2279.23,366.54,1904.49,2989426.55,583016.99,687352.66,643964.10,2226306.51,490342.95,592301.75,552849.66,2385768.27,256.93
2019-05-10,2217.92,367.01,1880.12,2985138.84,579833.37,687388.86,642222.85,2224288.46,487564.83,592307.74,551286.32,2383605.68,258.22
2019-05-13,2434.53,378.57,2001.53,3008605.95,587794.85,691203.72,648414.01,2236091.02,494271.88,596980.67,557252.78,2396253.60,251.73
2019-05-14,2126.18,344.46,1784.60,2992507.92,577147.20,680808.95,637665.51,2227967.49,485317.52,585570.07,546879.49,2387548.21,254.01
2019-05-15,2018.31,332.52,1708.38,3007783.50,572800.34,676766.96,633371.25,2235805.47,481661.33,581959.50,543133.50,2395947.61,255.50
2019-05-16,2029.84,321.46,1684.87,3010171.61,573069.96,672912.82,631716.82,2237093.56,481884.97,578579.38,541682.28,2397327.96,257.86
2019-05-17,2100.34,353.66,1798.51,3038804.14,574896.77,681856.08,636921.58,2251699.81,483419.25,586273.02,546146.11,2412980.39,256.20
2019-05-20,2048.54,328.41,1712.12,3011873.52,573257.60,674281.26,632475.75,2237975.91,482041.16,578760.56,541868.53,2398273.50,254.50
2019-05-21,1927.71,330.97,1668.32,3022897.85,569516.74,675005.42,630751.73,2243592.66,478894.51,579419.72,540408.50,2404292.55,256.80
2019-05-22,2029.82,346.46,1751.54,3057768.92,572483.76,680832.08,635117.08,2261538.10,481441.93,584208.27,544078.90,2423523.36,256.01
2019-05-23,2023.28,343.98,1742.44,3076782.09,571815.08,680770.91,634717.63,2271329.71,481134.55,585469.31,544492.42,2434016.30,252.88
2019-05-24,1928.87,330.70,1668.16,3044131.77,568205.90,676195.37,630581.52,2254440.89,478098.04,581698.29,541020.69,2415917.81,253.45
2019-05-28,2225.01,373.01,1902.93,3061213.51,576938.42,686672.10,640312.09,2263261.96,485444.31,590721.43,549373.32,2425370.70,251.10
2019-05-29,2260.71,376.73,1927.69,3066323.38,578440.73,688397.47,641950.20,2265822.79,486709.27,592197.51,550775.48,2428114.95,249.41
2019-05-30,2370.68,389.63,2007.57,3085205.11,582122.42,692704.52,646001.38,2275787.71,489808.24,595891.82,554246.88,2438793.62,250.09
2019-05-31,2627.45,420.18,2194.99,3110709.69,588837.06,700640.28,653427.48,2288932.43,495459.23,602705.80,560612.98,2452879.85,246.72
2019-06-03,2868.82,424.54,2307.20,3089566.33,591670.32,701676.11,655482.52,2278371.43,497845.01,603575.75,562367.34,2441562.40,246.10
2019-06-04,2486.41,388.54,2055.61,3062299.86,584073.08,694457.14,647902.35,2265340.11,491452.03,597370.02,555865.55,2427597.70,251.44
2019-06-05,2571.95,375.62,2056.79,3109678.86,585749.96,693008.80,648156.79,2287864.74,492862.97,596114.32,556079.25,2451735.67,253.62
2019-06-06,2425.30,356.39,1945.50,3090469.40,583021.26,689227.52,644878.81,2278860.61,490566.60,592860.86,553266.32,2442086.61,255.26
2019-06-07,2633.48,384.53,2105.82,3085359.40,587306.08,694873.65,649889.94,2276268.56,494171.93,597714.47,557564.12,2439308.91,257.82
2019-06-10,2276.82,349.94,1868.51,3076869.06,579656.02,687967.56,642427.80,2272387.76,487735.34,591776.21,551163.29,2435150.15,259.00
2019-06-11,2160.36,333.43,1776.64,3060210.71,577303.41,684620.05,639561.15,2264334.51,485755.74,588897.64,548704.27,2426520.07,258.94
2019-06-12,2478.66,357.54,1971.74,3094547.12,584151.81,689762.86,645756.79,2280727.74,491518.98,593321.73,554020.38,2444087.49,258.48
2019-06-13,2522.96,375.33,2038.41,3100259.34,586419.96,693874.02,648934.90,2283710.44,493426.74,596856.94,556746.08,2447283.82,259.55
2019-06-14,2565.86,397.89,2117.02,3131726.49,588108.05,698341.90,651958.18,2298853.07,494846.44,600697.78,559338.38,2463511.06,259.26
2019-06-17,2564.35,400.04,2122.12,3135208.81,587960.94,699117.72,652238.79,2300516.37,494722.82,601365.95,559579.60,2465293.50,259.36
2019-06-18,2415.38,391.19,2037.01,3122198.82,582964.33,696480.73,648237.27,2294258.87,490517.44,599099.47,556146.75,2458587.79,262.08
2019-06-19,2474.67,402.65,2091.82,3124308.54,585116.51,699120.55,650662.33,2295407.82,492327.54,601369.29,558226.44,2459819.04,262.67
2019-06-20,2670.98,436.80,2263.50,3083670.88,589214.41,706835.69,656531.01,2275907.65,495776.72,608008.87,563263.49,2438922.15,265.18
2019-06-21,2629.13,424.23,2213.20,3058952.67,586485.56,703823.21,653611.65,2264213.13,493482.50,605417.81,560760.04,2426389.99,264.79
2019-06-24,3016.38,433.79,2401.13,3040343.40,597807.03,706131.59,660992.13,2255542.95,503009.76,607407.01,567094.34,2417098.80,264.47
2019-06-25,3082.67,444.66,2457.61,3029295.18,600004.28,708414.18,663275.22,2250336.53,504858.28,609372.65,569053.95,2411519.47,261.87
2019-06-26,2808.91,400.21,2225.66,3009802.17,591511.25,699008.02,654177.50,2241448.30,497712.03,601281.04,561248.36,2401994.61,261.61
2019-06-27,2916.32,418.01,2317.70,3025065.96,595355.29,703287.57,658305.68,2248527.34,500945.65,604960.72,564788.92,2409580.69,262.54
2019-06-28,2957.68,415.70,2327.74,3029353.33,596539.78,702852.75,658757.04,2250608.40,501942.59,604586.73,565176.34,2411810.81,263.89
2019-07-01,2535.05,384.66,2074.51,3047792.49,584922.01,696340.35,649290.40,2259606.76,492164.54,598982.68,557052.03,2421453.69,266.29
2019-07-02,2998.05,437.57,2406.64,3095905.27,598266.57,708286.79,662266.56,2283675.20,503394.57,609259.90,568186.23,2447246.06,266.98
2019-07-03,3112.60,453.41,2496.18,3094516.82,602123.45,712286.18,666271.06,2283201.35,506651.93,612699.08,571628.19,2446738.27,269.12
2019-07-05,2661.48,404.87,2181.67,3073252.99,588533.91,701164.40,653550.76,2272381.11,495100.35,603133.46,560649.47,2435143.01,268.81
2019-07-08,2513.92,389.77,2080.51,3080682.60,584842.73,698014.92,650033.48,2276106.19,492007.24,600423.08,557638.43,2439134.91,267.33
2019-07-09,2490.78,397.90,2092.62,3090296.79,584083.93,699543.38,650323.49,2280972.96,491427.04,601697.89,557901.62,2444350.27,267.67
2019-07-10,2611.40,406.85,2166.84,3070371.90,586745.70,701943.18,652920.78,2270959.55,493672.87,603617.99,560066.60,2433619.64,268.94
2019-07-11,2486.00,366.91,2008.45,3038151.20,583664.31,689515.02,645426.22,2254898.55,490232.85,592861.10,553124.88,2416408.25,269.57
2019-07-12,2508.56,373.13,2034.59,3032266.21,584329.76,691289.80,646624.80,2252010.67,491105.92,594389.54,554330.41,2413313.52,270.78
2019-07-15,2532.47,384.12,2074.25,3052773.34,584958.60,694779.99,648605.08,2262177.07,491460.83,597216.29,555848.84,2424208.10,270.87
2019-07-16,2420.25,367.77,1984.15,3063589.71,582097.99,690215.00,644888.35,2267631.95,488777.52,593292.45,552505.38,2430053.70,270.00
2019-07-17,2773.14,400.08,2215.95,3083445.34,591223.99,698108.95,653631.34,2277577.23,495518.31,600692.20,559760.74,2440711.32,268.16
2019-07-18,2977.95,418.49,2348.76,3086883.05,596576.69,702944.35,658853.85,2279536.43,500501.96,605932.04,565017.01,2442810.85,269.14
2019-07-19,2623.11,396.11,2146.02,3072165.15,587442.98,696516.96,650798.14,2272112.90,490722.38,598989.90,556260.24,2434855.60,267.65
2019-07-22,2596.26,402.01,2151.04,3085069.39,586775.89,697941.14,651093.97,2278584.31,490660.42,600517.34,556934.36,2441790.53,268.30
2019-07-23,2468.98,398.52,2088.97,3082409.11,583517.79,696924.83,648812.31,2277134.62,487951.97,599461.17,554907.46,2440237.00,270.22
2019-07-24,2648.11,408.13,2189.92,3094156.00,588217.36,699598.91,652669.77,2283191.65,493071.02,602230.07,559099.75,2446727.87,271.49
2019-07-25,2453.51,394.50,2072.90,3101322.93,583303.00,695878.20,648207.79,2286958.27,487520.87,597916.84,553950.89,2450764.28,270.20
2019-07-26,2541.98,406.99,2143.09,3121440.84,585489.84,699977.32,651332.03,2296999.10,490371.33,602604.41,557741.77,2461524.29,272.01
2019-07-29,2668.85,438.96,2280.75,3125043.74,588838.50,710028.66,657871.06,2298943.45,492474.44,614012.04,564216.97,2463607.91,271.51
2019-07-30,2803.61,454.04,2377.50,3146884.73,590245.85,714506.15,660731.52,2310036.92,493654.26,619122.97,567241.04,2475495.97,270.84
2019-07-31,2730.99,420.25,2258.23,3173492.37,587981.20,703689.37,654462.62,2323719.66,491731.20,606119.66,560179.35,2490158.75,267.88
2019-08-01,2302.40,425.28,2094.55,3290002.05,580647.18,712807.38,654621.07,2380271.20,485574.18,614854.78,560708.85,2550760.86,265.55
2019-08-02,2359.04,422.30,2112.97,3313818.90,581340.76,710942.03,654155.51,2391650.23,486146.90,611481.52,559501.41,2562954.92,263.55
2019-08-05,2618.52,460.02,2323.54,3369070.27,583950.43,716223.31,658053.50,2418404.86,488213.38,616012.09,562763.28,2591625.88,255.62
2019-08-06,2622.94,483.46,2384.71,3403027.72,584069.66,721700.71,660636.94,2435322.00,488310.86,620721.70,564970.72,2609754.74,259.21
2019-08-07,2813.46,533.34,2594.34,3438438.13,587860.87,735257.16,668985.76,2452926.26,491480.50,632370.21,572105.48,2628619.92,259.36
2019-08-08,2726.36,524.97,2533.81,3432108.63,586258.87,734349.59,667661.34,2449849.77,490141.45,631588.81,570972.65,2625323.07,264.45
2019-08-09,2848.80,546.80,2643.41,3435302.56,588195.78,739324.34,671025.75,2451322.45,491762.36,635866.62,573850.39,2626901.23,262.65
2019-08-12,3549.04,563.55,3008.77,3499961.35,602990.68,749346.09,684012.89,2483753.50,504129.35,644488.55,584956.59,2661655.19,259.45
2019-08-13,3112.61,507.92,2675.27,3448309.69,593669.50,735531.47,672420.99,2457457.33,496337.72,632599.31,575040.65,2633475.53,263.49
2019-08-14,3632.98,572.34,3068.54,3534913.44,604701.73,751108.67,685789.14,2501172.88,505560.31,645927.54,586440.91,2680322.26,255.70
2019-08-15,3774.15,594.25,3186.89,3563268.62,608220.90,756235.49,690125.16,2515864.67,508501.39,651133.28,590509.87,2696066.37,256.37
2019-08-16,3531.55,563.35,3001.62,3537363.14,602951.01,747981.21,683369.05,2502503.56,504095.43,642668.00,584113.04,2681748.25,260.15
2019-08-19,3217.05,513.96,2736.38,3512907.88,595926.41,735538.71,673704.45,2489827.86,498223.47,630928.79,575376.20,2668164.63,263.29
2019-08-20,3421.83,551.40,2923.14,3535825.44,600478.30,744611.12,680432.31,2501553.00,502027.85,639430.34,581449.46,2680729.60,261.27
2019-08-21,3279.76,533.77,2815.74,3521192.77,596912.61,740842.76,676690.30,2494070.82,499047.93,635974.54,578152.56,2672711.51,263.40
2019-08-22,2929.39,496.02,2565.75,3520742.03,589249.02,731612.64,668130.95,2494045.06,492639.52,627350.04,570520.27,2672683.90,263.32
2019-08-23,3620.65,591.84,3116.32,3582961.59,605859.57,753276.29,687440.00,2525562.26,510358.72,647359.88,589879.07,2706458.56,256.55
2019-08-26,3326.95,570.74,2934.37,3570876.70,598949.86,750438.48,682225.04,2519457.15,502938.62,645293.80,584649.64,2699916.16,259.39
2019-08-27,3717.45,623.72,3242.77,3615088.19,607849.38,761750.03,692435.16,2542118.89,512731.38,655836.69,595117.56,2724201.07,258.37
2019-08-28,3644.12,618.87,3198.19,3618902.74,606175.47,760685.01,690997.68,2543885.96,510791.13,653206.41,592798.17,2726094.71,260.19
2019-08-29,3406.57,596.26,3035.50,3600125.25,600835.42,755293.42,685505.21,2534363.49,505242.85,647402.64,586945.12,2715890.18,263.51
2019-08-30,3464.57,615.46,3110.22,3607504.86,602344.20,758342.86,687749.74,2538166.21,506809.00,649475.51,588794.48,2719965.28,263.40
2019-09-03,3779.27,679.34,3412.89,3642550.18,608692.23,772143.90,697631.96,2556455.82,511912.33,660909.00,596941.55,2739564.90,261.86
2019-09-04,3579.17,623.23,3181.61,3574552.59,604359.44,769605.14,694002.13,2522563.13,508255.97,658746.14,593832.95,2703244.61,264.83
2019-09-05,2685.89,485.60,2433.27,3480242.84,585214.92,743297.26,671148.30,2475717.45,491233.00,636120.78,573690.42,2653043.56,268.23
2019-09-06,2842.07,475.79,2479.45,3472038.39,588442.64,740351.04,671669.02,2471805.60,494591.69,631750.42,573680.94,2648851.51,268.44
2019-09-09,2530.77,425.38,2212.30,3400829.03,581874.37,731788.86,664036.46,2437610.09,487261.99,621942.28,564976.76,2612206.71,268.57
2019-09-10,2309.22,387.77,2017.66,3342609.28,577690.98,725947.69,658999.23,2410104.51,482556.35,615211.90,559191.71,2582731.02,268.51
2019-09-11,2264.68,396.78,2021.66,3340283.76,576816.22,728127.49,659489.68,2408827.71,481598.35,617730.99,559781.49,2581362.76,270.42
2019-09-12,2222.31,381.63,1964.15,3314401.02,576128.78,726245.49,658244.40,2396935.13,480793.65,615536.15,558319.36,2568618.36,271.36
2019-09-13,2218.65,351.77,1885.68,3223844.08,576045.99,719870.35,655307.99,2354663.00,480700.94,608252.35,554962.16,2523318.44,271.18
2019-09-16,2078.29,337.43,1787.59,3248899.65,572718.72,712196.47,649922.63,2366170.47,476993.15,599624.18,548885.74,2535650.14,270.34
2019-09-17,1972.87,337.46,1742.35,3273959.96,570060.22,712401.98,648507.96,2377703.32,474016.53,599833.78,547269.05,2548009.05,271.02
2019-09-18,1975.28,337.54,1743.61,3292441.08,570231.99,712578.11,648685.83,2386321.57,474172.98,599987.97,547429.70,2557244.60,271.19
2019-09-19,1974.86,337.54,1743.42,3301935.28,570221.30,712573.48,648677.64,2390668.29,474161.00,599982.74,547420.40,2561902.65,271.17
2019-09-20,1948.79,337.58,1732.01,3365659.55,569674.97,712388.03,648282.49,2420259.66,473531.38,599751.05,546951.25,2593613.54,269.89
2019-09-23,1946.70,337.65,1731.27,3380956.43,569744.09,712519.58,648381.67,2427387.29,473572.93,599854.95,547022.62,2601251.69,269.82
2019-09-24,1904.28,337.65,1712.41,3419676.53,568744.65,712087.11,647616.21,2445562.57,472453.96,599366.74,546153.76,2620728.80,267.71
2019-09-25,1879.97,337.65,1701.48,3386749.26,568169.46,712410.95,647435.99,2429705.50,471809.99,599732.32,545948.11,2603735.94,269.29
2019-09-26,1881.12,337.82,1702.44,3407958.36,568317.51,712468.35,647546.42,2439856.48,471939.53,599752.13,546032.08,2614614.01,268.73
2019-09-27,1873.76,336.83,1696.60,3413226.01,568080.85,711866.68,647138.17,2442321.32,471677.26,599075.52,545572.35,2617255.39,267.28
2019-09-30,1888.40,338.02,1706.22,3412731.16,568611.35,712537.51,647745.25,2442165.14,472247.90,599807.55,546235.70,2617088.02,268.52
2019-10-01,1834.06,334.66,1673.20,3434234.46,566791.93,710831.95,645933.71,2453404.83,470236.76,597897.99,544203.08,2629132.76,265.33
2019-10-02,1780.30,332.57,1643.46,3476518.14,565030.89,710188.85,644638.05,2475269.88,468284.64,597177.74,542745.70,2652563.93,260.64
2019-10-03,1680.28,329.15,1588.83,3485575.83,561359.19,709321.60,642149.94,2480095.39,464169.16,596141.46,539889.85,2657735.07,262.78
2019-10-04,1624.78,329.15,1562.59,3486614.96,559228.38,709321.60,640931.20,2480627.71,461810.75,596141.46,538518.28,2658305.52,266.33
2019-10-07,1585.17,329.18,1543.63,3481141.89,557628.75,709399.22,640049.61,2477822.15,460025.33,596206.70,537506.76,2655299.00,265.18
2019-10-08,1612.74,329.18,1557.05,3500533.43,558754.77,709399.22,640695.83,2487963.66,461271.67,596206.70,538234.89,2666166.92,261.07
2019-10-09,1580.03,329.18,1541.26,3487332.70,557385.56,709399.22,639910.83,2481022.98,459757.43,596206.70,537351.44,2658729.09,263.54
2019-10-10,1450.61,329.26,1478.31,3422543.94,551997.41,709554.25,636887.80,2447104.87,453771.15,596336.99,533911.86,2622381.57,265.33
2019-10-11,1398.65,328.52,1450.18,3337247.63,549789.22,709370.29,635531.34,2402425.59,451315.04,596109.71,532365.17,2574502.08,268.08
2019-10-14,1390.72,323.13,1434.18,3370339.49,549145.32,707473.91,634309.70,2419263.85,450632.06,594010.54,531025.01,2592546.41,267.78
2019-10-15,1475.54,335.88,1506.19,3315786.48,553542.26,711892.70,638830.02,2391545.93,455441.16,598930.25,536057.55,2562843.15,270.43
2019-10-16,1487.49,339.99,1521.53,3316852.60,554289.97,713314.32,639899.33,2392127.98,456241.71,600497.95,537230.25,2563466.90,270.00
2019-10-17,1482.26,342.45,1524.35,3295998.27,554161.32,714252.40,640245.84,2381694.23,456078.40,601524.09,537593.12,2552285.82,270.79
2019-10-18,1535.99,350.48,1569.86,3286319.73,557005.90,716902.99,643077.05,2376828.19,459200.60,604488.10,540757.73,2547071.23,269.61
2019-10-21,1576.16,356.60,1604.08,3267605.89,559250.77,718872.84,645256.43,2367569.83,461584.63,606671.21,543137.92,2537149.74,271.43
2019-10-22,1477.41,346.57,1531.27,3285037.04,554377.26,715610.50,640980.80,2376189.26,457383.77,603017.84,539031.00,2546386.54,270.55
2019-10-23,1530.86,352.00,1570.97,3270323.19,557193.59,717339.34,643383.22,2368827.98,459704.31,604949.39,541261.68,2538498.01,271.34
2019-10-24,1512.99,345.05,1546.29,3287152.58,556336.36,715101.90,641884.92,2377284.44,459000.70,602401.66,539707.71,2547560.17,271.78
2019-10-25,1560.52,345.57,1571.73,3276880.45,558868.69,715230.40,643403.45,2372134.26,461092.95,602636.54,541043.00,2542041.10,272.89
2019-10-28,1640.57,355.22,1634.00,3230796.22,563186.08,718739.24,647466.91,2349211.22,464655.34,605785.58,544546.63,2517476.17,274.43
2019-10-29,1587.88,344.18,1582.37,3222860.39,560464.50,715520.41,644452.65,2345443.20,462408.36,602636.07,541814.40,2513438.27,274.35
2019-10-30,1436.30,324.70,1462.07,3236850.75,553664.72,710462.16,638265.35,2352353.69,456791.07,597890.59,536390.18,2520843.72,275.19
2019-10-31,1310.75,306.18,1356.45,3280416.24,547706.89,706470.08,633038.05,2373727.63,451917.95,593436.27,531530.96,2543748.60,274.46
2019-11-01,1404.88,304.93,1402.41,3248468.65,552407.86,712005.59,638234.81,2357919.80,456262.04,599640.86,536864.33,2526808.51,277.00
2019-11-04,1411.31,297.80,1389.22,3240942.90,552730.53,712517.12,638650.47,2354169.62,456603.84,600194.47,537313.25,2522789.72,278.11
2019-11-05,1429.67,299.25,1401.63,3194809.30,553660.33,714377.81,640021.53,2331202.40,457639.33,602292.05,538861.42,2498177.44,277.80
2019-11-06,1325.72,282.73,1312.00,3227652.28,547961.90,707260.67,633539.72,2347466.64,451353.24,594298.90,531584.87,2515606.64,277.87
2019-11-07,1320.22,274.87,1291.02,3191108.52,551069.07,707223.99,635319.51,2329493.33,454881.66,595909.31,534382.92,2496345.96,278.85
2019-11-08,1354.23,276.50,1311.49,3188088.57,552168.65,708274.72,636425.30,2327989.32,454672.98,594906.39,533810.65,2494734.23,279.53
2019-11-11,1278.33,278.34,1279.09,3199653.21,548509.36,705242.41,632954.11,2333716.46,451651.28,592340.38,530885.60,2500871.58,279.00
2019-11-12,1283.90,283.81,1294.46,3202721.85,548326.10,704427.32,632482.61,2335312.42,451502.22,591654.03,530490.41,2502581.85,279.59
2019-11-13,1161.79,272.09,1206.18,3213533.97,541480.62,697315.44,625341.78,2340671.59,445867.42,585679.46,524501.66,2508324.88,279.68
2019-11-14,1073.55,264.39,1143.29,3245190.20,537018.73,693776.00,621178.27,2356480.37,442193.32,582707.35,521009.79,2525265.98,280.08
2019-11-15,1099.05,264.53,1157.19,3247760.25,538307.36,696663.03,623216.02,2357662.36,442802.79,584515.28,522177.10,2526532.64,282.11
2019-11-18,1063.02,262.12,1132.95,3272285.67,536207.70,696123.68,621759.35,2370079.82,440460.70,583865.75,520506.01,2539839.50,282.32
2019-11-19,1036.81,254.55,1102.61,3294975.52,534562.81,693188.60,619494.92,2381328.56,438667.17,580600.83,517990.96,2551893.95,282.24
2019-11-20,1017.84,252.51,1088.12,3289507.81,533477.17,690978.67,617878.36,2378640.98,437456.06,578109.19,516164.44,2549013.87,281.19
2019-11-21,1029.65,257.98,1106.20,3258928.36,534254.43,692696.88,619096.69,2363212.45,438309.87,580047.15,517533.30,2532480.25,280.74
2019-11-22,1038.69,251.32,1096.78,3272178.69,534489.48,691357.26,618634.24,2369935.75,438558.15,578554.85,517014.14,2539685.12,281.36
2019-11-25,1090.80,271.15,1167.57,3306574.51,537644.42,702030.80,625235.45,2387168.80,442030.15,590244.07,524283.63,2558152.50,283.54
2019-11-26,1084.25,259.83,1139.69,3319998.96,537661.78,697985.78,623444.28,2393986.50,442027.55,585800.11,522308.42,2565458.53,284.18
2019-11-27,1119.12,266.13,1171.84,3327284.66,539671.12,702413.18,626586.53,2397831.52,444326.37,590872.29,525927.80,2569578.96,285.45
2019-11-29,1040.87,267.26,1133.36,3324539.80,533448.07,701222.99,622443.03,2396417.42,438201.52,588864.27,521409.29,2568063.57,284.39
2019-12-02,940.47,258.72,1060.58,3272704.64,526334.21,696650.10,616263.13,2371421.25,432333.50,584526.63,515997.78,2541277.02,281.98
2019-12-03,829.80,255.08,990.72,3298066.87,519073.16,692922.98,610363.78,2382992.25,425536.49,580957.59,510366.30,2553676.81,280.08
2019-12-04,798.45,267.04,995.24,3293766.66,516513.39,699714.81,611850.10,2381101.81,422713.09,587159.15,511397.19,2551650.96,281.81
2019-12-05,774.81,273.98,993.43,3287337.36,514372.79,703258.51,612131.60,2378313.80,420809.83,591073.15,511950.39,2548663.25,282.32
2019-12-06,740.27,281.23,984.43,3309349.30,511333.50,710458.67,613456.73,2388504.18,418563.30,599125.22,514070.94,2559583.53,284.90
2019-12-09,743.23,285.58,994.01,3302339.83,511690.16,711095.09,613945.44,2385311.64,418934.76,599808.40,514592.16,2556162.32,284.00
2019-12-10,779.20,296.61,1037.27,3295773.82,515248.60,715311.17,617900.25,2382277.98,422820.69,604513.92,518997.26,2552911.37,283.69
2019-12-11,780.02,292.51,1030.64,3312745.62,514979.51,714533.92,617403.20,2390127.40,422526.46,603641.09,518442.00,2561323.02,284.49
2019-12-12,795.24,296.73,1048.13,3282362.66,517042.27,720619.08,621268.70,2376263.43,424921.12,610398.02,522812.76,2546466.02,286.94
2019-12-13,850.21,311.99,1111.32,3322235.93,521953.62,726500.47,626754.66,2394398.34,430631.51,617013.31,529158.75,2565899.87,287.12
2019-12-16,912.24,334.70,1192.30,3315893.47,529016.15,736551.88,635330.64,2391659.44,437826.15,628653.91,538570.69,2562964.79,289.09
2019-12-17,808.58,306.10,1073.61,3335567.29,519184.58,724211.10,624104.54,2400645.07,427905.82,614704.54,526493.95,2572594.03,289.15
2019-12-18,782.51,299.79,1045.25,3334430.70,516845.34,721646.39,621593.45,2400296.38,426036.12,612107.85,524231.68,2572220.36,289.17
2019-12-19,729.07,286.33,986.09,3349608.48,511578.22,715499.49,615778.82,2407428.91,421190.29,605963.10,518619.02,2579863.77,290.35
2019-12-20,712.66,288.50,978.72,3356201.15,510149.07,717872.57,615939.87,2410531.66,420012.07,608284.26,518886.93,2583188.75,291.63
2019-12-23,706.46,276.26,953.70,3374196.00,509435.24,712677.14,613280.08,2418875.73,419430.46,602438.52,516034.36,2592130.48,292.07
2019-12-24,721.37,285.05,978.95,3385309.24,511151.85,716217.03,615836.44,2424126.66,420837.93,606157.65,518493.04,2597757.52,292.08
2019-12-26,746.40,295.68,1014.18,3393823.06,513740.20,721206.75,619540.86,2428191.92,422967.61,611407.01,522050.06,2602113.96,293.64
2019-12-27,802.70,315.17,1085.84,3373760.11,519150.45,727855.88,625659.00,2418777.86,427411.74,618406.00,527780.71,2592025.60,293.56
2019-12-30,808.59,313.39,1086.76,3356553.92,519649.70,725361.12,624887.60,2410862.57,427821.06,615680.84,526870.53,2583543.37,291.95
2019-12-31,828.81,333.13,1134.59,3348927.45,521452.90,733451.44,629456.63,2407319.57,429160.25,624247.96,531360.82,2579746.60,292.65
2020-01-02,774.13,323.70,1081.10,3411942.18,516198.95,730924.77,625201.34,2436622.02,425039.76,621354.46,527578.47,2611147.87,295.39
2020-01-03,741.31,296.58,1012.89,3419840.46,513094.88,719018.48,618229.51,2440227.30,421506.51,608007.93,519719.53,2615011.38,293.15
2020-01-06,767.81,314.93,1062.34,3432470.88,515647.71,726021.83,622778.30,2445910.26,424031.23,615877.87,524639.60,2621101.39,294.27
2020-01-07,744.33,308.71,1035.60,3418453.58,513512.25,723961.63,620605.12,2439477.51,421678.02,613561.92,522197.40,2614207.89,293.45
2020-01-08,670.37,303.74,975.82,3410898.88,505119.52,722806.88,615038.66,2436223.25,412455.14,612224.21,515917.43,2610720.54,295.01
2020-01-09,679.39,308.22,989.58,3426814.72,506207.12,725386.42,616798.26,2443617.97,413599.68,615094.11,517842.47,2618644.91,297.01
2020-01-10,689.57,314.85,1007.63,3422261.49,507630.70,728238.24,618878.01,2441537.41,414748.04,618283.39,519903.88,2616415.32,296.16
2020-01-13,692.77,308.73,1000.18,3438615.57,507693.67,725481.35,617744.95,2449024.36,414490.90,615265.18,518473.73,2624438.55,298.19
2020-01-14,714.64,315.53,1026.98,3440342.41,510697.03,727897.13,620600.66,2449828.04,417284.19,618017.93,521380.60,2625299.79,297.74
2020-01-15,748.14,322.63,1062.61,3454577.12,514170.20,730480.88,623812.41,2456464.45,420051.45,620198.59,524029.23,2632411.53,298.41
2020-01-16,740.66,325.65,1062.27,3487222.97,513176.70,731707.68,623733.57,2471650.20,419238.86,621316.12,523994.49,2648684.99,300.89
2020-01-17,763.05,330.63,1086.44,3493961.95,515511.32,735211.46,626645.73,2474612.38,421146.21,624406.03,526489.41,2651859.33,301.83
2020-01-21,738.50,324.45,1058.80,3487713.84,513455.02,733230.71,624551.80,2471826.28,419467.01,622663.07,524704.98,2648873.67,301.24
2020-01-22,754.35,333.81,1085.45,3493417.33,514301.01,736741.49,626561.52,2474493.76,420156.78,625798.36,526457.41,2651732.22,301.27
2020-01-23,730.27,316.98,1040.76,3497333.11,511187.88,731321.99,622360.69,2476435.35,417615.35,621086.99,522883.47,2653812.88,301.62
2020-01-24,706.29,286.13,973.03,3490315.38,508169.00,720706.97,616006.24,2473183.90,415143.28,608784.03,516157.03,2650328.53,298.94
2020-01-27,761.66,323.45,1074.61,3442842.86,508246.44,725072.47,617918.83,2451247.93,415203.21,603413.93,513917.77,2626821.38,294.15
2020-01-28,664.07,273.03,922.02,3470622.82,501740.07,716086.59,610134.70,2464119.67,409888.04,595594.94,507298.69,2640615.07,297.23
2020-01-29,717.42,285.10,979.44,3493154.13,504801.63,721976.81,614505.53,2474630.19,412387.65,600096.88,510762.78,2651878.42,296.98
2020-01-30,719.25,289.89,988.92,3506211.51,504963.71,725041.80,615908.56,2480792.93,412520.08,602650.78,511931.65,2658482.58,297.95
2020-01-31,761.91,323.47,1075.52,3452231.39,508787.59,727315.37,619206.25,2455490.12,415643.97,604555.19,514678.87,2631367.42,292.54
2020-02-03,844.67,344.59,1169.05,3469078.16,515212.93,737999.84,627664.30,2463032.31,420893.09,613413.47,521699.46,2639449.83,294.71
2020-02-04,797.36,304.89,1068.96,3482129.68,511616.96,732732.20,623233.84,2468886.58,417955.53,609044.67,518021.09,2645723.41,299.20
2020-02-05,706.76,253.30,917.79,3493868.80,504325.88,721327.18,613942.63,2474350.65,411999.13,599589.05,510308.64,2651578.86,302.66
2020-02-06,736.17,250.46,931.75,3520242.42,506383.88,721339.11,615200.36,2486287.91,413680.38,599627.48,511366.21,2664371.14,303.68
2020-02-07,814.44,284.71,1044.99,3539611.71,512052.72,730206.02,622424.98,2494947.32,418311.34,607011.03,517376.83,2673650.79,302.06
2020-02-10,866.53,308.02,1121.18,3587718.35,515858.20,740492.44,629121.91,2516641.34,421420.09,615556.57,522941.14,2696898.67,304.31
2020-02-11,807.92,278.62,1029.76,3566780.98,511641.18,731908.81,622904.12,2507162.08,417975.10,608443.66,517782.34,2686740.44,304.84
2020-02-12,811.45,270.54,1017.07,3556391.11,510993.64,730703.64,621997.10,2502465.44,417446.10,607404.50,517012.52,2681707.40,306.80
2020-02-13,821.57,276.02,1033.71,3557761.11,511897.94,731190.83,622754.83,2503154.02,418184.88,607813.48,517644.08,2682445.30,306.48
2020-02-14,842.93,294.75,1082.23,3569967.22,513342.77,735350.45,625405.06,2508681.89,419365.21,611268.79,519845.96,2688369.10,306.97
2020-02-18,901.15,316.44,1159.42,3574563.73,517040.63,739780.68,629541.54,2510838.28,422386.13,614943.82,523281.01,2690679.95,306.18
2020-02-19,931.06,314.29,1174.72,3587485.46,517778.08,738755.13,629554.13,2516710.34,422988.55,614087.56,523289.86,2696972.61,307.64
2020-02-20,1045.07,341.94,1298.31,3634727.40,519233.94,743352.53,632398.12,2538197.11,424177.92,617900.21,525650.02,2719998.39,306.38
2020-02-21,996.63,359.96,1302.43,3618558.94,517416.84,743648.20,631417.32,2530849.07,422693.48,618171.99,524845.85,2712124.04,303.22
2020-02-24,885.33,416.49,1331.98,3576002.86,512652.25,749915.30,631170.78,2511094.53,418801.25,623377.48,524639.22,2690954.55,293.16
2020-02-25,767.58,412.77,1237.45,3482815.93,504818.27,749409.53,626135.39,2468318.09,412401.53,623004.78,520473.88,2645114.21,284.28
2020-02-26,752.34,417.64,1232.47,3497929.96,503555.97,750945.14,625994.07,2475403.54,411370.32,624277.76,520354.89,2652707.16,283.23
2020-02-27,735.48,430.25,1237.26,3384860.26,498794.67,748739.60,622115.29,2423805.87,407480.68,622561.82,517179.68,2597413.75,270.51
2020-02-28,848.76,453.07,1365.36,3376983.01,507881.11,758718.92,631927.59,2419937.15,415999.60,631235.46,526188.56,2593267.92,269.38
2020-03-02,642.68,392.91,1108.95,3347480.53,494079.79,739871.54,615492.61,2404596.17,404572.25,615782.40,512520.74,2576828.14,281.04
2020-03-03,782.73,458.12,1321.81,3394930.69,503705.37,753326.70,627084.69,2428912.12,412074.61,627039.27,521957.41,2602885.74,273.00
2020-03-04,660.99,428.03,1175.61,3397361.33,498609.62,747462.08,621471.81,2430433.62,407905.85,622142.19,517279.01,2604516.21,284.47
2020-03-05,883.54,534.06,1519.13,3460800.90,514587.77,770596.07,641046.77,2463202.33,421140.66,641439.32,533693.05,2639632.02,275.02
2020-03-06,1214.29,695.65,2033.28,3535457.20,538431.59,806205.70,670710.01,2501715.99,440539.87,671201.18,558366.23,2680904.27,270.47
2020-03-09,1845.19,967.76,2959.16,3619279.10,575374.21,876997.84,723166.43,2544755.13,467806.85,727546.69,599082.77,2727026.14,249.35
2020-03-10,1303.52,711.88,2133.61,3481210.00,547549.73,832136.27,687184.39,2469032.23,439408.17,681063.04,561760.83,2645879.50,262.25
2020-03-11,1307.68,702.41,2122.83,3446549.95,547927.80,833489.10,687980.22,2450662.93,439805.50,682418.91,562573.99,2626194.48,249.46
2020-03-12,1287.54,706.47,2112.62,3505080.86,546000.76,835134.39,687449.44,2481621.02,437694.89,684251.37,561979.43,2659369.97,225.60
2020-03-13,1217.17,636.21,1949.84,3506934.25,543794.20,825947.06,682279.02,2482747.83,435256.83,673972.16,556193.07,2660577.50,244.88
2020-03-16,1508.06,867.55,2537.32,3609530.98,553642.70,855907.92,700831.99,2540606.77,445969.06,707270.09,576776.88,2722580.64,218.09
2020-03-17,1620.72,770.89,2490.74,3554706.10,557345.06,846489.40,699319.29,2510044.69,449999.91,696729.18,575085.41,2686940.10,229.86
2020-03-18,1773.12,740.29,2558.42,3555383.46,562454.57,845334.23,702047.66,2510659.90,455524.57,695317.06,578032.80,2686894.85,218.22
2020-03-19,1736.35,726.87,2508.70,3494332.99,561108.98,842637.02,700087.88,2476299.52,454093.94,692386.76,575907.09,2646741.48,218.69
2020-03-20,1815.28,827.57,2739.50,3588048.54,563916.08,854752.45,706871.99,2528528.64,457095.42,705715.14,583353.49,2706230.18,209.26
2020-03-23,1900.53,879.90,2890.45,3719635.57,566690.85,860688.57,711065.65,2599975.02,460145.43,712321.42,588030.15,2791447.76,203.91
2020-03-24,1812.72,823.42,2730.90,3668966.76,563823.52,854283.24,706620.82,2570571.53,457026.26,705269.91,583126.56,2758373.62,222.39
2020-03-25,1747.74,811.96,2662.95,3679107.94,561551.01,852749.20,704562.35,2575682.01,454555.44,703585.97,580854.14,2764493.70,225.72
2020-03-26,1768.43,831.14,2710.16,3681187.18,562258.41,855187.55,706013.44,2576653.85,455325.70,706282.91,582459.52,2765800.60,238.90
2020-03-27,1818.37,877.94,2824.74,3717564.18,563846.42,860713.34,709291.40,2594932.76,457088.08,712441.49,586126.19,2788966.19,231.78
2020-03-30,1864.44,905.35,2904.61,3744983.60,565406.66,864214.26,711715.26,2608971.31,458785.23,716301.10,588801.97,2806424.62,239.31
2020-03-31,1842.05,899.77,2878.22,3716038.41,564735.68,863624.74,711050.21,2593927.29,458038.53,715639.08,588050.73,2787591.12,235.74
2020-04-01,1958.80,948.97,3048.13,3804333.38,568737.81,868967.44,715769.13,2639332.82,462404.51,721519.54,593269.38,2846521.12,225.13
2020-04-02,1770.87,900.27,2823.69,3781306.75,562054.01,861996.14,708692.14,2628023.82,455122.50,713813.08,585429.61,2830216.96,230.33
2020-04-03,1812.29,888.31,2837.96,3795077.91,563331.88,859050.72,708286.98,2634609.27,456562.32,710617.28,585045.14,2839957.75,227.00
2020-04-06,1768.77,873.93,2780.91,3728881.57,561837.48,858180.85,706988.91,2601483.62,454924.35,709644.63,583595.29,2792396.51,242.24
2020-04-07,1718.89,860.75,2720.72,3680138.71,559962.30,857232.05,705418.27,2576630.42,452923.12,708660.99,581907.20,2756996.54,242.49
2020-04-08,1731.95,844.79,2705.84,3662258.24,560475.03,854959.69,704806.26,2567770.78,453463.41,706122.13,581211.91,2744199.92,250.63
2020-04-09,1717.24,867.22,2730.27,3637317.42,559854.19,858071.59,705698.59,2555167.61,452822.08,709618.13,582239.69,2726346.21,254.44
2020-04-13,1702.98,845.17,2684.23,3642737.16,559562.86,855724.64,704549.89,2558053.84,452466.69,706988.78,580932.52,2730277.23,252.12
2020-04-14,1709.75,861.13,2714.90,3636690.66,559942.79,858279.25,705840.73,2555047.10,452858.98,709785.07,582333.21,2725867.19,259.56
2020-04-15,1703.06,902.16,2774.28,3715254.17,559564.79,863087.54,707579.63,2595098.89,452468.82,715137.50,584278.02,2783354.18,254.04
2020-04-16,1701.90,901.97,2773.03,3716692.18,559454.42,862955.15,707455.58,2595762.13,452366.48,715028.48,584167.40,2784406.73,255.27
2020-04-17,1672.48,881.45,2717.53,3667203.41,558111.81,859188.22,705062.60,2570772.12,450890.20,710859.64,581511.26,2748409.97,262.16
2020-04-20,1683.77,927.71,2798.00,3702062.92,558619.86,866367.92,708329.40,2588503.85,451452.76,718787.83,585116.82,2773908.40,257.54
2020-04-21,1685.44,980.38,2878.82,3775141.45,559030.54,873455.00,711486.92,2625797.22,451893.49,726635.12,588596.40,2827321.47,249.72
2020-04-22,1716.24,974.37,2896.30,3757230.45,560907.84,873237.20,712592.84,2616646.59,453911.45,726402.32,589816.32,2814216.45,255.27
2020-04-23,1721.49,962.94,2883.75,3757857.59,561150.52,871642.61,712096.37,2617074.76,454156.53,724625.48,589254.19,2814727.76,255.25
2020-04-24,1723.16,981.61,2913.09,3768154.49,561208.50,874075.49,713126.95,2622315.70,454234.65,727320.02,590400.44,2822334.94,258.81
2020-04-27,1722.66,979.36,2909.35,3736260.90,561560.12,874498.46,713522.88,2605782.69,454611.70,727782.64,590833.25,2798658.80,262.54
2020-04-28,1714.68,985.02,2911.01,3724735.67,561258.12,875272.45,713646.78,2599848.63,454286.74,728657.45,590977.18,2790161.13,261.33
2020-04-29,1714.88,973.38,2893.97,3684163.07,561128.23,873428.26,712812.38,2578616.53,454163.80,726652.31,590084.08,2759857.34,268.17
2020-04-30,1663.69,949.48,2815.25,3673416.93,558565.52,870264.42,709893.63,2573080.35,451375.89,723115.95,586837.08,2751725.34,265.68
2020-05-01,1671.71,962.13,2840.79,3727283.61,558950.44,871921.57,710814.12,2601406.76,451816.25,724981.86,587880.47,2792375.08,258.64
2020-05-04,1661.89,964.08,2835.33,3729313.45,558401.07,871992.74,710493.81,2602497.01,451226.40,725052.74,587525.46,2793929.01,259.36
2020-05-05,1655.63,949.34,2808.31,3705458.91,557877.19,869541.63,709161.96,2589868.50,450664.13,722346.97,586063.14,2775933.39,261.75
2020-05-06,1636.86,929.39,2762.88,3726737.92,557008.22,867053.24,707594.93,2601369.92,449713.80,719582.51,584323.76,2792223.59,259.98
2020-05-07,1645.09,919.28,2754.81,3705821.88,557587.05,865459.61,707312.32,2590078.84,450353.41,717900.17,584056.23,2776233.18,263.11
2020-05-08,1637.13,900.55,2720.08,3658789.52,556998.87,862689.75,705807.40,2564581.61,449720.67,714839.86,582401.06,2739898.27,267.47
2020-05-11,1613.45,893.14,2689.21,3667754.27,555896.08,861856.89,704768.00,2569515.27,448518.59,713889.68,581235.63,2746829.75,267.52
2020-05-12,1604.97,903.73,2698.08,3711359.80,555550.23,863350.34,705159.38,2593376.95,448147.62,715545.38,581669.28,2780835.98,262.19
2020-05-13,1600.95,911.31,2706.03,3744386.90,555480.73,864484.05,705578.26,2611468.17,448073.57,716801.98,582131.98,2806618.57,257.55
2020-05-14,1632.29,912.32,2734.01,3742247.47,557074.68,864473.68,706586.36,2610281.28,449770.01,716765.04,583218.97,2804825.98,260.64
2020-05-15,1693.27,906.35,2776.13,3743098.71,559916.89,863189.95,707864.23,2610609.43,452852.07,715397.75,584660.96,2805493.63,261.83
2020-05-18,1699.68,878.95,2739.43,3642694.65,560153.32,858779.75,706205.38,2554783.60,453105.50,710514.23,582829.02,2725931.43,269.81
2020-05-19,1714.39,887.07,2763.93,3650747.73,560954.33,859953.35,707192.85,2558815.37,453965.95,711814.33,583915.66,2731685.80,267.04
2020-05-20,1723.23,887.54,2771.79,3620830.37,561401.50,859938.64,707468.68,2542642.57,454445.61,711792.61,584215.23,2708626.44,271.57
2020-05-21,1689.27,883.60,2738.32,3639869.18,559596.79,859242.87,706045.35,2553083.86,452490.85,711013.17,582638.88,2723413.73,269.70
2020-05-22,1705.44,891.06,2762.99,3658611.68,560424.29,860313.18,707007.11,2563221.08,453395.42,712220.84,583716.07,2737967.33,270.21
2020-05-26,1643.22,880.01,2695.46,3589507.33,557081.62,858426.05,704123.21,2525224.21,449790.18,710116.08,580532.81,2683692.49,273.54
2020-05-27,1641.67,882.34,2697.76,3588274.97,556775.31,858940.63,704140.67,2524399.35,449475.61,710708.48,580571.96,2682615.95,277.61
2020-05-28,1643.00,879.92,2695.14,3581543.57,556795.13,858341.28,703907.53,2520749.99,449496.77,710047.77,580315.76,2677413.06,277.10
2020-05-29,1708.16,893.97,2770.11,3563682.08,560109.44,860731.46,706982.60,2510797.44,453054.84,712679.41,583687.96,2663223.77,278.33
2020-06-01,1757.80,909.26,2834.05,3532267.91,562711.69,863392.84,709717.91,2493224.61,455830.93,715551.66,586652.43,2638233.61,279.46
2020-06-02,1782.47,900.95,2840.98,3514241.00,564135.08,863198.36,710535.59,2483064.37,457362.52,715322.23,587543.96,2623866.73,281.77
2020-06-03,1791.07,868.33,2796.41,3471520.77,564753.69,860853.06,709959.91,2458849.72,458029.47,712711.68,586900.23,2589626.96,285.52
2020-06-04,1854.52,863.87,2838.76,3455980.74,568180.18,859678.47,711629.30,2450024.18,461713.07,711405.14,588722.29,2577148.28,284.77
2020-06-05,1911.63,871.53,2895.06,3424377.92,571435.13,861906.23,714589.72,2432007.27,465254.37,713884.31,592005.83,2551867.42,292.07
2020-06-08,1872.64,891.89,2899.35,3411768.51,569343.81,866948.73,715372.42,2424831.22,462976.97,719356.49,592825.88,2541624.90,295.60
2020-06-09,1786.90,885.11,2821.95,3428208.20,564646.39,864602.50,711453.29,2434171.07,457918.11,716798.87,588533.16,2554829.73,293.40
2020-06-10,1789.32,908.09,2860.49,3436575.43,564589.75,867201.83,712487.06,2439088.34,457827.07,719607.01,589627.48,2561684.66,291.76
2020-06-11,1604.92,831.21,2592.01,3502259.61,554062.79,852190.90,699678.35,2477293.78,446542.79,703289.53,575676.00,2615889.18,274.94
2020-06-12,1581.82,837.99,2583.93,3496285.40,552990.11,853484.40,699532.05,2473707.77,445358.41,704649.03,575468.96,2610619.26,278.23
2020-06-15,1579.07,848.19,2597.42,3489472.45,552977.68,855067.07,700172.78,2469633.27,445346.63,706376.07,576166.57,2604861.84,280.83
2020-06-16,1568.65,843.79,2582.10,3490902.49,552472.55,857379.76,700799.87,2470528.98,444806.77,708898.72,576846.17,2606127.49,286.24
2020-06-17,1559.61,843.80,2574.68,3493758.97,551990.98,857362.30,700487.30,2472201.43,444290.25,708879.38,576503.38,2608490.73,285.05
2020-06-18,1559.49,840.84,2570.06,3507722.67,551990.07,857120.67,700388.01,2480404.30,444307.53,708639.16,576416.90,2620178.19,285.16
2020-06-19,1560.62,837.93,2566.55,3514472.85,552048.78,857644.22,700639.17,2484518.76,444370.82,709209.89,576690.08,2625991.91,283.53
2020-06-22,1575.05,860.47,2612.93,3494355.89,552913.34,860941.46,702534.61,2472348.71,445299.52,712807.57,578755.41,2608795.32,285.35
2020-06-23,1585.40,851.54,2607.96,3495850.05,553604.36,861342.42,703137.21,2473285.63,446040.14,713244.30,579414.01,2610119.12,286.66
2020-06-24,1543.77,821.64,2527.94,3525299.53,551042.29,853934.64,698486.57,2491308.49,443286.18,705163.73,574343.10,2635585.56,279.35
2020-06-25,1538.59,826.42,2531.04,3529940.51,550804.09,855766.12,699084.65,2494168.16,443016.52,707136.77,574971.91,2639530.37,282.34
2020-06-26,1550.77,813.35,2521.04,3551768.82,551418.89,852053.26,697958.26,2507618.54,443683.64,703110.49,573767.94,2658631.45,275.64
2020-06-29,1534.51,812.99,2507.27,3530174.67,550628.85,853643.27,698109.50,2494178.42,442844.20,704845.52,573933.09,2639641.36,279.69
2020-06-30,1488.27,821.77,2483.04,3519154.43,548127.24,857932.22,698277.43,2487247.37,440168.51,709527.96,574105.61,2629848.19,283.27
2020-07-01,1471.25,825.74,2474.84,3500212.90,547062.94,858206.32,697711.05,2475276.19,439030.09,709827.03,573484.19,2612969.41,285.25
2020-07-02,1489.22,826.28,2490.76,3497274.04,548268.25,859153.72,698864.77,2473452.97,440307.73,710835.92,574726.19,2610306.31,286.82
2020-07-06,1500.49,840.61,2521.79,3475396.62,549011.34,862817.30,700828.41,2459466.73,441118.17,714859.01,576881.50,2590702.75,291.25
2020-07-07,1543.66,834.28,2548.57,3494737.83,551795.08,860509.50,701667.91,2471937.40,444099.24,712338.77,577813.88,2608266.88,288.25
2020-07-08,1566.90,871.06,2623.94,3468259.86,553331.52,866516.36,705093.81,2454731.74,445744.48,718894.84,581543.17,2584034.18,290.45
2020-07-09,1568.14,858.91,2606.68,3496676.13,553315.67,862674.16,703520.50,2473287.62,445721.19,714700.58,579831.52,2610168.20,288.80
2020-07-10,1576.16,879.11,2643.99,3482786.47,553800.26,865509.13,704984.54,2464212.56,446225.45,717769.53,581404.42,2597292.23,291.75
2020-07-13,1575.16,881.14,2646.21,3502857.51,553730.30,864862.12,704676.50,2477443.92,446145.70,717063.02,581066.32,2615926.48,289.22
2020-07-14,1585.08,885.31,2660.79,3497839.63,554460.37,866479.62,705800.01,2474056.83,446925.13,718828.48,582289.21,2611156.55,292.97
2020-07-15,1582.99,895.58,2674.47,3471581.16,554366.67,870678.06,707450.31,2456625.04,446823.93,723412.63,584079.98,2586606.95,295.66
2020-07-16,1558.36,880.31,2630.87,3483629.34,552516.65,866811.41,704698.99,2464652.85,444853.95,719216.65,581098.52,2598007.90,294.69
2020-07-17,1565.05,882.81,2640.25,3478055.43,553153.37,867439.71,705360.43,2460871.58,445515.89,719877.79,581797.94,2592587.61,295.54
2020-07-20,1586.48,898.40,2681.63,3490343.94,554635.49,871305.10,707876.98,2469144.35,447101.26,724097.32,584538.19,2604238.18,297.93
2020-07-21,1692.83,938.04,2830.68,3471537.44,561747.98,879648.32,715804.94,2456261.95,454716.62,733204.06,593192.12,2586095.98,298.56
2020-07-22,1781.38,954.02,2928.83,3482822.36,567878.80,886996.26,722700.68,2463944.53,461297.94,741251.00,600740.04,2597010.54,300.26
2020-07-23,1802.32,960.27,2955.63,3479525.46,569484.29,884519.06,722713.10,2461596.77,462997.49,738521.45,600740.61,2593609.19,296.68
2020-07-24,1817.19,959.10,2966.02,3474632.86,570626.46,884035.28,723240.21,2458105.57,464234.15,738017.09,601337.76,2588787.79,294.77
2020-07-27,1932.70,995.49,3116.56,3470800.17,578600.36,892302.46,731675.20,2455341.27,472775.53,747046.64,610548.38,2584894.91,296.92
2020-07-28,1979.53,1005.30,3169.68,3471238.93,581840.67,891018.30,733197.49,2455637.31,476229.15,745619.54,612195.23,2585216.66,295.04
2020-07-29,2004.30,1017.91,3209.38,3448027.89,583607.51,892341.62,734855.18,2439038.81,478119.22,747067.00,614004.30,2561923.40,298.67
2020-07-30,1956.12,991.78,3129.61,3447720.51,580262.19,885045.54,729744.83,2438785.93,474545.24,739120.09,608443.71,2561702.41,297.60
2020-07-31,2008.61,1007.00,3195.63,3474870.35,584017.83,891343.28,734702.73,2458428.96,478553.11,745986.67,613839.36,2588610.06,299.95
2020-08-03,2034.64,1022.36,3240.70,3469544.61,585666.66,893192.17,736501.84,2454569.14,480334.42,748029.30,615822.19,2583375.10,302.04
2020-08-04,2174.75,1057.59,3408.12,3491808.80,595612.20,900762.41,745876.42,2470842.45,490979.59,756273.22,626039.56,2604416.07,303.20
2020-08-05,2227.41,1082.47,3489.47,3490056.93,599301.50,906659.92,750628.17,2469544.74,494949.94,762748.61,631250.97,2602782.63,305.09
2020-08-06,2358.44,1107.65,3632.69,3521307.36,608229.98,913036.88,758859.42,2492645.68,504532.05,769713.30,640243.39,2632289.32,307.13
2020-08-07,2234.06,1060.49,3459.57,3495254.40,599834.22,905421.87,750457.35,2473254.88,495495.58,761341.90,631028.19,2607345.29,307.35
2020-08-10,2279.97,1083.63,3532.86,3487737.26,602673.03,910407.87,754299.51,2467631.91,498544.91,766792.32,635228.64,2600143.96,308.27
2020-08-11,2021.66,1027.77,3241.67,3434015.97,584348.61,896674.97,737143.12,2427439.54,478799.43,751787.37,616433.91,2549213.90,305.72
2020-08-12,2029.89,1035.33,3260.19,3421792.19,585144.17,901387.98,739582.16,2418355.42,479671.26,756955.87,619114.11,2537728.07,309.98
2020-08-13,1991.73,1054.43,3259.61,3429023.29,582907.15,911292.99,742231.93,2423597.44,477227.19,767801.53,621972.16,2544395.91,309.42
2020-08-14,1988.43,1043.92,3240.67,3422942.95,582620.13,906573.75,740127.33,2418994.41,476921.25,762648.07,619685.46,2538777.84,309.43
2020-08-17,2055.13,1090.49,3367.31,3434609.06,586735.06,914725.30,746068.48,2427688.61,481404.15,771591.65,626231.40,2549572.09,310.42
2020-08-18,2076.45,1109.08,3413.47,3457398.59,588109.23,917115.12,747916.74,2444862.52,482878.58,774182.21,628241.67,2570530.53,311.09
2020-08-19,2073.17,1087.29,3377.25,3412788.54,587702.41,912526.30,745786.94,2410800.99,482399.22,769153.39,625889.42,2529067.06,309.79
2020-08-20,2075.14,1098.21,3395.82,3440611.28,587950.96,915803.22,747283.73,2431829.45,482678.78,772738.39,627529.40,2554725.37,310.76
2020-08-21,2013.37,1071.52,3304.01,3438333.73,584157.98,912146.22,743381.26,2430097.22,478543.39,768723.72,623211.07,2552504.01,311.86
2020-08-24,2024.98,1061.80,3298.54,3430520.62,585171.01,910764.44,743462.78,2424084.37,479653.78,767204.78,623318.40,2545213.54,315.02
2020-08-25,2094.85,1078.68,3381.67,3421437.81,589724.48,915926.05,748462.10,2417141.56,484655.16,772912.06,628886.54,2536857.17,316.12
2020-08-26,2115.17,1098.21,3428.68,3444622.26,591305.15,920468.61,751321.18,2435069.90,486389.48,777884.67,632034.76,2558134.23,319.29
2020-08-27,2142.23,1095.83,3446.91,3407010.74,593085.89,922170.62,753147.12,2405828.81,488337.42,779768.42,634065.66,2523409.53,319.99
2020-08-28,2201.74,1119.21,3531.55,3438696.64,597209.51,926201.20,757411.28,2430344.65,492832.67,784167.67,638772.63,2552376.66,322.05
2020-08-31,2230.61,1138.15,3584.58,3448014.53,599006.42,931498.19,760716.58,2437516.94,494792.69,789986.59,642412.85,2560841.01,320.89
2020-09-01,2252.97,1137.52,3601.56,3461251.04,600703.41,931897.10,761957.03,2447685.59,496648.14,790427.37,643796.58,2573159.49,323.91
2020-09-02,2241.62,1120.72,3565.89,3471339.78,600378.30,931288.32,761501.95,2455536.06,496314.57,789755.40,643306.72,2582022.73,328.60
2020-09-03,2128.51,1088.65,3424.90,3419545.95,591690.80,919504.94,751174.92,2414811.41,486786.05,776829.95,631867.14,2536183.61,317.29
2020-09-04,2186.93,1117.58,3517.41,3411578.65,595054.24,924084.97,755180.72,2408467.64,490420.23,781839.40,636263.11,2529033.59,314.70
2020-09-08,2112.03,1052.47,3354.72,3371932.10,590314.86,911564.90,747057.53,2377745.76,485274.31,768062.27,627319.07,2494228.93,306.10
2020-09-09,2105.41,1063.36,3366.81,3408793.43,589686.30,916402.93,748642.26,2406378.20,484572.98,773363.36,629030.60,2526501.97,312.14
2020-09-10,2098.24,1040.11,3324.28,3379293.83,589372.14,912332.17,746780.07,2383702.20,484270.23,768927.28,627030.02,2500490.59,306.72
2020-09-11,2120.69,1062.95,3378.57,3396358.73,590845.07,916136.45,749270.20,2396847.26,485905.18,773156.16,629812.72,2515458.62,306.88
2020-09-14,2090.11,1072.64,3369.59,3417560.74,588798.19,915862.10,747860.15,2413060.68,483616.70,772764.26,628169.98,2533766.74,310.92
2020-09-15,2066.12,1062.87,3334.92,3417684.67,586902.56,914325.91,746029.09,2413131.32,481554.96,771096.84,626153.27,2533865.35,312.49
2020-09-16,2013.58,1064.44,3294.98,3408721.73,583146.47,913154.42,743163.92,2405937.69,477368.79,769709.89,622868.56,2525923.74,311.25
2020-09-17,2063.87,1068.37,3342.21,3405999.42,586750.64,917962.27,747416.92,2403846.40,481333.23,775052.98,627616.84,2523546.08,308.51
2020-09-18,2069.03,1068.65,3346.83,3385588.72,587010.90,918190.05,747675.42,2387659.35,481652.40,775389.29,627961.09,2505789.27,304.96
2020-09-21,1975.86,1030.40,3211.58,3340750.54,580251.64,903081.34,737219.33,2351980.55,474210.01,758646.43,616329.79,2466674.47,301.57
2020-09-22,1953.42,1026.75,3187.65,3341816.11,578624.97,901567.45,735568.05,2352774.95,472417.85,756955.63,614478.35,2467541.57,304.64
2020-09-23,1926.86,996.02,3118.28,3287602.85,576695.61,896868.94,732425.01,2309756.51,470291.27,751723.15,610971.52,2420683.93,297.57
2020-09-24,1927.20,996.13,3118.72,3287765.23,576785.67,896932.46,732508.14,2309401.98,470369.60,751766.80,611040.14,2420537.14,298.37
2020-09-25,1941.33,996.02,3129.99,3292392.51,577797.04,897091.27,733215.20,2313101.94,471494.05,751971.29,611853.61,2424518.24,303.19
2020-09-28,1910.40,996.13,3105.23,3333025.01,575493.41,894895.54,730856.25,2344833.47,468955.33,749493.43,609198.30,2459128.20,308.23
2020-09-29,1885.22,996.13,3084.76,3358979.92,573566.38,894895.54,729632.62,2365156.91,466846.39,749493.43,607828.49,2481183.00,306.55
2020-09-30,1864.90,996.02,3067.97,3343866.65,571941.37,894797.72,728559.16,2353368.38,465085.63,749411.51,606649.02,2468079.70,308.87
2020-10-01,1864.90,996.02,3067.97,3356837.44,571941.37,894797.72,728559.16,2363534.20,465085.63,749411.51,606649.02,2479442.15,310.86
2020-10-02,1863.78,995.65,3066.47,3353602.57,571851.75,894667.58,728449.10,2360880.90,464987.92,749266.51,606526.60,2476654.11,307.90
2020-10-05,1865.63,991.16,3061.08,3328441.01,571980.34,893126.03,727903.43,2341269.81,465128.05,747548.99,605922.83,2456081.28,313.36
2020-10-06,1821.06,982.78,3011.56,3317619.34,568282.57,890453.42,724461.43,2332866.01,461079.01,744545.02,602068.07,2447265.38,308.91
2020-10-07,1866.20,990.77,3061.14,3310573.45,571969.50,893031.02,727860.08,2327481.77,465116.15,747443.87,605875.94,2441617.10,314.29
2020-10-08,1839.68,980.00,3022.76,3311027.03,570005.89,889711.38,725257.86,2327811.20,462975.52,743747.19,602983.45,2441962.69,317.07
2020-10-09,1845.31,982.39,3031.06,3339185.20,570559.65,890369.45,725878.36,2349091.39,463579.08,744479.85,603673.48,2464286.42,319.90
2020-10-12,1828.12,974.14,3004.21,3358430.58,569707.52,887920.16,724337.92,2363656.08,462452.66,741725.42,601823.34,2479565.33,325.05
2020-10-13,1775.78,962.07,2942.60,3343522.50,565108.40,883860.66,719758.40,2352266.83,457709.66,737231.50,596913.99,2467617.58,322.93
2020-10-14,1759.32,959.90,2925.64,3353355.45,563416.67,883225.67,718422.51,2359793.33,456083.57,736524.68,595567.52,2475513.16,320.90
2020-10-15,1730.40,959.47,2900.95,3336721.75,561049.77,883110.66,716866.70,2346959.26,454157.20,736396.62,594257.99,2462049.73,320.50
2020-10-16,1733.36,958.48,2901.94,3334667.68,561283.05,882890.84,716926.51,2345331.68,454394.39,736124.87,594303.52,2460342.34,320.31
2020-10-19,1730.63,959.76,2901.58,3328959.19,560187.51,883253.32,716374.01,2340969.96,453202.64,736528.47,593687.09,2455766.73,315.44
2020-10-20,1755.96,957.35,2919.17,3325503.70,562401.58,882484.04,717477.74,2338348.37,455862.40,735701.47,595095.91,2453016.58,316.70
2020-10-21,1792.95,957.95,2950.84,3360240.54,565456.17,882627.17,719484.35,2364766.44,458323.32,735860.79,596766.62,2480730.15,316.10
2020-10-22,1817.78,969.37,2988.86,3334358.82,566888.13,886442.00,721950.21,2344865.05,459544.72,740066.41,599267.13,2459852.83,317.84
2020-10-23,1804.25,959.23,2962.10,3346908.93,565761.02,883069.79,719859.28,2354394.36,458627.89,736326.72,597155.23,2469849.44,318.92
2020-10-26,1699.38,931.93,2833.86,3351465.25,557904.45,874393.12,711324.52,2357837.81,452262.99,726732.03,589120.92,2473461.75,313.02
2020-10-27,1652.54,910.21,2761.78,3370894.62,554478.73,867416.09,706302.70,2372772.73,449483.90,719140.85,584234.01,2489129.05,311.94
2020-10-28,1576.56,897.84,2679.53,3368276.33,549314.21,863379.40,701369.93,2370549.88,445301.84,714728.99,579724.01,2486797.20,301.28
2020-10-29,1605.85,892.00,2695.70,3357923.72,552064.71,861541.75,702379.45,2362331.03,447551.98,712678.33,580357.04,2478175.31,304.34
2020-10-30,1647.20,892.25,2730.79,3342719.51,555643.71,861684.67,704714.45,2350449.16,450421.50,712835.31,582281.47,2465710.77,301.17
2020-11-02,1582.66,882.35,2662.14,3343563.68,549953.28,858435.56,699777.29,2352546.94,445736.37,709257.48,577791.84,2467911.43,304.55
2020-11-03,1573.89,877.60,2647.60,3339826.49,548626.02,856833.68,698279.96,2349847.63,444640.39,707494.86,576363.55,2465079.75,309.92
2020-11-04,1443.59,856.80,2506.63,3381189.30,537371.13,850320.43,688463.46,2378975.99,435354.17,700357.73,567437.79,2495636.50,316.85
2020-11-05,1438.34,857.67,2503.35,3414167.51,536682.57,850615.56,688141.86,2402120.97,435009.20,700663.88,567337.00,2519916.47,323.03
2020-11-06,1508.33,865.14,2575.14,3411929.27,541063.57,852964.78,691900.80,2400513.78,438761.04,703263.42,570836.01,2518230.47,322.96
2020-11-09,1321.96,785.53,2297.57,3325265.72,529498.17,825635.13,673421.48,2339146.57,429403.37,673244.62,552565.69,2453853.93,327.01
2020-11-10,1356.38,804.02,2354.53,3283305.79,531134.38,830413.06,676410.50,2309707.80,430490.38,678508.79,555425.37,2422971.54,326.53
2020-11-11,1288.83,789.78,2275.04,3289579.01,526223.32,826362.41,671633.61,2313755.35,426312.74,674071.69,550914.24,2427217.57,328.96
2020-11-12,1146.72,758.86,2105.09,3323846.53,516040.87,816999.29,661330.55,2337098.88,418062.99,663810.00,541390.35,2451705.82,325.77
2020-11-13,1167.35,764.85,2132.33,3334263.63,517549.17,818676.52,662975.86,2344150.03,419301.00,665622.17,542930.95,2459102.74,330.28
2020-11-16,1234.56,789.22,2227.68,3338109.64,522309.97,825747.88,668888.38,2346770.06,423370.39,673347.76,548716.35,2461851.26,334.40
2020-11-17,1239.67,804.65,2254.07,3336644.31,522353.10,830133.48,670692.24,2345759.71,422618.77,678122.89,550174.92,2460791.36,332.60
2020-11-18,1279.55,819.28,2310.81,3335422.37,525132.23,834506.42,674242.94,2344903.25,424793.76,682890.39,553524.63,2459892.90,328.60
2020-11-19,1269.72,820.63,2303.86,3348610.09,524382.84,835014.65,673967.17,2353938.53,424109.32,683455.25,553307.63,2469371.25,329.98
2020-11-20,1278.96,831.53,2327.53,3358301.42,524900.37,838170.57,675573.37,2360595.28,424600.10,686906.13,555024.65,2476354.44,327.72
2020-11-23,1286.61,826.68,2327.71,3323616.26,525589.83,837075.18,675575.60,2336753.29,425419.54,685697.41,555071.89,2451343.28,329.69
2020-11-24,1382.40,853.61,2452.27,3307237.17,531828.19,845996.95,683185.13,2325483.36,429705.41,695435.63,561809.46,2439520.70,335.00
2020-11-25,1375.45,853.11,2445.39,3303629.52,530834.20,845945.32,682525.84,2322978.77,428897.88,695406.42,561269.77,2436893.28,334.49
2020-11-27,1428.79,888.24,2543.15,3329786.55,534822.14,857003.55,689550.61,2340634.97,432112.64,707445.08,568231.50,2455415.31,335.42
2020-11-30,1423.24,884.40,2532.71,3323762.81,534476.42,856576.01,689155.74,2336566.71,431833.76,707017.85,567876.56,2451147.56,333.93
2020-12-01,1415.07,866.65,2500.02,3351064.16,534223.62,849343.87,686083.47,2355186.78,431643.65,699158.22,564595.13,2470680.72,337.58
2020-12-02,1416.35,859.85,2491.36,3350826.37,534343.29,846578.38,685043.35,2355099.57,431744.61,696101.82,563427.09,2470589.23,338.29
2020-12-03,1380.41,858.14,2457.27,3389015.57,531307.89,846238.47,682960.09,2381420.54,429289.40,695723.08,561671.78,2498200.93,338.20
2020-12-04,1423.31,861.95,2500.91,3390860.32,534901.64,847486.20,685773.35,2382619.48,432197.26,697070.11,564117.81,2499458.66,341.12
2020-12-07,1347.09,861.83,2433.76,3403674.56,528948.49,847260.26,681865.80,2391509.56,427393.77,696874.36,560903.77,2508784.70,340.42
2020-12-08,1317.61,851.46,2392.49,3409294.45,527012.82,844022.68,679315.38,2395398.80,425829.15,693336.93,558453.47,2512864.66,341.41
2020-12-09,1381.97,872.35,2480.27,3392783.11,531229.54,850720.26,684728.33,2383892.49,429236.43,700646.29,563631.39,2500794.10,338.35
2020-12-10,1465.17,898.91,2592.69,3413496.97,536505.11,858944.09,691437.90,2398270.43,433486.06,709618.57,570030.35,2515877.11,338.24
2020-12-11,1353.34,881.65,2468.87,3396122.57,529201.93,853186.45,684414.39,2386171.34,427587.37,703275.19,563604.19,2503184.70,337.84
2020-12-14,1402.16,895.33,2532.54,3399500.50,532378.16,857561.28,688223.01,2388545.03,430151.69,708079.54,567219.31,2505674.79,336.33
2020-12-15,1442.64,896.13,2570.23,3433559.94,535078.06,857802.57,690064.96,2412131.25,432328.74,708332.24,568755.91,2530417.63,340.88
2020-12-16,1449.70,904.12,2587.97,3438118.45,535623.11,860558.44,691524.91,2415278.54,432772.28,711314.22,570244.86,2533719.27,341.41
2020-12-17,1541.71,942.31,2724.76,3467725.42,541636.97,873060.11,700430.08,2435938.57,437628.24,724967.49,578916.86,2555392.42,343.32
2020-12-18,1539.87,946.35,2728.98,3451535.14,541567.35,874356.98,700905.28,2424564.57,437576.33,726381.63,579447.15,2543460.67,341.95
2020-12-21,1414.97,928.20,2592.13,3429964.89,533278.74,868338.50,693129.38,2409467.83,430890.80,719784.37,572389.22,2527623.61,340.73
2020-12-22,1275.66,892.37,2414.50,3406444.22,523411.71,856676.85,682062.73,2392935.47,422903.33,707031.00,562013.11,2510280.54,340.15
2020-12-23,1367.55,932.76,2556.10,3435748.29,530247.06,869805.48,691742.66,2413263.65,428636.91,721391.55,571530.45,2531605.57,340.46
2020-12-24,1342.15,946.07,2550.60,3445826.38,528330.11,874064.61,692185.87,2420207.81,426642.33,726017.45,572033.15,2538890.26,341.78
2020-12-28,1318.82,935.95,2514.80,3462291.71,526624.77,870822.94,689785.20,2431656.38,424807.89,722474.25,569407.51,2550900.25,344.72
2020-12-29,1346.65,923.89,2525.12,3467867.95,528643.60,867003.26,689594.55,2435495.70,426952.80,718276.67,569190.88,2554927.83,344.06
2020-12-30,1394.89,945.84,2600.36,3493084.04,532054.73,874051.43,694622.37,2453137.91,429902.70,725989.01,574212.99,2573435.19,344.55
2020-12-31,1433.59,960.06,2655.96,3483428.60,534869.10,878690.59,698302.93,2446297.79,431983.56,731014.08,577589.94,2566259.64,346.30
2021-01-04,1390.03,962.44,2618.92,3488792.34,531526.68,879210.22,696327.54,2452036.92,429017.37,731587.06,575833.30,2572280.21,341.59
2021-01-05,1556.41,1013.62,2845.28,3510810.32,544028.12,896323.97,711293.28,2465786.50,440221.49,750331.52,590729.36,2586704.04,343.94
2021-01-06,1626.98,1003.69,2895.84,3495806.29,549531.87,895889.95,714719.03,2456441.55,445126.39,750433.53,594060.44,2576900.83,346.00
2021-01-07,1715.53,1061.81,3058.49,3489445.12,555397.05,905928.65,722537.46,2452361.97,449416.24,760751.84,601007.14,2572621.19,351.14
2021-01-08,1790.26,1101.29,3181.97,3460791.17,560630.09,911703.17,728244.17,2434412.04,454114.16,765292.27,605941.93,2553791.03,353.14
2021-01-11,1748.22,1086.77,3123.63,3407616.72,558133.73,901995.03,722745.51,2401201.84,452207.86,756542.11,601206.01,2518952.27,350.76
2021-01-12,1838.60,1140.43,3281.49,3439385.17,564822.19,918776.31,733799.28,2420635.00,457815.33,771762.92,610981.36,2539338.40,350.83
2021-01-13,1778.67,1069.71,3126.27,3440599.57,560949.04,908695.29,727257.63,2421394.86,454574.08,762247.94,605052.18,2540135.52,351.78
2021-01-14,1883.33,1139.66,3320.46,3448926.35,568014.42,921179.71,736833.52,2426575.00,460380.80,773913.29,613546.46,2545569.68,350.55
2021-01-15,1785.42,1075.80,3141.12,3393329.83,561824.02,908229.37,727639.04,2392172.94,455414.85,761672.15,605385.13,2509480.61,347.99
2021-01-19,1789.59,1057.74,3118.43,3434182.99,562660.80,905812.74,727212.85,2417314.65,456090.63,759377.47,604922.36,2535855.22,350.72
2021-01-20,1734.47,1045.11,3051.77,3480638.39,560440.67,903157.70,724712.37,2445756.48,454292.93,756036.32,602399.42,2565691.78,355.57
2021-01-21,1777.67,1086.28,3149.89,3489400.40,563261.91,908922.98,728849.55,2451127.28,456578.32,761194.09,605969.47,2571325.96,355.90
2021-01-22,1675.81,1012.37,2952.49,3480347.72,557077.72,895170.47,719334.49,2445484.03,451575.22,748584.22,597630.20,2565405.98,354.64
2021-01-25,1678.20,963.65,2883.56,3481595.10,557530.39,892499.84,718553.73,2446287.17,451933.28,745949.73,596815.52,2566248.50,356.04
2021-01-26,1738.41,988.26,2972.11,3477745.39,561076.22,898662.70,723319.56,2443852.12,454758.68,751506.45,600904.00,2563694.04,355.48
2021-01-27,1730.16,912.39,2850.96,3399895.09,560245.71,888175.66,718563.80,2395378.71,453866.78,741515.67,596320.43,2512843.59,346.79
2021-01-28,1686.76,912.14,2814.81,3425890.64,557576.58,886320.36,716101.60,2411295.33,450970.30,738381.66,593157.46,2529540.73,349.78
2021-01-29,1705.85,917.49,2839.00,3375306.40,558417.50,887490.95,717114.49,2380134.03,451878.75,739666.13,594270.82,2496851.33,342.77
2021-02-01,1791.58,929.85,2929.46,3382222.68,564151.86,892682.94,722894.12,2384487.77,458091.42,745368.11,600646.57,2501418.58,348.48
2021-02-02,1831.06,981.17,3042.57,3385848.34,568087.81,901395.99,728943.76,2386675.10,461456.92,755069.28,606761.77,2503713.17,353.41
2021-02-03,1831.01,1038.74,3131.79,3390551.17,569297.82,911055.03,733625.63,2389553.22,462467.24,765805.47,611739.71,2506732.43,353.69
2021-02-04,1970.44,1062.07,3286.20,3376091.22,575687.18,915111.40,739375.65,2380760.88,467656.21,770274.63,616956.65,2497508.93,357.71
2021-02-05,1862.87,1111.02,3272.24,3415829.64,572332.79,923359.74,740553.74,2404967.66,464923.15,779230.29,618740.40,2522902.76,359.11
2021-02-08,1856.65,1123.06,3284.50,3456014.30,573880.53,928161.54,743480.64,2429392.81,466173.54,784408.82,621628.42,2548525.67,361.71
2021-02-09,1688.41,1095.23,3095.00,3488721.64,567616.53,924689.90,738032.60,2449403.14,461083.11,780518.43,616692.93,2569517.27,361.47
2021-02-10,1623.78,1049.39,2970.99,3484377.24,563262.90,915264.09,731440.67,2446596.51,456575.25,770130.24,609574.43,2566573.01,361.31
2021-02-11,1648.78,1067.70,3019.79,3495279.00,564606.80,918152.95,733467.58,2453374.28,458011.98,773318.52,611795.32,2573683.15,361.89
2021-02-12,1760.34,1162.73,3256.33,3492884.73,571889.40,933948.08,744506.89,2451931.21,465895.73,790922.93,624024.41,2572169.32,363.68
2021-02-16,1974.14,1285.43,3625.89,3469998.43,585337.55,957001.53,762449.20,2437720.98,479996.18,815519.81,643170.80,2557262.24,363.36
2021-02-17,1970.33,1263.94,3592.09,3454110.67,585704.57,954620.50,761739.74,2427851.91,479600.36,812034.64,641531.30,2546909.20,363.45
2021-02-18,1983.53,1257.42,3594.85,3452778.71,585854.30,953292.06,761307.09,2426947.02,479726.33,811161.95,641270.82,2545959.95,361.90
2021-02-19,2093.77,1319.73,3783.82,3462281.88,590360.76,961954.34,767694.01,2432833.16,483413.63,818485.83,646630.28,2552134.73,361.26
2021-02-22,2214.40,1402.18,4011.02,3465931.67,597915.26,979135.73,779461.73,2435037.93,489558.43,832833.10,656407.44,2554447.62,358.48
2021-02-23,2288.57,1440.51,4133.02,3470573.79,601999.68,986309.82,784979.56,2437915.99,492888.37,839354.32,661209.74,2557466.81,358.92
2021-02-24,2437.75,1522.90,4385.90,3498698.92,611235.47,1001629.77,797097.47,2455335.13,500487.17,855874.89,672813.76,2575740.16,362.87
2021-02-25,2728.40,1646.49,4825.34,3367961.71,623347.72,1014938.91,810290.83,2374290.11,510432.40,867457.55,684051.17,2490720.84,354.13
2021-02-26,2450.29,1466.90,4316.26,3337472.13,609512.22,989423.92,791113.31,2355564.67,499144.78,845925.24,667997.80,2471077.13,352.31
2021-03-01,2518.13,1548.11,4495.48,3367827.38,611338.83,995071.15,794556.41,2374058.98,500654.73,850849.77,670952.54,2490478.38,360.85
2021-03-02,2479.83,1521.79,4423.08,3375837.35,609648.05,992928.75,792602.30,2379114.96,499257.71,848984.65,669281.04,2495782.29,358.03
2021-03-03,2695.64,1651.75,4804.41,3332008.80,619127.68,1005356.73,803724.83,2351035.75,507065.76,859667.89,678725.56,2466326.13,353.29
2021-03-04,2964.35,1863.39,5351.65,3258536.28,632512.29,1028833.83,821796.78,2304162.39,518236.85,879759.94,694133.55,2417154.19,348.92
2021-03-05,3086.43,1956.23,5595.17,3286988.24,640066.21,1042710.96,832246.31,2322118.35,524655.95,891501.68,703064.60,2435990.68,355.33
2021-03-08,3197.33,2037.60,5812.06,3241783.42,643203.40,1048217.58,836483.45,2293548.40,527812.13,896363.85,707096.55,2406019.70,353.57
2021-03-09,2947.36,1900.02,5388.66,3307994.47,633301.01,1035734.11,825063.51,2335169.39,517904.45,885599.12,696214.13,2449681.71,358.61
2021-03-10,2933.97,1909.08,5389.26,3331978.51,633684.85,1037893.26,826173.53,2350031.30,518263.38,887394.30,697161.03,2465272.42,360.85
2021-03-11,3027.20,1982.38,5578.35,3390973.60,639504.05,1049152.15,834448.04,2387377.00,524052.67,896832.25,704762.22,2504449.49,364.50
2021-03-12,3257.65,2144.79,6019.19,3384894.07,648697.82,1064764.56,846654.93,2383804.70,533242.03,910202.40,716194.66,2500702.01,364.99
2021-03-15,3149.36,2086.95,5837.98,3399785.95,643320.67,1056976.26,840049.45,2393367.34,527969.93,903630.44,710068.61,2510733.59,367.17
2021-03-16,3134.75,2073.09,5805.05,3394402.26,642688.47,1055970.64,839237.07,2389884.21,527337.78,902719.07,709285.44,2507079.65,366.71
2021-03-17,3094.81,2072.98,5767.91,3432937.95,639564.73,1053061.40,836041.47,2414819.96,525458.73,900316.58,707077.91,2533238.19,367.96
2021-03-18,3011.37,2018.37,5614.19,3357790.55,631177.83,1035540.55,823604.75,2365850.15,517630.61,885844.87,696128.20,2481867.00,362.61
2021-03-19,3008.72,2022.53,5617.50,3371326.53,631095.28,1037172.97,824200.05,2374446.54,517228.02,887199.50,696389.75,2490884.94,361.93
2021-03-22,2842.93,1935.94,5342.48,3380308.30,624339.77,1028873.69,816491.21,2380231.15,510905.43,879685.55,689184.46,2496953.22,364.82
2021-03-23,2825.37,1813.13,5156.52,3313486.90,623918.90,1012273.95,809629.41,2337128.89,510536.12,864537.70,683001.62,2451737.30,361.95
2021-03-24,2804.08,1795.98,5112.72,3286816.03,623013.05,1010565.97,808358.65,2319985.27,509352.09,861046.39,680830.52,2433753.00,360.11
2021-03-25,2935.80,1884.83,5359.26,3293395.22,628577.69,1019618.01,815589.09,2324079.14,514748.35,871421.30,688538.73,2438047.61,362.14
2021-03-26,2987.77,1944.27,5491.21,3351019.12,630624.46,1025618.17,819316.71,2360540.36,516584.96,878292.81,692481.77,2476296.83,367.97
2021-03-29,3092.77,2015.85,5688.77,3323582.55,634949.91,1032880.55,825027.33,2343027.93,520931.86,886598.43,698669.53,2457925.62,367.79
2021-03-30,3157.78,2070.01,5824.98,3285849.33,637892.43,1038622.36,829232.20,2318843.68,523853.77,893227.30,703240.83,2432555.42,366.81
2021-03-31,3240.17,2122.28,5974.51,3320106.81,641332.95,1043782.37,833528.33,2340485.44,527468.03,899169.99,708006.14,2455258.46,368.30
2021-04-01,3067.14,2019.78,5670.72,3361356.80,634283.84,1033833.54,824975.14,2366551.08,520002.09,887645.98,698458.48,2482602.30,372.28
2021-04-05,3055.85,2006.66,5641.86,3390456.20,634022.14,1033610.38,824715.90,2384752.39,519123.55,886215.76,697305.76,2501696.17,377.62
2021-04-06,2860.47,1897.36,5307.85,3390181.92,625528.96,1022095.35,814598.17,2384555.60,511399.10,874012.65,687316.96,2501489.73,377.40
2021-04-07,2851.33,1920.15,5331.24,3375324.10,625041.28,1024616.58,815285.32,2375110.66,510939.07,876458.38,687969.47,2491581.62,377.83
2021-04-08,2752.28,1815.98,5094.03,3402134.53,621233.60,1014566.18,808803.47,2392103.86,507117.40,866477.43,681479.34,2509408.15,379.63
2021-04-09,2849.41,1876.76,5269.16,3401600.42,625836.67,1022051.32,814783.45,2391734.36,512177.14,874419.80,688002.36,2509020.53,382.39
2021-04-12,2849.72,1858.19,5243.39,3381724.52,625821.52,1020096.93,813994.57,2379079.41,512157.95,872369.77,687182.98,2495744.99,382.53
2021-04-13,2723.95,1753.29,4979.67,3410301.63,620587.18,1009494.59,806360.35,2397165.26,506441.23,862490.99,679456.95,2514717.74,383.66
2021-04-14,2720.17,1742.39,4960.75,3435958.14,620184.10,1007693.54,805379.16,2413409.57,505996.05,859910.35,678141.82,2531758.65,382.35
2021-04-15,2753.84,1704.38,4937.34,3468132.58,622482.59,1005602.76,806036.08,2433864.88,508504.25,857656.82,678933.99,2553217.04,386.46
2021-04-16,2748.90,1713.55,4946.19,3478190.34,622472.66,1007151.38,806650.29,2440199.90,508497.67,859241.35,679556.77,2559862.72,387.75
2021-04-19,2746.99,1645.41,4846.13,3472415.33,621998.11,998723.65,802967.84,2436455.70,507990.95,849520.38,675374.11,2555934.92,385.84
2021-04-20,2729.15,1639.59,4821.82,3433544.25,620588.29,996809.58,801288.38,2411517.60,506433.54,847287.60,673451.29,2529773.90,383.02
2021-04-21,2766.24,1677.29,4910.02,3479289.94,622983.52,1002657.70,805185.22,2440519.83,509060.88,854065.28,677891.76,2560198.34,386.64
2021-04-22,2743.64,1701.06,4924.76,3455620.80,621240.31,1003782.69,804510.42,2425337.63,507117.34,855291.08,677084.17,2544271.64,383.11
2021-04-23,2844.10,1760.13,5100.42,3507212.57,626798.66,1012339.59,811538.55,2458197.16,513208.58,865192.13,685069.62,2578742.53,387.27
2021-04-26,3010.27,1878.53,5420.97,3540442.34,634808.12,1026033.86,822212.60,2479379.96,521983.57,881012.92,697189.92,2600964.09,388.07
2021-04-27,3034.31,1882.93,5448.97,3542407.29,636009.39,1026558.74,823200.86,2480637.11,523275.20,881578.18,698276.17,2602282.89,387.99
2021-04-28,2996.48,1857.50,5378.20,3557253.10,634201.39,1023634.61,820858.36,2490255.71,521315.40,878244.10,695648.13,2612373.18,387.88
2021-04-29,2993.83,1832.78,5340.04,3568295.12,634535.98,1021929.40,820391.19,2497410.23,521687.04,876293.83,695123.69,2619878.54,390.35
2021-04-30,2982.90,1840.45,5341.47,3522827.60,633569.25,1021712.54,819679.20,2467808.47,520597.37,875976.76,694271.97,2588825.16,387.79
2021-05-03,3013.49,1866.67,5406.90,3561997.62,635217.12,1025107.15,822106.84,2493662.65,522399.96,879900.26,697028.76,2615947.19,388.62
2021-05-04,3069.62,1890.89,5492.34,3528428.29,637490.34,1026733.47,824229.99,2473851.57,524892.61,881775.37,699434.42,2595164.61,386.23
2021-05-05,3200.19,1980.18,5738.83,3559254.84,643980.43,1037308.34,832670.19,2492026.22,531964.08,893911.61,708959.19,2614230.51,386.35
2021-05-06,3344.21,2104.09,6047.51,3612771.81,651687.21,1053328.07,844082.34,2523455.75,540397.25,912398.46,721909.65,2647201.29,389.43
2021-05-07,3451.71,2198.43,6280.28,3673234.43,657500.02,1065601.23,852764.33,2559167.18,546779.89,926602.85,731792.31,2684663.94,392.27
2021-05-10,3297.09,2094.07,5990.56,3647168.02,649158.84,1051813.54,841838.25,2543336.16,537640.51,910682.51,719389.77,2668056.59,388.38
2021-05-11,3385.75,2154.86,6158.06,3635447.90,652381.83,1055439.63,845379.16,2536390.29,541159.91,914788.35,723366.04,2660770.10,384.92
2021-05-12,3350.24,2048.68,5974.05,3547368.01,650800.06,1043070.83,839400.77,2483489.53,539489.07,900525.46,716610.16,2605275.19,376.74
2021-05-13,3003.16,1850.31,5375.36,3540211.73,633275.01,1019984.70,818809.71,2479078.07,520222.45,873827.03,693191.23,2600647.41,381.26
2021-05-14,2975.30,1835.23,5328.52,3607015.60,632113.37,1018618.25,817510.26,2518430.80,518942.87,872274.71,691723.00,2641929.92,387.12
2021-05-17,3084.76,1914.43,5541.52,3622751.06,637495.95,1027649.13,824614.84,2527828.51,524854.21,882676.13,699786.96,2651788.47,386.13
2021-05-18,3113.37,1954.68,5625.47,3633412.07,638761.95,1032161.80,827244.18,2534182.23,526219.60,887865.54,702754.29,2658453.77,382.81
2021-05-19,2789.27,1830.73,5154.30,3575551.22,622950.22,1018205.10,811412.58,2499740.52,508826.81,871783.19,684775.78,2622323.10,381.80
2021-05-20,2742.00,1815.57,5089.29,3611357.09,620613.24,1016664.30,809276.65,2520964.35,506244.85,870027.88,682349.00,2644587.71,385.91
2021-05-21,2718.68,1808.94,5058.36,3610891.65,619515.28,1015997.32,808295.32,2520655.01,505007.78,869214.94,681196.51,2644263.20,385.59
2021-05-24,2705.11,1767.41,4987.67,3649588.06,618739.45,1011333.31,805933.93,2543596.79,504164.42,863889.80,678541.08,2668330.01,389.52
2021-05-25,2747.90,1791.25,5060.75,3646196.49,620803.47,1014285.28,808454.38,2541501.24,506439.12,867290.47,681407.34,2666131.69,388.66
2021-05-26,2716.91,1760.00,4988.08,3647539.71,619307.84,1010566.60,805998.51,2542305.54,504791.27,862969.19,678601.20,2666975.43,389.43
2021-05-27,2722.29,1870.46,5149.55,3693229.62,619634.50,1023475.45,811358.93,2569632.28,505128.32,877838.71,684674.12,2695642.22,389.64
2021-05-28,2725.74,1875.09,5159.17,3697489.52,619838.95,1023992.09,811697.57,2572154.25,505353.61,878417.06,685052.35,2698287.86,390.33
2021-06-01,2705.15,1872.74,5136.45,3727807.27,618777.57,1023585.08,810841.30,2591439.47,504209.50,877980.03,684106.46,2718518.79,389.99
2021-06-02,2764.64,1873.59,5194.09,3748781.21,621726.94,1023876.62,812889.19,2603201.59,507435.74,878331.52,686432.06,2730857.71,390.60
2021-06-03,2568.28,1677.55,4737.91,3685643.56,611975.64,1000270.77,797143.69,2567433.61,496730.92,851052.00,668531.89,2693335.73,389.15
2021-06-04,2645.21,1758.63,4923.36,3735206.75,615879.51,1010148.62,803622.20,2595528.54,500993.33,862422.54,675866.18,2722808.39,392.71
2021-06-07,2662.30,1756.12,4935.76,3749546.49,616631.28,1009802.36,803974.93,2603410.11,501855.53,862086.35,676316.03,2731076.46,392.33
2021-06-08,2672.96,1774.72,4971.78,3749167.85,617185.64,1011847.66,805150.53,2603203.29,502454.38,864423.28,677636.22,2730859.49,392.41
2021-06-09,2626.19,1744.06,4885.33,3730115.79,614815.87,1008246.58,802172.05,2592451.61,499858.27,860262.96,674254.92,2719580.57,391.83
2021-06-10,2693.81,1763.00,4974.75,3755993.57,618267.46,1010618.15,805367.19,2607031.87,503629.79,863005.40,677873.34,2734875.81,393.65
2021-06-11,2603.22,1729.38,4843.67,3735983.65,613763.68,1006373.03,800742.36,2595786.72,498670.07,858033.18,672582.71,2723079.23,394.30
2021-06-14,2495.19,1712.84,4720.01,3736832.80,608251.27,1004272.20,796310.71,2596191.04,492642.82,855637.48,667579.12,2723503.37,395.18
2021-06-15,2518.35,1646.62,4650.66,3721999.20,609442.72,996471.89,793998.09,2587831.41,493940.05,846652.16,664952.83,2714733.80,394.46
2021-06-16,2333.99,1571.51,4374.37,3662000.56,600159.90,987408.59,784340.27,2554118.81,485896.30,836170.85,655422.53,2679368.00,392.26
2021-06-17,2248.96,1446.20,4120.29,3570450.08,595804.38,971986.49,775368.98,2502627.31,481178.64,818513.79,645320.59,2625351.46,392.13
2021-06-18,2221.52,1462.70,4118.65,3502739.65,594461.79,974047.04,775317.24,2464861.02,479705.36,820839.05,645249.28,2585733.18,386.84
2021-06-21,2174.04,1468.43,4082.71,3582281.68,592152.22,974649.22,774050.79,2508138.52,477246.78,821618.68,643902.20,2631132.93,392.37
2021-06-22,2177.25,1448.72,4058.32,3594622.37,592238.48,972270.76,773162.70,2514914.97,477346.55,818924.32,642913.72,2638241.68,394.47
2021-06-23,2207.99,1466.75,4112.22,3599566.48,593782.46,974429.71,775028.94,2517654.57,479023.46,821393.70,645012.31,2641115.62,394.00
2021-06-24,2206.63,1468.61,4113.57,3615583.47,593791.77,974763.77,775167.87,2526540.25,479021.08,821748.86,645150.15,2650437.04,396.33
2021-06-25,2153.44,1443.77,4029.20,3631021.03,591240.67,971965.87,772390.20,2535060.15,476339.26,818601.96,642108.90,2659374.74,397.74
2021-06-28,2071.69,1412.72,3909.40,3616775.37,586964.00,968118.08,768067.85,2527111.54,471600.63,814221.27,637196.95,2651036.34,398.54
2021-06-29,2097.49,1422.82,3947.72,3596767.79,588322.23,969436.63,769479.54,2516011.96,473080.92,815740.32,638791.37,2639392.46,398.75
2021-06-30,2175.20,1444.82,4051.36,3597630.20,592203.28,972175.32,773104.50,2516427.62,477546.64,818848.73,643023.43,2639828.51,399.09
2021-07-01,2283.48,1512.09,4246.52,3603235.41,598155.90,980980.82,780491.19,2519694.50,483327.67,829330.48,651031.09,2643255.59,401.30
2021-07-02,2191.97,1482.09,4119.30,3637467.88,594208.72,977733.42,776624.14,2538346.07,480123.22,826238.84,647659.45,2662821.80,404.36
2021-07-06,2147.62,1427.30,4001.49,3567953.21,591840.91,970679.68,772275.36,2500120.34,478194.99,819695.20,643794.24,2622721.55,403.63
2021-07-07,2177.82,1419.17,4018.22,3548403.26,592504.24,969132.93,772092.84,2489510.61,478715.94,818321.32,643605.40,2611591.53,405.05
2021-07-08,1984.36,1363.80,3761.37,3500273.17,584516.52,964499.14,765042.60,2463510.56,472267.61,814461.21,637752.72,2584316.49,401.75
2021-07-09,1911.43,1356.10,3681.62,3593892.33,581431.18,964406.50,762986.75,2513827.05,469747.24,814405.98,636029.33,2637100.41,406.04
2021-07-12,1937.14,1373.39,3729.85,3613113.02,582805.53,966563.18,764741.61,2524305.49,470891.10,816217.92,637511.25,2648092.69,407.50
2021-07-13,1926.86,1417.43,3779.76,3583061.03,582163.31,971594.30,766310.56,2507916.34,470369.26,820491.88,638827.11,2630899.85,406.11
2021-07-14,1864.36,1309.15,3574.10,3581297.42,579385.97,958304.02,759241.52,2506987.97,467448.78,806305.05,631321.04,2629925.96,406.71
2021-07-15,1861.44,1287.67,3541.96,3539389.31,579211.78,955147.68,757877.04,2484326.74,467246.44,802486.87,629689.62,2606153.45,405.32
2021-07-16,1831.21,1275.36,3496.28,3514411.81,577434.77,953213.41,755947.08,2470949.20,465680.17,801695.36,628323.68,2592119.91,402.14
2021-07-19,1858.76,1208.66,3431.15,3388034.54,578160.93,940242.07,751278.94,2402892.81,464319.92,789261.68,622533.61,2520726.16,396.21
2021-07-20,1796.95,1177.33,3329.64,3459129.29,575993.16,936051.36,748196.26,2439899.49,462096.52,785752.65,619659.23,2559547.58,401.88
2021-07-21,1506.99,1000.59,2811.08,3539026.13,565409.93,920482.27,735100.35,2482047.95,453602.90,772692.26,608814.53,2603762.93,405.14
2021-07-22,1474.48,993.71,2771.09,3550970.60,564204.38,920398.62,734283.27,2488351.40,452872.00,772762.74,608351.79,2610375.48,405.99
2021-07-23,1507.71,1014.09,2830.73,3588364.98,565830.03,922926.95,736349.65,2508402.93,454193.19,774699.14,610001.39,2631410.30,410.16
2021-07-26,1438.71,938.92,2661.05,3613250.87,562250.39,913775.27,730369.66,2521921.13,450227.02,766578.58,604140.94,2645591.41,411.17
2021-07-27,1409.04,949.67,2648.84,3563619.96,560875.90,914829.15,729898.09,2494902.78,448573.26,767988.01,603586.77,2617248.13,409.30
2021-07-28,1348.94,892.66,2512.83,3601437.34,557774.54,907665.84,725022.48,2515325.16,445289.50,760118.01,598284.86,2638671.98,409.13
2021-07-29,1295.02,780.07,2304.15,3646061.63,555227.97,893974.98,717899.43,2539450.81,442542.97,745287.20,590603.14,2663980.71,410.82
2021-07-30,1193.67,760.44,2184.99,3602062.31,549996.50,891285.21,713437.33,2515447.51,436951.12,742441.66,585744.31,2638800.33,408.83
2021-08-02,1163.08,739.04,2126.25,3586501.58,548416.55,888634.94,711351.89,2507196.14,435261.16,739460.02,583435.42,2630144.33,407.97
2021-08-03,1135.93,750.44,2117.83,3609414.22,547347.55,890454.65,711386.93,2519536.72,434127.01,741510.42,583484.19,2643090.07,411.29
2021-08-04,1056.83,726.06,2009.69,3584335.34,542863.04,886894.87,707050.71,2506009.40,429340.57,737512.49,578694.65,2628899.40,409.27
2021-08-05,1112.86,750.98,2097.46,3626147.33,545579.18,889843.07,709994.71,2528557.73,432253.02,740839.34,581962.67,2652553.46,411.86
2021-08-06,1052.25,727.99,2008.24,3619476.00,542435.43,886806.48,706737.70,2524872.71,428884.96,737404.80,578346.38,2648687.73,412.54
2021-08-09,1068.24,743.49,2044.87,3593495.64,545632.13,890692.12,710368.52,2510699.55,432239.59,741726.74,582303.07,2633819.54,412.20
2021-08-10,1074.42,752.34,2062.96,3619922.95,546036.51,892198.04,711232.27,2525034.49,432943.84,743438.85,583449.50,2648857.44,412.72
2021-08-11,1008.36,718.14,1952.64,3643569.13,540386.77,885075.93,704714.02,2537915.10,427485.82,735496.73,576655.32,2662369.69,413.74
2021-08-12,1042.08,742.79,2018.81,3627068.62,543102.31,889911.16,708409.62,2528874.70,429710.85,740903.65,580275.64,2652885.96,414.98
2021-08-13,916.89,683.06,1816.37,3623151.49,532965.79,878549.57,697276.53,2526781.02,421563.42,728197.52,569798.84,2650689.62,415.74
2021-08-16,909.22,680.82,1805.80,3602274.57,532225.13,878165.95,696639.80,2515249.95,421140.29,727831.33,569369.61,2638593.08,416.72
2021-08-17,889.12,671.42,1773.37,3546053.60,530487.30,875857.61,694586.87,2484630.08,419286.89,725240.94,567103.53,2606471.68,413.99
2021-08-18,856.66,652.60,1716.15,3510775.69,527863.87,871368.33,691089.31,2465589.91,416484.71,720199.84,563237.55,2586497.81,409.45
2021-08-19,858.32,668.12,1738.22,3455763.06,528599.32,874417.58,692779.94,2436093.43,416877.07,724978.82,565371.58,2555554.88,410.09
2021-08-20,874.55,697.53,1792.91,3455209.60,529970.69,881271.45,696393.67,2435629.22,416719.56,730590.38,567452.84,2555067.90,413.35
2021-08-23,740.87,626.98,1565.21,3537201.63,515670.97,865111.51,680613.68,2478976.66,402221.38,715889.65,551872.59,2600541.02,416.99
2021-08-24,684.02,607.18,1480.44,3582282.45,510119.56,860738.84,675230.07,2502856.83,396453.25,711375.49,546175.52,2625592.23,417.65
2021-08-25,667.88,604.36,1459.54,3606377.25,508356.31,860185.02,673845.86,2515815.69,394595.44,710773.27,544664.62,2639186.57,418.53
2021-08-26,675.22,603.37,1466.37,3578344.17,509100.03,859538.30,674085.46,2500634.67,395373.11,710007.95,544908.10,2623261.09,416.06
2021-08-27,664.74,597.84,1448.27,3648927.30,508130.34,859230.89,673322.95,2538829.75,394337.15,709689.46,544072.00,2663329.20,419.78
2021-08-30,668.56,611.30,1468.74,3660115.83,508622.40,862138.48,674788.21,2544836.79,394852.37,712949.44,545677.03,2669630.81,421.62
2021-08-31,659.82,609.10,1456.48,3660932.76,507267.29,861259.45,673545.30,2545224.97,393461.35,712003.08,544353.69,2670038.02,421.00
2021-09-01,656.39,595.60,1436.56,3692552.72,506793.63,858594.40,672188.73,2562073.39,392969.90,709033.98,542878.73,2687712.66,421.22
2021-09-02,663.18,616.89,1469.67,3716190.16,507989.68,863216.94,674791.41,2574342.17,394181.74,714144.73,545672.35,2700583.08,422.52
2021-09-03,661.41,586.48,1431.47,3719409.44,507622.53,856937.61,672093.22,2575858.83,393827.93,707196.31,542772.84,2702174.11,422.41
2021-09-07,630.15,567.02,1373.91,3717546.50,502065.90,852220.36,666564.87,2574878.39,388068.00,701937.43,536785.58,2701145.59,420.90
2021-09-08,619.46,562.98,1357.37,3724305.43,500431.10,851210.30,665084.65,2578385.11,386373.53,700810.45,535182.75,2704824.28,420.39
2021-09-09,610.41,555.84,1338.84,3714902.70,498878.57,849751.29,663482.98,2573514.00,384761.44,699155.86,533434.49,2699714.30,418.59
2021-09-10,624.01,547.64,1343.87,3714888.43,500519.84,848652.02,664145.23,2573661.39,386423.35,697831.82,534081.43,2699868.91,415.29
2021-09-13,615.31,541.62,1327.12,3743361.17,499269.08,846307.10,662397.85,2588357.84,385134.53,695266.11,532208.96,2715286.05,416.35
2021-09-14,580.27,512.15,1253.23,3711895.13,493951.45,837861.28,655565.07,2571901.74,379666.38,685914.58,524851.62,2698022.98,414.11
2021-09-15,616.48,532.32,1317.01,3761841.23,499355.03,842747.51,661062.41,2597738.81,385241.48,691391.51,530800.56,2725127.05,417.57
2021-09-16,579.56,522.63,1265.58,3768718.46,493834.16,839958.75,656314.28,2601301.89,380136.34,688279.88,526089.09,2728864.85,416.90
2021-09-17,579.88,513.09,1254.37,3726859.17,494079.90,838666.31,655972.64,2579250.33,379611.82,686761.22,525145.74,2705731.92,412.84
2021-09-20,529.36,462.29,1137.64,3625320.19,486279.52,825110.54,645493.10,2526017.46,372980.81,671642.69,514778.81,2649888.61,405.96
2021-09-21,492.66,440.79,1071.75,3633367.92,480382.97,817825.43,638729.91,2530199.28,368368.10,663668.27,508539.65,2654275.50,405.58
2021-09-22,476.10,421.03,1029.71,3680861.65,476702.13,811227.18,633706.19,2554556.71,364747.32,656430.26,503267.29,2679827.37,409.53
2021-09-23,455.01,421.18,1007.09,3756330.32,472895.36,811368.00,631230.92,2593447.70,361579.22,656558.48,501130.81,2720625.51,414.51
2021-09-24,479.47,420.13,1032.90,3757366.58,477247.41,810969.63,633980.56,2593958.59,364625.10,656151.45,503086.19,2721161.45,415.19
2021-09-27,511.23,426.47,1074.92,3791742.62,481614.35,814007.81,638068.66,2612045.29,368185.64,659440.31,506803.32,2740135.08,414.00
2021-09-28,543.87,426.12,1108.78,3717311.11,486011.47,817079.82,642185.45,2572577.87,371538.74,663173.49,510545.61,2698732.26,405.66
2021-09-29,587.95,458.07,1195.29,3715093.65,491808.36,827657.19,650171.93,2571453.11,375967.85,671881.20,516940.54,2697552.35,406.34
2021-09-30,558.77,429.52,1128.38,3686584.24,488434.49,820204.50,645014.54,2556442.63,373394.99,665832.20,512844.72,2681805.78,401.38
2021-10-01,554.26,412.28,1101.18,3715611.86,486490.76,815451.93,641862.39,2571404.80,371914.42,661974.91,510342.47,2697501.66,406.15
2021-10-04,568.05,416.72,1120.81,3694096.91,488115.96,817236.69,643636.92,2560140.89,373165.19,663765.38,511890.80,2685685.39,400.91
2021-10-05,616.03,450.74,1213.89,3739636.00,493945.78,831351.46,653038.81,2583636.33,377628.32,675832.95,519605.16,2710333.01,405.08
2021-10-06,586.54,436.53,1165.70,3703043.26,491093.80,824267.10,648371.09,2564932.84,375440.31,670079.45,515888.09,2690712.33,406.76
2021-10-07,650.12,462.98,1264.19,3766170.57,497729.21,832358.94,655933.85,2597586.43,380517.78,676652.69,521906.87,2724967.19,410.28
2021-10-08,685.61,482.32,1325.10,3766636.16,501346.47,837369.63,660291.68,2597733.50,383280.17,680721.27,525370.35,2725121.47,409.53
2021-10-11,735.17,526.49,1433.67,3772624.17,506386.92,850034.55,668604.25,2600817.72,387136.78,691006.09,531982.35,2728356.94,406.57
2021-10-12,720.68,523.98,1416.12,3779417.30,504689.98,848576.70,666910.63,2604345.11,385839.12,689813.83,530631.82,2732057.31,405.57
2021-10-13,659.14,504.09,1328.79,3806789.35,498455.00,840725.79,659706.01,2618632.86,381075.73,683433.67,524902.41,2747045.70,407.02
2021-10-14,702.68,544.96,1426.55,3877022.52,502035.91,850047.21,665732.88,2655180.60,383813.04,691016.00,529699.39,2785385.67,413.87
2021-10-15,791.66,606.53,1597.44,3927341.54,508461.76,865241.46,675943.28,2681314.02,388724.47,703380.13,537827.39,2812800.63,417.02
2021-10-18,782.42,588.81,1564.79,3907906.96,507897.90,861896.58,674261.95,2670976.22,388292.74,700652.98,536486.09,2801955.88,418.26
2021-10-19,766.63,560.50,1511.38,3927125.04,507034.57,854221.76,670686.88,2681129.50,387637.92,694399.12,533639.45,2812607.05,421.48
2021-10-20,802.38,583.22,1577.24,3954478.04,510668.36,861831.31,676077.50,2695681.04,390421.43,701286.00,538201.65,2827872.18,423.14
2021-10-21,729.53,503.34,1397.63,3911030.44,503400.04,837664.27,661787.10,2672525.83,384865.68,678705.31,525707.54,2803581.48,424.24
2021-10-22,707.72,470.49,1331.15,3899642.68,500572.75,829830.56,656834.20,2666453.58,382711.56,672305.85,521757.90,2797211.45,423.80
2021-10-25,709.55,472.22,1335.32,3937314.46,500983.65,830885.06,657521.12,2686445.69,383022.35,673153.44,522298.65,2818183.94,426.08
2021-10-26,729.24,483.92,1370.37,3955810.21,502948.38,835508.80,660639.94,2696022.18,384528.27,676887.00,524773.83,2828230.04,426.46
2021-10-27,665.55,437.55,1244.87,3908800.96,495477.36,821097.69,650035.76,2670999.45,378802.62,665222.65,516345.34,2801980.25,424.57
2021-10-28,674.20,437.21,1252.49,3936868.23,496273.45,823165.24,651376.37,2685887.36,379417.67,667199.93,517531.91,2817598.23,428.67
2021-10-29,663.43,441.39,1248.46,3915594.15,495022.03,824706.98,651165.10,2674657.10,378132.87,668807.14,517279.00,2805817.26,429.54
2021-11-01,675.05,454.58,1278.06,3930029.85,496492.97,830058.56,654245.28,2682726.64,379441.31,673574.67,520017.65,2814282.52,430.28
2021-11-02,656.37,446.32,1248.76,3926714.71,493992.41,829487.84,652372.83,2680927.67,377247.01,673086.37,518325.53,2812395.33,432.02
2021-11-03,645.45,409.24,1186.50,3960915.39,492933.53,817557.40,646982.14,2698055.31,376320.63,662413.73,513579.77,2830362.88,434.65
2021-11-04,631.37,389.14,1144.41,3933073.24,490940.22,812847.68,643810.48,2684133.89,374839.93,655878.95,510036.13,2815758.78,436.70
2021-11-05,630.03,391.54,1146.73,3949495.46,490757.06,817313.52,645458.94,2692334.33,373256.40,660218.59,510646.12,2824361.35,438.22
2021-11-08,592.60,392.54,1114.13,3967610.71,485658.90,818930.81,642744.93,2701463.56,368090.51,661777.43,507715.28,2833938.26,438.59
2021-11-09,588.86,387.34,1103.23,3944388.35,485125.93,817305.63,641754.48,2689707.16,367546.73,660239.77,506750.41,2821605.35,437.14
2021-11-10,594.00,366.74,1078.71,3892945.57,485819.83,805597.74,637616.89,2664041.88,368904.55,648193.70,503063.62,2794681.49,433.62
2021-11-11,609.29,381.59,1114.44,3915944.61,488097.33,809621.12,640703.66,2675565.19,369938.10,651494.46,505049.19,2806769.88,433.77
2021-11-12,618.26,380.01,1120.33,3942065.98,489196.78,811399.39,642128.89,2688537.85,370425.29,652298.07,505693.24,2820378.69,437.04
2021-11-15,658.84,402.03,1189.56,3955940.89,493769.16,819515.67,648341.33,2695439.99,373885.83,658983.90,510646.95,2827619.31,437.19
2021-11-16,668.30,409.24,1208.77,3960313.98,494282.10,824733.49,650742.07,2697531.54,374279.12,663078.73,512502.05,2829813.42,438.92
2021-11-17,668.34,398.85,1193.46,3927549.37,494889.16,816628.87,647944.28,2681027.09,374738.86,655940.92,510058.37,2812499.63,437.85
2021-11-18,642.37,378.28,1139.50,3931264.82,492138.69,812498.65,644505.18,2682955.72,372659.88,652629.80,507356.15,2814522.83,439.34
2021-11-19,659.32,395.80,1180.93,3899325.77,493423.50,817718.34,647416.71,2666981.22,373632.29,656827.97,509649.93,2797764.97,438.55
2021-11-22,656.56,408.24,1197.01,3883800.90,491957.77,821676.66,648022.09,2659232.01,372517.58,660012.63,510125.20,2789635.76,437.32
2021-11-23,666.99,414.51,1215.71,3902992.56,492949.78,824605.80,649830.49,2668767.29,372982.20,662285.96,511321.86,2799638.63,437.90
2021-11-24,691.67,428.33,1258.46,3896609.10,495713.55,830141.72,653833.45,2665705.58,375169.52,666739.82,514540.48,2796426.78,439.07
2021-11-26,515.63,349.93,983.15,3672614.12,479402.03,802538.97,632206.02,2552771.92,362823.90,644560.26,497516.27,2677955.06,429.28
2021-11-29,535.95,346.83,998.16,3710128.62,480991.90,804671.07,634094.12,2572083.61,363741.01,645669.65,498573.21,2698213.76,434.54
2021-11-30,504.19,315.31,923.23,3602664.30,477078.84,793085.50,626950.00,2519848.17,360818.64,636157.81,492897.96,2643416.80,426.09
2021-12-01,542.11,333.05,983.93,3553723.53,481991.33,799523.25,632722.44,2492920.62,365008.28,643132.15,498461.47,2611187.95,421.35
2021-12-02,528.09,325.83,960.54,3631544.50,479956.45,796181.94,630064.71,2533153.64,363526.75,640029.43,496247.48,2656063.27,427.81
2021-12-03,552.60,338.09,1000.90,3599035.38,483549.33,801312.39,634453.01,2516766.65,366378.44,645292.03,500234.08,2636639.08,424.08
2021-12-06,529.09,326.43,962.34,3660314.18,479713.16,793809.20,628965.95,2548002.91,363467.83,638365.60,495562.38,2672194.29,429.11
2021-12-07,512.59,322.23,941.14,3752720.11,477299.25,790738.51,626166.96,2595065.54,361643.26,635619.87,493252.78,2725863.93,437.98
2021-12-08,476.64,304.31,881.97,3776359.86,472843.67,785338.16,621106.13,2606881.26,357794.27,629613.50,488297.40,2739704.21,439.14
2021-12-09,512.95,318.55,936.20,3712896.85,477327.46,789730.22,625787.77,2575187.93,361578.77,634363.56,492721.79,2701714.73,436.18
2021-12-10,485.33,305.99,892.54,3728203.30,473897.58,785577.48,621894.11,2582857.40,358178.01,629880.38,488663.61,2710808.69,440.28
2021-12-13,512.78,325.03,945.55,3693769.79,477119.83,791904.54,626512.76,2565629.16,361414.07,636677.84,493507.84,2690377.29,436.38
2021-12-14,531.88,330.32,970.85,3668827.41,479553.79,793499.29,628741.63,2553145.64,363856.39,638401.98,495843.54,2675563.82,433.38
2021-12-15,503.39,309.53,914.30,3712786.02,476040.79,786354.32,623607.97,2575296.95,360308.89,632795.45,491249.09,2701425.17,440.15
2021-12-16,449.28,280.54,822.34,3693980.57,469134.73,776278.65,615089.36,2565703.94,353371.99,623304.90,482836.34,2690255.74,436.27
2021-12-17,485.11,327.89,924.53,3660357.84,473193.98,792411.15,624141.78,2548740.81,357446.58,638422.15,491475.24,2670477.94,431.63
2021-12-20,466.67,323.58,900.89,3629366.82,470995.15,791209.74,622218.50,2532921.04,355237.54,637346.43,489542.51,2652115.42,427.04
2021-12-21,462.93,311.05,879.83,3711271.20,470482.29,786803.39,620147.13,2574729.97,354733.02,632997.42,487524.65,2700025.27,434.62
2021-12-22,439.25,276.79,808.88,3747651.13,467661.54,775282.67,613747.87,2592921.95,351881.91,621662.55,481200.48,2721434.42,438.97
2021-12-23,439.54,269.91,799.10,3770755.90,467525.87,772575.86,612587.43,2604573.08,351747.47,619050.04,480097.44,2735081.49,441.70
2021-12-27,445.36,271.18,806.27,3825250.42,469100.00,774102.52,614223.96,2632311.95,353315.79,620294.29,481650.22,2767497.70,447.95
2021-12-28,447.64,276.37,816.04,3819276.80,469030.03,775420.80,614701.15,2629181.90,353263.75,621735.50,482174.29,2763827.73,447.58
2021-12-29,426.54,265.64,780.96,3829509.49,466562.10,772183.43,611800.76,2634371.57,350771.23,618253.21,479122.95,2769955.08,448.16
2021-12-30,423.75,269.70,784.38,3821327.36,465794.95,772677.98,611493.70,2630169.33,349988.96,618773.91,478790.45,2765092.68,446.92
2021-12-31,430.26,255.95,770.42,3815398.10,466485.09,767794.65,610014.38,2627032.63,350681.58,613523.62,477232.94,2761520.46,445.79
2022-01-03,409.87,255.59,751.62,3862209.57,463755.85,768787.51,608624.31,2651236.76,347961.27,614606.69,475803.18,2788724.76,448.37
2022-01-04,431.48,257.60,774.38,3865107.64,467409.52,769483.03,611297.12,2652804.86,352248.28,615324.15,479011.93,2790222.24,448.22
2022-01-05,439.66,257.60,781.72,3811274.46,466075.61,765489.05,608838.39,2624768.23,351550.50,611059.87,476877.68,2759623.64,439.62
2022-01-06,437.64,255.26,776.38,3832392.89,465200.82,763234.74,607370.53,2635735.01,350907.65,608655.84,475503.59,2771616.97,439.20
2022-01-07,441.41,251.72,774.35,3816160.65,465028.19,761756.49,606669.65,2627231.97,350653.95,607082.89,474717.28,2762355.68,437.47
2022-01-10,421.53,248.14,751.39,3796349.24,461928.55,760217.52,604034.95,2616730.15,347414.96,605466.95,471893.00,2751001.13,436.92
2022-01-11,431.82,244.04,754.35,3830163.45,463232.30,758355.67,604147.69,2634510.96,348736.76,603510.55,472028.30,2770035.89,440.90
2022-01-12,446.10,243.87,766.57,3828184.64,465428.78,758477.76,605628.65,2633476.11,350923.43,603618.66,473550.45,2768980.52,442.09
2022-01-13,416.77,235.73,728.57,3770116.02,460943.51,754901.20,601282.56,2602453.53,347238.32,599799.06,469565.76,2736364.73,436.00
2022-01-14,444.30,251.24,776.61,3808489.75,465548.60,762100.67,607153.35,2622818.41,350636.84,607443.35,474855.89,2757777.51,436.18
2022-01-18,488.74,270.22,844.78,3802796.97,472310.97,770652.56,614969.56,2619615.66,356215.94,616567.45,482199.97,2754343.38,428.46
2022-01-19,492.03,266.12,841.22,3751079.26,472710.58,768764.79,614476.51,2591932.06,356515.68,614513.36,481599.63,2725233.91,424.01
2022-01-20,490.84,265.02,838.46,3716944.45,469555.83,767467.94,611907.79,2573715.28,356294.30,613136.20,480910.45,2706080.25,419.31
2022-01-21,442.65,241.44,760.00,3671252.85,463068.57,760085.55,604737.80,2549401.97,350086.64,605284.57,473641.84,2680516.52,411.08
2022-01-24,423.91,226.11,719.79,3689392.57,458715.86,752743.34,598974.82,2559031.96,345285.24,596329.15,466890.01,2690641.77,412.83
2022-01-25,437.92,238.51,751.42,3673752.95,462559.19,761609.36,605011.51,2550622.95,349063.96,605524.94,473044.65,2681800.29,407.79
2022-01-26,483.61,247.94,805.47,3701428.93,466796.41,767539.03,610137.80,2565460.64,353084.56,611799.32,478219.80,2697401.07,406.77
2022-01-27,481.84,250.40,808.00,3712699.98,466012.45,769342.23,610342.16,2571019.56,351603.54,613695.93,477958.10,2703245.88,404.76
2022-01-28,462.43,243.73,780.95,3768990.52,463135.43,760360.82,604895.51,2601041.07,349636.14,604185.98,472917.62,2734811.39,414.81
2022-01-31,442.27,240.27,758.39,3801873.34,460586.00,755530.47,601309.26,2618944.05,347777.75,598998.86,469630.72,2753635.11,422.28
2022-02-01,443.60,249.91,774.74,3798718.54,460774.07,758882.27,602765.84,2617342.13,347912.00,602581.23,471125.70,2752010.53,425.13
2022-02-02,434.52,249.27,765.82,3811244.91,458934.35,758769.01,601517.53,2624302.40,345957.24,602442.06,469747.77,2759370.99,429.26
2022-02-03,460.82,255.54,798.63,3777627.21,463076.59,762667.71,605777.47,2605487.96,350195.36,606575.96,474236.76,2739588.29,419.17
2022-02-04,530.24,280.81,898.28,3792625.13,473700.61,774788.81,617540.24,2613772.71,360858.45,619480.59,486501.35,2748299.45,421.14
2022-02-07,532.23,287.33,910.40,3778367.43,473867.66,777086.60,618564.85,2605773.07,361026.87,621917.57,487571.81,2739888.08,419.79
2022-02-08,531.92,289.00,912.77,3775604.66,473965.18,777155.50,618655.91,2604262.23,361106.33,621959.52,487641.91,2738299.48,423.25
2022-02-09,580.81,320.24,1004.05,3811975.56,480910.62,789612.39,628146.95,2624419.51,368097.65,635195.00,497551.07,2759494.23,429.44
2022-02-10,602.84,325.90,1031.96,3788236.19,484535.19,793583.33,632093.55,2611041.84,371962.48,639405.91,501812.30,2745428.02,421.73
2022-02-11,568.19,309.99,977.12,3744191.22,479167.03,787595.65,626207.46,2586360.97,366749.82,633025.39,495792.37,2719476.88,413.41
2022-02-14,601.13,324.60,1028.47,3758941.89,484180.17,795507.65,632628.58,2594479.59,371698.75,641448.17,502435.89,2728013.34,412.06
2022-02-15,579.36,315.95,996.13,3774328.00,481498.83,791202.28,629164.93,2603124.28,368970.71,636838.68,498786.83,2737102.96,418.70
2022-02-16,564.47,310.16,974.22,3769482.97,479198.34,787162.69,626055.79,2600413.91,366660.17,632548.00,495544.82,2734253.10,419.17
2022-02-17,562.16,310.30,972.43,3730298.22,478622.30,787074.11,625644.28,2578475.31,366101.81,632476.11,495139.35,2711185.35,410.22
2022-02-18,556.71,306.99,962.54,3727190.40,477630.00,785315.66,624296.83,2576754.52,365096.39,630588.93,493720.75,2709375.99,407.56
2022-02-22,588.06,323.77,1015.94,3730231.28,481935.15,792349.65,629906.28,2578424.84,369431.32,638040.78,499569.04,2711132.28,403.19
2022-02-23,614.44,334.49,1055.55,3736014.33,486108.58,799004.59,635278.98,2581570.72,373634.52,645125.14,505184.39,2714440.08,396.04
2022-02-24,566.74,339.70,1022.81,3788623.94,479195.13,799383.70,630912.21,2610771.64,368871.56,648641.70,503341.31,2745143.92,402.00
2022-02-25,514.91,315.24,939.21,3787934.90,471896.28,788999.52,622009.50,2610399.79,361317.24,637652.58,493923.47,2744752.93,410.87
2022-02-28,549.57,318.18,975.20,3769326.41,476932.49,789352.58,625467.80,2599885.08,365777.60,637794.94,497027.28,2733697.04,409.82
2022-03-01,637.18,359.43,1116.14,3790838.73,489537.59,808482.56,641312.32,2611978.66,378437.28,658051.47,513521.28,2746413.06,403.57
2022-03-02,731.95,412.74,1281.92,3880586.39,502810.82,834800.92,660444.78,2665922.23,391796.08,686037.47,533504.57,2803133.02,411.00
2022-03-03,759.04,446.42,1357.95,3882839.12,506524.22,846162.52,667377.88,2667283.67,395547.53,698141.17,540765.01,2804386.45,408.95
2022-03-04,895.65,512.53,1580.69,3898674.90,524007.77,875604.76,690506.44,2676678.93,413309.83,729689.97,565125.21,2814579.98,405.63
2022-03-07,946.24,545.03,1675.44,3937699.07,530021.71,889211.03,699833.83,2700150.99,419546.87,744443.26,575102.22,2839823.44,393.67
2022-03-08,1000.97,559.03,1745.42,3973528.39,536431.70,896281.68,706848.07,2721901.57,426209.69,752000.96,582588.08,2863113.18,390.69
2022-03-09,663.53,381.75,1174.47,3890683.50,496680.44,829677.81,654394.84,2671515.40,385718.44,680011.46,527028.48,2808227.18,401.16
2022-03-10,674.99,387.84,1193.97,3905204.41,500323.86,833972.89,658488.85,2680284.17,389315.97,684652.79,531284.82,2817830.89,399.35
2022-03-11,733.04,422.04,1297.96,3943753.61,505096.87,843483.71,665384.56,2703135.81,394301.52,695169.00,538766.86,2843027.46,394.27
2022-03-14,663.83,391.35,1189.50,3940798.75,499756.50,835122.48,658569.13,2701389.54,388863.37,686191.47,531572.70,2840823.09,391.39
2022-03-15,583.49,355.56,1063.12,3917439.21,493019.64,824030.42,649756.74,2687340.63,381891.83,674090.04,522120.37,2825165.18,400.00
2022-03-16,562.93,338.30,1018.59,3905428.47,491141.60,819950.84,646910.80,2680019.55,379828.55,669447.34,518911.90,2817237.95,408.87
2022-03-17,558.88,401.31,1109.78,3974734.32,490783.37,837536.78,653612.20,2722284.05,379442.02,688630.07,526082.47,2862967.58,413.98
2022-03-18,536.62,398.51,1083.81,3976629.51,488625.24,837189.09,652039.46,2723291.91,377134.40,688148.60,524298.85,2864089.40,418.52
2022-03-21,560.55,478.38,1216.59,4040790.03,490782.48,857892.27,661541.09,2762055.05,379433.44,710948.72,534582.61,2906782.63,418.40
2022-03-22,610.67,473.49,1264.76,4059380.41,495087.87,856216.12,663796.51,2773231.89,384010.86,709101.95,537112.85,2919069.45,423.29
2022-03-23,600.19,524.49,1322.02,4079656.04,494159.96,868421.81,667905.79,2785450.53,382990.33,722340.61,541412.99,2932765.73,417.84
2022-03-24,648.56,510.29,1357.39,4087132.66,498334.60,865161.08,669473.10,2789884.09,387425.76,718997.73,543295.26,2937759.07,424.14
2022-03-25,674.03,538.48,1421.55,4118117.77,500522.83,872119.62,673635.26,2808754.36,389775.70,726752.16,547872.69,2958789.16,426.21
2022-03-28,698.31,514.66,1415.71,4102824.65,502536.04,863950.71,671835.13,2799324.10,391915.52,718077.96,546106.97,2948226.38,429.24
2022-03-29,663.97,480.05,1333.30,4094266.23,499480.89,856844.61,667029.97,2794129.21,388667.13,710049.29,540790.82,2942121.57,434.55
2022-03-30,629.03,487.00,1307.87,4107179.86,496448.50,858466.73,665636.56,2802135.00,385412.60,711507.33,539081.89,2950924.93,431.87
2022-03-31,616.24,445.43,1238.75,4070497.31,495295.91,847372.53,660562.76,2778979.62,384188.19,699340.84,533616.55,2925936.77,425.22
2022-04-01,649.49,466.97,1302.12,4076406.65,498225.12,852431.57,664487.93,2782757.31,387300.22,705032.41,537949.18,2928961.93,426.43
2022-04-04,666.18,485.42,1344.57,4087048.78,499699.16,857672.00,667513.42,2789286.91,388881.91,710825.76,541257.84,2936937.12,430.08
2022-04-05,723.79,500.80,1424.00,4129237.63,505017.05,860666.96,672230.78,2815898.02,394548.76,714406.20,546564.66,2968448.00,424.65
2022-04-06,729.71,493.42,1419.34,4145579.53,505670.39,858361.98,671765.45,2826295.47,395229.19,711913.03,546082.23,2980257.63,420.40
2022-04-07,729.42,490.52,1414.89,4169356.41,505697.95,857937.73,671617.75,2841417.83,395261.67,711509.22,545949.80,2998482.44,422.52
2022-04-08,753.80,526.93,1491.04,4210879.16,507935.50,866825.33,676582.32,2867937.88,397651.04,721368.32,551382.44,3030503.35,421.39
2022-04-11,800.85,528.32,1539.54,4234554.14,512380.16,867045.82,679628.57,2883161.40,402356.78,721840.66,554825.45,3048772.67,414.19
2022-04-12,796.03,569.42,1594.80,4252565.18,511877.16,878055.62,683609.96,2894738.74,401827.64,733849.85,559075.91,3062938.87,412.65
2022-04-13,789.54,588.36,1614.81,4261097.34,511304.32,883494.73,685344.76,2900204.65,401212.18,739754.92,560897.11,3069606.88,417.38
2022-04-14,825.80,617.26,1691.56,4292011.32,514765.40,891889.75,690920.44,2920400.01,404902.85,749229.34,567068.75,3094117.22,412.18
2022-04-18,874.67,662.93,1804.18,4350211.47,519336.90,903239.07,698384.37,2958574.74,409746.52,761881.31,575248.50,3140304.09,412.35
2022-04-19,920.97,662.69,1851.61,4341177.59,523127.00,902471.12,700635.88,2952560.08,413747.82,761444.92,577892.48,3132941.02,419.01
2022-04-20,858.90,628.29,1741.15,4312991.86,517238.65,893862.01,693350.82,2934097.43,407461.68,751599.90,569766.58,3109745.74,418.70
2022-04-21,891.95,658.25,1816.16,4335017.09,520413.29,901819.64,698564.89,2948562.62,410830.48,760521.53,575503.55,3127528.35,412.44
2022-04-22,903.67,641.56,1805.07,4309891.66,521462.01,897969.89,697777.71,2931814.41,411957.36,756478.52,574763.11,3106806.94,401.12
2022-04-25,873.80,585.38,1696.22,4279848.41,518598.05,884569.63,690655.14,2911860.50,408900.12,741660.87,567001.24,3082144.97,403.44
2022-04-26,851.46,588.41,1678.92,4268272.72,516329.16,885809.51,689628.35,2904101.14,406519.16,742905.26,565826.14,3072543.98,391.76
2022-04-27,899.31,623.48,1776.13,4304774.00,520978.85,895069.80,696338.21,2928590.84,411456.41,753342.38,573236.83,3102252.09,392.86
2022-04-28,980.54,683.74,1942.17,4346600.59,528867.14,910857.94,707751.29,2956844.42,419797.71,771046.08,585782.93,3136357.23,402.78
2022-04-29,956.15,656.73,1879.66,4302575.35,526521.18,904260.60,703618.44,2927071.11,417333.01,763732.02,581284.97,3099703.53,387.90
2022-05-02,1003.13,686.84,1968.91,4286096.69,531428.99,913026.66,710308.23,2915968.72,422538.49,773565.11,588652.26,3086515.06,390.23
2022-05-03,993.06,675.68,1943.04,4252403.55,530348.41,909468.87,708202.14,2893247.21,421405.34,769633.45,586367.02,3060355.62,392.02
2022-05-04,946.14,672.93,1893.20,4205185.71,526335.97,909864.89,705677.32,2861097.96,417132.04,769705.05,583421.25,3024504.77,403.96
2022-05-05,1023.05,715.43,2029.92,4337326.46,533857.17,921379.62,715184.61,2950720.74,425119.67,782794.08,593967.81,3124190.34,389.60
2022-05-06,1066.64,752.36,2125.56,4361966.97,538835.37,931642.24,722502.13,2966546.09,430438.42,794230.38,602022.23,3142400.51,387.28
2022-05-09,1023.15,701.67,2010.62,4354921.72,533682.51,916637.30,713229.22,2961988.93,424942.41,777645.94,591893.35,3136488.28,374.88
2022-05-10,1010.76,682.65,1971.19,4332518.71,531889.83,910997.67,709837.25,2947940.63,423012.38,771435.36,588185.66,3118643.99,375.74
2022-05-11,998.04,695.38,1977.17,4381892.27,531275.29,915191.67,711061.14,2979352.34,422409.36,775878.95,589460.44,3157735.86,369.78
2022-05-12,967.56,692.63,1943.06,4398156.30,529009.78,915392.20,709622.95,2989711.37,420053.42,775911.12,587828.83,3170591.98,369.39
2022-05-13,974.63,734.45,2008.83,4374337.08,530373.50,926823.40,714968.42,2974447.98,421501.71,788645.12,593665.84,3151340.72,378.22
2022-05-16,956.81,736.02,1992.62,4378702.56,528376.58,927605.29,713924.03,2977163.97,419353.69,789393.23,592434.72,3154855.54,376.69
2022-05-17,943.16,726.80,1965.92,4339718.29,526159.94,924540.55,711247.13,2951909.63,416952.42,786112.88,589507.60,3123826.68,384.44
2022-05-18,900.95,673.16,1849.38,4358353.88,521326.45,910027.55,702397.83,2964010.11,411740.20,769847.18,579724.12,3138510.53,368.94
2022-05-19,889.77,664.92,1826.58,4301723.32,520155.41,908061.32,700850.14,2927108.12,410429.35,767387.67,577875.24,3093889.45,366.68
2022-05-20,882.62,668.90,1824.71,4295767.39,519284.20,909214.76,700708.33,2923115.13,409498.99,768594.68,577674.74,3088923.47,366.84
2022-05-23,876.95,671.08,1821.82,4280560.34,517610.30,909958.58,699865.59,2913216.21,407685.72,769453.76,576718.61,3077057.14,373.70
2022-05-24,876.88,640.19,1779.82,4259976.74,517822.61,901565.00,696781.30,2899568.95,407932.07,759912.75,573317.27,3061217.67,370.85
2022-05-25,882.71,643.42,1790.22,4240573.92,518485.83,902551.38,697608.67,2886587.49,408631.99,760903.41,574182.82,3046378.55,374.13
2022-05-26,890.51,656.33,1816.10,4215087.66,519152.27,906892.84,699734.84,2869526.95,409319.22,765634.55,576450.72,3026963.15,381.60
2022-05-27,903.92,668.25,1846.26,4187699.92,521258.52,910136.89,702405.79,2851200.03,411628.12,769181.74,579411.90,3006076.60,390.97
2022-05-31,906.20,677.49,1861.36,4199975.56,521578.61,912970.68,703714.96,2859331.42,411990.78,772438.64,580893.82,3015291.27,388.78
2022-06-01,918.89,693.22,1896.00,4247715.79,523683.04,917281.00,706795.80,2891887.80,414262.68,777187.23,584281.01,3056439.49,385.63
2022-06-02,935.94,714.49,1942.68,4189698.49,526591.86,923787.03,711265.32,2852520.67,417371.95,784287.34,589142.58,3007270.86,392.97
2022-06-03,947.54,730.91,1977.04,4244029.89,528437.89,928918.99,714487.69,2889134.53,419399.04,789994.08,592716.65,3053117.88,386.53
2022-06-06,941.82,726.01,1964.45,4280113.70,527290.15,927964.99,713344.89,2912928.90,418144.21,789102.88,591495.63,3083628.64,387.70
2022-06-07,949.49,725.43,1971.66,4247690.60,528148.67,928016.09,713945.26,2891310.51,419091.07,789159.21,592186.44,3055434.95,391.42
2022-06-08,982.53,750.88,2040.55,4298042.20,532652.19,936474.41,720242.76,2924839.76,423947.20,798742.34,599212.96,3098345.00,387.17
2022-06-09,985.75,752.73,2046.40,4371693.52,533218.79,936697.43,720711.59,2973818.26,424542.34,798964.43,599716.86,3161783.40,377.96
2022-06-10,979.65,740.00,2022.78,4438343.60,531845.36,932806.59,718286.57,3017788.17,423097.84,794762.27,597119.48,3219929.07,367.00
2022-06-13,992.34,745.03,2042.75,4609874.95,532899.96,935540.78,720051.42,3129340.29,424242.87,798196.67,599217.64,3373896.81,353.06
2022-06-14,1024.59,760.46,2097.09,4631534.52,536713.68,940070.52,724371.14,3140545.94,428402.03,803730.10,604231.94,3389855.82,352.00
2022-06-15,952.17,703.93,1945.03,4516571.16,526907.71,921978.82,710783.59,3073626.33,417758.04,782942.25,588911.63,3295352.10,357.02
2022-06-16,880.41,683.06,1842.91,4533175.59,517868.47,915735.96,702280.34,3084371.48,407939.06,775426.75,579164.25,3310219.02,345.20
2022-06-17,925.46,653.85,1850.66,4551437.00,523588.60,905767.79,702336.56,3094526.70,414138.57,764418.12,579453.91,3324681.14,345.95
2022-06-21,950.87,666.81,1894.40,4538572.55,526472.04,909038.64,705538.58,3087306.52,417224.46,768047.94,582988.53,3314250.91,354.66
2022-06-22,961.54,630.96,1854.11,4511442.44,527575.57,896497.92,701411.36,3071801.61,418399.29,753865.58,578426.75,3292229.43,354.01
2022-06-23,992.60,631.23,1884.45,4467428.15,530195.45,894546.35,702389.48,3046336.09,421226.41,751756.74,579571.92,3256246.62,357.48
2022-06-24,993.31,651.13,1914.82,4414623.64,529850.59,895405.50,702498.35,3015585.19,420881.21,752800.07,579736.62,3213018.28,368.85
2022-06-27,1008.36,658.60,1940.31,4444598.64,531696.30,898125.99,704789.10,3032980.69,422876.59,755947.93,582322.97,3237606.64,367.44
2022-06-28,1014.36,664.72,1955.10,4499096.66,532576.16,897414.08,705092.92,3064820.20,423791.34,755066.97,582613.49,3282382.08,359.93
2022-06-29,1016.19,639.98,1920.49,4502568.85,532853.07,894621.91,704179.33,3066894.75,424071.29,751811.44,581549.93,3285199.35,359.64
2022-06-30,1046.32,634.42,1940.62,4466193.64,535802.64,898899.00,707811.60,3045519.83,427231.60,756754.29,585628.60,3254866.90,356.72
2022-07-01,1057.85,639.84,1959.59,4424001.68,536908.93,900230.40,709066.50,3020486.78,428435.34,758329.24,587063.02,3218708.14,360.49
2022-07-05,1113.41,660.13,2042.13,4435578.22,543688.58,906663.05,716076.60,3027231.80,435749.89,765799.98,594966.14,3228385.02,361.17
2022-07-06,1090.46,658.24,2018.15,4458907.99,540688.12,906034.19,713852.36,3041090.70,432503.69,765069.93,592466.39,3248238.64,362.39
2022-07-07,1049.74,637.78,1949.11,4437845.16,535688.89,899140.23,707836.37,3028488.75,427106.88,757071.93,585673.17,3230186.05,367.82
2022-07-08,1026.76,626.28,1910.20,4456187.32,532836.36,895682.86,704590.88,3039395.43,424039.17,753101.42,582034.06,3245931.39,367.52
2022-07-11,1072.19,652.16,1991.92,4531395.13,538555.11,903941.55,711620.30,3084843.08,430181.67,762661.18,589943.77,3310912.90,363.32
2022-07-12,1111.60,675.49,2064.17,4496449.14,543190.49,911836.79,717790.51,3063590.46,435194.74,771841.22,596931.72,3280591.69,360.10
2022-07-13,1116.87,674.61,2067.72,4493731.88,543903.07,911265.21,718036.36,3061764.67,435961.05,771183.83,597203.06,3277977.38,358.21
2022-07-14,1161.91,698.81,2146.50,4554552.93,549587.15,918352.41,724580.49,3098197.09,442067.23,779370.18,604555.10,3330030.80,357.34
2022-07-15,1142.67,685.32,2108.01,4487917.89,547147.80,913942.63,721232.80,3057720.16,439456.63,774291.21,600800.15,3272186.99,364.17
2022-07-18,1099.09,657.37,2024.83,4508019.25,541780.56,904855.45,714109.79,3069639.05,433674.90,763765.21,592764.17,3289255.61,361.16
2022-07-19,1113.23,659.31,2040.83,4426154.01,543529.10,905345.83,715455.65,3020363.90,435557.79,764329.13,594269.81,3218693.72,370.92
2022-07-20,1109.00,660.21,2038.35,4430709.11,543098.24,905530.29,715244.96,3022772.39,435096.25,764543.46,594038.27,3222139.35,373.28
2022-07-21,1118.35,666.72,2056.99,4355218.48,544553.58,908044.76,717196.32,2977595.33,436622.97,767348.68,596170.29,3157090.52,377.08
2022-07-22,1103.84,667.73,2045.21,4337879.69,542069.85,909156.38,715999.74,2966986.96,433925.58,768589.69,594810.85,3141771.88,373.59
2022-07-25,1090.78,660.13,2021.46,4353508.51,540391.20,906193.84,713724.54,2976162.46,432131.01,765198.25,592268.57,3155026.38,374.04
2022-07-26,1065.71,656.71,1993.01,4397787.25,536632.55,904964.08,710758.13,3002559.74,428073.80,763784.14,588940.95,3192808.18,369.61
2022-07-27,1060.93,637.72,1959.71,4312272.00,537237.54,898313.48,708547.09,2951303.89,428741.03,756076.07,586428.14,3119459.87,379.21
2022-07-28,1052.20,621.58,1926.86,4233882.74,537239.87,894000.84,706847.82,2904759.39,428741.94,751047.83,584478.77,3052749.85,383.97
2022-07-29,1046.15,608.44,1900.95,4192065.50,537936.29,889075.93,705359.00,2880716.43,429482.67,745315.45,582753.15,3018344.74,389.57
2022-08-01,1061.40,619.31,1931.79,4146621.54,540497.19,892508.03,708399.42,2854417.07,432245.35,749253.05,586166.83,2980796.57,388.41
2022-08-02,1007.92,609.80,1868.28,4234876.03,534130.26,888577.10,702667.00,2906013.74,425319.62,744682.54,579683.01,3052941.66,385.85
2022-08-03,1002.64,601.98,1851.41,4191839.37,535875.41,886905.43,703153.95,2881163.81,427227.09,742775.49,580240.64,3018261.82,391.89
2022-08-04,1006.67,592.60,1840.72,4155469.25,537232.71,885432.67,703460.63,2860430.10,428661.63,741007.97,580524.42,2989014.53,391.63
2022-08-05,960.41,589.95,1794.30,4232763.82,532634.79,882756.32,699387.18,2904753.19,423641.66,737867.85,575895.20,3050840.52,390.97
2022-08-08,958.52,586.59,1787.42,4191292.08,532628.17,880980.14,698679.22,2880839.99,423618.03,735789.82,575068.20,3017251.06,390.51
2022-08-09,955.69,583.91,1780.71,4219218.95,531574.41,878303.41,696926.67,2896622.86,422493.86,732737.99,573112.56,3039451.66,388.96
2022-08-10,953.61,577.24,1768.59,4131216.66,535248.12,875096.73,698062.66,2846682.47,426456.52,729012.01,574343.09,2969444.65,397.13
2022-08-11,957.14,576.11,1770.13,4174225.52,535724.15,874180.41,698007.60,2870267.54,426967.59,727964.54,574274.62,3002452.31,397.13
2022-08-12,948.09,576.22,1761.94,4121751.56,536232.81,876679.23,699336.59,2841023.06,427489.48,730768.82,575731.71,2961305.36,403.85
2022-08-15,913.28,572.80,1724.37,4155848.91,531163.79,876103.52,695801.54,2860011.56,422037.63,730140.78,571813.11,2987987.37,405.52
2022-08-16,911.97,569.37,1717.96,4155304.08,531396.30,875292.89,695631.93,2859702.66,422270.08,729184.11,571595.97,2987446.42,406.31
2022-08-17,904.06,569.37,1710.51,4220925.84,528176.23,873920.07,692978.77,2896432.90,418788.62,727611.42,568623.27,3038840.39,403.43
2022-08-18,903.24,569.62,1710.11,4248520.99,527733.22,874783.22,693030.38,2912107.11,418244.20,728480.52,568593.26,3060325.03,404.60
2022-08-19,907.28,569.62,1713.93,4341369.41,526635.96,872138.19,691262.16,2964216.33,417051.11,725450.47,566599.77,3133227.24,399.16
2022-08-22,933.49,569.74,1738.87,4427350.84,527851.94,868174.87,690489.53,3012102.87,418319.31,720880.30,565676.53,3200114.66,390.85
2022-08-23,906.83,567.15,1710.10,4410704.57,523648.85,866648.76,687133.60,3002909.01,413836.27,719195.79,561984.48,3187469.40,389.91
2022-08-24,918.62,566.71,1720.54,4423933.85,525261.61,866098.41,687973.55,3010157.17,415517.66,718478.57,562845.91,3197280.64,391.15
2022-08-25,906.14,565.68,1707.29,4347529.04,523294.79,865785.98,686561.42,2968109.32,413395.16,718092.53,561257.18,3138317.46,396.68
2022-08-26,938.54,562.16,1732.51,4457319.00,528048.41,864228.20,689062.14,3027934.91,418497.81,716317.81,564027.50,3222095.09,383.25
2022-08-29,928.24,562.82,1724.02,4502144.33,526696.98,864467.47,688275.77,3052058.98,417039.88,716591.13,563152.64,3255883.03,380.72
2022-08-30,924.44,565.52,1724.63,4534364.65,526220.96,865534.45,688389.50,3069260.86,416505.47,717777.43,563257.97,3279875.31,376.54
2022-08-31,932.13,572.76,1742.83,4571915.15,527602.69,868318.37,690400.35,3089428.90,417955.86,720887.38,565458.91,3307912.28,373.67
2022-09-01,966.94,586.51,1796.30,4629089.44,533168.78,873580.54,696134.10,3120212.35,423898.43,726821.65,571806.21,3350552.97,374.84
2022-09-02,968.67,582.01,1791.01,4642468.41,533415.65,871810.12,695589.87,3127332.59,424145.73,724777.38,571168.86,3360648.14,370.89
2022-09-06,998.72,593.92,1837.12,4702729.71,538264.41,876679.74,700693.99,3159257.90,429345.59,730322.29,576854.88,3406388.55,369.49
2022-09-07,957.21,595.51,1801.40,4599562.21,531968.53,876918.48,696691.52,3104579.48,422578.88,730564.56,572404.79,3327926.77,376.13
2022-09-08,962.71,599.78,1813.03,4609843.84,533042.40,878916.96,698188.59,3110451.43,423698.12,732781.26,574031.23,3336091.22,378.59
2022-09-09,926.80,576.09,1743.41,4537629.33,527529.75,869586.62,690872.42,3072791.05,417787.95,722163.67,565868.95,3282123.60,384.47
2022-09-12,896.64,562.79,1694.93,4490528.46,523115.11,864029.33,685774.03,3047958.60,413070.30,715868.23,560207.59,3246660.21,388.60
2022-09-13,943.87,590.32,1781.01,4683628.07,530502.85,875110.87,695014.16,3148791.17,420954.72,728417.79,570464.40,3390897.59,371.70
2022-09-14,929.02,576.24,1745.76,4665273.24,528080.91,869489.77,691195.53,3138792.18,418360.47,722022.20,566202.21,3376560.75,373.12
2022-09-15,948.91,592.74,1789.45,4717685.64,531303.32,876073.01,695921.05,3164294.40,421761.45,729413.97,571401.90,3412680.43,368.89
2022-09-16,961.77,596.15,1806.72,4723951.46,533510.47,877489.50,697929.16,3167249.99,424124.00,731023.04,573632.53,3416908.01,366.07
2022-09-19,958.50,594.14,1800.60,4716249.91,532899.87,876706.46,697218.37,3163241.03,423470.72,730135.31,572842.46,3411172.31,368.91
2022-09-20,988.11,605.81,1846.11,4800993.02,537743.05,881519.94,702300.66,3204577.03,428670.17,735631.37,578515.20,3470433.97,364.68
2022-09-21,995.66,612.61,1863.52,4849317.80,538656.37,884110.54,703929.02,3228347.05,429612.56,738512.47,580283.99,3504204.36,358.32
2022-09-22,1018.30,613.73,1886.41,4905094.51,543021.66,885478.05,707325.76,3256014.20,434222.96,739950.20,583962.50,3543308.92,355.31
2022-09-23,1076.28,662.45,2014.99,5029821.84,552393.82,905147.95,721285.95,3317224.31,444256.72,762278.54,599520.10,3630908.37,349.35
2022-09-26,1147.83,694.46,2130.65,5152438.69,564142.88,918309.89,734200.77,3376192.77,456880.96,777267.54,613932.54,3715606.38,345.90
2022-09-27,1170.65,692.80,2149.28,5203621.34,568288.87,918494.93,736972.63,3400132.61,461272.58,777393.00,616932.71,3749594.18,345.01
2022-09-28,1088.68,658.70,2021.14,5049738.48,555034.39,904464.04,722749.26,3327851.64,447050.71,761461.70,601100.66,3645801.16,351.80
2022-09-29,1071.03,645.39,1984.33,5106203.37,552564.19,899566.57,719184.19,3354568.42,444365.00,755856.36,597082.63,3683881.33,344.45
2022-09-30,1076.67,641.82,1984.07,5137597.15,553624.94,898384.41,719401.94,3368873.04,445498.83,754517.87,597315.71,3704441.66,339.13
2022-10-03,1026.57,610.55,1889.56,4969719.32,545764.96,885837.70,709271.62,3292974.38,437123.11,740376.99,586103.39,3594072.50,348.08
2022-10-04,1015.88,589.11,1846.56,4820937.73,544378.56,877823.75,705162.45,3227979.89,435587.19,731207.63,581444.33,3497689.85,358.87
2022-10-05,999.68,607.51,1860.66,4918281.54,542115.06,885540.33,706795.82,3269982.23,433090.53,739937.59,583248.95,3559733.68,358.03
2022-10-06,1012.29,634.11,1913.13,5016534.49,544202.14,896227.70,712421.44,3311075.71,435303.78,751991.16,589489.82,3620059.17,354.34
2022-10-07,1026.12,647.25,1946.02,5142578.85,546588.81,901647.61,716137.82,3363132.56,437868.82,758134.75,593634.61,3696790.00,344.45
2022-10-10,1042.11,657.17,1976.11,5217064.58,549149.06,906075.77,719573.58,3393659.35,440595.48,763129.69,597438.49,3741626.07,341.82
2022-10-11,1032.55,665.76,1979.95,5240317.47,547137.86,909282.47,719529.22,3403102.20,438428.52,766754.52,597388.22,3755535.41,339.66
2022-10-12,1031.15,657.57,1966.44,5229067.55,546795.47,905910.16,717969.81,3398434.57,438071.79,762942.69,595660.26,3748660.49,338.54
2022-10-13,1037.97,644.16,1952.89,5186671.01,547859.36,901147.32,716780.91,3380858.43,439151.08,757482.07,594262.37,3722360.36,347.47
2022-10-14,1070.91,671.99,2026.06,5292144.96,552583.78,912527.38,724397.36,3424644.16,444254.74,770373.98,602772.53,3786851.68,339.55
2022-10-17,1069.34,657.54,2002.80,5162162.25,551455.06,906908.47,721427.27,3370708.76,443025.06,764021.70,599453.16,3707410.85,348.28
2022-10-18,1065.43,659.78,2002.55,5122079.99,550038.61,907705.26,720817.68,3353925.02,441496.96,764920.31,598771.86,3682694.26,352.37
2022-10-19,1106.81,682.56,2076.00,5220209.34,556490.14,917402.27,728895.24,3393776.48,448443.26,775906.01,607782.00,3741387.52,349.87
2022-10-20,1133.28,693.32,2117.19,5250279.48,560931.76,922566.54,733855.63,3406502.84,453149.70,781648.00,613220.25,3759577.09,346.94
2022-10-21,1098.59,666.23,2043.43,5128406.25,557113.70,912151.89,727215.92,3356667.07,448968.24,769830.75,605755.55,3686054.97,355.37
2022-10-24,1130.29,682.89,2098.46,5163884.27,561674.04,919041.28,732938.58,3371024.34,453913.15,777663.72,612173.19,3707333.73,359.72
2022-10-25,1076.57,640.31,1983.16,5030896.90,553289.06,900934.94,720247.79,3317101.26,444891.42,757153.02,598016.62,3627933.31,365.46
2022-10-26,1035.46,622.88,1918.30,4968344.36,547043.06,893434.04,713184.13,3292113.49,438119.02,748570.86,590075.74,3590868.42,362.71
2022-10-27,1015.10,615.92,1888.73,4984648.01,543896.32,890381.92,709914.73,3299059.83,434682.12,745008.39,586357.17,3600683.16,360.77
2022-10-28,1012.23,631.31,1909.67,4963704.86,544094.75,896529.37,712494.96,3290291.46,434901.71,752020.28,589264.62,3587913.79,369.36
2022-10-31,986.90,639.43,1898.05,5046713.46,540250.21,900069.97,711384.64,3323790.59,430723.59,756025.79,588003.38,3637224.49,366.69
2022-11-01,974.90,630.21,1872.83,5000907.82,536690.81,896260.72,707535.84,3305321.15,426876.49,751666.71,583682.30,3609703.93,365.08
2022-11-02,987.72,636.27,1894.14,5102330.18,539023.60,899330.99,710285.41,3347358.75,429345.28,755085.79,586697.61,3670858.21,355.92
2022-11-03,990.95,647.21,1913.52,5159330.18,539773.99,904253.92,712723.86,3371218.83,430100.21,760602.13,589356.50,3705396.15,352.26
2022-11-04,985.56,638.29,1895.13,5014953.02,539472.80,901692.84,711515.71,3312481.25,429730.08,757648.10,587958.44,3619127.40,357.33
2022-11-07,974.99,635.46,1880.76,5009807.40,537675.29,900519.03,709867.22,3310050.75,427796.05,756334.64,586125.72,3615704.34,360.75
2022-11-08,970.81,618.24,1851.25,4917228.24,536215.22,892721.16,705829.91,3272807.58,426213.79,747451.67,581599.84,3561038.24,362.69
2022-11-09,940.23,610.32,1810.24,4996514.53,530882.04,888967.93,700836.08,3305480.90,420387.81,743019.33,575900.43,3608201.90,355.22
2022-11-10,967.15,594.17,1812.21,4659206.64,534601.56,880752.98,700053.00,3169773.25,424384.41,733635.26,575001.24,3409400.64,374.74
2022-11-11,1046.66,602.38,1899.21,4561936.33,547258.37,884173.21,709699.22,3133325.17,437954.14,737539.75,585724.21,3356224.37,378.37
2022-11-14,1042.93,601.96,1895.17,4606413.84,546516.01,884060.57,709172.65,3148991.66,437158.58,737422.36,585145.60,3379123.37,375.15
2022-11-15,1043.03,594.98,1884.27,4547140.86,546575.87,880819.48,707911.53,3128541.52,437181.40,733666.71,583670.82,3348975.21,378.35
2022-11-16,1044.44,595.23,1885.95,4552013.11,546817.98,881184.82,708215.12,3130437.53,437416.34,734042.98,583977.32,3351611.21,375.46
2022-11-17,1013.34,578.59,1831.50,4601433.29,542009.43,873562.31,702038.08,3148283.31,432214.66,725296.41,577025.82,3377277.50,374.31
2022-11-18,1002.22,571.74,1810.60,4609961.29,540098.47,870383.06,699522.99,3151408.74,430165.98,721687.48,574222.69,3381840.41,376.01
2022-11-21,960.00,556.43,1748.23,4669275.59,532637.38,863094.37,691762.33,3172964.40,422151.23,713386.73,565570.99,3413189.02,374.65
2022-11-22,968.51,560.83,1762.89,4602521.60,533547.12,865538.93,693332.73,3149018.01,423072.61,716099.63,567263.58,3377952.89,379.69
2022-11-23,1014.24,571.20,1820.81,4505422.68,540938.82,871138.50,700378.16,3113908.29,430937.56,722384.29,575025.54,3326429.79,382.08
2022-11-25,1008.48,572.42,1817.59,4492279.00,540027.99,871792.06,700051.23,3109141.64,429958.74,723120.03,574665.32,3319476.00,381.99
2022-11-28,976.73,555.54,1762.16,4576679.22,534978.10,863871.10,693597.81,3140155.38,424544.56,714140.69,567479.18,3364595.66,375.90
2022-11-29,960.24,557.07,1749.73,4583446.70,532462.27,864791.95,692336.60,3143109.17,421805.91,715091.14,566026.46,3368504.66,375.25
2022-11-30,1009.71,573.98,1821.36,4426235.82,540422.14,872815.84,700723.42,3085170.83,430311.87,724148.98,575318.43,3284005.72,387.07
2022-12-01,1058.45,606.24,1916.50,4324414.37,548636.27,888030.71,712156.22,3047591.37,439053.91,741257.55,587958.56,3229362.69,386.79
2022-12-02,1075.52,613.68,1943.71,4288612.31,551301.26,891151.62,715137.27,3034281.01,441878.74,744719.22,591222.88,3210407.65,386.34
2022-12-05,1032.24,587.33,1862.87,4379927.04,544273.90,879367.34,705851.02,3069120.37,434353.91,731416.46,580908.42,3259623.21,379.39
2022-12-06,1030.98,585.18,1858.32,4379687.84,544215.08,878538.11,705480.08,3069447.33,434241.34,730392.64,580426.57,3259728.52,373.92
2022-12-07,1057.54,600.01,1905.82,4336157.31,548463.13,885241.03,710924.79,3052802.03,438774.32,737931.59,586451.58,3236160.28,373.29
2022-12-08,1066.03,606.55,1923.84,4322331.22,550050.25,888756.00,713364.82,3048375.35,440373.92,741716.18,589024.42,3229179.62,376.21
2022-12-09,1066.09,606.26,1923.44,4355428.04,549962.44,888563.72,713230.71,3060989.41,440295.69,741517.68,588893.28,3247158.82,373.40
2022-12-12,1043.45,597.17,1888.59,4367589.52,545929.06,884610.08,709028.57,3065861.47,435952.31,737026.28,584205.18,3253938.35,378.79
2022-12-13,1076.15,618.27,1951.55,4298175.13,551078.90,894438.26,716311.48,3038959.25,441435.19,748085.20,592261.83,3215847.66,381.65
2022-12-14,1077.72,620.77,1956.92,4300279.51,551230.45,895937.45,717010.29,3040227.77,441537.22,749678.18,592960.86,3217287.78,379.21
2022-12-15,1015.25,587.40,1847.61,4409221.75,540878.54,880551.68,704121.15,3083553.45,430449.24,732311.98,578647.65,3278394.23,369.94
2022-12-16,1013.09,587.14,1845.24,4428945.91,540978.51,880371.17,704114.05,3091349.82,430567.33,732107.28,578646.15,3289432.36,365.57
2022-12-19,1010.13,584.30,1838.08,4461952.56,541390.39,879215.95,703920.13,3104557.81,430990.44,730776.55,578404.57,3308000.51,362.47
2022-12-20,1019.51,609.34,1886.00,4430058.34,543004.31,890289.03,709402.02,3092014.53,432702.10,743183.94,584463.30,3290123.73,362.96
2022-12-21,1009.05,601.57,1864.30,4418851.87,539738.94,886773.27,705868.30,3087663.36,429180.19,739201.28,580518.68,3283844.21,368.39
2022-12-22,984.22,589.80,1823.12,4464737.09,537081.78,881688.90,702107.21,3106948.52,426236.06,733309.33,576213.97,3310432.51,363.14
2022-12-23,987.06,593.70,1831.77,4470279.33,536741.64,883562.77,702630.99,3109137.12,425866.64,735410.29,576789.70,3313530.89,365.23
2022-12-27,998.57,594.29,1843.38,4487263.21,539330.14,884097.23,704537.77,3116046.65,428636.89,736017.98,578904.01,3323313.02,363.79
2022-12-28,978.49,583.50,1808.09,4542551.59,537947.11,879187.78,701678.25,3139333.64,427107.82,730408.99,575665.62,3355924.60,359.26
2022-12-29,997.75,598.48,1849.10,4461873.91,538797.67,886607.04,705193.62,3106464.13,427946.36,738635.45,579472.53,3308912.48,365.73
2022-12-30,1010.22,611.20,1880.31,4478702.60,541286.28,892611.93,709210.30,3113293.34,430624.36,745413.80,583944.51,3318701.62,364.77
2023-01-03,977.08,589.82,1816.59,4444664.48,537710.97,884403.62,703607.16,3099393.16,426793.64,736139.28,577714.45,3298912.26,363.23
2023-01-04,973.98,585.88,1807.63,4354734.74,537557.49,884005.71,703348.47,3061852.37,426646.34,735724.74,577452.09,3245796.42,366.04
2023-01-05,937.54,552.37,1722.13,4400957.63,534601.77,872617.80,696884.48,3081566.68,423432.25,722811.23,570209.25,3273393.88,361.86
2023-01-06,964.94,582.55,1794.34,4256551.68,536024.19,883721.34,702245.31,3021106.96,424970.08,735340.27,576186.64,3187775.37,370.16
2023-01-09,977.87,591.40,1819.98,4225150.79,537350.94,888159.40,704877.74,3008253.24,426353.59,740273.05,579057.12,3169307.57,369.95
2023-01-10,969.28,595.36,1818.08,4215037.15,537275.81,889338.59,705296.38,3003929.30,426292.18,741622.97,579543.38,3163297.11,372.54
2023-01-11,970.23,594.09,1817.04,4169284.67,537185.05,889539.62,705316.53,2985072.02,426191.82,741845.87,579562.26,3136558.77,377.25
2023-01-12,1026.66,626.66,1919.69,4094744.97,543440.94,899919.22,713538.47,2955157.27,432764.20,753318.08,588512.32,3093305.91,378.63
2023-01-13,1044.03,657.34,1982.92,4094899.24,546732.12,906558.47,718331.24,2955392.51,436271.24,760754.02,593801.49,3093522.58,380.10
2023-01-17,1029.89,649.64,1957.88,4111483.57,544612.30,903196.47,715606.69,2962210.21,433998.41,756969.95,590777.92,3103185.92,379.40
2023-01-18,1014.96,659.61,1958.72,4092844.11,543041.98,904551.66,715111.87,2954741.45,432304.25,758463.12,590207.51,3092480.07,373.41
2023-01-19,1077.06,695.84,2072.41,4099139.69,550456.10,914703.42,724006.40,2957855.94,440165.19,769761.76,599969.71,3096416.14,370.69
2023-01-20,1087.84,683.46,2064.36,4081252.93,550662.61,912779.09,723380.63,2950259.78,440352.76,767550.94,599235.97,3085530.29,377.60
2023-01-23,1101.82,690.59,2088.40,4068037.81,552037.91,914791.98,725081.58,2944501.25,441816.73,769812.47,601114.86,3077369.09,382.13
2023-01-24,1094.19,693.06,2084.90,4042258.33,552122.26,916170.38,725683.25,2933402.15,441881.07,771318.02,601746.44,3061518.81,381.72
2023-01-25,1104.06,705.88,2113.57,4017236.13,553732.42,920185.84,728331.70,2922557.61,443541.70,775794.17,604623.19,3046031.43,381.86
2023-01-26,1065.66,676.69,2033.12,4021500.42,549371.23,912935.63,722594.24,2925019.82,438888.45,767479.65,598211.60,3048923.41,386.06
2023-01-27,1044.00,657.97,1984.34,4021534.01,547505.71,908297.45,719531.80,2925021.05,436906.94,762228.79,594814.80,3048805.78,386.94
2023-01-30,986.24,632.63,1891.24,4072841.47,542595.59,902420.36,713977.51,2947746.21,431666.22,755612.69,588665.90,3081010.34,382.09
2023-01-31,1053.55,660.62,1997.61,4040381.20,548500.11,909220.35,720552.27,2933358.96,437945.77,763225.49,595913.03,3060507.63,387.71
2023-02-01,1104.31,687.09,2085.75,3970608.46,554702.22,919686.87,728773.39,2901214.38,444567.08,774962.21,604999.76,3015556.78,391.83
2023-02-02,994.13,628.99,1893.53,3950963.24,542215.85,903423.90,714127.52,2892436.04,431127.26,756562.37,588672.59,3002943.22,397.53
2023-02-03,849.97,550.25,1637.70,4025412.15,530579.92,881393.48,697757.78,2927472.35,418634.13,731738.36,570485.72,3051300.31,393.31
2023-02-06,812.04,532.81,1575.20,4087182.70,527435.27,876467.34,693740.14,2956632.32,415256.70,726167.32,566012.78,3091619.11,390.90
2023-02-07,811.17,547.24,1595.70,4060394.34,527531.73,878070.54,694438.06,2944204.16,415364.76,727937.96,566776.49,3074277.27,396.01
2023-02-08,793.06,536.10,1561.65,4091911.52,525560.98,876255.06,692423.02,2958975.41,413260.46,725893.35,564544.83,3094757.33,391.68
2023-02-09,784.99,522.92,1534.49,4110091.85,524742.06,872992.08,690594.34,2968057.36,412332.39,722143.25,562452.65,3107019.48,388.29
2023-02-10,787.21,508.02,1514.82,4137859.37,524957.84,870246.42,689650.34,2981340.24,412533.62,719027.62,561376.57,3125326.71,389.19
2023-02-13,777.61,511.22,1510.35,4099555.24,523898.93,871026.23,689263.77,2963114.89,411385.33,719846.92,560915.11,3099835.37,393.76
2023-02-14,798.14,515.23,1536.20,4095689.00,526132.20,872050.57,691138.15,2961208.61,413743.28,720986.03,562966.42,3097191.12,393.58
2023-02-15,806.26,498.51,1519.10,4129894.32,527165.47,868299.22,690330.25,2977830.03,414805.44,716746.88,562034.01,3120019.30,394.86
2023-02-16,839.28,503.63,1558.01,4169449.42,531268.92,870038.40,693708.38,2997572.65,419057.48,718545.53,565619.83,3146844.33,389.42
2023-02-17,806.10,506.18,1531.15,4160404.72,527839.80,870994.72,691850.83,2993167.98,415414.62,719575.29,563566.67,3140624.96,388.45
2023-02-21,886.62,523.24,1633.43,4229849.04,537000.98,875184.53,699518.74,3027410.71,425083.24,724244.41,571953.48,3188111.65,380.66
2023-02-22,887.41,510.68,1614.54,4232329.44,536907.34,872311.17,698309.43,3028909.29,424942.91,720960.53,570562.40,3189861.39,380.13
2023-02-23,875.76,505.50,1595.77,4208463.20,535535.03,871244.29,696989.98,3017349.32,423451.49,719689.74,569058.30,3173495.70,382.16
2023-02-24,904.06,478.58,1579.05,4285996.14,538710.42,864623.78,696408.15,3056053.40,426793.22,712285.09,568376.28,3227070.83,378.07
2023-02-27,883.99,479.06,1562.32,4244673.83,536424.03,864894.15,695039.20,3035402.19,424364.20,712558.05,566867.78,3198317.10,379.36
2023-02-28,861.32,472.77,1532.03,4262654.80,533834.12,863135.07,692654.52,3044439.47,421616.47,710573.93,564243.34,3210745.86,377.96
2023-03-01,913.46,476.05,1583.71,4250902.45,539994.04,863928.25,696969.06,3038676.23,428106.30,711445.36,568931.95,3202595.99,376.51
2023-03-02,919.61,482.44,1599.68,4271340.65,541049.10,866058.14,698509.08,3048906.51,429173.78,713732.07,570555.59,3216598.85,379.44
2023-03-03,848.49,460.86,1502.05,4159520.29,532792.04,859345.68,690472.10,2992987.31,420428.50,706216.82,561738.64,3137922.80,385.52
2023-03-06,869.64,465.99,1529.12,4201411.76,534976.14,860948.24,692531.17,3013790.29,422723.77,707971.97,563970.05,3166993.28,385.79
2023-03-07,918.89,492.25,1615.51,4326946.89,540468.44,869363.91,699470.78,3075505.38,428519.31,717321.98,571560.16,3253581.36,379.88
2023-03-08,912.14,493.44,1611.53,4332740.08,539916.35,869969.94,699357.33,3078239.03,427900.73,717937.46,571392.85,3257183.28,380.50
2023-03-09,844.75,473.36,1519.21,4375043.67,532972.73,863263.97,692164.85,3098858.43,420522.72,710435.58,563481.47,3285878.17,373.48
2023-03-10,723.11,438.67,1354.16,4339672.68,519939.90,851858.22,679129.50,3082059.85,406718.11,697720.41,549190.18,3262079.60,368.09
2023-03-13,655.46,377.98,1197.15,4284840.76,512587.99,832197.24,666490.89,3055681.87,398935.84,675866.62,535335.20,3224840.18,367.56
2023-03-14,659.65,378.44,1201.70,4285895.36,513225.77,832543.15,667044.04,3056301.03,399589.97,676219.06,535913.67,3225593.43,373.64
2023-03-15,632.12,382.90,1183.71,4356944.18,510838.53,835519.21,666684.91,3091261.71,397012.37,679342.58,535422.91,3274067.76,371.30
2023-03-16,620.49,382.36,1171.98,4326272.50,509412.51,835365.92,665693.22,3076665.02,395464.21,679073.32,534272.84,3253121.91,377.82
2023-03-17,639.61,389.63,1201.17,4321144.73,512560.81,839936.26,669571.32,3074359.56,398721.76,684015.91,538417.66,3249654.82,373.40
2023-03-20,627.66,384.46,1181.99,4281397.13,510883.13,836721.93,667194.34,3054857.14,396953.11,680479.30,535831.59,3222171.29,376.99
2023-03-21,570.38,364.61,1097.54,4268939.34,501457.84,824714.93,656252.67,3048674.32,387127.69,667355.91,524033.23,3213495.00,381.94
2023-03-22,574.94,363.23,1099.84,4245384.36,502184.84,823986.05,656438.38,3037028.01,387856.16,666508.88,524193.71,3196918.94,375.43
2023-03-23,577.52,366.30,1106.96,4232810.24,502828.81,826131.27,657713.78,3031140.01,388472.22,668749.06,525490.95,3188191.99,376.44
2023-03-24,544.52,361.16,1067.57,4234814.33,496754.63,823482.61,652686.83,3032244.05,382142.50,665818.36,520058.36,3189509.69,378.91
2023-03-27,517.39,344.91,1016.96,4234344.90,491333.85,813745.75,645266.96,3031836.28,376508.27,655228.44,512088.75,3189053.37,379.62
2023-03-28,533.60,344.42,1032.16,4205615.33,494074.00,813524.56,646978.58,3017122.36,379320.59,654937.47,513887.56,3168172.44,378.77
2023-03-29,525.41,344.42,1024.24,4182578.02,492650.98,813524.56,646046.87,3005127.52,377843.53,654937.47,512887.03,3151339.73,384.27
2023-03-30,551.79,344.22,1049.67,4123885.19,497277.35,813570.95,649098.73,2974711.55,382604.49,654938.62,516118.76,3108424.25,386.52
2023-03-31,530.31,342.83,1027.11,4064836.79,493841.04,812741.76,646525.23,2943689.69,379070.26,654090.41,513400.77,3065124.61,391.97
2023-04-03,554.58,345.20,1054.16,4016095.48,498951.28,814071.53,650399.24,2918322.73,384325.86,655475.16,517503.23,3029460.87,393.47
2023-04-04,571.49,353.48,1082.89,4005631.82,502067.53,818570.27,654227.44,2912879.93,387542.54,660318.87,521580.98,3021810.97,391.28
2023-04-05,558.03,334.69,1041.34,4031602.47,498702.72,809288.87,648326.15,2927050.72,383982.21,650136.15,515163.48,3040885.96,390.26
2023-04-06,573.91,329.02,1047.35,4027184.50,501194.27,806188.85,648703.97,2924675.79,386533.64,646751.19,515533.91,3037485.60,391.78
2023-04-10,555.31,317.39,1011.86,4059351.82,497777.38,799686.80,643876.75,2941859.19,382977.06,639685.89,510346.22,3061175.41,392.18
2023-04-11,582.53,325.55,1049.66,4029387.53,501747.90,804237.73,648276.80,2925680.50,387063.98,644579.91,515021.53,3038655.93,392.29
2023-04-12,601.63,335.32,1082.63,4015600.32,505033.51,809773.54,652630.51,2918393.86,390438.61,650523.92,519641.29,3028341.66,390.69
2023-04-13,627.71,350.63,1130.81,3960387.79,510866.16,818218.17,659802.08,2888553.38,396390.17,659526.16,527197.32,2986455.91,395.88
2023-04-14,599.69,326.46,1066.59,4011798.74,505485.26,804816.27,650923.70,2916735.25,390817.90,645021.04,517694.38,3025490.02,394.91
2023-04-17,596.46,326.72,1064.15,4026502.34,504646.20,804672.86,650325.47,2924938.76,389904.42,644775.87,516990.98,3036630.14,396.33
2023-04-18,618.37,339.55,1104.59,3999254.40,508507.64,811440.52,655548.30,2910025.69,393878.90,652045.56,522540.42,3015865.82,396.59
2023-04-19,603.45,328.11,1072.64,4042913.26,507137.23,805725.09,652356.26,2934130.78,392497.53,645868.75,519149.11,3049139.54,396.52
2023-04-20,595.74,325.79,1062.01,4058489.47,505465.77,805054.43,651009.71,2943279.43,390771.38,644975.90,517648.70,3061035.92,394.36
2023-04-21,589.19,308.30,1027.66,4071455.94,505424.67,795586.76,647155.23,2950437.14,390740.91,634786.82,513539.71,3071058.83,394.66
2023-04-24,620.87,318.78,1072.76,4043557.11,510326.05,801120.70,652543.87,2934717.05,395368.06,640716.45,518978.90,3049177.76,395.07
2023-04-25,580.77,310.09,1023.48,4098507.61,502234.37,796549.57,645508.86,2965703.69,387372.35,635805.21,511742.08,3092201.77,388.80
2023-04-26,605.39,305.58,1037.75,4130347.43,505851.90,793914.04,646765.72,2983795.18,392264.83,632930.90,513816.98,3117035.91,387.16
2023-04-27,600.07,301.46,1026.18,4094939.48,504893.41,791638.70,645226.17,2963848.35,392237.65,631171.89,513085.20,3089078.39,394.86
2023-04-28,620.17,304.63,1048.77,4062122.39,508652.64,793398.40,648345.34,2945106.80,395240.60,632860.26,515735.52,3063119.25,398.23
2023-05-01,587.91,279.14,977.62,4087704.39,502852.66,778766.88,638670.65,2959753.24,390740.37,617989.42,506740.09,3083360.33,397.83
2023-05-02,583.45,284.27,982.89,4107594.85,502999.13,780074.92,639300.03,2971070.31,390831.30,619696.46,507498.92,3099239.08,393.36
2023-05-03,612.58,287.44,1012.90,4115223.11,510521.09,780932.93,644431.74,2975499.45,396915.41,620620.08,511827.27,3105256.22,390.66
2023-05-04,581.36,295.28,1000.91,4114348.72,505120.98,785022.54,642710.84,2975085.58,392621.99,624981.08,510857.32,3104351.88,387.89
2023-05-05,554.38,289.23,967.43,4066877.74,499725.74,779915.46,637187.79,2947294.42,388588.13,619461.56,505977.19,3065680.09,395.07
2023-05-08,523.89,281.79,928.38,4077858.34,493498.60,775684.52,631489.43,2953817.25,382938.94,614906.80,500439.14,3074596.02,395.18
2023-05-09,499.98,279.34,903.16,4086536.00,488995.30,774269.15,628032.04,2958924.11,378624.09,613371.99,496995.19,3081551.68,393.45
2023-05-10,503.00,277.36,902.68,4065105.64,489261.42,772373.80,627434.25,2946162.10,378593.42,611298.48,496135.01,3063782.49,395.29
2023-05-11,486.65,246.48,837.77,4094603.70,486882.01,752569.75,617864.70,2964174.06,376044.14,589874.86,485770.84,3088041.62,394.60
2023-05-12,481.77,238.11,819.35,4125003.11,486616.65,747916.07,615785.98,2982668.93,375744.43,584854.62,483510.14,3113411.78,394.08
2023-05-15,479.53,243.27,826.31,4105881.28,485746.06,751794.81,616831.88,2971055.32,374821.45,588990.74,484625.99,3097230.76,395.44
2023-05-16,475.75,241.76,820.49,4139275.98,485235.05,751021.73,616190.28,2991404.69,374305.61,588161.53,483951.37,3125500.11,392.80
2023-05-17,453.86,238.17,795.52,4124385.29,480108.60,749035.31,612120.39,2982345.84,368961.81,586020.55,479615.97,3112742.64,397.56
2023-05-18,459.21,237.23,798.65,4148171.63,482397.28,748907.85,613527.30,2997144.70,371253.33,585691.64,480970.76,3132668.35,401.39
2023-05-19,444.50,236.85,785.21,4162442.06,478637.62,747893.38,610720.94,3006067.25,367381.86,584676.18,478046.00,3144976.36,400.81
2023-05-22,454.71,241.56,802.03,4168824.58,481089.46,751166.29,613621.47,3010041.73,369902.11,588096.77,481084.09,3150368.73,400.97
2023-05-23,462.04,245.20,814.54,4164313.24,481177.30,750906.83,613571.51,3007151.33,369990.65,587954.04,481083.28,3146421.07,396.47
2023-05-24,486.02,252.01,846.99,4184949.86,485743.37,754151.01,617808.14,3020290.09,374701.40,591277.73,485505.65,3164399.12,393.60
2023-05-25,503.06,258.37,872.53,4232008.60,490074.86,759352.48,622693.26,3050647.07,379080.90,596537.99,490502.57,3205238.43,397.01
2023-05-26,479.36,250.22,838.21,4208487.98,484346.98,753312.35,616577.76,3035572.03,373142.24,590130.27,484026.11,3184145.90,402.15
2023-05-30,480.50,248.57,836.44,4207473.23,484549.48,751739.40,616062.93,3034914.01,373340.22,588477.09,483476.55,3183109.52,402.30
2023-05-31,481.19,247.59,835.39,4206130.55,484269.18,750069.70,615200.57,3034013.85,373018.10,586691.85,482534.62,3181743.20,400.07
2023-06-01,460.16,241.36,806.64,4174100.95,480000.06,746871.01,611177.12,3013189.26,368552.22,583219.19,478218.02,3156188.77,403.87
2023-06-02,474.33,246.37,827.43,4157943.09,485111.27,753524.55,617153.49,3002624.08,373725.24,590159.28,484419.48,3143187.87,409.71
2023-06-05,468.79,244.87,820.08,4162345.21,482966.09,751037.72,614770.56,3005453.45,371887.55,587559.78,482161.61,3146601.55,408.93
2023-06-06,472.52,245.30,824.05,4147340.87,484511.68,752425.38,616322.20,2995372.86,373440.33,588964.40,483744.55,3134883.83,409.82
2023-06-07,463.17,245.17,815.69,4129871.40,482318.86,750937.52,614318.16,2983746.70,371473.69,587579.88,481902.19,3121157.75,408.40
2023-06-08,431.84,232.93,767.73,4107307.36,476121.46,744466.57,607724.57,2968587.20,365975.24,580653.67,475495.45,3103732.68,410.87
2023-06-09,438.24,238.51,782.63,4130296.21,478984.33,749521.31,611614.81,2984117.35,368150.65,586473.41,479291.54,3121261.34,411.61
2023-06-12,428.81,242.30,780.42,4147116.98,479215.49,756683.10,614684.44,2995519.52,368205.66,592789.11,481908.08,3134044.77,415.34
2023-06-13,447.76,243.98,800.36,4132177.84,485819.14,761451.04,620856.25,2985354.00,373626.90,597182.32,487241.47,3122558.87,418.08
2023-06-14,438.48,230.13,769.36,4121789.09,484921.95,751209.63,616107.74,2978244.11,372159.04,588223.15,482629.47,3114500.30,418.58
2023-06-15,504.49,247.67,856.59,4040825.62,497736.15,768503.76,631340.09,2922058.74,381997.55,601768.47,494565.81,3052910.56,423.77
2023-06-16,551.08,268.90,932.86,4037541.46,504692.58,778583.80,639892.40,2919818.74,387336.60,609665.81,501267.24,3050453.36,422.33
2023-06-20,526.17,256.66,890.53,4046699.62,499847.60,771095.52,633743.77,2925999.18,383618.63,603801.50,496450.64,3057187.89,420.14
2023-06-21,558.96,273.49,947.48,4017241.52,503510.53,776836.38,638424.98,2905587.68,386431.14,608295.87,500118.16,3035095.33,417.98
2023-06-22,568.04,278.69,964.19,4065150.24,506000.07,780563.95,641534.99,2938596.84,388342.31,611214.45,502554.65,3070689.70,419.49
2023-06-23,533.30,261.32,904.66,4086287.13,500410.52,771764.60,634375.58,2953180.95,384051.10,604325.12,496945.73,3086167.61,416.32
2023-06-26,527.69,258.81,895.56,4072877.82,498535.90,768895.13,632008.03,2943865.56,382614.20,602076.22,495091.44,3075983.59,414.62
2023-06-27,525.84,260.56,897.01,4088469.06,500824.99,771963.87,634720.20,2954730.20,384370.10,604480.37,497215.95,3087671.35,419.16
2023-06-28,479.94,245.06,831.19,4117660.38,496051.71,765719.58,629128.42,2975006.19,380705.00,599591.39,492834.67,3109546.87,419.38
2023-06-29,481.72,249.82,840.80,4141821.07,497034.58,763699.64,628921.89,2991965.39,381459.96,598010.67,492673.70,3127741.35,421.03
2023-06-30,464.30,241.05,810.84,4109697.38,496331.74,762403.53,627943.53,2969221.90,380925.26,596131.27,491554.22,3103085.92,426.00
2023-07-03,464.19,241.31,811.17,4115740.66,496792.03,764097.56,628932.33,2973539.43,381280.46,597852.59,492493.08,3107662.80,426.49
2023-07-05,460.67,239.51,805.07,4112088.66,495362.42,764857.00,628339.95,2970885.55,380182.26,598105.53,491888.00,3104869.77,425.85
2023-07-06,464.57,235.35,801.49,4118148.01,492041.10,765881.14,626654.16,2975221.11,377627.73,595776.70,489277.82,3109453.58,422.52
2023-07-07,426.80,225.22,751.66,4123695.98,484173.18,750796.65,615472.78,2979181.68,370815.74,582615.43,479460.50,3113697.24,421.45
2023-07-10,417.83,218.38,732.35,4124406.50,482611.80,746135.37,612569.82,2979648.93,370096.59,579373.14,477661.46,3114223.31,422.52
2023-07-11,421.08,218.69,735.71,4123544.52,485331.48,745164.58,613897.33,2978970.09,371181.02,578610.68,478046.97,3113513.91,425.21
2023-07-12,437.26,210.57,736.19,4119703.89,487175.31,737271.50,611812.14,2976169.16,372595.01,572443.62,476409.90,3110586.47,428.63
2023-07-13,481.00,230.40,807.67,4128159.69,496583.65,747849.02,622108.60,2982227.30,380708.41,580626.67,485002.03,3116918.22,432.03
2023-07-14,458.62,210.01,753.14,4160179.11,492647.21,741107.75,616838.94,3005131.43,376668.21,574434.69,479842.42,3140856.81,431.76
2023-07-17,457.52,214.14,759.65,4169087.28,493005.83,742909.21,617813.15,3011435.07,377022.17,576044.62,480740.30,3147445.15,433.26
2023-07-18,462.53,217.28,769.38,4197137.54,495657.90,746666.37,621037.13,3031735.30,379740.85,579494.24,483913.03,3168662.23,436.48
2023-07-19,443.39,211.33,742.93,4191473.80,492674.91,741142.04,616870.93,3027594.28,376663.22,574481.04,479858.92,3164334.18,437.45
2023-07-20,417.92,202.32,705.74,4167360.31,487015.28,729680.34,608557.83,3010057.49,370796.83,564016.02,471751.44,3146005.35,434.55
2023-07-21,420.16,197.27,698.84,4172558.39,488585.18,729382.14,609414.33,3013816.96,372400.11,563763.12,472665.57,3149934.62,434.55
2023-07-24,430.25,210.81,731.21,4144955.93,489646.61,737201.26,613342.82,2993798.38,373475.78,571067.33,476410.18,3129011.91,436.49
2023-07-25,431.37,210.41,731.46,4145699.86,493281.49,738966.27,616353.62,2994261.27,377178.51,572876.80,479526.58,3129495.71,437.68
2023-07-26,449.02,212.71,750.43,4162209.57,496100.03,744126.72,620266.60,3006127.57,380043.85,578193.04,483572.98,3141897.94,437.75
2023-07-27,423.58,202.46,711.08,4161897.46,486822.24,735100.74,610704.86,3005880.99,370480.22,568719.23,473526.81,3141640.22,434.85
2023-07-28,424.51,203.34,713.41,4180420.29,490559.69,740055.26,615107.17,3019206.86,374295.87,573863.23,478106.78,3155567.95,439.11
2023-07-31,434.14,208.93,731.31,4163672.00,494160.74,740389.85,617503.88,3007048.15,377957.59,574191.78,480582.30,3142860.09,439.94
2023-08-01,418.27,190.73,686.09,4185709.65,490543.31,732952.35,612142.18,3022983.69,374228.98,566431.22,474964.11,3159515.36,438.68
2023-08-02,388.48,171.80,627.61,4164063.96,480861.84,717262.25,599549.51,3007404.77,364314.87,550123.73,461835.63,3143232.82,432.58
2023-08-03,416.66,178.35,662.35,4169554.67,488721.32,724461.80,607458.20,3011336.80,372268.39,557449.18,469951.80,3147342.44,431.34
2023-08-04,398.66,167.32,627.56,4143940.90,484662.78,714646.41,600820.83,2993012.23,368124.19,547274.89,463047.31,3128190.25,429.39
2023-08-07,414.76,171.11,647.34,4151490.72,488421.42,722896.19,606618.46,2998361.93,371951.35,555825.25,469071.54,3133781.57,433.14
2023-08-08,401.52,166.76,628.78,4118208.95,485375.01,716190.52,601913.11,2974647.17,368832.98,548848.79,464161.45,3108995.74,431.25
2023-08-09,419.25,167.13,643.36,4090251.26,489843.43,714495.75,603971.58,2954728.27,373379.02,547035.29,466255.12,3088177.21,428.37
2023-08-10,437.49,171.14,665.07,4141152.58,494013.10,716833.23,607530.11,2990569.07,377464.29,549338.66,469787.46,3125636.75,428.52
2023-08-11,448.50,172.10,675.31,4141409.12,496555.56,718793.78,609924.25,2990504.29,379749.92,551330.15,472061.34,3125569.04,428.28
2023-08-14,450.14,172.26,676.84,4145566.08,496965.52,717225.02,609510.45,2993502.35,380109.85,549708.08,471590.63,3128702.51,430.64
2023-08-15,448.71,172.27,675.79,4147688.18,496152.76,714270.00,607756.43,2995005.62,379335.48,546671.82,469807.87,3130273.67,425.62
2023-08-16,469.83,175.42,697.87,4159154.41,500795.65,717261.15,611872.60,3003243.65,383648.13,549599.74,473736.60,3138883.77,422.50
2023-08-17,465.34,177.31,698.31,4150175.17,500374.46,718922.60,612323.97,2996663.44,383190.18,551532.76,474286.96,3132006.37,419.28
2023-08-18,460.97,175.58,691.61,4141413.24,499763.97,717514.97,611350.97,2990281.90,382615.55,550389.08,473439.59,3125336.60,419.48
2023-08-21,469.96,184.23,715.40,4183802.18,502047.87,726856.65,616727.64,3021062.06,384762.99,559342.12,478618.85,3157506.93,422.21
2023-08-22,462.50,180.28,702.06,4165596.41,499921.87,721469.76,613136.47,3007656.36,382778.71,554062.41,475125.82,3143495.78,421.07
2023-08-23,405.95,162.87,625.23,4164349.84,484906.81,695384.54,592844.57,3006711.60,369400.76,530006.79,456508.87,3142508.34,425.76
2023-08-24,429.60,170.47,658.03,4150048.91,490733.93,704093.37,600119.00,2996335.52,374322.74,537457.32,462758.86,3131663.63,419.86
2023-08-25,434.84,172.67,666.28,4157647.75,492073.22,704384.63,601062.03,3001837.08,375568.80,538137.12,463821.75,3137413.67,422.82
2023-08-28,433.38,172.50,664.84,4182662.23,491639.11,704569.02,600875.57,3019896.44,375121.15,537675.63,463346.44,3156288.67,425.50
2023-08-29,409.97,164.18,630.85,4188880.31,486189.55,693726.65,592922.04,3024362.93,370368.44,528015.87,456249.00,3160956.89,431.65
2023-08-30,404.04,165.83,629.46,4193243.71,485084.61,695069.99,592822.36,3027416.84,369140.11,529156.08,455985.03,3164148.73,433.43
2023-08-31,388.95,162.77,611.91,4166223.58,481838.24,689256.55,588359.54,3007924.10,366023.97,524019.44,451847.24,3143775.61,432.79
2023-09-01,377.63,174.30,624.66,4178447.01,479129.30,698715.93,590742.96,3017016.91,363226.42,533513.55,454213.74,3153279.09,433.60
2023-09-05,371.30,186.19,640.74,4188235.29,477682.03,710359.58,594772.93,3023454.50,361728.22,545384.05,458330.04,3160007.43,431.73
2023-09-06,372.03,187.44,643.52,4174543.81,478305.71,711205.80,595515.47,3014185.23,362538.57,546452.01,459292.17,3150319.51,428.82
2023-09-07,377.28,185.79,645.22,4156285.09,478748.71,710102.56,595329.36,3001954.22,361847.14,544230.93,457920.78,3137536.10,427.51
2023-09-08,378.60,187.71,649.69,4146805.11,479319.57,711704.68,596355.88,2995534.18,362275.57,545589.80,458763.56,3130826.11,428.15
2023-09-11,362.49,182.37,626.62,4161377.08,475232.75,706425.52,591601.76,3005252.19,359187.07,541043.32,454896.54,3140983.02,430.97
2023-09-12,374.90,189.53,649.65,4134448.18,479461.52,712216.31,596658.66,2987276.14,362385.52,545986.37,458999.90,3122195.09,428.60
2023-09-13,382.59,191.14,659.08,4132370.20,481345.86,714041.99,598595.86,2985884.93,363809.74,547532.62,460551.82,3120741.05,429.10
2023-09-14,407.65,205.40,705.25,4135931.62,490239.97,726808.04,609477.18,2988294.77,370533.24,558725.57,469514.92,3123259.73,432.80
2023-09-15,413.43,208.36,715.33,4145711.62,492085.64,730351.28,612110.09,2994844.19,371928.66,562609.52,472030.91,3130104.95,427.59
2023-09-18,404.43,204.16,700.34,4134553.36,490505.76,726325.50,609440.47,2987401.14,370735.00,559341.48,469902.51,3122325.74,427.84
2023-09-19,415.03,207.72,715.61,4142666.89,491475.27,730200.41,611668.43,2992795.94,371468.58,562498.13,471693.35,3127964.19,426.95
2023-09-20,412.49,202.65,704.70,4135562.47,490256.94,727155.69,609635.05,2988070.22,370546.68,560067.03,470088.72,3123025.04,423.03
2023-09-21,403.66,210.38,710.59,4133533.51,488899.99,735804.09,612416.70,2986780.73,369525.46,567000.67,472350.79,3121677.30,416.03
2023-09-22,412.62,214.53,725.48,4111248.42,491527.25,739583.21,615634.91,2971816.32,371513.56,569665.71,474731.53,3106037.03,415.10
2023-09-25,442.85,225.71,770.96,4129752.39,495354.15,752019.14,623207.38,2984271.90,374406.41,580842.29,481236.83,3119055.17,416.84
2023-09-26,449.15,232.14,787.42,4108159.59,497634.14,757802.74,627038.08,2969672.03,376133.71,586255.79,484589.48,3103795.90,410.72
2023-09-27,478.54,246.75,837.98,4101599.74,504268.63,770646.17,636531.54,2965249.53,381156.09,598215.40,492767.57,3099173.66,410.88
2023-09-28,457.57,235.92,801.22,4104437.02,498825.62,761689.54,629397.26,2967222.75,377036.18,589513.59,486520.44,3101236.00,413.27
2023-09-29,430.40,229.85,767.12,4087209.93,493449.93,757527.72,624286.36,2955646.34,372976.86,587715.95,483159.62,3089136.75,412.26
2023-10-02,456.55,237.31,802.88,4075135.02,496551.94,766553.51,629967.72,2948401.34,375318.57,596461.73,488271.31,3081564.53,412.10
2023-10-03,464.53,243.84,820.95,4046635.16,498162.72,772630.91,633486.77,2930527.65,376309.25,602344.02,491323.37,3062883.59,406.58
2023-10-04,436.92,226.45,767.27,4005539.33,491079.17,758635.49,623245.40,2904622.52,370547.74,588455.71,481897.91,3035808.46,409.54
2023-10-05,427.77,224.50,755.93,4003019.29,488483.87,757245.57,621027.58,2903194.27,368441.90,586957.78,479915.24,3034315.71,409.39
2023-10-06,421.72,227.57,755.76,4070230.43,484890.13,761168.73,620351.87,2945131.70,365597.49,591005.43,479717.49,3078147.22,414.25
2023-10-09,386.94,218.70,709.87,4058537.42,478676.21,751551.51,612457.92,2937891.56,360708.39,581079.33,472481.39,3070580.08,416.90
2023-10-10,379.48,216.78,699.90,4087893.23,476924.57,750204.04,610788.28,2956258.41,358576.01,579706.25,470526.58,3089776.46,419.07
2023-10-11,374.60,211.14,686.30,4076272.07,475881.00,744608.47,607842.19,2949084.94,357499.09,573872.18,467452.36,3082279.00,420.79
2023-10-12,374.36,230.14,716.96,4086764.11,475933.66,763593.62,615624.84,2955806.54,357499.96,593286.62,475360.02,3089304.18,418.22
2023-10-13,372.18,226.49,709.18,4094583.16,475097.60,759272.29,613342.14,2960705.71,356637.73,588768.55,472976.77,3094424.62,416.14
2023-10-16,372.07,226.82,709.59,4134283.34,475021.59,760453.14,613770.02,2985594.48,356548.74,590011.76,473417.11,3120437.48,420.52
2023-10-17,370.31,231.70,715.56,4168289.73,474527.70,765344.36,615424.83,3007114.35,356042.26,595030.48,475094.34,3142929.28,420.50
2023-10-18,369.78,237.61,724.17,4157273.71,474361.07,770571.12,617418.23,3000058.85,355863.02,600370.79,477106.71,3135555.13,414.90
2023-10-19,379.99,241.70,740.40,4188606.35,477887.87,777147.89,622348.24,3020215.14,359335.31,607124.10,482117.75,3156621.77,411.25
2023-10-20,373.58,240.53,732.37,4150581.77,476153.89,776655.78,621022.13,2995761.90,357575.79,606507.70,480692.63,3131064.11,406.20
2023-10-23,360.81,232.07,706.96,4131796.07,471906.36,766724.05,614281.46,2983674.37,353317.65,597503.42,474262.30,3118430.65,405.49
2023-10-24,347.78,232.35,694.63,4123331.77,467760.61,765784.35,611206.76,2978230.93,349160.23,596007.26,470878.24,3112741.36,408.55
2023-10-25,367.66,243.05,730.48,4124884.60,474930.36,778896.13,621123.54,2979256.78,356457.19,608116.39,480582.03,3113813.54,402.69
2023-10-26,358.46,240.28,717.17,4064166.75,473279.23,777804.32,619608.52,2940546.86,354652.38,606982.28,478917.25,3073355.30,397.86
2023-10-27,362.48,239.43,719.93,4097074.84,476634.20,782463.03,623660.26,2961567.99,356991.56,611366.54,482226.27,3095325.84,396.06
2023-10-30,354.03,235.00,704.87,4118974.19,473432.58,775749.15,618890.00,2975266.50,354592.87,605045.66,478113.33,3109643.05,400.80
2023-10-31,361.48,245.88,728.60,4125948.60,473708.33,783967.46,622348.51,2979658.35,354757.41,612623.85,481218.45,3114233.25,403.31
2023-11-01,330.52,237.89,685.56,4109860.42,466750.89,772993.83,613422.55,2969452.57,349522.88,602201.23,473574.70,3103566.53,407.61
2023-11-02,315.67,226.44,653.66,4102766.80,464110.43,762301.16,607444.78,2964965.89,346760.50,592044.59,467709.68,3098877.21,415.43
2023-11-03,326.78,208.12,638.73,4107200.31,466479.41,748377.38,603447.46,2967529.25,349205.50,579088.26,464240.89,3101556.35,419.22
2023-11-06,328.07,210.33,643.38,4145187.52,466019.49,747072.65,602623.95,2991237.22,348724.93,577556.56,463307.48,3126335.07,420.18
2023-11-07,307.06,206.60,617.07,4126148.00,460069.52,743295.82,597253.62,2979307.08,342759.10,573567.46,457744.46,3113866.11,421.38
2023-11-08,311.42,210.56,627.37,4112079.15,460972.00,742413.77,597485.04,2970447.75,343639.45,572577.56,457937.30,3104606.65,421.68
2023-11-09,297.73,209.31,611.71,4154528.97,456744.29,743457.89,595165.33,2997314.89,339363.40,573545.60,455475.25,3132687.23,418.40
2023-11-10,279.37,209.91,593.74,4153560.71,452197.31,740158.98,590882.38,2996762.03,334818.98,570082.43,451050.50,3132109.40,424.93
2023-11-13,295.16,209.99,610.62,4167937.51,455654.98,738715.54,592565.27,3005951.17,338270.58,568572.41,452778.04,3141713.57,424.52
2023-11-14,277.82,205.42,586.04,4164600.86,452189.12,733637.03,588274.78,3003730.65,334747.29,563355.87,448342.99,3139392.76,432.76
2023-11-15,286.15,209.90,601.22,4188356.69,455170.40,739283.10,592477.70,3018719.80,337231.48,569095.72,452290.60,3155058.89,433.67
2023-11-16,265.95,207.72,576.88,4185781.62,450740.37,739935.02,589855.73,3017239.79,332919.27,569701.79,449639.69,3153512.03,434.20
2023-11-17,250.68,204.74,556.17,4195183.86,445541.47,729424.57,582264.68,3023208.76,330091.83,558864.97,443453.82,3159750.60,434.74
2023-11-20,257.26,201.56,559.17,4198715.34,447303.84,721124.03,580103.31,3025429.27,331517.40,550349.16,441032.80,3162071.39,438.09
2023-11-21,259.43,197.58,556.00,4202558.57,447669.85,718162.29,579149.37,3027947.37,331757.35,547251.53,439951.23,3164703.22,437.13
2023-11-22,239.79,194.78,531.00,4192210.22,443615.32,717150.36,576118.68,3021601.93,328021.65,546129.88,437023.36,3158071.19,438.82
2023-11-24,246.45,201.88,548.07,4221795.69,444486.12,722350.88,578773.03,3040204.60,328720.05,551424.77,439607.14,3177514.05,439.09
2023-11-27,246.41,206.03,553.65,4193591.70,444284.35,725462.93,579888.41,3022466.17,328251.54,554586.56,440554.18,3158974.47,438.30
2023-11-28,254.13,215.42,574.93,4205912.26,446262.18,733464.42,584377.10,3030246.80,329740.01,561165.80,444166.26,3167106.50,438.74
2023-11-29,251.01,215.67,571.74,4182813.25,446340.29,734412.97,584806.12,3015849.56,329791.35,561987.32,444525.95,3152059.01,438.43
2023-11-30,242.41,202.23,544.14,4192010.03,444266.36,727710.50,580778.90,3021721.43,328254.71,555808.34,441046.59,3158196.09,440.15
2023-12-01,270.36,212.48,589.30,4162774.67,454033.49,737592.36,591106.38,3003240.03,335476.04,564634.81,449399.92,3138879.98,442.76
2023-12-04,241.81,194.04,532.61,4146951.54,446328.95,721453.89,579624.42,2992709.75,329853.68,550263.13,439914.79,3127874.11,440.43
2023-12-05,230.06,186.85,509.80,4141873.35,442984.62,715847.85,575200.88,2989382.22,327435.21,544940.45,436174.43,3124396.29,440.35
2023-12-06,231.87,183.50,507.23,4148417.49,443135.53,714121.74,574605.38,2993704.41,327545.64,542640.11,435327.38,3128913.69,438.57
2023-12-07,234.96,188.46,517.48,4147244.69,442910.27,719945.61,576802.37,2993017.23,327381.21,548192.02,437445.09,3128195.47,441.92
2023-12-08,210.28,169.84,464.73,4151296.73,438275.76,703121.56,567045.10,2995732.70,323956.12,534108.31,429537.55,3131033.59,443.82
2023-12-11,213.35,165.95,462.80,4162472.84,440271.34,700041.22,567093.96,3003133.80,325431.55,531429.25,429438.43,3138768.95,445.54
2023-12-12,218.47,170.97,475.35,4189547.97,443194.12,706189.63,571466.68,3021011.88,327593.54,537681.29,433390.98,3157454.49,447.58
2023-12-13,237.36,186.17,517.04,4148719.65,448439.46,710230.41,576483.37,2993925.82,331476.53,541786.97,437614.16,3129145.10,453.75
2023-12-14,244.72,203.56,549.20,4096972.78,449716.08,717582.30,580287.65,2959770.38,332425.47,548820.69,441081.20,3093447.04,455.21
2023-12-15,238.39,193.47,528.48,4068131.72,447894.93,712475.35,577047.78,2941272.12,331076.54,543915.28,438215.08,3074113.32,454.46
2023-12-18,236.71,193.89,527.20,4088558.66,447828.57,709476.84,575790.75,2954187.57,331032.25,540846.84,436949.69,3087612.09,457.01
2023-12-19,259.29,207.85,571.32,4089136.81,455287.24,716503.47,583437.01,2954500.58,336546.54,547998.11,443477.77,3087939.24,459.79
2023-12-20,253.75,205.11,561.46,4074087.31,451280.18,710536.84,578440.28,2945008.91,333581.56,541867.30,439043.50,3078018.88,453.42
2023-12-21,274.35,213.33,595.50,4083158.12,459468.86,714402.38,585261.75,2950962.08,339635.18,545687.92,444575.05,3084240.92,457.72
2023-12-22,276.87,214.05,599.23,4088985.61,460643.58,714833.85,586186.66,2954647.98,340503.81,546106.65,445314.13,3088093.29,458.64
2023-12-26,288.54,218.19,617.65,4085944.03,464851.31,718141.53,590220.11,2952806.05,343613.01,549432.23,448703.15,3086168.17,460.58
2023-12-27,318.01,245.22,687.46,4073798.80,473498.37,727955.80,599742.72,2945065.11,350009.50,559411.60,456954.46,3078077.62,461.41
2023-12-28,305.75,235.24,660.20,4074866.34,470381.91,721995.61,595313.82,2945966.01,347706.10,553225.66,452924.37,3079019.21,461.58
2023-12-29,306.19,237.00,663.16,4080966.47,470686.29,719182.77,594346.77,2949741.43,347932.09,550360.07,451898.53,3082965.14,460.25
2024-01-02,272.68,215.17,596.33,4085423.61,459655.60,708970.16,583162.47,2952931.06,339777.43,539938.61,442324.33,3086298.84,457.67
2024-01-03,263.57,218.65,591.19,4039865.53,456446.27,708547.67,580952.88,2922426.82,337403.82,539467.84,440586.51,3054416.88,453.94
2024-01-04,261.38,210.15,577.25,4055137.39,455192.67,702478.34,577666.92,2932638.18,336476.75,533126.39,437391.68,3065089.44,452.47
2024-01-05,260.04,208.49,573.48,4057258.26,454670.34,702275.83,577252.22,2934031.69,335936.41,532880.14,436939.46,3066545.88,453.09
2024-01-08,262.12,217.28,587.86,4106605.49,455466.56,712370.55,581906.46,2967043.12,336819.20,542920.33,441629.83,3101048.25,459.56
2024-01-09,249.34,203.72,555.20,4086565.57,451333.90,706667.65,576937.27,2953674.34,333297.53,537795.69,437236.79,3087075.68,458.86
2024-01-10,252.01,205.13,560.08,4123445.74,452266.47,709681.66,578763.67,2978444.10,334189.37,540534.73,438935.21,3112964.16,461.46
2024-01-11,240.27,205.82,547.99,4118578.24,448401.73,712321.41,577367.21,2975200.43,330320.90,542875.59,437345.16,3109573.99,461.26
2024-01-12,238.20,208.61,549.33,4111256.94,447905.53,713895.55,577685.71,2970246.23,329810.48,544286.69,437575.66,3104396.04,461.58
2024-01-16,231.05,180.53,504.12,4133757.18,445485.94,700829.70,570838.93,2985316.01,327423.66,532485.81,431248.68,3120146.43,459.88
2024-01-17,234.78,177.82,504.41,4112197.62,446175.45,700302.77,571066.09,2970633.87,328077.39,532090.19,431518.99,3104801.18,457.32
2024-01-18,225.94,165.60,477.57,4153538.67,444234.52,702404.29,570680.83,2998887.25,326127.58,534108.90,431055.28,3134330.62,461.39
2024-01-19,224.42,165.38,475.64,4186294.56,445131.06,707390.05,573282.08,3021264.88,326996.24,539168.65,433671.09,3157718.92,467.14
2024-01-22,228.00,165.37,479.44,4218282.28,446759.07,709215.31,575070.04,3043192.12,328577.10,541003.67,435457.37,3180636.49,468.13
2024-01-23,225.74,162.60,473.04,4210186.50,446687.36,707709.54,574413.41,3037536.55,328497.06,539451.66,434779.72,3174725.49,469.50
2024-01-24,225.55,162.01,471.98,4206779.63,446746.93,709060.37,574999.91,3035160.02,329086.17,540802.46,435713.93,3172241.63,470.01
2024-01-25,224.70,159.69,467.72,4215418.51,448239.01,709569.16,576166.43,3041167.35,330175.49,541222.83,436604.41,3178520.27,472.57
2024-01-26,230.62,159.93,474.23,4208377.03,449548.31,709852.41,577122.91,3036304.32,331209.79,541487.02,437394.82,3173437.61,471.97
2024-01-29,216.29,159.93,459.50,4232238.02,448303.04,711398.86,576952.23,3052737.54,330541.55,543042.09,437581.64,3190613.02,475.70
2024-01-30,227.79,161.03,473.28,4214972.15,451480.37,713142.86,579703.99,3040839.89,332710.19,544793.92,439722.91,3178178.03,475.33
2024-01-31,217.88,158.96,459.95,4185441.56,444714.41,701055.56,570447.43,3020529.16,327430.90,532456.78,431255.37,3156949.97,467.58
2024-02-01,208.07,163.35,455.95,4209691.02,446361.58,710791.97,575465.11,3037141.76,328731.43,542276.66,436088.56,3174312.87,473.70
2024-02-02,209.44,149.39,437.97,4291077.92,450010.46,709369.85,577241.56,3088736.76,331637.40,540797.19,437421.18,3228238.14,478.69
2024-02-05,212.20,149.55,441.09,4332990.84,450566.57,702447.58,574781.77,3115441.75,332014.67,533751.95,434820.73,3256149.24,476.94
2024-02-06,209.94,150.50,440.15,4299932.01,450625.55,704710.95,575745.40,3093716.87,332163.57,536014.13,435839.68,3233443.17,478.33
2024-02-07,210.42,151.87,442.65,4325594.20,452629.78,709872.81,579134.36,3110528.54,333638.08,541249.35,438935.46,3251014.13,482.32
2024-02-08,218.92,156.58,458.44,4341533.37,455730.47,714753.65,583108.97,3120938.39,335922.34,546131.51,442417.69,3261894.13,482.53
2024-02-09,221.29,158.39,463.58,4356752.60,457662.39,718593.91,585911.40,3130941.84,337344.35,550018.10,444928.35,3272349.39,485.32
2024-02-12,216.60,156.22,455.48,4344397.26,456440.38,717536.91,584698.26,3122841.05,336444.17,548900.81,443882.81,3263882.73,485.10
2024-02-13,233.47,155.02,471.48,4407724.20,458051.55,710647.90,582923.40,3164563.29,337637.56,541879.81,441831.20,3307489.34,478.42
2024-02-14,217.99,152.11,451.41,4404827.14,455626.75,708078.40,580326.63,3162654.36,335847.48,539222.39,439576.56,3305494.19,482.77
2024-02-15,200.79,147.61,426.94,4372617.92,452626.35,706835.15,577906.38,3141123.63,333634.00,537855.75,437570.95,3282991.03,486.10
2024-02-16,196.29,145.86,419.63,4364463.44,450557.44,703281.05,575132.69,3135819.01,332110.98,534269.88,435113.57,3277446.83,483.68
2024-02-20,192.44,152.78,425.46,4381072.05,448068.79,704777.23,574156.10,3146782.91,330273.88,535759.40,434516.68,3288905.91,481.02
2024-02-21,196.96,156.16,435.17,4374336.79,450626.31,709605.87,577761.56,3142378.58,332157.05,540500.13,437677.89,3284302.66,481.45
2024-02-22,195.31,155.50,432.43,4417571.67,457574.82,720208.09,586532.17,3171071.56,337275.20,550958.25,445284.24,3314291.55,491.42
2024-02-23,198.18,157.32,438.12,4424187.96,456957.76,718354.34,585381.85,3175330.64,336817.97,549996.15,444593.63,3318742.99,491.76
2024-02-26,205.08,162.38,452.80,4430963.22,458775.84,722082.07,588065.22,3179817.72,338137.85,553659.50,446945.39,3323432.73,489.96
2024-02-27,208.24,163.39,457.69,4432519.21,460496.80,724645.44,590212.00,3180900.99,339549.77,556226.64,448914.68,3324564.92,490.87
2024-02-28,198.62,157.24,438.51,4419526.76,456119.23,717202.09,584375.42,3172240.90,336022.82,548631.98,443518.50,3315513.70,490.22
2024-02-29,196.75,157.67,437.05,4413409.06,456450.47,718747.10,585217.05,3168175.48,336143.71,550088.27,444186.92,3311264.67,491.98
2024-03-01,189.12,156.79,427.35,4436277.88,461245.79,721833.32,589547.53,3182966.09,340090.29,557665.22,449853.59,3326723.29,496.60
2024-03-04,199.72,163.93,449.07,4450299.55,467226.34,727813.42,595811.67,3191459.27,344227.48,561655.62,454199.30,3335600.06,496.07
2024-03-05,187.02,155.46,423.18,4415052.06,460472.87,713934.51,585824.76,3170209.21,338675.78,549064.32,445445.47,3313390.25,491.11
2024-03-06,199.06,158.06,440.33,4444288.03,465590.25,721595.71,592223.22,3187840.59,342909.82,555232.41,450731.92,3331817.94,493.60
2024-03-07,207.24,158.56,450.09,4472686.89,470126.52,723971.67,596083.24,3205022.44,346646.51,557150.22,453966.17,3349775.81,498.50
2024-03-08,206.50,160.78,452.44,4460605.07,468598.67,719758.71,593380.27,3197820.82,345045.31,552861.98,451170.68,3342248.93,495.50
2024-03-11,218.95,165.33,472.47,4451516.25,473239.23,727137.47,599359.99,3192429.44,349576.76,560355.76,457190.97,3336614.05,495.08
2024-03-12,223.46,169.94,483.93,4493571.97,478123.87,736260.22,606213.02,3217786.34,354318.54,569568.44,464050.01,3363116.18,500.40
2024-03-13,233.81,170.29,495.63,4496349.00,479814.39,739054.44,608435.06,3219399.68,355977.37,572435.42,466304.21,3364802.38,499.62
2024-03-14,234.78,169.62,495.69,4504848.36,480990.67,742609.79,610644.35,3224745.58,357078.51,575971.92,468465.82,3370389.74,498.63
2024-03-15,257.66,182.58,538.78,4518947.69,485112.53,750054.90,616321.85,3233321.92,361088.37,583500.17,474157.72,3379353.42,495.21
2024-03-18,262.31,184.80,546.92,4540795.64,490713.52,759623.10,623810.91,3246618.19,366564.64,593246.21,481713.12,3393250.21,498.15
2024-03-19,253.17,179.40,529.39,4562325.20,490248.08,759085.33,623294.26,3259767.92,366082.45,592658.87,481157.84,3406993.84,500.92
2024-03-20,265.18,190.91,558.93,4601167.20,496805.24,766389.97,630461.57,3283579.84,373994.39,601708.76,490030.97,3431881.21,505.55
2024-03-21,265.14,179.05,541.53,4604154.83,502411.23,774852.71,637499.54,3285563.23,377254.45,608277.45,494841.51,3433954.18,507.22
2024-03-22,266.01,179.10,542.49,4609348.73,501302.62,774675.91,636723.46,3288767.69,376241.85,607645.19,493920.22,3437303.37,506.26
2024-03-25,291.88,194.11,591.60,4616112.16,509171.53,788077.86,647228.44,3293017.07,382107.48,618044.05,501996.66,3441744.67,504.86
2024-03-26,286.74,190.83,581.40,4619819.85,510058.48,788648.32,648026.41,3295355.81,382810.55,618584.14,502677.84,3444189.04,503.93
2024-03-27,297.17,195.80,599.54,4651029.36,515273.83,796140.89,654417.75,3314828.14,386695.25,624401.01,507591.85,3464540.82,508.17
2024-03-28,303.69,196.98,607.93,4652559.94,517146.96,798291.27,656491.01,3315739.67,388061.18,626017.15,509145.24,3465493.52,508.07
2024-04-01,329.65,214.29,660.62,4671549.31,524519.11,809573.71,665809.46,3327762.70,393574.18,634822.94,516342.75,3478059.57,507.18
2024-04-02,343.08,223.41,688.14,4620752.68,523586.93,808329.58,664706.22,3298885.97,392906.47,633965.98,515556.24,3447878.64,503.96
2024-04-03,329.15,223.66,674.55,4595966.41,518041.91,803934.44,659379.34,3284624.77,388700.72,630466.54,511374.02,3432973.33,504.51
2024-04-04,319.56,221.70,661.77,4549868.41,514483.67,798587.58,654922.11,3259090.18,386033.35,626268.36,507916.84,3406285.49,498.36
2024-04-05,356.45,243.09,731.90,4603385.00,523396.66,813694.74,666789.78,3289189.68,392698.05,638043.71,517076.35,3437744.42,503.56
2024-04-08,364.38,247.17,746.18,4609058.77,524462.63,814707.39,667883.70,3292383.11,393517.59,638907.44,517965.90,3441082.08,503.84
2024-04-09,358.68,246.07,738.69,4602993.40,522860.18,813280.33,666278.43,3289033.26,392285.73,637737.55,516680.96,3437580.94,504.43
2024-04-10,427.81,286.22,870.12,4609541.08,536767.40,829996.33,681986.66,3292887.94,402753.57,650961.06,528931.28,3441609.71,499.38
2024-04-11,430.99,290.03,879.15,4652287.86,538409.57,830734.57,683333.19,3317252.92,403968.39,651504.81,529949.89,3467075.12,503.14
2024-04-12,447.92,308.35,924.19,4591283.73,540977.37,834696.59,686592.18,3282715.09,405899.16,654668.49,532503.05,3430977.41,496.20
2024-04-15,488.26,336.55,1008.07,4591260.06,549394.88,841757.35,694837.78,3283029.72,412180.86,660203.16,538874.49,3431306.25,489.98
2024-04-16,470.47,333.39,984.97,4576122.96,547098.12,836968.67,691408.95,3274344.17,410524.20,656610.95,536325.53,3422228.42,489.09
2024-04-17,451.66,313.11,935.32,4521688.97,541825.41,827500.45,684166.40,3243425.93,406528.21,649111.86,530652.61,3389913.77,486.19
2024-04-18,487.19,337.08,1007.91,4538747.99,550023.25,838252.37,693786.90,3253420.00,412636.27,657443.94,538044.88,3400359.22,485.19
2024-04-19,513.75,347.53,1051.00,4511213.19,554220.96,842841.93,698333.65,3237962.56,415718.30,660885.74,541462.61,3384203.65,480.96
2024-04-22,480.03,326.82,985.19,4540999.14,547612.44,836552.54,691564.66,3254906.79,410818.97,656050.87,536291.37,3401913.16,485.39
2024-04-23,438.30,315.02,924.59,4582782.10,540053.37,825660.29,682289.37,3278539.69,405150.42,647529.92,529108.71,3426613.43,491.15
2024-04-24,478.07,344.34,1009.57,4617130.54,549888.72,840697.69,694715.36,3297961.42,412463.44,659181.38,538644.27,3446912.32,490.92
2024-04-25,465.38,342.72,993.80,4591647.48,546412.60,834356.05,689899.30,3283892.66,409790.16,654310.57,534908.65,3432208.16,489.05
2024-04-26,480.76,358.18,1032.63,4635623.58,549910.15,840195.14,694521.37,3308831.50,412478.73,658943.24,538557.02,3458273.36,493.68
2024-04-29,404.83,317.82,892.89,4596446.17,530490.77,816194.31,672338.53,3286651.29,397807.11,640358.57,521384.28,3435091.39,495.43
2024-04-30,451.40,329.06,960.04,4580625.24,541020.15,828222.89,683965.20,3277717.24,406436.77,649982.66,530957.50,3425753.83,487.58
2024-05-01,431.84,314.54,918.07,4550854.44,537374.71,820301.88,678390.22,3260572.97,402966.43,643842.74,526182.93,3407835.25,486.00
2024-05-02,367.96,257.91,767.52,4531049.95,524415.40,796840.80,660509.04,3249328.30,390205.34,624408.52,509910.04,3396082.72,490.55
2024-05-03,340.47,246.40,721.72,4544325.31,518561.68,789511.59,653784.99,3256913.71,384293.81,618332.84,503566.73,3404010.71,496.63
2024-05-06,340.47,258.79,739.87,4558022.70,518561.68,792388.10,654975.99,3264806.26,384293.81,620874.89,504601.84,3412259.73,501.76
2024-05-07,340.50,271.58,758.19,4575794.06,518618.45,798699.47,657620.28,3275126.42,384335.88,626462.12,506899.91,3423046.00,502.31
2024-05-08,340.58,272.65,759.76,4589497.67,518731.90,802949.66,659441.94,3283207.97,384419.95,630173.69,508456.96,3431492.55,502.36
2024-05-09,340.76,264.38,748.45,4569788.36,519033.08,797967.21,657587.40,3272075.27,384647.67,625665.53,506788.85,3419857.05,505.25
2024-05-10,336.32,262.49,740.88,4593787.88,518110.02,798042.73,657033.78,3285951.32,383730.58,625714.86,506204.68,3434359.80,505.90
2024-05-13,336.33,282.98,769.82,4566197.22,518225.44,801102.95,658366.72,3270092.37,383816.76,628987.35,507585.24,3417784.58,505.97
2024-05-14,337.86,275.04,760.77,4575816.30,518995.68,799064.68,658018.43,3275670.72,384565.21,626830.79,507209.98,3423614.88,508.29
2024-05-15,362.09,254.55,759.72,4558284.70,523942.33,787471.07,656380.70,3265593.46,389649.91,614744.40,505673.19,3413082.49,514.59
2024-05-16,351.96,265.98,766.14,4544460.78,522296.62,791542.83,657046.81,3257940.15,387961.28,619084.14,506362.35,3405083.52,513.53
2024-05-17,378.49,278.54,813.10,4549891.42,525674.11,794537.56,660414.19,3261091.54,391022.92,625757.65,511089.56,3408377.24,514.27
2024-05-20,381.35,298.09,844.71,4570875.80,526453.19,802539.01,664228.95,3273154.04,391704.09,633153.30,514554.93,3420984.53,514.86
2024-05-21,379.31,300.27,845.55,4563219.09,526153.06,804121.37,664694.44,3268866.34,391427.71,634225.56,514809.11,3416503.18,516.12
2024-05-22,346.18,285.89,788.38,4545710.43,521307.61,798340.09,659244.35,3259026.24,386959.72,628859.73,509693.18,3406218.66,514.63
2024-05-23,323.61,282.11,757.47,4563029.63,516104.65,794903.32,654535.54,3269294.70,382202.80,625649.91,505259.55,3416950.89,510.88
2024-05-24,345.69,289.07,792.65,4585912.03,521360.96,799117.06,659603.46,3282297.94,386932.83,629304.69,509861.78,3430541.41,514.26
2024-05-28,382.07,301.61,851.54,4602052.46,524917.29,803039.35,663471.87,3291410.02,390234.60,633992.58,513936.21,3440065.04,514.62
2024-05-29,352.22,307.80,827.01,4609316.27,518304.44,804292.53,659810.38,3295704.36,383941.54,634980.68,510192.76,3444553.33,511.01
2024-05-30,328.18,267.73,744.97,4588089.87,516488.57,785204.98,650825.23,3283568.31,382152.04,618046.46,502200.65,3431869.16,507.62
2024-05-31,311.57,257.24,711.52,4577371.01,514894.42,780019.47,647671.80,3277404.03,380538.58,614207.20,499580.68,3425426.48,512.25
2024-06-03,340.48,257.78,745.27,4526019.54,520187.50,782323.53,651957.38,3248006.46,385765.47,616607.44,503987.82,3394701.17,512.66
2024-06-04,332.98,237.35,707.53,4480195.97,518798.78,773966.59,647604.95,3221767.03,384254.21,607763.80,499386.42,3367276.66,513.24
2024-06-05,334.08,241.61,715.06,4526643.48,519266.92,777619.55,649425.42,3248106.90,383970.89,611571.41,500766.63,3394806.15,519.34
2024-06-06,318.26,236.31,690.27,4555015.87,515989.25,771660.93,644887.64,3264201.63,381314.29,605249.20,496445.91,3411627.80,519.33
2024-06-07,268.51,218.56,610.40,4521609.61,506038.86,773002.56,639230.21,3245300.98,373483.10,606554.05,491883.21,3391873.51,518.69
2024-06-10,243.20,213.28,574.26,4575073.66,501045.90,769786.57,634746.92,3276027.02,369369.17,603092.24,487770.49,3423987.27,520.30
2024-06-11,245.98,213.57,577.94,4531558.42,501949.94,770310.56,635535.60,3251047.05,369594.26,603622.29,488133.45,3397879.09,521.55
2024-06-12,232.28,199.90,543.35,4576060.09,499664.97,764579.36,631724.83,3276804.61,368032.94,599059.87,485257.65,3424799.98,525.83
2024-06-13,234.81,203.02,550.55,4531131.61,500811.99,766418.34,633209.63,3251137.16,368491.80,599425.47,485708.24,3397973.27,526.89
2024-06-14,204.55,208.30,522.23,4505003.33,494880.41,769145.61,630586.42,3236516.00,362876.42,602141.82,483107.94,3382691.76,527.21
2024-06-17,197.40,204.67,508.56,4547002.36,494529.34,770523.30,630927.50,3260484.46,362597.07,603572.26,483495.82,3407742.74,531.41
2024-06-18,202.63,211.86,524.23,4548749.93,496770.19,774668.93,634054.23,3261611.61,364859.06,608143.57,486834.85,3408920.80,532.76
2024-06-20,189.42,209.06,503.67,4572990.05,492713.64,772260.10,630479.65,3275606.33,362377.29,607763.41,485026.97,3423547.58,531.31
2024-06-21,190.53,214.44,511.61,4539230.93,492758.72,774394.95,631379.94,3256481.40,362013.74,609595.79,485514.84,3403558.89,530.60
2024-06-24,192.17,216.87,516.73,4537788.76,492837.50,774290.54,631387.85,3255767.25,361952.25,609438.86,485411.11,3402812.48,528.88
2024-06-25,192.14,218.19,518.26,4533266.74,493604.16,776388.99,632734.53,3253184.58,362209.75,611648.16,486463.62,3400113.17,530.91
2024-06-26,190.70,218.13,516.25,4551998.89,494522.58,777329.77,633706.53,3263940.94,362850.69,612614.50,487278.31,3411355.33,531.57
2024-06-27,197.67,221.29,529.42,4566959.16,497347.01,779443.93,636377.98,3272643.54,365346.17,614794.28,489820.82,3420450.97,532.41
2024-06-28,189.79,213.18,509.16,4595782.67,493962.71,774251.04,632092.93,3289354.50,362637.06,609263.05,485801.34,3437916.68,530.32
2024-07-01,200.90,210.09,520.38,4661227.12,499068.55,774113.94,635303.77,3326801.17,366837.82,609042.91,488527.32,3477054.62,531.41
2024-07-02,195.07,208.50,510.86,4661581.63,498467.43,776132.52,635749.48,3327108.94,366240.99,611144.09,488972.60,3477376.29,534.99
2024-07-03,194.59,208.26,509.94,4678556.23,499484.22,777933.92,637135.67,3336815.20,367410.02,612971.49,490484.05,3487520.92,537.37
2024-07-05,188.45,201.50,493.62,4689904.60,498690.70,776845.74,636183.95,3343353.54,366511.73,611758.20,489399.03,3494354.56,540.47
2024-07-08,184.79,199.75,486.68,4661537.93,497100.14,776245.29,634923.55,3327680.16,365511.14,611159.51,488491.52,3477973.30,541.10
2024-07-09,181.82,201.61,485.03,4665971.08,496558.75,777483.72,635084.28,3330142.91,365085.15,612448.42,488721.97,3480547.28,541.62
2024-07-10,189.69,206.47,501.37,4700724.52,502224.93,784374.98,641522.27,3349636.42,369795.16,620148.15,494946.61,3500921.21,546.98
2024-07-11,170.31,181.63,445.60,4674014.55,493753.48,768265.77,629524.05,3334848.88,362435.15,603854.15,483518.96,3485465.80,542.26
2024-07-12,171.93,180.72,446.61,4663165.10,494245.05,769460.32,630326.83,3329105.70,362792.50,603398.36,483574.85,3479463.23,545.68
2024-07-15,164.45,173.12,427.51,4678070.74,493923.17,767384.07,629271.17,3337480.55,362449.76,601762.38,482690.87,3488216.32,547.19
2024-07-16,156.60,176.83,421.87,4690526.21,495405.61,771283.52,631814.32,3344346.15,363915.85,604809.95,484889.38,3495392.00,550.43
2024-07-17,157.55,166.80,411.20,4618931.72,489499.89,762688.97,624528.18,3304944.97,358244.89,598108.05,478424.79,3454211.28,542.71
2024-07-18,149.18,151.08,380.90,4595063.09,484895.05,751671.93,617079.99,3292002.57,353936.25,588925.08,471875.05,3440684.35,538.54
2024-07-19,145.28,143.45,366.29,4557160.37,480501.83,743694.89,611010.22,3271405.83,349390.76,582279.21,466182.48,3419157.37,534.97
2024-07-22,148.27,149.24,377.45,4608898.27,482331.90,750118.26,614812.47,3299863.23,351157.94,587297.01,469370.10,3448900.03,540.48
2024-07-23,147.96,143.90,370.32,4592610.28,483747.17,748981.56,615248.64,3290907.10,352540.04,586399.29,469935.05,3439539.40,539.63
2024-07-24,149.99,145.93,375.45,4533702.76,485490.97,741736.06,613381.66,3258685.85,354205.02,580740.01,468777.11,3405862.90,527.40
2024-07-25,150.71,140.35,369.18,4502649.25,485608.15,738338.84,612051.01,3241565.18,354567.28,577676.63,467780.44,3387968.98,524.66
2024-07-26,151.16,141.38,371.10,4524200.28,485435.39,737712.98,611682.73,3253730.76,354656.19,576895.05,467522.64,3400684.01,530.53
2024-07-29,154.73,144.24,379.23,4495201.03,487429.88,735897.59,612186.70,3237862.99,356005.92,575250.78,467746.01,3384099.58,530.84
2024-07-30,156.36,146.29,383.92,4486682.29,488297.13,737742.66,613498.76,3233306.20,356797.23,576922.41,468945.46,3379336.99,528.15
2024-07-31,158.72,150.06,391.77,4556838.67,486180.14,738849.15,612628.93,3271518.61,354031.77,574821.43,466274.24,3419275.25,536.74
2024-08-01,177.77,166.00,436.08,4467371.94,493231.75,749170.59,621350.85,3222942.26,359169.68,583134.93,473029.45,3368504.96,529.14
2024-08-02,219.98,209.54,545.05,4336050.56,507444.22,774712.38,640894.95,3151372.47,369528.26,603015.90,487914.18,3293702.76,519.29
2024-08-05,238.55,225.52,588.83,4212831.07,514632.15,786896.59,650473.88,3083768.43,374769.13,612504.16,495212.71,3223045.41,504.16
2024-08-06,212.89,204.59,529.84,4262066.38,505735.90,774944.36,639911.58,3109861.21,368289.65,603197.00,487169.34,3250316.66,508.81
2024-08-07,194.85,186.93,484.52,4272209.65,499270.60,764573.04,631539.22,3115309.71,363711.48,595202.93,480913.17,3256011.24,505.41
2024-08-08,179.46,169.21,442.42,4333768.07,490823.26,753311.80,621545.70,3147784.89,356651.51,585081.27,472156.63,3289953.15,517.09
2024-08-09,183.61,172.43,451.75,4343202.89,492188.25,755891.36,623474.14,3152959.47,357807.93,587413.01,473862.95,3295361.44,519.37
2024-08-12,180.12,168.05,441.71,4344509.63,490790.78,753572.59,621632.74,3153926.34,356757.80,585285.51,472309.47,3296371.98,519.65
2024-08-13,188.59,177.59,464.64,4361965.57,494327.55,759331.20,626247.75,3163207.80,359951.29,590537.21,476542.38,3306072.63,528.19
2024-08-14,187.47,176.74,462.16,4376084.81,493891.59,758622.12,625679.19,3170764.29,359551.76,589886.15,476015.22,3313970.40,529.86
2024-08-15,161.41,147.17,391.38,4459672.54,482675.05,739825.63,610823.16,3215043.32,349516.63,572924.41,462528.66,3360249.27,538.94
2024-08-16,172.66,158.18,419.64,4455803.49,487820.29,747966.62,617439.53,3213450.89,354073.74,580237.19,468495.81,3358584.92,540.15
2024-08-19,182.64,163.85,439.29,4461625.49,492038.38,752313.90,621903.29,3216498.50,358174.96,584330.20,472861.48,3361770.17,545.31
2024-08-20,199.67,181.22,483.06,4429343.62,499394.21,764150.47,631444.31,3199506.72,365302.29,595990.90,482284.35,3344010.97,544.43
2024-08-21,206.52,188.23,500.69,4445909.82,502387.24,768963.73,635325.21,3208439.33,368183.87,601031.04,486225.81,3353347.01,546.30
2024-08-22,193.16,174.45,466.18,4456847.50,497096.41,760450.47,628462.92,3214160.83,363031.28,592198.31,479250.77,3359326.93,542.01
2024-08-23,207.41,189.06,502.88,4471659.17,502695.61,769401.06,635700.90,3222348.18,368425.42,601282.98,486487.26,3367884.05,547.77
2024-08-26,201.93,183.46,488.80,4484291.25,500449.91,765778.27,632784.34,3229080.68,366223.95,597498.78,483502.93,3374920.62,546.46
2024-08-27,209.34,190.81,507.55,4477313.80,503904.44,771321.41,637258.58,3225545.08,369553.11,603218.15,488014.66,3371225.34,547.21
2024-08-28,204.15,185.56,494.27,4469129.36,501919.06,768136.37,634687.45,3221305.73,367605.64,599874.47,485376.24,3366794.52,544.04
2024-08-29,196.21,177.46,473.88,4484471.86,498417.57,762510.77,630149.47,3229410.85,364197.62,594010.36,480753.90,3375265.70,544.09
2024-08-30,183.97,164.45,441.73,4525053.59,493673.64,754589.39,623877.42,3251327.73,359512.07,585641.38,474274.69,3398172.45,549.28
2024-09-03,191.84,173.53,463.37,4424654.09,496821.37,760719.60,628400.55,3195895.05,362469.38,591750.27,478698.97,3340236.17,537.98
2024-09-04,212.79,192.07,513.43,4425069.14,505565.53,774580.38,639655.45,3195922.00,370689.01,604311.66,489207.44,3340264.35,536.88
2024-09-05,220.82,198.79,532.09,4432691.87,508307.15,779194.78,643295.15,3200293.22,373787.21,609660.24,493416.74,3344832.99,535.57
2024-09-06,230.84,206.29,554.21,4352669.48,512710.06,785665.54,648752.33,3155528.02,377999.27,616083.02,498795.87,3298045.99,526.56
2024-09-09,221.16,197.57,530.87,4419117.92,508463.50,779439.53,643495.14,3192825.43,373870.75,609767.91,493515.50,3337027.92,532.45
2024-09-10,234.71,211.53,565.89,4436630.86,514894.71,789843.05,651859.21,3202908.83,380083.59,620163.64,501822.92,3347566.73,534.77
2024-09-11,223.36,203.28,541.16,4467455.57,510066.27,783236.57,646076.63,3220420.44,375374.14,613491.42,496014.48,3365869.25,540.26
2024-09-12,218.39,198.97,529.42,4503715.33,507821.22,779849.90,643257.98,3241069.35,373177.13,609971.61,493140.03,3387450.76,544.81
2024-09-13,224.15,206.62,546.57,4554675.73,511182.83,785087.36,647547.11,3270338.58,376388.75,615282.76,497408.98,3418041.91,547.65
2024-09-16,225.95,209.82,553.01,4582674.87,511387.95,787428.78,648642.64,3286337.34,376569.67,617601.88,498465.94,3434763.25,548.46
2024-09-17,213.51,197.50,521.54,4574897.21,505509.37,778452.40,641217.32,3281933.47,370827.99,608574.09,491022.65,3430160.48,548.69
2024-09-18,206.14,189.78,502.35,4561549.99,502251.48,775707.05,638020.39,3274462.24,367614.63,605802.12,487776.93,3422351.82,547.06
2024-09-19,204.86,186.59,496.57,4642222.68,502488.04,768447.24,635185.04,3320700.03,367820.83,598575.17,485004.25,3470677.92,556.39
2024-09-20,195.38,176.77,472.01,4623157.96,500599.09,762208.96,631412.92,3309949.96,365931.88,592203.66,481177.57,3459442.33,555.43
2024-09-23,198.40,180.92,481.20,4638683.24,501060.04,764765.31,632762.46,3318929.18,366369.75,594754.41,482501.73,3468827.09,556.82
2024-09-24,209.90,186.30,502.29,4694945.99,504969.95,768712.79,636864.33,3351275.45,370179.13,598893.52,486689.12,3502634.26,558.41
2024-09-25,203.15,168.09,469.67,4666110.46,503757.59,756666.88,631109.92,3334756.38,368968.32,586293.17,480773.35,3485369.12,557.18
2024-09-26,216.19,172.48,490.89,4763160.99,508255.69,760237.62,635416.65,3390788.46,373355.92,590005.03,485153.82,3543931.86,559.39
2024-09-27,211.38,191.38,512.31,4732268.84,506802.66,772431.07,639604.10,3372879.81,371892.11,602638.83,489397.06,3525214.37,558.58
2024-09-30,198.20,175.49,475.07,4719190.18,502544.99,762102.23,632641.08,3365299.01,367715.95,591854.88,482270.45,3517291.19,560.82
2024-10-01,186.88,179.80,467.33,4671394.81,500324.10,764628.86,632291.88,3339129.75,365522.16,594441.22,481885.58,3489940.00,555.79
2024-10-02,191.83,163.86,452.81,4675379.72,501267.58,754830.54,628836.80,3341283.28,366429.13,584212.07,478337.28,3492190.80,556.03
2024-10-03,184.48,154.86,431.70,4579939.24,499193.68,749223.93,625200.57,3288062.95,364379.88,578320.56,474587.82,3436566.80,555.01
2024-10-04,184.03,146.16,419.04,4569328.72,498717.39,742577.50,622129.21,3282083.81,363885.73,571368.08,471413.31,3430317.61,560.06
2024-10-07,180.81,145.32,414.17,4494442.77,497845.95,741920.68,621310.52,3240837.85,363007.49,570651.40,470548.78,3387208.80,554.99
2024-10-08,164.85,144.17,394.27,4522100.40,492061.64,740847.33,617251.69,3255910.24,357366.35,569548.74,466438.00,3402961.92,560.24
2024-10-09,172.24,144.19,403.12,4518266.55,495409.27,741131.66,619469.80,3253932.54,360609.43,569819.07,468665.14,3400894.91,564.12
2024-10-10,174.52,144.21,405.82,4503415.39,496321.56,741096.68,620025.55,3245812.28,361768.50,569762.67,469395.14,3392407.89,563.13
2024-10-11,179.36,144.28,411.56,4555939.54,499021.24,741977.49,622080.29,3275067.94,364117.48,570560.96,471247.87,3422984.88,566.51
2024-10-14,185.36,144.27,418.42,4578345.64,502383.96,743199.59,624688.58,3287426.15,366855.94,571831.99,473544.86,3435901.24,571.14
2024-10-15,182.58,144.32,415.34,4575888.34,499568.74,741256.58,622121.70,3286255.58,364381.54,569781.89,471098.99,3434677.80,566.70
2024-10-16,179.32,144.32,411.63,4598858.97,498783.65,742227.30,622040.21,3299049.23,363847.61,570775.29,471164.51,3448049.27,569.17
2024-10-17,192.58,144.35,426.90,4570399.84,505252.50,742603.77,626231.67,3283286.95,368932.07,571119.25,474598.54,3431575.09,569.21
2024-10-18,192.89,145.12,428.40,4632227.76,506610.03,746291.25,628627.77,3318020.02,369559.63,574831.00,476544.42,3467876.86,571.40
2024-10-21,205.48,146.48,444.38,4530457.13,511801.21,746725.81,632031.53,3261099.40,373159.75,575235.46,479033.23,3408385.45,570.47
2024-10-22,211.34,149.65,455.53,4516435.05,514582.95,751820.28,635905.13,3253188.16,375191.02,580430.49,482500.13,3400116.91,570.16
2024-10-23,205.74,148.14,447.19,4451814.35,510437.84,745485.27,630664.79,3217328.87,372164.45,574510.57,478093.47,3362638.05,564.95
2024-10-24,202.82,140.90,433.09,4487298.10,510818.12,743023.47,629858.39,3237012.12,372441.22,573045.90,477661.81,3383210.29,566.17
2024-10-25,210.96,147.73,452.28,4447781.83,514903.00,748778.77,634816.18,3215497.22,375419.32,576901.18,481178.33,3360723.67,565.98
2024-10-28,209.81,150.85,455.81,4512531.93,514805.65,752260.59,636232.11,3251158.49,375349.39,579603.86,482260.63,3397995.57,567.73
2024-10-29,219.09,154.60,471.57,4534704.95,519673.21,758161.88,641735.48,3263752.20,378900.47,584189.35,486449.58,3411158.07,568.65
2024-10-30,209.23,148.70,451.96,4508903.92,517065.52,755518.82,639006.80,3249457.22,376998.92,582123.88,484368.98,3396217.46,566.93
2024-10-31,199.71,142.59,432.38,4422779.13,509386.92,742043.63,628563.51,3201685.52,371393.52,570248.92,475827.66,3346288.17,555.81
2024-11-01,210.23,155.43,463.24,4406944.00,513126.15,750501.10,634452.57,3193317.87,374647.42,576991.03,480724.98,3337542.60,558.16
2024-11-04,197.44,143.21,430.94,4419138.29,507426.69,741487.76,627119.23,3200249.53,369508.92,569497.70,474306.71,3344787.33,556.96
2024-11-05,188.42,134.21,407.56,4481552.98,503820.75,735754.43,622466.47,3234753.81,366136.54,564696.56,470142.97,3380849.98,563.69
2024-11-06,212.80,153.12,462.64,4446991.02,508817.78,738117.83,626553.11,3215799.87,371303.29,565868.42,473948.02,3361039.99,577.71
2024-11-07,192.29,138.09,417.63,4560795.64,500505.07,726177.34,616367.16,3279401.78,365043.59,553681.68,464849.38,3427514.46,582.17
2024-11-08,193.12,134.30,412.81,4552600.62,501260.07,723860.31,615848.72,3275192.29,365984.68,551198.24,464406.08,3423114.84,584.70
2024-11-11,197.24,142.43,429.71,4524525.12,503108.36,730733.34,619907.86,3259237.11,367311.88,558252.62,468219.93,3406439.05,585.25
2024-11-12,210.18,153.23,460.10,4430502.32,508262.44,738829.97,626517.50,3206125.35,371489.20,566535.37,474355.86,3350928.52,583.44
2024-11-13,222.54,160.76,484.92,4397487.76,513799.43,745221.24,632639.98,3188002.27,376235.19,573032.33,480105.88,3331986.92,583.72
2024-11-14,226.66,163.36,493.35,4397733.50,514042.34,745510.50,632912.31,3188167.76,376530.30,573328.69,480418.31,3332159.89,579.97
2024-11-15,230.14,157.16,487.76,4370661.07,513577.69,737901.85,629396.53,3173290.54,376009.85,565492.76,476803.25,3316610.75,572.54
2024-11-18,219.78,154.85,473.19,4393928.96,509199.47,735597.02,625730.78,3186268.62,371563.61,563120.36,472984.04,3330174.97,574.88
2024-11-19,213.97,153.21,464.44,4418614.04,506527.28,734391.33,623576.11,3200245.33,368910.87,561820.26,470749.63,3344782.94,576.98
2024-11-20,221.68,158.21,480.38,4402440.09,509600.17,738692.48,627293.66,3191329.13,371579.23,566199.39,474286.75,3335464.04,577.18
2024-11-21,222.03,157.24,479.30,4404412.73,509743.58,738542.62,627318.30,3192446.54,371628.19,566016.31,474241.32,3336631.92,580.28
2024-11-22,228.36,160.52,491.12,4443239.49,512101.35,741677.59,630100.52,3214264.27,373679.68,569152.02,476863.93,3359435.04,582.08
2024-11-25,213.87,143.67,449.76,4500724.62,505126.81,726587.17,619399.59,3246340.76,367336.85,553675.02,466333.09,3392960.24,584.05
2024-11-26,228.40,142.91,463.84,4488445.36,511156.34,726755.17,623167.98,3239373.20,372353.18,553846.14,469589.26,3385678.00,587.10
2024-11-27,219.14,129.88,433.29,4522942.69,507002.65,715900.44,615982.26,3259007.06,368347.17,542673.59,462326.76,3406198.61,585.32
2024-11-29,214.68,129.36,428.03,4570306.54,505724.01,715789.11,615157.62,3285740.20,367076.74,542525.60,461466.43,3434139.14,588.96
2024-12-02,214.53,132.00,432.24,4577064.88,506535.50,718972.60,617019.13,3289878.12,367825.44,545704.97,463289.22,3438463.95,590.01
2024-12-03,214.47,131.95,432.10,4572018.29,506990.54,719021.80,617317.38,3287092.43,368236.88,545716.22,463553.10,3435552.44,590.29
2024-12-04,216.63,131.16,432.98,4623461.12,508458.34,719342.94,618348.84,3317031.39,369650.79,546021.53,464572.72,3466843.58,593.95
2024-12-05,222.98,126.53,431.68,4612829.88,509760.30,713533.62,616643.67,3310913.43,370912.43,540124.46,462856.82,3460449.32,592.98
2024-12-06,240.50,126.99,449.44,4656005.96,517307.53,714339.44,621556.71,3336392.69,378189.53,540861.45,467713.10,3487079.33,594.10
2024-12-09,242.52,127.92,452.96,4642633.32,517087.18,713548.16,621080.08,3328569.90,377962.31,540038.03,467216.57,3478903.23,591.04
2024-12-10,248.95,130.88,464.21,4628058.43,518428.92,715494.08,622732.74,3320132.35,379244.71,541966.21,468843.27,3470084.60,589.20
2024-12-11,245.82,130.38,460.40,4631236.42,519329.85,717638.49,624207.04,3322073.73,380081.10,544087.10,470277.63,3472113.66,593.76
2024-12-12,245.34,136.47,470.70,4577748.64,518240.49,722467.56,625652.54,3290840.01,379162.35,548078.33,471434.14,3439469.29,590.70
2024-12-13,249.88,139.93,481.03,4551039.20,519463.99,725952.30,627899.96,3275410.98,380276.93,550914.48,473346.82,3423343.41,590.58
2024-12-16,253.45,142.37,488.66,4557691.23,521822.75,729933.38,631047.22,3279352.79,382555.39,554154.16,476156.64,3427463.25,593.10
2024-12-17,256.59,144.91,496.05,4541270.03,522914.22,730773.94,632070.53,3269843.62,383727.72,554817.02,477171.00,3417524.60,590.66
2024-12-18,271.87,153.74,525.93,4414800.40,527438.34,738814.74,638282.16,3196224.02,389389.44,561860.38,483720.04,3340580.01,573.06
2024-12-19,257.40,145.57,497.95,4370120.94,520802.01,729974.79,630448.13,3170523.42,384395.74,553280.26,476924.90,3313718.65,572.88
2024-12-20,247.52,141.99,482.28,4398636.18,518563.15,726807.33,627725.22,3187137.39,382664.99,551352.97,475020.56,3331082.99,579.76
2024-12-23,254.82,144.90,494.33,4406583.58,520707.04,730375.59,630563.73,3191687.72,384337.75,554382.31,477363.77,3335838.82,583.23
2024-12-24,258.98,148.45,504.43,4449025.85,522162.48,734347.84,633159.68,3216249.14,385438.05,557672.98,479463.83,3361509.55,589.71
2024-12-26,248.43,146.92,491.56,4477713.17,519189.14,732607.64,630606.78,3233020.91,383180.72,556213.82,477432.58,3379038.81,589.75
2024-12-27,262.57,147.85,507.09,4407794.89,523182.75,733633.19,633473.48,3192711.17,386207.74,557065.75,479684.00,3336908.50,583.55
2024-12-30,261.03,145.14,500.96,4368350.49,520933.79,730882.87,630924.54,3169710.68,384293.13,553889.70,477127.56,3312869.21,576.89
2024-12-31,274.79,150.24,522.97,4383305.35,524390.07,736471.53,635429.73,3178474.63,387162.91,559292.32,481236.02,3322028.97,574.79
2025-01-02,284.92,151.33,534.49,4419162.12,527778.24,739485.44,638782.74,3199173.20,389971.18,562726.61,484458.83,3343662.39,573.38
2025-01-03,290.35,151.85,540.51,4444642.30,530879.36,740134.27,640939.66,3214068.28,391995.62,562094.01,485443.99,3359230.19,580.54
2025-01-06,263.64,140.99,496.33,4416318.30,521810.29,727964.92,630195.84,3197579.78,385307.87,551552.09,476750.78,3341997.00,583.89
2025-01-07,280.74,144.88,519.26,4441138.35,527721.22,734175.36,636453.37,3212131.99,390023.34,556401.30,481763.85,3357206.45,577.29
2025-01-08,280.56,147.79,524.32,4445750.40,526841.26,736478.83,636921.17,3214720.95,388750.39,558315.12,481806.21,3359912.34,578.13
2025-01-10,319.93,155.16,574.18,4479293.95,539437.61,749629.03,650221.58,3234641.81,400081.09,570039.32,493886.47,3380732.92,569.31
2025-01-13,332.88,158.62,592.20,4481152.20,543720.88,754946.56,655109.22,3235812.53,403938.20,574090.89,498022.36,3381956.52,570.19
2025-01-14,321.37,155.03,575.27,4467063.23,540689.89,749287.05,650827.72,3227562.46,401016.47,569159.66,494082.32,3373333.83,570.97
2025-01-15,311.62,155.84,568.03,4454734.44,539991.26,752065.58,651613.97,3219926.09,400246.48,571405.69,494582.85,3365352.57,581.36
2025-01-16,287.56,150.46,536.29,4423448.08,532996.18,747368.41,645358.55,3201619.76,393716.36,567225.24,488739.03,3346219.44,580.24
2025-01-17,292.74,155.24,549.65,4471342.34,534141.56,753183.16,648562.52,3229839.28,394360.46,572351.45,491347.26,3375713.49,586.07
2025-01-21,258.25,140.68,491.50,4417005.16,524787.52,735979.00,635476.40,3198216.37,385565.57,555371.64,478579.99,3342662.34,591.43
2025-01-22,256.56,141.91,492.04,4453119.17,524082.99,737423.47,635673.44,3219117.71,384069.72,556380.17,478086.18,3364507.68,594.76
2025-01-23,251.23,142.37,487.73,4445336.13,522198.95,736076.70,633950.37,3214525.65,382209.64,555261.24,476447.74,3359708.22,598.00
2025-01-24,251.38,138.92,481.95,4420607.19,522596.85,734364.59,633454.61,3200461.04,382550.55,554047.88,476139.65,3345008.39,596.26
2025-01-27,231.44,137.19,459.84,4349172.00,517596.75,725211.48,626476.55,3159219.92,377602.90,546986.01,470026.19,3301904.64,587.82
2025-01-28,239.97,144.38,480.37,4405737.33,519812.70,733951.22,631592.52,3191548.77,379786.15,553845.78,474332.31,3335693.60,592.87
2025-01-29,245.55,154.97,503.58,4423973.35,521177.89,739100.10,634637.30,3201917.84,381099.32,557959.25,476913.81,3346530.99,590.21
2025-01-30,232.84,155.34,491.14,4440441.03,517970.65,743302.19,634488.66,3211444.16,377977.99,561245.71,476365.31,3356487.56,593.38
2025-01-31,228.38,156.48,488.24,4451123.75,517033.99,746062.25,635092.99,3217722.73,377020.62,563273.59,476622.62,3363049.69,590.22
2025-02-03,227.97,160.28,493.72,4464050.01,517178.08,749667.55,636716.01,3225412.06,377137.12,565954.42,477830.47,3371086.31,586.25
2025-02-04,227.03,142.97,466.04,4462114.29,517219.74,728996.37,627963.31,3224288.39,377207.15,550027.56,471151.38,3369911.89,590.19
2025-02-05,238.48,143.84,479.22,4452733.26,520452.54,729711.62,630233.87,3218771.67,380362.68,550617.43,473374.73,3364146.02,592.58
2025-02-06,234.09,142.29,472.23,4466412.72,518522.11,729520.72,628982.61,3226775.06,378441.47,550402.71,472086.93,3372510.88,594.64
2025-02-07,230.95,140.47,466.04,4456017.76,517668.19,731546.62,629338.05,3220912.60,377580.89,552419.02,472414.86,3366383.64,589.20
2025-02-10,249.29,148.48,497.82,4504861.83,524006.66,742344.30,637835.48,3248987.23,383790.35,563257.60,480933.83,3395726.25,593.20
2025-02-11,245.43,148.67,494.30,4495083.74,523207.11,742099.70,637243.78,3243417.96,382983.10,563002.12,480318.97,3389905.44,593.65
2025-02-12,241.51,151.53,495.09,4532070.51,523352.67,743782.41,638054.90,3264903.19,383109.11,564672.90,481110.69,3412361.04,591.74
2025-02-13,268.14,151.00,521.52,4516546.98,530546.39,743282.38,642225.60,3256032.47,390118.95,564085.55,485261.97,3403089.67,597.98
2025-02-14,257.09,144.67,499.85,4484482.31,526684.21,731864.88,634955.43,3237659.75,386273.31,552520.01,477895.51,3383887.17,597.95
2025-02-18,280.16,152.19,535.26,4541372.93,533807.17,741752.98,643538.43,3270345.07,393228.46,562415.73,486477.54,3418048.70,599.71
2025-02-19,276.26,148.42,524.92,4510742.14,532447.79,740138.50,642018.67,3252790.84,391886.48,560768.23,484934.90,3399701.64,601.12
2025-02-20,279.36,143.71,519.53,4481920.25,532338.46,737473.23,640796.79,3236310.90,391745.61,558043.13,483669.46,3382477.40,598.62
2025-02-21,265.67,133.14,487.69,4417636.06,528158.65,730256.31,635145.67,3199902.37,387619.79,550712.72,477945.76,3344424.49,588.38
2025-02-24,257.32,122.41,460.39,4395691.09,526468.53,725895.44,632232.98,3187583.10,385960.56,546295.33,475005.97,3331548.83,585.70
2025-02-25,240.61,119.55,440.04,4356485.79,523571.60,719563.27,627735.96,3165475.88,383014.27,539931.84,470426.41,3308443.14,582.79
2025-02-26,241.48,119.49,440.75,4375177.89,524051.66,720107.68,628261.21,3176117.75,383149.79,540438.87,470730.52,3319565.64,583.09
2025-02-27,216.78,118.65,416.64,4356029.02,515244.21,714067.16,620346.75,3165317.43,374881.69,534352.99,463001.06,3308277.53,573.78
2025-02-28,218.88,118.68,418.72,4358699.31,513132.80,711965.73,618162.88,3166982.99,373579.38,532198.11,461263.27,3310018.32,582.73
2025-03-03,248.65,120.29,450.03,4337924.43,519577.38,717888.40,624615.90,3154565.09,380436.97,538095.71,468052.61,3297039.57,572.52
2025-03-04,250.13,119.47,449.83,4320424.36,519260.58,721031.94,625793.04,3144321.37,379829.88,541267.04,469058.42,3286333.20,565.75
2025-03-05,261.24,127.65,475.23,4350684.99,521454.89,722552.55,627775.16,3161826.49,382217.78,544023.29,471727.12,3304628.93,571.83
2025-03-06,273.38,125.43,482.15,4286493.57,525495.71,720525.59,629326.98,3124607.22,385641.77,541348.84,472680.52,3265728.66,561.68
2025-03-07,268.36,127.33,481.37,4311395.50,522671.72,718546.83,626771.84,3139016.40,383738.96,540788.41,471269.72,3280788.63,564.82
2025-03-10,285.83,124.18,491.08,4241342.44,532637.63,719747.00,633270.68,3098630.95,390982.58,539963.59,475358.27,3238579.19,549.78
2025-03-11,276.47,133.22,500.92,4228172.48,530864.87,729750.07,636617.45,3091124.16,389535.78,548499.62,478236.11,3230733.36,545.21
2025-03-12,256.72,131.63,480.03,4228870.68,523691.90,726589.63,630937.96,3091604.67,383873.21,545890.66,473622.74,3231235.57,548.10
2025-03-13,266.21,129.90,485.75,4212137.16,529637.78,736587.18,638860.44,3082131.00,388495.51,554502.28,480210.02,3221334.03,540.80
2025-03-14,247.73,129.41,467.97,4266687.36,520654.65,729897.89,630541.72,3113411.16,381317.78,548612.39,473223.53,3254026.94,551.97
2025-03-17,244.60,134.92,474.97,4293853.27,518558.31,732530.26,630409.35,3129109.34,379268.16,550869.21,472925.06,3270434.13,556.22
2025-03-18,236.43,137.44,471.48,4285209.07,518678.56,740003.62,633698.19,3124108.19,379329.34,557344.19,475742.62,3265207.10,550.21
2025-03-19,236.65,134.07,465.92,4333209.18,517730.56,736748.67,631725.41,3151749.83,378833.04,554538.67,474234.02,3294097.16,556.20
2025-03-20,226.72,127.24,444.28,4308619.56,515825.23,731966.21,628512.62,3137679.34,377808.64,549970.49,471639.51,3279391.18,554.59
2025-03-21,214.99,121.26,422.34,4287551.17,511555.81,724482.72,622698.66,3125666.62,373854.57,542946.80,466159.81,3266835.91,554.78
2025-03-24,209.65,119.65,414.29,4326602.96,505614.11,718528.71,616523.59,3148158.93,368681.85,537037.22,460397.96,3290344.08,564.71
2025-03-25,214.67,122.18,423.63,4329720.99,506996.04,720361.91,618152.60,3149958.78,369736.07,539043.98,461916.39,3292225.21,566.07
2025-03-26,202.30,113.67,396.69,4295978.46,503513.78,718009.21,615020.29,3130464.33,366319.68,537005.64,458908.98,3271850.31,559.31
2025-03-27,200.92,114.86,397.40,4299604.23,505637.46,727385.26,620332.87,3132669.80,368368.06,545582.75,463856.91,3274155.39,557.83
2025-03-28,197.59,115.96,396.01,4259211.57,505185.14,734986.09,623296.50,3109560.25,367894.86,552571.31,466529.82,3250002.11,546.59
2025-03-31,193.98,113.93,388.92,4274976.49,505877.15,737244.14,624680.86,3118543.83,368580.08,554657.56,467844.99,3259391.43,550.26
2025-04-01,191.83,111.46,382.56,4270894.95,504430.13,734615.51,622673.79,3116302.11,367143.52,552104.78,465856.65,3257048.46,551.82
2025-04-02,189.90,116.66,389.55,4277554.02,503206.17,738850.03,623712.99,3120259.82,365943.41,556163.01,466807.39,3261184.92,555.31
2025-04-03,189.90,137.01,423.54,4177024.16,505215.77,757513.40,632835.92,3061019.97,368128.48,574129.59,475741.06,3199269.53,527.94
2025-04-04,190.73,116.99,393.51,4042946.32,505975.77,747044.03,628938.79,2982048.18,369387.66,566547.30,473413.23,3116731.01,497.04
2025-04-07,192.53,99.93,366.69,4010648.57,502017.57,726312.62,617751.80,2962919.01,366416.84,544749.62,462402.31,3096737.88,496.15
2025-04-08,209.15,102.23,386.71,4001723.31,509538.61,738317.87,627484.69,2958289.67,374846.02,557577.59,473165.36,3091899.46,488.38
2025-04-09,168.63,90.90,327.84,4166085.65,481054.73,709923.10,597879.94,3054736.02,347106.36,529147.91,443594.73,3192701.77,539.67
2025-04-10,177.63,120.06,389.16,4093915.93,483329.78,730171.26,607819.98,3012155.70,349286.23,549419.56,453484.71,3148198.33,516.02
2025-04-11,171.39,130.05,398.52,4142173.49,486749.36,740305.29,614188.11,3040536.23,352505.32,559466.81,459720.85,3177860.65,525.23
2025-04-14,173.57,130.90,402.36,4142450.81,487797.86,737746.49,613788.17,3040699.81,353519.59,556885.33,459321.62,3178031.62,530.32
2025-04-15,167.04,121.28,380.00,4156363.40,484317.11,733904.26,609999.96,3048937.25,350142.69,553048.54,455545.54,3186641.10,528.84
2025-04-16,177.77,131.70,408.54,4117978.04,492888.56,753641.22,623600.25,3026626.03,358406.48,572784.49,469049.49,3163322.20,517.08
2025-04-17,171.32,126.98,393.79,4139118.01,490491.92,750276.38,620692.02,3039098.14,356033.47,569340.80,466086.70,3176357.61,517.82
2025-04-21,187.69,140.95,434.28,4123111.46,500627.67,769662.41,635124.04,3029895.81,365819.65,588731.88,480429.47,3166739.66,505.50
2025-04-22,168.15,129.65,394.27,4175738.17,491479.71,756808.55,624017.75,3060248.08,356953.40,575858.36,469354.80,3198462.78,518.65
2025-04-23,156.42,118.17,363.05,4222586.98,483861.19,741873.72,613024.06,3087405.96,349568.19,560845.75,458381.40,3226847.23,526.68
2025-04-24,160.84,123.30,376.07,4248585.50,487084.01,744991.85,616353.91,3102497.61,352678.75,563972.71,461698.64,3242620.49,537.77
2025-04-25,158.91,120.50,369.54,4239194.50,485261.98,740274.94,613249.90,3097264.16,350864.99,559142.96,458534.48,3237150.67,541.66
2025-04-28,165.59,128.08,388.94,4242043.83,490186.99,747897.64,619519.24,3098953.52,355607.09,566766.88,464759.19,3238916.33,541.86
2025-04-29,160.15,123.89,376.17,4256957.75,487580.24,742251.46,615533.48,3107628.69,353086.80,561093.52,460786.12,3247983.31,545.28
2025-04-30,158.41,120.92,369.63,4251390.82,486525.15,739408.47,613688.68,3104454.06,352052.97,558209.61,458927.36,3244665.30,545.49
2025-05-01,150.84,114.64,351.21,4221796.53,481463.72,730161.49,606659.14,3084584.19,347133.08,548863.62,451878.77,3218612.75,549.36
2025-05-02,151.80,117.04,355.99,4231563.25,481950.63,730383.96,607058.32,3091131.75,347565.05,549013.28,452221.54,3226666.63,557.51
2025-05-05,151.69,119.46,359.55,4248592.78,481809.69,739691.14,610837.39,3102444.08,347428.99,558389.69,455994.69,3240742.15,554.32
2025-05-06,153.45,124.54,369.28,4261065.93,482489.96,749249.32,615215.19,3110934.65,348060.42,567972.71,460321.93,3251051.18,549.68
2025-05-07,150.25,118.03,355.77,4264973.99,481209.46,742511.96,611632.76,3113545.70,346823.42,561199.74,456759.31,3254283.98,551.99
2025-05-08,145.97,107.90,335.44,4208673.24,479596.14,732427.07,606453.84,3074689.12,345239.11,551034.03,451579.13,3207031.57,555.84
2025-05-09,146.02,109.60,338.13,4231072.07,479722.99,734894.40,607555.52,3090189.72,345322.97,553455.11,452626.03,3225652.83,555.13
2025-05-12,146.18,94.09,314.39,4190360.05,480162.12,720209.84,601763.55,3062256.10,345747.03,538714.21,446876.26,3191992.32,573.48
2025-05-13,145.54,94.11,313.74,4190346.75,480389.60,721421.37,602412.23,3062287.78,345940.77,539896.24,447491.72,3191720.56,577.26
2025-05-14,145.98,94.11,314.22,4161442.96,480514.54,716170.27,600298.14,3042149.57,346061.32,534594.30,445372.43,3167996.98,578.00
2025-05-15,143.66,94.12,311.74,4219988.85,479475.03,716248.37,599681.55,3082923.72,345046.87,534652.59,444743.93,3215838.51,580.83
2025-05-16,143.78,94.16,311.93,4225245.17,480111.82,716561.33,600210.78,3086601.34,345609.54,534886.21,445203.72,3219900.07,584.50
2025-05-19,142.51,94.21,310.63,4243337.00,479411.87,716602.28,599790.41,3099279.00,344935.21,534927.09,444786.41,3234922.68,585.14
2025-05-20,143.88,94.18,312.08,4251744.86,480066.79,716716.43,600247.87,3105205.19,345540.74,535001.63,445207.81,3241831.29,583.18
2025-05-21,148.04,94.02,316.34,4218839.77,480724.17,717035.67,600792.53,3081940.25,346161.10,535300.63,445731.86,3214488.40,573.35
2025-05-22,143.05,92.91,309.13,4219772.64,478098.33,715270.11,598412.01,3082621.91,343605.50,533498.49,443336.21,3215154.41,573.58
2025-05-23,140.84,92.67,306.34,4227478.25,476730.20,714973.16,597431.59,3088081.52,342235.99,533123.15,442296.76,3221377.08,569.66
2025-05-27,130.65,90.02,290.87,4270981.69,472815.46,710975.60,593308.46,3119262.84,338467.34,529133.53,438206.55,3257210.08,581.50
2025-05-28,130.07,88.56,287.87,4233225.28,471894.45,709921.57,592290.80,3092029.33,337567.82,528062.22,437180.64,3225866.63,578.14
2025-05-29,129.42,89.99,289.48,4269009.17,472038.86,711114.43,592879.04,3117807.05,337693.99,529232.66,437746.84,3255464.68,580.42
2025-05-30,130.72,90.90,292.39,4271112.88,472510.27,712110.88,593590.47,3119331.39,338107.86,530167.60,438401.76,3257054.85,579.77
2025-06-02,136.12,93.64,302.84,4287211.29,476403.75,714436.18,597005.20,3131055.15,341825.10,532455.80,441757.77,3269773.36,583.04
2025-06-03,131.31,92.01,294.85,4263874.20,473964.50,713235.40,594975.12,3113968.55,339459.55,531218.00,439715.73,3251022.82,586.36
2025-06-04,133.88,93.45,300.04,4295693.24,475804.67,714369.95,596603.34,3137319.83,341225.30,532349.03,441327.46,3276346.40,586.21
2025-06-05,137.90,95.15,307.29,4291330.08,476943.55,715863.11,597940.85,3134042.40,342301.74,533813.45,442630.59,3272806.81,583.37
2025-06-06,135.01,92.45,299.70,4270887.44,475931.87,714229.69,596624.50,3118727.90,341291.54,532121.42,441275.94,3256382.31,589.36
2025-06-09,138.91,96.10,309.94,4285607.17,477841.68,717701.42,599271.60,3129671.12,343096.54,535539.05,443859.92,3268030.48,589.90
2025-06-10,136.37,93.58,303.04,4288112.83,476981.95,715909.02,597984.19,3131445.34,342255.89,533728.41,442565.81,3270002.85,593.24
2025-06-11,138.21,93.95,305.70,4284477.35,478177.67,716225.27,598865.80,3128592.86,343400.92,534040.96,443435.70,3267103.40,591.55
2025-06-12,145.85,99.41,323.03,4312745.15,483082.83,721124.47,603985.60,3150064.75,348095.47,538902.46,448485.10,3289538.60,593.90
2025-06-13,144.33,98.53,319.92,4256361.71,481446.75,720283.59,602610.68,3107078.29,346468.57,537981.66,447053.90,3244648.95,587.26
2025-06-16,144.51,99.14,321.11,4257814.88,482213.73,721129.19,603444.41,3108132.70,347206.02,538820.98,447878.40,3245750.04,592.85
2025-06-17,136.54,93.33,302.83,4217422.15,475881.23,715559.85,597151.92,3077704.06,341085.05,533223.18,441604.03,3213974.14,587.78
2025-06-18,129.81,87.93,286.62,4210217.11,472811.85,711040.42,593340.35,3072257.85,338107.84,528675.32,437793.51,3208286.78,587.69
2025-06-20,128.00,84.87,279.63,4198970.06,472769.16,708518.50,592261.34,3063857.36,338039.32,526119.65,436690.98,3199514.35,586.31
2025-06-23,131.98,86.93,287.38,4269272.37,471190.21,708202.75,591140.35,3116230.67,336508.85,525772.51,435558.35,3254206.56,592.10
2025-06-24,129.74,87.40,285.71,4324698.63,470746.60,711727.14,592332.99,3157734.59,336085.99,529283.05,436738.79,3297548.14,598.64
2025-06-25,133.92,88.55,292.19,4317798.26,473349.24,714557.16,595148.06,3152484.76,338562.81,532079.03,439501.64,3292016.71,598.98
2025-06-26,140.04,91.28,303.37,4339771.97,477367.88,719773.63,599846.78,3169057.19,342380.87,537250.69,444115.74,3309503.34,603.67
2025-06-27,138.69,90.27,300.24,4340327.35,476441.54,717197.59,598191.36,3169416.65,341636.78,534599.67,442537.42,3309878.77,606.66
2025-06-30,144.53,92.03,309.48,4365308.34,481064.38,720474.58,602460.06,3188491.57,345935.26,537837.04,446661.36,3329799.06,609.57
2025-07-01,142.25,89.02,301.98,4358972.51,481317.63,720820.88,602763.43,3184158.27,346025.30,538147.33,446848.33,3325273.71,609.37
2025-07-02,135.13,84.93,287.48,4356811.32,476380.50,719134.61,598966.95,3182617.02,341547.84,536437.85,443247.56,3323664.16,612.13
2025-07-03,130.77,81.88,277.68,4357209.25,474892.16,720969.11,598795.26,3182874.84,340284.77,538163.79,443141.04,3323933.41,616.95
2025-07-07,128.70,77.58,268.19,4324728.09,472886.22,718042.24,596315.16,3159553.23,338343.88,535228.63,440668.81,3299578.22,612.36
2025-07-08,128.79,77.12,267.50,4322533.86,473137.69,716705.40,595918.61,3157906.04,338583.78,533892.23,440274.89,3297858.04,612.02
2025-07-09,126.58,77.49,265.84,4352095.17,472804.66,716364.13,595567.00,3179004.73,338251.55,533526.51,439908.08,3319891.78,615.69
2025-07-10,126.89,75.51,262.77,4345741.94,473464.71,718701.08,596954.16,3174443.84,338854.14,535812.69,441242.44,3315128.76,617.43
2025-07-11,128.11,73.65,260.79,4320342.09,473954.89,719559.30,597619.60,3156242.67,338386.34,536624.08,441271.95,3296120.95,615.26
2025-07-14,123.34,68.64,247.06,4327405.35,470378.93,715232.50,593568.31,3161230.64,334704.52,532287.54,437088.33,3301329.98,616.43
2025-07-15,124.98,64.29,240.88,4283379.98,470275.81,711412.84,591918.29,3129819.71,334374.66,528463.93,435303.06,3268526.98,613.80
2025-07-16,119.01,62.60,231.96,4315473.09,465431.14,709963.99,588266.65,3152618.90,329728.07,526975.29,431665.40,3292336.58,615.85
2025-07-17,122.27,63.85,237.46,4325338.44,468981.98,712150.47,591416.47,3159619.05,333122.81,529151.62,434778.87,3299646.96,619.62
2025-07-18,118.49,63.40,232.94,4317969.10,466515.26,712097.88,589839.29,3154394.00,330709.93,529017.32,433149.11,3294190.35,619.16
2025-07-21,116.61,65.56,235.07,4363064.20,462443.15,718088.43,589746.03,3186467.24,326809.29,534935.14,433017.36,3327685.01,620.34
2025-07-22,117.99,66.85,238.77,4389780.57,462932.95,721562.19,591484.79,3205463.71,327253.57,538366.31,434700.41,3347523.36,620.43
2025-07-23,117.36,65.89,236.43,4433003.89,463026.95,722979.27,592125.65,3236438.97,327347.33,539748.89,435320.86,3379871.39,625.71
2025-07-24,115.77,64.72,232.72,4408815.74,461447.73,721198.96,590386.85,3218978.48,325850.26,537973.58,433609.52,3361637.08,625.91
2025-07-25,110.63,61.30,221.40,4407787.63,457995.42,717231.62,586554.49,3218185.24,322551.56,533961.96,429798.03,3360808.68,628.56
2025-07-28,106.85,59.41,214.21,4359186.78,454569.77,711978.87,582213.02,3183020.24,319289.89,528720.88,425515.62,3324085.24,628.40
2025-07-29,106.36,59.47,213.82,4356973.75,453941.26,709058.12,580616.32,3181381.66,318676.81,525796.59,423930.36,3322374.05,626.74
2025-07-30,106.26,56.38,208.16,4312765.25,457694.50,698854.60,578839.01,3149654.83,322186.05,515636.21,422168.53,3289241.15,625.95
2025-07-31,108.22,56.38,210.10,4290217.69,455631.62,697596.28,577013.45,3133576.14,320268.87,514362.45,420391.03,3272449.89,623.60
2025-08-01,103.13,56.65,205.66,4296105.55,444122.19,688880.20,566120.93,3139012.51,311427.58,505653.98,411029.67,3278127.19,613.38
2025-08-04,103.07,56.88,206.01,4322342.08,443916.21,692876.34,567631.66,3156447.96,311363.19,509599.74,412590.87,3296335.34,622.71
2025-08-05,101.97,56.75,204.67,4321542.98,443020.14,691357.32,566436.55,3155844.64,310622.72,508090.05,411489.11,3295705.28,619.55
2025-08-06,99.53,56.57,201.90,4357190.67,439624.17,691955.84,564510.72,3179663.02,307662.44,508636.97,409749.81,3320579.24,624.30
2025-08-07,96.55,56.43,198.64,4390156.48,436415.21,691114.22,562107.14,3201584.41,304826.19,507804.00,407525.61,3343472.15,623.77
2025-08-08,95.86,55.97,197.11,4425298.93,434656.32,691182.46,561002.16,3225169.98,303194.83,507829.49,406445.35,3368102.98,628.64
2025-08-11,95.92,56.01,197.24,4416743.18,434959.96,690970.12,561111.94,3219356.69,303466.08,507593.16,406532.58,3362032.05,627.39
2025-08-12,95.84,55.95,197.06,4462601.24,433386.25,692091.63,560552.24,3250479.61,301976.42,508701.59,405978.66,3394534.28,634.07
2025-08-13,96.71,56.46,198.85,4455335.04,435063.23,694781.92,562726.25,3245525.12,303535.25,511333.91,408076.89,3389360.22,636.24
2025-08-14,95.43,55.55,195.92,4461935.22,433350.49,693111.43,560942.09,3250040.50,301917.59,509668.17,406324.81,3394075.71,636.30
2025-08-15,94.51,54.90,193.84,4484721.27,431435.68,691404.92,559012.26,3265648.15,300076.49,507903.85,404382.63,3410375.06,634.81
2025-08-18,94.09,54.64,192.95,4489049.67,430993.73,690840.23,558497.66,3268578.93,299665.18,507344.31,403882.75,3413435.73,634.67
2025-08-19,93.96,55.29,193.96,4469464.27,429824.98,690739.95,557699.87,3255163.81,298554.47,507190.75,403073.13,3399426.07,631.23
2025-08-20,93.74,55.65,194.36,4477397.76,427567.72,690818.71,556267.26,3260624.14,296430.22,507222.46,401651.77,3405128.40,629.55
2025-08-21,94.04,55.12,193.75,4475995.06,427907.07,689052.88,555777.06,3259634.95,296744.47,505473.07,401172.03,3404095.36,627.03
2025-08-22,87.42,54.64,186.09,4496021.97,421037.28,689591.12,551532.79,3273404.00,290345.51,508148.70,397908.38,3418474.63,636.66
2025-08-25,86.70,54.05,184.32,4479369.10,420013.99,687228.76,549917.87,3262019.71,289386.53,505737.43,396307.18,3406585.82,633.86
2025-08-26,86.84,54.58,185.38,4476682.47,420359.67,689311.36,550977.41,3260194.60,289695.48,507776.39,397317.62,3404679.82,636.51
2025-08-27,87.50,55.20,187.13,4456455.39,421244.26,691445.19,552409.94,3246406.45,290504.32,509856.04,398685.90,3390280.61,637.96
2025-08-28,87.67,55.68,188.13,4459841.08,421704.65,693144.67,553390.68,3248658.69,290920.61,511516.57,399620.80,3392632.66,640.22
2025-08-29,89.60,55.69,190.22,4466686.31,423897.00,692571.63,554600.41,3253389.99,292764.11,510856.97,400629.30,3397573.64,636.40
2025-09-02,89.38,53.81,186.76,4492501.57,424253.61,689593.89,553641.43,3270154.93,292338.96,507874.40,399168.89,3415081.58,631.68
2025-09-03,89.40,54.79,188.49,4494091.76,423704.44,693968.78,555039.30,3271172.77,292332.68,512173.82,400854.19,3416144.52,635.11
2025-09-04,88.30,55.95,189.33,4493255.59,421672.81,697096.88,554959.55,3270749.59,290519.89,515229.82,400807.21,3415702.58,640.42
2025-09-05,92.96,57.66,197.21,4500436.07,427400.17,703169.05,561145.44,3275304.14,294424.82,521142.61,405800.71,3420458.98,638.56
2025-09-08,98.54,58.87,205.21,4522948.84,433512.94,709335.27,567618.64,3289150.28,298679.51,527199.35,411090.91,3434918.76,640.13
2025-09-09,93.27,57.97,198.14,4516301.30,428885.31,706523.88,563464.21,3285095.62,295503.58,524413.80,407819.26,3430684.40,641.61
2025-09-10,95.38,58.89,201.96,4519611.73,431475.52,710844.82,566888.71,3287180.92,297222.96,528653.05,410654.07,3432862.11,643.46
2025-09-11,100.07,59.90,208.66,4554745.78,433759.07,715436.01,570219.52,3308800.77,298887.30,533172.09,413559.00,3455440.12,648.81
2025-09-12,100.18,59.25,207.64,4569887.04,433342.48,714837.50,569707.18,3318240.48,298578.94,532526.37,413095.23,3465298.17,648.59
2025-09-15,104.29,60.54,214.15,4600537.34,438702.55,721034.32,575699.93,3337179.32,302458.99,538622.67,418143.87,3485076.35,652.05
2025-09-16,106.99,60.31,216.51,4597923.60,441396.05,720893.56,577411.04,3335586.92,304395.27,538457.28,419418.10,3483413.37,651.15
2025-09-17,100.11,57.60,204.71,4572221.18,435208.48,714448.15,570782.64,3319765.82,299851.91,532080.17,413804.37,3466891.12,650.34
2025-09-18,96.34,56.21,198.38,4602871.83,430803.95,712903.63,567277.37,3338748.60,296729.86,530550.44,411055.26,3486715.17,653.38
2025-09-19,97.05,55.84,198.45,4606621.74,433597.32,719247.95,571640.68,3341243.49,298332.22,536740.28,414562.98,3489320.63,656.62
2025-09-22,101.92,54.75,201.48,4646777.06,441815.25,725907.72,579704.32,3366278.44,304554.10,543300.10,421419.26,3515465.08,659.72
2025-09-23,102.31,55.66,203.55,4632081.53,442370.00,727083.06,580537.57,3357021.55,305101.29,544439.03,422239.55,3505797.94,656.13
2025-09-24,98.73,55.66,199.99,4632163.09,436726.83,721313.40,574531.32,3357164.20,300171.42,538703.99,416604.35,3505946.91,654.04
2025-09-25,102.79,55.12,203.13,4624331.34,438846.63,722712.96,576483.04,3352250.93,301016.05,540149.30,417749.34,3500815.90,651.03
2025-09-26,103.33,54.04,201.69,4649765.33,440296.70,727720.36,579432.58,3368307.75,302017.79,544529.87,420138.40,3517584.32,654.76
2025-09-29,107.10,56.33,209.63,4668048.50,442241.84,736258.78,584111.76,3379795.81,303365.12,552212.34,424039.29,3529581.51,656.60
2025-09-30,105.75,56.00,207.70,4668185.78,443338.94,738186.50,585600.96,3379896.10,304121.08,554021.92,425262.40,3529686.24,659.07
2025-10-01,109.42,57.78,214.60,4683191.97,444864.66,744755.19,589214.08,3388890.14,305171.55,560027.36,428301.72,3539078.89,661.32
2025-10-02,112.14,58.79,219.14,4677714.61,446482.01,743915.57,589953.02,3385850.76,306274.72,559630.39,428924.06,3535904.81,662.08
2025-10-03,117.04,58.28,222.99,4712682.77,449813.09,746673.04,593247.15,3405837.12,308567.99,561987.33,431433.10,3556776.92,662.07
2025-10-06,119.09,57.26,222.98,4779495.10,452608.54,749789.64,596328.67,3443845.02,310497.90,564315.71,433676.02,3596469.26,664.44
2025-10-07,121.80,58.74,228.41,4740388.58,453980.56,749624.80,597166.96,3421281.35,311436.72,564183.94,434281.01,3572905.60,661.98
2025-10-08,127.56,58.31,232.97,4792616.22,458505.19,757442.18,603256.56,3451371.37,314553.95,570027.34,438703.40,3604329.16,665.93
2025-10-09,138.53,60.28,246.91,4770361.33,462143.32,758786.40,606185.20,3438427.05,317037.33,571093.44,440845.40,3590811.17,664.00
2025-10-10,131.55,60.14,240.42,4655417.90,463251.30,756377.77,605949.75,3372280.33,317809.64,569216.73,440658.02,3521732.96,646.05
2025-10-13,146.48,62.33,258.43,4735589.13,473094.99,770760.25,618148.76,3418426.45,324580.92,579995.73,449524.63,3569924.19,655.96
2025-10-14,138.11,62.35,251.09,4739118.71,472246.74,772848.52,618431.99,3420506.12,324000.97,581558.85,449728.78,3572096.02,655.16
2025-10-15,142.25,61.96,254.06,4783783.14,477279.00,777913.03,623753.30,3446309.19,327472.46,585321.41,453592.91,3599042.63,658.07
2025-10-16,145.95,64.49,262.56,4772443.20,486546.01,784348.78,632388.99,3439709.58,333836.11,590102.95,459852.87,3592150.54,653.59
2025-10-17,131.48,62.54,245.57,4752892.99,474113.34,772275.48,619442.19,3428579.90,325288.07,581061.53,450442.62,3580527.61,657.30
2025-10-20,140.47,64.20,257.22,4800938.09,487181.16,786145.62,633541.54,3456262.26,334271.96,591451.24,460689.92,3609436.81,664.13
2025-10-21,127.68,63.98,245.08,4714160.26,463397.71,764017.35,609160.87,3406380.84,317901.01,574920.85,442970.90,3557344.73,664.12
2025-10-22,130.19,64.99,249.42,4703110.45,460360.40,754914.28,603535.52,3400120.58,315938.97,568012.08,438942.36,3550807.04,660.67
2025-10-23,131.68,64.29,249.50,4763361.24,460445.12,750362.78,601771.64,3434439.90,315828.61,564553.67,437529.42,3586647.32,664.59
2025-10-24,134.30,65.23,253.80,4776277.21,460918.62,752792.90,603055.51,3441899.61,316147.98,566390.18,438462.29,3594437.63,670.02
2025-10-27,133.44,66.00,254.50,4763381.39,456746.49,746493.85,597803.10,3434486.54,312526.41,561702.32,434136.41,3586696.02,677.93
2025-10-28,129.99,65.13,249.53,4754685.23,455989.28,743457.39,596091.75,3429578.28,312054.56,559387.86,432914.26,3581570.24,679.73
2025-10-29,122.95,61.67,236.14,4807463.71,451420.94,738238.09,591013.39,3459968.06,307526.85,555475.69,428259.79,3613306.84,680.05
2025-10-30,124.87,60.71,236.16,4817433.82,449527.19,740609.03,590722.77,3465444.05,304761.34,557399.71,427075.86,3619025.51,672.57
2025-10-31,128.11,61.59,240.92,4817939.54,452072.28,739983.16,592145.41,3465883.84,307057.09,556922.26,428501.52,3619484.79,674.78
2025-11-03,126.58,60.30,236.96,4828742.48,451240.23,738364.63,590952.90,3473164.54,306590.86,555699.27,427705.72,3627088.15,676.05
2025-11-04,127.31,60.42,237.88,4753369.15,452900.86,736966.27,591480.71,3432292.71,307326.91,554729.15,427845.79,3584404.97,668.03
2025-11-05,127.53,58.32,233.97,4780397.91,451992.80,736899.04,590860.77,3446963.06,306282.06,554664.56,427093.58,3599725.48,670.35
2025-11-06,119.46,58.00,225.91,4763042.98,448329.90,731550.63,586322.40,3437637.16,303789.95,550592.67,423788.34,3589986.27,663.16
2025-11-07,119.45,55.59,221.21,4766411.91,445909.16,730177.43,584189.19,3439741.44,302156.23,549527.97,422239.08,3592183.81,663.81
2025-11-10,122.22,55.88,224.35,4846983.97,447718.59,738298.27,588623.07,3483390.22,303384.63,555572.95,425419.75,3637767.02,674.17
2025-11-11,122.66,57.00,227.01,4867746.02,448748.39,740601.27,590218.07,3494473.90,304083.38,557264.94,426557.46,3649341.91,675.71
2025-11-12,126.54,57.41,231.42,4885545.61,446956.33,748011.29,591992.25,3504242.07,301723.36,562787.00,427015.61,3659542.98,676.09
2025-11-13,121.81,55.53,223.30,4819129.46,442645.90,734800.72,583910.12,3468068.10,298007.77,552866.97,420622.94,3621765.85,664.87
2025-11-14,120.22,54.45,219.67,4786452.95,444507.16,728533.14,582647.47,3450515.52,299602.72,548220.37,419980.96,3603435.37,664.76
2025-11-17,119.48,54.48,219.05,4755813.76,441649.85,725564.29,579587.66,3433853.55,297009.28,546020.10,417320.43,3586034.98,658.56
2025-11-18,118.76,54.74,218.90,4717494.40,442340.23,728439.94,581189.21,3413296.80,297614.45,548167.40,418566.18,3564567.20,653.03
2025-11-19,123.25,57.06,227.70,4721719.69,440950.71,733691.29,582371.27,3415579.18,296350.54,552191.72,419213.82,3566950.73,655.56
2025-11-20,125.55,58.33,232.36,4676180.47,439354.87,736469.40,582420.01,3391353.82,294904.11,554151.17,418934.56,3541651.75,645.57
2025-11-21,121.10,57.29,226.16,4716059.41,436356.14,732596.70,578901.10,3412953.74,292193.84,550880.58,415773.21,3564208.94,652.00
2025-11-24,123.16,58.93,231.32,4768014.36,437252.70,735401.83,580604.13,3440892.34,292997.04,552252.36,416862.34,3593385.72,661.59
2025-11-25,119.58,58.40,226.92,4828581.17,435127.70,730957.04,577438.70,3473769.69,291075.07,548857.39,414213.76,3627720.13,667.82
2025-11-26,118.65,58.33,225.91,4887140.74,434203.26,726384.56,575019.23,3505602.70,290244.38,545391.94,412315.05,3660963.91,672.43
2025-11-28,114.19,56.91,218.90,4909136.07,431910.70,724829.67,572885.77,3517862.82,287881.05,543748.45,410015.16,3673767.37,676.10
2025-12-01,106.19,53.60,204.87,4878234.78,428570.59,720344.40,568898.09,3501444.19,284022.04,539267.08,405577.47,3656621.10,673.01
2025-12-02,107.38,54.48,207.69,4890606.67,430877.43,723987.65,571867.81,3508181.78,285334.40,542883.95,407874.58,3663657.28,674.26
2025-12-03,107.82,54.45,208.06,4912638.26,430593.19,723705.75,571567.86,3519747.10,285096.04,542564.85,407584.34,3675735.16,676.59
2025-12-04,105.80,53.17,203.67,4894747.97,426603.96,717780.04,566580.22,3510559.75,281545.47,536608.21,402808.96,3666140.65,677.09
2025-12-05,114.32,53.01,211.57,4882546.24,433492.07,721336.94,572558.14,3504455.20,287512.51,540081.85,408381.26,3659765.55,678.37
2025-12-08,113.16,52.47,209.41,4886516.94,432657.60,720324.91,571605.41,3506630.94,286759.84,539083.13,407469.13,3662037.72,676.33
2025-12-09,108.43,52.83,205.76,4887859.23,433084.69,726565.49,574363.60,3507528.93,287131.66,545297.25,410081.79,3662975.50,675.75
2025-12-10,112.48,51.69,207.38,4932509.89,436464.06,726369.60,576527.06,3530735.24,290689.33,545086.72,412543.16,3687210.28,680.23
2025-12-11,116.47,51.97,211.62,4965776.48,441265.77,731921.58,581901.69,3548144.07,294698.69,550954.30,417608.58,3705390.62,681.81
2025-12-12,114.35,50.54,206.79,4923784.70,438103.27,722598.95,576110.58,3526563.57,291289.49,543156.22,412237.68,3682853.72,674.48
2025-12-15,113.49,49.41,203.69,4952160.58,441245.27,724834.45,579067.62,3541418.82,294077.66,545619.66,415145.44,3698367.32,673.46
2025-12-16,110.02,47.53,196.71,4954095.51,439457.57,719628.98,575815.26,3542509.06,292287.33,540792.31,412045.26,3699505.89,671.62
2025-12-17,110.44,46.93,195.85,4946386.27,442100.58,722450.11,578675.49,3538583.07,294636.60,543421.31,414702.73,3695405.90,664.23
2025-12-18,108.46,46.04,192.24,4986188.62,440880.81,718187.00,576169.84,3559591.22,293815.69,540625.78,413058.33,3717345.09,669.25
2025-12-19,109.87,45.45,192.25,5022955.80,444163.78,720334.31,579176.38,3579107.24,296129.56,541741.89,415111.18,3737726.02,675.32
2025-12-22,117.67,47.52,203.46,5039969.22,448435.29,728726.27,585335.07,3588052.20,299111.24,548617.38,419835.20,3747067.40,679.52
2025-12-23,126.23,49.53,215.14,5063033.00,456193.19,741461.12,595512.70,3600228.09,304516.27,558304.32,427334.99,3759782.90,682.63
2025-12-24,124.90,49.50,213.95,5071256.72,456312.05,741886.69,595761.19,3604888.59,304587.55,558617.03,427504.68,3764649.95,685.03
2025-12-26,131.98,50.63,222.46,5129086.12,469925.54,759486.27,611714.62,3635673.84,314980.24,572703.23,440188.05,3796799.54,684.96
2025-12-29,123.87,48.38,210.68,5075300.95,456961.30,742581.85,596468.99,3607314.20,305131.60,559268.68,428143.26,3767183.06,682.52
2025-12-30,128.62,49.59,217.36,5101792.55,465323.04,749244.68,604602.16,3621419.55,312213.85,564969.19,435293.96,3781913.53,681.69
2025-12-31,128.48,48.73,215.34,5073351.18,459370.67,737754.22,596099.05,3606453.08,307072.22,555018.52,427876.32,3766283.77,676.64
2026-01-02,126.58,47.67,211.41,5092294.03,461566.83,738353.39,597766.03,3619431.85,308975.25,555511.37,429392.14,3779837.73,677.88
2026-01-05,132.08,49.41,219.87,5209884.68,469789.27,745885.34,606139.30,3676277.27,316264.02,562065.25,436989.82,3839202.42,682.39
2026-01-06,134.41,50.41,224.02,5249841.15,477655.05,755600.41,615161.10,3695774.27,323232.48,570746.26,445178.69,3859563.50,686.45
2026-01-07,121.37,47.13,205.88,5201216.20,467202.34,740084.75,602114.27,3672135.19,313941.37,555038.85,432654.65,3834876.78,684.24
2026-01-08,120.47,46.49,203.71,5165658.59,465540.55,736748.06,599686.12,3654643.94,312467.08,551674.40,430327.47,3816610.35,684.17
2026-01-09,121.91,48.17,208.61,5242006.83,470101.60,741409.58,604520.94,3692132.47,316505.57,556328.06,434923.37,3855760.30,688.69
2026-01-12,127.16,49.53,216.04,5302784.29,479313.76,753127.73,615221.36,3721967.61,324694.46,568115.53,445157.29,3886917.68,689.77
2026-01-13,127.45,49.66,216.58,5281062.17,481694.40,756859.84,618273.55,3711288.53,326814.99,571853.04,448075.22,3875765.32,688.39
2026-01-14,129.51,50.87,220.96,5340936.41,489460.21,766359.08,627137.34,3740905.41,333712.74,581375.67,456534.48,3906694.76,685.01
2026-01-15,126.56,49.87,216.28,5313342.83,485499.54,762797.26,623142.59,3727192.70,330188.83,577786.62,452714.86,3892374.32,686.88
2026-01-16,118.28,47.34,203.72,5252462.43,479045.59,754589.02,615648.01,3697512.89,324392.56,569424.48,445465.28,3861379.17,686.30
2026-01-20,110.54,47.24,196.83,5214581.24,480595.26,765695.29,621174.44,3678689.89,325707.29,580600.36,450739.49,3841721.97,672.33
2026-01-21,109.06,47.19,195.42,5283918.47,480000.12,762893.73,619653.44,3712655.59,325166.37,577749.02,449258.41,3877192.96,680.09
2026-01-22,110.38,47.82,197.90,5375214.62,483670.34,772098.77,625760.82,3757368.39,328424.06,586997.99,455104.87,3923887.34,683.64
2026-01-23,115.88,48.53,204.31,5434199.12,493371.80,786428.75,637843.56,3786798.86,337042.90,600923.20,466474.70,3954622.11,683.89
2026-01-26,122.37,49.37,211.80,5479054.61,499390.57,803839.77,648794.90,3808995.98,342412.91,616922.34,476400.59,3977802.96,687.36
2026-01-27,143.76,55.58,243.63,5588950.01,505646.67,824535.37,661210.69,3863548.27,348016.24,637905.95,488400.55,4034772.90,690.10
2026-01-28,138.91,54.03,236.11,5608573.70,513562.13,834113.11,670226.32,3873419.34,355096.16,647508.55,497044.49,4045081.43,690.03
2026-01-29,147.13,59.77,255.64,5628256.24,518987.52,836115.00,674570.81,3883609.48,359918.51,649495.07,501181.98,4055723.18,688.66
2026-01-30,117.76,45.86,200.39,5336016.73,480145.53,751463.48,615179.66,3736958.58,325088.69,563787.20,443863.76,3902573.01,686.61
2026-02-02,105.53,38.61,174.15,5319458.93,471155.23,739911.76,604691.95,3728723.50,316941.82,552011.42,433666.57,3893972.97,690.02
2026-02-03,111.05,41.05,184.20,5374176.89,471155.23,749777.01,608723.14,3755313.72,316941.82,562140.43,437645.31,3921741.61,684.19
2026-02-04,105.31,39.20,175.28,5352397.28,471128.05,750812.68,609125.99,3744821.12,316891.71,563142.97,438000.96,3910784.01,680.87
2026-02-05,95.43,37.48,163.21,5250289.61,470920.68,731253.13,601057.71,3695088.06,316701.56,543072.90,430064.51,3858846.87,672.37
2026-02-06,104.23,39.78,175.74,5423168.07,470723.84,735668.24,602746.61,3779032.18,316483.35,547544.86,431687.05,3946511.22,685.27
2026-02-09,118.89,40.98,190.75,5521850.01,470951.02,740367.94,604817.33,3826835.79,316691.67,552365.29,433729.35,3996433.40,688.57
2026-02-10,113.62,39.89,184.00,5507961.92,470794.18,737762.38,603652.36,3820026.00,316535.30,549669.54,432563.89,3989321.82,686.76
2026-02-11,106.32,41.04,180.73,5522137.87,470487.12,738262.25,603660.01,3827253.66,316228.73,550121.98,432532.44,3996869.78,686.60
2026-02-12,111.49,38.71,180.01,5436210.03,470707.46,733370.18,601801.30,3785090.34,316430.53,545151.01,430716.23,3952837.87,675.99
2026-02-13,116.80,38.97,184.90,5484448.34,472736.38,736998.33,604586.91,3809073.49,318237.16,548762.63,433372.55,3977883.91,676.47
2026-02-17,102.16,37.21,169.12,5439180.46,472549.87,731597.43,602252.37,3787235.48,318051.16,543202.35,431050.35,3955078.08,677.56
2026-02-18,94.78,36.59,161.60,5439173.80,471248.45,730444.54,600948.52,3787306.71,316843.78,541978.16,429746.46,3955152.47,680.97
2026-02-19,92.39,36.85,160.14,5429003.12,471876.85,729110.65,600800.49,3782375.16,317417.37,540580.91,429581.50,3950002.36,679.18
2026-02-20,91.12,36.72,158.75,5496058.89,471287.16,730445.00,600974.86,3815369.45,316836.83,541873.99,429702.44,3984458.89,684.09
2026-02-23,94.75,37.62,163.88,5474558.63,473244.33,734268.94,603795.80,3804807.61,318628.02,545749.49,432453.69,3973428.97,677.10
2026-02-24,94.99,37.50,163.81,5497237.08,472947.71,733039.82,603101.22,3816150.14,318328.53,544454.02,431737.18,3985274.19,682.02
2026-02-25,94.35,37.21,162.63,5569647.21,472155.82,732460.65,602358.06,3851696.07,317587.86,543842.12,430992.30,4022395.44,687.78
2026-02-26,97.29,38.03,166.96,5558790.21,473347.94,734817.95,604087.79,3846418.66,318664.89,546202.03,432658.22,4016884.14,683.96
2026-02-27,105.83,39.40,177.29,5559902.45,476394.75,739171.45,607821.45,3847186.46,321428.63,550557.05,436259.26,4017685.97,680.67
2026-03-02,88.47,36.98,157.31,5464461.46,475431.18,738189.43,606802.98,3799604.24,320527.42,549537.01,435243.54,3967995.00,681.06
2026-03-03,82.16,36.56,150.80,5307500.74,475596.97,733419.45,604948.29,3726003.72,322582.33,544667.41,434710.31,3891132.66,675.06
2026-03-04,78.90,35.93,146.51,5390007.77,474251.44,733731.15,604221.10,3763940.42,321422.52,544959.77,434045.51,3930750.64,679.82
2026-03-05,83.15,34.96,148.47,5271070.13,477041.09,733545.72,605921.83,3709663.68,323361.90,544735.68,435265.73,3874068.46,676.03
2026-03-06,87.71,36.14,155.05,5272606.50,485201.29,743784.55,615332.96,3710173.42,330136.40,555019.97,443933.96,3874600.79,667.17
2026-03-09,83.70,35.49,150.12,5348086.57,478948.79,737371.63,608715.54,3744578.57,324385.24,548532.71,437472.75,3910530.70,673.01
2026-03-10,81.72,35.72,148.83,5354840.32,474433.07,737277.92,605807.25,3747711.46,320227.65,548422.50,434625.29,3913802.44,671.93
2026-03-11,84.40,36.08,152.02,5329733.67,475886.50,737005.38,606623.23,3736258.81,321565.72,548145.92,435423.74,3901842.23,671.09
2026-03-12,85.78,36.26,153.65,5218363.42,477139.11,735708.60,606887.91,3685583.42,322694.62,546786.18,435647.98,3848921.01,660.90
2026-03-13,87.13,36.24,154.80,5106112.16,478630.89,736638.19,608220.05,3635054.18,324028.51,547652.80,436893.62,3796152.42,657.16
2026-03-16,77.29,35.04,143.49,5237637.72,472536.32,731166.84,602088.95,3694385.49,318424.37,542135.21,430914.69,3858113.17,663.84
2026-03-17,78.54,35.71,146.03,5305250.59,473807.68,731423.33,603004.52,3724639.85,319576.79,542369.90,431787.73,3889708.34,665.59
2026-03-18,87.46,36.85,156.66,5150600.63,480577.10,733942.68,608350.66,3654440.65,325772.05,544848.30,436959.55,3816398.05,656.30
2026-03-19,78.91,37.09,149.51,5133597.41,472993.97,720241.59,597872.74,3645959.30,318803.09,531011.28,426737.27,3807540.83,654.69
2026-03-20,80.57,36.58,150.07,4921290.65,478749.01,726111.33,603946.21,3550763.99,324050.63,536853.20,432596.72,3708126.66,645.30
2026-03-23,77.58,36.54,147.18,4999386.64,470730.28,715941.03,594658.76,3585774.89,316685.07,526613.30,423554.68,3744689.17,652.08
2026-03-24,79.78,36.73,149.65,4951132.13,471987.25,716864.31,595836.15,3564733.14,317825.47,527520.33,424682.06,3722714.88,649.89
2026-03-25,80.69,37.01,151.09,5016872.86,472088.98,713777.67,594617.60,3593907.95,317927.17,524458.76,423517.64,3753182.67,653.51
2026-03-26,87.81,37.60,158.95,4846385.99,476648.77,720201.26,600164.84,3518385.11,322083.96,530845.23,428864.96,3674312.81,641.84
2026-03-27,90.53,37.81,161.86,4813084.32,477822.96,723113.57,602117.53,3503951.32,323123.07,533701.01,430710.34,3659239.35,630.89
2026-03-30,87.88,37.45,158.72,4848756.58,477570.36,719814.36,600584.79,3519931.88,322879.77,530394.55,429213.98,3675928.13,628.78
2026-03-31,87.90,38.22,160.38,5042540.74,473613.72,714122.12,595722.20,3604396.39,319245.58,524698.42,424493.71,3764135.94,647.06
2026-04-01,83.63,37.25,154.43,5092663.04,470447.20,709588.72,591839.85,3626747.16,316315.80,520118.43,420693.22,3787463.56,651.94
2026-04-02,87.53,37.65,158.86,5081267.71,474595.17,714264.36,596398.88,3621975.35,320089.10,524741.09,425071.92,3780824.24,652.52
2026-04-06,89.16,38.10,161.29,5113665.78,475758.67,715089.03,597474.22,3636906.30,321128.19,525519.56,426077.17,3800933.91,655.61
2026-04-07,83.51,36.92,153.68,5109754.25,470840.05,709039.58,591858.51,3635228.30,316620.84,519472.78,420635.68,3798553.72,655.90
2026-04-08,74.36,36.09,143.53,5209767.22,464006.97,698737.86,583264.24,3680991.23,310370.64,509185.13,412318.80,3860499.99,672.60
2026-04-09,73.18,35.90,142.02,5230882.17,463175.41,697341.81,582158.93,3690746.48,309601.71,507772.70,411236.18,3873620.40,676.48
2026-04-10,72.55,35.95,141.52,5236756.26,463390.45,697506.94,582362.99,3693745.71,309761.12,507875.50,411383.68,3877486.16,676.04
2026-04-13,73.51,36.11,142.77,5281913.54,464540.12,697582.86,583117.11,3714773.67,310802.50,507951.57,412106.00,3905734.00,682.64
2026-04-14,77.10,36.86,147.74,5329929.78,467484.46,697367.86,584875.20,3737303.38,313463.36,507715.25,413774.21,3935857.81,690.96
2026-04-15,78.03,37.05,149.02,5347116.92,468355.33,697595.45,585515.41,3745488.67,314239.91,507919.49,414369.96,3946668.05,696.41
2026-04-16,76.86,36.80,147.39,5341809.98,467310.49,697742.98,584924.22,3743010.29,313276.88,508045.08,413786.24,3943376.15,698.12
2026-04-17,70.56,36.02,139.78,5340366.50,463588.83,698824.66,583048.44,3742612.31,309846.38,509049.83,411929.85,3942642.80,706.56
2026-04-20,70.62,36.29,140.36,5340291.23,463857.44,698615.77,583130.22,3742660.72,310074.97,508825.16,411990.90,3942658.58,705.15
2026-04-21,69.31,37.00,140.44,5310213.35,460923.16,697779.40,580936.77,3728099.74,307406.01,507983.77,409877.17,3923820.45,700.53
2026-04-22,71.60,36.84,142.46,5362046.03,462569.52,699414.78,582655.06,3753332.81,308891.86,509590.94,411516.13,3956286.43,707.63
2026-04-23,70.80,37.90,143.71,5341943.56,461398.31,698935.95,581717.98,3743689.37,307808.05,509081.84,410588.62,3943718.54,704.88
2026-04-24,71.00,37.85,143.81,5374739.24,462867.88,700059.34,583111.87,3760047.48,309111.11,510146.93,411887.22,3964500.35,710.34
2026-04-27,70.79,38.56,144.94,5385822.77,462745.85,700757.67,583325.84,3765621.77,308986.43,510814.29,412073.57,3971527.61,711.57
2026-04-28,72.34,40.11,149.45,5378153.28,462246.43,702975.06,583933.96,3761897.28,308520.49,512976.86,412635.14,3966738.51,708.10
2026-04-29,72.79,40.64,150.90,5386580.23,462570.05,704779.18,584887.68,3766055.30,308810.63,514752.01,413543.13,3972069.53,707.99
2026-04-30,69.18,38.92,143.98,5425888.63,462194.85,703174.36,583984.56,3786150.26,308464.25,513149.55,412667.50,3997003.33,715.04
2026-05-01,69.73,39.22,145.09,5411173.63,461472.75,703991.14,583867.54,3779126.79,307776.52,513893.76,412506.72,3988520.78,717.02
2026-05-04,71.28,39.92,148.00,5387086.52,463414.57,706988.34,586338.85,3767151.66,309503.73,516804.03,414832.24,3974636.24,714.39
2026-05-05,71.65,40.23,148.96,5453152.05,461919.39,706970.13,585385.41,3800686.02,308143.63,516763.99,413904.69,4013199.04,720.12
2026-05-06,68.09,39.00,142.97,5526468.05,458285.76,703028.05,581450.91,3837927.08,304880.08,512902.10,410166.26,4055745.86,730.13
2026-05-07,65.34,37.94,138.15,5475593.76,454986.90,698498.67,577485.15,3812231.53,301881.74,508407.86,406352.35,4025861.69,727.89
2026-05-08,66.69,38.60,140.78,5544341.97,457217.99,701431.34,580113.33,3847484.02,303869.30,511251.82,408826.59,4066349.58,733.90
2026-05-11,69.44,40.02,146.28,5593105.08,459275.49,705139.63,582952.05,3872634.54,305692.91,514859.04,411495.60,4095069.76,735.57
2026-05-12,71.91,41.25,151.13,5598382.00,459502.73,707386.88,584025.19,3875468.02,305877.34,517048.11,412494.53,4098334.46,734.46
2026-05-13,73.01,41.85,153.37,5620280.20,460665.36,709697.02,585717.68,3886757.29,306919.50,519317.69,414102.56,4111376.90,738.57
2026-05-14,68.68,39.65,144.79,5577097.93,457556.61,705822.97,582142.71,3864490.16,304098.29,515467.53,410664.28,4085763.83,744.40
2026-05-15,61.91,35.39,129.89,5471361.89,453069.25,695726.71,575124.56,3809444.40,300042.13,505499.93,403954.99,4022681.01,735.44
2026-05-18,64.41,36.95,135.37,5518292.24,452426.21,698952.53,576049.74,3833905.83,299465.59,508673.16,404834.78,4050573.08,734.93
2026-05-19,66.37,38.00,139.36,5484936.13,453910.03,701216.26,577927.21,3816779.18,300771.52,510862.43,406588.68,4030939.96,730.03
2026-05-20,61.55,35.55,129.79,5541707.50,450835.96,693939.36,572971.49,3846628.51,298000.28,503671.28,401853.90,4064729.93,737.51
2026-05-21,58.97,33.99,124.22,5547195.60,450908.97,689674.34,571257.12,3849513.54,298183.67,499480.49,400305.74,4068012.15,738.98
2026-05-22,59.76,33.65,124.46,5549575.32,451518.82,687805.74,570869.55,3850880.92,298404.73,497604.16,399702.23,4069569.43,741.88
2026-05-26,59.21,32.24,121.26,5594042.73,450676.50,685997.60,569586.70,3874578.07,297671.05,495787.91,398481.41,4096144.91,746.81
2026-05-27,60.26,31.72,121.37,5552876.86,450906.35,684752.98,569215.24,3852632.24,297798.07,494545.91,398067.31,4071680.26,746.68
2026-05-28,58.05,31.73,119.15,5558284.65,449971.04,685739.85,569035.06,3855633.40,296952.95,495495.08,397884.47,4074860.16,750.80
2026-05-29,58.01,31.74,119.13,5550260.91,449314.32,686331.52,568865.30,3851427.18,296334.21,496017.62,397679.76,4070335.18,752.67
2026-06-01,60.74,31.74,121.93,5571946.78,452997.63,686853.96,571413.48,3863177.96,299673.92,496512.87,400119.23,4082831.59,754.72
2026-06-02,60.73,31.74,121.91,5608202.59,454158.66,686948.39,572185.03,3882476.18,300565.91,496625.59,400760.13,4103226.62,755.74
2026-06-03,63.51,31.74,124.72,5554507.93,453970.71,685140.86,571313.85,3853791.74,300438.61,494817.61,399945.77,4072911.24,750.44
2026-06-04,63.58,31.74,124.79,5572422.67,454144.89,685827.03,571709.54,3863297.67,300621.12,495490.88,400339.34,4082957.66,753.27
2026-06-05,67.77,31.76,128.93,5382585.30,452902.62,681461.47,569108.03,3761712.66,299555.79,491128.43,397867.64,3975596.71,733.83
2026-06-08,67.82,31.76,128.98,5402649.45,453771.69,682079.24,569912.02,3772938.81,300244.98,491714.24,398562.61,3987461.16,735.49
2026-06-09,67.42,31.71,128.50,5397284.85,453888.18,681211.47,569622.64,3770039.20,300332.81,490853.00,398271.86,3984396.68,733.34
2026-06-10,67.18,31.78,128.40,5314347.15,454069.77,685500.50,571529.81,3726301.85,300467.62,495003.02,400044.88,3938172.51,721.77
2026-06-11,66.17,30.98,125.84,5473727.40,452494.34,678929.96,567799.26,3810077.57,299246.81,488597.83,396643.96,4026711.56,734.04
2026-06-12,68.11,31.45,128.62,5490648.86,454954.48,680663.42,570067.64,3818729.86,301143.61,490227.37,398562.46,4036447.24,738.01
2026-06-15,67.88,31.59,128.69,5550345.76,454358.16,675650.35,567594.76,3849163.06,300869.97,485356.25,396401.24,4070038.23,751.03
2026-06-16,67.03,31.70,128.12,5533397.38,453571.33,674403.22,566579.47,3840509.80,300163.66,484124.65,395433.01,4060419.32,746.55
2026-06-17,75.64,33.71,140.41,5485445.07,461282.00,678987.15,573320.89,3815467.25,305545.25,488553.92,400786.76,4033477.27,737.23
2026-06-18,78.96,34.76,145.68,5570998.72,465322.64,682673.14,577388.10,3860351.98,308575.45,492584.22,404427.27,4082209.20,744.89
2026-06-22,80.69,35.32,148.44,5547410.77,466675.90,684670.86,579072.49,3848039.94,309740.40,493968.85,405759.08,4068634.84,742.55
2026-06-23,84.76,36.42,154.49,5452649.35,470166.84,689329.20,583208.29,3798893.06,312198.98,497911.01,408988.55,4014627.86,731.76
2026-06-24,87.74,37.27,159.03,5452299.34,474114.71,693736.71,587521.30,3798787.33,314951.77,501691.54,412344.34,4014460.56,731.42
2026-06-25,84.92,36.61,155.07,5504060.16,470673.47,687830.96,582888.35,3825664.11,312460.88,496768.55,408690.65,4043868.76,732.48
2026-06-26,84.83,36.55,154.85,5485561.42,471088.18,687523.92,583015.04,3816330.11,312734.76,496491.98,408755.99,4033867.61,727.18
2026-06-29,84.37,37.17,155.73,5508497.30,471075.93,687825.29,583135.24,3828475.63,312726.42,496819.27,408885.27,4046964.66,739.16
2026-06-30,80.16,37.69,152.95,5491570.27,467954.32,685246.42,580109.97,3819386.40,310650.00,494847.09,406716.27,4037326.30,744.92
2026-07-01,81.06,38.55,155.54,5446650.57,469791.93,689751.54,583155.94,3795629.15,311870.01,498177.56,408883.57,4012070.75,743.91
2026-07-02,76.65,35.70,145.57,5439092.22,464662.77,681412.14,576447.21,3791932.36,308468.42,491027.42,403719.44,4008162.97,742.94
2026-07-06,78.56,37.80,151.67,5529683.31,467578.64,685761.87,580095.73,3840147.86,310401.84,494848.41,406555.45,4059127.90,749.42
2026-07-07,77.81,37.44,150.22,5502692.03,465814.97,685477.77,578881.53,3825777.22,309228.79,494578.54,405676.38,4043937.78,745.86
2026-07-08,76.74,37.76,149.83,5488580.88,464826.45,683637.87,577490.41,3818166.62,308204.89,493016.04,404363.94,4035893.20,743.55
2026-07-09,76.99,37.82,150.19,5531838.74,464567.26,683970.58,577469.93,3841513.68,307909.14,493287.91,404281.42,4060571.60,749.85
2026-07-10,76.40,36.78,147.54,5539881.09,463395.46,683365.75,576486.31,3846171.78,306957.34,492744.52,403433.89,4065495.32,753.08
2026-07-13,79.29,37.90,152.57,5532336.03,468493.66,687448.56,581379.64,3842067.86,311253.54,496180.37,407663.69,4061157.38,747.31
2026-07-14,75.30,35.92,144.75,5550966.45,464233.68,679397.92,575332.18,3852217.05,307226.37,489405.55,402243.29,4071885.32,749.97
2026-07-15,75.22,35.61,144.07,5556168.87,465858.47,674732.13,574363.43,3855076.71,307796.06,485496.17,401009.67,4074908.04,752.94
2026-07-16,75.85,35.91,145.28,5524754.32,465293.18,677094.95,575020.63,3838171.90,307669.21,487460.85,401738.42,4057039.26,748.86
2026-07-17,74.87,34.80,142.07,5501376.19,464702.36,672846.56,572851.59,3825638.13,307172.22,483802.35,399906.39,4043790.77,741.45
2026-07-20,75.85,35.02,143.47,5530077.34,465636.38,674612.10,574178.86,3841192.23,307774.29,485190.03,400871.83,4060231.82,740.25
2026-07-21,77.38,35.98,146.88,5634909.04,467003.07,677735.44,576350.68,3897524.95,308502.43,488214.32,402595.38,4119776.85,746.43
2026-07-22,77.85,36.00,147.36,5637944.15,468320.91,678488.93,577484.27,3899219.22,309511.65,488907.24,403539.60,4121567.73,745.56
2026-07-23,79.76,36.88,150.97,5614576.80,472043.87,682353.15,581424.12,3886384.12,312932.43,492647.99,407313.38,4108000.73,736.35
2026-07-24,79.71,36.85,150.86,5620747.73,471457.25,683039.95,581355.46,3889982.76,312381.44,493257.60,407206.81,4111804.57,737.10
2026-07-27,78.17,36.99,149.70,5591861.80,469346.60,683314.76,580171.08,3874246.71,310636.79,493504.29,406171.51,4095171.19,737.26
2026-07-28,76.02,37.06,147.78,5555663.73,468287.07,683658.92,579662.33,3854507.79,309775.31,493818.99,405737.81,4074306.68,739.02
2026-07-29,72.41,36.57,143.29,5514441.60,466421.89,679826.66,576883.29,3832149.45,307935.59,490090.69,403001.34,4050673.39,727.65
2026-07-30,67.25,32.66,130.54,5555397.02,454608.60,664987.73,563281.82,3854429.72,297653.22,475707.77,390359.44,4074224.16,739.85
2026-07-31,67.31,32.67,130.61,5559487.14,453519.58,667244.94,563563.14,3856855.59,296608.28,477839.34,390548.81,4076788.37,745.18
2026-08-03,66.74,32.68,130.06,5556092.71,452606.26,667883.59,563265.38,3854662.56,295787.00,478437.26,390252.46,4074470.29,755.79
2026-08-04,66.08,32.68,129.43,5603207.21,452421.30,667484.19,562981.87,3879075.81,295620.90,478050.75,389985.25,4100275.67,769.42
2026-08-05,66.65,32.68,129.99,5612851.66,452539.25,665769.05,562331.95,3884145.50,295718.51,476376.77,389366.84,4105634.45,767.88
2026-08-06,66.49,32.69,129.85,5628869.55,452081.56,668237.51,563090.06,3892664.21,295292.85,478731.92,390049.10,4114638.93,766.66
2026-08-07,67.12,32.70,130.48,5655249.32,453808.00,666941.41,563619.17,3906705.75,296782.95,477417.22,390497.65,4129481.17,771.34
2026-08-10,67.12,32.70,130.49,5707440.22,453541.30,668070.84,563930.78,3933893.66,296547.31,478511.96,390790.34,4158219.44,771.12
2026-08-11,67.56,32.70,130.92,5693690.68,453489.06,667833.21,563798.00,3926701.01,296489.63,478267.21,390652.39,4150616.64,768.65
2026-08-12,66.29,32.71,129.70,5733971.94,452990.50,670299.49,564529.13,3948015.08,296024.52,480614.86,391304.77,4173146.12,770.58
2026-08-13,66.59,32.71,130.00,5712698.34,454463.75,672378.09,566322.44,3936812.67,297318.21,482619.27,392975.78,4161304.90,775.95
2026-08-14,67.83,32.72,131.22,5743801.45,455493.28,671343.15,566528.05,3953315.06,298202.72,481582.02,393138.03,4178748.32,774.42
2026-08-17,68.27,32.72,131.66,5788525.59,455301.44,669442.53,565606.81,3977004.44,297923.65,479710.68,392190.24,4203788.57,770.76
2026-08-18,67.13,32.73,130.57,5700265.51,452344.33,667869.57,563105.56,3930217.32,295621.72,478182.15,390050.27,4154333.46,765.55
2026-08-19,71.23,32.72,134.54,5688829.10,454887.37,661096.31,561833.03,3924073.96,298718.94,471553.15,389389.92,4147839.78,767.15
2026-08-20,72.77,32.61,135.77,5709662.33,455674.31,659660.64,561708.95,3934955.96,298826.57,469162.84,388473.16,4159342.32,760.71
2026-08-21,73.67,32.62,136.62,5777639.26,456829.17,661533.71,563218.22,3970779.99,299535.37,470197.79,389362.35,4197209.18,763.82
2026-08-24,69.47,31.47,130.31,5752078.79,452495.83,656372.19,558349.75,3957356.97,295697.81,465878.97,385079.99,4183020.72,761.58
2026-08-25,71.45,31.47,132.18,5731240.75,454101.30,658865.28,560400.66,3946426.56,296499.37,468013.40,386484.04,4171467.02,764.01
2026-08-26,67.17,31.47,128.23,5731121.94,449748.53,654757.15,555967.71,3946429.61,293400.57,464154.63,382871.13,4171470.24,764.18
2026-08-27,67.84,31.47,128.87,5762034.68,451550.36,656476.37,557811.32,3962607.94,294517.66,465753.20,384259.31,4188571.12,769.19
2026-08-28,62.78,31.48,124.07,5767196.48,446975.36,650467.87,552432.79,3965450.39,291487.73,460199.86,379991.90,4191575.66,767.44
2026-08-31,65.17,31.48,126.44,5769482.54,449769.63,652052.51,554832.46,3966673.71,293311.84,461688.86,381795.62,4192868.73,765.15
2026-09-01,62.78,31.49,124.13,5758538.70,448943.99,649631.66,553293.25,3961238.49,292766.18,459326.26,380463.60,4187123.58,759.89
2026-09-02,59.43,31.49,120.82,5761455.02,443092.51,645789.08,548051.11,3962780.69,288821.22,455648.93,376377.29,4188753.72,763.26
2026-09-03,57.11,31.50,118.49,5783885.78,442853.82,641567.46,546112.14,3973978.23,289005.75,451593.41,374822.55,4200589.79,771.25
2026-09-04,56.75,31.51,118.13,5787954.16,441781.90,642049.67,545656.45,3976351.63,288033.66,452004.39,374362.73,4203098.53,768.28
2026-09-08,58.32,31.31,119.38,5767146.96,448940.72,649158.71,553098.34,3966135.06,294290.23,458729.99,381213.79,4192299.37,764.06
2026-09-09,58.85,31.54,120.37,5771012.82,449821.25,650145.63,554061.19,3968025.96,295057.92,459657.99,382096.60,4194298.10,760.51
2026-09-10,58.92,30.98,119.38,5769210.99,458795.30,656553.27,562318.35,3967140.47,302824.18,465761.84,389662.17,4193362.12,755.95
2026-09-11,60.78,30.99,121.28,5812897.71,456338.76,657468.47,561204.85,3989187.98,301166.66,466765.94,389015.77,4216666.85,762.40
2026-09-14,58.92,30.99,119.42,5776363.51,456344.11,652839.89,559232.70,3970867.51,301115.78,462744.92,387307.29,4197301.69,759.00
2026-09-15,59.33,30.99,119.84,5780520.11,459596.00,661506.00,564937.00,3973036.60,303296.36,470567.15,391983.19,4199594.47,755.51
2026-09-16,59.64,30.99,120.15,5797697.36,458886.55,662398.23,564881.96,3981612.97,302841.75,471435.98,392051.28,4208659.89,752.18
2026-09-17,57.20,31.00,117.71,5825244.84,453078.63,654930.85,558123.20,3995554.28,299005.61,464143.83,386536.08,4223396.18,760.71
2026-09-18,59.08,31.01,119.66,5834675.00,455249.08,658927.57,561163.01,4000393.09,300449.65,467595.49,388906.73,4228510.93,761.69
2026-09-21,57.78,31.01,118.36,5886425.32,448276.27,650166.85,553135.04,4026666.85,295534.70,459987.27,382561.79,4256282.92,773.50
2026-09-22,57.74,31.01,118.32,5899924.65,446476.99,649363.87,551683.39,4033426.71,294187.35,459163.86,381347.33,4263428.25,773.38
2026-09-23,61.70,31.02,122.38,5904009.00,457850.47,667648.58,566477.25,4035712.02,303136.96,476842.10,394489.02,4265843.88,767.81
2026-09-24,63.65,31.02,124.31,5934069.23,462919.93,676347.45,573303.71,4050936.44,306742.59,483566.79,399616.77,4281936.45,767.18
2026-09-25,62.59,31.03,123.31,5933849.41,458935.44,668654.99,567576.16,4051231.01,303363.03,476384.04,394447.48,4282247.82,771.35
2026-09-28,64.49,31.01,125.13,5913592.92,463379.72,675941.03,573416.65,4040850.96,306905.92,482959.16,399472.91,4271275.86,765.61
2026-09-29,64.06,30.92,124.54,5911136.26,464493.76,675328.11,573845.97,4039796.11,307477.59,482282.24,399565.00,4270160.86,764.20
2026-09-30,65.67,31.31,126.89,5890625.56,466936.69,685302.25,579592.65,4029100.37,309322.82,489740.28,403853.38,4258855.21,762.63
