symbol,entry,exit,ret,days,delisted
MDR,1998-03-18,1998-03-20,0.0590359096363009,2,
ADM,1998-03-18,1998-03-24,0.009342902309600554,4,
OMC,1998-03-20,1998-03-24,0.029776301845766406,2,
CVS,1998-03-18,1998-03-25,-0.005418745778642764,5,
DLX,1998-03-19,1998-03-25,-0.0037994485307405457,4,
KR,1998-03-20,1998-03-25,-0.0033879769255812375,3,
MAT,1998-03-23,1998-03-25,-0.03117934696882063,2,
MCD,1998-03-20,1998-03-25,0.02210832645615257,3,
WMT,1998-03-23,1998-03-25,0.02203503782283711,2,
CINF,1998-03-20,1998-03-26,0.008871428208458765,4,
GPS,1998-03-20,1998-03-26,-0.023576423576423533,4,
BBWI,1998-03-24,1998-03-27,0.040046360406870374,3,
BIG,1998-03-25,1998-03-27,0.022248665842523163,2,
HD,1998-03-26,1998-03-27,0.032284511380347825,1,
AZO,1998-03-26,1998-03-30,0.020988608320662072,2,
TRV,1998-03-26,1998-03-30,-0.0006349900099897887,2,
WBA,1998-03-24,1998-03-31,0.0017088625660055534,5,
ABT,1998-03-26,1998-04-01,0.01806233795711365,4,
BSX,1998-03-26,1998-04-01,-0.01308691308691301,4,
FNMA,1998-03-27,1998-04-01,0.008903708009964317,3,
JNJ,1998-03-30,1998-04-01,0.019735490989846616,2,
LPX,1998-03-27,1998-04-01,0.003396603396603304,3,
FMCC,1998-03-27,1998-04-02,0.003282431853860457,4,
LMT,1998-03-30,1998-04-02,0.023735233376489084,3,
NUE,1998-04-01,1998-04-02,0.01387930251566627,1,
CVX,1998-04-01,1998-04-03,0.024830008700976514,2,
ETN,1998-03-31,1998-04-03,0.0019571670027933585,3,
LLY,1998-03-25,1998-04-03,-0.012265512265512202,7,
OI,1998-04-02,1998-04-03,0.01250784099621316,1,
X,1998-04-01,1998-04-03,0.0488505686499352,2,
BAX,1998-04-01,1998-04-06,0.027421520553643886,3,
CMCSA,1998-03-30,1998-04-06,0.017363534207135434,5,
FL,1998-04-03,1998-04-06,0.015609090188079655,1,
LOW,1998-04-03,1998-04-06,0.010726977940092697,1,
MTG,1998-04-03,1998-04-09,0.017194344117421156,4,
WHR,1998-04-06,1998-04-09,0.037471003572698613,3,
RTN,1998-04-01,1998-04-13,-0.005249937851550035,7,
AAPL,1998-04-07,1998-04-14,0.01974876363473199,4,
CCK,1998-04-09,1998-04-14,0.02222534746806626,2,
LPX,1998-04-07,1998-04-14,0.040773512202083584,4,
AMGN,1998-04-07,1998-04-15,-0.014738453036325372,5,
NC,1998-04-02,1998-04-15,0.0027499804748782886,8,
SEE,1998-04-02,1998-04-15,-0.013524049095345658,8,
ASH,1998-04-03,1998-04-16,-0.032618524775296476,8,
MRO,1998-04-14,1998-04-16,0.026639846347480622,2,
ED,1998-04-14,1998-04-17,0.0035541648893526734,3,
NSC,1998-04-15,1998-04-17,0.0050800263566221915,2,
AZO,1998-04-17,1998-04-20,0.03481354710862905,1,
BMY,1998-04-16,1998-04-20,0.029247011147207846,2,
CPB,1998-04-09,1998-04-20,-0.007896358960188699,6,
PG,1998-04-15,1998-04-20,0.015810212092739917,3,
MRK,1998-04-16,1998-04-21,0.006249968019410357,3,
STJ-201701,1998-04-20,1998-04-21,0.012411498406300847,1,
SYY,1998-04-14,1998-04-21,-0.029443056943056933,5,
CLX,1998-04-17,1998-04-22,0.013682428071856823,3,
KATE-201707,1998-04-03,1998-04-22,-0.007089848926583597,12,
XRX,1998-04-21,1998-04-22,0.008361844168872867,1,
D,1998-04-13,1998-04-23,-0.019044619976296806,8,
NTRS,1998-04-22,1998-04-23,0.04488799790813247,1,
NEE,1998-04-21,1998-04-28,-0.012181695855165264,5,
CNP,1998-04-22,1998-04-29,-0.02364669401072106,5,
PCAR,1998-04-20,1998-04-29,-0.05429507997331351,7,
BC,1998-04-23,1998-04-30,-0.019237959736999932,5,
M,1998-04-22,1998-04-30,0.0018355524117368294,6,
AON,1998-04-29,1998-05-01,0.025269902149522405,2,
BNY,1998-04-30,1998-05-01,0.009705604300373372,1,
PEG,1998-04-22,1998-05-01,-0.03430741919950553,7,
PH,1998-04-23,1998-05-01,-0.03187021208323726,6,
SVU,1998-04-22,1998-05-01,-0.03748446461352517,7,
TGNA,1998-04-28,1998-05-01,0.019414700599109214,3,
XEL,1998-04-23,1998-05-01,0.00357120558013424,6,
GIS,1998-04-15,1998-05-04,-0.06232627476150787,13,
GL,1998-04-30,1998-05-04,0.03769520563855511,2,
AON,1998-05-08,1998-05-11,0.020978990491929972,1,
PFE,1998-05-07,1998-05-11,0.03691502303677763,2,
R,1998-04-29,1998-05-11,-0.04752090015247912,8,
SVU,1998-05-07,1998-05-11,0.011170733131148136,2,
BALL,1998-05-08,1998-05-12,0.016390748443522396,2,
EFX,1998-05-07,1998-05-12,0.047391175377523576,3,
MSFT,1998-05-05,1998-05-13,0.010103306109012333,6,
PCG,1998-05-11,1998-05-13,-0.0019980019980019303,2,
SNV,1998-05-08,1998-05-13,0.014590929996095126,3,
STT,1998-05-11,1998-05-13,0.001637706555739582,2,
SPGI,1998-05-08,1998-05-14,-0.008690399329107756,4,
GL,1998-05-12,1998-05-15,0.04000787563182118,3,
KBH,1998-05-11,1998-05-15,0.03901577874180617,4,
NAV,1998-05-13,1998-05-15,0.06237735725387794,2,
THC,1998-05-13,1998-05-15,0.017261712399057716,2,
WHR,1998-05-11,1998-05-19,0.0020461543610648114,6,
HRB,1998-05-08,1998-05-20,0.006580811738404968,8,
MBI,1998-05-13,1998-05-20,0.0065464832811550355,5,
EHC,1998-05-18,1998-05-21,-0.0019980019980018193,3,
EIX,1998-05-15,1998-05-21,0.006756401493243747,4,
JCP,1998-05-20,1998-05-21,0.027808146261471878,1,
PPL,1998-05-15,1998-05-21,-0.01915556503821847,4,
T,1998-05-12,1998-05-21,0.007506813072530649,7,
XRX,1998-05-14,1998-05-21,0.004908597663517256,5,
CCK,1998-05-21,1998-05-26,0.004170119126855942,2,
GRA,1998-05-18,1998-05-26,0.0012957339690014003,5,
SHW,1998-05-21,1998-05-26,0.0301346669306648,2,
KBH,1998-05-26,1998-05-29,0.04291208791208789,3,
XOM,1998-05-21,1998-05-29,-0.003753502434241107,5,
ASH,1998-05-20,1998-06-01,-0.04682133106868236,7,
BSX,1998-05-29,1998-06-04,-0.0019980019980018193,4,
HAL,1998-05-13,1998-06-05,-0.10520117187460387,16,
IBM,1998-06-01,1998-06-05,-0.007312217252679498,4,
MAT,1998-05-21,1998-06-05,-0.04026005942938837,10,
TXN,1998-05-21,1998-06-05,-0.08179320679320679,10,
BAX,1998-06-05,1998-06-08,0.028034493325806986,1,
EMN,1998-05-29,1998-06-08,-0.004793525801929266,6,
NUE,1998-05-19,1998-06-08,-0.08630410685205181,13,
TKR,1998-05-26,1998-06-08,-0.033883014462089855,9,
UNH,1998-05-21,1998-06-08,-0.05432769477713295,11,
CLX,1998-06-05,1998-06-09,0.0198121396312807,2,
TXT,1998-06-05,1998-06-09,0.023705424238284145,2,
LHX,1998-05-26,1998-06-10,-0.06994954051565028,11,
DDS,1998-06-04,1998-06-11,0.004162504162504188,5,
AZO,1998-06-09,1998-06-15,-0.02145223197854762,4,
ECL,1998-06-12,1998-06-16,0.03183257420545571,2,
BCR-201712,1998-06-12,1998-06-17,-0.0019980019980019303,3,
RRD,1998-06-11,1998-06-17,-0.0019980019980020414,4,
BEAM-201404,1998-06-12,1998-06-18,0.004409715485156784,4,
BNY,1998-06-16,1998-06-18,0.011731149439980548,2,
DOV,1998-06-11,1998-06-18,0.003128745905927044,5,
IPG,1998-06-12,1998-06-18,-0.009709994957623813,4,
ITT,1998-06-17,1998-06-18,0.03777742156402453,1,
MBI,1998-06-15,1998-06-18,-0.0002758505857117788,3,
MCD,1998-06-12,1998-06-18,0.03489312244176079,4,
RTX,1998-06-05,1998-06-18,-0.01924059505748965,9,
LNC,1998-06-17,1998-06-19,0.012361738980444237,2,
HAS,1998-06-18,1998-06-22,0.025251093946106806,2,
AMGN,1998-06-23,1998-06-24,0.018369385716324516,1,
OI,1998-06-19,1998-06-24,0.006531929608852849,3,
DUK,1998-06-23,1998-06-25,-0.0019980019980018193,2,
PPG,1998-06-22,1998-06-25,0.02497502497502513,3,
GT,1998-06-12,1998-06-26,-0.027204787728641766,10,
SYY,1998-06-26,1998-06-29,0.04662260816106967,1,
EXC,1998-06-26,1998-06-30,0.01543429112872885,2,
JCP,1998-06-26,1998-06-30,0.020475771101292395,2,
NEE,1998-06-23,1998-06-30,-5.982041910157498e-06,5,
PCG,1998-06-26,1998-06-30,0.019958041958042072,2,
SO,1998-06-25,1998-06-30,0.011704562960053844,3,
XEL,1998-06-26,1998-06-30,0.02022921399313371,2,
TRV,1998-06-23,1998-07-01,-0.01339830617048443,6,
CA-201811,1998-07-01,1998-07-02,0.0023366140461344997,1,
COP,1998-06-30,1998-07-02,0.010829792987976816,2,
HD,1998-07-01,1998-07-02,0.023476477745886903,1,
PGR,1998-07-01,1998-07-02,0.05640484105296073,1,
JNJ,1998-07-02,1998-07-08,0.00474525474525489,3,
MCO,1998-07-08,1998-07-16,-0.04232131504858749,6,
RVTY,1998-07-10,1998-07-16,-0.017054066623032105,4,
DDS,1998-07-10,1998-07-17,-0.016032405094905,5,
HSY,1998-07-13,1998-07-17,-0.0019980019980019303,4,
MAT,1998-07-10,1998-07-17,0.05791365033071205,5,
UNH,1998-07-13,1998-07-20,-0.03888912643776454,5,
MDP,1998-07-20,1998-07-21,0.03838358173618284,1,
D,1998-07-16,1998-07-22,-0.0019980019980019303,4,
DUK,1998-07-09,1998-07-22,-0.006272066524747433,9,
VFC,1998-07-20,1998-07-22,0.017368106693679053,2,
BBWI,1998-07-13,1998-07-23,-0.02748727370162518,8,
ETR,1998-07-13,1998-07-23,-0.010908734123019737,8,
XEL,1998-07-16,1998-07-23,0.0070954102844762446,5,
JPM,1998-07-22,1998-07-27,-0.007160081433817522,3,
ED,1998-07-21,1998-07-28,-0.009096166990903654,5,
HUM,1998-07-14,1998-07-29,-0.08860148116346467,11,
ITT,1998-07-23,1998-07-30,-0.020243061137928287,5,
TGNA,1998-07-17,1998-07-30,-0.05452390680230379,9,
AON,1998-07-20,1998-07-31,-0.03334885010277666,9,
COF,1998-07-22,1998-07-31,-0.014233569628295029,7,
DRI,1998-07-30,1998-07-31,0.02436435277421012,1,
RVTY,1998-07-29,1998-08-04,0.021265447838874296,4,
HD,1998-07-31,1998-08-07,-0.01777097832187846,5,
KBH,1998-07-23,1998-08-07,-0.10978221778221775,11,
MAS,1998-08-03,1998-08-07,0.015510727643091471,4,
MBI,1998-07-27,1998-08-07,-0.07755094537587215,9,
NYT,1998-07-23,1998-08-07,-0.08456651262406634,11,
BSX,1998-08-07,1998-08-10,0.03445076662467983,1,
NC,1998-07-28,1998-08-10,-0.09263539664028508,9,
PGR,1998-07-22,1998-08-10,-0.14955206084238337,13,
YUM,1998-08-07,1998-08-11,0.00913221728721636,2,
MDT,1998-08-07,1998-08-12,0.02782734506872453,3,
BCR-201712,1998-08-12,1998-08-17,-0.020682512694494504,3,
AVP,1998-08-11,1998-08-18,-0.008520423293182255,5,
CL,1998-08-03,1998-08-18,-0.05916118921509739,11,
FITB,1998-08-11,1998-08-18,0.013123207434275308,5,
LIN,1998-08-07,1998-08-18,-0.07055296090963192,7,
OI,1998-07-30,1998-08-18,-0.10514345989206297,13,
RTX,1998-08-10,1998-08-18,-0.006832532677556125,6,
F,1998-08-12,1998-08-19,-0.0019980019980018193,5,
IBM,1998-08-18,1998-08-19,0.01764766860195488,1,
JCI,1998-08-17,1998-08-19,0.05858715024154737,2,
LNC,1998-08-12,1998-08-20,0.029619141189389353,6,
WM,1998-08-20,1998-08-24,0.042912087912088115,2,
AMGN,1998-08-24,1998-08-25,0.029420579420579296,1,
GPC,1998-08-04,1998-08-25,-0.04554718009263459,15,
BDX,1998-08-27,1998-09-02,-0.03011070982902231,4,
ADP,1998-08-28,1998-09-03,0.023972257145276066,4,
UIS,1998-08-25,1998-09-03,-0.19564018071480738,7,
INTC,1998-08-27,1998-09-04,-0.04722236289056547,6,
MU,1998-08-24,1998-09-04,-0.20001427144284267,9,
RVTY,1998-08-25,1998-09-04,-0.14391571731021258,8,
TXN,1998-08-27,1998-09-04,-0.06883355010483239,6,
EFX,1998-08-28,1998-09-08,-0.08377661791925806,6,
PPL,1998-09-02,1998-09-08,0.029993199714671848,3,
BSX,1998-08-28,1998-09-09,-0.05890885973530591,7,
CLX,1998-09-03,1998-09-09,0.06682972200213588,3,
JWN,1998-08-27,1998-09-09,-0.17145372675260062,8,
NWL,1998-09-03,1998-09-09,0.034040959040959384,3,
PHM,1998-09-11,1998-09-17,-0.015731974447570685,4,
CLX,1998-09-17,1998-09-24,0.03188478188478183,5,
PHM,1998-09-22,1998-09-24,0.01908654725556147,2,
XOM,1998-09-23,1998-09-24,0.029420579420579518,1,
ETR,1998-09-25,1998-09-30,0.010581855119670136,3,
FITB,1998-10-01,1998-10-05,0.03090316166792806,2,
TAP,1998-09-29,1998-10-05,0.0635133023401182,4,
ABT,1998-10-05,1998-10-06,0.026345840846458524,1,
WMT,1998-09-30,1998-10-06,0.04822970467324961,4,
AON,1998-10-01,1998-10-07,-0.03123634091184624,4,
GPS,1998-09-25,1998-10-07,-0.04748937050569002,8,
ADP,1998-10-02,1998-10-08,-0.013933606757510208,4,
DXC,1998-09-29,1998-10-08,-0.13368642009645615,7,
UIS,1998-10-01,1998-10-08,-0.1380891835437289,5,
WBA,1998-10-01,1998-10-08,-0.05522784765453881,5,
IBM,1998-10-06,1998-10-09,0.001523162881268636,3,
AAPL,1998-10-06,1998-10-12,0.11094783224047866,4,
AMGN,1998-10-09,1998-10-12,0.008434074636165523,1,
CSCO,1998-10-05,1998-10-12,0.04203149791385097,5,
EMC-201609,1998-10-07,1998-10-12,0.11621442043257146,3,
MSFT,1998-10-07,1998-10-12,0.01721898127546395,3,
YUM,1998-10-08,1998-10-12,0.09706834646288853,2,
COF,1998-10-01,1998-10-13,-0.2817409862864406,8,
DELL-201310,1998-10-08,1998-10-13,0.19418677579105403,3,
CMCSA,1998-10-09,1998-10-15,0.04232372019457009,4,
DRI,1998-10-08,1998-10-15,-0.026844469334043497,5,
ED,1998-10-13,1998-10-15,0.05627043763689743,2,
CVX,1998-10-14,1998-10-16,0.032159804481233234,2,
ETR,1998-10-13,1998-10-16,0.07200638344706145,3,
SO,1998-10-13,1998-10-16,0.03496497864499881,3,
T,1998-10-13,1998-10-16,0.04019158084064056,3,
HSH-201408,1998-10-19,1998-10-20,0.03866851088583334,1,
LMT,1998-10-22,1998-10-23,0.018440892051190483,1,
PEG,1998-10-26,1998-10-29,-0.0003429406414480196,3,
WBA,1998-10-28,1998-10-30,0.04955528342625115,2,
XOM,1998-10-28,1998-10-30,0.05170614139224017,2,
CAG,1998-10-29,1998-11-02,0.018924397963366868,2,
DTE,1998-10-26,1998-11-02,0.003855348608785558,5,
CPB,1998-10-28,1998-11-03,0.0422025526920633,4,
HES,1998-10-29,1998-11-03,0.027579148124602826,3,
SVU,1998-11-02,1998-11-04,0.06006679887276922,2,
CMCSA,1998-11-05,1998-11-10,0.014407562620299519,3,
HES,1998-11-12,1998-11-13,0.020528225837001646,1,
AAPL,1998-11-11,1998-11-16,0.003239103508000163,3,
HIG,1998-11-11,1998-11-16,0.011149329712204059,3,
ITT,1998-11-13,1998-11-16,0.024219126032489102,1,
AET-201811,1998-11-13,1998-11-17,0.011058015767592133,2,
BDX,1998-11-13,1998-11-17,0.05246763405416055,2,
CPB,1998-11-13,1998-11-17,0.02515851495443333,2,
CSCO,1998-11-16,1998-11-17,0.012178162746344645,1,
SYY,1998-11-16,1998-11-17,0.021539780973743206,1,
TXT,1998-11-12,1998-11-17,0.02497502497502513,3,
ADP,1998-11-13,1998-11-18,0.001928059901817658,3,
DRI,1998-11-16,1998-11-18,-0.005764038904166546,2,
PBI,1998-11-13,1998-11-18,0.016612757871499406,3,
AMGN,1998-11-18,1998-11-19,0.017256055841264883,1,
UIS,1998-11-18,1998-11-19,0.0670761219687237,1,
GIS,1998-11-18,1998-11-20,0.015328421578421736,2,
RRD,1998-11-19,1998-11-23,0.0052918335199201305,2,
DRI,1998-12-01,1998-12-02,0.04156558130381449,1,
KR,1998-11-25,1998-12-02,0.004997339109488408,4,
AAPL,1998-12-01,1998-12-03,0.13250032447493298,2,
ADP,1998-11-25,1998-12-03,0.005973221747007429,5,
AEP,1998-11-23,1998-12-03,-0.03135100193923723,7,
CLX,1998-11-30,1998-12-03,0.007485527329015307,3,
PLL-201508,1998-11-20,1998-12-03,-0.020487302171512733,8,
SVU,1998-12-01,1998-12-03,0.02416396248316066,2,
WFC,1998-11-25,1998-12-03,-0.031447241283307004,5,
GL,1998-12-03,1998-12-07,0.011375623909815502,2,
HIG,1998-12-03,1998-12-07,0.014439677969089848,2,
JNJ,1998-12-03,1998-12-07,0.01659830852377464,2,
OMC,1998-12-02,1998-12-07,0.041961609818752965,3,
PAYX,1998-12-02,1998-12-07,0.03473048755463104,3,
IPG,1998-12-03,1998-12-08,0.016866393851120876,3,
RAD,1998-12-07,1998-12-09,0.008969052925096976,2,
RTN,1998-12-01,1998-12-09,0.008082826264644627,6,
JWN,1998-12-04,1998-12-10,0.04421402284269638,4,
AVP,1998-12-03,1998-12-14,-0.02826121247173874,7,
DUK,1998-12-03,1998-12-14,0.004162454900620283,7,
SYY,1998-12-11,1998-12-15,0.016966406515100285,2,
CCE,1998-12-11,1998-12-16,-0.012473483962845311,3,
D,1998-12-14,1998-12-16,0.026555188680529307,2,
EXC,1998-12-14,1998-12-16,0.014047028100804715,2,
L,1998-12-11,1998-12-16,0.014373501792330101,3,
MO,1998-12-11,1998-12-16,0.03638669023284424,3,
PEP,1998-12-11,1998-12-16,0.009645354645354542,3,
CVS,1998-12-16,1998-12-17,0.02721181257766636,1,
DHR,1998-12-16,1998-12-17,0.024048889305900323,1,
MSI,1998-12-11,1998-12-17,0.03138003267657252,4,
RAD,1998-12-15,1998-12-17,0.037687253922548125,2,
LUV,1998-12-16,1998-12-18,-0.01960973616224604,2,
MWV-201507,1998-12-09,1998-12-18,-0.02440065365481736,7,
PLL-201508,1998-12-17,1998-12-18,0.03792207792207836,1,
STT,1998-12-17,1998-12-18,0.02614115208100176,1,
TXN,1998-12-16,1998-12-18,0.07052662976833624,2,
ADSK,1998-12-17,1998-12-21,0.027451237287303254,2,
BGG,1998-12-16,1998-12-21,0.003004514282709758,3,
ROK,1998-12-16,1998-12-22,-0.0006708716815098104,4,
CAG,1998-12-22,1998-12-23,0.01901257505394849,1,
JNJ,1998-12-22,1998-12-24,0.020610457503661417,2,
TXT,1998-12-11,1998-12-24,-0.03321192754836022,9,
DRI,1998-12-29,1998-12-30,0.02331367910811455,1,
TGNA,1999-01-04,1999-01-05,0.024896783961062985,1,
COF,1999-01-04,1999-01-06,0.04962278930453534,2,
DXC,1998-12-30,1999-01-06,0.05349970045511987,4,
MU,1999-01-05,1999-01-06,0.14021728271728295,1,
CVX,1999-01-05,1999-01-07,0.004087376038595769,2,
D,1998-12-29,1999-01-07,-0.0019980019980019303,6,
ETR,1998-12-28,1999-01-07,-0.01588669779524643,7,
HIG,1999-01-04,1999-01-07,0.004837628125299531,3,
GD,1999-01-11,1999-01-12,0.03599983443208554,1,
WBA,1999-01-05,1999-01-13,-0.05715862805744476,6,
ABT,1999-01-13,1999-01-14,0.04618145901520365,1,
ED,1999-01-08,1999-01-14,-0.0007897671335926892,4,
LLY,1999-01-08,1999-01-14,-0.0035170309142907863,4,
PCG,1998-12-30,1999-01-14,-0.03962109319252183,10,
SO,1999-01-12,1999-01-14,0.013561071699811356,2,
CAH,1999-01-14,1999-01-15,0.033514841832574804,1,
BNY,1999-01-08,1999-01-19,-0.024978255821116013,6,
DOV,1999-01-14,1999-01-19,0.02030374367947041,2,
HON,1999-01-14,1999-01-19,0.006966035366919865,2,
JNJ,1999-01-14,1999-01-19,0.0011280810027876065,2,
MDT,1999-01-07,1999-01-19,-0.003733657646700972,7,
SPLS-201709,1999-01-15,1999-01-19,0.06403332516540083,1,
HD,1999-01-14,1999-01-20,0.011642116899819976,3,
LOW,1999-01-19,1999-01-21,0.01864194199960645,2,
DTE,1999-01-21,1999-01-22,0.004014023815825718,1,
PEG,1999-01-20,1999-01-22,0.0027543884686744846,2,
D,1999-01-21,1999-01-25,0.007813815398085122,2,
ETR,1999-01-21,1999-01-25,0.008441349445533763,2,
AEE,1999-01-08,1999-01-26,-0.037800764258163144,11,
SYY,1999-01-22,1999-01-26,0.03782252660058161,2,
AAPL,1999-01-22,1999-01-27,0.08571745309120038,3,
BDX,1999-01-08,1999-01-27,-0.08736365386627065,12,
EXC,1999-01-08,1999-01-27,-0.030422118515997743,12,
MO,1999-01-20,1999-01-27,0.009697333916084183,5,
MRK,1999-01-26,1999-01-27,0.06209392208907483,1,
XRX,1999-01-26,1999-01-27,0.01216578886941111,1,
KMB,1999-01-25,1999-01-28,0.01482953421960076,3,
GLW,1999-01-27,1999-01-29,0.00972781063389605,2,
BNY,1999-01-28,1999-02-01,0.057584202037410215,2,
L,1999-01-19,1999-02-04,-0.10023606934539253,12,
MCO,1999-01-29,1999-02-05,0.025879148784176742,5,
ED,1999-02-02,1999-02-08,-0.003309436949384126,4,
FE,1999-02-02,1999-02-08,0.01892447175466061,4,
DUK,1999-01-27,1999-02-09,-0.04366403663435703,9,
PLL-201508,1999-02-02,1999-02-09,-0.007380484683855548,5,
T,1999-02-02,1999-02-09,-0.0222680948179107,5,
PGR,1999-01-25,1999-02-10,-0.2183879873579273,12,
FMCC,1999-02-08,1999-02-11,0.0023984825746943272,3,
FNMA,1999-02-09,1999-02-11,0.04011951351400911,2,
IBM,1999-02-08,1999-02-11,0.01742416901395427,3,
BF-B,1999-02-05,1999-02-12,-0.020242994402254855,5,
CCL,1999-02-09,1999-02-12,0.007637879362017541,3,
COF,1999-02-04,1999-02-12,-0.03617930977463901,6,
IPG,1999-02-10,1999-02-12,0.05630452022204602,2,
MAS,1999-02-11,1999-02-12,0.014775140213675986,1,
SWY-201501,1999-02-11,1999-02-12,0.04324475524475546,1,
EXC,1999-02-09,1999-02-16,0.0014553179308853803,4,
SPGI,1999-02-12,1999-02-17,0.007361863400978663,2,
AEP,1999-01-20,1999-02-18,-0.07396606951767071,20,
ETR,1999-02-16,1999-02-18,0.04032797559583279,2,
PEG,1999-02-12,1999-02-18,-0.008596362315370532,3,
MCO,1999-02-18,1999-02-19,0.03638669023284424,1,
ADBE,1999-02-03,1999-02-22,-0.06917112972999373,12,
BGG,1999-02-16,1999-02-22,-0.008064288652523954,4,
CAR,1999-02-12,1999-02-22,-0.06111312788361978,5,
DLX,1999-02-18,1999-02-22,0.012925455051483237,2,
BALL,1999-02-11,1999-02-23,-0.02967954493517211,7,
UNP,1999-02-16,1999-02-23,0.01855287569573294,5,
WMB,1999-02-22,1999-02-23,0.0513023306945839,1,
MSFT,1999-02-18,1999-02-24,0.034368116355694145,4,
DHR,1999-02-17,1999-02-25,-0.02363824587306762,6,
WM,1999-02-19,1999-02-25,0.030030303457774687,4,
CLX,1999-03-01,1999-03-03,0.03332483681136633,2,
JCI,1999-03-01,1999-03-03,0.010906874252735843,2,
ETR,1999-02-26,1999-03-04,-0.0019980019980019303,4,
LPX,1999-02-12,1999-03-04,-0.01423071112690144,13,
ADBE,1999-03-01,1999-03-05,0.14476709200106552,4,
AMAT,1999-02-26,1999-03-05,-0.04425211884889291,5,
DXC,1999-03-03,1999-03-05,0.043755654485774675,2,
ECL,1999-03-04,1999-03-05,0.025366568914956256,1,
F,1999-03-04,1999-03-05,0.019510631633877784,1,
KLAC,1999-03-01,1999-03-05,0.033729991856088715,4,
MDT,1999-03-01,1999-03-05,0.04054560004826446,4,
UIS,1999-03-01,1999-03-05,0.018837112782833065,4,
CCL,1999-03-05,1999-03-08,0.020748482286943926,1,
INTC,1999-03-03,1999-03-08,0.04110507432766575,3,
MAR,1999-03-01,1999-03-08,0.02251434829126575,5,
SEE,1999-03-05,1999-03-08,0.033827710750788054,1,
WBA,1999-03-05,1999-03-09,-0.0059245672360422885,2,
AVY,1999-03-05,1999-03-11,0.040188072796768504,4,
SWY-201501,1999-03-10,1999-03-15,0.021772591045318368,3,
AZO,1999-03-10,1999-03-16,-0.00016680567139282232,4,
GPS,1999-03-15,1999-03-16,0.03919223504995695,1,
JWN,1999-03-12,1999-03-16,0.06748818547915003,2,
ADP,1999-03-16,1999-03-17,0.014047093252594234,1,
PG,1999-03-15,1999-03-17,6.114930461609269e-05,2,
MU,1999-03-15,1999-03-18,0.028281184834583195,3,
NAV,1999-03-15,1999-03-18,0.016123613228876454,3,
HRB,1999-03-17,1999-03-19,0.019669985187226624,2,
ORCL,1999-03-15,1999-03-19,0.01815287559914802,4,
WFC,1999-03-18,1999-03-19,0.07556692012650568,1,
AVP,1999-03-17,1999-03-22,0.030663881572972507,3,
BBWI,1999-03-17,1999-03-23,0.001396511842254533,4,
CL,1999-03-18,1999-03-23,0.01624957321159859,3,
GIS,1999-03-15,1999-03-25,-0.01653201167764251,8,
IPG,1999-03-18,1999-03-25,-0.01726251550290503,5,
CLX,1999-03-16,1999-03-26,-0.02182585626294231,8,
DELL-201310,1999-03-23,1999-03-26,0.04547333197775694,3,
DRI,1999-03-23,1999-03-26,-0.013950095162882259,3,
GPS,1999-03-25,1999-03-26,0.037293415246171024,1,
IBM,1999-03-22,1999-03-26,0.012053150687769909,4,
JPM,1999-03-18,1999-03-26,-0.021745354731219635,6,
TAP,1999-03-22,1999-03-26,0.0013360804006685711,4,
TXT,1999-03-19,1999-03-26,0.005210680170551818,5,
BNY,1999-03-29,1999-03-30,-0.0019980019980019303,1,
FITB,1999-03-29,1999-03-30,0.022863285510331233,1,
PFE,1999-03-29,1999-03-30,0.027355000546601005,1,
ROK,1999-03-29,1999-04-01,0.0174825174825175,3,
MAR,1999-03-31,1999-04-05,0.0049399255204196635,2,
UIS,1999-03-26,1999-04-05,0.030264993627062697,5,
ECL,1999-03-31,1999-04-06,-0.0019980019980018193,3,
ITT,1999-03-25,1999-04-06,-0.053135377641591375,7,
BCR-201712,1999-03-22,1999-04-07,-0.059783615636100906,11,
KR,1999-03-31,1999-04-07,-0.003023697782176593,4,
NTRS,1999-04-07,1999-04-08,0.015013395695214093,1,
TAP,1999-04-01,1999-04-08,0.015208929002032523,4,
BKR,1999-04-08,1999-04-09,0.048180869409919946,1,
WBA,1999-04-06,1999-04-09,0.06468788943015746,3,
ADBE,1999-04-08,1999-04-12,0.007157979635044054,2,
ORCL,1999-04-07,1999-04-12,0.052438470620288946,3,
SLB,1999-04-08,1999-04-12,0.059745653671412935,2,
BALL,1999-04-09,1999-04-13,0.05695552611934018,2,
PTC,1999-04-08,1999-04-13,0.020683861592952546,3,
DOV,1999-04-13,1999-04-15,0.044241526320657254,2,
RTX,1999-04-12,1999-04-15,0.055925982050649026,3,
VFC,1999-04-15,1999-04-16,0.023318435065568188,1,
AMGN,1999-04-15,1999-04-21,-0.14187274462424937,4,
COST,1999-04-15,1999-04-21,-0.04318997439924299,4,
DELL-201310,1999-04-14,1999-04-21,-0.059337753155934814,5,
ADP,1999-04-21,1999-04-22,-0.0019980019980019303,1,
CSCO,1999-04-15,1999-04-22,0.0002497502497504911,5,
EMC-201609,1999-04-16,1999-04-22,0.020703705743076117,4,
IBM,1999-04-16,1999-04-22,0.1090472959195854,4,
INTC,1999-04-15,1999-04-22,0.023591792822562185,5,
IPG,1999-04-16,1999-04-22,0.010039454514708002,4,
LOW,1999-04-16,1999-04-22,0.01826058556827781,4,
SPGI,1999-04-21,1999-04-22,0.023591762036471398,1,
CCL,1999-04-21,1999-04-23,0.038255207935319335,2,
MSFT,1999-04-15,1999-04-23,-0.02843040996226376,6,
PGR,1999-04-22,1999-04-26,0.020016748575421905,2,
DE,1999-04-27,1999-04-28,0.017719362704165187,1,
AVY,1999-04-27,1999-04-29,0.08795976028213581,2,
NTRS,1999-04-28,1999-04-30,0.01007460281653838,2,
AMAT,1999-04-29,1999-05-04,0.038951669666792865,3,
GPS,1999-04-30,1999-05-04,0.07207423754952291,2,
JWN,1999-04-28,1999-05-04,0.02743667017456697,4,
KSS,1999-04-26,1999-05-04,-0.013510003749577448,6,
GE,1999-04-30,1999-05-06,0.0019894557147726033,4,
GIS,1999-04-30,1999-05-06,-0.010370501981240121,4,
LOW,1999-04-30,1999-05-06,-0.0019980019980018193,4,
PAYX,1999-05-04,1999-05-06,0.006901388661949781,2,
SCHW,1999-05-04,1999-05-06,-0.006061965391141011,2,
FWLT-201412,1999-04-27,1999-05-07,-0.0905304373046305,8,
JNJ,1999-05-06,1999-05-07,0.0358252120220206,1,
STT,1999-05-06,1999-05-07,0.030171477697714666,1,
MSFT,1999-05-04,1999-05-10,-0.009746464715408631,4,
EMC-201609,1999-05-06,1999-05-11,0.05465802321019808,3,
ABT,1999-05-04,1999-05-12,-0.011094367013746775,6,
HRB,1999-05-06,1999-05-12,0.0033105192679661055,4,
JPM,1999-05-07,1999-05-12,0.030973910844474206,3,
KSU,1999-05-10,1999-05-12,0.04870504653545704,2,
LUMN,1999-04-30,1999-05-12,-0.020366136930554113,8,
MCD,1999-04-29,1999-05-12,-0.02099364764079259,9,
OMC,1999-05-10,1999-05-12,0.04378190616722755,2,
ORCL,1999-05-06,1999-05-12,0.0055057724230658245,4,
TGT,1999-05-07,1999-05-12,0.047408037507047585,3,
APA,1999-05-13,1999-05-14,0.02918956043956067,1,
CL,1999-05-11,1999-05-14,0.004576451216767641,3,
HP,1999-05-12,1999-05-14,0.0290279668518012,2,
SLB,1999-05-12,1999-05-14,0.03583609013936906,2,
MRO,1999-05-13,1999-05-17,0.009300759056689145,2,
TUP,1999-05-13,1999-05-17,0.02901851347920803,2,
SIAL-201511,1999-05-14,1999-05-18,0.042429183719506325,2,
BF-B,1999-05-12,1999-05-21,-0.01939441546628362,7,
ETN,1999-05-14,1999-05-21,0.008748612431911829,5,
HAL,1999-05-13,1999-05-21,-0.015525137513089149,6,
XOM,1999-05-13,1999-05-21,0.00822581673645506,6,
RF,1999-05-21,1999-05-24,0.021444968103691675,1,
AVY,1999-05-13,1999-05-25,-0.02894501833749641,8,
COST,1999-05-24,1999-05-25,0.023698062734607728,1,
PH,1999-05-17,1999-05-25,-0.04851337313192794,6,
CCK,1999-05-17,1999-05-26,-0.03135100193923723,7,
K,1999-05-21,1999-05-26,-0.0007403296221174527,3,
RTX,1999-05-21,1999-05-26,0.019527576878197728,3,
FDX,1999-05-25,1999-05-27,0.024630830668960657,2,
MS,1999-05-25,1999-05-27,0.03964324965715793,2,
GD,1999-05-18,1999-05-28,-0.020039903008504223,8,
BGG,1999-05-28,1999-06-01,0.04134623032849727,1,
CSCO,1999-05-26,1999-06-01,0.03292614858451137,3,
FITB,1999-05-26,1999-06-01,0.005380997190919112,3,
KSS,1999-05-27,1999-06-01,0.04809476238047683,2,
MRSH,1999-05-25,1999-06-01,0.028968372053478353,4,
APD,1999-06-01,1999-06-02,0.015613793979453394,1,
CAT,1999-06-01,1999-06-02,0.0684759431912052,1,
MMM,1999-06-01,1999-06-02,0.02937189728684486,1,
PPG,1999-05-21,1999-06-02,-0.007868601986248835,7,
RTN,1999-05-27,1999-06-02,0.0700116806270652,3,
DHR,1999-05-17,1999-06-03,-0.06739416687610955,12,
IP,1999-06-01,1999-06-03,0.06215047494151804,2,
NAV,1999-06-01,1999-06-03,0.05122335429683278,2,
VFC,1999-05-26,1999-06-03,-0.0006567315354856218,5,
BSX,1999-06-02,1999-06-04,0.10715846653346661,2,
BALL,1999-05-14,1999-06-07,-0.11292571039040067,15,
KEY,1999-06-07,1999-06-08,0.032548221009759626,1,
ADBE,1999-06-09,1999-06-10,0.02998935309035522,1,
NUE,1999-06-08,1999-06-10,0.019816249324446256,2,
OMC,1999-06-09,1999-06-14,0.010093354920941211,3,
SHW,1999-06-09,1999-06-14,0.035537402729177936,3,
HIG,1999-06-10,1999-06-15,0.01047702297702302,3,
PCG,1999-06-11,1999-06-15,0.01738067757485262,2,
AMGN,1999-06-10,1999-06-16,-0.008556613156832094,4,
CMCSA,1999-06-14,1999-06-16,0.09458284285882423,2,
GD,1999-06-14,1999-06-16,0.019569821141530497,2,
USB,1999-06-10,1999-06-16,0.023591792822562185,4,
BGG,1999-06-15,1999-06-17,0.025289222991860205,2,
COST,1999-06-16,1999-06-17,0.0587499457064673,1,
M,1999-06-09,1999-06-17,-0.016409583196586586,6,
NKE,1999-06-10,1999-06-17,0.002430896885996514,5,
TXT,1999-06-11,1999-06-17,-0.013628032564667492,4,
BBWI,1999-06-11,1999-06-18,-0.006082610064544691,5,
DHR,1999-06-15,1999-06-18,0.01847384148531539,3,
SCHW,1999-06-16,1999-06-18,0.03322559951227322,2,
WMB,1999-06-16,1999-06-18,0.016386314948865444,2,
BALL,1999-06-17,1999-06-22,0.04055787180373849,3,
LIN,1999-06-22,1999-06-23,0.0106189638427312,1,
CVX,1999-06-22,1999-06-24,0.029146304458371297,2,
ETR,1999-06-22,1999-06-24,0.011700064641241292,2,
AON,1999-06-23,1999-06-29,-0.0065759928145248114,4,
CINF,1999-06-24,1999-06-29,0.009723566606983036,3,
IFF,1999-06-23,1999-06-29,0.04693820295603368,4,
UNH,1999-06-22,1999-06-29,-0.042636283248833284,5,
BEAM-201404,1999-06-29,1999-06-30,0.028804528804529106,1,
CCK,1999-06-23,1999-06-30,-0.012437353441537624,5,
CL,1999-06-29,1999-07-01,0.013435018589657899,2,
COP,1999-06-22,1999-07-01,0.008082891486887123,7,
HES,1999-06-30,1999-07-01,0.053045984852152506,1,
OXY,1999-06-29,1999-07-01,0.019107750841135918,2,
SWK,1999-06-23,1999-07-01,0.0038496659590410154,6,
AVY,1999-07-01,1999-07-02,0.01652162270718982,1,
DHR,1999-06-30,1999-07-02,0.020957146190686116,2,
EMN,1999-06-24,1999-07-06,-0.03534138672387521,7,
PPG,1999-07-01,1999-07-06,0.02437625799147991,2,
UNM,1999-07-01,1999-07-06,0.012761982045258469,2,
WMB,1999-07-01,1999-07-06,0.05360909075107534,2,
BGG,1999-06-29,1999-07-07,0.016668702039443595,5,
EXC,1999-06-22,1999-07-08,-0.09345914885519668,11,
CL,1999-07-09,1999-07-12,0.04064026760956008,1,
NAV,1999-07-02,1999-07-12,-0.028327729678510494,5,
NKE,1999-07-06,1999-07-12,-0.018705556748919383,4,
OI,1999-07-09,1999-07-12,0.022195985832349496,1,
KMB,1999-07-08,1999-07-14,-0.0019980019980019303,4,
PEG,1999-07-02,1999-07-14,-0.009674940444171165,7,
FDX,1999-07-12,1999-07-15,0.010764214660142768,3,
HAS,1999-07-07,1999-07-15,0.06022754224193094,6,
MAS,1999-07-13,1999-07-15,0.041217277347655124,2,
BIG,1999-06-16,1999-07-16,-0.5156755009696186,21,
TMO,1999-07-15,1999-07-19,-0.005259446435916804,2,
WY,1999-07-13,1999-07-20,0.007824852313041308,5,
NTRS,1999-07-15,1999-07-21,-0.0074665060966429,4,
DE,1999-07-01,1999-07-22,-0.0932978693231058,14,
FE,1999-07-09,1999-07-22,-0.022365389712328265,9,
ITW,1999-07-14,1999-07-22,0.024330162829750757,6,
ROK,1999-07-19,1999-07-22,0.0055544455544458415,3,
GD,1999-07-15,1999-07-23,0.004422966739143552,6,
LNC,1999-07-22,1999-07-26,0.0028703004312762292,2,
COF,1999-07-16,1999-07-27,-0.03764093049807293,7,
BEN,1999-07-20,1999-07-28,0.022069570891502854,6,
DDS,1999-07-23,1999-07-28,-0.0019980019980018193,3,
GPC,1999-07-22,1999-07-28,-0.0038634262933328056,4,
MS,1999-07-21,1999-07-28,-0.018588828051743667,5,
STT,1999-07-14,1999-07-28,-0.12084404145472838,10,
HES,1999-07-22,1999-07-29,0.017313716000654455,5,
LOW,1999-07-28,1999-07-29,0.010796895412279905,1,
WMB,1999-07-27,1999-07-29,0.035427060208902184,2,
SLB,1999-07-28,1999-07-30,0.026546546673665405,2,
AVP,1999-07-26,1999-08-03,0.017304014666652323,6,
DXC,1999-07-28,1999-08-03,-0.011422011441268753,4,
LUV,1999-07-29,1999-08-03,0.04274004603476089,3,
NAV,1999-07-30,1999-08-05,-0.0006874281332585053,4,
DOV,1999-08-03,1999-08-06,0.006076463170258561,3,
KSU,1999-07-22,1999-08-10,-0.11379604002554822,13,
TMO,1999-07-28,1999-08-10,-0.06090784215784206,9,
WHR,1999-08-03,1999-08-11,-0.02849363026354168,6,
TWX-201806,1999-07-28,1999-08-12,-0.061322272664044775,11,
BBY,1999-08-10,1999-08-13,0.11443554302076575,3,
BMY,1999-07-29,1999-08-13,-0.007511855145441171,11,
KSS,1999-08-06,1999-08-13,-0.022329309308937173,5,
NYT,1999-08-11,1999-08-13,0.013251604083522661,2,
RTX,1999-08-10,1999-08-13,0.057406852543466114,3,
AIG,1999-08-05,1999-08-16,-0.026810207204911674,7,
HIG,1999-07-29,1999-08-16,-0.11723570547099937,12,
VMC,1999-07-13,1999-08-16,-0.08560721193699905,24,
AVY,1999-08-13,1999-08-17,0.01011902005279497,2,
GLW,1999-08-13,1999-08-17,0.07663245845064037,2,
CMI,1999-08-12,1999-08-18,0.009461311131457206,4,
EMN,1999-08-16,1999-08-18,0.0016532248239566893,2,
RTN,1999-08-13,1999-08-18,0.022132792580553895,3,
T,1999-08-13,1999-08-18,0.01267848992273346,3,
RVTY,1999-08-20,1999-08-23,0.01907305746077359,1,
IFF,1999-08-03,1999-08-24,-0.0643731268731268,15,
MDR,1999-08-13,1999-08-24,-0.048967222536499544,7,
BBWI,1999-08-24,1999-08-26,0.011820541777857407,2,
HAL,1999-08-26,1999-09-01,0.015844799426029788,4,
RTN,1999-08-27,1999-09-01,0.023237448884649625,3,
FMC,1999-08-25,1999-09-02,-0.07488036124747921,6,
M,1999-08-25,1999-09-02,-0.014201830777917479,6,
PCH,1999-08-26,1999-09-02,-0.013114986279543106,5,
BC,1999-09-01,1999-09-03,0.05453905700211137,2,
UIS,1999-09-02,1999-09-03,0.05099325453307757,1,
BEAM-201404,1999-08-25,1999-09-07,-0.04891705696900506,8,
BMS,1999-08-27,1999-09-07,0.0011379037302055028,6,
DLX,1999-08-27,1999-09-07,-0.0037128463932225575,6,
ECL,1999-08-23,1999-09-07,-0.025988434642280622,10,
ROK,1999-09-03,1999-09-07,0.010769614181128206,1,
STJ-201701,1999-09-01,1999-09-07,0.025678148806268508,3,
TUP,1999-08-27,1999-09-07,-0.012845849802371467,6,
JNJ,1999-09-03,1999-09-08,0.0023465340629520437,2,
BBY,1999-09-08,1999-09-10,0.0773504644457581,2,
QCOM,1999-09-14,1999-09-15,0.09934001202274612,1,
UNH,1999-09-13,1999-09-15,0.02458811680123163,2,
CMI,1999-09-13,1999-09-16,0.01757066462948842,3,
ITW,1999-09-16,1999-09-20,0.012897550210983155,2,
NAV,1999-09-14,1999-09-20,0.03941104139735785,4,
PCAR,1999-09-14,1999-09-20,0.04188408200158378,4,
ROK,1999-09-13,1999-09-20,-0.02004097597317922,5,
HON,1999-09-20,1999-09-21,0.012957018258284991,1,
FCX,1999-09-20,1999-09-22,0.032415860002066976,2,
BA,1999-09-21,1999-09-23,0.01255013208366007,2,
KATE-201707,1999-09-09,1999-09-27,-0.09670495022219128,12,
APA,1999-09-20,1999-09-28,-0.023119595685525907,6,
BKR,1999-09-23,1999-09-28,-0.008395450703143181,3,
TUP,1999-09-15,1999-09-28,-0.06786433895417132,9,
PEG,1999-09-15,1999-09-30,-0.03542390623730329,11,
PH,1999-09-28,1999-09-30,0.016046583511465373,2,
RTX,1999-09-10,1999-09-30,-0.10237729148174479,14,
MAS,1999-09-28,1999-10-01,0.026989589403338954,3,
NOC,1999-09-10,1999-10-01,-0.09166572607987689,15,
STJ-201701,1999-09-13,1999-10-01,-0.11629102892385057,14,
BMY,1999-09-28,1999-10-04,0.036146901321152614,4,
KSS,1999-09-22,1999-10-04,-0.041016325117106844,8,
LXK-201611,1999-10-01,1999-10-04,0.06704616138578423,1,
MU,1999-10-01,1999-10-05,0.12893253535455385,2,
HPQ,1999-09-20,1999-10-07,-0.12690133993488373,13,
PLL-201508,1999-10-06,1999-10-07,0.02290757370971308,1,
SYY,1999-10-06,1999-10-11,0.05153467222432773,3,
HP,1999-10-06,1999-10-12,0.01668117978278416,4,
RDC,1999-09-27,1999-10-12,-0.03404393771366243,11,
HES,1999-10-11,1999-10-14,0.0034297281665705004,3,
OXY,1999-10-11,1999-10-14,0.0523344510694943,3,
DOV,1999-10-14,1999-10-18,0.03364490542838827,2,
AES,1999-09-30,1999-10-20,-0.11126829375004543,14,
AMGN,1999-10-18,1999-10-20,0.047438629481973305,2,
AXP,1999-10-18,1999-10-20,0.057362704064236825,2,
CA-201811,1999-10-18,1999-10-20,0.07243809705118687,2,
AMAT,1999-10-20,1999-10-21,0.00791592513446826,1,
JCI,1999-10-14,1999-10-21,-0.11345004248218293,5,
MMM,1999-10-14,1999-10-21,-0.000615727483031514,5,
MSFT,1999-10-18,1999-10-21,0.03663433340852684,3,
OMC,1999-10-20,1999-10-21,0.04139338921947622,1,
RVTY,1999-10-15,1999-10-21,-0.01436948555119233,4,
BBY,1999-10-20,1999-10-25,0.01628432876869801,3,
KLAC,1999-10-20,1999-10-25,0.04336572518390702,3,
NTAP,1999-10-13,1999-10-25,-0.043365960464405995,8,
EMC-201609,1999-10-21,1999-10-26,0.06231768231768253,3,
FCX,1999-10-22,1999-10-26,0.028017095686268645,2,
NAV,1999-10-15,1999-10-26,-0.04827678697374971,7,
VZ,1999-10-27,1999-10-28,0.026114722662205825,1,
APA,1999-10-29,1999-11-02,0.02359173500307521,2,
PLL-201508,1999-11-02,1999-11-03,0.03202479338842967,1,
APA,1999-11-08,1999-11-09,0.05105193382419082,1,
NEM,1999-11-02,1999-11-09,0.022050238917708853,5,
OXY,1999-11-08,1999-11-09,0.05839972948616401,1,
MSFT,1999-11-09,1999-11-12,-0.0019980019980019303,3,
PLL-201508,1999-11-10,1999-11-12,0.009809877770124098,2,
D,1999-11-11,1999-11-15,0.007206232502675158,2,
EIX,1999-11-11,1999-11-15,0.013665706490818774,2,
BF-B,1999-11-16,1999-11-17,0.015924580875113836,1,
K,1999-11-04,1999-11-17,-0.03594364818854601,9,
KATE-201707,1999-11-17,1999-11-18,0.007982017982018252,1,
MRK,1999-11-15,1999-11-18,0.03861836825013487,3,
INTC,1999-11-16,1999-11-19,0.04488799790813225,3,
MU,1999-11-16,1999-11-19,0.012571370235604062,3,
TGNA,1999-11-18,1999-11-19,0.00662087815120338,1,
PAYX,1999-11-22,1999-11-23,0.03342486142397649,1,
COST,1999-11-23,1999-11-24,0.023438330784657735,1,
EIX,1999-11-19,1999-11-26,-0.022598960672354895,4,
LXK-201611,1999-11-18,1999-11-26,0.05431559036574729,5,
BNY,1999-11-23,1999-11-29,0.00558552508586585,3,
DOV,1999-11-22,1999-11-29,0.0006743499155954513,4,
WOR,1999-11-17,1999-11-30,-0.026143148173514152,8,
CL,1999-11-29,1999-12-01,0.00032293288107254625,2,
FITB,1999-11-26,1999-12-01,-0.0028954310557191,3,
IP,1999-11-22,1999-12-01,-0.01737005530472302,6,
SYY,1999-12-01,1999-12-02,0.009606672397370453,1,
AFL,1999-11-29,1999-12-03,0.006969923529615452,4,
AMAT,1999-12-01,1999-12-03,0.11043513448576747,2,
KMB,1999-12-02,1999-12-03,0.058517061203992915,1,
SNV,1999-11-23,1999-12-03,-0.03497795308140095,7,
BMY,1999-12-03,1999-12-06,-0.01585921647577626,1,
CPB,1999-12-03,1999-12-06,0.02910121040432667,1,
GIS,1999-11-16,1999-12-06,-0.09440559440559448,13,
GL,1999-11-26,1999-12-06,-0.04176655973992871,6,
PNC,1999-11-23,1999-12-06,-0.05565402339595871,8,
SLM,1999-11-30,1999-12-06,0.01010582495003054,4,
NEM,1999-12-07,1999-12-08,0.05503068360211216,1,
ADBE,1999-12-01,1999-12-09,0.020057290775522985,6,
JNJ,1999-12-06,1999-12-13,-0.016292301448551205,5,
LXK-201611,1999-12-06,1999-12-13,-0.05848868113019057,5,
WFC,1999-12-08,1999-12-13,0.013752388214368416,3,
BCR-201712,1999-12-06,1999-12-15,-0.07007401489102971,7,
KMB,1999-12-14,1999-12-15,0.04494281942277745,1,
INTC,1999-12-10,1999-12-16,0.08286611347835837,4,
KLAC,1999-12-15,1999-12-16,0.09652372042710278,1,
MRK,1999-12-03,1999-12-16,-0.0634009604951199,9,
AMD,1999-12-15,1999-12-17,0.0937008197282172,2,
AAPL,1999-12-14,1999-12-20,0.010049416455218951,4,
CA-201811,1999-12-14,1999-12-20,0.00992236889443876,4,
TXN,1999-12-16,1999-12-20,0.004247317138431184,2,
CCL,1999-12-14,1999-12-21,-0.0061276654380101325,5,
MCD,1999-12-13,1999-12-21,-0.03671111497198454,6,
SLM,1999-12-10,1999-12-21,-0.07631738561664358,7,
AIG,1999-12-20,1999-12-22,0.027176233373235936,2,
MTG,1999-12-20,1999-12-22,0.028475341452441016,2,
SWK,1999-12-16,1999-12-22,-0.01239385614385613,4,
RVTY,1999-12-20,1999-12-27,0.015455133102192153,4,
T,1999-12-16,1999-12-27,-0.021259805708152335,6,
WBA,1999-12-17,1999-12-27,0.011308691308691055,5,
DE,1999-12-22,1999-12-28,0.013498923436811694,3,
SYY,1999-12-23,1999-12-28,0.044702264806250946,2,
TWX-201806,1999-12-28,2000-01-04,0.029989241527703214,5,
TXN,1999-12-31,2000-01-04,0.034965034965035224,2,
D,1999-11-24,2000-01-06,-0.11500504952073842,29,
GPS,2000-01-04,2000-01-07,0.04873997271385355,3,
PG,2000-01-05,2000-01-07,0.04260876191746288,2,
AIG,2000-01-05,2000-01-10,0.10804784569043124,3,
COST,2000-01-05,2000-01-10,0.09994446707992233,3,
GE,2000-01-04,2000-01-10,0.0348552197059151,4,
CMCSA,2000-01-04,2000-01-11,0.06088981763865209,5,
KATE-201707,2000-01-04,2000-01-11,-0.022846861769346916,5,
MDP,2000-01-07,2000-01-11,0.05717000732740529,2,
MSFT,2000-01-05,2000-01-11,0.0013698337657841453,4,
MSI,2000-01-07,2000-01-11,0.09638222660035978,2,
TGNA,2000-01-10,2000-01-11,0.009278712586394233,1,
CA-201811,2000-01-10,2000-01-12,0.10981135047525115,2,
CPWR-201412,2000-01-06,2000-01-13,-0.14619600931388,5,
LXK-201611,2000-01-12,2000-01-13,0.025786148539584497,1,
DELL-201310,2000-01-05,2000-01-18,-0.06824834739728347,8,
FCX,2000-01-18,2000-01-19,0.017570664629488197,1,
ADP,2000-01-19,2000-01-20,0.07885279573050163,1,
EIX,2000-01-19,2000-01-24,0.03792207792207791,3,
AVY,2000-01-20,2000-01-26,-0.0019980019980020414,4,
GPS,2000-01-24,2000-01-27,0.015890504715466047,3,
MMM,2000-01-19,2000-01-27,-0.007740935274968663,6,
MTG,2000-01-12,2000-01-27,-0.12973270748390364,10,
TRV,2000-01-24,2000-01-27,0.00983601378858312,3,
WOR,2000-01-21,2000-01-27,-0.02055599351238746,4,
CAR,2000-01-24,2000-01-28,0.019365977932183975,4,
FCX,2000-01-27,2000-01-28,0.03881248862661524,1,
PG,2000-01-24,2000-01-28,0.07792012674825188,4,
AMGN,2000-01-28,2000-02-01,0.0518108544558189,2,
RDC,2000-01-28,2000-02-01,0.038736773430651184,2,
SYY,2000-01-21,2000-02-01,0.0033294108027202007,7,
XOM,2000-01-28,2000-02-01,0.03932551823176822,2,
IPG,2000-01-28,2000-02-02,-0.0173518788903404,3,
PH,2000-01-19,2000-02-02,-0.04267742957765186,10,
HPQ,2000-01-27,2000-02-03,0.018650291278576203,5,
LUMN,2000-01-26,2000-02-03,-0.0641880374818059,6,
ADP,2000-02-01,2000-02-04,0.02032577224977694,3,
DOV,2000-01-27,2000-02-04,-0.061299578106885355,6,
GWW,2000-01-27,2000-02-04,-0.05942296342132469,6,
MRSH,2000-02-01,2000-02-04,0.013274150998701995,3,
RIG,2000-02-10,2000-02-14,0.07112288667343525,2,
DE,2000-02-03,2000-02-15,-0.06482975297030913,8,
XOM,2000-02-09,2000-02-15,0.011005281363587915,4,
AIG,2000-02-08,2000-02-16,-0.016236713208514497,6,
AXP,2000-02-14,2000-02-16,0.01750695377929956,2,
HOG,2000-02-15,2000-02-16,-0.0028922690213011304,1,
NTRS,2000-02-15,2000-02-16,0.05804071070813421,1,
TMO,2000-02-10,2000-02-16,0.0018257604464502197,4,
TROW,2000-02-10,2000-02-16,-0.02278971028971044,4,
MRSH,2000-02-10,2000-02-18,-0.06126501484863256,6,
QCOM,2000-02-17,2000-02-18,0.052961898241618455,1,
MRK,2000-02-10,2000-02-23,-0.05902665339970026,8,
DXC,2000-02-14,2000-02-24,-0.038383497210117246,7,
EXC,2000-02-16,2000-02-24,0.001208722619897129,5,
HD,2000-02-18,2000-02-24,0.004861118263180364,3,
MS,2000-02-18,2000-02-24,0.0650614207926461,3,
OMC,2000-02-17,2000-02-24,0.05344655344655358,4,
AMD,2000-02-24,2000-02-25,-0.0004949869407698815,1,
COST,2000-02-16,2000-02-28,-0.04130938946694984,7,
RIG,2000-02-25,2000-02-28,0.00732908076830685,1,
NYT,2000-02-18,2000-02-29,-0.06792658651107786,6,
C,2000-02-24,2000-03-01,0.06287212787212804,4,
DIS,2000-02-23,2000-03-01,0.016691154939300512,5,
DXC,2000-02-29,2000-03-01,0.019288273699651803,1,
CA-201811,2000-02-24,2000-03-02,-0.04615865541204245,5,
IPG,2000-02-18,2000-03-02,-0.08258834854719388,8,
THC,2000-02-11,2000-03-02,-0.11288709062351343,13,
AABA,2000-03-03,2000-03-07,0.1189137785291634,2,
AGN,2000-03-03,2000-03-10,0.009711888111888278,5,
BDX,2000-03-08,2000-03-10,0.07574114517950403,2,
CA-201811,2000-03-09,2000-03-10,0.09540036726758716,1,
HD,2000-03-08,2000-03-10,0.061196867648480646,2,
OMC,2000-03-07,2000-03-13,0.019198649097620146,4,
NTRS,2000-03-09,2000-03-14,0.018890411913667915,3,
AES,2000-03-10,2000-03-16,0.06384240759240778,4,
AMGN,2000-03-15,2000-03-16,0.0907125661224022,1,
COST,2000-03-14,2000-03-16,0.12131833683557836,2,
ADI,2000-03-16,2000-03-17,0.054227462678166916,1,
AABA,2000-03-16,2000-03-20,0.07949713602979935,2,
CTXS,2000-03-15,2000-03-20,-0.025788158429108088,3,
EMC-201609,2000-03-16,2000-03-20,0.08026860732939012,2,
GLW,2000-03-15,2000-03-20,0.0871851552702616,3,
NTAP,2000-03-16,2000-03-20,0.14254021840228792,2,
TXN,2000-03-16,2000-03-20,0.13012715843690037,2,
XLNX,2000-03-15,2000-03-20,0.08321072031416876,3,
DXC,2000-03-20,2000-03-22,0.04143046355897129,2,
TMO,2000-03-22,2000-03-24,0.04910450994788329,2,
AAPL,2000-03-31,2000-04-03,0.061141319860261056,1,
TMO,2000-03-30,2000-04-03,0.01695140302735254,2,
ADP,2000-03-29,2000-04-04,0.03482392458465977,4,
BDX,2000-03-24,2000-04-04,-0.06222223393867887,7,
LXK-201611,2000-03-29,2000-04-05,-0.10474588702436782,5,
ADSK,2000-03-30,2000-04-06,0.039082536739089235,5,
CTXS,2000-04-03,2000-04-06,0.0491815876431263,3,
MSI,2000-03-31,2000-04-06,-0.013818739786888412,4,
ORCL,2000-04-04,2000-04-06,0.029938061938062033,2,
MS,2000-04-03,2000-04-07,0.04285602038411063,4,
NTAP,2000-03-31,2000-04-07,-0.08453115366328512,5,
NYT,2000-03-31,2000-04-07,0.005351055424693163,5,
SCHW,2000-04-05,2000-04-07,0.21745794350147385,2,
TXN,2000-04-04,2000-04-07,0.0839226998167395,3,
PAYX,2000-04-06,2000-04-10,0.020485146034419532,2,
PTC,2000-03-31,2000-04-10,-0.4662496278095164,6,
KATE-201707,2000-04-13,2000-04-14,0.020303718627741274,1,
ADI,2000-04-13,2000-04-18,-0.01360267639337387,3,
CSCO,2000-04-14,2000-04-18,0.11686055217882729,2,
INTC,2000-04-17,2000-04-18,0.14883639088184575,1,
LLTC-201703,2000-04-17,2000-04-18,0.14181346603706824,1,
MU,2000-04-13,2000-04-18,0.06742822394996328,3,
AABA,2000-04-11,2000-04-19,-0.07491791875746012,6,
ADP,2000-04-14,2000-04-19,0.06308908482821529,3,
ADSK,2000-04-13,2000-04-19,-0.015420400842636406,4,
MDT,2000-04-18,2000-04-19,0.06555513452065176,1,
TGT,2000-04-18,2000-04-19,0.07551671629341539,1,
LUV,2000-04-18,2000-04-20,0.09076497982221254,2,
AFL,2000-04-20,2000-04-24,0.06416009942103051,1,
EMN,2000-04-20,2000-04-24,0.06091329873564866,1,
IPG,2000-04-13,2000-04-24,-0.12005817526322238,6,
WMT,2000-04-18,2000-04-24,0.07077297702297725,3,
HD,2000-04-18,2000-04-25,0.05490562069509464,4,
OMC,2000-04-14,2000-04-25,0.021347073978653208,6,
VMC,2000-04-20,2000-04-25,0.03195768728313109,2,
RVTY,2000-04-24,2000-04-27,-0.00788244774093827,3,
ABT,2000-05-05,2000-05-08,0.02497498470787196,1,
DRI,2000-05-03,2000-05-08,-0.005439468414138227,3,
OMC,2000-05-04,2000-05-08,0.03829623872882726,2,
UNH,2000-05-02,2000-05-08,-0.031746079906515345,4,
F,2000-05-03,2000-05-09,0.00859398222777008,4,
FE,2000-05-08,2000-05-09,0.01096306291111504,1,
THC,2000-05-02,2000-05-09,-0.0019980019980018193,5,
AFL,2000-05-04,2000-05-10,0.02121134679274239,4,
SWY-201501,2000-05-02,2000-05-10,0.022376847074405015,6,
BBY,2000-05-09,2000-05-12,0.0436096571265574,3,
MU,2000-05-09,2000-05-12,0.0022578700617081893,3,
AAPL,2000-05-05,2000-05-15,-0.02676454590902666,6,
ADI,2000-05-10,2000-05-15,0.006249948398708849,3,
EMC-201609,2000-05-10,2000-05-15,0.04195967164972059,3,
LXK-201611,2000-05-05,2000-05-15,-0.09138597622849576,6,
SCHW,2000-05-10,2000-05-15,-0.015444137315908213,3,
BMS,2000-05-10,2000-05-16,0.04257030640592285,4,
KLAC,2000-05-10,2000-05-16,0.053446499591319974,4,
GPC,2000-05-08,2000-05-17,0.00043614921663714945,7,
TER,2000-05-12,2000-05-17,0.051928086717132116,3,
LUV,2000-05-17,2000-05-18,0.018918161469466233,1,
LLY,2000-05-12,2000-05-22,0.024884206702388445,6,
NEM,2000-05-18,2000-05-22,0.02379016332504702,2,
ECL,2000-05-19,2000-05-23,0.007598171059709502,2,
PCG,2000-05-18,2000-05-23,0.03792207792207791,3,
LMT,2000-05-17,2000-05-24,0.0005032561423539139,5,
AMGN,2000-05-23,2000-05-25,0.049265488609750996,2,
AVY,2000-05-23,2000-05-25,0.02371860052732222,2,
CSCO,2000-05-22,2000-05-25,0.05194805194805241,3,
JCI,2000-05-22,2000-05-26,-0.0517670845561794,4,
WBA,2000-05-25,2000-05-26,0.004835164835164774,1,
EMC-201609,2000-05-24,2000-05-31,0.10807574778163032,4,
MDT,2000-05-23,2000-05-31,0.04588593224956883,5,
TER,2000-05-25,2000-05-31,0.18818070041846258,3,
SLB,2000-05-23,2000-06-01,-0.007059719654816554,6,
EHC,2000-05-25,2000-06-02,-0.04615742021782321,5,
KATE-201707,2000-05-22,2000-06-02,-0.008193811918740246,8,
LUV,2000-05-26,2000-06-02,0.03670465714869198,4,
TKR,2000-05-26,2000-06-02,0.030831043321827734,4,
DHR,2000-05-22,2000-06-05,-0.03341201256736448,9,
NEM,2000-06-01,2000-06-06,0.13125009069544813,3,
PLL-201508,2000-05-31,2000-06-06,0.009743197978492102,4,
DUK,2000-06-06,2000-06-07,0.025449810582413024,1,
EMN,2000-05-31,2000-06-07,0.018341712635191243,5,
HOG,2000-05-22,2000-06-07,-0.0774375231068144,11,
XOM,2000-06-05,2000-06-07,0.03590080805270679,2,
FE,2000-06-06,2000-06-08,0.026740275431375027,2,
EXC,2000-06-05,2000-06-09,-0.01501548528346286,4,
PEG,2000-06-06,2000-06-09,0.025819926771929458,3,
SO,2000-06-06,2000-06-09,0.00560094531685551,3,
PNW,2000-06-05,2000-06-12,-0.016104037305450514,5,
SWY-201501,2000-06-07,2000-06-12,0.04698369115547041,3,
XEL,2000-06-05,2000-06-12,-0.004899170596844971,5,
CAG,2000-06-07,2000-06-13,-0.004874044568302427,4,
AMGN,2000-06-13,2000-06-14,0.08612127092619914,1,
BNY,2000-06-12,2000-06-14,0.01762566612105454,2,
USB,2000-06-12,2000-06-14,0.010634934685567865,2,
APD,2000-06-09,2000-06-15,0.042194019275262784,4,
GD,2000-06-14,2000-06-15,0.007137027731993539,1,
MCO,2000-06-14,2000-06-15,0.01427376970855243,1,
BBWI,2000-06-13,2000-06-16,0.026516346953046277,3,
KSS,2000-06-13,2000-06-16,0.045066179286251895,3,
NCR,2000-06-13,2000-06-19,0.005711457742357151,4,
MBI,2000-06-16,2000-06-20,0.019593386589881412,2,
TMO,2000-06-15,2000-06-20,-0.0019980019980019303,3,
ADSK,2000-06-13,2000-06-21,-0.005475360876057489,6,
FITB,2000-06-16,2000-06-23,0.008123753321993554,5,
AFL,2000-06-20,2000-06-26,-0.0019980019980019303,4,
CINF,2000-06-07,2000-06-26,-0.05157877992676296,13,
EFX,2000-06-19,2000-06-26,0.005181868491221042,5,
MAT,2000-06-20,2000-06-26,-0.006705558592350891,4,
BAC,2000-06-16,2000-06-27,-0.09881017186406404,7,
ITT,2000-06-14,2000-06-27,-0.10744724257245408,9,
AON,2000-06-23,2000-06-28,0.011567073702996034,3,
BMS,2000-06-21,2000-06-28,-0.03056131046972488,5,
PHM,2000-06-26,2000-06-28,0.009777832786682428,2,
SHW,2000-06-13,2000-06-28,-0.04202481846663608,11,
OKE,2000-06-26,2000-06-29,-0.0019980019980019303,3,
AET-201811,2000-06-27,2000-06-30,0.005784296801140343,3,
SAPE-201502,2000-06-27,2000-06-30,0.03548661340734394,3,
AMD,2000-06-30,2000-07-05,-0.023162807828386867,2,
OMC,2000-06-28,2000-07-05,-0.0006157277625418178,4,
TER,2000-06-15,2000-07-05,-0.13331405436668597,13,
PNC,2000-06-28,2000-07-06,-0.02913773494737637,5,
AEP,2000-06-26,2000-07-07,-0.044631097058281166,8,
DTE,2000-06-26,2000-07-07,-0.045887179427744784,8,
NOC,2000-07-05,2000-07-07,0.014221977556165166,2,
ADI,2000-06-28,2000-07-10,-0.11044462145783718,7,
COP,2000-07-06,2000-07-10,0.03510709279552393,2,
TXN,2000-06-28,2000-07-10,-0.07304221202526284,7,
CVX,2000-06-30,2000-07-11,-0.03080036846270595,6,
MRO,2000-06-29,2000-07-11,-0.028291296332533467,7,
HAL,2000-07-10,2000-07-12,0.0648197955890264,2,
NCR,2000-07-06,2000-07-12,0.011220567511958546,4,
RIG,2000-07-11,2000-07-12,0.04966630018749085,1,
DIS,2000-07-07,2000-07-14,-0.01197803226915306,5,
KO,2000-07-12,2000-07-14,0.02908548626012486,2,
AGN,2000-07-14,2000-07-17,0.00014516621531668328,1,
CLX,2000-07-14,2000-07-17,0.015434347312076602,1,
PEP,2000-07-13,2000-07-17,-0.0019980019980018193,2,
THC,2000-07-17,2000-07-18,0.03977882730781146,1,
BDX,2000-07-14,2000-07-19,0.017962020313451177,3,
JNJ,2000-07-14,2000-07-19,0.020867272888836386,3,
AVP,2000-07-13,2000-07-20,0.035388129040574645,5,
CAH,2000-07-17,2000-07-20,0.04799467552189829,3,
MO,2000-07-14,2000-07-20,0.03915671956909095,4,
SYY,2000-07-18,2000-07-20,0.033019611966980555,2,
ADBE,2000-07-19,2000-07-21,0.027958569438125025,2,
AIG,2000-07-19,2000-07-21,0.02150282998006725,2,
ECL,2000-07-17,2000-07-21,-0.005381059618347561,4,
GIS,2000-07-12,2000-07-24,-0.04635364635364625,8,
MS,2000-07-20,2000-07-24,0.05950352168839568,2,
STJ-201701,2000-07-21,2000-07-24,0.08188687899200842,1,
KR,2000-07-14,2000-07-26,0.00970876630700701,8,
MU,2000-07-24,2000-07-26,-0.00422072359711545,2,
APA,2000-07-26,2000-07-27,0.053010001045856514,1,
CVG,2000-07-18,2000-07-27,-0.014990858198405399,7,
AET-201811,2000-07-20,2000-07-28,-0.058607410914834346,6,
EHC,2000-07-20,2000-07-28,-0.021760405790547388,6,
UNH,2000-07-27,2000-07-28,0.041774112608477854,1,
ABT,2000-07-20,2000-07-31,0.013077470187407014,7,
SBUX,2000-07-27,2000-08-01,-0.007790716159606914,3,
XLNX,2000-07-24,2000-08-01,-0.026980245560890403,6,
ASH,2000-07-21,2000-08-02,-0.031351057270346816,8,
RVTY,2000-07-28,2000-08-02,-0.008928571428571508,3,
HPQ,2000-07-26,2000-08-03,-0.026867001218482067,6,
NEE,2000-08-01,2000-08-03,0.08244832090985965,2,
SAPE-201502,2000-07-31,2000-08-03,0.03287841191066998,3,
AGN,2000-08-04,2000-08-07,0.035840936314870175,1,
BMS,2000-08-02,2000-08-07,0.023441837974507163,3,
MAT,2000-07-21,2000-08-07,-0.07760421396785022,11,
NTAP,2000-08-03,2000-08-07,0.1865327047302785,2,
AMD,2000-07-28,2000-08-08,-0.08465727820566515,7,
TUP,2000-07-28,2000-08-08,-0.023888374835533077,7,
TKR,2000-07-24,2000-08-09,-0.05817690748690829,12,
ABT,2000-08-10,2000-08-11,0.039254952300188384,1,
BCR-201712,2000-08-10,2000-08-11,0.07193561540500304,1,
CVS,2000-08-01,2000-08-11,-0.04185165915615163,8,
PEP,2000-08-09,2000-08-11,0.024898505749569644,2,
CAH,2000-08-10,2000-08-14,0.03320491720542296,2,
KO,2000-08-10,2000-08-14,0.034349625400613926,2,
MRK,2000-08-10,2000-08-14,0.018225797997600823,2,
SPGI,2000-08-11,2000-08-15,0.03294304864836506,2,
LLY,2000-08-10,2000-08-17,0.0013777934808314463,5,
PFE,2000-08-11,2000-08-17,0.024930099108350312,4,
PAYX,2000-08-17,2000-08-18,0.019783079174850116,1,
SLM,2000-08-14,2000-08-18,-0.011354292262519716,4,
TMO,2000-08-14,2000-08-18,0.016038178688781102,4,
CVG,2000-08-17,2000-08-21,0.059585158366265656,2,
BA,2000-08-21,2000-08-22,0.043055439772266224,1,
BNY,2000-08-16,2000-08-22,0.00045409552611874737,4,
GD,2000-08-21,2000-08-22,0.019585975301732228,1,
LMT,2000-08-17,2000-08-22,0.009240759240759289,3,
CMA,2000-08-21,2000-08-23,0.022043605530181587,2,
F,2000-08-16,2000-08-23,-0.037015615962984305,5,
MDT,2000-08-16,2000-08-25,-0.05744255744255744,7,
THC,2000-08-23,2000-08-25,0.07593707552667728,2,
DIS,2000-08-23,2000-08-28,0.002934518880826742,3,
CI,2000-08-22,2000-08-29,-0.02057124087745632,5,
FE,2000-08-21,2000-08-29,-0.03509500703378243,6,
MRSH,2000-08-16,2000-08-29,0.006459642052862424,9,
SLM,2000-08-23,2000-08-29,0.0012006274801545924,4,
BMS,2000-08-22,2000-08-30,-0.04176822311387729,6,
AVP,2000-08-29,2000-08-31,0.03482566450516922,2,
L,2000-08-29,2000-08-31,0.004224973128369003,2,
MBI,2000-08-28,2000-08-31,0.0349650654521263,3,
PAYX,2000-08-29,2000-08-31,0.07254787895031778,2,
SBUX,2000-08-16,2000-08-31,-0.09300599773314644,11,
SRE,2000-08-25,2000-08-31,-0.005324675324675177,4,
AEP,2000-08-30,2000-09-01,0.025170836423105136,2,
SAPE-201502,2000-08-23,2000-09-01,-0.1931794040757131,7,
USB,2000-08-31,2000-09-01,0.019522256719022746,1,
VIAV,2000-08-31,2000-09-01,0.04343692188056636,1,
VMC,2000-08-25,2000-09-01,-0.0061971688900159805,5,
XEL,2000-08-29,2000-09-01,0.013238669727219543,3,
SNA,2000-08-31,2000-09-05,0.033274417889802566,2,
XOM,2000-08-31,2000-09-05,0.014787964329249004,2,
JNJ,2000-08-31,2000-09-06,0.00737919798322495,3,
NAV,2000-09-01,2000-09-06,-0.0004222093695773754,2,
MMM,2000-09-05,2000-09-07,0.0040750832290523675,2,
BRCM-201601,2000-08-31,2000-09-08,0.01391840917702969,5,
GD,2000-09-06,2000-09-08,0.05069154448036439,2,
MCK,2000-09-05,2000-09-08,0.06522493050990485,3,
MO,2000-09-01,2000-09-08,-0.010332047910335929,4,
C,2000-09-07,2000-09-11,0.026386582700576033,2,
BCR-201712,2000-09-06,2000-09-13,-0.04591776520851509,5,
PAYX,2000-09-11,2000-09-13,0.02956531420386832,2,
CI,2000-09-05,2000-09-15,-0.007950923032689072,8,
ORCL,2000-09-13,2000-09-15,0.04132362814034862,2,
MAR,2000-09-15,2000-09-18,0.008116939050523353,1,
AGN,2000-09-14,2000-09-20,0.08273801670028091,4,
INTC,2000-09-07,2000-09-20,-0.08229701333149608,9,
MU,2000-09-01,2000-09-20,-0.2123020484047673,12,
FMC,2000-09-20,2000-09-22,-0.00580720011215452,2,
MDT,2000-09-13,2000-09-22,-0.02951184154191655,7,
SHW,2000-09-14,2000-09-22,-0.06332769379565228,6,
EMR,2000-09-20,2000-09-25,0.06700729610946343,3,
MO,2000-09-14,2000-09-25,-0.023980424861481997,7,
PCG,2000-09-20,2000-09-25,0.06098270661377447,3,
AEE,2000-09-22,2000-09-26,0.04568248884558623,2,
HOG,2000-09-25,2000-09-26,0.011099137083389055,1,
JCI,2000-09-13,2000-09-26,-0.032653357107467085,9,
HAL,2000-09-25,2000-09-27,0.025983362431960755,2,
APA,2000-09-26,2000-09-28,0.012678502319795504,2,
BIG,2000-09-25,2000-09-28,-0.020143492870765667,3,
HES,2000-09-26,2000-09-28,0.033777674839127414,2,
MRO,2000-09-26,2000-09-28,0.056334074318338034,2,
RF,2000-09-22,2000-09-28,-0.012845894227845656,4,
SNA,2000-09-18,2000-09-28,-0.18084349279039558,8,
SPGI,2000-09-27,2000-09-29,0.038244019808122864,2,
VMC,2000-09-14,2000-09-29,-0.08613189136444932,11,
WM,2000-09-22,2000-09-29,0.012237571877522058,5,
BBWI,2000-09-28,2000-10-03,0.03747094645137761,3,
CINF,2000-09-28,2000-10-03,0.01664805156299698,3,
IBM,2000-09-29,2000-10-03,0.027164397853516542,2,
RRD,2000-10-03,2000-10-04,0.021048642079569913,1,
BA,2000-10-03,2000-10-06,0.032889779711813505,3,
JNJ,2000-10-05,2000-10-06,0.013680991140007537,1,
LNC,2000-10-02,2000-10-06,-0.0035663043827039997,4,
ADP,2000-10-05,2000-10-10,0.013749564493628963,3,
BALL,2000-09-15,2000-10-10,-0.07647576304292714,17,
D,2000-10-05,2000-10-10,0.0323342138288758,3,
SO,2000-10-05,2000-10-10,0.016991493272002556,3,
DVN,2000-10-06,2000-10-11,0.08632075888713087,3,
GD,2000-10-06,2000-10-11,0.05621878121878132,3,
AMGN,2000-10-03,2000-10-12,-0.040082675944744794,7,
DTE,2000-10-06,2000-10-12,-0.0037187160550273823,4,
SYY,2000-10-10,2000-10-12,0.009278856736484098,2,
MCO,2000-10-10,2000-10-13,0.018421476221987865,3,
CMA,2000-10-11,2000-10-16,0.0037913059993899267,3,
EMC-201609,2000-10-05,2000-10-16,0.024256713636767735,7,
GLW,2000-10-04,2000-10-16,-0.006618381618381464,8,
KEY,2000-10-12,2000-10-16,0.019580419580419894,2,
MBI,2000-10-10,2000-10-16,0.008397823306371288,4,
TRV,2000-10-10,2000-10-16,0.0034407009883850037,4,
AXP,2000-10-12,2000-10-17,-0.015364101572471367,3,
HSH-201408,2000-10-16,2000-10-17,0.014174534299991715,1,
SNV,2000-10-13,2000-10-17,0.03676437493112794,2,
L,2000-10-12,2000-10-18,0.011542377325590936,4,
STT,2000-10-11,2000-10-18,-0.10847407155316335,5,
MCK,2000-10-16,2000-10-19,0.018793706293706247,3,
SIAL-201511,2000-10-16,2000-10-19,0.028587410138130265,3,
SPGI,2000-10-17,2000-10-20,0.021559956764205523,3,
UNM,2000-10-16,2000-10-20,-0.018169330669330463,4,
AES,2000-10-19,2000-10-23,0.06631071944297018,2,
HES,2000-10-19,2000-10-23,0.021414619162507975,2,
NOC,2000-10-19,2000-10-23,0.042957009213722586,2,
XOM,2000-10-19,2000-10-23,0.02111058261564791,2,
CAG,2000-10-20,2000-10-24,0.03296381511514368,2,
HSY,2000-10-23,2000-10-24,0.015732997966500628,1,
APD,2000-10-16,2000-10-25,0.027977237318581594,7,
GE,2000-10-23,2000-10-25,0.03183257107574455,2,
PHM,2000-10-16,2000-10-25,-0.024633098859903058,7,
PPL,2000-10-23,2000-10-25,0.04611720185234325,2,
BF-B,2000-10-24,2000-10-27,0.04557870670161246,3,
AEE,2000-10-23,2000-10-30,0.024308475708805455,5,
MCK,2000-10-25,2000-10-30,0.08436755552140163,3,
NEE,2000-10-25,2000-10-30,0.003815601873854435,3,
DUK,2000-10-27,2000-10-31,0.05989364601031277,2,
PNW,2000-10-20,2000-10-31,-0.04350103308637998,7,
TMO,2000-10-30,2000-10-31,0.06297608641358665,1,
XEL,2000-10-23,2000-10-31,-0.04661456190867941,6,
BKR,2000-10-26,2000-11-01,-0.005587937242613306,4,
MDR,2000-10-18,2000-11-01,-0.09036276223776185,10,
APA,2000-10-26,2000-11-02,0.014416487038569015,5,
DVN,2000-10-26,2000-11-02,0.02735499794323326,5,
RIG,2000-10-30,2000-11-02,0.06558136875287301,3,
RRD,2000-10-30,2000-11-03,0.009342929797475419,4,
PG,2000-11-03,2000-11-08,0.0053673264005364985,3,
AGN,2000-11-02,2000-11-09,-0.022831377039793876,5,
EXC,2000-11-07,2000-11-09,0.04382295117310342,2,
CNP,2000-11-08,2000-11-10,0.028389935023310553,2,
PEG,2000-11-08,2000-11-10,0.004328476594720687,2,
AON,2000-11-03,2000-11-13,-0.051898101898101845,6,
MRO,2000-11-10,2000-11-13,0.021453742080373983,1,
FITB,2000-11-09,2000-11-15,0.012330366262950587,4,
LMT,2000-11-06,2000-11-15,-0.006297068785331206,7,
SANM,2000-11-10,2000-11-15,0.0720777198509992,3,
SPGI,2000-11-10,2000-11-15,-0.02715769293171011,3,
BEN,2000-11-09,2000-11-16,-0.03254905458236168,5,
JCI,2000-11-13,2000-11-16,0.034485560794531356,3,
RVTY,2000-11-13,2000-11-16,0.133148101898102,3,
TIF,2000-11-10,2000-11-16,0.020624763459573314,4,
PPL,2000-11-13,2000-11-17,0.033187937662981115,4,
AES,2000-11-15,2000-11-20,0.045631394133059056,3,
BDX,2000-11-15,2000-11-20,0.028183482598733933,3,
SNV,2000-11-16,2000-11-20,0.004107421989774984,2,
KEY,2000-11-15,2000-11-22,-0.03135100193923701,5,
PEP,2000-11-17,2000-11-22,0.013485808972409918,3,
PNC,2000-11-20,2000-11-22,0.010172754075193247,2,
WBA,2000-11-16,2000-11-22,-0.021104161732854565,4,
KO,2000-11-22,2000-11-24,0.01941834989045299,1,
VZ,2000-11-20,2000-11-24,0.02464767583073968,3,
CMCSA,2000-11-07,2000-11-27,-0.025857803773490118,13,
NTRS,2000-11-20,2000-11-27,-0.0035216691705241,4,
BBWI,2000-11-22,2000-11-28,-0.004659250909543888,3,
LNC,2000-11-24,2000-11-28,0.04329930684249894,2,
TROW,2000-11-15,2000-11-28,-0.140275387263339,8,
AIG,2000-11-22,2000-11-29,-0.006837761986319135,4,
CL,2000-11-28,2000-11-29,0.0040347988183224714,1,
CMA,2000-11-16,2000-11-29,-0.024356095926278076,8,
MRSH,2000-11-22,2000-11-29,0.0007347526515106839,4,
MTG,2000-11-24,2000-11-29,0.01717493830739536,3,
BEAM-201404,2000-11-17,2000-11-30,0.029233923970766407,8,
CI,2000-11-28,2000-11-30,0.04740312120659107,2,
PGR,2000-11-27,2000-11-30,-0.005958327386898721,3,
RVTY,2000-12-01,2000-12-04,0.10795730585204288,1,
COP,2000-11-30,2000-12-05,-0.013614978304541392,3,
JCI,2000-12-01,2000-12-05,0.04463756066735147,2,
MAT,2000-11-27,2000-12-05,0.035618978817109515,6,
XOM,2000-11-30,2000-12-05,0.006365143236651605,3,
EFX,2000-12-05,2000-12-06,-0.00012205839273493613,1,
ADP,2000-11-30,2000-12-07,-0.008072671427571176,5,
APA,2000-11-30,2000-12-07,0.03317379539368015,5,
BKR,2000-11-30,2000-12-07,-0.04554718009263459,5,
T,2000-12-04,2000-12-07,0.03888399023244071,3,
CVS,2000-12-07,2000-12-08,0.049581428187197574,1,
KR,2000-12-07,2000-12-08,0.015869041444489307,1,
AES,2000-12-01,2000-12-11,-0.07294601133463685,6,
BDX,2000-12-07,2000-12-11,0.039660239031768185,2,
CLX,2000-12-04,2000-12-11,-0.06727429547196984,5,
PAYX,2000-12-05,2000-12-11,-0.044636271605563826,4,
FDX,2000-12-05,2000-12-12,0.033126067235215384,5,
SO,2000-12-08,2000-12-13,0.01782988069196012,3,
SWY-201501,2000-12-07,2000-12-13,0.03308873867249518,4,
WBA,2000-12-06,2000-12-13,0.04569593452803278,5,
ABT,2000-12-11,2000-12-14,0.006745437034816115,3,
CAH,2000-12-05,2000-12-14,0.0006145287605532346,7,
DTE,2000-12-13,2000-12-14,0.015298418804774894,1,
L,2000-12-13,2000-12-14,0.01002611845985335,1,
NEE,2000-12-12,2000-12-14,0.02157684834850193,2,
ADM,2000-12-13,2000-12-15,0.043137756661593585,2,
EIX,2000-12-11,2000-12-15,0.01707209987464764,4,
ETR,2000-12-08,2000-12-18,0.0011602321728905185,6,
DRI,2000-12-11,2000-12-19,-0.006890157909253292,6,
ED,2000-12-11,2000-12-19,-0.015763546798029382,6,
MAS,2000-12-14,2000-12-19,0.00416253057586724,3,
RTN,2000-12-14,2000-12-19,0.027104474472895435,3,
AEE,2000-12-19,2000-12-20,0.019697693610737144,1,
SIAL-201511,2000-12-14,2000-12-20,-0.006812806598386789,4,
CI,2000-12-14,2000-12-21,0.026491426458125522,5,
LLY,2000-12-19,2000-12-21,0.018470214368375704,2,
MDP,2000-12-18,2000-12-22,-0.003994005994006011,4,
TJX,2000-12-15,2000-12-22,0.06331642434560503,5,
EFX,2000-12-14,2000-12-26,-0.06583608289365206,7,
FDX,2000-12-15,2000-12-26,-0.07205480310319679,6,
JCI,2000-12-20,2000-12-26,0.05296082922425027,3,
BEAM-201404,2000-12-20,2000-12-27,0.029144815012820846,4,
KBH,2000-12-22,2000-12-27,0.07446182849408678,2,
LUMN,2000-12-20,2000-12-27,0.012678497972615776,4,
FRX-201406,2000-12-26,2000-12-28,0.05631624235139898,2,
UNM,2000-12-27,2000-12-28,0.038884007558706246,1,
BCR-201712,2000-12-22,2000-12-29,0.021059585575714745,4,
DRI,2000-12-27,2000-12-29,0.07748885344725132,2,
FITB,2001-01-03,2001-01-04,0.04267239310907445,1,
SBUX,2001-01-03,2001-01-09,0.011368186834179506,4,
AEP,2001-01-04,2001-01-10,-0.02230618218990299,4,
CVS,2001-01-04,2001-01-10,-0.004297545772200206,4,
D,2001-01-04,2001-01-10,-0.02040377655131731,4,
DTE,2001-01-04,2001-01-10,0.0031025206366697144,4,
PEG,2001-01-03,2001-01-10,-0.11155109950290676,5,
PPL,2001-01-04,2001-01-11,-0.07130363883231872,5,
TMO,2001-01-10,2001-01-12,0.0645102810408622,2,
DUK,2001-01-04,2001-01-16,-0.1107391757121331,7,
MDT,2001-01-11,2001-01-16,0.022485691878215475,2,
BF-B,2001-01-10,2001-01-17,0.014635422881636106,4,
FITB,2001-01-16,2001-01-17,0.02975660702933447,1,
TAP,2001-01-09,2001-01-17,0.012451833880405383,5,
WFC,2001-01-10,2001-01-17,0.05670799788446845,4,
NEE,2001-01-12,2001-01-18,0.023868140498810142,3,
CNP,2001-01-04,2001-01-19,-0.1311324793877453,10,
FE,2001-01-10,2001-01-19,-0.013390718870170959,6,
DRI,2001-01-10,2001-01-22,0.001101376188150427,7,
SO,2001-01-04,2001-01-22,-0.08886864332113009,11,
OXY,2001-01-19,2001-01-23,0.03758285077868684,2,
USB,2001-01-17,2001-01-23,-0.023752813943549778,4,
APA,2001-01-19,2001-01-24,0.06481822933833858,3,
AVP,2001-01-18,2001-01-24,0.04020846239309295,4,
DE,2001-01-16,2001-01-24,0.019431488756642246,6,
ECL,2001-01-17,2001-01-24,-0.04901633321086196,5,
HUM,2001-01-22,2001-01-24,0.10707325461423856,2,
LUV,2001-01-17,2001-01-24,-0.013660809046757594,5,
APD,2001-01-17,2001-01-25,-0.02182585265305781,6,
BALL,2001-01-22,2001-01-25,0.05626867290512072,3,
PHM,2001-01-23,2001-01-25,0.06695486331849976,2,
SWK,2001-01-23,2001-01-25,0.05235940530058181,2,
FMCC,2001-01-25,2001-01-26,-0.0019980019980019303,1,
FNMA,2001-01-25,2001-01-26,0.04070174791651304,1,
CMCSA,2001-01-26,2001-01-30,0.03278086770576771,2,
MAT,2001-01-26,2001-01-30,0.004791153226670231,2,
PTC,2001-01-29,2001-01-30,0.06425939206022191,1,
UNP,2001-01-29,2001-01-30,0.0049949744011028585,1,
VZ,2001-01-25,2001-01-30,0.03392518030242209,3,
CSX,2001-01-29,2001-01-31,0.05603380493827159,2,
GPC,2001-01-24,2001-01-31,0.008082826264644627,5,
HON,2001-01-30,2001-01-31,0.03221299710067327,1,
PG,2001-01-30,2001-01-31,0.019541609469666987,1,
BMY,2001-01-30,2001-02-02,0.02848765523303287,3,
EOG,2001-02-02,2001-02-05,0.016356040231572777,1,
TUP,2001-02-01,2001-02-05,0.031111069025760996,2,
AFL,2001-02-01,2001-02-06,0.06374562634668246,3,
CCL,2001-02-05,2001-02-06,0.07350876663130035,1,
ETR,2001-02-01,2001-02-06,0.012914313267670341,3,
NEE,2001-02-01,2001-02-06,0.004180459083850785,3,
NI,2001-02-05,2001-02-06,0.005534104074683688,1,
PNW,2001-02-02,2001-02-06,0.009854753752279954,2,
XEL,2001-02-01,2001-02-06,0.0187610935168101,3,
ADSK,2001-02-05,2001-02-07,0.04154783127005568,2,
CPWR-201412,2001-02-06,2001-02-07,0.053890109890110116,1,
WM,2001-02-06,2001-02-07,0.02295206381486259,1,
AEE,2001-02-05,2001-02-08,0.008685124296951674,3,
FDX,2001-02-08,2001-02-09,0.019672975542638138,1,
MAR,2001-02-05,2001-02-09,-0.009470434772501313,4,
CTXS,2001-02-07,2001-02-12,0.03613808471321445,3,
HRB,2001-02-08,2001-02-12,0.027074581996702873,2,
AZO,2001-02-07,2001-02-13,0.0281227821875647,4,
BAC,2001-02-08,2001-02-13,0.008980004751718118,3,
BEN,2001-02-12,2001-02-13,-0.024679908359560798,1,
KSS,2001-02-09,2001-02-13,0.035240878524460895,2,
MDT,2001-02-06,2001-02-13,-0.011413115186699851,5,
GD,2001-02-06,2001-02-14,0.0074928953833213185,6,
GPS,2001-02-07,2001-02-14,-0.017093830539208432,5,
HOT-201609,2001-02-09,2001-02-14,0.01523678695831987,3,
LEG,2001-02-12,2001-02-14,0.012536007681638761,2,
RTN,2001-02-13,2001-02-14,0.027034783398419915,1,
TJX,2001-02-09,2001-02-14,0.069485176499118,3,
EMR,2001-02-14,2001-02-16,0.028394432349160503,2,
KR,2001-02-15,2001-02-16,0.018793706293706247,1,
CCL,2001-02-15,2001-02-20,0.04118472689708441,2,
CL,2001-02-15,2001-02-20,0.05848699636794774,2,
CPB,2001-02-14,2001-02-21,-0.015962895265151933,4,
FRX-201406,2001-02-15,2001-02-21,0.024364314930352737,3,
MCK,2001-02-15,2001-02-22,0.014258956093628816,4,
SPGI,2001-02-15,2001-02-22,0.049324898433106945,4,
FCX,2001-02-15,2001-02-23,0.08761853502320194,5,
NKE,2001-02-21,2001-02-26,0.008878819492008194,3,
AFL,2001-02-16,2001-02-27,-0.03169061084078717,6,
CMCSA,2001-02-20,2001-02-27,0.0321090614553714,5,
CPWR-201412,2001-02-22,2001-02-27,0.09536804658755882,3,
LEG,2001-02-26,2001-02-27,0.037293415246171246,1,
MAR,2001-02-21,2001-02-27,-0.03818289523644447,4,
BKR,2001-02-16,2001-02-28,-0.04714574768928759,7,
EFX,2001-02-23,2001-02-28,0.02105817548077593,3,
RRD,2001-02-27,2001-02-28,0.02405213833785269,1,
FNMA,2001-02-27,2001-03-01,0.02375688827301725,2,
VMC,2001-02-13,2001-03-01,-0.028492765173130152,11,
BF-B,2001-03-01,2001-03-02,0.009836002079011585,1,
MDR,2001-02-22,2001-03-02,-0.0685314685314683,6,
STJ-201701,2001-02-20,2001-03-02,-0.05351752669728116,8,
FDX,2001-02-27,2001-03-05,0.02112640081413919,4,
ITW,2001-02-27,2001-03-05,-0.006015723505748416,4,
SNA,2001-03-01,2001-03-05,0.034389351744144925,2,
PG,2001-02-27,2001-03-06,-0.020974074877896265,5,
KSS,2001-03-02,2001-03-07,0.06620555508430703,3,
LUV,2001-03-02,2001-03-07,0.058216640721032276,3,
PEP,2001-03-05,2001-03-07,0.023062690961947574,2,
BEAM-201404,2001-03-05,2001-03-08,-0.019549280313379658,3,
COST,2001-03-05,2001-03-08,0.031696599220714994,3,
PTC,2001-03-02,2001-03-08,0.055179195804195835,4,
ABT,2001-03-08,2001-03-09,0.024615364273234075,1,
BF-B,2001-03-08,2001-03-09,0.029516080264698985,1,
HSH-201408,2001-03-07,2001-03-09,0.02309682580475636,2,
SBUX,2001-03-06,2001-03-09,0.013991347801879828,3,
SYY,2001-03-07,2001-03-09,0.003704852058864949,2,
TAP,2001-03-07,2001-03-09,0.011820510633259618,2,
RTN,2001-03-02,2001-03-13,-0.01655556760905219,7,
PEG,2001-03-09,2001-03-16,-0.0019980019980019303,5,
SNV,2001-03-13,2001-03-16,0.007381716028332708,3,
TGNA,2001-03-13,2001-03-16,0.006416201571774582,3,
CCL,2001-03-13,2001-03-19,0.023125015712520236,4,
EHC,2001-03-07,2001-03-20,-0.06153784062507628,9,
PNC,2001-03-13,2001-03-20,0.006565245390889984,5,
STJ-201701,2001-03-08,2001-03-20,-0.07729105214312282,8,
THC,2001-03-09,2001-03-20,-0.06883356710068345,7,
BEAM-201404,2001-03-13,2001-03-21,0.05415966669985961,6,
ITT,2001-03-19,2001-03-21,0.02935281896305475,2,
KMB,2001-03-20,2001-03-21,0.023062602195820014,1,
NBR,2001-03-16,2001-03-21,0.04508627357841033,3,
GIS,2001-03-16,2001-03-22,0.01571800980085003,4,
BF-B,2001-03-21,2001-03-26,0.008151191882063147,3,
WBA,2001-03-21,2001-03-26,-0.0010125643302636433,3,
CNP,2001-03-26,2001-03-27,0.025378710553747963,1,
ETR,2001-03-20,2001-03-27,-0.026339554406937582,5,
FRX-201406,2001-03-07,2001-03-27,-0.12287402038954831,14,
HRB,2001-03-21,2001-03-27,0.035662455176291186,4,
ITW,2001-03-20,2001-03-27,-0.007913314123040527,5,
LMT,2001-03-20,2001-03-27,-0.010314664164265963,5,
NEE,2001-03-21,2001-03-27,-0.0006583713053758267,4,
PPL,2001-03-16,2001-03-27,-0.01775953118591611,7,
D,2001-03-26,2001-03-28,0.03855101437772679,2,
FMCC,2001-03-27,2001-03-28,0.015251402717833429,1,
CPB,2001-03-28,2001-03-30,0.008931575203815045,2,
HUM,2001-03-22,2001-04-02,-0.025587160898461025,7,
PLL-201508,2001-03-29,2001-04-02,0.0311287590389977,2,
SPLS-201709,2001-03-27,2001-04-02,-0.014639360639360444,4,
BMS,2001-04-04,2001-04-05,0.016342004090855733,1,
EHC,2001-04-04,2001-04-05,0.029422114819726897,1,
BC,2001-04-04,2001-04-06,0.022780669223630534,2,
CMCSA,2001-04-04,2001-04-06,0.016439028241316045,2,
CMI,2001-04-04,2001-04-06,0.03507866037703011,2,
JCP,2001-04-05,2001-04-06,0.032076706584026615,1,
NUE,2001-04-04,2001-04-06,0.03655357988962393,2,
ODP,2001-04-04,2001-04-06,0.03118971289992678,2,
WM,2001-04-04,2001-04-06,0.037334248322360875,2,
HSY,2001-04-09,2001-04-10,0.005349150633414457,1,
KBH,2001-04-06,2001-04-11,0.026366246612210542,3,
SWY-201501,2001-04-09,2001-04-11,0.03582220946474357,2,
UNP,2001-04-10,2001-04-11,0.0424180868377253,1,
WBA,2001-04-10,2001-04-11,0.016880358904898918,1,
BSX,2001-04-06,2001-04-16,0.04396260438449229,5,
GIS,2001-04-06,2001-04-18,-0.015320825476679123,7,
SLM,2001-04-16,2001-04-18,0.007855355618719972,2,
CCL,2001-04-18,2001-04-19,0.06210724505901477,1,
HAS,2001-04-12,2001-04-19,-0.006121992798059472,4,
LOW,2001-04-18,2001-04-19,0.09367509187393819,1,
MAT,2001-04-17,2001-04-19,0.031060857015413612,2,
TJX,2001-04-04,2001-04-19,0.00034007500313726347,10,
DDS,2001-04-16,2001-04-20,0.02461541691784319,4,
LMT,2001-04-20,2001-04-25,0.03281593110723491,3,
MTG,2001-04-16,2001-04-25,-0.024521016138359775,7,
TUP,2001-04-09,2001-04-25,-0.08646839054362554,11,
HSY,2001-04-18,2001-04-26,-0.051898101898101734,6,
ADM,2001-04-04,2001-04-27,-0.041918168262551236,16,
DDS,2001-04-25,2001-04-27,0.06975373741737823,2,
MET,2001-04-24,2001-04-27,-0.0023431529807250717,3,
NOC,2001-04-24,2001-04-27,0.03202093000319817,3,
NSC,2001-04-24,2001-04-27,0.15177628892202444,3,
BDX,2001-04-24,2001-04-30,0.005714551378754207,4,
KMB,2001-04-19,2001-04-30,-0.04253421276131952,7,
NI,2001-04-30,2001-05-01,0.017811823530678783,1,
BEAM-201404,2001-05-01,2001-05-02,0.02523479730542344,1,
MAS,2001-05-01,2001-05-03,0.005258669788907433,2,
SLM,2001-05-04,2001-05-07,0.04752690827775452,1,
AEE,2001-05-04,2001-05-08,0.015166669916516273,2,
CVX,2001-05-03,2001-05-08,0.014862010455006347,3,
ED,2001-05-03,2001-05-08,0.0015275775783893941,3,
EOG,2001-05-03,2001-05-08,0.027354997943233483,3,
CVS,2001-05-08,2001-05-09,0.014448421074135798,1,
HES,2001-05-03,2001-05-09,0.028442938760109504,4,
OKE,2001-05-03,2001-05-10,-0.007945571508456761,5,
XEL,2001-05-04,2001-05-10,0.008422344274311655,4,
BALL,2001-05-02,2001-05-11,-0.02361777522864983,7,
M,2001-05-10,2001-05-11,-0.0019980019980020414,1,
NWL,2001-05-07,2001-05-14,-0.02417579341157783,5,
CNP,2001-05-09,2001-05-15,0.012770335810945666,4,
THC,2001-05-11,2001-05-15,0.0010156894940946959,2,
UNH,2001-05-09,2001-05-15,0.003089570692295762,4,
AMD,2001-05-10,2001-05-16,-0.031938049247810185,4,
PCAR,2001-05-10,2001-05-16,0.004184817916733419,4,
SYK,2001-05-10,2001-05-16,-0.009835727416775186,4,
TFC,2001-05-15,2001-05-16,0.0035541859513588125,1,
CA-201811,2001-05-03,2001-05-17,-0.00530812471110953,10,
EHC,2001-05-11,2001-05-17,0.02735501213649294,4,
FMCC,2001-05-14,2001-05-17,0.014072884032984012,3,
MSFT,2001-05-16,2001-05-17,0.018640172049497528,1,
NOC,2001-05-10,2001-05-17,0.012745149591291138,5,
SRE,2001-05-21,2001-05-22,0.03581332985025609,1,
ODP,2001-05-22,2001-05-23,0.01677319545658129,1,
CPB,2001-05-16,2001-05-25,-0.025519959643478973,7,
PFE,2001-05-25,2001-05-31,0.012788905174906384,3,
STJ-201701,2001-05-24,2001-05-31,-0.0068821879588598645,4,
DE,2001-05-16,2001-06-01,-0.033981898989427384,11,
PCH,2001-05-25,2001-06-01,-0.0054693132954001245,4,
SIAL-201511,2001-05-25,2001-06-01,0.014447378038109138,4,
WY,2001-05-25,2001-06-01,0.0027293839021667043,4,
LPX,2001-05-31,2001-06-04,0.03212177379430181,2,
EMN,2001-05-25,2001-06-05,-0.011744115114511677,6,
HON,2001-06-01,2001-06-05,0.0021345322316530524,2,
TKR,2001-06-01,2001-06-05,0.023446802600777916,2,
GPS,2001-06-05,2001-06-06,0.024719648617787637,1,
ITT,2001-06-01,2001-06-06,0.01744914043113699,3,
L,2001-05-24,2001-06-06,-0.006330878237288284,8,
M,2001-06-04,2001-06-06,0.026194144838212807,2,
PPG,2001-05-25,2001-06-06,-0.01539999875630671,7,
TJX,2001-06-05,2001-06-06,0.00555118121712872,1,
ODP,2001-06-05,2001-06-07,0.012745209336118224,2,
KSS,2001-06-01,2001-06-08,0.0020589166930631286,5,
CNP,2001-06-06,2001-06-12,0.0014996572151906307,4,
D,2001-06-07,2001-06-12,0.023394027357626968,3,
EXC,2001-06-07,2001-06-12,0.05110380366025025,3,
F,2001-05-22,2001-06-12,-0.06358901435304376,14,
XEL,2001-06-07,2001-06-12,0.013488262157722364,3,
MO,2001-06-07,2001-06-13,0.023214766750871307,4,
DRI,2001-06-07,2001-06-14,-0.026663455813053738,5,
MDR,2001-06-12,2001-06-14,0.035377371632351995,2,
HOT-201609,2001-06-08,2001-06-18,0.0054766315515279995,6,
SYK,2001-06-12,2001-06-18,-0.004724811075774604,4,
CMI,2001-06-14,2001-06-19,0.03429301930155626,3,
BNY,2001-06-12,2001-06-20,-0.02733863104063916,6,
ETR,2001-06-07,2001-06-20,-0.055209008038469065,9,
OMC,2001-06-13,2001-06-20,-0.05500440578757115,5,
SEE,2001-05-31,2001-06-20,-0.046939844296672306,14,
VFC,2001-06-12,2001-06-20,-0.04088130992435546,6,
LPX,2001-06-20,2001-06-21,-0.010989044977996576,1,
MSFT,2001-06-19,2001-06-21,0.011755470033106175,2,
UNP,2001-06-18,2001-06-21,0.013580550918807832,3,
NSC,2001-06-20,2001-06-22,0.02954509914079484,2,
WY,2001-06-20,2001-06-22,0.028675211061776062,2,
AMD,2001-06-21,2001-06-26,0.043648676311162315,3,
ETN,2001-06-18,2001-06-27,-0.024828981577003417,7,
MRO,2001-06-22,2001-06-27,0.0047225501770955525,3,
R,2001-06-12,2001-06-27,-0.09242258366637957,11,
AVP,2001-06-22,2001-06-28,0.006843654684186129,4,
NWL,2001-06-21,2001-06-29,0.021608893266813478,6,
VFC,2001-06-28,2001-06-29,0.009247093503779169,1,
IP,2001-06-20,2001-07-02,-0.013010437527798624,8,
LIN,2001-06-27,2001-07-02,0.01753665067651422,3,
NUE,2001-06-27,2001-07-02,0.018628716469343276,3,
YUM,2001-06-27,2001-07-02,0.0030273426740008436,3,
BSX,2001-07-02,2001-07-03,0.006120625634698396,1,
CAT,2001-07-02,2001-07-03,0.03608758627288311,1,
LLY,2001-06-14,2001-07-03,-0.0916389000221336,13,
PH,2001-06-21,2001-07-05,-0.004035249340485159,9,
TXT,2001-07-02,2001-07-05,0.012686521165162334,2,
SIAL-201511,2001-06-20,2001-07-06,-0.07457156090782746,11,
BAX,2001-07-06,2001-07-10,0.02220227605842573,2,
FCX,2001-06-26,2001-07-10,-0.15636799031153747,9,
NEM,2001-06-29,2001-07-11,0.016434671479965912,7,
KATE-201707,2001-07-09,2001-07-12,0.044460711702091205,3,
MSFT,2001-07-09,2001-07-12,0.06584201609928342,3,
CAH,2001-06-29,2001-07-13,-0.011111475503080559,9,
GPS,2001-07-06,2001-07-13,0.003435765686219394,5,
IBM,2001-07-09,2001-07-13,-0.00527783990542563,4,
LEG,2001-07-09,2001-07-13,0.03566245075679042,4,
MTG,2001-07-11,2001-07-13,0.0695977493708313,2,
PGR,2001-07-10,2001-07-13,0.007997317885486188,3,
R,2001-07-10,2001-07-16,0.004389255458896679,4,
TRV,2001-07-09,2001-07-17,-0.1264972586185671,6,
XRX,2001-07-13,2001-07-17,-0.006667023814214912,2,
AVP,2001-07-12,2001-07-18,-0.011596372484854123,4,
ED,2001-07-16,2001-07-18,0.010731615075699086,2,
L,2001-07-13,2001-07-19,0.011071046927448647,4,
PPL,2001-07-13,2001-07-19,0.0027363348022937384,4,
HES,2001-07-13,2001-07-23,-0.015042039848654931,6,
OXY,2001-07-19,2001-07-24,0.0018039095103097313,3,
ALL,2001-07-18,2001-07-26,-0.16304482902295359,6,
MBI,2001-07-23,2001-07-26,0.025152160839369886,3,
UNM,2001-07-24,2001-07-26,-0.09595744091213632,2,
AEE,2001-07-13,2001-07-27,-0.06453787543111167,10,
ETR,2001-07-18,2001-07-27,-0.03905571484795811,7,
NSC,2001-07-26,2001-07-27,0.050528444797304894,1,
PEG,2001-07-17,2001-07-27,-0.03519514330414408,8,
SO,2001-07-26,2001-07-27,0.01884912039254716,1,
SRE,2001-07-19,2001-07-27,-0.05077257797240886,6,
XEL,2001-07-18,2001-07-27,-0.06469967246597008,7,
LPX,2001-07-12,2001-07-30,-0.09068944462964768,12,
BALL,2001-07-27,2001-07-31,0.005803722348019402,2,
DTE,2001-07-13,2001-07-31,-0.05836363510350728,12,
FE,2001-07-26,2001-07-31,0.004611244771378864,3,
FISV,2001-07-27,2001-08-01,0.0022041076703482876,3,
MO,2001-07-27,2001-08-01,0.025097091629726176,3,
PCAR,2001-07-27,2001-08-01,0.016084765175208293,3,
DRI,2001-07-30,2001-08-02,0.012598681000280498,3,
PBI,2001-07-27,2001-08-02,0.006648016895011155,4,
VFC,2001-07-30,2001-08-03,0.0059076617188003056,4,
BC,2001-08-02,2001-08-06,0.027696124584645876,2,
ZION,2001-08-02,2001-08-06,0.009234947292586781,2,
CAR,2001-08-03,2001-08-08,0.0159148368553359,3,
MAT,2001-08-06,2001-08-08,0.00026884006314986664,2,
AVP,2001-08-07,2001-08-10,-0.013581953760525067,3,
GT,2001-08-10,2001-08-13,0.02026228008379638,1,
STJ-201701,2001-08-06,2001-08-13,0.011715002554697262,5,
SVU,2001-08-07,2001-08-13,0.002967182071659691,4,
TUP,2001-08-02,2001-08-13,-0.009435982693325906,7,
WM,2001-08-07,2001-08-13,-0.0019980019980019303,4,
AGN,2001-08-13,2001-08-14,-0.017302310280518207,1,
COF,2001-08-13,2001-08-14,0.008406213517748728,1,
FISV,2001-08-03,2001-08-14,-0.013395688824689,7,
MDP,2001-08-08,2001-08-14,-0.0005722848579992057,4,
ODP,2001-08-13,2001-08-14,0.02378371628371645,1,
BBY,2001-08-13,2001-08-15,0.00548080929243544,2,
HOG,2001-08-14,2001-08-15,0.030514265718274203,1,
YUM,2001-08-08,2001-08-15,0.002606519425233378,5,
GWW,2001-08-07,2001-08-16,0.002580514915008658,7,
NYT,2001-08-16,2001-08-20,0.019432201956696593,2,
TGNA,2001-08-15,2001-08-21,-0.017828090225953885,4,
SYK,2001-08-03,2001-08-22,-0.04590594495329736,13,
BC,2001-08-16,2001-08-23,-0.029127786956476,5,
SWK,2001-08-17,2001-08-23,-0.010149675018047755,4,
AGN,2001-08-21,2001-08-24,0.011133603238866474,3,
LNC,2001-08-23,2001-08-24,0.02833640617402744,1,
CPWR-201412,2001-08-13,2001-08-27,-0.06464953067611834,10,
CSX,2001-08-16,2001-08-27,-0.022347664810489,7,
DELL-201310,2001-08-16,2001-08-27,-0.08237934314489326,7,
WMT,2001-08-14,2001-08-27,-0.002971536272840858,9,
PH,2001-08-23,2001-08-29,0.004737631016651811,4,
SLM,2001-08-27,2001-08-31,-0.021214136154953822,4,
FMCC,2001-08-22,2001-09-05,-0.06543853406538336,9,
RF,2001-08-16,2001-09-05,-0.06279003820973927,13,
TFC,2001-08-28,2001-09-05,-0.01278423634168846,5,
TGT,2001-08-20,2001-09-05,-0.046047703348981006,11,
NEM,2001-09-05,2001-09-10,0.0063678959338246965,3,
BDX,2001-08-31,2001-09-18,0.014510865649183247,7,
FNMA,2001-08-24,2001-09-18,-0.041418514387742356,12,
GD,2001-09-05,2001-09-18,0.063251060760952,5,
FITB,2001-08-28,2001-09-19,-0.06128859254342134,11,
HBAN,2001-09-18,2001-09-19,0.0460117863853815,1,
BMS,2001-09-18,2001-09-25,-0.04118588722050365,5,
EFX,2001-09-18,2001-09-25,0.0024573811362544884,5,
HAS,2001-09-19,2001-09-25,0.01712364529311916,4,
MBI,2001-08-29,2001-09-25,-0.2220486171189805,14,
SNV,2001-08-27,2001-09-25,-0.16418572895061567,16,
BAX,2001-09-25,2001-09-26,0.017396071438444682,1,
CAR,2001-09-10,2001-09-26,-0.3028449659127329,8,
EHC,2001-09-19,2001-09-26,-0.043867866494192054,5,
IFF,2001-09-05,2001-09-26,-0.08171441386108225,11,
KLAC,2001-09-05,2001-09-26,-0.2320096034855107,11,
ZION,2001-08-28,2001-09-27,-0.09882429019724526,17,
ED,2001-09-27,2001-10-01,0.010660121914759957,2,
SO,2001-09-28,2001-10-02,0.03126869954310241,2,
GIS,2001-10-05,2001-10-11,0.011679613368766883,4,
HRB,2001-10-10,2001-10-12,0.04013396659526247,2,
SO,2001-10-12,2001-10-16,0.03058136013943047,2,
ED,2001-10-12,2001-10-17,0.022889829323140765,3,
FE,2001-10-11,2001-10-17,0.01076056762648614,4,
MCK,2001-10-12,2001-10-17,0.02651632008327698,3,
NEM,2001-10-12,2001-10-17,0.009137295470490914,3,
VZ,2001-10-12,2001-10-18,-0.014272400247933636,4,
BAX,2001-10-19,2001-10-22,0.02410663036059102,1,
PG,2001-10-18,2001-10-22,0.020037698996458353,2,
BDX,2001-10-19,2001-10-23,0.027258520451294066,2,
ITT,2001-10-19,2001-10-24,0.050662506663806894,3,
LUMN,2001-10-17,2001-10-25,-0.05353513288646017,6,
RTN,2001-10-24,2001-10-26,0.05258023226773245,2,
AON,2001-10-22,2001-10-29,0.020412164492074503,5,
HRB,2001-10-24,2001-10-29,0.018712374184680858,3,
AZO,2001-10-30,2001-11-01,0.05958472776615009,2,
BDX,2001-10-30,2001-11-02,0.04438800823068911,3,
EFX,2001-10-31,2001-11-02,0.027488403365350633,2,
FE,2001-10-29,2001-11-02,0.010962974442506601,4,
JCP,2001-10-31,2001-11-02,0.0887294523658162,2,
ODP,2001-10-31,2001-11-02,0.03224002275097182,2,
PCG,2001-10-29,2001-11-02,0.0007819053203326209,4,
PFE,2001-11-01,2001-11-02,0.015585845367408924,1,
XL-201809,2001-10-30,2001-11-02,-0.008651348651348534,3,
SVU,2001-10-31,2001-11-05,0.0742217209997642,3,
COR,2001-10-31,2001-11-06,-0.007494448585947833,4,
THC,2001-11-05,2001-11-07,0.0018553088521016114,2,
MCK,2001-11-02,2001-11-13,-0.014490398409269023,7,
CL,2001-11-13,2001-11-14,0.0068770313844832565,1,
SYK,2001-11-09,2001-11-15,-0.01674682463391486,4,
FRX-201406,2001-11-12,2001-11-16,-0.01241555938841954,4,
K,2001-11-12,2001-11-16,0.0077544605231902874,4,
STJ-201701,2001-11-14,2001-11-16,0.010625957328629365,2,
TRV,2001-11-13,2001-11-16,0.010659378167735767,3,
HSH-201408,2001-11-16,2001-11-19,0.015550274792835994,1,
HUM,2001-11-19,2001-11-20,0.03241582605074078,1,
LMT,2001-11-14,2001-11-20,-0.005510544246421056,4,
NOC,2001-11-07,2001-11-20,-0.030662860251523427,9,
RTN,2001-11-14,2001-11-20,0.04210355928850218,4,
FE,2001-11-20,2001-11-21,0.02610645679036394,1,
SO,2001-11-16,2001-11-21,-0.0019980019980019303,3,
XEL,2001-11-20,2001-11-21,0.006818270306831353,1,
INTU,2001-11-19,2001-11-23,0.005932475557605343,3,
FITB,2001-11-23,2001-11-26,0.008387364798975616,1,
MXIM,2001-11-21,2001-11-27,0.03044362627226227,3,
YUM,2001-11-20,2001-11-27,0.0020965344110182027,4,
ITT,2001-11-23,2001-11-28,-0.002636086238955504,3,
NEM,2001-11-15,2001-11-28,-0.04185909477701355,8,
CAG,2001-11-20,2001-12-03,-0.007614483536356187,8,
CCE,2001-11-16,2001-12-03,-0.09149747176207057,10,
DRI,2001-11-28,2001-12-03,0.004589455323392944,3,
PEP,2001-11-28,2001-12-03,-0.005073224298577483,3,
CPB,2001-11-21,2001-12-04,-0.01006272080206938,8,
PBG-201002,2001-11-28,2001-12-04,0.9991137284705056,4,
LEG,2001-11-28,2001-12-05,-0.004737257253268012,5,
NWL,2001-11-28,2001-12-05,0.001825774977059158,5,
YUM,2001-12-03,2001-12-05,0.044225261110109715,2,
HAS,2001-11-28,2001-12-06,0.00823483374280376,6,
JCP,2001-12-03,2001-12-06,0.007902811474240323,3,
JWN,2001-12-03,2001-12-06,0.05283147913892794,3,
KO,2001-11-21,2001-12-06,-0.03740400821084244,10,
SPLS-201709,2001-12-04,2001-12-06,0.09584533113944849,2,
NSC,2001-12-04,2001-12-10,0.0011887773512246902,4,
FMCC,2001-12-05,2001-12-11,0.013308777828908935,4,
BSX,2001-12-10,2001-12-12,0.01987053701171182,2,
JNJ,2001-12-03,2001-12-12,-0.03341210337095979,7,
CL,2001-12-11,2001-12-13,0.0059295856691465865,2,
GD,2001-12-11,2001-12-13,0.01347294721470682,2,
GIS,2001-12-13,2001-12-14,0.010595746988172117,1,
HUM,2001-12-12,2001-12-14,-0.006173758571251797,2,
MCK,2001-12-06,2001-12-14,-0.031508874566079315,6,
PEP,2001-12-07,2001-12-14,-0.0064354254134917355,5,
SHW,2001-12-11,2001-12-17,0.009278791723706492,4,
WOR,2001-12-12,2001-12-17,-0.002721112409610593,3,
BCR-201712,2001-12-13,2001-12-18,0.009782797303876656,3,
GWW,2001-12-14,2001-12-18,0.04386201196229522,2,
JCI,2001-12-14,2001-12-18,0.01614747194995325,2,
PFE,2001-12-11,2001-12-18,-0.006842701676943119,5,
R,2001-12-14,2001-12-18,0.07335116027237554,2,
SVU,2001-12-12,2001-12-18,0.006245940648273107,4,
AAPL,2001-12-17,2001-12-19,0.006807112734509291,2,
CSCO,2001-12-14,2001-12-19,0.011182161524356138,3,
RRD,2001-12-17,2001-12-19,0.020763447079236608,2,
RTN,2001-12-20,2001-12-21,0.03972448955726571,1,
SLM,2001-12-19,2001-12-24,0.015082756911640294,3,
ADM,2001-12-20,2001-12-26,0.011097365309010288,3,
BRCM-201601,2001-12-20,2001-12-26,0.02453638256426105,3,
EFX,2001-12-11,2001-12-26,-0.039501270992543525,10,
QLGC-201608,2001-12-20,2001-12-27,0.030012971972387392,4,
XL-201809,2001-12-26,2001-12-27,0.011886277328681416,1,
PG,2002-01-02,2002-01-03,0.0031880164038875503,1,
CPWR-201412,2001-12-28,2002-01-04,0.02767010033731765,4,
DLX,2002-01-03,2002-01-04,0.006490434539499379,1,
YUM,2001-12-27,2002-01-04,-0.0263394289315535,5,
AET-201811,2002-01-03,2002-01-07,0.032794153083097966,2,
BSX,2002-01-03,2002-01-08,-0.009406753903157483,3,
FDO-201507,2002-01-04,2002-01-08,0.011534228483381037,2,
MDT,2002-01-04,2002-01-11,-0.013286200368021306,5,
CL,2002-01-07,2002-01-15,0.0006872324868500979,6,
GIS,2002-01-08,2002-01-15,-0.00888496827466323,5,
AVP,2002-01-02,2002-01-16,-0.010620049496938955,10,
AZO,2002-01-02,2002-01-16,-0.09645046075995034,10,
IFF,2002-01-03,2002-01-16,-0.03831983353377644,9,
SWK,2002-01-08,2002-01-18,-0.05314844430905219,8,
LOW,2002-01-03,2002-01-22,-0.04296047758578747,12,
SNA,2002-01-04,2002-01-22,-0.04858557133493746,11,
EQR,2002-01-16,2002-01-23,-0.009876022793137929,4,
ETN,2002-01-11,2002-01-23,-0.018913353897315854,7,
IP,2002-01-22,2002-01-23,0.006017076918452435,1,
MMM,2002-01-03,2002-01-23,-0.08950461205150062,13,
CVG,2002-01-16,2002-01-24,-0.034768216857769096,5,
LIN,2002-01-15,2002-01-24,0.04590612436269814,6,
PBI,2002-01-22,2002-01-24,0.011740695162437031,2,
XRX,2002-01-23,2002-01-24,0.047533181872995156,1,
CI,2002-01-23,2002-01-25,0.011583931467252784,2,
DXC,2002-01-18,2002-01-25,0.013452274215260962,4,
MDR,2002-01-23,2002-01-25,0.05146639075210535,2,
PLL-201508,2002-01-16,2002-01-25,-0.008088685508040316,6,
XL-201809,2002-01-24,2002-01-25,-0.00996381041991079,1,
ADP,2002-01-24,2002-01-28,0.0042339509868978276,2,
PG,2002-01-25,2002-01-28,0.015705711646642806,1,
CTB,2002-01-15,2002-01-29,-0.037319823034108746,9,
MAT,2002-01-24,2002-01-29,0.022937801145331393,3,
GIS,2002-01-29,2002-01-31,0.02191249426309172,2,
HD,2002-01-28,2002-01-31,0.040023134759976875,3,
THC,2002-01-30,2002-01-31,0.022952036438714574,1,
ABT,2002-01-30,2002-02-01,0.01717381523254846,2,
AEE,2002-01-30,2002-02-01,0.005088384699879711,2,
ETR,2002-01-29,2002-02-01,0.016483516483516647,3,
JNJ,2002-01-25,2002-02-01,-0.015579784986490708,5,
MDT,2002-01-29,2002-02-01,0.03431205115440128,3,
PEP,2002-01-30,2002-02-01,0.03589816575147875,2,
STT,2002-01-30,2002-02-01,0.03471451408989079,2,
ED,2002-01-31,2002-02-04,0.006380290140361122,2,
MCO,2002-01-31,2002-02-06,0.06471335878305506,4,
JNJ,2002-02-06,2002-02-08,0.008071952766472101,2,
AABA,2002-02-04,2002-02-11,-0.011043337327325098,5,
INTU,2002-02-04,2002-02-11,-0.03601483096364755,5,
RRD,2002-02-01,2002-02-11,-0.019586302096102792,6,
WM,2002-02-01,2002-02-11,-0.07076165379613952,6,
BRCM-201601,2002-02-05,2002-02-12,-0.004531001992930772,5,
CPWR-201412,2002-02-08,2002-02-12,0.03165173642147323,2,
NVDA,2002-02-06,2002-02-12,-0.036061552950799824,4,
SPLS-201709,2002-02-07,2002-02-12,0.022514327777485965,3,
SYY,2002-02-11,2002-02-12,0.01664955449616956,1,
TMO,2002-01-31,2002-02-12,-0.014168768959506473,8,
AVP,2002-02-11,2002-02-13,0.012649325032620728,2,
JWN,2002-02-11,2002-02-13,0.022649361037575977,2,
TJX,2002-02-11,2002-02-13,0.032952618328101924,2,
YUM,2002-02-13,2002-02-14,0.009828802857627217,1,
CAG,2002-02-13,2002-02-15,0.01564348697704765,2,
HAS,2002-02-06,2002-02-15,-0.12354956102985326,7,
MCO,2002-02-15,2002-02-21,0.039937062655691635,3,
AET-201811,2002-02-15,2002-02-22,-0.004375612475671975,4,
CMI,2002-02-20,2002-02-22,0.03603363236556789,2,
CSX,2002-02-21,2002-02-22,0.009678077042929223,1,
EIX,2002-02-20,2002-02-22,-0.003322457568301518,2,
THC,2002-02-19,2002-02-22,0.017797155090415462,3,
ADSK,2002-02-20,2002-02-25,0.024219681482402278,3,
AAPL,2002-02-20,2002-02-26,0.04796754039464868,4,
CPWR-201412,2002-02-20,2002-02-26,-0.05148570437826616,4,
INTC,2002-02-22,2002-02-26,0.05684724485494108,2,
KSS,2002-02-22,2002-02-26,0.02492131828469235,2,
LNC,2002-02-25,2002-02-26,0.011488517622887384,1,
PBI,2002-02-22,2002-02-26,0.057139037423633354,2,
XRX,2002-02-15,2002-02-26,-0.00504994498187461,6,
FE,2002-02-22,2002-02-27,0.04391010731386369,3,
AEE,2002-02-15,2002-02-28,-0.02635699870797492,8,
DXC,2002-02-22,2002-02-28,0.03497315511949206,4,
BSX,2002-02-26,2002-03-04,0.07058397879794098,4,
MDT,2002-02-26,2002-03-05,-0.00751182519138327,5,
THC,2002-03-01,2002-03-06,0.003106887229746169,3,
AZO,2002-03-04,2002-03-07,0.0015913646939909043,3,
FRX-201406,2002-03-06,2002-03-07,0.022042494411424363,1,
LOW,2002-03-05,2002-03-08,0.028529100025233456,3,
UNH,2002-03-01,2002-03-08,-0.0184938611868819,5,
CCE,2002-03-06,2002-03-11,0.010804355993860648,3,
COST,2002-02-27,2002-03-11,-0.08276910055889775,8,
FDO-201507,2002-03-06,2002-03-11,0.030385543659879888,3,
HD,2002-03-06,2002-03-11,0.022246650680517455,3,
HRB,2002-03-08,2002-03-14,-0.01561191177257304,4,
TRV,2002-03-12,2002-03-14,0.018933093273913792,2,
HSY,2002-03-12,2002-03-15,0.0058867383772776005,3,
MBI,2002-03-12,2002-03-15,0.035639132190282696,3,
PCL-201602,2002-03-12,2002-03-15,-0.007855203160061275,3,
YUM,2002-03-13,2002-03-15,0.021169958097197794,2,
AVY,2002-03-13,2002-03-18,0.0037517786846401613,3,
BC,2002-03-15,2002-03-18,0.014417751725790628,1,
CLX,2002-03-12,2002-03-18,0.002660134947698234,4,
DRI,2002-03-12,2002-03-18,0.03358890993368546,4,
TER,2002-03-14,2002-03-18,0.03327387447105812,2,
PBI,2002-03-15,2002-03-19,0.03019559255657045,2,
PCG,2002-03-14,2002-03-19,0.03002601340805522,3,
UNM,2002-03-13,2002-03-19,-0.007315938801603417,4,
BMS,2002-03-15,2002-03-20,0.00301708341909368,3,
DELL-201310,2002-03-18,2002-03-20,0.02526561549262607,2,
NAV,2002-03-18,2002-03-20,0.02492484259926142,2,
ETR,2002-03-18,2002-03-22,0.02241356817433715,4,
FE,2002-03-18,2002-03-22,-0.01784864883974302,4,
HRB,2002-03-19,2002-03-22,0.01046284583384538,3,
XL-201809,2002-03-21,2002-03-22,-0.014220603677472687,1,
HSY,2002-03-20,2002-03-25,0.00199987905739607,3,
KBH,2002-03-19,2002-03-25,0.061196906340427404,4,
LUV,2002-03-21,2002-03-25,0.03632523817735023,2,
MET,2002-03-19,2002-03-26,-0.0036155789677116967,5,
MAS,2002-03-22,2002-03-27,0.05883701407057851,3,
PH,2002-03-18,2002-03-27,-0.02390829983368714,7,
DXC,2002-03-25,2002-03-28,0.0459631942695935,3,
GL,2002-03-27,2002-03-28,0.011863105317767797,1,
MBI,2002-03-27,2002-03-28,0.02250439304059415,1,
SNA,2002-03-22,2002-03-28,-0.00407716385712853,4,
SWK,2002-03-22,2002-03-28,0.011162430440921245,4,
TROW,2002-03-25,2002-03-28,-0.009239239107913133,3,
CVS,2002-03-28,2002-04-01,0.0023728541342753484,1,
DLX,2002-03-28,2002-04-01,0.05406189409838058,1,
HON,2002-03-26,2002-04-01,0.018222837791422197,3,
JWN,2002-03-25,2002-04-01,-0.009674940444170943,4,
ROK,2002-03-22,2002-04-01,-0.014441917658573167,5,
SVU,2002-03-28,2002-04-01,0.019697693610737144,1,
DELL-201310,2002-03-28,2002-04-02,0.03184561103636252,2,
BBWI,2002-04-03,2002-04-05,0.06248824394378616,2,
DDS,2002-04-03,2002-04-05,0.04344675300855605,2,
SPLS-201709,2002-04-03,2002-04-05,0.028678288924190998,2,
TIF,2002-04-03,2002-04-05,0.040376899820531165,2,
AVY,2002-04-05,2002-04-08,-0.00021294786934655807,1,
DOV,2002-04-03,2002-04-08,-0.004717326657998844,3,
EMR,2002-03-28,2002-04-08,-0.049643501867818185,6,
LEG,2002-04-05,2002-04-08,0.015394563942281891,1,
LOW,2002-04-02,2002-04-08,0.0042351925234631604,4,
M,2002-04-02,2002-04-08,5.8093196334318975e-05,4,
WMT,2002-04-02,2002-04-08,-0.010384445978535606,4,
FISV,2002-04-08,2002-04-09,0.034021833227218856,1,
NVDA,2002-03-15,2002-04-09,-0.13998405394085034,16,
BC,2002-04-08,2002-04-10,0.05342471161866369,2,
ECL,2002-04-05,2002-04-10,0.022119404632305883,3,
RHI,2002-04-05,2002-04-10,0.04888050137405675,3,
SLM,2002-04-09,2002-04-10,0.01804648308702861,1,
BKR,2002-04-08,2002-04-11,-0.01585914085914064,3,
COL-201811,2002-04-09,2002-04-11,0.042126923791423465,2,
DTE,2002-04-10,2002-04-11,0.013960947128497159,1,
EXC,2002-04-08,2002-04-11,0.015554845431674513,3,
JNJ,2002-04-08,2002-04-11,0.004994407571806914,3,
SYK,2002-04-08,2002-04-11,0.021291626646512407,3,
SLB,2002-04-08,2002-04-12,-0.03594968621939243,4,
NTAP,2002-04-10,2002-04-15,0.02261508657521505,3,
TER,2002-04-11,2002-04-15,0.036007672063393725,2,
ADSK,2002-04-12,2002-04-16,0.07065344271766061,2,
DXC,2002-04-11,2002-04-16,0.01578379265103047,3,
TXN,2002-04-12,2002-04-16,0.06792566934453026,2,
CAR,2002-04-15,2002-04-17,0.03563158377132303,2,
FNMA,2002-04-16,2002-04-17,0.0029243448520832604,1,
LUMN,2002-04-10,2002-04-17,0.032728286868156875,5,
MS,2002-04-11,2002-04-17,0.027261808545799404,4,
UIS,2002-04-15,2002-04-17,0.058742582571638335,2,
BCR-201712,2002-04-10,2002-04-18,0.012793657954948356,6,
DUK,2002-04-16,2002-04-18,0.023284724291812164,2,
GD,2002-04-17,2002-04-19,0.026206385740856986,2,
MAT,2002-04-18,2002-04-19,-0.0019980019980019303,1,
FISV,2002-04-18,2002-04-22,0.040630834820800654,2,
TGNA,2002-04-19,2002-04-22,0.001251054222188186,1,
AVP,2002-04-19,2002-04-23,0.02189523183998343,2,
DRI,2002-04-19,2002-04-23,0.010553793528222277,2,
SPGI,2002-04-18,2002-04-24,-0.0035193001261107915,4,
XRX,2002-04-11,2002-04-24,-0.02032863980864852,9,
BC,2002-04-23,2002-04-26,0.07465285710255531,3,
PBI,2002-04-22,2002-04-26,0.0028828391678250576,4,
CAT,2002-04-18,2002-04-29,-0.0252157382181456,7,
LIN,2002-04-24,2002-04-29,0.010244131478873042,3,
SNA,2002-04-22,2002-04-29,-0.03312891444394517,5,
HSY,2002-04-18,2002-04-30,-0.015015441433248289,8,
CVS,2002-04-26,2002-05-01,-0.005583719823846867,3,
MTG,2002-04-30,2002-05-01,0.02931021872379702,1,
SEE,2002-04-23,2002-05-01,-0.004448453332381752,6,
XL-201809,2002-04-19,2002-05-01,-0.011983277386121038,8,
NKE,2002-05-01,2002-05-02,0.02328220199124509,1,
EMN,2002-04-29,2002-05-03,0.020581228336283397,4,
GPC,2002-04-24,2002-05-03,-0.010515886267240648,7,
HRB,2002-04-17,2002-05-03,0.06816459962711297,12,
LOW,2002-05-01,2002-05-03,0.023899721471075885,2,
TGNA,2002-05-01,2002-05-03,0.02293472340728453,2,
AEP,2002-05-01,2002-05-06,0.0014854222355447089,3,
PNW,2002-05-02,2002-05-06,0.004853252756195081,2,
BBY,2002-05-03,2002-05-08,0.02466101945803345,3,
PCAR,2002-05-03,2002-05-08,0.021327989230661037,3,
PPL,2002-05-06,2002-05-08,0.0020316006551945875,2,
KLAC,2002-05-06,2002-05-09,0.0915176879125148,3,
MAT,2002-05-08,2002-05-09,-0.008484973107184435,1,
MRSH,2002-04-26,2002-05-09,-0.02224730318615664,9,
OMC,2002-04-29,2002-05-09,-0.022324607615762937,8,
PAYX,2002-04-29,2002-05-09,-0.03914781048932203,8,
PBI,2002-05-06,2002-05-09,0.01874283281430844,3,
MET,2002-05-08,2002-05-14,0.014764698814812016,4,
DTE,2002-05-10,2002-05-15,-0.004203518604083523,3,
EQR,2002-05-10,2002-05-15,0.027407097694637894,3,
HOT-201609,2002-05-08,2002-05-15,-0.02583254013412284,5,
MAR,2002-05-06,2002-05-15,-0.03800601267752246,7,
MCK,2002-05-10,2002-05-16,-0.00591177513605412,4,
TAP,2002-05-10,2002-05-16,0.012753697083427884,4,
HUM,2002-05-14,2002-05-20,-0.07551445315424721,4,
AZO,2002-05-16,2002-05-21,0.022114838835071815,3,
D,2002-05-17,2002-05-22,0.03598261617972298,3,
SO,2002-05-17,2002-05-22,-0.00015322405233808567,3,
EXC,2002-05-17,2002-05-23,0.03050841084001199,4,
PCG,2002-05-17,2002-05-23,0.03646163176393458,4,
BAX,2002-05-10,2002-05-24,-0.05277449067655959,10,
CINF,2002-05-17,2002-05-24,-0.006413896899040594,5,
L,2002-05-22,2002-05-24,0.013369293817538042,2,
MDR,2002-05-03,2002-05-24,-0.10452356486166625,15,
UNM,2002-05-09,2002-05-24,-0.04953988137930532,11,
ODP,2002-05-23,2002-05-30,-0.012905127659226023,4,
R,2002-05-30,2002-05-31,0.01710902657945268,1,
TUP,2002-05-22,2002-05-31,-0.005180696296869125,6,
CLX,2002-05-31,2002-06-03,0.0012921479477234765,1,
FITB,2002-05-21,2002-06-03,-0.009596616478197983,8,
AVP,2002-05-24,2002-06-06,0.018501298849189274,8,
BALL,2002-05-20,2002-06-06,-0.05743747471708016,12,
DOV,2002-05-24,2002-06-06,-0.02942183684553301,8,
KLAC,2002-05-24,2002-06-06,-0.05897416628070784,8,
VFC,2002-05-23,2002-06-06,-0.028045460448520854,9,
WOR,2002-06-03,2002-06-06,0.004546263109704407,3,
UIS,2002-05-24,2002-06-07,-0.105097381956886,9,
CCL,2002-05-31,2002-06-10,-0.023336848252405673,6,
RDC,2002-06-06,2002-06-10,0.010796895412280128,2,
DIS,2002-06-06,2002-06-11,-0.019819547775553503,3,
LPX,2002-06-03,2002-06-11,-0.08564008508886123,6,
SO,2002-06-10,2002-06-12,0.020463816877335228,2,
BAC,2002-06-06,2002-06-13,-0.02939844146026316,5,
PCG,2002-06-06,2002-06-13,-0.013060170802406734,5,
HES,2002-06-06,2002-06-14,-0.03352382530349629,6,
DVN,2002-06-12,2002-06-17,0.009845238215867802,3,
FCX,2002-06-11,2002-06-17,0.01436274958699868,4,
NEM,2002-06-10,2002-06-17,-0.001646708493667215,5,
AAPL,2002-06-07,2002-06-18,-0.06345441232453519,7,
COF,2002-06-13,2002-06-18,0.031210498347114424,3,
DLX,2002-06-14,2002-06-18,0.018199621227509732,2,
L,2002-06-06,2002-06-18,-0.0055603321477172285,8,
NWL,2002-06-12,2002-06-18,0.014714991793269183,4,
ROK,2002-06-17,2002-06-18,0.04368169436408409,1,
SPGI,2002-05-24,2002-06-18,-0.07928385897070489,16,
TGNA,2002-06-13,2002-06-18,0.014340703813486844,3,
VFC,2002-06-17,2002-06-18,0.01815608124161172,1,
TJX,2002-06-17,2002-06-20,0.01297198990127324,3,
AVP,2002-06-21,2002-06-27,-0.009865350953603302,4,
EFX,2002-06-18,2002-06-27,-0.03167833093140893,7,
CLX,2002-06-24,2002-06-28,-0.029465878003842705,4,
KSS,2002-06-25,2002-06-28,0.005793398546199091,3,
LXK-201611,2002-06-20,2002-06-28,-0.014792899408283766,6,
RTX,2002-06-24,2002-06-28,0.027355000697487197,4,
SIAL-201511,2002-06-24,2002-06-28,0.0018710120730118796,4,
JNY-201404,2002-06-27,2002-07-01,0.03127789818338189,2,
VFC,2002-06-24,2002-07-01,-0.005821765629492992,5,
MO,2002-06-18,2002-07-02,-0.16580079742069997,10,
R,2002-06-27,2002-07-02,0.01676143378563877,3,
PBG-201002,2002-06-28,2002-07-03,0.027354997943233483,3,
AVY,2002-07-03,2002-07-08,0.028497880341227688,2,
LEG,2002-06-28,2002-07-08,-0.008727050446392992,5,
MDP,2002-06-28,2002-07-08,0.009157206193858292,5,
RDC,2002-07-02,2002-07-08,0.008703184926961205,3,
RIG,2002-06-28,2002-07-08,-0.036197439140958854,5,
CCE,2002-07-01,2002-07-09,-0.031218781218780967,5,
FCX,2002-07-01,2002-07-09,-0.010431800251114676,5,
MCD,2002-07-02,2002-07-09,-0.006970299942100411,4,
NEM,2002-06-28,2002-07-09,0.022050288136415297,6,
NEE,2002-07-09,2002-07-16,-0.04242474859457679,5,
SO,2002-07-11,2002-07-16,0.02403682749849212,3,
UNP,2002-07-12,2002-07-18,-0.007805200247127608,4,
LMT,2002-07-16,2002-07-19,0.04883903095471975,3,
APOL-201702,2002-07-18,2002-07-24,-0.043616808723191625,4,
MCO,2002-07-19,2002-07-24,0.018141086606522805,3,
APA,2002-07-12,2002-07-25,-0.12037654796114172,9,
BBWI,2002-07-16,2002-07-25,-0.06037698239072353,7,
BIG,2002-07-24,2002-07-25,0.10406640435171122,1,
CVS,2002-06-25,2002-07-25,-0.19076258597548668,21,
DDS,2002-07-24,2002-07-25,0.1065809347886959,1,
EXC,2002-07-09,2002-07-25,-0.13514540662262364,12,
OXY,2002-07-12,2002-07-25,-0.0894900591897001,9,
SPG,2002-07-12,2002-07-26,-0.0783890130977829,10,
CINF,2002-07-10,2002-07-29,-0.11136161837633807,13,
HES,2002-07-12,2002-07-30,-0.12658345617394495,12,
APOL-201702,2002-08-06,2002-08-08,0.07952892178244286,2,
LMT,2002-08-26,2002-08-28,0.03390015271955704,2,
APOL-201702,2002-08-28,2002-08-30,0.07372488622488627,2,
COL-201811,2002-08-15,2002-08-30,-0.09371809809446574,11,
BEAM-201404,2002-08-29,2002-09-05,0.01708425417794457,4,
KATE-201707,2002-08-28,2002-09-05,-0.006537549224742922,5,
PG,2002-08-30,2002-09-05,0.005611642822353158,3,
SHW,2002-08-26,2002-09-05,-0.06644142399229258,7,
VFC,2002-08-30,2002-09-05,0.006109825246908063,3,
DDS,2002-08-30,2002-09-06,0.014635348772550127,4,
CCE,2002-08-30,2002-09-09,0.005970077826365161,5,
ECL,2002-08-29,2002-09-09,-0.019919457680594,6,
JNY-201404,2002-08-29,2002-09-09,-0.0088807743980156,6,
KO,2002-08-30,2002-09-10,0.003966138110269357,6,
HSY,2002-09-05,2002-09-11,0.022934669089083926,4,
PBG-201002,2002-09-05,2002-09-11,-0.026545322471533073,4,
BEAM-201404,2002-09-13,2002-09-17,0.018577376380844557,2,
PPL,2002-09-05,2002-09-19,-0.08613821252382237,10,
SO,2002-09-13,2002-09-19,0.04696055785058295,4,
ZBH,2002-09-18,2002-09-19,0.03434297751723547,1,
ITT,2002-09-18,2002-09-23,0.013526489320341506,3,
PFG,2002-09-13,2002-09-24,-0.04577001945422998,7,
WFC,2002-09-13,2002-09-24,-0.012265512587878002,7,
INTU,2002-09-23,2002-09-26,0.007031682016879648,3,
OXY,2002-09-18,2002-09-26,-0.010798723230381335,6,
RF,2002-09-13,2002-09-26,-0.03280603713130137,9,
BALL,2002-09-19,2002-09-27,0.0063967783751102125,6,
BIG,2002-09-20,2002-09-27,-0.014388545991254498,5,
CTB,2002-09-18,2002-09-27,-0.1413377966700996,7,
HRB,2002-09-18,2002-10-02,-0.12489164267874808,10,
TAP,2002-09-20,2002-10-02,-0.044497834560532024,8,
EA,2002-10-07,2002-10-09,0.02417282110278629,2,
TJX,2002-09-24,2002-10-09,-0.14259065199157572,11,
LMT,2002-10-04,2002-10-11,0.01802335891552409,5,
AZO,2002-10-10,2002-10-14,0.041034926895401114,2,
DDS,2002-09-24,2002-10-14,-0.24243811507739232,14,
DVN,2002-10-10,2002-10-14,0.02754956493086036,2,
NOC,2002-10-04,2002-10-14,-0.046171849488618744,6,
SPG,2002-10-03,2002-10-14,-0.04507720073130872,7,
APA,2002-10-08,2002-10-15,0.005655645394931685,5,
THC,2002-10-15,2002-10-16,0.013278530128043586,1,
AFL,2002-11-01,2002-11-04,0.0266559241081481,1,
BF-B,2002-11-01,2002-11-04,0.020998605273727655,1,
BMS,2002-11-05,2002-11-06,0.009995819261180872,1,
ALL,2002-11-06,2002-11-07,0.02279063879266663,1,
ELV,2002-10-30,2002-11-07,-0.02341299024073984,6,
UNH,2002-10-30,2002-11-07,-0.009636261754722542,6,
QCOM,2002-11-12,2002-11-14,0.06664457381931932,2,
SYY,2002-11-12,2002-11-14,0.025104362322268425,2,
ETR,2002-11-11,2002-11-15,0.0038382669961620763,4,
WOR,2002-11-11,2002-11-15,0.025853209871521843,4,
SO,2002-11-11,2002-11-18,-0.030782982142248283,5,
TJX,2002-11-13,2002-11-22,-0.014997944696854892,7,
SPGI,2002-11-12,2002-11-25,-0.03943371003577856,9,
ADM,2002-11-22,2002-11-29,0.002450775007103445,4,
AFL,2002-11-27,2002-11-29,0.01428261807415332,1,
ALL,2002-11-27,2002-11-29,0.009636756506382405,1,
CCE,2002-11-22,2002-11-29,0.00452793353307146,4,
SLM,2002-11-25,2002-12-03,-0.0019980019980019303,5,
SYK,2002-11-27,2002-12-03,-0.012139007235459909,3,
BCR-201712,2002-12-02,2002-12-04,0.004642183926485188,2,
ZBH,2002-11-26,2002-12-04,0.043244664340594374,5,
AVP,2002-12-03,2002-12-05,0.026807474873448145,2,
CLX,2002-11-27,2002-12-05,0.01865187693222925,5,
GIS,2002-12-03,2002-12-05,0.014901753921121808,2,
MDT,2002-12-03,2002-12-05,0.011005331182611489,2,
SYY,2002-11-26,2002-12-05,0.00650286669902278,6,
AGN,2002-12-03,2002-12-09,0.01100305248402611,4,
MDP,2002-12-04,2002-12-09,0.015132058160508555,3,
ORCL,2002-12-06,2002-12-09,0.052920506995795424,1,
ALL,2002-12-10,2002-12-11,0.006908056930955198,1,
JBL,2002-12-05,2002-12-11,-0.04013507444756703,4,
UIS,2002-12-05,2002-12-11,-0.006727869287110999,4,
XRX,2002-12-06,2002-12-11,0.03019572810742055,3,
AABA,2002-12-04,2002-12-12,-0.022935106851190823,6,
MSFT,2002-12-06,2002-12-12,0.0003665201132974083,4,
FRX-201406,2002-12-09,2002-12-13,-0.03304605114283832,4,
HSH-201408,2002-12-13,2002-12-16,0.04114870092313727,1,
AGN,2002-12-12,2002-12-17,0.006135961841135629,3,
BSX,2002-12-16,2002-12-17,0.02788229734337544,1,
DE,2002-12-11,2002-12-17,0.02432294655183309,4,
ECL,2002-12-16,2002-12-17,0.009056202069287034,1,
IBM,2002-12-09,2002-12-17,-0.0069263935735,6,
EA,2002-12-05,2002-12-18,-0.13684671992645192,9,
INTU,2002-12-06,2002-12-18,-0.053781111476831844,8,
CCE,2002-12-20,2002-12-24,0.035337324545957616,2,
EXC,2002-12-20,2002-12-24,0.009122908004521646,2,
UIS,2002-12-20,2002-12-24,0.0027680057722532236,2,
GPS,2002-12-26,2002-12-31,0.02876233355685409,3,
PH,2002-12-30,2003-01-02,0.018925428019220147,2,
BSX,2002-12-30,2003-01-03,0.028966241170012896,3,
CTXS,2002-12-31,2003-01-03,0.07056913674560761,2,
HPQ,2002-12-27,2003-01-03,0.01066976065402847,4,
INTU,2002-12-31,2003-01-03,0.013431730910187234,2,
QCOM,2003-01-02,2003-01-03,-0.006903536390303278,1,
RDC,2002-12-31,2003-01-03,0.03991631710464616,2,
TFC,2002-12-30,2003-01-03,0.028597312843275935,3,
UIS,2002-12-31,2003-01-03,0.05146632870368273,2,
UPS,2002-12-30,2003-01-03,0.007963061616731437,3,
AMGN,2002-12-30,2003-01-06,-0.0072602742392543496,4,
AGN,2003-01-16,2003-01-17,0.12891161896320336,1,
HSH-201408,2003-01-15,2003-01-21,0.012985649473365557,3,
ZBH,2003-01-15,2003-01-21,0.03688518347010916,3,
ECL,2003-01-17,2003-01-24,-0.005602349182119326,4,
PNW,2003-01-21,2003-01-24,-0.005207967684062953,3,
SO,2003-01-17,2003-01-24,0.0184196726020307,4,
FDX,2003-01-17,2003-01-29,-0.06302683910669182,7,
MRK,2003-01-24,2003-01-29,-0.023634910474338522,3,
STJ-201701,2003-01-17,2003-01-29,-0.027958299369342243,7,
ETN,2003-01-16,2003-01-30,-0.04712282236219245,9,
SYY,2003-01-16,2003-01-31,-0.04630182782452086,10,
CAG,2003-01-29,2003-02-03,-0.007650129522376092,3,
CCE,2003-01-30,2003-02-03,0.012591337397184654,2,
ED,2003-01-14,2003-02-03,-0.06171357191705562,13,
UNP,2003-01-16,2003-02-03,-0.06275313203705735,11,
BSX,2003-01-29,2003-02-04,0.01709422148797568,4,
GIS,2003-01-24,2003-02-04,-0.04097575717553226,7,
SYK,2003-01-29,2003-02-04,0.009533006888667428,4,
UIS,2003-01-21,2003-02-04,-0.07024592276020125,10,
NI,2003-01-24,2003-02-05,-0.08867429647263769,8,
BDX,2003-02-05,2003-02-11,-0.01121033541736316,4,
CIEN,2003-02-06,2003-02-11,0.0731203902298343,3,
IBM,2003-02-05,2003-02-11,0.00572344638519251,4,
SLM,2003-02-07,2003-02-11,0.030924761278226853,2,
AGN,2003-02-10,2003-02-12,0.011863136863137225,2,
HPQ,2003-02-10,2003-02-12,0.032289272108567246,2,
ADSK,2003-02-07,2003-02-18,-0.02696543214677949,6,
BALL,2003-02-13,2003-02-18,0.02518488655218687,2,
CTXS,2003-02-07,2003-02-18,-0.011846705925653067,6,
ETR,2003-02-12,2003-02-18,0.013951819284765854,3,
LXK-201611,2003-02-11,2003-02-18,0.017721968752896666,4,
PPL,2003-02-10,2003-02-18,-0.019532825785683272,5,
SEE,2003-02-10,2003-02-18,-0.010959652592305469,5,
SRE,2003-02-13,2003-02-18,0.03730381897975232,2,
ECL,2003-02-14,2003-02-19,0.041531856182615234,2,
FRX-201406,2003-02-14,2003-02-19,0.023321287591900886,2,
CTXS,2003-02-27,2003-03-03,0.03415539809811108,2,
GLW,2003-02-26,2003-03-03,-0.020366071255908835,3,
BF-B,2003-03-03,2003-03-06,-0.001279938563970573,3,
EMC-201609,2003-02-27,2003-03-06,-0.02095597753671008,5,
SEE,2003-03-05,2003-03-10,0.023519094541821772,3,
SRE,2003-03-06,2003-03-10,0.011308657468020566,2,
ORCL,2003-03-06,2003-03-13,0.009606682296367852,5,
SLM,2003-03-11,2003-03-13,0.035937838219553875,2,
AES,2003-03-13,2003-03-14,-0.02025411885662942,1,
CTXS,2003-03-11,2003-03-14,0.11642433653303241,3,
FTR,2003-03-12,2003-03-14,0.07006778779207679,2,
MAT,2003-03-12,2003-03-14,0.04517118894655692,2,
ROK,2003-03-11,2003-03-14,-0.02483120088475632,3,
SBUX,2003-03-11,2003-03-14,0.06871604841825563,3,
CIEN,2003-03-12,2003-03-17,-0.010402192710074143,3,
MRO,2003-03-13,2003-03-18,0.006355318690120626,3,
APA,2003-03-14,2003-03-19,0.01379055206632307,3,
DVN,2003-03-14,2003-03-19,0.012417321457627084,3,
EOG,2003-03-17,2003-03-19,0.011563099229523033,2,
OXY,2003-03-27,2003-03-28,0.015120450270437624,1,
C,2003-04-01,2003-04-02,0.05563471221313199,1,
ADI,2003-04-01,2003-04-03,0.06903029385150061,2,
BSX,2003-03-31,2003-04-03,0.02518120612434216,3,
IBM,2003-04-01,2003-04-03,0.046567198137979604,2,
JBL,2003-04-01,2003-04-03,0.052655789608160086,2,
LLTC-201703,2003-04-01,2003-04-03,0.0718808951099954,2,
MXIM,2003-04-01,2003-04-03,0.06724663002196052,2,
SPLS-201709,2003-04-02,2003-04-03,0.0200721608488601,1,
UIS,2003-04-01,2003-04-03,0.04356292567534603,2,
XLNX,2003-03-31,2003-04-03,0.06652530283532831,3,
SYK,2003-04-08,2003-04-09,0.025947251667092885,1,
DVN,2003-04-07,2003-04-11,-0.0062538901541112635,4,
EOG,2003-04-08,2003-04-11,0.024867145405274238,3,
AGN,2003-04-10,2003-04-14,0.009059203841190966,2,
FE,2003-04-11,2003-04-15,0.030681311123652133,2,
QCOM,2003-04-01,2003-04-15,-0.1045324538475223,10,
TROW,2003-04-11,2003-04-15,0.042634025921443275,2,
ETR,2003-04-14,2003-04-16,0.035332657454850036,2,
FRX-201406,2003-04-14,2003-04-16,0.03363797178431316,2,
MRO,2003-04-11,2003-04-16,0.013966578168912891,3,
PNW,2003-04-15,2003-04-16,0.005269053866284734,1,
SYK,2003-04-17,2003-04-21,0.024050273108588094,1,
BALL,2003-04-22,2003-04-23,0.017236243246167016,1,
BDX,2003-04-17,2003-04-23,0.03403664862634059,3,
MAT,2003-04-21,2003-04-24,0.043149743693283726,3,
COST,2003-04-28,2003-04-29,0.033278867221630204,1,
MMM,2003-04-25,2003-04-29,0.01091750600688135,2,
BF-B,2003-04-28,2003-04-30,0.010468738118085241,2,
OXY,2003-04-30,2003-05-02,-0.005335800655697831,2,
APA,2003-04-30,2003-05-05,0.026736595858362078,3,
EQR,2003-05-01,2003-05-05,0.023096825804756138,2,
ETR,2003-05-01,2003-05-05,0.008493713098652655,2,
GLW,2003-04-30,2003-05-06,0.04632243625802879,4,
PNW,2003-05-05,2003-05-07,0.028404402849273813,2,
GIS,2003-05-05,2003-05-08,-0.031055238251645245,3,
NBR,2003-04-30,2003-05-08,-0.006525228803454408,6,
CMCSA,2003-05-06,2003-05-09,0.03694673612248356,3,
BCR-201712,2003-05-09,2003-05-12,0.02054116233822656,1,
DVN,2003-04-30,2003-05-12,0.0033014986348958164,8,
ECL,2003-05-08,2003-05-12,0.008103232487579826,2,
SRE,2003-05-02,2003-05-12,1.813289028107512e-05,6,
F,2003-05-12,2003-05-13,0.010062433235374035,1,
MDT,2003-05-09,2003-05-13,0.033415004873686094,2,
MET,2003-05-08,2003-05-13,-0.0045542044409926374,3,
PGR,2003-05-09,2003-05-13,0.02114231768990349,2,
SLM,2003-05-12,2003-05-13,0.02169890626496951,1,
SYK,2003-05-12,2003-05-13,0.03334486204006004,1,
TWX-201806,2003-05-12,2003-05-13,0.024933432026724267,1,
ALL,2003-05-09,2003-05-15,0.01093807574711314,4,
JNJ,2003-05-14,2003-05-19,-0.000708731414187258,3,
CLX,2003-05-13,2003-05-21,-0.0031799807786188072,6,
HD,2003-05-20,2003-05-21,-0.011798324271735328,1,
UNP,2003-05-20,2003-05-22,0.009147195690737853,2,
ADBE,2003-05-20,2003-05-23,0.004699984568245608,3,
GE,2003-05-19,2003-05-23,0.0008895063535463432,4,
NI,2003-05-15,2003-05-23,-0.010055053178489315,6,
LNC,2003-05-22,2003-05-27,0.02993806193806181,2,
PAYX,2003-05-15,2003-05-27,-0.049194171919369034,7,
BC,2003-05-20,2003-05-28,0.02234353192500671,5,
CSX,2003-05-23,2003-05-28,0.01764020110830833,2,
DELL-201310,2003-05-27,2003-05-28,0.022185664165186525,1,
LOW,2003-05-20,2003-05-28,0.00927052982499621,5,
MAT,2003-05-21,2003-05-28,-0.004335296664565891,4,
MRK,2003-05-20,2003-05-28,-0.001108507896862676,5,
PTC,2003-05-23,2003-05-28,0.04806898850708308,2,
SPLS-201709,2003-05-21,2003-05-28,0.01647374307342586,4,
DHR,2003-05-23,2003-06-02,-0.003479800101423014,5,
SPG,2003-05-30,2003-06-03,0.020537528767591295,2,
EQR,2003-05-30,2003-06-04,0.02056219642426549,3,
AAPL,2003-06-04,2003-06-06,0.02338419478240028,2,
ELV,2003-06-03,2003-06-06,0.0203874138653366,3,
CL,2003-06-09,2003-06-12,0.0065173736333024035,3,
IBM,2003-06-09,2003-06-12,0.057882155713027794,3,
L,2003-06-10,2003-06-12,0.012904029840035802,2,
CNP,2003-06-09,2003-06-13,0.003384882146648893,4,
COST,2003-06-09,2003-06-13,0.0158843167577154,4,
NSC,2003-06-11,2003-06-13,0.02054508045808734,2,
AMAT,2003-06-16,2003-06-17,0.0330880040499244,1,
FNMA,2003-06-10,2003-06-17,0.01675570270633986,5,
MDP,2003-06-11,2003-06-17,0.007878657590970839,4,
PBI,2003-06-16,2003-06-17,0.030067359360922197,1,
TGNA,2003-06-12,2003-06-17,0.009565971867006695,3,
KLAC,2003-06-16,2003-06-18,0.018440352607406396,2,
NVDA,2003-06-16,2003-06-19,0.07531906287626922,3,
TXN,2003-06-13,2003-06-19,0.0006920920222206473,4,
XLNX,2003-06-13,2003-06-19,-0.01916714325206248,4,
CVS,2003-06-20,2003-06-25,0.033512855087881155,3,
MAS,2003-06-20,2003-06-25,-0.0036502872627001137,3,
MS,2003-06-20,2003-06-26,-0.0019980019980019303,4,
AET-201811,2003-06-20,2003-06-27,-0.008569208569208508,5,
ATI,2003-06-20,2003-06-27,0.008428910415029911,5,
BDX,2003-06-20,2003-06-27,-0.003032206023402373,5,
FDX,2003-06-26,2003-06-27,0.052453828409738446,1,
GPC,2003-06-20,2003-06-27,-0.01939435738096007,5,
ZBH,2003-06-20,2003-06-27,0.011030152487177425,5,
CSX,2003-06-09,2003-06-30,-0.05402616507062452,15,
ASH,2003-06-25,2003-07-02,0.00150483940744639,5,
DLX,2003-06-30,2003-07-02,0.01254690481198173,2,
FHN,2003-06-30,2003-07-02,0.003920743627679801,2,
KEY,2003-06-27,2003-07-02,0.009821967954122046,3,
MTG,2003-06-27,2003-07-02,0.0034947760533918792,3,
MU,2003-06-25,2003-07-02,0.05655820093062269,5,
SHW,2003-06-30,2003-07-02,0.002816183070303735,2,
CMI,2003-07-02,2003-07-03,0.010511686981169222,1,
CVX,2003-06-20,2003-07-03,-0.02420575365878619,9,
SNA,2003-06-27,2003-07-03,0.0017551887340425676,4,
RDC,2003-07-02,2003-07-07,0.016754556167938528,2,
AON,2003-07-02,2003-07-08,0.00893210543277978,3,
F,2003-07-02,2003-07-08,0.03766384419522684,3,
LOW,2003-07-07,2003-07-08,0.022075553536218928,1,
CNP,2003-06-27,2003-07-09,-0.021098501274908088,7,
HAL,2003-07-07,2003-07-09,0.0550178783623847,2,
BKR,2003-07-02,2003-07-10,-0.0025941936671181054,5,
COP,2003-07-09,2003-07-14,0.014869633442073704,3,
DVN,2003-07-03,2003-07-14,-0.016067789195925664,6,
PNW,2003-07-02,2003-07-14,-0.011540666376536834,7,
KO,2003-07-08,2003-07-15,-0.01642965517978201,5,
PPL,2003-07-07,2003-07-15,-0.020314224357189437,6,
STJ-201701,2003-07-08,2003-07-15,-0.015484515484515238,5,
UNH,2003-07-15,2003-07-18,0.038512830090609684,3,
CMS,2003-07-10,2003-07-21,-0.04219530047256459,7,
DUK,2003-07-07,2003-07-21,-0.039057709001265484,10,
ED,2003-07-09,2003-07-21,-0.030546348535232748,8,
ETR,2003-07-14,2003-07-21,-0.029055836613658514,5,
MKC,2003-07-14,2003-07-21,-0.011631226058823718,5,
SEE,2003-07-15,2003-07-21,-0.0007163213498827536,4,
AABA,2003-07-21,2003-07-23,0.03571151975060771,2,
AEP,2003-07-09,2003-07-23,-0.05696535882794196,10,
BDX,2003-07-18,2003-07-23,0.02325105753891199,3,
CL,2003-07-15,2003-07-23,-0.007427498883093908,6,
PEG,2003-07-14,2003-07-23,-0.013935825158500226,7,
QCOM,2003-07-21,2003-07-23,0.005787992594603164,2,
DXC,2003-07-23,2003-07-24,0.011291375229422806,1,
MCO,2003-07-23,2003-07-24,-0.004801406834197386,1,
NVDA,2003-07-21,2003-07-24,0.02507402350308996,3,
WAT,2003-07-23,2003-07-25,0.05662540267714422,2,
BBY,2003-07-25,2003-07-28,0.019785175939602828,1,
BIG,2003-07-24,2003-07-28,0.017443595365673303,2,
GPC,2003-07-21,2003-07-28,-0.007708070844040571,5,
KATE-201707,2003-07-23,2003-07-28,0.004789119809817555,3,
PGR,2003-07-21,2003-07-28,-0.006338456284055938,5,
UIS,2003-07-25,2003-07-28,0.027892292306040734,1,
CB,2003-07-24,2003-07-29,0.038929499729515316,3,
DGX,2003-07-23,2003-07-29,0.013384203379202653,4,
COR,2003-07-28,2003-07-30,0.019731339208363785,2,
MDR,2003-07-30,2003-08-01,0.04853374473627614,2,
NCR,2003-07-29,2003-08-01,-0.0027211918516266698,3,
VIAV,2003-07-21,2003-08-01,-0.07853194576631106,9,
RTN,2003-07-30,2003-08-05,-0.016085935238967175,4,
SCHW,2003-07-30,2003-08-05,-0.038710482386425826,4,
CL,2003-07-29,2003-08-07,-0.013686341124695245,7,
KMB,2003-07-30,2003-08-07,-0.015531613629769514,6,
CLX,2003-07-30,2003-08-08,-0.015441411618109302,7,
HRB,2003-07-30,2003-08-08,-0.030773393931432302,7,
MCK,2003-07-23,2003-08-08,-0.06758906094532768,12,
PPL,2003-08-01,2003-08-08,-0.0019980019980019303,5,
UPS,2003-08-07,2003-08-08,0.007914910498100003,1,
CA-201811,2003-08-08,2003-08-11,-0.012181695855165153,1,
ELV,2003-08-07,2003-08-11,0.04615114933893105,2,
FII,2003-08-01,2003-08-11,-0.0035780399488440917,6,
HPQ,2003-08-08,2003-08-11,0.010699209241847862,1,
PNW,2003-08-05,2003-08-11,-0.006433611554460983,4,
BRCM-201601,2003-08-01,2003-08-12,0.05405280604087781,7,
EBAY,2003-08-05,2003-08-12,-0.012170867981688427,5,
PPG,2003-08-08,2003-08-12,0.008694870673747745,2,
TXN,2003-08-11,2003-08-12,0.03703005246593771,1,
TXT,2003-08-08,2003-08-12,-0.006767353520521602,2,
CTXS,2003-08-11,2003-08-13,0.031191095951889514,2,
DELL-201310,2003-08-11,2003-08-13,0.026368979857352093,2,
KLAC,2003-08-11,2003-08-13,0.02841381588816172,2,
MU,2003-08-11,2003-08-14,0.04653228228034911,3,
LIN,2003-08-12,2003-08-15,0.01574429925369003,3,
RRD,2003-08-08,2003-08-15,2.6342825531600056e-05,5,
XRX,2003-08-14,2003-08-15,0.008936243855019788,1,
AIV,2003-08-13,2003-08-20,-0.007834202185389438,5,
MO,2003-08-19,2003-08-21,0.017711106880018868,2,
WAT,2003-08-21,2003-08-22,0.019812632099948546,1,
KO,2003-08-21,2003-08-26,-0.003815484053129148,3,
PG,2003-08-21,2003-08-26,-0.0077087025551763055,3,
CMCSA,2003-08-21,2003-08-27,-0.00917292535043679,4,
HSY,2003-08-22,2003-08-27,-0.004531720761616231,3,
PEP,2003-08-22,2003-08-27,-0.0006373682167912786,3,
PFE,2003-08-14,2003-08-27,-0.04581423302089227,9,
XRX,2003-08-22,2003-08-27,0.05094896017957873,3,
AMGN,2003-08-27,2003-08-29,0.0014968793768510569,2,
AVP,2003-08-26,2003-08-29,0.03450035678607111,3,
C,2003-08-21,2003-08-29,-0.02959560255930538,6,
COR,2003-08-21,2003-08-29,-0.03601141994753032,6,
OXY,2003-08-27,2003-08-29,0.019255125250663863,2,
PFG,2003-08-26,2003-08-29,0.016622710016378717,3,
CCL,2003-08-29,2003-09-02,-0.006084567549339837,1,
CPB,2003-08-27,2003-09-02,0.016406000405216448,3,
MWV-201507,2003-08-27,2003-09-02,0.013129272004421821,3,
BEN,2003-08-27,2003-09-03,0.02220293056786793,4,
DIS,2003-08-21,2003-09-03,-0.03697578815156721,8,
FISV,2003-09-02,2003-09-03,0.01910466328192828,1,
JNS-201705,2003-08-29,2003-09-03,0.03636433455885979,2,
MAS,2003-09-02,2003-09-03,0.0048074056619265,1,
MCK,2003-08-29,2003-09-03,0.03468191518340369,2,
CB,2003-08-29,2003-09-04,0.0026801799560760564,3,
RTX,2003-09-08,2003-09-09,0.0046999727965659766,1,
FTR,2003-09-05,2003-09-11,0.029329414979639257,4,
WBA,2003-09-09,2003-09-11,0.014109196162133575,2,
BSX,2003-08-29,2003-09-12,-0.026847838712668604,9,
GPS,2003-09-05,2003-09-12,-0.007511825191383048,5,
MDT,2003-08-29,2003-09-12,-0.013098109763771126,9,
CTB,2003-09-12,2003-09-15,0.03396603396603415,1,
CVS,2003-09-09,2003-09-15,-0.011814390128674357,4,
NUE,2003-09-08,2003-09-15,-0.018194816091374633,5,
UPS,2003-09-12,2003-09-16,0.02640042883945326,2,
DOV,2003-09-11,2003-09-17,0.006197964538197986,4,
HOG,2003-09-04,2003-09-17,-0.015122579257460078,9,
JCI,2003-09-15,2003-09-17,0.025378548417649638,2,
KEY,2003-09-11,2003-09-17,0.0029958905350013776,4,
MBI,2003-09-15,2003-09-17,0.015311570501936878,2,
PAYX,2003-09-12,2003-09-17,0.009858870989513768,3,
BKR,2003-09-08,2003-09-19,-0.03516147130024194,9,
KO,2003-09-17,2003-09-19,0.013813780205158332,2,
MTG,2003-09-16,2003-09-19,0.023553760101432397,3,
TAP,2003-09-15,2003-09-19,0.002213741170647543,4,
KR,2003-09-17,2003-09-22,0.009215546854287826,3,
SWY-201501,2003-09-17,2003-09-22,0.031141272520583074,3,
ODP,2003-09-08,2003-09-24,-0.05649207934922196,12,
AMAT,2003-09-23,2003-09-30,-0.04915969652621799,5,
DXC,2003-09-17,2003-09-30,-0.07788516312500693,9,
LMT,2003-09-17,2003-09-30,-0.07904376842639771,9,
NOC,2003-09-23,2003-09-30,-0.035525443436368875,5,
GD,2003-09-24,2003-10-01,-0.022411455128411695,5,
CI,2003-09-19,2003-10-02,-0.06107640614418708,9,
GPC,2003-09-23,2003-10-02,-0.021530743731546398,7,
RTN,2003-09-17,2003-10-02,-0.058938348592590395,11,
WAT,2003-09-22,2003-10-02,-0.027552370850775776,8,
BIG,2003-09-23,2003-10-03,-0.05486073879554676,8,
GWW,2003-09-30,2003-10-03,0.02820684776748217,3,
LEG,2003-09-30,2003-10-03,0.007116171499733648,3,
STJ-201701,2003-09-30,2003-10-03,0.013499503303058047,3,
SWY-201501,2003-09-30,2003-10-03,0.00935781942346492,3,
TER,2003-10-01,2003-10-06,0.016176654146458747,3,
PFG,2003-10-13,2003-10-14,0.004220103002109399,1,
ED,2003-10-10,2003-10-15,-0.004203264289008191,3,
ETR,2003-10-13,2003-10-15,0.0035670508315761573,2,
PEG,2003-10-09,2003-10-15,-0.005649265962160199,4,
PPL,2003-10-10,2003-10-15,0.003423303878771655,3,
EMN,2003-10-08,2003-10-16,0.004730709113309084,6,
ZBH,2003-10-14,2003-10-16,0.030970100924278432,2,
SRE,2003-10-09,2003-10-17,0.0061273078317822804,6,
LUMN,2003-10-16,2003-10-20,0.019114724225535618,2,
APOL-201702,2003-10-17,2003-10-22,0.011266075797701225,3,
BMY,2003-10-14,2003-10-22,-0.00871190831887525,6,
CVG,2003-10-16,2003-10-22,-0.10277877144689351,4,
GE,2003-10-13,2003-10-22,-0.02701565602870859,7,
HAL,2003-10-16,2003-10-22,0.0058570484330373596,4,
RDC,2003-10-16,2003-10-22,-0.009081941023485807,4,
NEE,2003-10-16,2003-10-23,-0.0018410499196720442,5,
TAP,2003-10-22,2003-10-24,0.0025993906203136685,2,
APD,2003-10-22,2003-10-27,0.009066828746572497,3,
KR,2003-10-20,2003-10-27,-0.03010298434210046,5,
BALL,2003-10-22,2003-10-28,0.025331986171570398,4,
EBAY,2003-10-20,2003-10-28,0.026427878357258017,6,
IBM,2003-10-17,2003-10-28,-0.004569037235631401,7,
MWW-201610,2003-10-22,2003-10-28,0.023602049253351964,4,
WHR,2003-10-23,2003-10-28,0.03849236755485519,3,
D,2003-10-24,2003-10-29,-0.0003484370894067945,3,
GPS,2003-10-27,2003-10-29,0.015587936292782434,2,
R,2003-10-28,2003-10-29,0.006459642052862646,1,
TMO,2003-10-28,2003-10-29,0.005013703684339843,1,
TROW,2003-10-22,2003-10-29,0.004759994581533311,5,
MWV-201507,2003-10-28,2003-10-30,0.004351116080738571,2,
SWY-201501,2003-10-22,2003-10-30,-0.004324346981689597,6,
DUK,2003-10-28,2003-10-31,0.03475559232973735,3,
JCI,2003-10-30,2003-10-31,0.02535110436039356,1,
AGN,2003-10-30,2003-11-03,0.01796203796203799,2,
APD,2003-10-29,2003-11-03,0.016110893699814888,3,
MRO,2003-10-27,2003-11-03,0.006132360511179158,5,
PPL,2003-10-29,2003-11-03,0.01271213510251834,3,
RDC,2003-10-29,2003-11-03,0.04251279983680534,3,
VIAV,2003-10-29,2003-11-03,0.03861843473900306,3,
K,2003-10-31,2003-11-04,0.06287060513487108,2,
XRX,2003-10-28,2003-11-04,-0.001051146833656147,5,
AET-201811,2003-10-30,2003-11-06,0.025879148784176742,5,
BAX,2003-11-03,2003-11-07,-0.011307775555495891,4,
PEP,2003-11-06,2003-11-07,0.016455997712091275,1,
DDS,2003-11-05,2003-11-12,-0.007668477454943479,5,
JCP,2003-11-03,2003-11-12,-0.007453858168744665,7,
UNH,2003-10-31,2003-11-12,-0.06878961607132772,8,
AEP,2003-11-03,2003-11-13,-0.01609507086504014,8,
CMI,2003-11-12,2003-11-13,0.026567322338058474,1,
HES,2003-11-05,2003-11-13,-0.017473977314931388,6,
IP,2003-11-07,2003-11-13,-0.026263153297101827,4,
LUMN,2003-11-06,2003-11-13,-0.004959499973849257,5,
WY,2003-11-07,2003-11-13,-0.009231182555751949,4,
AIV,2003-11-05,2003-11-14,-0.046408199571106645,7,
PCAR,2003-11-12,2003-11-14,0.06682175165359605,2,
R,2003-11-13,2003-11-19,0.06906679967194962,4,
CMS,2003-11-19,2003-11-20,0.016386228031721073,1,
COL-201811,2003-11-13,2003-11-20,0.004380206259905206,5,
FTR,2003-11-06,2003-11-20,-0.10966626734261586,10,
WMT,2003-11-14,2003-11-20,-0.00864893288634283,4,
SPLS-201709,2003-11-14,2003-11-21,-0.04522453230659906,5,
HD,2003-11-14,2003-11-24,-0.01628658955776574,6,
JPM,2003-11-20,2003-11-24,0.010354828626568668,2,
MBI,2003-11-17,2003-11-24,-0.014236072693770252,5,
SHW,2003-11-14,2003-11-24,-0.03224045794446018,6,
ADBE,2003-11-20,2003-11-25,0.06348243602274994,3,
AN,2003-11-14,2003-11-25,-0.024175803025404674,7,
CTXS,2003-11-24,2003-11-25,0.054781105109332984,1,
JBL,2003-11-24,2003-11-25,0.005463723647437524,1,
KATE-201707,2003-11-20,2003-11-25,0.006893235396918884,3,
MU,2003-11-12,2003-11-25,-0.09208567585015792,9,
CI,2003-11-21,2003-11-26,0.018639836087028572,3,
HOT-201609,2003-11-24,2003-11-26,0.0133143030254943,2,
ZION,2003-11-25,2003-11-26,0.005400707307948949,1,
EA,2003-11-25,2003-11-28,0.02023022432113364,2,
EOG,2003-11-25,2003-12-01,0.0027771454818701358,3,
FDX,2003-11-24,2003-12-01,0.02695815469180407,4,
MDP,2003-11-20,2003-12-02,-0.005092893733403936,7,
DIS,2003-12-04,2003-12-10,0.01389791565508669,4,
MWW-201610,2003-12-05,2003-12-11,0.050728424360028335,4,
TJX,2003-12-05,2003-12-11,-0.010700200467200993,4,
BBY,2003-12-05,2003-12-12,0.007747789539046757,5,
FDO-201507,2003-12-03,2003-12-12,-0.07500325868379465,7,
HD,2003-12-05,2003-12-12,0.004360575053447002,5,
MU,2003-12-04,2003-12-12,-0.03419158512494769,6,
TMO,2003-12-11,2003-12-12,0.045484422155225745,1,
AES,2003-12-12,2003-12-15,0.07019245815854092,1,
AMD,2003-12-11,2003-12-15,0.06904622093459967,2,
CNP,2003-12-12,2003-12-15,0.019816333448665624,1,
CVS,2003-12-04,2003-12-15,-0.0031471382009210513,7,
HAS,2003-12-04,2003-12-15,-0.07335008766635898,7,
COR,2003-12-12,2003-12-16,0.023032780438648093,2,
KR,2003-12-04,2003-12-17,-0.04873640953731506,9,
JCP,2003-12-16,2003-12-18,0.050162381172834225,2,
M,2003-12-16,2003-12-18,0.055957980330032964,2,
TGT,2003-12-16,2003-12-18,0.03241593073400084,2,
CIEN,2003-12-12,2003-12-19,0.032121668012407456,5,
JWN,2003-12-17,2003-12-19,0.037682733801383206,2,
NTAP,2003-12-10,2003-12-19,0.013077518081763273,7,
UIS,2003-12-12,2003-12-19,-0.012045001977887715,5,
CAG,2003-12-22,2003-12-23,0.00879123329506215,1,
MCD,2003-12-18,2003-12-23,0.020269837739047114,3,
AVY,2003-12-18,2003-12-24,0.004594315954526307,4,
CAH,2003-12-22,2003-12-24,0.006919956479493727,2,
HSY,2003-12-22,2003-12-24,0.010073621120435083,2,
WBA,2003-12-22,2003-12-26,0.008459679657640828,3,
FCX,2003-12-23,2003-12-29,0.06296817986720216,3,
FDX,2003-12-22,2003-12-30,0.010561809822593249,5,
PEP,2003-12-24,2003-12-30,0.0012373127626204017,3,
TAP,2004-01-05,2004-01-06,0.005864546393161474,1,
VMC,2004-01-05,2004-01-06,-0.0023972119341840736,1,
ZION,2004-01-05,2004-01-07,-0.009780682498457649,2,
ROK,2004-01-05,2004-01-08,0.04819383453588011,3,
ESRX-201812,2004-01-07,2004-01-09,0.030756774632402895,2,
PCL-201602,2004-01-07,2004-01-09,-0.01694312343230797,2,
PPL,2004-01-07,2004-01-09,0.0038110677998568487,2,
PHM,2004-01-05,2004-01-12,-0.006409077379559869,5,
D,2004-01-09,2004-01-14,0.0012239698915434971,3,
DHR,2004-01-07,2004-01-14,-0.0019980019980019303,5,
HUM,2004-01-06,2004-01-14,0.006435832304388045,6,
WBA,2004-01-08,2004-01-14,0.0017517164916009964,4,
CTAS,2004-01-07,2004-01-15,-0.033601408119087184,6,
FNMA,2004-01-14,2004-01-15,0.011636985431883184,1,
INTU,2004-01-07,2004-01-15,-0.028010342318637416,6,
KBH,2004-01-05,2004-01-15,-0.038641453949172844,8,
BEAM-201404,2004-01-12,2004-01-16,0.01655222101318765,4,
USB,2004-01-09,2004-01-16,0.023041502287600713,5,
ITT,2004-01-15,2004-01-20,0.0062047272196559256,2,
PAYX,2004-01-15,2004-01-20,0.0019646606314618342,2,
TIF,2004-01-14,2004-01-20,-0.0056581560249038265,3,
WFC,2004-01-14,2004-01-20,0.00913018074044758,3,
FCX,2004-01-16,2004-01-21,0.07817394923104759,2,
SO,2004-01-14,2004-01-21,-0.005341404987360132,4,
X,2004-01-15,2004-01-21,0.051445643995120305,3,
CSX,2004-01-15,2004-01-22,0.016067770694968342,4,
NEM,2004-01-16,2004-01-22,0.02289388134265291,3,
TFC,2004-01-09,2004-01-22,-0.042366818837855535,8,
XRX,2004-01-20,2004-01-22,-0.0005303765285421536,2,
FITB,2004-01-20,2004-01-23,0.010787905470325931,3,
ADI,2004-01-22,2004-01-27,-0.0026108749276041454,3,
INTC,2004-01-22,2004-01-27,-0.0010702411907131948,3,
QCOM,2004-01-23,2004-01-27,0.015714934720092222,2,
TGNA,2004-01-21,2004-01-27,-0.003967594445377198,4,
WM,2004-01-21,2004-01-27,-0.0019980019980018193,4,
SNV,2004-01-22,2004-01-29,-0.01403615839413519,5,
EMN,2004-01-27,2004-01-30,0.02552238109832472,3,
MAR,2004-01-27,2004-01-30,-0.0015557753706864075,3,
BNY,2004-01-28,2004-02-02,0.021352660096213727,3,
SHW,2004-01-20,2004-02-02,-0.029439521693520154,9,
IP,2004-01-22,2004-02-03,-0.023192890030846902,8,
PCAR,2004-01-20,2004-02-03,-0.028099664123633183,10,
VFC,2004-01-29,2004-02-03,0.010477007481597633,3,
FLR,2004-01-27,2004-02-04,0.009348935261905833,6,
HOT-201609,2004-02-02,2004-02-04,0.0008252002594295593,2,
WMB,2004-02-03,2004-02-04,0.019957945753735107,1,
F,2004-02-03,2004-02-06,0.02027558178479305,3,
HAS,2004-01-30,2004-02-06,0.001512542556433738,5,
PPG,2004-01-21,2004-02-06,-0.04592585419008799,12,
RHI,2004-02-03,2004-02-06,0.006737195119964623,3,
TXT,2004-01-30,2004-02-06,0.012686716055380076,5,
ATI,2004-01-27,2004-02-09,0.00809296112377944,9,
CTB,2004-02-04,2004-02-09,0.03293206793206793,3,
FDX,2004-02-02,2004-02-09,-0.005702536330013941,5,
FHN,2004-02-06,2004-02-09,0.0166282633813033,1,
HUM,2004-02-04,2004-02-09,0.023756862805737633,3,
R,2004-02-06,2004-02-09,0.03131534880825515,1,
RRD,2004-02-06,2004-02-09,0.022543030739752057,1,
TIF,2004-02-04,2004-02-09,0.020835462737776478,3,
WOR,2004-02-06,2004-02-09,0.016761502054751798,1,
APA,2004-02-09,2004-02-10,0.028857065999731812,1,
SO,2004-02-06,2004-02-11,0.0034686900916918173,3,
DVN,2004-02-09,2004-02-12,-0.018328971471311295,3,
PNW,2004-02-10,2004-02-12,0.0014784537035610334,2,
UNM,2004-02-09,2004-02-12,0.017893443882124105,3,
SWY-201501,2004-02-12,2004-02-13,0.02594055783592264,1,
CI,2004-02-09,2004-02-18,-0.030537800150534644,6,
JWN,2004-02-17,2004-02-18,0.012593406089751014,1,
AVY,2004-02-17,2004-02-19,0.010333159272073456,2,
MAR,2004-02-19,2004-02-20,0.005214307894951586,1,
VMC,2004-02-17,2004-02-23,0.004074126172289638,4,
PNC,2004-02-20,2004-02-24,0.016041382891346156,2,
CTAS,2004-02-17,2004-02-25,-0.012216469636680438,6,
T,2004-02-18,2004-02-25,-0.017069814407168593,5,
DGX,2004-02-20,2004-02-26,0.005440503293563381,4,
GT,2004-02-19,2004-02-26,-0.009372335462715764,5,
OMC,2004-02-20,2004-02-27,0.01110900467569298,5,
WHR,2004-02-24,2004-02-27,0.04023985011081965,3,
ADSK,2004-02-25,2004-03-01,0.08632080360960948,3,
BAX,2004-02-20,2004-03-01,-0.038973211087006576,6,
CPWR-201412,2004-02-27,2004-03-01,0.03457798745756868,1,
KO,2004-02-26,2004-03-01,-0.00018856740477890543,2,
LXK-201611,2004-02-17,2004-03-01,-0.02004419563306059,9,
RF,2004-02-23,2004-03-01,0.006720557429643392,5,
TRV,2004-02-25,2004-03-01,0.010293837907384473,3,
APD,2004-03-01,2004-03-02,0.011130914072354114,1,
FNMA,2004-03-01,2004-03-02,0.015186178704819087,1,
MTG,2004-02-17,2004-03-02,-0.013421492804944202,10,
SVU,2004-02-27,2004-03-02,0.025437254641110574,2,
HRB,2004-02-26,2004-03-04,0.008823930234225674,5,
ITT,2004-03-03,2004-03-05,0.006839887797668531,2,
SIAL-201511,2004-03-03,2004-03-05,0.009660074438835542,2,
TWX-201806,2004-03-04,2004-03-05,0.0038588172390989772,1,
KO,2004-03-05,2004-03-08,0.0231823467341703,1,
ALL,2004-03-03,2004-03-09,0.006948710946577119,4,
JNJ,2004-03-03,2004-03-09,0.004440723366160082,4,
UNP,2004-03-01,2004-03-09,-0.010887528178440853,6,
IPG,2004-03-09,2004-03-10,0.025875763580681888,1,
ADM,2004-03-10,2004-03-15,-0.025619329069248575,3,
ITW,2004-03-09,2004-03-15,-0.014135721024237768,4,
MXIM,2004-03-09,2004-03-15,-0.014579651118112436,4,
NUE,2004-03-09,2004-03-15,-0.040127633308614685,4,
PMCS-201601,2004-03-09,2004-03-15,0.004152150370637875,4,
XRX,2004-03-09,2004-03-15,0.005207772784330267,4,
IBM,2004-03-09,2004-03-17,-0.020307005355152508,6,
BF-B,2004-03-15,2004-03-18,0.0011803072879230658,3,
CPB,2004-03-17,2004-03-18,0.006148927429502349,1,
EMN,2004-03-08,2004-03-18,-0.029859150489101594,8,
MBI,2004-03-15,2004-03-18,-0.003095219483523426,3,
RTN,2004-03-15,2004-03-18,-0.0006655560727657495,3,
SWY-201501,2004-03-09,2004-03-18,-0.06226161761385918,7,
X,2004-03-15,2004-03-18,-0.00942021365362311,3,
CVS,2004-03-15,2004-03-19,-0.018961165989867856,4,
GD,2004-03-05,2004-03-19,-0.03018081544826068,10,
SPLS-201709,2004-03-15,2004-03-19,0.002773322295234415,4,
FMCC,2004-03-22,2004-03-23,0.011795379234749825,1,
PFE,2004-03-23,2004-03-25,0.012963243058813134,2,
TUP,2004-03-19,2004-03-25,0.011284541230094813,4,
BC,2004-03-23,2004-03-26,-0.0022532026439405772,3,
CAG,2004-03-23,2004-03-26,0.024234825113659264,3,
CPWR-201412,2004-03-23,2004-03-26,0.025801496553585768,3,
IFF,2004-03-23,2004-03-26,0.01766278457478787,3,
KMB,2004-03-23,2004-03-26,0.008697765900954835,3,
M,2004-03-23,2004-03-26,0.018573025407483845,3,
CAH,2004-03-19,2004-03-29,0.028018259900136844,6,
CMA,2004-03-25,2004-03-29,0.013669515655519326,2,
RRD,2004-03-23,2004-03-29,-0.0019980019980019303,4,
COP,2004-03-26,2004-03-30,0.029527401300413203,2,
DVN,2004-03-26,2004-03-30,0.00700923600302783,2,
HSY,2004-03-29,2004-03-30,0.007978364526120663,1,
MS,2004-03-25,2004-03-30,0.004550316449885683,3,
OXY,2004-03-26,2004-03-30,0.014673469687233931,2,
PPL,2004-03-26,2004-03-30,-0.001774549621976429,2,
SLM,2004-03-29,2004-03-30,0.009379455602754438,1,
HES,2004-03-26,2004-03-31,0.025191154998847276,3,
MRO,2004-03-26,2004-03-31,0.07803816478120917,3,
SRE,2004-03-29,2004-03-31,0.023032233713545347,2,
AGN,2004-03-30,2004-04-06,-0.007080419580419717,5,
MCO,2004-04-06,2004-04-12,0.01854912035542422,3,
MAS,2004-04-07,2004-04-16,-0.007133555248080681,6,
PCL-201602,2004-04-07,2004-04-16,-0.0052256928065465,6,
SPG,2004-04-07,2004-04-16,-0.059718259669153895,6,
AEP,2004-04-08,2004-04-19,-0.041620988342543686,6,
CMA,2004-04-16,2004-04-19,0.015947509566999196,1,
DTE,2004-04-16,2004-04-19,0.0013074634526146767,1,
KBH,2004-04-06,2004-04-19,-0.03546161854557106,8,
SO,2004-04-12,2004-04-19,-0.017351848527761837,5,
TE-201606,2004-04-08,2004-04-19,-0.04022231250643493,6,
DUK,2004-04-08,2004-04-21,-0.041000350079085646,8,
CA-201811,2004-04-16,2004-04-22,0.006340791756667352,4,
JBL,2004-04-19,2004-04-22,0.002229356902081703,3,
MSI,2004-04-19,2004-04-22,0.14117275933815066,3,
AEE,2004-04-07,2004-04-23,-0.04862952387942632,11,
CSCO,2004-04-19,2004-04-23,0.028982139183926003,4,
KATE-201707,2004-04-22,2004-04-23,0.013085842434564565,1,
PHM,2004-04-06,2004-04-23,-0.06679073977595473,12,
VIAV,2004-04-19,2004-04-23,0.03542709645658371,4,
HAS,2004-04-19,2004-04-26,-0.056808214268439294,5,
MU,2004-04-19,2004-04-26,-0.007639982630712416,5,
PG,2004-04-22,2004-04-26,0.019454028211285168,2,
TROW,2004-04-22,2004-04-27,0.03872846330218205,3,
APA,2004-04-26,2004-04-28,0.03348652417304132,2,
CLX,2004-04-28,2004-05-03,0.017254783747699065,3,
CMI,2004-04-29,2004-05-04,-0.01091596047549781,3,
EFX,2004-04-21,2004-05-04,-0.020370980639183855,9,
FRX-201406,2004-04-23,2004-05-04,0.005338000437541179,7,
BC,2004-04-28,2004-05-05,0.0016135302746065339,5,
COF,2004-04-26,2004-05-05,-0.03367375289876551,7,
WM,2004-05-03,2004-05-05,0.015930186038209726,2,
AAPL,2004-04-27,2004-05-06,-0.032773398316664926,7,
GT,2004-05-05,2004-05-06,0.0037310783734478825,1,
M,2004-04-29,2004-05-06,-0.027515602842781872,5,
STJ-201701,2004-05-05,2004-05-06,0.014478132704733415,1,
TGNA,2004-05-04,2004-05-07,-0.0065973336127974624,3,
DIS,2004-04-28,2004-05-12,-0.03393409193271446,10,
CAR,2004-05-04,2004-05-13,-0.050836403676942865,7,
COST,2004-05-07,2004-05-13,0.006560176972774112,4,
DDS,2004-05-06,2004-05-13,0.15431558329620532,5,
M,2004-05-07,2004-05-13,-0.0017883288558542265,4,
NKE,2004-04-27,2004-05-13,-0.07622059779440826,12,
CPWR-201412,2004-05-04,2004-05-14,0.01436268649383421,8,
ECL,2004-05-13,2004-05-14,0.008876517442892862,1,
CPB,2004-05-13,2004-05-17,0.0006223969402554541,2,
ESRX-201812,2004-05-05,2004-05-17,0.0014121769937249784,8,
FE,2004-05-12,2004-05-17,-0.005492247136411388,3,
HOG,2004-05-13,2004-05-17,0.019832701227495253,2,
VMC,2004-05-06,2004-05-17,-0.07093817520235646,7,
DOV,2004-05-06,2004-05-19,-0.053230148793616205,9,
JCP,2004-05-14,2004-05-19,0.06784661683573057,3,
MO,2004-05-13,2004-05-19,0.025456788696748944,4,
IFF,2004-05-17,2004-05-20,0.005212995415397215,3,
ALL,2004-05-13,2004-05-21,0.006013534602242077,6,
BDX,2004-05-17,2004-05-21,0.00840861365604928,4,
FTR,2004-05-19,2004-05-21,0.0026984779925958158,2,
PBI,2004-05-17,2004-05-21,0.022952897902135838,4,
CB,2004-05-21,2004-05-24,0.03692411018775554,1,
CL,2004-05-17,2004-05-24,0.033606385374879144,5,
MTG,2004-05-17,2004-05-24,-0.004158647509168278,5,
ADSK,2004-05-20,2004-05-25,0.059559815335076705,3,
DE,2004-05-21,2004-05-25,0.0006843460219840836,2,
ABT,2004-05-21,2004-05-26,0.003443421899392174,3,
ADM,2004-05-24,2004-05-26,-0.0038157823819773284,2,
ADP,2004-05-19,2004-05-26,0.012757401862885542,5,
BSX,2004-05-21,2004-05-26,0.08334872708933627,3,
CAH,2004-05-19,2004-05-26,-0.009834147785807934,5,
GIS,2004-05-14,2004-05-26,-0.011771705002555866,8,
PFE,2004-05-24,2004-05-27,0.004603783676346618,3,
BAX,2004-05-27,2004-05-28,0.013505000458052807,1,
L,2004-05-25,2004-05-28,0.016211865818762883,3,
SYY,2004-05-24,2004-05-28,0.01811976351692768,4,
VZ,2004-05-25,2004-06-03,-0.01190721529110439,6,
ADI,2004-06-04,2004-06-08,0.0281499908877898,2,
CAG,2004-06-04,2004-06-08,0.005194783436292649,2,
DUK,2004-06-07,2004-06-08,0.0076863696597770925,1,
KEY,2004-06-04,2004-06-08,0.005153781351525,2,
LXK-201611,2004-06-04,2004-06-08,0.017061634447212537,2,
NKE,2004-06-07,2004-06-08,0.009787155044383544,1,
PNC,2004-06-04,2004-06-08,-0.0023607881965301836,2,
D,2004-06-07,2004-06-14,-0.005878098374712759,4,
BEAM-201404,2004-06-14,2004-06-16,0.0020622176846751827,2,
MRK,2004-06-15,2004-06-16,0.015917574100928533,1,
SPG,2004-06-15,2004-06-16,0.018731466278203435,1,
FE,2004-06-10,2004-06-17,0.01048701693027132,4,
ESRX-201812,2004-06-15,2004-06-18,0.007289996672615651,3,
UNH,2004-06-15,2004-06-18,-0.001841478941267738,3,
KO,2004-06-18,2004-06-21,0.0068338893292823055,1,
HBAN,2004-06-15,2004-06-22,-0.013948677865146197,5,
MDP,2004-06-17,2004-06-22,-0.0019980019980018193,3,
AIG,2004-06-16,2004-06-23,0.0014648779395485256,5,
K,2004-06-15,2004-06-23,-0.01197802197802178,6,
MSI,2004-06-16,2004-06-23,-0.03212635264277852,5,
PNC,2004-06-15,2004-06-23,-0.008092422448728986,6,
EMN,2004-06-18,2004-06-24,0.014673416513968807,4,
JNJ,2004-06-21,2004-06-24,0.009258322525182994,3,
NWL,2004-06-23,2004-06-24,0.022649347922948815,1,
BBWI,2004-06-23,2004-06-25,0.01356223042483129,2,
LNC,2004-06-22,2004-06-25,0.0034795063154888783,3,
ELV,2004-06-23,2004-06-28,0.026683544623047784,3,
STJ-201701,2004-06-23,2004-06-28,0.006721101479165936,3,
CA-201811,2004-06-22,2004-06-29,0.013659106250907271,5,
CVS,2004-06-25,2004-06-29,0.0020881856319014958,2,
ABT,2004-06-25,2004-06-30,-0.016523866920856056,3,
BC,2004-06-25,2004-06-30,0.00925485849393115,3,
COR,2004-06-15,2004-06-30,-0.02254993744812739,11,
HOG,2004-06-29,2004-06-30,0.00836866744682263,1,
MCK,2004-06-29,2004-06-30,0.018824715614605303,1,
BDX,2004-06-30,2004-07-01,0.023041523896454752,1,
XL-201809,2004-06-25,2004-07-01,-0.006594063830905772,4,
GT,2004-07-01,2004-07-06,0.04719156022738935,2,
TJX,2004-06-30,2004-07-07,-0.0003305379549803922,4,
COF,2004-06-30,2004-07-08,0.0034219817865499547,5,
ADP,2004-07-01,2004-07-12,-0.039689740706471466,6,
CMI,2004-07-06,2004-07-12,-0.0076019794691694065,4,
ITT,2004-06-30,2004-07-12,-0.001394663320290035,7,
L,2004-07-12,2004-07-13,0.0068882595632182575,1,
MET,2004-07-12,2004-07-13,0.006910179674311623,1,
NCR,2004-07-12,2004-07-13,0.03869132895502081,1,
TGNA,2004-06-24,2004-07-13,-0.03244870890799756,12,
TGT,2004-06-30,2004-07-13,-0.005983402831460927,8,
YUM,2004-07-07,2004-07-13,0.021664507132614474,4,
NYT,2004-06-16,2004-07-14,-0.0478235002369467,19,
SVU,2004-06-28,2004-07-14,-0.05442159797787838,11,
AAPL,2004-07-08,2004-07-16,0.08643982379324,6,
RF,2004-07-15,2004-07-16,0.0003439301331671363,1,
RHI,2004-07-13,2004-07-16,0.02122853408661518,3,
AXP,2004-07-13,2004-07-21,-0.006627650920232542,6,
CCL,2004-07-15,2004-07-21,0.002350524087067374,4,
CL,2004-07-13,2004-07-21,-0.036159424626793446,6,
GL,2004-07-16,2004-07-22,-0.007690023339356866,4,
CPWR-201412,2004-06-28,2004-07-23,-0.3236680674697203,18,
KMB,2004-07-22,2004-07-23,0.024475463085499527,1,
AIG,2004-07-21,2004-07-26,-0.007511807576765062,3,
BSX,2004-07-14,2004-07-27,-0.11302274447133143,9,
K,2004-07-21,2004-07-27,0.0006802175623839002,4,
AVP,2004-07-21,2004-07-28,-0.018223869671531112,5,
BIIB,2004-07-15,2004-07-28,-0.04371939454517404,9,
CLX,2004-07-26,2004-07-28,0.005018932355384864,2,
HIG,2004-07-16,2004-07-28,-0.03644837352141905,8,
ITT,2004-07-23,2004-07-28,-0.004920193951803209,3,
ZBH,2004-07-14,2004-07-28,-0.06460104873211658,10,
BALL,2004-07-27,2004-07-29,0.05576049002127692,2,
EMN,2004-07-27,2004-07-29,0.026383345448259377,2,
EQR,2004-07-28,2004-07-29,0.01070009770147351,1,
PNW,2004-07-28,2004-07-29,0.013831143462990303,1,
AET-201811,2004-07-28,2004-07-30,0.03597753263097836,2,
CI,2004-07-29,2004-07-30,0.010984125432672798,1,
DTE,2004-07-28,2004-07-30,0.0025464911588846117,2,
L,2004-07-23,2004-07-30,0.01796215009772406,5,
MKC,2004-07-29,2004-07-30,0.013738819122332435,1,
PFG,2004-07-16,2004-07-30,-0.03621523511278735,10,
MAS,2004-07-30,2004-08-02,0.007005044298328933,1,
TAP,2004-07-30,2004-08-02,0.013782430426867887,1,
WAT,2004-07-28,2004-08-02,0.015613797966739229,3,
CAG,2004-07-28,2004-08-03,-0.0008963341504286682,4,
PBG-201002,2004-07-30,2004-08-05,0.01031406909491106,4,
AES,2004-08-05,2004-08-10,-0.01049162826807748,3,
AFL,2004-07-29,2004-08-11,-0.023062724934329593,9,
GWW,2004-08-06,2004-08-11,0.01793071082981812,3,
HON,2004-08-06,2004-08-11,-0.003965925894696687,3,
HSH-201408,2004-07-29,2004-08-11,-0.047708017173665906,9,
MSFT,2004-08-06,2004-08-11,-0.0016334932795776247,3,
NCR,2004-07-30,2004-08-11,-0.053859241195485574,8,
SBUX,2004-08-04,2004-08-11,-0.023194835544381398,5,
TAP,2004-08-11,2004-08-12,0.008930707611513045,1,
CCL,2004-08-10,2004-08-17,0.024096619916744277,5,
HOT-201609,2004-08-05,2004-08-17,-0.03034771233385547,8,
MAR,2004-08-05,2004-08-17,-0.025739997463314013,8,
PRU,2004-08-16,2004-08-17,0.013058591576374345,1,
MKC,2004-08-12,2004-08-18,-0.006577323556391179,4,
UNM,2004-08-16,2004-08-18,0.02662784258965223,2,
WMB,2004-08-13,2004-08-18,0.001461280531373621,3,
RAI-201707,2004-08-16,2004-08-19,0.028196781709830088,3,
LUMN,2004-08-25,2004-08-26,0.026272103621937104,1,
CNP,2004-08-27,2004-08-31,0.042252963747936745,2,
BDX,2004-08-31,2004-09-01,0.021196495424380846,1,
VFC,2004-08-31,2004-09-01,0.013406437663763482,1,
LEG,2004-08-31,2004-09-02,0.006531929608852849,2,
COF,2004-08-31,2004-09-03,0.011474631754132991,3,
NUE,2004-08-27,2004-09-03,0.02203501805728969,5,
SWK,2004-08-31,2004-09-03,-0.00014685753586685113,3,
ALL,2004-09-02,2004-09-07,0.035509305757718934,2,
CVS,2004-09-02,2004-09-07,0.020849335508886124,2,
DDS,2004-08-25,2004-09-07,-0.0074870434436168365,8,
JCP,2004-09-01,2004-09-07,0.023505047755373987,3,
COST,2004-09-02,2004-09-13,0.043481830969800406,6,
GWW,2004-09-10,2004-09-13,0.026063669570132397,1,
BEAM-201404,2004-09-13,2004-09-14,0.02051332126520089,1,
GIS,2004-09-09,2004-09-15,0.005920927121047637,4,
JCI,2004-09-13,2004-09-15,0.014362670769169084,2,
NOC,2004-09-10,2004-09-15,0.0114484265424315,3,
HBAN,2004-09-15,2004-09-16,-0.001175567039921277,1,
AIV,2004-09-14,2004-09-17,0.020244005967814616,3,
APD,2004-09-14,2004-09-17,0.025734826315439108,3,
EQR,2004-09-15,2004-09-17,0.018283974090425703,2,
ITW,2004-09-10,2004-09-17,0.0352667352452416,5,
PPL,2004-09-14,2004-09-17,0.00013447287895229643,3,
SPG,2004-09-15,2004-09-17,0.007436335309967568,2,
TXT,2004-09-15,2004-09-17,0.013585894344022353,2,
MON-201806,2004-09-15,2004-09-21,-0.020474413676955572,4,
GT,2004-09-16,2004-09-22,0.00883021870762879,4,
HOG,2004-09-17,2004-09-22,0.0026577683959529974,3,
MET,2004-09-21,2004-09-27,0.00952265368787919,4,
WOR,2004-09-23,2004-09-27,0.050474311643635694,2,
WY,2004-09-21,2004-09-28,0.0006438309051313151,5,
X,2004-09-22,2004-09-28,-0.010314685314685157,4,
AFL,2004-09-21,2004-09-29,-0.01036544309632037,6,
ETR,2004-09-21,2004-09-29,0.0047753909490486635,6,
HON,2004-09-28,2004-09-29,0.006247570387991175,1,
RAI-201707,2004-09-21,2004-09-29,-0.03481570124304212,6,
ZION,2004-09-20,2004-09-29,-0.0062734814878484535,7,
CTB,2004-09-13,2004-09-30,-0.09272545636181995,13,
K,2004-09-27,2004-09-30,0.004265104916806761,3,
RF,2004-09-27,2004-09-30,0.01606954413109607,3,
T,2004-09-29,2004-09-30,0.01080186706281494,1,
VFC,2004-09-21,2004-09-30,-0.009313725665842543,7,
SWK,2004-09-28,2004-10-01,0.027764390764471347,3,
TAP,2004-09-30,2004-10-01,0.022314268345721144,1,
WAT,2004-09-29,2004-10-01,0.02495008156818046,2,
AEP,2004-09-29,2004-10-04,-0.00168850000211751,3,
AES,2004-09-30,2004-10-04,0.0747713824636902,2,
BA,2004-09-30,2004-10-04,0.03136687920021353,2,
ABT,2004-10-08,2004-10-13,0.018953635370639654,3,
BCR-201712,2004-10-08,2004-10-13,-0.005512744901067457,3,
AVP,2004-10-08,2004-10-14,-0.0027095053235737243,4,
AVY,2004-10-11,2004-10-18,-0.0013653396432704579,5,
COL-201811,2004-10-11,2004-10-18,0.005229867625411,5,
LEG,2004-10-14,2004-10-18,0.01605857391760157,2,
NKE,2004-10-13,2004-10-18,-0.010045340277146653,3,
GT,2004-10-11,2004-10-19,-0.026530990948717803,6,
RTN,2004-10-11,2004-10-20,-0.01977064031858533,7,
LMT,2004-10-18,2004-10-22,-0.008118471768150837,4,
GL,2004-10-18,2004-10-25,-0.026127635222882417,5,
CI,2004-10-18,2004-10-26,-0.07895017263892123,6,
HSH-201408,2004-10-13,2004-10-26,-0.008607286752982057,9,
HUM,2004-10-11,2004-10-26,-0.0815745784225127,11,
LNC,2004-10-18,2004-10-26,-0.046678067169468096,6,
PHM,2004-10-06,2004-10-26,0.0036886044466026835,14,
DRI,2004-10-26,2004-10-27,0.02161068700775637,1,
HOG,2004-10-20,2004-10-27,0.0076999513475703996,5,
LPX,2004-10-19,2004-10-27,-0.013672930696266405,6,
NOC,2004-10-11,2004-10-27,-0.02591152723144341,12,
WFC,2004-10-25,2004-10-27,0.01096306291111504,2,
ABT,2004-10-26,2004-10-28,0.0398417110378988,2,
INTU,2004-10-26,2004-10-28,0.031809334843866166,2,
LOW,2004-10-26,2004-10-28,0.03216122106602004,2,
VZ,2004-10-22,2004-10-28,-0.01127831970600146,4,
MKC,2004-10-27,2004-10-29,0.014514648849514922,2,
T,2004-10-26,2004-10-29,0.01680200231946616,3,
FTR,2004-10-28,2004-11-01,0.015325806269202547,2,
HES,2004-10-29,2004-11-04,-0.0013750294649167438,4,
RDC,2004-10-29,2004-11-04,0.0003669316465524375,4,
SLB,2004-10-29,2004-11-04,0.009567406619363616,4,
JCP,2004-10-29,2004-11-05,0.062124968153838944,5,
MRO,2004-10-28,2004-11-05,0.002460876836698267,6,
QCOM,2004-11-05,2004-11-10,0.006547370909052663,3,
NTAP,2004-11-11,2004-11-15,0.006335254964182413,2,
RDC,2004-11-10,2004-11-15,0.03245933014354074,3,
NSC,2004-11-18,2004-11-23,0.0033325813889264477,3,
YUM,2004-11-18,2004-11-23,0.013387152085457599,3,
CCL,2004-11-23,2004-11-24,0.021152040992666654,1,
HOG,2004-11-17,2004-11-24,-0.011192158992617496,5,
PBI,2004-11-23,2004-11-24,0.0028432893267837933,1,
STJ-201701,2004-11-22,2004-11-24,0.022662124839232023,2,
JPM,2004-11-17,2004-11-26,-0.02273568607557319,6,
LOW,2004-11-22,2004-11-26,0.007311041358523784,3,
ABT,2004-11-22,2004-11-29,-0.009440563216606357,4,
GILD,2004-11-18,2004-11-29,-0.006024505384636614,6,
MSFT,2004-11-24,2004-11-30,0.0028757552556955,3,
RVTY,2004-11-22,2004-11-30,0.0075068151932122795,5,
CLX,2004-11-24,2004-12-01,-0.00018841588360862804,4,
GE,2004-11-29,2004-12-02,0.005858107215954922,3,
INTU,2004-11-26,2004-12-02,-0.014013781398586667,4,
OMC,2004-12-01,2004-12-02,-0.000526805874430103,1,
PGR,2004-11-22,2004-12-02,0.020215973848472846,7,
RHI,2004-11-29,2004-12-02,-0.0019980019980015973,3,
T,2004-11-24,2004-12-02,0.017740865109072912,5,
LOW,2004-12-01,2004-12-03,0.021619107389342584,2,
NEE,2004-12-02,2004-12-06,0.01336454524869235,2,
HD,2004-12-01,2004-12-07,-0.005566579347415224,4,
PEG,2004-12-02,2004-12-07,0.009006478450086952,3,
BBY,2004-11-30,2004-12-09,-0.011346171613873857,7,
DE,2004-12-07,2004-12-10,0.01951915667911286,3,
FCX,2004-12-07,2004-12-10,-0.029384570141179456,3,
SLB,2004-12-02,2004-12-10,0.02581262419303032,6,
BKR,2004-12-02,2004-12-13,-0.022147650601741176,7,
BBWI,2004-11-30,2004-12-14,-0.049189196542134606,10,
FE,2004-12-02,2004-12-14,-0.012867839097361555,8,
GPC,2004-12-10,2004-12-14,-0.007591611275564847,2,
GWW,2004-12-13,2004-12-14,0.0056613438118224835,1,
NI,2004-12-10,2004-12-14,-0.014055682417372317,2,
PCG,2004-12-02,2004-12-14,-0.023594597008681162,8,
PPL,2004-12-09,2004-12-14,0.01408596530785089,3,
RRD,2004-12-03,2004-12-14,-0.02230618218990288,7,
SRE,2004-12-06,2004-12-14,-0.005593936563884627,6,
WOR,2004-12-10,2004-12-14,0.012734491197077702,2,
LIN,2004-12-15,2004-12-16,0.0043341832368246624,1,
FISV,2004-12-17,2004-12-20,0.04386605820483158,1,
FTR,2004-12-17,2004-12-21,0.020163404323286116,2,
ITW,2004-12-16,2004-12-21,0.0071827356801672515,3,
ECL,2004-12-20,2004-12-22,0.0032014384701095633,2,
L,2004-12-21,2004-12-22,0.0037917066905559516,1,
LOW,2004-12-20,2004-12-22,-0.005141320622849999,2,
PGR,2004-12-15,2004-12-22,-0.016339412734242886,5,
AABA,2004-12-22,2004-12-23,0.021535908566344686,1,
DRI,2004-12-20,2004-12-23,0.02165833663406591,3,
GEN,2004-12-17,2004-12-23,0.016988938583981206,4,
WM,2004-12-21,2004-12-23,0.005432172739506358,2,
GS,2004-12-20,2004-12-27,0.009447807326871116,4,
LEG,2004-12-20,2004-12-27,0.009334621422533829,4,
D,2004-12-28,2004-12-29,-7.642114421757551e-05,1,
DOV,2004-12-28,2004-12-29,0.010628756642045767,1,
EBAY,2004-12-27,2004-12-29,0.016462436225145982,2,
GILD,2004-12-27,2004-12-29,0.017050035350763437,2,
JBL,2004-12-23,2004-12-29,-0.007531454298524531,3,
QLGC-201608,2004-12-27,2004-12-29,0.02431036012697918,2,
R,2004-12-22,2004-12-29,-0.0062178997619558585,4,
WAT,2004-12-22,2004-12-29,0.007660098228148504,4,
COR,2004-12-20,2004-12-30,-0.06260541078354809,7,
DTE,2004-12-29,2004-12-30,0.004075945148376503,1,
NTAP,2004-12-27,2004-12-30,0.01986747979650394,3,
TFC,2005-01-03,2005-01-06,-0.00294850184605433,3,
LMT,2004-12-30,2005-01-07,-0.020329759916041357,6,
QCOM,2005-01-03,2005-01-07,0.014596388920564474,4,
DVN,2005-01-04,2005-01-10,0.008733140657059657,4,
BA,2005-01-03,2005-01-11,-0.017781249015917377,6,
PCG,2005-01-07,2005-01-11,0.008553018935258727,2,
PCL-201602,2005-01-06,2005-01-11,0.024855311124382107,3,
AEP,2005-01-04,2005-01-12,-0.021049368488194053,6,
CMI,2005-01-10,2005-01-13,0.009187130381111075,3,
BALL,2005-01-04,2005-01-14,-0.02546417234716114,8,
EQR,2005-01-12,2005-01-14,0.012682904006830809,2,
XL-201809,2005-01-04,2005-01-14,0.0020461891050127523,8,
AIV,2005-01-13,2005-01-18,0.026557282600158993,2,
NTRS,2005-01-04,2005-01-18,-0.040173013956231296,9,
RRD,2005-01-11,2005-01-18,0.0024975024975026905,4,
TMO,2005-01-04,2005-01-18,-0.020448433510136477,9,
ADSK,2005-01-18,2005-01-19,0.0553659332327725,1,
CA-201811,2005-01-14,2005-01-19,0.018516283572179937,2,
GL,2005-01-18,2005-01-19,0.03245401030646056,1,
HBAN,2005-01-14,2005-01-19,0.00010745525426236746,2,
SNV,2005-01-11,2005-01-19,0.004529627349394882,5,
STJ-201701,2005-01-07,2005-01-19,-0.01760751861660015,7,
EMN,2005-01-19,2005-01-20,0.0061585036221272205,1,
UPS,2005-01-14,2005-01-25,-0.006847161196371743,6,
VZ,2005-01-11,2005-01-25,-0.057982125830048914,9,
DHR,2005-01-21,2005-01-26,0.006179247872774907,3,
TFC,2005-01-18,2005-01-27,-0.011114503642352669,7,
ADSK,2005-01-25,2005-01-28,0.06303469803605455,3,
FTR,2005-01-19,2005-01-28,-0.008656280709653408,7,
NKE,2005-01-27,2005-01-28,0.012050084241787218,1,
WY,2005-01-20,2005-01-28,-0.03506577143725531,6,
NSC,2005-01-25,2005-01-31,0.008260529319843446,4,
SVU,2005-01-26,2005-01-31,0.00523617573727897,3,
MBI,2005-01-31,2005-02-01,0.011033403452279877,1,
QCOM,2005-01-21,2005-02-01,-0.01968282860615267,7,
UNP,2005-01-18,2005-02-01,-0.03401426026294929,10,
ABT,2005-01-31,2005-02-02,0.004174756122846013,2,
BC,2005-01-28,2005-02-02,0.0312687312687312,3,
EQR,2005-01-28,2005-02-02,-0.0010570824524310796,3,
FMCC,2005-01-21,2005-02-02,-0.016696116513089554,8,
MWV-201507,2005-01-20,2005-02-02,-0.05069204789158899,9,
SPG,2005-01-28,2005-02-02,0.007234990706510791,3,
TWX-201806,2005-01-28,2005-02-02,0.004659043013684805,3,
CMCSA,2005-02-01,2005-02-04,0.0008115137633846192,3,
ETFC,2005-02-07,2005-02-09,0.041059094988217026,2,
SBUX,2005-02-04,2005-02-09,0.03741531575915791,3,
SCHW,2005-02-04,2005-02-10,-0.009504681963839023,4,
DRI,2005-02-07,2005-02-11,0.012918781621776176,4,
AABA,2005-02-10,2005-02-14,0.005704002142114861,2,
COST,2005-02-09,2005-02-14,0.01280657175741684,3,
GT,2005-02-08,2005-02-14,-0.006244848596468566,4,
IFF,2005-02-10,2005-02-14,0.01274604775774324,2,
NKE,2005-02-09,2005-02-14,0.008106915458344188,3,
RHI,2005-02-09,2005-02-14,-0.008543359732470002,3,
SLM,2005-02-09,2005-02-14,0.020527443182212668,3,
AEP,2005-02-14,2005-02-15,0.006369199269473214,1,
CPB,2005-02-08,2005-02-15,-0.005477799049807941,5,
DDS,2005-02-10,2005-02-15,0.006629100072917282,3,
TGT,2005-02-11,2005-02-15,0.008554285366573211,2,
CTXS,2005-02-15,2005-02-16,0.021595425850745142,1,
NSC,2005-02-17,2005-02-22,0.0198981776731344,2,
BF-B,2005-02-18,2005-02-24,0.013611608673794517,3,
GWW,2005-02-18,2005-02-25,0.008651653339886378,4,
IPG,2005-02-18,2005-02-25,0.0002753510726176689,4,
LEG,2005-02-14,2005-02-25,0.005220818964037921,8,
PEP,2005-02-18,2005-02-25,-0.008496591327685543,4,
PLL-201508,2005-02-17,2005-02-25,-0.006851734124461273,5,
HD,2005-02-25,2005-02-28,0.010301361049741109,1,
HOT-201609,2005-02-25,2005-02-28,0.014414762955876848,1,
LH,2005-02-25,2005-02-28,0.009569959689632812,1,
MBI,2005-02-22,2005-02-28,0.01916651525533264,4,
TJX,2005-02-25,2005-03-01,0.020022806936077275,2,
CPWR-201412,2005-02-25,2005-03-02,0.015665750179024496,3,
MAS,2005-02-24,2005-03-02,0.013105220653329752,4,
MSFT,2005-02-18,2005-03-02,-0.01951359356075244,7,
ZION,2005-02-18,2005-03-02,-0.015265295164465509,7,
SNA,2005-02-17,2005-03-03,-0.023789662070583084,9,
DDS,2005-03-01,2005-03-04,0.0359602495877831,3,
COST,2005-03-08,2005-03-09,0.023397571394084826,1,
AAPL,2005-03-04,2005-03-15,-0.05147779225621274,7,
FDO-201507,2005-03-10,2005-03-15,0.015006109623998176,3,
LH,2005-03-08,2005-03-15,-0.01884194597818334,5,
RRD,2005-03-03,2005-03-16,-0.040358703796203876,9,
VFC,2005-03-09,2005-03-16,-0.0031780859102618075,5,
FLR,2005-03-04,2005-03-18,-0.06326912754462788,10,
HES,2005-03-16,2005-03-18,0.017564477886956587,2,
HSY,2005-03-15,2005-03-18,-0.0032758217922694843,3,
KR,2005-03-09,2005-03-18,-0.05452437500949392,7,
ZBH,2005-03-09,2005-03-18,-0.023521844070868436,7,
AZO,2005-03-15,2005-03-21,0.005321421825960293,4,
BMY,2005-03-18,2005-03-21,0.013764335227263835,1,
IPG,2005-03-09,2005-03-21,-0.08989685295219196,8,
WM,2005-03-15,2005-03-22,-0.006410907571710811,5,
FTR,2005-03-09,2005-03-23,-0.023412184099043998,10,
VMC,2005-03-21,2005-03-23,0.010503825966620806,2,
ABT,2005-03-18,2005-03-24,0.002281478646883439,4,
DELL-201310,2005-03-16,2005-03-24,-0.014296871293020041,6,
RVTY,2005-03-18,2005-03-24,0.012405256685474653,4,
HUM,2005-03-24,2005-03-28,0.010858755871238746,1,
NTAP,2005-03-18,2005-03-28,-0.005562308444707287,5,
BAC,2005-03-18,2005-03-29,-0.014895572685642344,6,
BBWI,2005-03-24,2005-03-29,-0.01125430153529472,2,
HIG,2005-03-23,2005-03-29,0.010317638393339879,3,
KEY,2005-03-23,2005-03-29,0.016316899614242653,3,
LUMN,2005-03-21,2005-03-29,-0.008569736772840564,5,
SCHW,2005-03-28,2005-03-29,0.003978004404588287,1,
C,2005-03-22,2005-03-31,-0.02156666862549217,6,
FCX,2005-03-29,2005-03-31,0.015306949578154816,2,
HON,2005-03-29,2005-03-31,0.0033966305454071755,2,
MCO,2005-03-24,2005-03-31,0.00835160323075379,4,
MET,2005-03-28,2005-03-31,0.013855747618405356,3,
CMS,2005-03-31,2005-04-01,0.033560248570312146,1,
ETN,2005-03-29,2005-04-01,0.0010447567326976603,3,
GWW,2005-03-29,2005-04-04,0.0021717337138984494,4,
LEG,2005-03-31,2005-04-04,0.007674568422232131,2,
X,2005-03-29,2005-04-04,-0.02152912321753442,4,
BDX,2005-04-05,2005-04-06,0.017019864875711832,1,
SHW,2005-04-05,2005-04-07,0.005863882021234446,2,
BALL,2005-03-29,2005-04-08,-0.05600591971075097,8,
INTU,2005-04-07,2005-04-08,0.009056962742780339,1,
NVDA,2005-04-01,2005-04-08,-0.00988569932871275,5,
SIAL-201511,2005-04-01,2005-04-08,-0.006068156965383542,5,
ADM,2005-04-07,2005-04-13,0.026234039744381432,4,
MAT,2005-04-11,2005-04-13,-0.0034381532195097986,2,
OMC,2005-04-11,2005-04-13,0.0019531466923956575,2,
BMS,2005-04-13,2005-04-20,-0.026117840128348058,5,
COL-201811,2005-04-11,2005-04-20,0.001055325793087869,7,
EOG,2005-04-11,2005-04-20,-0.015306495945132226,7,
NUE,2005-04-11,2005-04-20,-0.0381116980260906,7,
TROW,2005-04-12,2005-04-20,-0.027404837955326222,6,
X,2005-04-11,2005-04-20,-0.03345721056214623,7,
ADP,2005-04-20,2005-04-22,0.0350938031111343,2,
FDX,2005-04-11,2005-04-22,-0.05550144749014785,9,
LMT,2005-04-20,2005-04-22,0.00650286669902278,2,
MAR,2005-04-20,2005-04-22,0.011509956539675903,2,
NOC,2005-04-20,2005-04-22,0.004482492383731218,2,
RTN,2005-04-13,2005-04-22,-0.05057445773387059,7,
SPGI,2005-04-13,2005-04-22,-0.021047869001741937,7,
CL,2005-04-20,2005-04-26,-0.0016150191815726966,4,
WY,2005-04-20,2005-04-28,-0.000478880296982398,6,
YUM,2005-04-22,2005-04-28,0.00033077725062091723,4,
CINF,2005-04-26,2005-05-02,0.010175826143027145,4,
PRU,2005-04-29,2005-05-02,0.023431117479525865,1,
CPWR-201412,2005-04-29,2005-05-03,0.028605125709044055,2,
NAV,2005-03-21,2005-05-03,-0.2355836027357876,30,
RDC,2005-04-29,2005-05-03,0.01240158287883042,2,
RIG,2005-04-29,2005-05-03,-0.0051330961535914765,2,
M,2005-05-02,2005-05-04,0.028348953927296083,2,
ODP,2005-04-29,2005-05-04,0.009186941433502849,3,
AES,2005-04-29,2005-05-05,0.003594795952812424,4,
HOT-201609,2005-05-03,2005-05-05,0.012981390092084544,2,
IPG,2005-05-02,2005-05-05,-0.0035501046387513835,3,
MAR,2005-05-03,2005-05-05,0.00956312345914112,2,
NBR,2005-04-29,2005-05-05,0.025286823268474645,4,
VLO,2005-04-29,2005-05-09,-0.014230135411562372,6,
AES,2005-05-06,2005-05-10,0.0061567011425203155,2,
NEE,2005-05-09,2005-05-10,-0.003231607376094292,1,
ADP,2005-05-11,2005-05-12,0.009014483007294904,1,
CLX,2005-05-06,2005-05-13,0.010258176247901707,5,
BMY,2005-05-11,2005-05-17,-0.009437033552086027,4,
DUK,2005-05-11,2005-05-17,-0.003437095759692088,4,
GPS,2005-05-09,2005-05-17,-0.005337396828792529,6,
LLL,2005-05-10,2005-05-17,-0.0289432676321969,5,
D,2005-05-09,2005-05-18,0.0036324960758984393,7,
EOG,2005-05-17,2005-05-18,0.03899740799115414,1,
LIN,2005-05-11,2005-05-18,0.015283401114591921,5,
PPG,2005-05-13,2005-05-18,0.01518504661486686,3,
VLO,2005-05-17,2005-05-18,0.0555631828045271,1,
WY,2005-05-12,2005-05-18,-0.027982935668413367,4,
EXC,2005-05-12,2005-05-19,-0.026262389419562715,5,
PEG,2005-05-13,2005-05-19,-0.019784138084940617,4,
CMCSA,2005-05-18,2005-05-20,0.0033171527123774247,2,
AES,2005-05-17,2005-05-25,0.02722918849469802,6,
MON-201806,2005-05-17,2005-05-27,0.019317867006942935,8,
ED,2005-05-27,2005-05-31,0.008642613224588258,1,
EFX,2005-05-26,2005-05-31,0.008649624012096346,2,
SO,2005-05-26,2005-05-31,0.006552116352519288,2,
THC,2005-05-26,2005-06-01,0.012152158055422912,3,
ABT,2005-05-26,2005-06-02,-0.009621076326089661,4,
CAH,2005-05-26,2005-06-02,-0.009213750280650412,4,
DUK,2005-05-27,2005-06-02,0.004506055993358293,3,
COR,2005-05-27,2005-06-03,-0.0030655422285611467,4,
DGX,2005-05-31,2005-06-03,-0.007987505685594587,3,
ESRX-201812,2005-06-02,2005-06-03,0.0164734557766677,1,
HON,2005-06-01,2005-06-03,0.0032358636707092714,2,
MO,2005-06-02,2005-06-03,0.009909484856170048,1,
EIX,2005-06-01,2005-06-06,0.013439199029146032,3,
LH,2005-05-27,2005-06-06,-0.008536910419658983,5,
BCR-201712,2005-05-31,2005-06-07,-0.0050540011169930565,5,
BDX,2005-05-27,2005-06-08,-0.00921941563242179,7,
AAPL,2005-06-08,2005-06-10,0.018981049841092057,2,
ADBE,2005-06-08,2005-06-10,0.001998958241700155,2,
GT,2005-06-09,2005-06-10,0.0064656786059196225,1,
MET,2005-06-06,2005-06-10,0.014554924372698785,4,
SNA,2005-06-07,2005-06-10,0.0039407411555467675,3,
CPWR-201412,2005-06-10,2005-06-14,0.03214825609848959,2,
LLY,2005-06-10,2005-06-14,-0.0047808560311997095,2,
PFE,2005-06-10,2005-06-14,0.004122531190070333,2,
CPB,2005-06-10,2005-06-15,-0.000375259283042384,3,
UNP,2005-06-09,2005-06-15,0.015418824513934837,4,
WHR,2005-06-07,2005-06-15,0.004932585401673739,6,
NUE,2005-06-10,2005-06-16,0.03815711682148937,4,
RF,2005-06-14,2005-06-16,0.007604047249947898,2,
C,2005-06-15,2005-06-17,9.864085494348807e-05,2,
CLX,2005-06-08,2005-06-17,-0.014883205932162302,7,
COL-201811,2005-06-08,2005-06-17,0.0017082154486736112,7,
MDT,2005-06-09,2005-06-17,0.019904669376734185,6,
FII,2005-06-17,2005-06-20,-0.011194607440340842,1,
GE,2005-06-15,2005-06-20,-0.005557402711326542,3,
K,2005-06-14,2005-06-20,0.005515742008213476,4,
PG,2005-06-14,2005-06-20,-0.0036521517837333484,4,
SVU,2005-06-16,2005-06-20,0.001066173617601418,2,
FISV,2005-06-20,2005-06-22,0.008902815353421856,2,
STT,2005-06-15,2005-06-23,0.001666638200465309,6,
TRV,2005-06-23,2005-06-28,-0.005861274837498431,3,
WBA,2005-06-21,2005-06-28,0.012274853859012502,5,
ADSK,2005-06-28,2005-06-29,0.014439718279300795,1,
APD,2005-06-24,2005-06-29,0.009014239878053276,3,
AXP,2005-06-21,2005-06-29,-0.012610407869784623,6,
BCR-201712,2005-06-23,2005-06-29,-0.014380892372029552,4,
NOC,2005-06-22,2005-06-29,-0.004141579971753906,5,
SBUX,2005-06-22,2005-06-29,-0.023889633464825644,5,
SNV,2005-06-28,2005-06-29,0.011036263418896741,1,
SYK,2005-06-23,2005-06-29,0.005332515636521151,4,
WM,2005-06-22,2005-06-29,-0.008192507660291781,5,
GPC,2005-06-24,2005-06-30,-0.00772810611115804,4,
EMC-201609,2005-06-29,2005-07-05,0.008929027177202453,3,
KR,2005-07-05,2005-07-06,0.01712277540324636,1,
L,2005-07-01,2005-07-06,0.014161331961015655,2,
THC,2005-07-06,2005-07-08,0.01034329376295462,2,
CCE,2005-07-07,2005-07-11,0.018812975717517277,2,
LLL,2005-07-07,2005-07-11,0.003261560573813549,2,
PEP,2005-07-07,2005-07-11,0.03607764326555407,2,
PFE,2005-06-30,2005-07-11,-0.01609513216298375,6,
DRI,2005-07-07,2005-07-12,0.07741020379195529,3,
JNJ,2005-07-07,2005-07-12,0.008744959492515081,3,
LUMN,2005-07-11,2005-07-12,0.01049567395943507,1,
NTAP,2005-06-30,2005-07-12,-0.035080910653806696,7,
FTR,2005-07-11,2005-07-13,0.010135760895639612,2,
ZION,2005-07-07,2005-07-14,0.019300839666140268,5,
APOL-201702,2005-07-07,2005-07-15,-0.014197866974906548,6,
DGX,2005-07-14,2005-07-18,-0.006918036946516715,2,
LMT,2005-07-11,2005-07-18,-0.009390594858919687,5,
HAL,2005-07-18,2005-07-20,0.056923074464599654,2,
HSY,2005-07-08,2005-07-20,0.0017854794045801814,8,
XOM,2005-07-18,2005-07-20,0.006258469880874085,2,
ASH,2005-07-18,2005-07-21,0.016480427663869257,3,
EIX,2005-07-20,2005-07-21,0.01001705982856893,1,
PCL-201602,2005-07-20,2005-07-21,0.026539861018827438,1,
TE-201606,2005-07-18,2005-07-21,0.013927561799902177,3,
COF,2005-07-21,2005-07-22,0.008342748934694555,1,
CMS,2005-07-21,2005-07-25,0.00717603782843379,2,
EMC-201609,2005-07-22,2005-07-25,0.018499206176260108,1,
UNH,2005-07-13,2005-07-25,-0.01741114579618319,8,
NI,2005-07-18,2005-07-27,-0.002388436172045094,7,
VTRS,2005-07-21,2005-07-27,0.008727162557308654,4,
AFL,2005-07-20,2005-07-28,0.05183709113152468,6,
HRB,2005-07-22,2005-07-28,-0.00010130491979865042,4,
LNC,2005-07-27,2005-07-28,0.02190629695364832,1,
LUMN,2005-07-25,2005-07-28,0.014714991793268961,3,
MRK,2005-07-25,2005-07-28,0.010215843482493048,3,
MWW-201610,2005-07-18,2005-07-28,0.05065520686210356,8,
AES,2005-07-28,2005-07-29,0.018925796476472412,1,
AET-201811,2005-07-14,2005-07-29,-0.050990827354463586,11,
BF-B,2005-07-25,2005-07-29,0.007212753377105141,4,
NWL,2005-07-28,2005-07-29,0.008401951366036942,1,
HSP-201509,2005-07-29,2005-08-01,0.011756597497387666,1,
YUM,2005-07-28,2005-08-01,0.007858311824400444,2,
CAR,2005-07-27,2005-08-02,-0.001535569344111476,4,
EMC-201609,2005-08-01,2005-08-02,0.018473833858449362,1,
ETN,2005-08-01,2005-08-02,0.012204632805049354,1,
ADI,2005-08-01,2005-08-03,-0.0019980019980018193,2,
DELL-201310,2005-08-01,2005-08-03,0.000704612964583351,2,
LLTC-201703,2005-07-28,2005-08-03,0.022269698222530332,4,
VFC,2005-07-28,2005-08-03,-0.0018310434939184939,4,
CMA,2005-08-02,2005-08-04,0.005560129695789895,2,
STZ,2005-07-15,2005-08-04,-0.01760836537071586,14,
CCL,2005-07-28,2005-08-08,-0.022906366961026214,7,
MTG,2005-08-05,2005-08-09,0.004295677001517451,2,
HD,2005-08-05,2005-08-10,0.009623552781363065,3,
LOW,2005-08-05,2005-08-10,0.024766477687733213,3,
USB,2005-08-02,2005-08-10,-0.002994697880197128,6,
NTRS,2005-08-05,2005-08-11,-0.007008052265529141,4,
TGT,2005-08-05,2005-08-11,0.01719778827330476,4,
JCP,2005-08-10,2005-08-12,-0.003740729584733926,2,
JNS-201705,2005-07-29,2005-08-12,-0.06572821516863636,10,
KBH,2005-08-08,2005-08-12,-0.016481720918829157,4,
TMO,2005-08-09,2005-08-12,0.011215932204183376,3,
JWN,2005-08-05,2005-08-15,-0.030938568158299207,6,
ALL,2005-08-11,2005-08-16,0.008698004850337115,3,
JBL,2005-08-10,2005-08-16,-0.019408793811320546,4,
MU,2005-08-11,2005-08-16,0.002425782703695978,3,
PG,2005-08-05,2005-08-16,0.0024375934581777337,7,
SWY-201501,2005-08-15,2005-08-16,0.02893447490950729,1,
TSN,2005-08-12,2005-08-18,-0.007662052835362143,4,
BF-B,2005-08-15,2005-08-19,0.002077714595166924,4,
FLR,2005-08-12,2005-08-22,-0.008143765495083999,6,
GT,2005-08-17,2005-08-22,0.014635406180833366,3,
MON-201806,2005-08-17,2005-08-22,0.016445887706655338,3,
HSY,2005-08-17,2005-08-23,0.0012122833286742907,4,
TE-201606,2005-08-10,2005-08-23,-0.019157215496649727,9,
SLB,2005-08-18,2005-08-24,0.012127583485475046,4,
DHI,2005-08-15,2005-08-25,-0.0031209554290831942,8,
PHM,2005-08-19,2005-08-25,0.006467628068882236,4,
TPR,2005-08-22,2005-08-25,0.02825364841805178,3,
ATI,2005-08-22,2005-08-30,-0.061488348566267614,6,
BBWI,2005-08-17,2005-08-30,-0.06656465155541258,9,
BBY,2005-08-25,2005-08-30,0.011133653771379981,3,
CCE,2005-08-25,2005-08-30,0.0038593460715361516,3,
ORCL,2005-08-22,2005-08-30,-0.005818851052410978,6,
PLL-201508,2005-08-16,2005-08-30,-0.0376167000912071,10,
ASH,2005-08-30,2005-08-31,0.020019260248871573,1,
DHI,2005-08-30,2005-09-01,0.10509021137768548,2,
SCHW,2005-08-30,2005-09-01,0.023046909998425624,2,
TIF,2005-08-31,2005-09-01,0.04457542457542463,1,
VMC,2005-08-23,2005-09-01,0.06595668227998663,7,
AIG,2005-08-23,2005-09-02,-0.009675734773108569,8,
HIG,2005-08-30,2005-09-02,0.007557439762480023,3,
LIN,2005-08-24,2005-09-07,-0.01584869909801978,9,
MAR,2005-08-30,2005-09-07,-0.03876626526882565,5,
NWL,2005-08-30,2005-09-07,-0.02106805599067929,5,
TGT,2005-09-01,2005-09-07,-0.0005167742076358506,3,
TRV,2005-09-01,2005-09-07,0.008260462987460526,3,
YUM,2005-08-25,2005-09-07,0.00818573376553311,8,
ALL,2005-09-02,2005-09-08,-0.004153106810612983,3,
KSS,2005-09-01,2005-09-08,-0.020330551748070302,4,
M,2005-09-02,2005-09-08,0.029877323826697832,3,
FRX-201406,2005-09-09,2005-09-12,0.019391005711115072,1,
THC,2005-09-01,2005-09-12,-0.012738099247333823,6,
MCK,2005-09-12,2005-09-15,0.010634928264404264,3,
BNY,2005-09-15,2005-09-19,0.01167321879660177,2,
HSP-201509,2005-09-15,2005-09-19,0.014098804421385225,2,
INTU,2005-09-15,2005-09-19,0.0075767674493181225,2,
NTRS,2005-09-15,2005-09-19,0.013400094877193292,2,
SNV,2005-09-14,2005-09-19,-0.0016464690645739966,3,
VTRS,2005-09-15,2005-09-19,0.01742919983188207,2,
BEN,2005-09-19,2005-09-20,0.011610558847761965,1,
MUR,2005-09-19,2005-09-20,0.006001960548574159,1,
SYK,2005-09-14,2005-09-20,-0.00513328898878318,4,
RAI-201707,2005-09-14,2005-09-21,-0.003212116350802652,5,
TPR,2005-09-20,2005-09-23,-0.002628804578797106,3,
ADSK,2005-09-19,2005-09-26,0.01341061664910459,5,
DHI,2005-09-19,2005-09-26,-0.031172842878388063,5,
GT,2005-09-19,2005-09-26,-0.04154727039899564,5,
LLL,2005-09-20,2005-09-26,-0.00014596315474690869,4,
ASH,2005-09-20,2005-09-27,0.023422779787241277,5,
PAYX,2005-09-21,2005-09-27,0.03983808244391951,4,
RTN,2005-09-13,2005-09-27,-0.040994481097308744,10,
CMS,2005-09-26,2005-09-28,0.01432154228693272,2,
CTXS,2005-09-26,2005-09-28,0.004725379883274705,2,
FE,2005-09-26,2005-09-28,0.016549259243865633,2,
MON-201806,2005-09-19,2005-09-28,-0.056665827482764275,7,
LUMN,2005-09-23,2005-09-29,0.003942509016283902,4,
MSFT,2005-09-09,2005-09-29,-0.03986359984279808,14,
PRU,2005-09-27,2005-09-29,0.004143572187090383,2,
CMA,2005-09-29,2005-09-30,0.013566382203914262,1,
BAX,2005-09-29,2005-10-04,0.006536160288523218,3,
HAS,2005-09-26,2005-10-04,-0.028493674986019513,6,
AMGN,2005-09-27,2005-10-05,-0.024539402845740077,6,
MDT,2005-09-27,2005-10-05,-0.02514072216410057,6,
SLB,2005-10-05,2005-10-11,-0.0040946223156381745,4,
APA,2005-10-05,2005-10-12,-0.06067956522443163,5,
BKR,2005-10-05,2005-10-12,-0.03771526116028634,5,
HES,2005-10-05,2005-10-12,-0.08234305833518174,5,
MRO,2005-10-05,2005-10-12,-0.023793800785495534,5,
OXY,2005-10-05,2005-10-12,-0.038299989941911305,5,
XOM,2005-10-04,2005-10-12,-0.04953711054320675,6,
ATI,2005-10-06,2005-10-13,-0.008140667119172273,5,
A,2005-09-29,2005-10-17,-0.07044106166925046,12,
AGN,2005-10-12,2005-10-17,-0.0019980019980020414,3,
CPWR-201412,2005-10-11,2005-10-17,-0.0454418616450053,4,
MCK,2005-10-12,2005-10-17,-0.0031283110316550067,3,
PSA,2005-10-13,2005-10-17,0.02061048242403518,2,
PTC,2005-10-12,2005-10-17,0.024720113764880258,3,
SPG,2005-10-12,2005-10-17,-0.00023161810701788355,3,
TRV,2005-10-12,2005-10-17,0.016038178688781102,3,
AEP,2005-10-17,2005-10-18,0.009066916118896762,1,
ODP,2005-10-17,2005-10-18,0.04705313590001703,1,
XEL,2005-10-06,2005-10-18,-0.03351387460372535,8,
BAX,2005-10-12,2005-10-19,0.003559712678291138,5,
PAYX,2005-10-17,2005-10-20,0.030274916636250593,3,
PG,2005-10-19,2005-10-20,0.017176770320911583,1,
SIAL-201511,2005-10-19,2005-10-20,0.022058072220938918,1,
NEE,2005-10-21,2005-10-25,0.01861802747806518,2,
NEM,2005-10-17,2005-10-25,-0.009811863067808235,6,
SRE,2005-10-21,2005-10-25,0.025644098214027355,2,
SWY-201501,2005-10-19,2005-10-25,0.02544596390078735,4,
VLO,2005-10-21,2005-10-25,0.054340836361058686,2,
FE,2005-10-17,2005-10-26,-0.03175207092711696,7,
MU,2005-10-25,2005-10-27,0.017148300696938845,2,
HUM,2005-10-27,2005-10-31,0.0014753582764859274,2,
RRD,2005-10-18,2005-10-31,-0.0337024853599438,9,
UNH,2005-10-27,2005-10-31,0.02517929865366919,2,
JBL,2005-10-28,2005-11-01,0.019279923653347186,2,
SNA,2005-10-27,2005-11-01,0.022204679913900627,3,
AGN,2005-10-31,2005-11-03,-0.003450697773841771,3,
ITT,2005-10-28,2005-11-03,0.026850759421878312,4,
QCOM,2005-10-31,2005-11-04,0.09138803035841714,4,
MDT,2005-11-03,2005-11-07,0.006975222125791936,2,
VTRS,2005-11-02,2005-11-07,0.04236916004368729,3,
SWY-201501,2005-11-09,2005-11-10,0.023031687874369045,1,
ADM,2005-11-08,2005-11-11,0.024872871257727525,3,
ECL,2005-11-09,2005-11-11,0.01022859819492905,2,
ELV,2005-11-09,2005-11-11,0.024580501220784257,2,
ITT,2005-11-09,2005-11-11,0.01629525292872125,2,
CAH,2005-11-07,2005-11-14,-0.010294324027781632,5,
KR,2005-11-09,2005-11-14,-0.016682249745310185,3,
VLO,2005-11-11,2005-11-15,0.038601525149197125,2,
VMC,2005-11-10,2005-11-15,0.027860764595743603,3,
WMB,2005-11-11,2005-11-15,0.030847546277686044,2,
EOG,2005-11-11,2005-11-16,0.06425805352086766,3,
HAL,2005-11-11,2005-11-16,0.02539108927874989,3,
AEP,2005-11-15,2005-11-17,0.01276860451186157,2,
BKR,2005-11-11,2005-11-17,0.052497785698173205,4,
NBR,2005-11-14,2005-11-17,0.0589486849028833,3,
NOV,2005-11-11,2005-11-17,0.06931374656573763,4,
PEG,2005-11-15,2005-11-17,0.02284507986254125,2,
AGN,2005-11-17,2005-11-18,0.013450945339490428,1,
CAH,2005-11-17,2005-11-18,0.012799353894370702,1,
ETFC,2005-11-17,2005-11-18,0.04040077569489364,1,
MDP,2005-11-16,2005-11-18,0.004625905068382785,2,
MU,2005-11-15,2005-11-18,0.0324158624623081,3,
BBY,2005-11-16,2005-11-21,0.026388540978967256,3,
AMAT,2005-11-21,2005-11-23,0.01712746817223998,2,
MO,2005-11-18,2005-11-23,0.020935096291950783,3,
SLM,2005-11-22,2005-11-29,0.011473078063278352,4,
UNH,2005-11-29,2005-11-30,0.03178051935575721,1,
AABA,2005-11-30,2005-12-02,0.04463286840127867,2,
AMGN,2005-11-30,2005-12-02,-0.0018748747602745919,2,
COP,2005-11-30,2005-12-02,0.030457312539887704,2,
CTXS,2005-11-29,2005-12-02,0.00947328533535452,3,
GD,2005-11-29,2005-12-02,-0.006299734748010488,3,
HES,2005-11-29,2005-12-02,0.04769504354566623,3,
ROK,2005-11-29,2005-12-02,0.04079887754381972,3,
STJ-201701,2005-11-30,2005-12-02,0.006883224391502685,2,
BIIB,2005-11-29,2005-12-05,-0.007953449466093665,4,
GLW,2005-11-29,2005-12-05,0.0008961297247587208,4,
JWN,2005-12-02,2005-12-08,0.006249948398708849,4,
QCOM,2005-12-06,2005-12-08,0.0180915381367448,2,
UPS,2005-12-06,2005-12-08,0.0025680003088022207,2,
WMT,2005-12-02,2005-12-08,-0.003458548405142925,4,
AGN,2005-12-08,2005-12-09,0.007483475764199055,1,
PRU,2005-12-08,2005-12-09,0.004961732747746916,1,
CB,2005-12-07,2005-12-12,0.024828981663798988,3,
INTU,2005-12-06,2005-12-12,0.01937291545397013,4,
PFG,2005-12-06,2005-12-12,-0.006978052039906979,4,
TRV,2005-12-06,2005-12-12,-0.0052615220231502224,4,
AFL,2005-12-09,2005-12-13,0.002474458589973638,2,
EBAY,2005-12-12,2005-12-13,0.02082529246115583,1,
HOG,2005-12-07,2005-12-13,-0.002959526932362566,4,
MU,2005-12-09,2005-12-13,0.042087380915515116,2,
NSC,2005-12-06,2005-12-13,-0.015286408058345136,5,
PAYX,2005-12-12,2005-12-14,0.015125741032282702,2,
PCL-201602,2005-12-08,2005-12-14,0.0014617382617383434,4,
SCHW,2005-12-13,2005-12-14,0.023591801056142003,1,
ZION,2005-12-08,2005-12-14,-0.00025294301401201924,4,
BMS,2005-12-12,2005-12-15,0.005741304485765486,3,
CI,2005-12-14,2005-12-15,0.013168064119125189,1,
TIF,2005-12-13,2005-12-15,0.004259848503640917,2,
TWX-201806,2005-12-12,2005-12-15,0.008715013799759808,3,
AMGN,2005-12-15,2005-12-16,0.0008907950371310758,1,
EMC-201609,2005-12-14,2005-12-16,0.014683717445345579,2,
HSP-201509,2005-12-13,2005-12-16,0.006217884562270903,3,
MET,2005-12-15,2005-12-16,0.0053504899298990605,1,
MON-201806,2005-12-15,2005-12-16,0.009018051593610243,1,
BALL,2005-12-13,2005-12-19,-0.0005009647373190873,4,
AVY,2005-12-19,2005-12-22,0.0030062841841758114,3,
IBM,2005-12-13,2005-12-22,-0.024320100814985035,7,
NUE,2005-12-15,2005-12-22,0.03205058935017924,5,
TPR,2005-12-19,2005-12-22,-0.00023262777454091665,3,
X,2005-12-16,2005-12-22,-0.0028557604836073613,4,
SIAL-201511,2005-12-19,2005-12-23,0.003154386289555111,4,
VIAV,2005-12-20,2005-12-23,0.0019466062140629514,3,
AMAT,2005-12-22,2005-12-27,0.016157488315139412,2,
BBY,2005-12-14,2005-12-27,0.01047700567213461,8,
DHR,2005-12-19,2005-12-27,-0.006454064480604149,5,
GLW,2005-12-22,2005-12-27,0.013587896261167076,2,
NTRS,2005-12-23,2005-12-27,0.008497443812857997,1,
RVTY,2005-12-22,2005-12-27,0.010607464232806008,2,
AFL,2005-12-28,2005-12-29,0.007224890221325664,1,
ROK,2005-12-28,2005-12-29,0.006495632027546883,1,
CVG,2005-12-27,2005-12-30,0.0036298288177987192,3,
EIX,2005-12-23,2005-12-30,-0.0028412667729458274,4,
TMO,2005-12-29,2005-12-30,0.0062363381268430995,1,
D,2005-12-29,2006-01-04,0.016007208665744788,3,
EOG,2005-12-28,2006-01-04,0.05887904799716592,4,
ESRX-201812,2005-12-22,2006-01-04,-0.0042906783085969735,7,
MSFT,2005-12-14,2006-01-04,-0.010499483579164859,13,
PFG,2005-12-22,2006-01-04,-0.02252879783159578,7,
PHM,2005-12-27,2006-01-04,0.009754802933158224,5,
A,2005-12-30,2006-01-05,0.003099995501427477,3,
CA-201811,2006-01-04,2006-01-05,0.012330813479413782,1,
HSP-201509,2005-12-30,2006-01-05,0.014936945899288956,3,
PBG-201002,2005-12-30,2006-01-05,0.001135988923846698,3,
HOG,2006-01-05,2006-01-06,0.01349155912987654,1,
IBM,2006-01-05,2006-01-06,0.029266189679297172,1,
MCD,2006-01-04,2006-01-06,0.021884762874808672,2,
PGR,2006-01-04,2006-01-06,0.015559129820696072,2,
ADSK,2006-01-04,2006-01-09,0.023770292409710958,3,
ECL,2006-01-05,2006-01-09,0.016060258925874482,2,
RHI,2006-01-05,2006-01-09,0.019298365066315437,2,
UNH,2006-01-04,2006-01-09,0.014288702798975095,3,
CSX,2006-01-09,2006-01-10,0.011556743498569055,1,
SPLS-201709,2006-01-04,2006-01-10,-0.014775952524296754,4,
UNP,2006-01-09,2006-01-10,0.006094240078770463,1,
LOW,2006-01-09,2006-01-11,0.019502770699120653,2,
NSC,2006-01-09,2006-01-12,0.006081065421133847,3,
WMT,2005-12-28,2006-01-12,-0.035167365966983555,10,
GPC,2006-01-13,2006-01-17,0.006417213687758716,1,
TGT,2006-01-06,2006-01-17,-0.01327285563890479,6,
MCK,2006-01-12,2006-01-18,0.00910388745673929,3,
PAYX,2006-01-11,2006-01-18,0.006869593374891014,4,
SPGI,2006-01-13,2006-01-18,0.05405998286208891,2,
AET-201811,2006-01-12,2006-01-19,0.029186116963526798,4,
ELV,2006-01-10,2006-01-19,-0.01676886752513973,6,
FDX,2006-01-17,2006-01-19,0.010106888606179032,2,
INTU,2006-01-17,2006-01-19,0.015422469104269698,2,
LUV,2006-01-18,2006-01-19,0.0405500054975414,1,
AMZN,2006-01-12,2006-01-20,-0.01447586379245036,5,
LPX,2006-01-13,2006-01-20,-0.005632331214947661,4,
SEE,2006-01-19,2006-01-20,0.013067565718522856,1,
LLY,2006-01-19,2006-01-24,8.839470226851276e-05,3,
PRU,2006-01-20,2006-01-24,0.001375906180454578,2,
SCHW,2006-01-19,2006-01-24,-0.006024874045775341,3,
LEN,2006-01-24,2006-01-25,0.0018220609338130966,1,
PEP,2006-01-18,2006-01-25,-0.007124776608244177,5,
PFG,2006-01-19,2006-01-25,0.01079959715255252,4,
AFL,2006-01-25,2006-01-26,-0.00030901999276067293,1,
BAC,2006-01-13,2006-01-26,-0.020072264547487673,8,
BNY,2006-01-20,2006-01-26,0.011707891504336487,4,
JPM,2006-01-19,2006-01-26,-0.0179802674348013,5,
AIG,2006-01-20,2006-01-27,-0.025159605506410165,5,
CB,2006-01-24,2006-01-27,0.007255028621737214,3,
COF,2006-01-24,2006-01-27,0.0010708924777673712,3,
LNC,2006-01-26,2006-01-27,0.007497735513809056,1,
MTG,2006-01-25,2006-01-27,0.016663433961963348,2,
BIIB,2006-01-26,2006-01-30,0.016866126186305674,2,
EFX,2006-01-26,2006-01-30,0.0024550774280993615,2,
GIS,2006-01-27,2006-01-30,0.011880360538937929,1,
MO,2006-01-25,2006-01-30,0.0025688487501984714,3,
VTRS,2006-01-26,2006-01-30,0.016967667742113113,2,
AAPL,2006-01-30,2006-01-31,0.058720754161145194,1,
WMB,2006-01-27,2006-01-31,9.424742979935452e-05,2,
PPL,2006-01-27,2006-02-01,0.012368992109257348,3,
XRX,2006-01-31,2006-02-01,0.010120545483378152,1,
CCL,2006-01-31,2006-02-02,0.0274797136051661,2,
CPB,2006-01-27,2006-02-02,-0.0036629782952408707,4,
D,2006-01-27,2006-02-02,0.008562906205393128,4,
WHR,2006-02-01,2006-02-03,0.0647343306291408,2,
MRSH,2006-02-01,2006-02-06,-0.008553048172530442,3,
TXN,2006-01-18,2006-02-06,-0.05000571266438392,13,
AON,2006-02-01,2006-02-08,0.000917641746671638,5,
MBI,2006-02-06,2006-02-08,0.015214670786096063,2,
STJ-201701,2006-02-02,2006-02-08,-0.01266962525444959,4,
ADSK,2006-01-31,2006-02-09,-0.09686975926905106,7,
EIX,2006-01-31,2006-02-09,-0.018354993844891032,7,
MDT,2006-01-31,2006-02-09,-0.02673749986148921,7,
UPS,2006-02-03,2006-02-09,0.010306153084628011,4,
HAS,2006-02-06,2006-02-10,-0.03495523478327167,4,
EXC,2006-02-09,2006-02-13,0.031037939789889446,2,
L,2006-02-08,2006-02-13,0.0073516540688201015,3,
RTX,2006-02-09,2006-02-13,0.0034450068813451917,2,
TIF,2006-02-02,2006-02-13,-0.020838384916054498,7,
EBAY,2006-02-03,2006-02-15,-0.024624598494635497,8,
HAR-201703,2006-02-08,2006-02-15,0.0009503052339094875,5,
HUM,2006-02-09,2006-02-15,-0.0012241131820717177,4,
TRV,2006-02-09,2006-02-15,0.012883916314929689,4,
AES,2006-02-15,2006-02-16,0.008047020022888818,1,
EOG,2006-02-13,2006-02-16,0.01180457215753461,3,
MSFT,2006-02-10,2006-02-16,0.010035840689128328,4,
BKR,2006-02-15,2006-02-17,0.013970007819772867,2,
BRCM-201601,2006-02-15,2006-02-17,0.03185532339746322,2,
FCX,2006-02-13,2006-02-17,0.02258235800148012,4,
FLR,2006-02-13,2006-02-17,-0.0029778987081999775,4,
HAL,2006-02-08,2006-02-17,-0.028051622351835892,7,
NOV,2006-02-16,2006-02-17,0.042158542497880314,1,
VLO,2006-02-13,2006-02-17,0.0691897439550373,4,
MWW-201610,2006-02-17,2006-02-21,0.00511826116839087,1,
NBR,2006-02-15,2006-02-22,-0.021288546587011403,4,
RIG,2006-02-16,2006-02-22,0.010372777327018579,3,
ADP,2006-02-22,2006-02-24,0.0009089514636944074,2,
KLAC,2006-02-22,2006-02-28,0.0191269372034808,4,
TWX-201806,2006-02-16,2006-03-01,-0.0324901848649356,8,
AMAT,2006-02-24,2006-03-02,-0.02188473129811197,4,
ESRX-201812,2006-03-01,2006-03-02,0.012309860113507431,1,
GNW,2006-03-01,2006-03-02,0.012972013695494944,1,
JBL,2006-02-24,2006-03-02,0.0022174194089343846,4,
JNS-201705,2006-03-01,2006-03-02,0.011145530219099475,1,
JWN,2006-02-27,2006-03-02,0.029459901800327648,3,
WM,2006-03-01,2006-03-03,0.013001599600646063,2,
AFL,2006-03-02,2006-03-07,-0.003305172673229384,3,
AIG,2006-03-03,2006-03-07,0.004239473347310785,2,
EQR,2006-03-02,2006-03-07,0.012997766978480207,3,
ECL,2006-03-06,2006-03-08,0.003569673581108379,2,
ELV,2006-03-07,2006-03-08,0.012112704472970748,1,
PRU,2006-03-06,2006-03-08,0.0033246956290777785,2,
ROK,2006-03-01,2006-03-08,-0.004609058047974068,5,
BBY,2006-03-08,2006-03-09,0.006523851019347937,1,
CINF,2006-03-03,2006-03-09,0.0037048665620096344,4,
M,2006-03-08,2006-03-09,0.01172033518374005,1,
DUK,2006-03-08,2006-03-10,0.010598451909073825,2,
FDO-201507,2006-03-10,2006-03-13,0.02175276904236112,1,
HUM,2006-03-01,2006-03-13,-0.026013534209840317,8,
MAS,2006-03-07,2006-03-13,-0.0049341977998792474,4,
MCD,2006-03-01,2006-03-13,-0.015399777921575986,8,
PLL-201508,2006-03-03,2006-03-13,-0.013966985395556741,6,
EIX,2006-03-07,2006-03-14,-0.04007941491936384,5,
ETFC,2006-03-09,2006-03-14,0.004972431020089374,3,
JBL,2006-03-13,2006-03-14,0.014120427379554767,1,
MU,2006-03-13,2006-03-14,0.0014197608226302894,1,
RDC,2006-03-13,2006-03-14,0.04338943858023847,1,
WHR,2006-03-08,2006-03-14,0.0019499287841657775,4,
ADBE,2006-03-13,2006-03-15,0.01225529447134277,2,
BEN,2006-03-09,2006-03-15,0.01622105395243123,4,
CAT,2006-03-13,2006-03-15,0.007220822377189462,2,
DOV,2006-03-14,2006-03-15,0.010227689834248155,1,
GS,2006-03-14,2006-03-15,0.014279750593190865,1,
FMCC,2006-03-09,2006-03-16,-0.013057916471216124,5,
MRSH,2006-03-16,2006-03-21,0.01792883975613191,3,
ADBE,2006-03-17,2006-03-23,-0.013641307880352005,4,
DGX,2006-03-14,2006-03-23,-0.010954625252084571,7,
PG,2006-03-20,2006-03-23,-0.004014892848462459,3,
T,2006-03-22,2006-03-23,0.020752827293680554,1,
NEM,2006-03-22,2006-03-24,0.029189560439560447,2,
PPL,2006-03-22,2006-03-27,0.009645379056672398,3,
FRX-201406,2006-03-22,2006-03-28,-0.0027024739965916256,4,
AAPL,2006-03-24,2006-03-30,0.040572013683436436,4,
BIIB,2006-03-24,2006-03-30,0.00832178103007819,4,
DIS,2006-03-22,2006-03-30,-0.017264462142628112,6,
FE,2006-03-28,2006-03-30,0.00944098532416704,2,
RAI-201707,2006-03-22,2006-03-30,0.004775977160914602,6,
AN,2006-03-27,2006-03-31,0.010104644524457917,4,
CLX,2006-03-30,2006-04-04,0.01108784849361144,3,
EFX,2006-03-30,2006-04-04,0.004716220298150109,3,
CB,2006-03-24,2006-04-05,-0.05531712784456122,8,
FNMA,2006-03-30,2006-04-05,0.023804023378908745,4,
LOW,2006-03-31,2006-04-05,0.007058060268689825,3,
MET,2006-03-24,2006-04-05,-0.0019980019980018193,8,
PEG,2006-03-22,2006-04-05,-0.0240883904699416,10,
RF,2006-03-30,2006-04-05,0.004482625377302263,4,
SLM,2006-03-24,2006-04-05,-0.005348219289249112,8,
BCR-201712,2006-04-05,2006-04-06,0.013423662430285033,1,
PFE,2006-03-30,2006-04-06,-0.010696915857832723,5,
AMCC-201701,2006-04-06,2006-04-07,0.07212416230983876,1,
JCP,2006-04-05,2006-04-07,-0.006191731962444602,2,
BIIB,2006-04-06,2006-04-13,-0.014775909037972546,5,
ESRX-201812,2006-04-06,2006-04-13,-0.026221351464069675,5,
LMT,2006-04-04,2006-04-18,-0.0040169071827611535,9,
BF-B,2006-04-04,2006-04-19,-0.03267568201554394,10,
CAH,2006-04-13,2006-04-19,-0.00485480692493101,3,
CIEN,2006-04-05,2006-04-19,-0.07720380659209303,9,
EMR,2006-04-05,2006-04-19,-0.0017575599530187391,9,
EQR,2006-04-07,2006-04-19,-0.026502515341800814,7,
LLL,2006-04-07,2006-04-19,-0.003420670562509387,7,
LLY,2006-04-05,2006-04-19,-0.013164942522889689,9,
RTN,2006-04-13,2006-04-19,0.029801646056552444,3,
T,2006-04-18,2006-04-19,0.007767186208857524,1,
LH,2006-04-05,2006-04-20,0.00834400506722699,10,
MAT,2006-04-19,2006-04-20,0.01752426040955113,1,
MKC,2006-04-19,2006-04-20,0.005494505666167049,1,
AVP,2006-04-25,2006-04-27,0.023391481317117435,2,
CAH,2006-04-24,2006-04-27,0.01391818178536286,3,
CVS,2006-04-25,2006-04-27,-0.016025450260860552,2,
JBL,2006-04-20,2006-04-27,-0.000718203682102847,5,
JNY-201404,2006-04-24,2006-04-27,0.007617783676177714,3,
AZO,2006-04-25,2006-04-28,-0.004856357772154873,3,
VTRS,2006-04-20,2006-04-28,0.004942189059519153,6,
CAT,2006-04-26,2006-05-02,-0.003572487542934377,4,
ASH,2006-04-27,2006-05-03,0.008289176366274242,4,
SBUX,2006-04-28,2006-05-03,0.01678162557427698,3,
SEE,2006-04-27,2006-05-03,-0.005445645263826848,4,
VMC,2006-04-28,2006-05-03,0.0020730838300464516,3,
AIV,2006-05-03,2006-05-05,0.042072029188440885,2,
GPC,2006-04-24,2006-05-05,-0.015244825867465894,9,
PSA,2006-05-03,2006-05-05,0.050457963525219585,2,
WY,2006-05-02,2006-05-05,0.018197805662118594,3,
GILD,2006-04-27,2006-05-08,-0.024541909090741054,7,
JNS-201705,2006-05-05,2006-05-08,0.026368979857352315,1,
MCK,2006-04-25,2006-05-08,-0.009330274006426387,9,
MTG,2006-05-05,2006-05-08,0.01656882175617236,1,
VNO,2006-05-03,2006-05-08,0.02107718214617904,3,
FTR,2006-05-05,2006-05-09,0.01697542001724539,2,
GOOGL,2006-05-03,2006-05-09,-0.0036347460091828987,4,
HAR-201703,2006-04-27,2006-05-15,-0.13745777807077852,12,
MCO,2006-04-27,2006-05-15,-0.07523845892532421,12,
SPGI,2006-05-11,2006-05-16,-0.0027414449036994304,3,
BRCM-201601,2006-05-11,2006-05-18,-0.026871124764238807,5,
AON,2006-05-08,2006-05-22,-0.03927436398210249,10,
CSCO,2006-05-11,2006-05-22,-0.0024816833006060524,7,
QLGC-201608,2006-05-09,2006-05-22,-0.02251968810410343,9,
CAT,2006-05-22,2006-05-25,0.02184317376349254,3,
EMR,2006-05-22,2006-05-25,0.029031208087669125,3,
JBL,2006-05-16,2006-05-25,-0.04140007581386762,7,
NVDA,2006-05-15,2006-05-25,-0.06959552659046853,8,
SWK,2006-05-18,2006-05-25,0.0025123031878682145,5,
AMCC-201701,2006-05-12,2006-05-26,-0.057102406795658145,10,
AN,2006-05-22,2006-05-26,0.0053469919798472265,4,
AVY,2006-05-15,2006-05-26,-0.027835151083752896,9,
BXP,2006-05-25,2006-05-26,0.02076830005735686,1,
DXC,2006-05-25,2006-05-26,0.02727424883266627,1,
JPM,2006-05-25,2006-05-26,0.008531841785661243,1,
PMCS-201601,2006-05-11,2006-05-26,-0.101342493123315,11,
VNO,2006-05-25,2006-05-26,0.019212272695236177,1,
SPLS-201709,2006-05-26,2006-05-30,0.0038725979902449748,1,
L,2006-05-26,2006-06-01,0.014700454596187074,3,
ODP,2006-05-25,2006-06-01,0.01708612544601773,4,
CSCO,2006-05-31,2006-06-02,0.037801216244036207,2,
CVG,2006-05-31,2006-06-02,0.039771054838019015,2,
KSS,2006-05-26,2006-06-02,0.008453235023964556,4,
RF,2006-05-26,2006-06-02,-0.006337185259755573,4,
ADBE,2006-05-05,2006-06-05,-0.16626985903133584,20,
NOC,2006-06-01,2006-06-05,0.006641412819498926,2,
WMT,2006-06-06,2006-06-09,-0.006003453212895082,3,
AVY,2006-06-07,2006-06-15,-0.017268150836560414,6,
CAT,2006-06-07,2006-06-15,-0.004903349345984798,6,
HPQ,2006-06-07,2006-06-15,-0.0235340959796696,6,
CTXS,2006-06-07,2006-06-16,0.022182663151826487,7,
DOV,2006-06-09,2006-06-16,-0.001780080394634842,5,
MWW-201610,2006-06-06,2006-06-16,-0.12226731822906067,8,
ODP,2006-06-15,2006-06-16,0.03383689918698907,1,
RTX,2006-06-07,2006-06-16,-0.0018340739182837185,7,
NCR,2006-06-07,2006-06-19,-0.04690007368100535,8,
JPM,2006-06-15,2006-06-21,-0.0012513024994789124,4,
AES,2006-06-16,2006-06-22,-0.0059809971625006675,4,
AIV,2006-06-21,2006-06-22,0.008166961703261144,1,
AVP,2006-06-07,2006-06-26,-0.046318218522691135,13,
CLX,2006-06-22,2006-06-26,0.012688333042594646,2,
MKC,2006-06-05,2006-06-27,-0.040056137233563494,16,
TMO,2006-06-20,2006-06-27,0.0023236442250991196,5,
XEL,2006-06-23,2006-06-27,0.018350900092215294,2,
ETR,2006-06-23,2006-06-28,0.0030019861700305572,3,
CMCSA,2006-06-28,2006-06-29,0.027706419085190115,1,
LUMN,2006-06-28,2006-06-29,0.016478327264429105,1,
WFC,2006-06-26,2006-06-29,0.007890760755359993,3,
BF-B,2006-06-28,2006-06-30,0.0060694202744357995,2,
CL,2006-06-29,2006-06-30,0.014831711506923195,1,
GD,2006-06-29,2006-06-30,0.016581070032755996,1,
OMC,2006-06-15,2006-06-30,-0.009448247248866504,11,
TFC,2006-06-26,2006-06-30,0.01813175858393823,4,
ZION,2006-06-23,2006-06-30,-0.0014891950379708474,5,
NWL,2006-06-29,2006-07-03,0.006943953670450975,2,
HPQ,2006-06-29,2006-07-05,0.029484674166225577,3,
MU,2006-07-03,2006-07-07,0.004628799194439148,3,
ODP,2006-06-29,2006-07-07,-0.004625014364419533,5,
KMB,2006-07-10,2006-07-11,0.007221451849970473,1,
ASH,2006-07-11,2006-07-12,0.015008167258576455,1,
NTRS,2006-07-11,2006-07-18,0.013114713584108983,5,
CTXS,2006-07-11,2006-07-19,-0.022935106851190712,6,
HBAN,2006-07-13,2006-07-19,0.005289816335232622,4,
ATI,2006-07-11,2006-07-20,-0.0509181287313486,7,
BBY,2006-07-11,2006-07-20,-0.06957616888640106,7,
FISV,2006-07-10,2006-07-20,-0.03403983254074394,8,
GNW,2006-07-19,2006-07-20,0.0072372812834247124,1,
HRB,2006-07-10,2006-07-20,-0.00453527258790265,8,
ITW,2006-07-10,2006-07-20,-0.00418186375684948,8,
OMC,2006-07-13,2006-07-20,0.0073890286389663995,5,
UNP,2006-07-18,2006-07-20,0.05805873743539047,2,
BIG,2006-07-19,2006-07-21,0.038312176422925726,2,
LXK-201611,2006-07-24,2006-07-25,0.02977800501385408,1,
FTR,2006-07-24,2006-07-27,0.01725605584126466,3,
PNC,2006-07-24,2006-07-28,0.0004544193884634673,4,
ETN,2006-07-10,2006-07-31,-0.11081356343668292,15,
ELV,2006-07-31,2006-08-03,-0.0005317161039853913,3,
KR,2006-08-02,2006-08-07,0.009027208287160526,3,
AES,2006-08-07,2006-08-08,0.01163868794068268,1,
ALL,2006-08-02,2006-08-08,0.009700807840240078,4,
CL,2006-07-28,2006-08-08,-0.003346684197451655,7,
GL,2006-08-04,2006-08-08,0.004977541936551866,2,
RAI-201707,2006-08-08,2006-08-09,0.003271870141219546,1,
TAP,2006-08-07,2006-08-09,0.015941950704401187,2,
ADM,2006-08-07,2006-08-10,0.037134435476280814,3,
PCG,2006-08-08,2006-08-10,0.012245181932380556,2,
AEE,2006-08-08,2006-08-11,0.001395168247280587,3,
KO,2006-08-07,2006-08-11,-0.004956668432676281,4,
NOC,2006-08-07,2006-08-11,-0.0019980019980018193,4,
X,2006-08-07,2006-08-11,-0.019807465262010604,4,
ED,2006-08-04,2006-08-14,-0.018869200362798266,6,
TXT,2006-08-10,2006-08-15,0.031892012818437676,3,
ASH,2006-08-09,2006-08-16,-0.019480190104782746,5,
BA,2006-08-11,2006-08-16,0.010833770219967453,3,
DOV,2006-08-10,2006-08-16,0.03896479843857614,4,
JPM,2006-08-11,2006-08-16,0.029493988742456123,3,
LIN,2006-08-11,2006-08-16,0.030225850828667467,3,
TRV,2006-08-09,2006-08-16,0.00817408946109488,5,
WFC,2006-08-11,2006-08-16,0.019371191208395144,3,
ATI,2006-08-14,2006-08-17,0.037280925017333155,3,
BKR,2006-08-15,2006-08-21,0.022066284555163573,4,
XOM,2006-08-17,2006-08-21,0.029495998705293625,2,
VLO,2006-08-16,2006-08-22,-0.00517635568950936,4,
HES,2006-08-17,2006-08-23,0.01346051717798935,4,
SPGI,2006-08-18,2006-08-23,0.0043902944856248904,3,
CPB,2006-08-24,2006-08-29,0.0074450680377002865,3,
CVS,2006-08-23,2006-08-29,0.013123240395967795,4,
MSI,2006-08-24,2006-08-29,0.015095590310476581,3,
NI,2006-08-08,2006-08-29,-0.02952903629813719,15,
PFG,2006-08-24,2006-08-29,0.0010040692845705301,3,
RRD,2006-08-24,2006-08-29,-0.024411400435679464,3,
GD,2006-08-24,2006-08-30,0.00021488520309054238,4,
NTRS,2006-08-25,2006-08-31,0.004407441529104439,4,
CME,2006-08-22,2006-09-01,-0.03464781070025513,8,
GS,2006-08-29,2006-09-01,-0.008002085544371873,3,
JCP,2006-08-25,2006-09-05,-0.015665055055730348,6,
MCK,2006-08-31,2006-09-05,0.013641583681107905,2,
MS,2006-08-30,2006-09-05,0.02842888889272599,3,
AXP,2006-08-31,2006-09-06,-8.973267675160823e-05,3,
COP,2006-08-31,2006-09-06,0.0017763664097838472,3,
CVX,2006-09-01,2006-09-06,0.019127737161729996,2,
RF,2006-09-01,2006-09-06,0.0013304909231421913,2,
XOM,2006-09-01,2006-09-06,0.007415714788341354,2,
GILD,2006-09-07,2006-09-11,0.023384516127970878,2,
ELV,2006-09-07,2006-09-12,0.024534777637018168,3,
FRX-201406,2006-09-07,2006-09-12,0.04010186815326011,3,
JNJ,2006-09-07,2006-09-12,0.005073351684647065,3,
ECL,2006-09-08,2006-09-13,0.0003936223763161273,3,
LH,2006-09-07,2006-09-13,0.003767328078876808,4,
MTB,2006-09-08,2006-09-13,0.004852669034653312,3,
AES,2006-09-12,2006-09-14,0.012897512046939008,2,
ADM,2006-09-12,2006-09-15,0.011357530295785345,3,
D,2006-09-12,2006-09-18,-0.0010916918051872004,4,
EXC,2006-09-13,2006-09-18,0.01532124049750383,3,
GIS,2006-09-14,2006-09-18,0.0021920331996243547,2,
CCE,2006-09-13,2006-09-19,0.0013638911617739335,4,
MON-201806,2006-09-18,2006-09-19,0.04971542589308431,1,
MRO,2006-08-31,2006-09-19,-0.1088512194519261,12,
OXY,2006-09-07,2006-09-19,-0.039939300581752435,8,
SWY-201501,2006-09-18,2006-09-19,0.02120341197264275,1,
WMB,2006-09-15,2006-09-19,0.018458230783562124,2,
EIX,2006-09-11,2006-09-20,-0.009612697879065157,7,
PPL,2006-09-13,2006-09-20,0.0077060593015993994,5,
FITB,2006-09-19,2006-09-21,0.00974014960205305,2,
WIN,2006-09-18,2006-09-21,0.011052793360485813,3,
CAG,2006-09-20,2006-09-22,0.01781560457486342,2,
LUMN,2006-09-20,2006-09-22,0.00873315511996009,2,
F,2006-09-20,2006-09-25,0.03554033002765955,3,
CPB,2006-09-21,2006-09-26,-0.0009015726163623672,3,
MBI,2006-09-25,2006-09-26,0.003057197005192469,1,
PEG,2006-08-31,2006-09-26,-0.08813566709957443,17,
PSKY,2006-09-22,2006-09-26,0.012823812186050887,2,
ATI,2006-09-26,2006-09-27,0.06271540133895925,1,
DE,2006-09-25,2006-09-27,0.0590076456582338,2,
EMR,2006-09-22,2006-09-27,0.011025924866107761,3,
COR,2006-09-22,2006-09-28,0.025410743833715,4,
EQR,2006-09-22,2006-09-28,0.020431279593053242,4,
L,2006-09-26,2006-09-28,0.0152088680637541,2,
RAI-201707,2006-09-21,2006-09-28,0.028471610022630545,5,
HOT-201609,2006-09-27,2006-10-02,0.0058740558302348145,3,
ZBH,2006-10-03,2006-10-04,0.018006445452912967,1,
EA,2006-10-03,2006-10-05,0.03335764516645501,2,
HBAN,2006-10-03,2006-10-05,-0.003253379135727652,2,
K,2006-10-03,2006-10-05,0.01079169000243052,2,
MO,2006-09-26,2006-10-05,0.0027976276169991987,7,
MTB,2006-10-03,2006-10-05,0.008756681890756068,2,
SNV,2006-10-03,2006-10-05,0.00038143055854256147,2,
SYK,2006-09-27,2006-10-05,0.013783072993345247,6,
TMO,2006-10-03,2006-10-05,0.009511522739244604,2,
WBA,2006-09-22,2006-10-05,-0.03517910660767776,9,
GT,2006-10-06,2006-10-09,0.002942580293220809,1,
SWY-201501,2006-10-05,2006-10-11,-0.014456191581697642,4,
ABT,2006-10-05,2006-10-12,-0.0028770985051856934,5,
TXN,2006-10-06,2006-10-12,0.03560793507229287,4,
PBG-201002,2006-10-04,2006-10-13,-0.005666003215773263,7,
PFE,2006-10-10,2006-10-13,-0.0005463684055938556,3,
MON-201806,2006-10-12,2006-10-16,0.020551931290186287,2,
TSN,2006-10-05,2006-10-16,-0.02025020559403179,7,
KO,2006-10-11,2006-10-17,0.000497497380224754,4,
K,2006-10-16,2006-10-18,0.028212914434208924,2,
KEY,2006-10-17,2006-10-18,0.010949038601779204,1,
STZ,2006-10-10,2006-10-18,-0.010989010989011061,6,
HUM,2006-10-16,2006-10-19,0.027879485254278746,3,
KR,2006-10-09,2006-10-19,0.010750229924513244,8,
PEP,2006-10-11,2006-10-19,0.004376995268689843,6,
PG,2006-10-16,2006-10-19,0.010622363262891898,3,
GOOGL,2006-10-19,2006-10-20,0.0900528989585736,1,
CL,2006-10-13,2006-10-23,-0.0069772395768520346,6,
SCHW,2006-10-12,2006-10-23,-0.029529065945942623,7,
AIG,2006-10-23,2006-10-24,0.00554547493323021,1,
GE,2006-10-18,2006-10-24,-0.012306739851493331,4,
SPLS-201709,2006-10-20,2006-10-24,0.01808562954073789,2,
TGT,2006-10-20,2006-10-24,0.026718988881475836,2,
BNY,2006-10-18,2006-10-25,-0.03255976221782986,5,
DRI,2006-10-20,2006-10-25,0.005669744446690883,3,
F,2006-10-18,2006-10-25,0.037674088340849066,5,
NCR,2006-10-24,2006-10-26,0.046729039495766456,2,
AMAT,2006-10-19,2006-10-27,-0.004818874836681308,6,
BF-B,2006-10-11,2006-10-27,-0.02950779202733711,12,
CTAS,2006-10-25,2006-10-27,0.010699857296661008,2,
IP,2006-10-24,2006-10-27,0.008088867605511085,3,
NTAP,2006-10-25,2006-10-27,0.01563447960876574,2,
NTRS,2006-10-23,2006-10-27,0.014460252520852368,4,
TFC,2006-10-24,2006-10-27,0.0059226523062720915,3,
FRX-201406,2006-10-24,2006-10-31,0.016391682851310208,5,
TXT,2006-10-30,2006-10-31,0.018746966243273322,1,
CSCO,2006-10-30,2006-11-01,0.03279627172087762,2,
GEN,2006-10-27,2006-11-01,0.02006571231232579,3,
NOC,2006-10-27,2006-11-01,0.002686705402699552,3,
PBG-201002,2006-10-31,2006-11-02,0.016015333621413497,2,
BDX,2006-10-26,2006-11-03,-0.003548586462295278,6,
CMS,2006-11-01,2006-11-03,0.004700023710913825,2,
JNJ,2006-11-01,2006-11-03,0.0071851978399026795,2,
LLY,2006-10-31,2006-11-03,-0.008875898605869237,3,
SIAL-201511,2006-10-30,2006-11-03,6.554773560818461e-06,4,
GE,2006-11-03,2006-11-07,0.0143579835989045,2,
HOT-201609,2006-10-27,2006-11-07,-0.0006794196719875911,7,
MSI,2006-11-03,2006-11-07,0.0002050989781814394,2,
PCAR,2006-10-30,2006-11-07,-0.0018295027561844313,6,
PFE,2006-11-01,2006-11-07,0.009215497687370844,4,
DOV,2006-10-26,2006-11-08,0.0013377157476073265,9,
DUK,2006-11-07,2006-11-09,0.010069386688533077,2,
FDO-201507,2006-11-02,2006-11-09,-0.029488294132645643,5,
PPL,2006-11-03,2006-11-09,6.700120877378701e-05,4,
SRE,2006-11-07,2006-11-09,0.013134867775714598,2,
AIV,2006-11-03,2006-11-10,-0.010972479451038741,5,
EQR,2006-11-03,2006-11-10,-0.014512133634390634,5,
CAG,2006-11-07,2006-11-13,-0.009825444950282813,4,
EXC,2006-11-08,2006-11-13,0.016424395003367342,3,
FDO-201507,2006-11-10,2006-11-13,0.012598005285391123,1,
M,2006-11-07,2006-11-13,0.029531275776156107,4,
MRK,2006-11-10,2006-11-15,0.019469385792894256,3,
VZ,2006-11-10,2006-11-15,-0.0008955515276427573,3,
WMT,2006-11-07,2006-11-15,-0.00032385470504436853,6,
AMGN,2006-11-10,2006-11-16,-0.0005003099878831962,4,
FTR,2006-11-10,2006-11-17,0.00953126296086615,5,
PEP,2006-11-14,2006-11-17,0.005650103924801142,3,
PG,2006-11-16,2006-11-17,0.00162994175149489,1,
RF,2006-11-16,2006-11-17,-0.007922493354951432,1,
T,2006-11-16,2006-11-20,0.018973626673821853,2,
NUE,2006-11-17,2006-11-21,0.051948051948051965,2,
FE,2006-11-16,2006-11-22,0.003629794944670861,4,
CAG,2006-11-21,2006-11-24,0.002391383907060174,2,
FMCC,2006-11-21,2006-11-24,-0.007579135701882289,2,
TAP,2006-11-21,2006-11-27,-0.002139653080297621,3,
INTU,2006-11-24,2006-11-28,0.014211592065342726,2,
CTAS,2006-11-27,2006-11-30,-0.006935092742774485,3,
WFC,2006-11-24,2006-11-30,0.0013907691752299556,4,
FNMA,2006-11-20,2006-12-01,-0.019163499219862712,8,
MAT,2006-11-24,2006-12-01,-0.018297234397758988,5,
NSC,2006-11-15,2006-12-01,-0.024463008105252038,11,
PBI,2006-11-27,2006-12-01,-0.013764435580152723,4,
UNM,2006-11-28,2006-12-01,0.024488816349604647,3,
WHR,2006-11-20,2006-12-01,-0.013649650651957335,8,
CLX,2006-11-30,2006-12-05,0.009437327137726381,3,
DRI,2006-12-04,2006-12-05,0.02265937400666984,1,
ECL,2006-11-30,2006-12-05,0.010336837046627245,3,
FDX,2006-12-04,2006-12-05,0.004228700554766096,1,
GPS,2006-11-22,2006-12-05,-0.017591783216783008,8,
STT,2006-12-04,2006-12-05,0.007001422581970118,1,
ODP,2006-11-22,2006-12-06,-0.06800989309563543,9,
ADBE,2006-12-07,2006-12-11,0.02194787526980657,2,
AMZN,2006-12-01,2006-12-12,-0.04711382031859235,7,
BAC,2006-12-11,2006-12-12,0.009356053616618842,1,
JNPR,2006-12-08,2006-12-12,0.00997203695854365,2,
ED,2006-12-11,2006-12-13,0.017005589726218462,2,
AAPL,2006-12-08,2006-12-14,0.01882471225186344,4,
EOG,2006-12-12,2006-12-14,0.007483185357918476,2,
WMB,2006-12-12,2006-12-14,0.007506788710572643,2,
DDS,2006-12-08,2006-12-15,0.01664288408686465,5,
EA,2006-12-04,2006-12-15,-0.02693449950375515,9,
F,2006-12-04,2006-12-15,-0.10467822224126,9,
HOG,2006-12-08,2006-12-15,-0.030736688209571872,5,
M,2006-12-12,2006-12-15,0.008237180035595593,3,
QLGC-201608,2006-12-13,2006-12-15,0.02110389610389607,2,
FCX,2006-12-14,2006-12-18,0.009333354337532906,2,
CLX,2006-12-15,2006-12-20,4.452515543640345e-05,3,
EIX,2006-12-15,2006-12-20,0.011473603366320528,3,
EMR,2006-12-18,2006-12-20,0.030272075867502135,2,
GILD,2006-12-15,2006-12-20,0.016541255876062255,3,
UNM,2006-12-15,2006-12-20,-0.01076096122758241,3,
RTX,2006-12-15,2006-12-21,0.01079276036659671,4,
SPG,2006-12-20,2006-12-21,0.011576809653720765,1,
STJ-201701,2006-12-20,2006-12-22,0.01114772324449742,2,
MRSH,2006-12-14,2006-12-26,-0.013994804096110758,7,
EQR,2006-12-20,2006-12-27,0.002927970351464859,4,
TROW,2006-12-21,2006-12-27,0.01246404914691146,3,
WM,2006-12-18,2006-12-27,-0.02902160423623701,6,
CTSH,2006-12-26,2006-12-28,0.01331959552063866,2,
HAR-201703,2006-12-14,2006-12-28,-0.02039435219158714,9,
OMC,2006-12-27,2006-12-28,0.008576689301555307,1,
PDCO,2006-12-21,2006-12-29,-0.01833637031454216,5,
AAPL,2006-12-28,2007-01-03,0.07351779847263429,2,
WAT,2006-12-29,2007-01-03,-0.0060798252042827405,1,
AVP,2007-01-03,2007-01-04,0.012181591081228182,1,
BBWI,2006-12-22,2007-01-04,-0.05325601718070061,6,
DELL-201310,2006-12-29,2007-01-04,0.018661275030701807,2,
AON,2006-12-20,2007-01-05,-0.005612973520091713,9,
VRSN,2006-12-27,2007-01-05,0.015344195518723236,5,
TSN,2007-01-04,2007-01-08,0.0041060088998119415,2,
BDX,2006-12-27,2007-01-09,-0.011105069849298821,7,
DVN,2007-01-04,2007-01-09,-0.005844163381333201,3,
GPS,2007-01-03,2007-01-09,0.019653908150376376,4,
CHK,2006-12-11,2007-01-10,-0.13315118780180557,19,
RTN,2007-01-05,2007-01-10,0.00014029601096243738,3,
NVDA,2007-01-08,2007-01-11,0.03079597081189167,3,
AET-201811,2007-01-05,2007-01-12,0.013337442869255867,5,
EFX,2007-01-04,2007-01-12,-0.004488083821505007,6,
FHN,2007-01-09,2007-01-12,-0.0005194580654392933,3,
AES,2006-12-20,2007-01-16,-0.09288742703175246,15,
USB,2007-01-12,2007-01-17,0.0005250411467467853,2,
CMS,2007-01-12,2007-01-18,0.007938536298805365,3,
FE,2007-01-12,2007-01-18,-0.0004599826528585149,3,
D,2007-01-11,2007-01-19,-0.014120944894440268,5,
EIX,2007-01-09,2007-01-19,-0.013605285044275828,7,
TRV,2007-01-09,2007-01-19,-0.01634535727445008,7,
AEE,2007-01-19,2007-01-22,-0.0035066600275432958,1,
AGN,2007-01-18,2007-01-22,0.028209276172023623,2,
CPB,2007-01-03,2007-01-22,-0.029449461931382093,12,
FHN,2007-01-18,2007-01-23,0.007783870157575423,3,
A,2007-01-17,2007-01-24,-0.02349246681199746,5,
FMCC,2007-01-10,2007-01-24,-0.0019980019980019303,9,
XL-201809,2007-01-10,2007-01-24,-0.017082241207762805,9,
CELG,2007-01-24,2007-01-25,0.012732654799075593,1,
DTE,2007-01-16,2007-01-25,0.013909024126053993,7,
EMC-201609,2007-01-22,2007-01-25,0.030481352966560182,3,
NTAP,2007-01-22,2007-01-25,0.012829127410390218,3,
TER,2007-01-19,2007-01-25,0.06453546453546477,4,
VRSN,2007-01-23,2007-01-25,0.00447419116940706,2,
ZION,2007-01-24,2007-01-25,0.0023380024162666935,1,
UIS,2007-01-25,2007-01-26,0.017912339010545786,1,
AMAT,2007-01-19,2007-01-29,-0.025616117677967676,6,
KATE-201707,2007-01-25,2007-01-30,-0.012403281215611073,3,
VIAB,2007-01-25,2007-01-30,0.00571914989475486,3,
WBA,2007-01-26,2007-01-30,0.005288295775021545,2,
BIIB,2007-01-25,2007-01-31,-0.015167500340047213,4,
DELL-201310,2007-01-22,2007-01-31,-0.025693019254387384,7,
BAC,2007-01-26,2007-02-01,0.002562514861681464,4,
BMS,2007-01-26,2007-02-01,0.024591212602111723,4,
HOT-201609,2007-01-30,2007-02-01,0.042284205860364965,2,
TGNA,2007-01-29,2007-02-01,0.007534647876621614,3,
VFC,2007-01-24,2007-02-01,-0.017345951315548058,6,
EMN,2007-01-30,2007-02-02,0.013753584832408183,3,
HAR-201703,2007-01-30,2007-02-02,0.04070300802186422,3,
MRSH,2007-01-25,2007-02-02,-0.009623915612033351,6,
CCE,2007-02-01,2007-02-05,0.0033519112466480205,2,
HOG,2007-02-01,2007-02-05,0.0037959357841481633,2,
SSP,2007-01-31,2007-02-06,-0.005242176487077477,4,
PNW,2007-02-02,2007-02-07,0.003780313503437327,3,
AAPL,2007-02-06,2007-02-08,0.009583262735851417,2,
CAG,2007-01-31,2007-02-09,-0.008974409720790666,7,
EMC-201609,2007-02-07,2007-02-09,0.05859758383533098,2,
ABT,2007-02-09,2007-02-13,0.003530530228442519,2,
GE,2007-02-09,2007-02-14,0.004150429990164017,3,
MO,2007-02-09,2007-02-14,0.009501558954655653,3,
RAI-201707,2007-02-09,2007-02-14,0.02081073792756727,3,
BC,2007-02-13,2007-02-15,0.02044268949573458,2,
CCL,2007-02-07,2007-02-15,-0.008720788802170087,6,
CVS,2007-02-14,2007-02-15,0.018845497786895704,1,
JNJ,2007-02-14,2007-02-15,0.000894353450596741,1,
MRK,2007-02-01,2007-02-15,-0.024002944028276962,10,
MSFT,2007-02-07,2007-02-15,-0.0005647575407712324,6,
BCR-201712,2007-02-15,2007-02-16,-0.02871954724691983,1,
PEP,2007-02-09,2007-02-16,0.025281068627760472,5,
OMC,2007-02-15,2007-02-20,0.031473663887155556,2,
VTRS,2007-02-15,2007-02-20,0.005756130648678637,2,
AIV,2007-02-15,2007-02-21,0.006823782336854434,3,
IPG,2007-02-14,2007-02-21,0.015609090188079877,4,
BSX,2007-02-07,2007-02-23,-0.02751514124697818,11,
CVX,2007-02-21,2007-02-23,0.013231059488995278,2,
DVN,2007-02-09,2007-02-23,-0.02857075617429916,9,
D,2007-02-21,2007-02-26,0.018613188136774372,3,
HRB,2007-02-21,2007-02-26,-0.0033105334481060567,3,
BMY,2007-02-22,2007-02-27,-0.006056372736295446,3,
DUK,2007-02-23,2007-02-27,-0.006536674747832261,2,
KO,2007-02-23,2007-02-27,-0.0061850664327984806,2,
MCO,2007-02-27,2007-03-02,0.01308396737829387,3,
BEN,2007-02-27,2007-03-07,-0.04119722452505814,6,
IBM,2007-03-02,2007-03-07,0.019372306759082303,3,
PDCO,2007-02-23,2007-03-07,-0.06233703849372296,8,
PFE,2007-02-23,2007-03-07,-0.02319110837782734,8,
UNM,2007-02-27,2007-03-07,-0.01405005678804172,6,
FDO-201507,2007-02-26,2007-03-08,-0.047000744613476586,8,
STJ-201701,2007-02-22,2007-03-08,-0.02520161016327216,10,
HD,2007-02-26,2007-03-09,-0.04145248794272982,9,
MAS,2007-02-15,2007-03-09,-0.09344209978514906,15,
MKC,2007-03-07,2007-03-09,0.012881378499901341,2,
AVY,2007-03-07,2007-03-12,0.01145475889154235,3,
CL,2007-03-07,2007-03-12,-0.0018482791312939284,3,
JNJ,2007-02-22,2007-03-12,-0.03821222907420185,12,
KATE-201707,2007-03-07,2007-03-13,-0.008273282376682234,4,
TEG-201506,2007-03-07,2007-03-13,0.009278856736483654,4,
PG,2007-03-14,2007-03-16,0.01085322068706951,2,
AET-201811,2007-03-14,2007-03-19,0.010297234146606549,3,
ELV,2007-03-12,2007-03-19,0.005373916124571165,5,
ADSK,2007-03-14,2007-03-20,0.00947636019981668,4,
AIG,2007-03-14,2007-03-20,0.0005083572941337877,4,
EMC-201609,2007-03-08,2007-03-20,-0.015607120152574594,8,
HD,2007-03-14,2007-03-20,0.007907134601953247,4,
LOW,2007-03-14,2007-03-20,0.00806641207791281,4,
XL-201809,2007-03-16,2007-03-20,0.008675069267170432,2,
PBI,2007-03-14,2007-03-21,-0.010291066266931881,5,
SWK,2007-03-19,2007-03-21,0.007396227256352361,2,
FIS,2007-03-19,2007-03-22,0.0064268133762461765,3,
MXIM,2007-03-20,2007-03-22,0.019444063045958693,2,
NYT,2007-03-22,2007-03-26,0.02032292255297019,2,
FDO-201507,2007-03-29,2007-03-30,-0.00944241800214829,1,
BRCM-201601,2007-03-23,2007-04-02,0.01165876920996789,6,
DE,2007-03-29,2007-04-02,0.007965254488801143,2,
KATE-201707,2007-03-28,2007-04-02,0.017724418438704204,3,
ESRX-201812,2007-03-29,2007-04-03,0.00128050559976578,3,
HAR-201703,2007-04-02,2007-04-03,0.012578161428378865,1,
CTSH,2007-04-03,2007-04-04,0.03137264656048244,1,
GD,2007-04-02,2007-04-04,0.012227426348600412,2,
HAS,2007-03-28,2007-04-04,-0.02555168249734463,5,
OMC,2007-03-28,2007-04-04,0.0004404313507535562,5,
RHI,2007-04-02,2007-04-04,0.005288666461845892,2,
WY,2007-03-13,2007-04-04,-0.04541113078891923,16,
ALL,2007-03-29,2007-04-05,-0.007310050242653743,5,
LLTC-201703,2007-03-28,2007-04-05,-0.02472873387000818,6,
PAYX,2007-03-30,2007-04-05,-0.008520890873831899,4,
COP,2007-04-04,2007-04-10,0.01574951067026742,3,
GE,2007-04-09,2007-04-12,-0.00029207277956355693,3,
CTSH,2007-04-12,2007-04-13,0.040807837476200426,1,
AIG,2007-04-12,2007-04-16,-0.0009552951603258863,2,
FHN,2007-04-03,2007-04-16,-0.010164221959119368,8,
SPGI,2007-04-05,2007-04-16,-0.0005380306636886267,6,
SWK,2007-04-12,2007-04-16,0.007768616154202768,2,
CCL,2007-04-11,2007-04-17,0.014924614092810984,4,
GL,2007-04-12,2007-04-17,0.017036630375696582,3,
PCAR,2007-04-16,2007-04-17,0.013158042579172635,1,
SNA,2007-04-12,2007-04-17,0.017945259282149406,3,
UNH,2007-04-16,2007-04-17,0.03267578690591599,1,
AIV,2007-04-12,2007-04-18,0.010522607569624531,4,
COL-201811,2007-04-12,2007-04-18,-0.002755786354875167,4,
TER,2007-04-16,2007-04-19,0.05304331108677385,3,
WIN,2007-04-13,2007-04-19,0.00412053886168362,4,
AAPL,2007-04-16,2007-04-23,0.00924131922896887,5,
DVN,2007-04-20,2007-04-23,0.012733159055457355,1,
MAT,2007-04-17,2007-04-23,-0.012393829981227289,4,
VLO,2007-04-20,2007-04-23,0.02248154311499362,1,
CHK,2007-04-20,2007-04-24,0.005601769537194601,2,
ESV,2007-04-20,2007-04-25,0.0033144168606726865,3,
GLW,2007-04-24,2007-04-25,0.06453544284272628,1,
WAT,2007-04-25,2007-04-26,0.005547388745647197,1,
HAL,2007-04-23,2007-04-27,-0.00482877203894172,4,
DHR,2007-04-27,2007-04-30,0.01326150080082833,1,
A,2007-04-30,2007-05-02,0.030149282061999294,2,
ELV,2007-04-26,2007-05-02,0.023854275495627464,4,
CAH,2007-04-27,2007-05-03,0.002512736999581877,4,
AIV,2007-05-02,2007-05-04,0.01695603047910521,2,
CME,2007-04-25,2007-05-04,-0.0261115720642775,7,
MKC,2007-04-30,2007-05-04,0.0001418580186760554,4,
NSC,2007-04-27,2007-05-04,0.016695070509927357,5,
SPLS-201709,2007-04-27,2007-05-04,-0.010541209762999548,5,
UIS,2007-04-27,2007-05-04,-0.014288667459949278,5,
MAR,2007-04-26,2007-05-07,-0.050905264859291144,7,
RL,2007-05-02,2007-05-07,0.010547770883355678,3,
SYK,2007-04-30,2007-05-07,0.004235765183260742,5,
TROW,2007-05-04,2007-05-07,0.016356518501206674,1,
M,2007-05-04,2007-05-08,-0.0026872018742074566,2,
CCL,2007-05-09,2007-05-10,0.014417944381403425,1,
FRX-201406,2007-05-03,2007-05-10,-0.013057753666318672,5,
TER,2007-05-09,2007-05-10,0.02041570485626054,1,
FISV,2007-05-08,2007-05-11,-0.003911760025333333,3,
CTSH,2007-05-04,2007-05-14,-0.05016680799204698,6,
D,2007-05-09,2007-05-14,0.01124048675766498,3,
JCI,2007-05-09,2007-05-14,0.013226800305391473,3,
NEE,2007-05-09,2007-05-14,0.018125582681672636,3,
SWY-201501,2007-05-10,2007-05-14,0.013600210531157009,2,
CPB,2007-05-10,2007-05-15,0.0062970716330266185,3,
CAH,2007-05-14,2007-05-16,0.022769886336932554,2,
SRE,2007-05-11,2007-05-16,0.01136237680422214,3,
AVP,2007-05-10,2007-05-17,-0.02707887936804665,5,
CLX,2007-05-14,2007-05-17,0.004745323495706888,3,
DHR,2007-05-14,2007-05-17,0.0007935811804831161,3,
HSY,2007-05-14,2007-05-17,-0.005042428405525157,3,
JCP,2007-05-14,2007-05-18,0.03958000078296964,4,
MRSH,2007-05-09,2007-05-18,-0.01843123496392518,7,
TGT,2007-05-17,2007-05-18,-0.0014809235716305436,1,
HAS,2007-05-17,2007-05-21,0.020385919197435154,2,
JWN,2007-05-17,2007-05-21,0.005202316195291434,2,
MAT,2007-05-17,2007-05-21,0.007772604206515821,2,
TAP,2007-05-15,2007-05-21,0.023204069090211332,4,
EL,2007-05-04,2007-05-22,-0.008261597034910695,12,
BXP,2007-05-18,2007-05-23,0.00824586364204749,3,
EBAY,2007-05-21,2007-05-23,0.011125603885409285,2,
NYT,2007-05-16,2007-05-23,0.008876053099061476,5,
SNA,2007-05-21,2007-05-23,0.016009573025058232,2,
SPG,2007-05-18,2007-05-23,0.014361149806863205,3,
MDT,2007-05-21,2007-05-24,0.03179264132104942,3,
CHRW,2007-05-16,2007-05-30,-0.030399530643718697,9,
DDR,2007-05-18,2007-05-30,-0.018270658088039293,7,
KLAC,2007-05-21,2007-05-30,-0.0007004567236522652,6,
CNP,2007-05-24,2007-05-31,-0.007182447738664277,4,
DUK,2007-05-24,2007-05-31,-0.02541591947722477,4,
ETR,2007-05-23,2007-05-31,-0.03471656909065257,5,
TEG-201506,2007-05-23,2007-05-31,-0.023760213280275666,5,
TXN,2007-05-23,2007-05-31,-0.0014298125245543192,5,
BAX,2007-05-31,2007-06-01,0.003964426236164664,1,
PCG,2007-05-30,2007-06-01,-0.0030070887060935636,2,
UNM,2007-05-30,2007-06-01,0.01794671309347118,2,
XLNX,2007-05-22,2007-06-01,-0.01850527143428593,7,
CELG,2007-05-31,2007-06-04,0.005754724317598825,2,
HUM,2007-05-23,2007-06-04,-0.020681299664935593,7,
MAT,2007-05-31,2007-06-04,0.0037562382685671913,2,
MCD,2007-05-31,2007-06-04,0.003913149610404787,2,
TRV,2007-05-30,2007-06-04,0.0029845642022710006,3,
WAT,2007-06-05,2007-06-07,0.01841373006579139,2,
APOL-201702,2007-06-01,2007-06-11,-0.0034473824930255637,6,
BDX,2007-06-01,2007-06-11,-0.008484243904052668,6,
COST,2007-06-06,2007-06-11,0.005581795915615251,3,
CVS,2007-06-07,2007-06-11,0.012713879998307531,2,
ELV,2007-06-01,2007-06-11,-0.0007725762369723554,6,
ITW,2007-06-06,2007-06-11,0.009855226597766276,3,
MRK,2007-05-31,2007-06-12,-0.03183001494556559,8,
WYND,2007-06-11,2007-06-12,-0.016563436563436507,1,
HSH-201408,2007-06-11,2007-06-13,0.007110972313482566,2,
AON,2007-06-11,2007-06-14,0.012122413357661843,3,
FII,2007-06-11,2007-06-14,0.019795916467021835,3,
HAS,2007-06-13,2007-06-14,0.02581518092033397,1,
NKE,2007-06-11,2007-06-14,0.0007949425317030911,3,
PCG,2007-06-06,2007-06-14,-0.025284693076774722,6,
TEG-201506,2007-06-06,2007-06-14,-0.03226271982015405,6,
TMO,2007-06-13,2007-06-14,0.027013684848341324,1,
ZBH,2007-06-01,2007-06-14,-0.03089770504597522,9,
DIS,2007-06-13,2007-06-15,0.01587661519516237,2,
CI,2007-06-14,2007-06-18,0.029143224905000098,2,
MCO,2007-06-14,2007-06-18,0.01786647706217548,2,
HUM,2007-06-15,2007-06-19,0.010700923890112346,2,
MAT,2007-06-11,2007-06-19,-0.014210634481877649,6,
CAH,2007-06-14,2007-06-20,-0.0008650094358715332,4,
HAR-201703,2007-06-18,2007-06-20,0.003784558999283316,2,
CL,2007-06-20,2007-06-21,-0.00783426164472567,1,
MDP,2007-06-14,2007-06-21,-0.012812514995921065,5,
NYT,2007-06-21,2007-06-22,-0.008960744865475045,1,
AET-201811,2007-06-18,2007-06-27,-0.027131108035331586,7,
CPWR-201412,2007-06-22,2007-06-27,0.03526073926073936,3,
ELV,2007-06-21,2007-06-27,-0.0058503017397194546,4,
MCK,2007-06-19,2007-06-27,-0.02180165032176895,6,
UNH,2007-06-20,2007-06-27,-0.03319150059574749,5,
BAX,2007-06-27,2007-06-28,0.0381515006816775,1,
COR,2007-06-21,2007-06-28,0.001405454863239175,5,
MS,2007-06-27,2007-06-28,0.020113401277129794,1,
TMO,2007-06-27,2007-06-28,0.015307275326587266,1,
ADBE,2007-06-21,2007-06-29,-0.019167386466714786,6,
AVP,2007-06-21,2007-06-29,-0.012187168017366634,6,
BCR-201712,2007-06-27,2007-06-29,0.013374795260192807,2,
ETN,2007-06-27,2007-06-29,0.018115850515283416,2,
KMB,2007-06-20,2007-07-02,-0.02037418878415853,8,
PH,2007-06-28,2007-07-02,0.011781728993077945,2,
RVTY,2007-06-28,2007-07-02,0.016678041250194786,2,
VZ,2007-06-28,2007-07-02,0.009220997202332937,2,
CAT,2007-06-29,2007-07-03,0.00014912700254066102,2,
EMR,2007-07-02,2007-07-03,0.010742416639679009,1,
ETFC,2007-06-21,2007-07-03,-0.04709353146853146,8,
JNS-201705,2007-07-02,2007-07-03,0.03474260253021333,1,
MRO,2007-06-29,2007-07-03,0.023507407678883485,2,
VLO,2007-06-29,2007-07-03,1.4044855586758942e-05,2,
XRX,2007-06-29,2007-07-03,-0.0030625196679217037,2,
AIG,2007-06-28,2007-07-05,-0.011173409334653939,4,
NYT,2007-07-03,2007-07-10,-0.0019980019980018193,4,
ADSK,2007-07-09,2007-07-12,-0.004415549438679833,3,
HSH-201408,2007-07-11,2007-07-12,0.021101154038839498,1,
MCK,2007-07-11,2007-07-12,0.013561046871582771,1,
ABT,2007-07-11,2007-07-13,0.010838089403074624,2,
AN,2007-07-11,2007-07-13,-0.011511456509471607,2,
ETR,2007-07-11,2007-07-13,0.03729724808417045,2,
FNMA,2007-07-11,2007-07-13,0.030426960390139923,2,
GEN,2007-07-10,2007-07-13,0.009773280191300637,3,
MRK,2007-07-11,2007-07-13,0.04018561440774926,2,
CB,2007-07-12,2007-07-16,0.004037625191237737,2,
NBR,2007-07-06,2007-07-16,-0.021039227277870443,6,
CPWR-201412,2007-07-12,2007-07-18,0.05424186469268455,4,
ESV,2007-07-17,2007-07-19,0.00772279668383602,2,
WYND,2007-07-18,2007-07-20,0.029147243529875855,2,
PEP,2007-07-20,2007-07-24,0.010247468576111807,2,
SLM,2007-07-12,2007-07-25,-0.011386466257795047,9,
F,2007-07-19,2007-07-30,-0.049902106603984864,7,
DRI,2007-07-19,2007-07-31,-0.030292440954627575,8,
HD,2007-07-20,2007-07-31,-0.035854276165234844,7,
PLL-201508,2007-07-23,2007-07-31,0.023493133372651798,6,
ADI,2007-07-25,2007-08-02,-0.027338912208011434,6,
CAG,2007-07-31,2007-08-02,0.02034527254267382,2,
ITW,2007-07-30,2007-08-02,0.04226297764771081,3,
MRSH,2007-07-23,2007-08-02,-0.06963117008028274,8,
AGN,2007-08-02,2007-08-03,-0.0026159598915015403,1,
BAX,2007-07-20,2007-08-03,-0.01583917132217083,10,
DXC,2007-07-31,2007-08-03,-0.011118570387221194,3,
LH,2007-07-24,2007-08-03,-0.021556661465341853,8,
LNC,2007-07-19,2007-08-03,-0.11126829375004554,11,
EL,2007-07-31,2007-08-07,-0.0263660246230063,5,
GS,2007-07-20,2007-08-07,-0.11662722456095853,12,
BKR,2007-08-03,2007-08-08,0.009107964693822357,3,
ESV,2007-08-02,2007-08-09,-0.058937609578846084,5,
HES,2007-08-07,2007-08-09,0.044135712608085464,2,
MUR,2007-08-03,2007-08-09,-0.02101382668256291,4,
RDC,2007-08-03,2007-08-09,-0.04543280631324642,4,
RIG,2007-08-02,2007-08-09,-0.04829800797235917,5,
SLB,2007-08-07,2007-08-09,0.0582948687213789,2,
WHR,2007-08-02,2007-08-09,-0.020017478950447587,5,
ETN,2007-08-10,2007-08-13,0.08809934613217596,1,
TXT,2007-08-10,2007-08-13,0.06702375557397144,1,
NCR,2007-08-10,2007-08-14,0.0357088496718887,2,
RRD,2007-08-06,2007-08-14,-0.05144984565485056,6,
TEX,2007-08-10,2007-08-14,0.08307306906707934,2,
DGX,2007-08-15,2007-08-20,0.010902335100071436,3,
MMM,2007-08-13,2007-08-20,0.0024676012929196744,5,
PCP-201601,2007-08-15,2007-08-20,0.03238847569236669,3,
TXN,2007-08-10,2007-08-20,0.010172800786040437,6,
AAPL,2007-08-13,2007-08-21,-0.04951814864135684,6,
BA,2007-08-10,2007-08-21,-0.003233230161727496,7,
HAL,2007-08-06,2007-08-21,-0.08131316416178103,11,
HON,2007-08-13,2007-08-21,-0.011714556219559524,6,
VFC,2007-08-15,2007-08-21,-0.021747600723600713,4,
CAT,2007-08-20,2007-08-22,0.029185269197213648,2,
HSP-201509,2007-08-10,2007-08-22,-0.001210105683789764,8,
EBAY,2007-08-29,2007-08-31,0.02390065665278418,2,
FNMA,2007-08-29,2007-09-04,0.013654536134836137,3,
KO,2007-08-29,2007-09-04,0.0015476040359594379,3,
WFC,2007-08-29,2007-09-04,0.02990421504308216,3,
ADP,2007-08-29,2007-09-05,-0.013409893945977802,4,
LLTC-201703,2007-08-29,2007-09-05,0.006776927644454256,4,
AON,2007-09-10,2007-09-12,0.014686257114707724,2,
BF-B,2007-09-10,2007-09-12,0.005050367130397415,2,
COST,2007-09-10,2007-09-12,0.020028287001969236,2,
EMN,2007-09-10,2007-09-12,0.00823467364621,2,
LMT,2007-09-10,2007-09-12,0.006241389305802869,2,
MCK,2007-09-04,2007-09-12,-0.022193387948268195,6,
MO,2007-09-10,2007-09-13,0.01260783542422561,3,
SHW,2007-09-10,2007-09-14,0.010720141416815654,4,
VLO,2007-09-13,2007-09-14,0.01782194122442049,1,
YUM,2007-09-10,2007-09-14,0.0008221560462866595,4,
APOL-201702,2007-09-14,2007-09-19,0.011766309993069823,3,
FNMA,2007-09-18,2007-09-19,0.047811055711672434,1,
LUMN,2007-09-11,2007-09-19,-0.02779000353058192,6,
MCHP,2007-09-14,2007-09-19,0.0012527898935039694,3,
UNM,2007-09-18,2007-09-19,0.031004196087500047,1,
VRSN,2007-09-14,2007-09-19,0.050060666682870236,3,
GLW,2007-09-18,2007-09-20,0.013530158751251964,2,
HAR-201703,2007-09-18,2007-09-20,0.01059621827604551,2,
ADBE,2007-09-25,2007-09-26,0.042266311090608744,1,
CI,2007-09-21,2007-09-27,0.04114941792619553,4,
K,2007-09-26,2007-09-28,0.011574101329314468,2,
LH,2007-09-26,2007-10-01,0.02710552664030197,3,
PPL,2007-09-28,2007-10-02,0.01587664582375936,2,
STJ-201701,2007-09-26,2007-10-02,0.015025002289045908,4,
VLO,2007-10-01,2007-10-03,0.004563895620051328,2,
PAYX,2007-10-01,2007-10-05,0.013633928008073282,4,
CSCO,2007-10-05,2007-10-08,0.0038652944824724145,1,
DGX,2007-10-05,2007-10-09,0.006625215459747924,2,
COP,2007-10-03,2007-10-10,-0.00235271890610822,5,
EBAY,2007-10-09,2007-10-10,0.020145092734707548,1,
RAI-201707,2007-10-04,2007-10-10,-0.00820666014476834,4,
BALL,2007-10-15,2007-10-18,0.028889806763551018,3,
ETN,2007-10-12,2007-10-18,-0.025317289324884973,4,
MDLZ,2007-10-12,2007-10-18,-0.001405350672935346,4,
SNDK-201605,2007-10-08,2007-10-18,-0.05238666114074042,8,
AGN,2007-10-10,2007-10-19,-0.020744298681261264,7,
BA,2007-10-08,2007-10-19,-0.06694642835954334,9,
PCL-201602,2007-10-09,2007-10-19,-0.04330103748843572,8,
ABT,2007-10-11,2007-10-23,-0.04937032620107995,8,
ACAS-201701,2007-10-18,2007-10-24,-0.018244546151522822,4,
PDCO,2007-10-18,2007-10-24,-0.01428995532769095,4,
QCOM,2007-10-12,2007-10-24,-0.028809256701785912,8,
ROK,2007-10-19,2007-10-25,0.004655299534449986,4,
TGT,2007-10-19,2007-10-25,-0.008077543817948007,4,
VLO,2007-10-24,2007-10-25,0.041271744103708485,1,
ANF,2007-10-19,2007-10-26,-0.0050365146980591025,5,
COP,2007-10-25,2007-10-26,0.0340830783095698,1,
EOG,2007-10-24,2007-10-26,0.06176470268535317,2,
HON,2007-10-23,2007-10-26,0.030206845234661772,3,
BAC,2007-10-18,2007-10-29,-0.004470321923153109,7,
DXC,2007-10-25,2007-10-29,0.003971751755553976,2,
EBAY,2007-10-26,2007-10-29,0.02725667107776042,1,
FNMA,2007-10-18,2007-10-29,-0.03469586297953653,7,
MMM,2007-10-24,2007-10-29,0.004042065989730004,3,
TFC,2007-10-15,2007-10-29,-0.07952224333882729,10,
ADP,2007-10-26,2007-10-30,0.03992403186764126,2,
CMI,2007-10-26,2007-11-01,0.03357364637546967,4,
INTU,2007-10-31,2007-11-01,0.0159148368553359,1,
NVDA,2007-10-30,2007-11-01,0.026592168698235774,2,
BRCM-201601,2007-10-29,2007-11-06,-0.025400245346816952,6,
RVTY,2007-11-02,2007-11-06,0.005601033897567609,2,
FLR,2007-11-05,2007-11-07,-0.02379541021878817,2,
KO,2007-11-06,2007-11-07,0.006430266855906197,1,
VRSN,2007-11-02,2007-11-08,0.03144583837437054,4,
BDX,2007-11-02,2007-11-09,-0.011238814007489273,5,
HCBK-201510,2007-11-05,2007-11-09,0.02371401763085057,4,
MRK,2007-11-08,2007-11-12,0.02457382977990008,2,
BALL,2007-10-26,2007-11-14,-0.07755958085297388,13,
EBAY,2007-11-06,2007-11-14,-0.031350945208541425,6,
GE,2007-11-08,2007-11-14,0.01582346080452579,4,
IBM,2007-11-09,2007-11-14,0.009416477269111434,3,
MSFT,2007-11-09,2007-11-14,0.014191415169681143,3,
VZ,2007-11-08,2007-11-14,0.012345129364536911,4,
EXPE,2007-11-07,2007-11-16,-0.023772586011168717,7,
ADBE,2007-11-12,2007-11-19,-0.0340058968574084,5,
EMC-201609,2007-11-07,2007-11-19,-0.146134374843769,8,
STZ,2007-11-08,2007-11-19,-0.03409749983290644,7,
EIX,2007-11-16,2007-11-21,-0.0010914006597936288,3,
APD,2007-11-20,2007-11-26,0.00697644043740997,3,
CIEN,2007-11-20,2007-11-26,0.01781035758667482,3,
COL-201811,2007-11-20,2007-11-26,0.007510774219475325,3,
NOC,2007-11-21,2007-11-26,0.022440253897917373,2,
PCL-201602,2007-11-21,2007-11-26,0.067111056772033,2,
SIAL-201511,2007-11-20,2007-11-26,-0.0014047771131184827,3,
CMI,2007-11-20,2007-11-28,0.03400416005969631,5,
DGX,2007-11-23,2007-11-28,0.02081452298555475,3,
JNS-201705,2007-11-21,2007-11-28,-0.013561591289302788,4,
CTXS,2007-11-14,2007-11-29,-0.05963337574279792,10,
AVP,2007-12-05,2007-12-07,0.05627578818744072,2,
CVS,2007-12-05,2007-12-07,0.014745291439808739,2,
RIG,2007-12-06,2007-12-07,0.056143439539013906,1,
AON,2007-12-11,2007-12-13,-0.007260274239254461,2,
CCE,2007-12-12,2007-12-13,0.016133155943582445,1,
HUM,2007-12-12,2007-12-13,-0.0060463949614294465,1,
WAT,2007-12-12,2007-12-13,-0.003754819208271698,1,
VRSN,2007-12-14,2007-12-19,-0.002268154954326196,3,
CVS,2007-12-17,2007-12-20,0.004112159810582883,3,
EMC-201609,2007-12-19,2007-12-20,0.03418497087328243,1,
TE-201606,2007-12-17,2007-12-20,0.010902141336924132,3,
A,2007-12-12,2007-12-21,-0.02352040800158961,7,
AEP,2007-12-13,2007-12-21,0.0013771863926594907,6,
ETR,2007-12-13,2007-12-21,0.024150891722064083,6,
NOC,2007-12-20,2007-12-21,0.020199390260887462,1,
RAI-201707,2007-12-12,2007-12-21,-0.018691853600944497,7,
APOL-201702,2007-12-21,2007-12-24,0.016380383009847455,1,
HAL,2007-12-20,2007-12-24,0.03217830796954968,2,
K,2007-12-21,2007-12-24,0.006869581924821677,1,
MCD,2007-12-20,2007-12-24,0.014871538241620907,2,
MDLZ,2007-12-17,2007-12-24,0.008689627418039247,5,
PH,2007-12-17,2007-12-24,-0.0008192074733813781,5,
DGX,2007-12-14,2007-12-26,-0.012395815754807749,7,
EXPE,2007-12-21,2007-12-26,-0.005697698560584885,2,
UNP,2007-12-21,2007-12-26,0.02560171925371213,2,
CNP,2007-12-21,2007-12-28,-0.0002880793925033043,4,
LMT,2008-01-02,2008-01-04,0.011778018270325319,2,
KO,2008-01-02,2008-01-07,0.008558531873470887,3,
BF-B,2008-01-03,2008-01-08,0.025393821611810363,3,
JNJ,2008-01-03,2008-01-08,0.017734403219686223,3,
SWY-201501,2008-01-02,2008-01-10,-0.03504055276689311,6,
AON,2008-01-04,2008-01-11,-0.0035428899548407555,5,
AVP,2008-01-02,2008-01-11,-0.015918902299830284,7,
PCL-201602,2008-01-07,2008-01-11,-0.02016087360914931,4,
SYK,2008-01-11,2008-01-14,0.054323297086689815,1,
INTC,2008-01-03,2008-01-15,-0.09522880588365179,8,
MTW,2008-01-10,2008-01-15,0.0486197761018452,3,
CLX,2008-01-03,2008-01-17,-0.02841662743819462,10,
EMR,2008-01-11,2008-01-23,-0.0694717977474758,7,
GME,2008-01-08,2008-01-23,-0.14124594409503133,10,
EA,2008-01-08,2008-01-25,-0.08263906165617918,12,
EXPE,2008-01-03,2008-01-25,-0.2125318209004109,15,
MO,2008-01-23,2008-01-25,0.04108023105479419,2,
AMZN,2008-01-11,2008-01-28,-0.08656034000845758,10,
BCR-201712,2008-01-25,2008-01-29,0.027655300728874677,2,
ESRX-201812,2008-01-25,2008-01-29,-0.0016844606854029553,2,
HUM,2008-01-25,2008-01-29,0.030438670287715297,2,
NEE,2008-01-17,2008-01-29,-0.07192175627740682,7,
UNH,2008-01-03,2008-01-29,-0.08166228098804418,17,
ELV,2008-01-16,2008-01-30,-0.08652165384273114,9,
SO,2008-01-23,2008-01-31,0.006383314942368878,6,
AEE,2008-01-15,2008-02-01,-0.1270658372870297,12,
PG,2008-01-14,2008-02-01,-0.06310340296614281,13,
AFL,2008-02-06,2008-02-08,0.007787951750598765,2,
HES,2008-02-07,2008-02-11,0.08730784456087459,2,
MON-201806,2008-02-08,2008-02-11,0.049193809342820805,1,
NEM,2008-02-06,2008-02-11,0.019025119918632427,3,
DE,2008-02-08,2008-02-12,0.039534537081364673,2,
COST,2008-02-07,2008-02-13,0.013783367132107704,4,
HUM,2008-02-08,2008-02-20,-0.054986839455070546,7,
MO,2008-02-06,2008-02-20,-0.01625705166288316,9,
HCBK-201510,2008-02-20,2008-02-22,0.04176255681491292,2,
UNP,2008-02-20,2008-02-25,0.022738332582085796,3,
ABT,2008-02-25,2008-02-26,0.007841723356256214,1,
FE,2008-02-22,2008-02-26,0.012548420392741733,2,
NSC,2008-02-22,2008-02-26,0.02851441407816835,2,
AABA,2008-02-22,2008-02-28,-0.01543981721684251,4,
LH,2008-03-03,2008-03-05,0.021961309230188464,2,
MCD,2008-03-04,2008-03-06,0.011962665776230619,2,
RTN,2008-03-03,2008-03-06,-0.0029157049846704197,3,
CL,2008-03-10,2008-03-12,0.023348948689288607,2,
FII,2008-03-04,2008-03-12,0.04860000139720433,6,
HCBK-201510,2008-03-07,2008-03-12,0.07069111990371857,3,
STT,2008-03-03,2008-03-12,-0.004051550996020725,7,
BDX,2008-03-07,2008-03-13,0.000904774552356935,4,
TMO,2008-03-04,2008-03-13,-0.044450736025691384,7,
VAR,2008-03-05,2008-03-13,-0.07048833519421727,6,
J,2008-03-10,2008-03-14,-0.012646780504559807,4,
QCOM,2008-03-04,2008-03-14,-0.01493367939032808,8,
SNA,2008-03-05,2008-03-14,-0.024569915597527303,7,
MO,2008-03-17,2008-03-25,0.014158227740327378,5,
AVP,2008-03-31,2008-04-02,0.040020454156713514,2,
GPS,2008-03-31,2008-04-02,0.039883351039953,2,
MO,2008-04-07,2008-04-11,-0.014387013322581188,4,
SNA,2008-04-10,2008-04-16,0.019115494600366878,4,
BCR-201712,2008-04-11,2008-04-17,0.0032447065437191114,4,
DHI,2008-04-10,2008-04-17,0.029989240745513124,5,
EQR,2008-04-10,2008-04-17,0.020650652422248283,5,
HCBK-201510,2008-04-11,2008-04-17,0.029457648368823364,4,
JPM,2008-04-11,2008-04-17,0.021500670716271264,4,
TJX,2008-04-11,2008-04-17,0.01897804573880424,4,
TMO,2008-04-11,2008-04-17,-0.008136222676305982,4,
TSS,2008-04-16,2008-04-17,0.0062126273561899925,1,
HSP-201509,2008-04-11,2008-04-21,-0.02242355455111278,6,
STT,2008-04-10,2008-04-25,-0.12815916116506365,11,
AABA,2008-04-25,2008-04-30,0.0072771095075929715,3,
ZBH,2008-04-24,2008-04-30,0.03125503481027714,4,
MUR,2008-04-25,2008-05-01,-0.016931786486033218,4,
XOM,2008-04-30,2008-05-01,-0.02525768566775244,1,
KO,2008-04-30,2008-05-02,0.004290480045649803,2,
ESV,2008-04-30,2008-05-05,0.021171027330218806,3,
MON-201806,2008-04-25,2008-05-05,-0.03855272634342399,6,
CL,2008-04-21,2008-05-06,-0.052823657626537734,11,
HAL,2008-04-30,2008-05-06,0.015611191524264267,4,
PSA,2008-05-01,2008-05-06,0.005663747844099731,3,
ADM,2008-05-02,2008-05-07,0.040800004647125965,3,
MUR,2008-05-05,2008-05-07,0.025331496784628316,2,
NOV,2008-04-30,2008-05-07,0.020393054866817195,5,
SIAL-201511,2008-04-25,2008-05-07,-0.015286522968325666,8,
WMT,2008-05-07,2008-05-09,0.00793412169647123,2,
JCI,2008-05-07,2008-05-13,0.016320148243011534,4,
SEE,2008-05-01,2008-05-13,-0.062285156167418476,8,
JNJ,2008-05-12,2008-05-15,0.00384713699651984,3,
AVP,2008-05-21,2008-05-27,-0.0009562462589602916,3,
COST,2008-05-22,2008-05-27,0.02818783501426969,2,
AMT,2008-05-22,2008-05-28,0.013289137590615896,3,
BIG,2008-05-22,2008-05-28,0.034395303944176225,3,
YUM,2008-05-22,2008-05-28,0.014579226432835268,3,
ASH,2008-05-27,2008-05-29,0.07813082533185023,2,
CMI,2008-05-28,2008-05-29,0.03993363214647161,1,
EXPD,2008-05-22,2008-05-29,0.001063149825890175,4,
MCD,2008-05-27,2008-05-29,0.012315865308491158,2,
TEX,2008-05-28,2008-05-29,0.029149594826647363,1,
TSS,2008-05-22,2008-05-29,0.027403716615334694,4,
HRB,2008-05-21,2008-05-30,-0.0007019482672012689,6,
JNJ,2008-05-21,2008-05-30,0.006549377335459017,6,
F,2008-05-22,2008-06-02,-0.08727452602896091,6,
AABA,2008-06-03,2008-06-05,0.0010273924635426646,2,
MCHP,2008-06-04,2008-06-05,0.0002491691244166372,1,
BF-B,2008-06-04,2008-06-06,0.06127031715863218,2,
CSX,2008-06-05,2008-06-06,0.0275232471952509,1,
ETR,2008-06-04,2008-06-06,0.014764425651257351,2,
GLW,2008-06-05,2008-06-06,0.00473515625355736,1,
NTRS,2008-06-05,2008-06-06,0.015836831357350478,1,
RIG,2008-06-04,2008-06-06,0.033345491337728905,2,
SSP,2008-06-05,2008-06-10,-0.008230138564248368,3,
CMI,2008-06-09,2008-06-13,0.03451790756007522,4,
GL,2008-06-05,2008-06-13,-0.007919420826355217,6,
THC,2008-06-09,2008-06-13,-0.003739755640467579,4,
CMCSA,2008-06-13,2008-06-16,-0.001534430186907687,1,
GD,2008-06-05,2008-06-16,-0.03248593491198937,7,
GILD,2008-06-13,2008-06-16,0.0030670542509694254,1,
IPG,2008-06-09,2008-06-16,-0.03526473526473528,5,
PH,2008-06-06,2008-06-16,-0.012918193873590389,6,
AZO,2008-06-09,2008-06-17,-0.014661989908274387,6,
CA-201811,2008-06-11,2008-06-17,-0.013828475981545685,4,
HRB,2008-06-13,2008-06-17,0.0992090931297771,2,
TER,2008-06-06,2008-06-17,-0.07006155465563002,7,
ADM,2008-05-28,2008-06-20,-0.19802974634970993,17,
WMT,2008-06-23,2008-06-25,0.012460645082251087,2,
PGR,2008-06-23,2008-06-26,-0.04291170819463952,3,
CNP,2008-06-23,2008-07-01,-0.02963496869013249,6,
HRB,2008-06-23,2008-07-01,0.03273643043686003,6,
BALL,2008-06-25,2008-07-08,-0.05173702711952999,8,
SSP,2008-06-20,2008-07-08,-0.06667499592959902,11,
EMN,2008-06-23,2008-07-09,-0.08054382154960327,11,
ETN,2008-06-26,2008-07-09,-0.04920850747015071,8,
L,2008-06-24,2008-07-09,-0.0362211085736166,10,
RIG,2008-07-08,2008-07-09,0.03352475933608701,1,
SIAL-201511,2008-06-25,2008-07-09,-0.02959087591044507,9,
SNA,2008-06-19,2008-07-09,-0.048630194053946973,13,
BF-B,2008-07-02,2008-07-10,-0.030468526535951557,5,
ESV,2008-07-08,2008-07-11,0.047027623956008346,3,
NOV,2008-07-09,2008-07-11,0.020116573688737427,2,
RDC,2008-07-09,2008-07-11,0.01047102825094215,2,
APA,2008-07-10,2008-07-14,0.06904622093459967,2,
HAL,2008-07-09,2008-07-14,-0.0007548736462572592,3,
TAP,2008-07-11,2008-07-14,0.05209218395760162,1,
WMB,2008-07-09,2008-07-14,0.016529558374662967,3,
NBR,2008-07-09,2008-07-15,0.0012798674940124322,4,
XLNX,2008-07-02,2008-07-16,-0.010151613092789558,9,
BIG,2008-07-14,2008-07-17,-0.02713825783099877,3,
GLW,2008-06-23,2008-07-17,-0.20222658402953275,17,
D,2008-07-17,2008-07-22,0.0038527907950172136,3,
EXC,2008-07-17,2008-07-22,-0.008913895617178369,3,
HES,2008-07-09,2008-07-22,-0.11776241830981593,9,
MUR,2008-07-17,2008-07-22,-0.006120974468525442,3,
OXY,2008-07-17,2008-07-22,0.014257740715023282,3,
PPL,2008-07-17,2008-07-22,-0.0034190568825759327,3,
AIZ,2008-07-16,2008-07-23,-0.006425437839494674,5,
TEG-201506,2008-07-17,2008-07-23,-0.018744962354718342,4,
QCOM,2008-07-23,2008-07-25,0.21428948883630272,2,
ETR,2008-07-17,2008-07-30,-0.011580314324843521,9,
FE,2008-07-17,2008-07-31,-0.0637887916640072,10,
SLB,2008-07-30,2008-07-31,0.044799576798731255,1,
LIN,2008-08-05,2008-08-07,0.015887321655735365,2,
EMN,2008-07-25,2008-08-11,-0.07698256301401607,11,
TAP,2008-07-31,2008-08-13,-0.09932415792495786,9,
WU,2008-08-08,2008-08-13,0.01615442001067602,3,
IBM,2008-08-13,2008-08-15,0.01452889651086986,2,
STJ-201701,2008-08-15,2008-08-19,0.007431592797446651,2,
ISRG,2008-08-18,2008-08-20,-0.00017403664560400323,2,
ADBE,2008-08-20,2008-08-22,0.01726849825331933,2,
AIV,2008-08-19,2008-08-25,-0.007257998088426643,4,
PCL-201602,2008-08-20,2008-08-25,0.027309968138370833,3,
PGR,2008-08-13,2008-08-25,-0.054386560421691876,8,
TJX,2008-08-20,2008-08-25,0.019958055010872222,3,
BMS,2008-08-20,2008-08-27,-0.013904750347266459,5,
NTAP,2008-08-15,2008-08-27,-0.03494330508852295,8,
HAS,2008-08-20,2008-08-28,-0.02418775407695295,6,
INTC,2008-08-22,2008-08-28,0.01477872891963039,4,
ITT,2008-08-27,2008-08-28,0.010108394601157311,1,
CMI,2008-08-20,2008-08-29,0.002797198334002493,7,
ESRX-201812,2008-08-26,2008-08-29,0.02543800045893274,3,
VAR,2008-08-26,2008-08-29,0.03170076676570188,3,
BIG,2008-08-28,2008-09-03,0.012364141882214241,3,
MDLZ,2008-08-26,2008-09-05,-0.01717561328313033,7,
ITT,2008-09-04,2008-09-09,0.001704916643700205,3,
CELG,2008-09-02,2008-09-11,-0.036288693411098194,7,
GILD,2008-08-20,2008-09-12,-0.10438973693152231,16,
QCOM,2008-09-03,2008-09-12,-0.04913845177752252,7,
TMO,2008-09-05,2008-09-12,0.011374350382897802,5,
UNP,2008-09-09,2008-09-12,0.028188571991686784,3,
HAL,2008-09-03,2008-09-15,-0.15102727207664401,8,
SWN,2008-09-03,2008-09-15,-0.12745465180346272,8,
XLNX,2008-09-04,2008-09-17,-0.06344523245349676,9,
JNJ,2008-09-16,2008-09-19,0.029968963009467497,3,
JNY-201404,2008-09-16,2008-09-19,0.09839915386408027,3,
MBI,2008-09-15,2008-09-19,0.08566433131915274,4,
AAPL,2008-09-03,2008-09-22,-0.16290811988429188,13,
FTR,2008-09-16,2008-09-22,-0.0011442791596768531,4,
GEN,2008-09-19,2008-09-22,0.009085373254080764,1,
LUMN,2008-09-18,2008-09-22,0.028009009324980738,2,
SNA,2008-09-16,2008-09-22,0.05727840852196153,4,
AVP,2008-09-17,2008-09-24,-0.008887562141999816,5,
CPWR-201412,2008-09-19,2008-09-25,0.0406601350935345,4,
BAX,2008-09-24,2008-09-26,0.018816412254734738,2,
JBL,2008-09-05,2008-09-29,-0.21627061864976527,16,
PG,2008-09-23,2008-09-29,-0.001851507251425355,4,
MDT,2008-09-18,2008-10-06,-0.0635045688454432,12,
BIG,2008-10-02,2008-10-14,-0.005694305694305735,8,
FAST,2008-09-25,2008-10-14,-0.17459932844308357,13,
HAS,2008-09-29,2008-10-14,0.0037376636741666136,11,
JNY-201404,2008-10-06,2008-10-14,-0.012207741107996717,6,
LEG,2008-10-08,2008-10-14,0.049998740755043736,4,
QLGC-201608,2008-09-19,2008-10-14,-0.21009908233359542,17,
SO,2008-10-07,2008-10-14,0.00978835245147236,5,
VAR,2008-09-30,2008-10-15,-0.23998042915085582,11,
CPWR-201412,2008-10-03,2008-10-17,-0.28126537237166305,10,
HSY,2008-10-07,2008-10-17,-0.08821896143797137,8,
BRL-200812,2008-10-28,2008-10-29,0.03125753411852372,1,
GIS,2008-11-07,2008-11-12,0.01799925718256401,3,
CPB,2008-11-21,2008-12-08,-0.14659170689988688,10,
FDO-201507,2008-12-26,2008-12-29,0.03126873126873164,1,
AZO,2009-01-13,2009-01-16,0.034993967001659465,3,
SHW,2009-01-15,2009-01-20,0.03261375433497049,2,
PCG,2009-02-10,2009-02-17,-0.019631428779459337,4,
AZO,2009-02-18,2009-02-20,0.0696766546469556,2,
BMY,2009-02-19,2009-02-26,-0.02091745276937873,5,
VTRS,2009-03-03,2009-03-06,0.0652075351286232,3,
HUM,2009-02-20,2009-03-10,-0.5001447599090416,12,
APOL-201702,2009-03-02,2009-03-11,-0.056464712901318825,7,
ED,2009-02-11,2009-03-11,-0.1442639106843604,19,
PNW,2009-02-13,2009-03-11,-0.28477525983446017,17,
PCG,2009-04-06,2009-04-08,0.02890994763917809,2,
NEM,2009-04-13,2009-04-16,-0.022327215083755902,3,
AZO,2009-04-27,2009-04-28,0.004164406256448094,1,
BBY,2009-04-30,2009-05-01,0.0006214858771298459,1,
DRI,2009-04-30,2009-05-05,0.01589494403473113,3,
SHW,2009-05-04,2009-05-05,0.03668148267575444,1,
FIS,2009-04-30,2009-05-06,0.008838108761431762,4,
VTRS,2009-05-01,2009-05-07,-0.0019980019980019303,4,
AGN,2009-05-07,2009-05-11,-0.001330218794253435,2,
EFX,2009-05-08,2009-05-11,-0.01993032702333719,1,
WBA,2009-05-08,2009-05-11,0.00611056152167655,1,
FDO-201507,2009-05-11,2009-05-12,0.05695987181135709,1,
ORCL,2009-05-05,2009-05-15,-0.03219315486163998,8,
SNDK-201605,2009-05-12,2009-05-15,-0.00935247508570991,3,
AN,2009-05-11,2009-05-18,-0.08928504349106203,5,
JWN,2009-05-13,2009-05-18,0.050454472791404026,3,
CSCO,2009-05-12,2009-05-19,0.00014013886527197705,5,
DRI,2009-05-13,2009-05-19,0.04345842446713277,4,
HD,2009-05-12,2009-05-19,0.009130605504349631,5,
MU,2009-05-13,2009-05-19,0.05562336148852509,4,
SBUX,2009-05-12,2009-05-19,-0.004979334397237745,5,
TER,2009-05-13,2009-05-19,0.0728096546950252,4,
VTRS,2009-05-15,2009-05-19,0.014223395557228624,2,
WYND,2009-05-18,2009-05-19,0.05577615661649271,1,
CMS,2009-05-18,2009-05-27,-0.00023470717934337415,6,
LH,2009-05-15,2009-05-27,-0.03582317995898843,7,
TWC-201605,2009-06-02,2009-06-05,0.07184298766015296,3,
COR,2009-06-10,2009-06-12,0.023798056215349916,2,
DGX,2009-06-10,2009-06-12,-0.0035479570118331916,2,
HRL,2009-06-11,2009-06-12,0.010763390344948887,1,
BBWI,2009-06-12,2009-06-15,0.024734068950417853,1,
ELV,2009-06-10,2009-06-15,0.0006020668297976872,3,
JCP,2009-06-12,2009-06-15,0.03154525272342412,1,
LO-201506,2009-06-11,2009-06-15,0.022546756416499614,2,
DRI,2009-06-09,2009-06-16,-0.008985202041950413,5,
STJ-201701,2009-06-11,2009-06-18,0.013213085029153193,5,
UNH,2009-06-10,2009-06-18,-0.07640708635821225,6,
PRU,2009-06-15,2009-06-19,0.042375820410489595,4,
AAPL,2009-06-15,2009-06-22,0.0321958250009291,5,
NEM,2009-06-15,2009-06-22,-0.04554295280235732,5,
TIF,2009-06-12,2009-06-22,-0.0642499099660282,6,
YUM,2009-06-11,2009-06-22,-0.018937581976859796,7,
AMP,2009-06-11,2009-06-25,-0.09650149001874775,10,
DE,2009-06-18,2009-06-25,-0.01866766533030384,5,
ODP,2009-06-22,2009-06-25,-0.016893554206986905,3,
ADSK,2009-06-22,2009-06-26,-0.03008989504961168,4,
BIG,2009-06-19,2009-06-26,-0.005819934015242723,5,
FII,2009-06-22,2009-06-26,-0.013474000332316383,4,
IBM,2009-06-25,2009-06-26,0.024949018044594595,1,
PGR,2009-06-15,2009-06-26,-0.02793701183274333,9,
PH,2009-06-18,2009-06-26,-0.02809704251043632,6,
SEE,2009-06-16,2009-06-26,-0.04226166517721097,8,
CHK,2009-06-22,2009-06-29,-0.01645922421168322,5,
RTX,2009-06-25,2009-06-30,0.03289167986446184,3,
TEL,2009-06-26,2009-06-30,0.02782612648682381,2,
TRV,2009-06-25,2009-06-30,0.00586607901639713,3,
NKE,2009-06-26,2009-07-01,0.025538467586910363,3,
KSS,2009-07-06,2009-07-07,0.06710763919491902,1,
WBA,2009-07-06,2009-07-07,0.03477049266522991,1,
SPLS-201709,2009-07-06,2009-07-09,0.02280691281220104,3,
DO,2009-07-06,2009-07-10,-0.004208272186385642,4,
PCP-201601,2009-07-06,2009-07-10,0.013788127414597007,4,
RDC,2009-07-06,2009-07-10,0.005999724374080806,4,
RRC,2009-07-06,2009-07-10,-0.04227142927301453,4,
SWN,2009-07-06,2009-07-10,0.015368297153309785,4,
FLS,2009-07-07,2009-07-13,-0.012578573915223767,4,
RVTY,2009-07-10,2009-07-13,0.01743963213849864,1,
ATI,2009-07-10,2009-07-14,0.08981812598107464,2,
BEN,2009-07-10,2009-07-14,0.0518864728674171,2,
CME,2009-07-09,2009-07-14,-0.0019612595685470913,3,
DNB,2009-07-13,2009-07-14,0.006149992372725066,1,
ISRG,2009-07-10,2009-07-14,0.04331155300323042,2,
STJ-201701,2009-07-06,2009-07-14,0.013281436603712837,6,
TIE-201301,2009-07-07,2009-07-14,-0.005749889208535697,5,
TROW,2009-07-06,2009-07-14,-0.01875872402998724,6,
BBWI,2009-07-10,2009-07-15,0.05018511691202043,3,
MSI,2009-07-14,2009-07-15,0.034173363057947714,1,
PBG-201002,2009-07-13,2009-07-15,0.0043529198074654385,2,
DELL-201310,2009-07-15,2009-07-17,0.04552590266876,2,
AGN,2009-07-21,2009-07-22,0.005808271151231503,1,
DVA,2009-07-20,2009-07-24,0.009132151099873198,4,
MCO,2009-07-23,2009-07-28,0.1076907829887448,3,
ORLY,2009-07-28,2009-07-29,0.018615403236289962,1,
WFC,2009-07-27,2009-07-29,0.030674701248351033,2,
BNY,2009-07-23,2009-07-30,0.006080967439900498,5,
AZO,2009-07-30,2009-07-31,0.01762144093902407,1,
COL-201811,2009-07-28,2009-07-31,0.08547019859121763,3,
NBL,2009-07-30,2009-07-31,0.0164803184356741,1,
SLM,2009-07-24,2009-07-31,0.007074521976138559,5,
FCX,2009-07-30,2009-08-03,0.0950057507618487,2,
NEM,2009-07-29,2009-08-03,0.052110536032745625,3,
UNP,2009-07-29,2009-08-03,0.05396470831727518,3,
ATI,2009-07-29,2009-08-04,0.0189007030785171,4,
PH,2009-07-31,2009-08-04,0.019840115755627163,2,
QLGC-201608,2009-08-03,2009-08-04,0.001030835628711424,1,
SLB,2009-07-30,2009-08-04,0.029631456937933676,3,
GEN,2009-07-31,2009-08-05,0.04578227179144667,3,
SEE,2009-07-30,2009-08-05,-0.027746247560489046,4,
AABA,2009-07-31,2009-08-06,0.0007139599530903151,4,
FDO-201507,2009-08-06,2009-08-10,0.017225673445066203,2,
TGT,2009-08-05,2009-08-10,0.007666161096546054,3,
ESRX-201812,2009-08-06,2009-08-11,-0.004498522847822373,3,
GIS,2009-08-06,2009-08-11,-0.005092054012424185,3,
UNH,2009-08-06,2009-08-11,0.028014201079404222,3,
ETFC,2009-08-10,2009-08-13,0.03339213977511846,3,
INTC,2009-08-10,2009-08-13,0.017854668201267243,3,
K,2009-08-04,2009-08-13,-0.011563516355848735,7,
KLAC,2009-08-11,2009-08-13,0.02184701590834237,2,
PG,2009-08-06,2009-08-13,-0.030189108764355876,5,
AMD,2009-08-13,2009-08-14,0.011824793487855034,1,
BRCM-201601,2009-08-11,2009-08-14,0.01688812115528271,3,
KDP,2009-08-11,2009-08-14,0.0687097719167229,3,
HSY,2009-08-05,2009-08-17,-0.02424889627368354,8,
KO,2009-08-13,2009-08-18,0.004596264629753488,3,
CAG,2009-08-17,2009-08-19,0.008424963687576614,2,
SCG-201812,2009-08-06,2009-08-19,-0.019793419091869713,9,
ADM,2009-08-13,2009-08-20,-0.015330777589562583,5,
BIG,2009-08-18,2009-08-20,0.02092430537660217,2,
CPB,2009-08-18,2009-08-20,0.011146561961889123,2,
HSH-201408,2009-08-13,2009-08-20,-0.028666092386544495,5,
PEP,2009-08-14,2009-08-20,-0.005530765909780411,4,
SYY,2009-08-19,2009-08-20,0.02055103570998873,1,
BXP,2009-08-18,2009-08-21,0.05567636320267111,3,
PSA,2009-08-18,2009-08-21,0.022415191966397963,3,
XEL,2009-08-19,2009-08-21,0.01931349022274942,2,
DF,2009-08-06,2009-08-24,-0.07481141307671901,12,
FMC,2009-08-20,2009-08-24,0.01871751357841256,2,
HCBK-201510,2009-08-25,2009-09-01,-0.018568601210110613,5,
PM,2009-08-31,2009-09-03,0.013664696467824644,3,
SNI-201803,2009-08-31,2009-09-03,0.004741115238352744,3,
ADBE,2009-08-31,2009-09-04,-0.0004179089452611695,4,
AMT,2009-09-01,2009-09-04,0.00966528527487509,3,
INTU,2009-08-27,2009-09-04,-0.016513101648441775,6,
NOV,2009-09-01,2009-09-04,0.008475379499297109,3,
BALL,2009-08-31,2009-09-08,0.0056093252849582775,5,
BKR,2009-09-01,2009-09-08,0.04543002088686188,4,
CA-201811,2009-09-03,2009-09-08,0.05555065929634706,2,
GLW,2009-09-01,2009-09-08,0.015811650513734676,4,
RDC,2009-09-01,2009-09-08,0.018349611553494904,4,
TMO,2009-09-03,2009-09-08,0.02918957410811629,2,
FII,2009-09-04,2009-09-09,0.02350126288805532,2,
PNW,2009-09-04,2009-09-09,0.004191181289300072,2,
BCR-201712,2009-09-09,2009-09-10,0.023229551035415463,1,
CNP,2009-09-04,2009-09-10,-0.016783163979698812,3,
ES,2009-09-11,2009-09-14,-0.004105317934642416,1,
SPGI,2009-09-09,2009-09-14,0.026570001681250455,3,
SRE,2009-09-04,2009-09-14,-0.009096136177417447,5,
NEE,2009-09-08,2009-09-15,-0.009195955866473371,5,
ETR,2009-09-14,2009-09-16,0.01318563259815364,2,
FITB,2009-09-14,2009-09-16,0.0618825693526015,2,
MDLZ,2009-09-09,2009-09-17,-0.00762581842078025,6,
C,2009-09-16,2009-09-18,0.04240952676261278,2,
HSY,2009-09-18,2009-09-21,0.00848843219209261,1,
KMB,2009-09-18,2009-09-21,0.006534913643766682,1,
WMT,2009-09-15,2009-09-21,-0.011677785246282713,4,
RAI-201707,2009-09-16,2009-09-22,0.00042968972646106884,4,
AMAT,2009-09-22,2009-09-23,0.046154613268940325,1,
DGX,2009-09-18,2009-09-23,0.036080387142223946,3,
F,2009-09-18,2009-09-23,0.0279848970740606,3,
GLW,2009-09-21,2009-09-23,0.01568316600439279,2,
LH,2009-09-17,2009-09-23,0.009712820590830118,4,
TAP,2009-09-21,2009-09-24,0.01352697505418532,3,
QCOM,2009-09-18,2009-09-25,-0.021363802366188622,5,
BCR-201712,2009-09-24,2009-09-29,0.001818449237187325,3,
MDT,2009-09-24,2009-09-29,0.01203167264882854,3,
MRK,2009-09-23,2009-09-29,0.01803197602849238,4,
ORCL,2009-09-18,2009-09-29,-0.02956704872457494,7,
PWR,2009-09-24,2009-09-29,-0.020828251477332138,3,
SYK,2009-09-24,2009-09-29,-0.0017806206317058093,3,
CVS,2009-09-29,2009-09-30,-0.013248501830683601,1,
HCBK-201510,2009-09-29,2009-09-30,0.022625023396033672,1,
IBM,2009-09-30,2009-10-05,-0.004342682411955345,3,
NSC,2009-09-21,2009-10-06,-0.03447989113542971,11,
DELL-201310,2009-09-23,2009-10-07,-0.024751689096210838,10,
HON,2009-09-30,2009-10-07,-0.019394101229626703,5,
SNA,2009-09-29,2009-10-07,0.020951413959383824,6,
SYY,2009-09-18,2009-10-07,-0.028043826341434097,13,
X,2009-10-05,2009-10-07,0.03346399793100319,2,
AKS,2009-09-29,2009-10-08,-0.04942971674300467,7,
FLR,2009-09-25,2009-10-08,-0.03062840509599085,9,
MDT,2009-10-07,2009-10-08,0.015137422048563387,1,
AMGN,2009-10-06,2009-10-09,0.010673980999654775,3,
KBH,2009-09-29,2009-10-09,-0.061667440634594506,8,
XRX,2009-09-29,2009-10-09,-0.03615023229568515,8,
VAR,2009-10-07,2009-10-12,0.016211867200210284,3,
CIEN,2009-10-07,2009-10-13,0.003951333564200077,4,
MBI,2009-10-07,2009-10-13,-0.02103776770138588,4,
WM,2009-10-08,2009-10-13,0.002535171250749313,3,
GNW,2009-10-14,2009-10-15,0.019603772493797855,1,
AIZ,2009-10-16,2009-10-19,0.03652719583200459,1,
NVDA,2009-10-16,2009-10-20,0.04058145629093901,2,
BAX,2009-10-16,2009-10-22,0.005840233985244581,4,
ZBH,2009-10-21,2009-10-22,0.03260806011588668,1,
AIG,2009-10-20,2009-10-23,-0.0015092268611263115,3,
AON,2009-10-22,2009-10-23,0.026907920285463183,1,
DFS,2009-10-19,2009-10-23,0.01964067469980746,4,
LEN,2009-10-21,2009-10-23,0.05503072645459617,2,
LM,2009-10-23,2009-10-26,0.03904192715158605,1,
CHK,2009-10-26,2009-10-30,-0.036527088982446276,4,
IPG,2009-10-20,2009-10-30,-0.042096296560582114,8,
KO,2009-10-21,2009-10-30,0.002452428250824923,7,
STT,2009-10-21,2009-10-30,-0.0834379556761714,7,
TFC,2009-10-22,2009-10-30,-0.019875023160965677,6,
AGN,2009-10-23,2009-11-03,-0.028457044198551773,7,
DVA,2009-10-21,2009-11-03,-0.033551814909488664,9,
CTXS,2009-10-23,2009-11-04,-0.03374914726403655,8,
GT,2009-10-30,2009-11-04,0.005427636664473656,3,
OI,2009-10-30,2009-11-04,0.003467184191345396,3,
VIAV,2009-11-03,2009-11-04,0.08285977269485034,1,
CNP,2009-11-04,2009-11-05,0.007559869358757965,1,
MBI,2009-10-19,2009-11-05,-0.20267350738151635,13,
MDP,2009-10-30,2009-11-05,-0.017991623760854614,4,
AABA,2009-11-05,2009-11-06,0.0036868195096044776,1,
GE,2009-10-23,2009-11-06,-0.027321390515728572,10,
INTC,2009-11-04,2009-11-06,0.00872737419391112,2,
LUV,2009-11-04,2009-11-06,0.005207724098978517,2,
MWW-201610,2009-10-30,2009-11-06,-0.06757385293054874,5,
SO,2009-11-04,2009-11-06,0.008615616304007645,2,
XEL,2009-11-03,2009-11-06,0.014528814309469285,3,
XRAY,2009-10-30,2009-11-06,-0.00818405000125988,5,
CMA,2009-11-05,2009-11-09,0.026903082254988275,2,
JCP,2009-11-06,2009-11-11,0.014668043155273258,3,
TAP,2009-11-05,2009-11-11,-0.005758164149606393,4,
WFM-201708,2009-11-06,2009-11-12,0.04198801198801205,4,
AES,2009-11-13,2009-11-17,0.040762636923875384,2,
ESV,2009-11-13,2009-11-17,0.04368674227143976,2,
WFM-201708,2009-11-18,2009-11-20,0.008531031891996665,2,
MA,2009-11-19,2009-11-23,0.03212782596241892,2,
CINF,2009-11-20,2009-11-24,0.012494210853307264,2,
EBAY,2009-11-23,2009-11-24,0.021019498056986663,1,
BEAM-201404,2009-11-19,2009-11-25,-0.008590494870982512,4,
MRSH,2009-11-20,2009-11-25,0.011296839560595018,3,
ADSK,2009-11-19,2009-11-27,-0.03380520399154463,5,
M,2009-11-24,2009-11-27,0.013456365495649658,2,
SNDK-201605,2009-11-20,2009-11-27,-0.01501106716753653,4,
HCBK-201510,2009-11-27,2009-12-01,0.028174151429965155,2,
CHRW,2009-11-27,2009-12-02,0.02840004898217896,3,
CPWR-201412,2009-11-20,2009-12-02,-0.026438867255193732,7,
FII,2009-11-24,2009-12-02,-0.011502782931354205,5,
TWX-201806,2009-12-01,2009-12-02,0.0018677255604306886,1,
THC,2009-11-27,2009-12-04,1.0096357303090997e-05,5,
TSN,2009-11-25,2009-12-04,0.009275036164094974,6,
MDLZ,2009-12-02,2009-12-07,-0.0053671067473375356,3,
MFE-201102,2009-11-20,2009-12-07,-0.04447656062137473,10,
OI,2009-12-02,2009-12-07,-0.0007027069294266441,3,
SVU,2009-11-18,2009-12-07,-0.06854578234405251,12,
JBL,2009-11-20,2009-12-08,-0.03428634021818,11,
UNH,2009-12-04,2009-12-08,0.016409999970447897,2,
WU,2009-12-04,2009-12-08,0.0024203757024425787,2,
AAPL,2009-12-02,2009-12-10,0.0007107507529271473,6,
IVZ,2009-12-08,2009-12-10,0.016841092312148698,2,
TJX,2009-12-07,2009-12-10,0.013028117982943233,3,
YUM,2009-12-07,2009-12-10,0.024839510457025815,3,
ABT,2009-12-08,2009-12-11,0.006952716489877275,3,
DELL-201310,2009-12-03,2009-12-11,-0.03171338465456108,6,
HAL,2009-12-07,2009-12-11,0.013567510096924584,4,
SWN,2009-12-10,2009-12-11,0.021205666580116134,1,
TRV,2009-12-08,2009-12-11,0.011738682490365138,3,
ANF,2009-12-07,2009-12-14,-0.017140080273477798,5,
C,2009-12-10,2009-12-14,-0.02257534356206814,2,
LEN,2009-11-25,2009-12-14,-0.0819905238941877,12,
ADBE,2009-12-14,2009-12-15,-0.007576463729406346,1,
CELG,2009-12-11,2009-12-15,0.004163656736154486,2,
DVN,2009-12-10,2009-12-15,0.048724221912235244,3,
FLS,2009-12-11,2009-12-15,0.02275364656612444,2,
LM,2009-12-11,2009-12-15,0.021796525686258672,2,
ORLY,2009-12-11,2009-12-15,-0.008309489946123239,2,
OXY,2009-12-14,2009-12-15,-0.0074057789309111,1,
ADM,2009-12-15,2009-12-16,0.02137213044108277,1,
LLY,2009-12-11,2009-12-16,0.017826013883582847,3,
CVG,2009-12-16,2009-12-21,0.04832940608392566,3,
FTR,2009-12-17,2009-12-22,0.013970029970030273,3,
JNPR,2009-12-16,2009-12-22,-0.010611152449801375,4,
PBG-201002,2009-12-21,2009-12-22,0.003904160355773456,1,
PEP,2009-12-15,2009-12-22,-0.009195502746312978,5,
TAP,2009-12-16,2009-12-22,-0.011019523399832365,4,
USB,2009-12-16,2009-12-22,0.011679278059983034,4,
WMT,2009-12-17,2009-12-22,0.004768052726123129,3,
XOM,2009-12-10,2009-12-22,-0.0659724477764041,8,
CPB,2009-12-14,2009-12-23,-0.035780062858284944,7,
SEE,2009-12-16,2009-12-24,-0.010130204788421082,6,
SPGI,2009-12-23,2009-12-24,0.010392187830324584,1,
ITT,2009-12-23,2009-12-28,0.008294755970986278,2,
LIN,2009-12-23,2009-12-29,0.00865234526151304,3,
MET,2009-12-29,2009-12-31,0.0016742153813102956,2,
AET-201811,2009-12-31,2010-01-05,0.023480255734303235,2,
CL,2010-01-04,2010-01-05,-0.0005461534835627946,1,
CTAS,2009-12-24,2010-01-05,-0.002756091510608849,6,
HAR-201703,2009-12-29,2010-01-05,0.01698188272130907,4,
PFE,2010-01-04,2010-01-05,0.03350841801456328,1,
WU,2010-01-04,2010-01-05,0.0006145287605530125,1,
CLX,2010-01-04,2010-01-06,0.001569206134348633,2,
ODP,2009-12-31,2010-01-06,0.03147157720328475,3,
WYND,2009-12-29,2010-01-06,0.0028443172547978346,5,
TMO,2010-01-05,2010-01-07,0.008692595299683248,2,
AZO,2010-01-05,2010-01-08,-0.014075922467496893,3,
LOW,2010-01-05,2010-01-08,0.014836779834195069,3,
SPLS-201709,2010-01-05,2010-01-08,0.03100743820049301,3,
TE-201606,2010-01-05,2010-01-08,0.011802151337035216,3,
SHW,2010-01-06,2010-01-11,0.024113090187041886,3,
SRCL,2010-01-05,2010-01-11,0.0029030627430046696,4,
BDX,2010-01-08,2010-01-12,0.005840012834112951,2,
KO,2010-01-11,2010-01-12,0.015012342183665872,1,
R,2010-01-04,2010-01-12,-0.021698563282527727,6,
SCG-201812,2010-01-06,2010-01-12,0.0012440185694113648,4,
SRE,2010-01-08,2010-01-12,0.011380561939328793,2,
TSS,2010-01-08,2010-01-12,0.0039495665240598665,2,
XEL,2010-01-06,2010-01-12,0.0013493785714693285,4,
KMB,2010-01-12,2010-01-13,0.00981267065580882,1,
PG,2010-01-12,2010-01-13,0.003592126953213537,1,
AEE,2010-01-07,2010-01-14,-0.009627398107247997,5,
DNB,2010-01-11,2010-01-14,-0.003091103857806865,3,
MA,2010-01-12,2010-01-14,0.024632460196034156,2,
PGR,2010-01-08,2010-01-14,0.010541104307930649,4,
RHT,2010-01-12,2010-01-15,0.00780954051031979,3,
WIN,2010-01-13,2010-01-15,0.018560091593799566,2,
AMD,2010-01-12,2010-01-20,0.008105414972256142,5,
CRM,2010-01-13,2010-01-20,0.005602544460164838,4,
MRO,2010-01-15,2010-01-20,-0.0026235124950261257,2,
UNP,2010-01-21,2010-01-22,0.026337389058551874,1,
EXPE,2010-01-12,2010-01-27,-0.07860637316044483,10,
BKNG,2010-01-21,2010-01-28,0.00886033659185248,5,
T,2010-01-14,2010-01-28,-0.03721282144682092,9,
ADI,2010-01-14,2010-02-02,-0.0835015238820016,12,
AN,2010-01-15,2010-02-02,-0.06520819745994033,11,
IPG,2010-01-28,2010-02-02,0.017962037962038435,3,
PAYX,2010-01-20,2010-02-02,-0.018435326919175266,9,
TIF,2010-01-22,2010-02-02,-0.0132545640105034,7,
AEE,2010-02-02,2010-02-03,-0.00865657416636545,1,
AEP,2010-02-02,2010-02-03,0.006057436437119312,1,
AET-201811,2010-02-02,2010-02-03,0.011774492757326893,1,
FLIR,2010-01-14,2010-02-03,-0.056600894361805154,13,
FLS,2010-01-27,2010-02-03,-0.006881483038870262,5,
OI,2010-01-12,2010-02-03,-0.14683968185734153,15,
RTX,2010-01-28,2010-02-03,-8.128744355129225e-05,4,
VZ,2010-01-15,2010-02-03,-0.04869938042279687,12,
WIN,2010-02-02,2010-02-03,0.0242396357294119,1,
CA-201811,2010-02-02,2010-02-10,-0.010613194166124607,6,
FITB,2010-02-05,2010-02-10,0.019292686988304775,3,
GIS,2010-02-05,2010-02-10,0.009181308829284474,3,
TGNA,2010-02-05,2010-02-10,0.014671968222455867,3,
MA,2010-02-05,2010-02-11,0.00464352031398807,4,
RSG,2010-02-05,2010-02-11,-0.006243200231615287,4,
MO,2010-02-05,2010-02-12,0.006241527302820238,5,
MRK,2010-02-11,2010-02-12,0.009299056803261374,1,
TGT,2010-02-04,2010-02-12,-0.011319423427094244,6,
XRX,2010-02-10,2010-02-12,0.022981798212173388,2,
AMGN,2010-02-12,2010-02-17,0.010605706459805075,2,
BAX,2010-02-16,2010-02-17,0.015778997192693156,1,
FIS,2010-02-10,2010-02-17,-0.007266773497824008,4,
GHC,2010-02-10,2010-02-17,0.005827754379643002,4,
NYT,2010-02-11,2010-02-17,0.03649500482162393,3,
PCG,2010-02-03,2010-02-17,-0.002235842161260493,9,
USB,2010-02-05,2010-02-17,-0.001579191740490149,7,
ELV,2010-02-10,2010-02-18,-0.04000166023418106,5,
FLIR,2010-02-12,2010-02-19,-0.011576463403706105,4,
AAPL,2010-02-24,2010-02-25,-0.006277346572381881,1,
CNX,2010-02-24,2010-02-26,0.036978254926244736,2,
MAS,2010-02-24,2010-03-01,0.010758381942985507,3,
NBL,2010-02-24,2010-03-01,0.042951916954197644,3,
SLB,2010-02-24,2010-03-01,0.009430137177688147,3,
ADM,2010-03-01,2010-03-02,0.006124081859405495,1,
DXC,2010-02-26,2010-03-02,0.02249519060910865,2,
NTAP,2010-02-24,2010-03-02,0.046806528321077456,4,
PHM,2010-02-24,2010-03-02,-0.019173723148117494,4,
STZ,2010-02-24,2010-03-02,0.001276295311926079,4,
WDC,2010-02-25,2010-03-02,0.05635715470944147,3,
AXP,2010-02-24,2010-03-03,0.007431954505981553,5,
CNP,2010-03-01,2010-03-03,0.03134280719607152,2,
LHX,2010-03-02,2010-03-03,0.0030803165598953797,1,
LO-201506,2010-03-01,2010-03-03,0.01220843213725753,2,
DISCA,2010-03-02,2010-03-05,0.007965947096381987,3,
HRB,2010-02-24,2010-03-10,0.01615813836401281,10,
SPLS-201709,2010-03-03,2010-03-10,-0.001130174173652354,5,
DGX,2010-03-04,2010-03-12,-0.002887156300117044,6,
COST,2010-03-10,2010-03-15,-0.004318541322245517,3,
KMB,2010-03-11,2010-03-15,0.006873846761027869,2,
SJM,2010-03-12,2010-03-15,0.002067207813222005,1,
WFM-201708,2010-03-10,2010-03-15,0.020934809870980287,3,
ZBH,2010-03-12,2010-03-15,0.02475898402899368,1,
BAX,2010-03-15,2010-03-16,0.0076762283711449,1,
BCR-201712,2010-03-15,2010-03-16,0.014807888877443443,1,
KR,2010-03-12,2010-03-16,0.018117500230405925,2,
MDT,2010-03-15,2010-03-16,0.008588528437178278,1,
SRCL,2010-03-11,2010-03-16,0.006077041751922252,3,
EXPE,2010-03-15,2010-03-17,0.02795994710348948,2,
LEN,2010-03-16,2010-03-17,0.028690850445202143,1,
ADM,2010-03-12,2010-03-18,-0.020790220901557688,4,
HRL,2010-03-15,2010-03-18,0.005016576404626161,3,
ITW,2010-03-16,2010-03-18,0.0137772486904979,2,
NYT,2010-03-16,2010-03-18,0.026618515847977697,2,
RTN,2010-03-16,2010-03-18,-0.0030524150967893293,2,
SWK,2010-03-16,2010-03-18,0.014759192889574058,2,
PLL-201508,2010-03-15,2010-03-19,-0.0030252814606904765,4,
LDOS,2010-03-19,2010-03-23,0.011558976214194105,2,
TDC,2010-03-17,2010-03-23,0.008984127838052913,4,
AKS,2010-03-16,2010-03-24,-0.02625647273834908,6,
EOG,2010-03-18,2010-03-24,-0.03213030002069328,4,
CF,2010-03-18,2010-03-25,-0.019181227811184143,5,
CNX,2010-03-19,2010-03-25,0.004136814102274178,4,
DVN,2010-03-18,2010-03-25,-0.022684286200124193,5,
GOOGL,2010-03-24,2010-03-26,0.034152676218141,2,
MA,2010-03-19,2010-03-26,0.009805162434651349,5,
ED,2010-03-25,2010-03-29,0.005485354041476764,2,
APH,2010-03-24,2010-03-30,0.004636450882773202,4,
CHK,2010-03-18,2010-03-30,-0.06050631351719593,8,
EQT,2010-03-23,2010-03-30,-0.007786310947173081,5,
ISRG,2010-03-23,2010-03-30,0.0005791717303871291,5,
NBR,2010-03-19,2010-03-30,-0.015552355089578307,7,
SIAL-201511,2010-03-26,2010-03-30,0.009261892676710293,2,
SLB,2010-03-25,2010-03-30,0.005147609321319413,3,
BKR,2010-03-25,2010-03-31,-0.02237403336883126,4,
PNC,2010-03-31,2010-04-01,0.027721685414140218,1,
VRSN,2010-03-26,2010-04-01,-0.01034952920144594,4,
DFS,2010-03-31,2010-04-05,0.013885318925106915,2,
EMC-201609,2010-03-30,2010-04-05,0.008466698864049826,3,
LM,2010-04-01,2010-04-05,0.03404189465613716,1,
LO-201506,2010-03-30,2010-04-05,0.011983346873273515,3,
USB,2010-03-31,2010-04-05,0.02168079417437796,2,
CPWR-201412,2010-03-30,2010-04-06,-0.0019980019980018193,4,
DOC,2010-04-05,2010-04-06,0.0013236197114649961,1,
EBAY,2010-04-05,2010-04-06,0.024740823913836474,1,
MTB,2010-03-29,2010-04-06,0.006993048473962871,5,
PHM,2010-04-05,2010-04-06,-0.023138359695162647,1,
VTR,2010-04-05,2010-04-06,0.004072091373787501,1,
KDP,2010-04-01,2010-04-07,0.005931604354631803,3,
WELL,2010-04-01,2010-04-07,0.005036366373385892,3,
CVS,2010-04-08,2010-04-09,0.018741097521825623,1,
CTXS,2010-04-05,2010-04-12,0.026729134405040433,5,
DXC,2010-04-07,2010-04-12,0.010430632898043024,3,
F,2010-04-01,2010-04-12,-0.011325114468778263,6,
ISRG,2010-04-08,2010-04-12,0.06274582878276669,2,
CLX,2010-04-08,2010-04-14,0.005262475761074192,4,
DHI,2010-04-08,2010-04-14,0.027355030876413222,4,
IRM,2010-04-08,2010-04-15,0.010026161437282521,5,
MCO,2010-04-12,2010-04-15,-0.0033779188039845254,3,
MWW-201610,2010-04-12,2010-04-15,-8.977638040708058e-05,3,
TRV,2010-04-07,2010-04-15,0.004462790626639679,6,
KMB,2010-04-07,2010-04-16,-0.01071131175599671,7,
AET-201811,2010-04-12,2010-04-20,-0.03182958346001796,6,
BIIB,2010-04-09,2010-04-20,-0.0363629736049067,7,
CI,2010-04-15,2010-04-20,0.023901747515493454,3,
ELV,2010-04-12,2010-04-20,0.003058911836332001,6,
HUM,2010-04-14,2010-04-20,0.029232017749778683,4,
UNH,2010-04-15,2010-04-20,0.03494129094713716,3,
AMT,2010-04-20,2010-04-21,0.010643963555245994,1,
MRK,2010-04-15,2010-04-21,-0.00558002311914052,4,
RRD,2010-04-20,2010-04-21,0.005809652841406221,1,
WMT,2010-04-14,2010-04-21,-0.005468900982640745,5,
ATI,2010-04-20,2010-04-22,0.05967410672090412,2,
JBL,2010-04-20,2010-04-22,0.022162156620403328,2,
VTRS,2010-04-15,2010-04-22,0.006664442858009378,5,
DE,2010-04-21,2010-04-23,0.008919968272293133,2,
FCX,2010-04-22,2010-04-23,0.037809056962154974,1,
NEM,2010-04-21,2010-04-23,0.005328926856710492,2,
TIE-201301,2010-04-21,2010-04-23,0.030847633379279094,2,
X,2010-04-20,2010-04-23,2.7369890383655004e-05,3,
NUE,2010-04-22,2010-04-26,0.03157261884038465,2,
KDP,2010-04-16,2010-04-27,-0.006394419584175304,7,
HRL,2010-04-23,2010-04-29,-0.011694568415715145,4,
PEP,2010-04-21,2010-04-29,-0.015189501289734064,6,
EBAY,2010-04-23,2010-04-30,-0.026192087843239675,5,
LUMN,2010-04-26,2010-04-30,-0.0019980019980018193,4,
SPGI,2010-04-23,2010-04-30,0.027081618273153696,5,
FII,2010-04-23,2010-05-04,-0.08183816183816184,7,
LLY,2010-04-22,2010-05-04,-0.023190615326903252,8,
SVU,2010-04-27,2010-05-04,-0.022311896901522577,5,
HAR-201703,2010-04-30,2010-05-06,0.017942343793355242,4,
XL-201809,2010-04-29,2010-05-06,-0.03337150654223808,5,
AKS,2010-04-20,2010-05-11,-0.21513063207978445,15,
BALL,2010-05-06,2010-05-11,-0.01871139294178059,3,
CLF,2010-05-04,2010-05-11,0.04848938259394209,5,
EFX,2010-04-30,2010-05-11,-0.027885433591783748,7,
HCBK-201510,2010-04-26,2010-05-11,-0.04495362827274196,11,
NYT,2010-04-29,2010-05-11,-0.11494260350037244,8,
OI,2010-05-04,2010-05-11,-0.04224958198849926,5,
RHI,2010-04-30,2010-05-11,-0.02884525884996081,7,
V,2010-05-04,2010-05-11,-0.049027190156904044,5,
STJ-201701,2010-05-06,2010-05-12,-0.009229900534248325,4,
CMCSA,2010-05-11,2010-05-18,0.01584334344155902,5,
BBWI,2010-05-19,2010-05-24,-0.013547097048518641,3,
KEY,2010-05-19,2010-05-24,0.008224800086966466,3,
CLF,2010-05-19,2010-05-25,-0.04124074465533267,4,
GPC,2010-05-25,2010-05-26,0.04171012194704704,1,
LOW,2010-05-19,2010-05-26,0.007359519252144953,5,
RDC,2010-05-18,2010-05-26,-0.04764547415055609,6,
AMP,2010-05-19,2010-05-28,-0.007351765951555178,7,
KIM,2010-05-19,2010-05-28,-0.03139026924539556,7,
PEP,2010-05-26,2010-05-28,-0.0042137247163790414,2,
SYK,2010-05-24,2010-05-28,0.012427251272345563,4,
TEG-201506,2010-05-26,2010-05-28,-0.0035466639323877835,2,
TSN,2010-05-11,2010-05-28,0.009467713083433749,13,
UPS,2010-05-24,2010-05-28,0.01730261321138915,4,
VTRS,2010-05-17,2010-05-28,-0.038023428831999606,9,
WEC,2010-05-26,2010-05-28,0.00933362806234328,2,
JNJ,2010-05-19,2010-06-03,-0.03786440344677178,10,
BXP,2010-06-07,2010-06-10,0.045736222336359544,3,
FDO-201507,2010-06-04,2010-06-10,0.012374899256281546,4,
AAPL,2010-06-10,2010-06-11,0.011820155312587621,1,
BIG,2010-06-08,2010-06-11,0.019618270685995087,3,
EQR,2010-06-07,2010-06-11,0.047241567097163095,4,
HD,2010-06-08,2010-06-11,0.022690936370618475,3,
HOG,2010-06-07,2010-06-11,-0.025950044412485496,4,
KDP,2010-06-08,2010-06-11,0.017750617951538095,3,
LOW,2010-06-09,2010-06-11,0.0005468167500715104,2,
URBN,2010-06-23,2010-06-28,0.035722251714792375,3,
BIG,2010-06-23,2010-06-29,0.015263038847944665,4,
BBWI,2010-06-23,2010-07-02,-0.028081234747330708,7,
DRI,2010-06-28,2010-07-02,-0.003014014726712033,4,
TGT,2010-06-23,2010-07-06,-0.04625190766130083,8,
BEAM-201404,2010-06-22,2010-07-07,-0.12574129905968479,10,
TSN,2010-06-23,2010-07-07,-0.06327384465580155,9,
FAST,2010-07-07,2010-07-08,0.03485128692483919,1,
HD,2010-06-23,2010-07-08,-0.07477576538086339,10,
HSH-201408,2010-07-02,2010-07-08,0.022916455869380403,3,
IFF,2010-06-29,2010-07-08,0.015276437578989999,6,
M,2010-06-23,2010-07-08,-0.08321339226051883,10,
PXD,2010-07-06,2010-07-08,0.025696301680156353,2,
TDC,2010-07-02,2010-07-08,0.021134456241404864,3,
TPR,2010-06-23,2010-07-08,-0.09554528234697579,10,
WFM-201708,2010-07-07,2010-07-08,0.044970230003845924,1,
ESRX-201812,2010-06-22,2010-07-09,-0.09939684954121897,12,
ORLY,2010-07-12,2010-07-14,0.0289661822922338,2,
AAPL,2010-07-20,2010-07-21,0.08917388378619018,1,
BA,2010-07-19,2010-07-21,0.024734198712733413,2,
GL,2010-07-19,2010-07-21,0.03269571411232386,2,
HAS,2010-07-19,2010-07-21,0.0784945545379232,2,
PWR,2010-07-19,2010-07-21,0.054806910495110106,2,
SE-201702,2010-07-19,2010-07-21,0.015661526421928196,2,
EOG,2010-07-20,2010-07-23,0.020945689302116044,3,
GIS,2010-07-20,2010-07-23,0.007100583434418217,3,
KEY,2010-07-22,2010-07-23,-0.005749915438809983,1,
MTB,2010-07-22,2010-07-23,0.02061958512615103,1,
NEM,2010-07-19,2010-07-23,0.005157324029017918,4,
UNP,2010-07-19,2010-07-23,0.048053566568769135,4,
EL,2010-07-22,2010-07-26,-0.005068755181373508,2,
MCK,2010-07-23,2010-07-27,0.018054636398579182,2,
MRK,2010-07-22,2010-07-27,-0.0031270203341910996,3,
SHW,2010-07-23,2010-07-27,0.043284644241678105,2,
COR,2010-07-23,2010-08-02,0.01852042827998468,6,
HSY,2010-07-22,2010-08-02,-0.06517519691831575,7,
CAH,2010-07-23,2010-08-03,-0.017287372287742353,7,
INTC,2010-07-30,2010-08-03,0.009534027169884718,2,
MSI,2010-08-02,2010-08-04,0.03083103881225302,2,
VRSN,2010-08-03,2010-08-04,0.03077537980671341,1,
AKAM,2010-07-30,2010-08-05,0.029853147140787906,4,
BRCM-201601,2010-08-02,2010-08-05,-0.017625463089825932,3,
FSLR,2010-08-02,2010-08-05,0.033233086656121014,3,
KDP,2010-07-30,2010-08-05,0.015008719584003627,4,
NEM,2010-07-28,2010-08-05,0.02869851382032107,6,
DTE,2010-08-02,2010-08-06,-0.0019980019980019303,4,
LLTC-201703,2010-08-04,2010-08-09,0.004649014163762066,3,
AXP,2010-08-06,2010-08-11,0.015588968733893704,3,
TSN,2010-08-06,2010-08-16,-0.02783431433621164,6,
AMT,2010-08-12,2010-08-17,0.03701626933699842,3,
CMA,2010-08-09,2010-08-18,-0.033959635240659924,7,
ETN,2010-08-16,2010-08-18,0.024005586454997507,2,
ISRG,2010-08-11,2010-08-18,-0.01983115738512775,5,
PCP-201601,2010-08-12,2010-08-18,0.04575576436001372,4,
SNA,2010-08-11,2010-08-18,-0.0036133814376267948,5,
CMCSA,2010-08-09,2010-08-19,-0.045643902777441014,8,
F,2010-08-17,2010-08-19,-0.007724218095238933,2,
NTAP,2010-08-11,2010-08-19,-0.061120721654861265,6,
PNC,2010-08-10,2010-08-19,-0.025519321886009028,7,
XLNX,2010-08-12,2010-08-19,0.015524778493653413,5,
MDLZ,2010-08-18,2010-08-25,-0.006766591562040958,5,
LLY,2010-08-18,2010-08-26,-0.012032560164207617,6,
WIN,2010-08-24,2010-08-26,0.029698976159956203,2,
CAT,2010-08-24,2010-08-30,0.006370715416370132,4,
DE,2010-08-24,2010-08-30,0.04330693681911901,4,
ETN,2010-08-25,2010-08-30,0.022805901609687762,3,
F,2010-08-24,2010-08-30,0.024544621835510316,4,
HBAN,2010-08-18,2010-08-30,-0.023654529464311236,8,
ROP,2010-08-26,2010-08-30,0.011713157941255714,2,
WYND,2010-08-24,2010-08-30,-0.005759316060823583,4,
PEP,2010-08-30,2010-09-01,0.012268635008322315,2,
MO,2010-09-01,2010-09-02,-0.0019980019980018193,1,
MRO,2010-08-20,2010-09-02,-0.0089045902194691,9,
RAI-201707,2010-08-30,2010-09-02,0.009018668627789106,3,
SYY,2010-08-18,2010-09-02,-0.04132980134658426,11,
TAP,2010-08-26,2010-09-02,0.004601956782743777,5,
KDP,2010-09-10,2010-09-16,0.005631560993325957,4,
AGN,2010-09-14,2010-09-17,0.015523100495010711,3,
HSY,2010-09-13,2010-09-17,0.01980567872718142,4,
TWC-201605,2010-09-17,2010-09-21,0.021047836703413925,2,
GIS,2010-09-22,2010-09-23,0.003229982746415949,1,
BALL,2010-09-24,2010-09-27,0.008226751420746137,1,
BRCM-201601,2010-09-22,2010-09-27,0.023638193175817612,3,
KDP,2010-09-24,2010-09-27,-0.007409611906512681,1,
PSA,2010-09-24,2010-09-27,0.018268500990096692,1,
DRI,2010-09-24,2010-09-29,-0.008168359464540531,3,
HUM,2010-09-20,2010-09-29,-0.00966434366787261,7,
INTU,2010-10-01,2010-10-04,0.012191537567796784,1,
JCI,2010-09-24,2010-10-04,-0.03666165643688679,6,
HSH-201408,2010-09-27,2010-10-05,0.04431971219498432,6,
KMB,2010-09-28,2010-10-05,0.00013675469122964579,5,
AAPL,2010-10-05,2010-10-06,0.024863019829148403,1,
CF,2010-10-04,2010-10-06,0.02637218545495945,2,
CRM,2010-10-01,2010-10-06,0.0070916477244862275,3,
CSX,2010-10-05,2010-10-06,0.010657834496562657,1,
DE,2010-10-04,2010-10-06,0.038915627592869484,2,
EXPE,2010-10-05,2010-10-06,0.021901895649393488,1,
WIN,2010-10-01,2010-10-06,0.010994700986564299,3,
FIS,2010-10-05,2010-10-11,-0.0012518152014001638,4,
LO-201506,2010-10-05,2010-10-11,0.005196397127597674,4,
AKAM,2010-10-04,2010-10-13,-0.05437479579698401,7,
WFM-201708,2010-10-07,2010-10-13,-0.006129945130773029,4,
CTXS,2010-10-12,2010-10-14,0.04912658539740744,2,
SHW,2010-10-12,2010-10-14,0.013803661405504375,2,
FSLR,2010-10-07,2010-10-15,0.008052248336912982,6,
DUK,2010-10-14,2010-10-18,0.0014100926202222919,2,
KEY,2010-10-18,2010-10-19,0.0166911259314797,1,
WMT,2010-10-15,2010-10-19,-0.0003146767616164503,2,
CCL,2010-10-18,2010-10-21,0.007873166327543535,3,
HD,2010-10-14,2010-10-21,-0.007779806503018349,5,
MSI,2010-10-13,2010-10-21,-0.025235879045719112,6,
CI,2010-10-20,2010-10-22,0.02738890656861015,2,
FLR,2010-10-19,2010-10-22,0.02675105898760699,3,
NOC,2010-10-20,2010-10-22,0.016270224560993363,2,
TAP,2010-10-19,2010-10-22,0.001784622781570544,3,
AZO,2010-10-20,2010-10-25,0.019618411214012088,3,
CLF,2010-10-20,2010-10-25,0.041654735134432075,3,
M,2010-10-21,2010-10-26,-0.00996424442578081,3,
VIAV,2010-10-20,2010-10-26,0.010109495940209046,4,
XLNX,2010-10-21,2010-10-28,0.0299286022034837,5,
LLY,2010-10-22,2010-10-29,-0.013788691752156024,5,
PEP,2010-10-28,2010-10-29,0.008854853728776702,1,
BF-B,2010-10-27,2010-11-01,0.012756510423731271,3,
POM-201603,2010-10-27,2010-11-01,0.01583282718332657,3,
TGT,2010-10-28,2010-11-02,0.009486281103097571,3,
BRK-B,2010-10-28,2010-11-03,-0.005567581260244037,4,
KMB,2010-10-27,2010-11-03,0.0008625401451423098,5,
LEG,2010-10-21,2010-11-03,-0.1137049501474664,9,
ANDV-201809,2010-10-22,2010-11-04,0.04259684845201028,9,
EQR,2010-10-29,2010-11-04,0.01817613079989333,4,
MMM,2010-11-01,2010-11-04,0.018299523163524123,3,
BA,2010-11-04,2010-11-05,0.0101205719373052,1,
BEAM-201404,2010-11-01,2010-11-05,-0.0034667319435530697,4,
BMS,2010-10-29,2010-11-05,0.010311320557999881,5,
COL-201811,2010-11-02,2010-11-05,0.006137432688755551,3,
D,2010-10-27,2010-11-05,-0.007026899354665717,7,
CLX,2010-11-03,2010-11-09,-0.00874868889067204,4,
EXPE,2010-11-05,2010-11-09,0.02902987196961959,2,
GIS,2010-11-05,2010-11-09,0.0031998875703260765,2,
MRO,2010-11-03,2010-11-09,0.012804756797637484,4,
TWX-201806,2010-11-08,2010-11-10,0.014561061146894039,2,
CTSH,2010-11-09,2010-11-11,-0.009256183901287462,2,
DISCA,2010-11-04,2010-11-11,-0.05005252946634653,5,
COR,2010-11-10,2010-11-12,0.023000761861216024,2,
WM,2010-11-10,2010-11-15,-0.0017143375384438553,3,
AMGN,2010-11-05,2010-11-19,-0.010727431668444365,10,
ARG-201605,2010-11-04,2010-11-19,-0.03420546751011455,11,
NOC,2010-11-15,2010-11-19,0.0005365702821193974,4,
PFE,2010-11-11,2010-11-19,0.0034063498854512986,6,
VTRS,2010-11-10,2010-11-19,-0.017351839843412153,7,
WYND,2010-11-11,2010-11-19,8.189101624345163e-05,6,
AET-201811,2010-11-19,2010-11-22,0.05748556079681921,1,
SRE,2010-11-10,2010-11-22,-0.025630836722542627,8,
ADM,2010-11-03,2010-11-23,-0.05386012420475417,14,
HSY,2010-11-10,2010-11-23,-0.03331811021718378,9,
TEG-201506,2010-11-12,2010-11-23,-0.02562164261814992,7,
AON,2010-11-24,2010-11-26,0.0029499692528780486,1,
NWL,2010-11-24,2010-11-26,0.007437608892554293,1,
SWK,2010-11-24,2010-11-26,0.01600674945319236,1,
MFE-201102,2010-11-22,2010-12-01,-0.0032717760860707656,6,
SPGI,2010-11-19,2010-12-01,0.000453665308015605,7,
AEE,2010-11-30,2010-12-02,0.018953767809809285,2,
AGN,2010-12-01,2010-12-02,0.006305180209401184,1,
D,2010-12-01,2010-12-02,0.0006201908976166681,1,
DE,2010-11-30,2010-12-02,0.015314487815784927,2,
LO-201506,2010-11-23,2010-12-02,-0.01741522202001744,6,
NEM,2010-11-30,2010-12-02,0.018605674700663988,2,
PG,2010-11-29,2010-12-02,-0.00038958160682345255,3,
RAI-201707,2010-12-01,2010-12-02,0.01907305746077359,1,
VZ,2010-11-30,2010-12-02,0.017200416339745672,2,
TSS,2010-11-30,2010-12-03,0.016544835390223556,3,
AEP,2010-12-09,2010-12-13,0.012453426912472088,2,
DUK,2010-12-09,2010-12-13,0.003708112563081345,2,
CTRA,2010-12-13,2010-12-14,0.03601047510316624,1,
WEC,2010-12-09,2010-12-14,0.0025792190177718055,3,
LUV,2010-12-08,2010-12-15,-0.010468671505740601,5,
NBL,2010-12-14,2010-12-16,0.006301390916775729,2,
WYNN,2010-12-13,2010-12-16,0.008736410098973746,3,
DRI,2010-12-14,2010-12-17,0.020585822748654836,3,
FDO-201507,2010-12-10,2010-12-17,-0.004323875536764277,5,
KSS,2010-12-07,2010-12-17,-0.031303362560728853,8,
AKAM,2010-12-15,2010-12-20,0.022921726982831014,3,
BXP,2010-12-10,2010-12-20,0.007527460417076748,6,
AMT,2010-12-13,2010-12-21,0.007264678945493319,6,
CI,2010-12-17,2010-12-21,0.012286546930674325,2,
CNX,2010-12-16,2010-12-21,0.027727776643824642,3,
IP,2010-12-17,2010-12-21,0.032024701719666204,2,
MCD,2010-12-17,2010-12-21,0.003596329495006545,2,
NBR,2010-12-20,2010-12-21,0.01670313233384535,1,
SPG,2010-12-10,2010-12-21,-0.015629133597079514,7,
MCHP,2010-12-21,2010-12-22,0.013568208943803617,1,
VIAB,2010-12-16,2010-12-22,0.002135581219194993,4,
DVA,2010-12-09,2010-12-23,-0.02829049186778887,10,
MFE-201102,2010-12-21,2010-12-27,0.0025531471785544824,3,
AXP,2010-12-20,2010-12-28,-0.015280309522480051,5,
GEN,2010-12-27,2010-12-28,0.01738065963218305,1,
MCO,2010-12-22,2010-12-28,0.0021857186525271466,3,
BEN,2010-12-21,2010-12-29,-0.014305320147772527,5,
WMT,2010-12-23,2010-12-29,0.005509999091342532,3,
INTC,2010-12-27,2010-12-30,0.007621331062986236,3,
RHT,2010-12-27,2010-12-30,-0.003716103135082971,3,
TXN,2010-12-21,2010-12-30,-0.003839376216463908,6,
VMC,2010-12-28,2010-12-30,0.0064975587190045925,2,
MAS,2010-12-30,2010-12-31,0.0074394201910921165,1,
ORLY,2010-12-27,2010-12-31,0.011441400952649117,4,
TPR,2010-12-30,2010-12-31,0.010452187677941982,1,
CNP,2010-12-31,2011-01-04,-9.826893899422817e-05,2,
EBAY,2010-12-22,2011-01-04,0.0014696918201839715,8,
GL,2010-12-31,2011-01-04,0.012865840358088798,2,
LOW,2010-12-30,2011-01-04,0.006780876541683467,3,
TDC,2010-12-28,2011-01-04,0.019037754270810225,5,
VRSN,2010-12-28,2011-01-04,0.009114236291687616,5,
AMGN,2010-12-30,2011-01-05,0.011800920865358444,4,
K,2011-01-04,2011-01-05,0.0005489210436209202,1,
EXPE,2011-01-04,2011-01-06,0.015174513713777982,2,
KMB,2011-01-04,2011-01-06,0.0032421004598959247,2,
BF-B,2010-12-31,2011-01-07,-0.004157294065296857,5,
BMS,2011-01-04,2011-01-07,-0.0038320026068875412,3,
HSP-201509,2010-12-29,2011-01-10,-0.02143033815059514,8,
CME,2011-01-04,2011-01-11,-0.00506168694456699,5,
IRM,2011-01-04,2011-01-11,-0.004004462145786536,5,
HRL,2011-01-06,2011-01-12,0.01321418881795311,4,
MKC,2011-01-05,2011-01-12,-0.007007604883645935,5,
STJ-201701,2011-01-06,2011-01-12,0.04258204776467367,4,
TAP,2011-01-05,2011-01-12,-0.0165449229218656,5,
WAT,2010-12-29,2011-01-12,-0.032680506193601855,10,
BMY,2011-01-12,2011-01-13,0.005380169342235508,1,
ICE,2011-01-07,2011-01-13,0.004008311181106672,4,
WIN,2011-01-12,2011-01-13,0.020962166667688464,1,
WM,2011-01-11,2011-01-13,0.005721316656336128,2,
CB,2011-01-10,2011-01-14,-0.00560032611738237,4,
EQR,2011-01-12,2011-01-14,0.005366591924230502,2,
UPS,2011-01-12,2011-01-14,-0.004484722229433302,2,
AON,2011-01-11,2011-01-18,0.00861417768872097,4,
CVC-201606,2011-01-14,2011-01-18,0.009693820748191362,1,
INTU,2011-01-13,2011-01-18,0.004653943843599073,2,
SNI-201803,2011-01-07,2011-01-18,-0.019438415203217874,6,
T,2011-01-12,2011-01-18,0.0208870990594916,3,
TWC-201605,2011-01-13,2011-01-18,0.008774571611888549,2,
EIX,2011-01-18,2011-01-19,0.00168756041694329,1,
OMC,2011-01-14,2011-01-19,0.011816692356371172,2,
WELL,2011-01-13,2011-01-19,0.006920274848053465,3,
YUM,2011-01-18,2011-01-19,0.028883131068320633,1,
HAS,2011-01-13,2011-01-21,2.0054036540262388e-06,5,
JCP,2011-01-19,2011-01-21,0.024291817604887633,2,
MWV-201507,2011-01-20,2011-01-24,0.04022372236524241,2,
TWX-201806,2011-01-20,2011-01-24,-0.002613482724490912,2,
BF-B,2011-01-20,2011-01-26,0.0009612300038137622,4,
LEG,2011-01-24,2011-01-26,0.014479496407207249,2,
FFIV,2011-01-21,2011-01-27,-0.021113111785659888,4,
LUMN,2011-01-21,2011-01-27,0.02752041806036254,4,
R,2011-01-20,2011-01-27,-0.02096990307490887,5,
RHT,2011-01-24,2011-01-27,-0.015080425192784741,3,
AMZN,2011-01-27,2011-01-28,-0.03590570812082361,1,
CTXS,2011-01-26,2011-01-28,0.05114047629017704,2,
MWW-201610,2011-01-18,2011-01-28,-0.1568162606624145,8,
NTAP,2011-01-26,2011-01-28,0.02414323183134548,2,
ANF,2011-01-18,2011-02-01,-0.031097627218227175,10,
APA,2011-01-28,2011-02-01,0.033260994653235176,2,
FTR,2011-01-20,2011-02-01,0.0001762942939413925,8,
AIG,2011-01-19,2011-02-02,-0.06806067087888601,10,
CA-201811,2011-01-27,2011-02-02,0.03284072249589487,4,
EXPE,2011-01-27,2011-02-02,-0.013743778407334761,4,
MDLZ,2011-01-28,2011-02-02,0.0032374133264998495,3,
TWX-201806,2011-02-01,2011-02-02,0.0383125867505798,1,
YUM,2011-01-28,2011-02-02,-0.003670093937465313,3,
EIX,2011-02-01,2011-02-03,-0.0006335136495901894,2,
AMGN,2011-02-01,2011-02-04,0.005049258065635609,3,
K,2011-01-28,2011-02-04,0.03680121174721607,5,
KMB,2011-02-03,2011-02-04,0.010944816501522459,1,
MJN-201706,2011-01-27,2011-02-04,-0.0033558278456236046,6,
VAR,2011-02-02,2011-02-04,0.024633439830183512,2,
JCP,2011-02-04,2011-02-07,0.016316909105061228,1,
PG,2011-02-02,2011-02-07,0.01692527470551597,3,
DHI,2011-02-04,2011-02-08,0.01624606095358616,2,
F,2011-02-03,2011-02-08,0.0492647765770482,3,
PCL-201602,2011-02-07,2011-02-08,0.011869895097588845,1,
AVY,2011-02-04,2011-02-10,0.01354801001132988,4,
EQT,2011-02-10,2011-02-11,0.03903936126475771,1,
AIV,2011-02-09,2011-02-14,0.01895957767592149,3,
CTRA,2011-02-10,2011-02-15,0.007693750472634875,3,
DVN,2011-02-10,2011-02-15,0.025346184528966864,3,
EOG,2011-02-10,2011-02-15,0.010733826718097639,3,
FCX,2011-02-10,2011-02-15,0.05450333597464163,3,
FTI-201701,2011-02-09,2011-02-15,-0.012256305750017793,4,
TE-201606,2011-02-09,2011-02-16,0.001148135631743319,5,
DXC,2011-02-10,2011-02-17,-0.006147723461997989,5,
IFF,2011-02-11,2011-02-17,0.028821329183320143,4,
JCI,2011-02-15,2011-02-17,0.009267611261364106,2,
BEAM-201404,2011-02-15,2011-02-18,0.02810913601565046,3,
MON-201806,2011-02-16,2011-02-18,0.02867574070675305,2,
SCG-201812,2011-02-14,2011-02-18,0.012202226131332594,4,
COL-201811,2011-02-18,2011-02-22,0.006049176747488172,1,
MAS,2011-02-16,2011-02-22,-0.00276559586295555,3,
MSI,2011-02-17,2011-02-22,-0.004063138585586379,2,
RHI,2011-02-16,2011-02-22,-0.012725980155660288,3,
PEG,2011-02-17,2011-02-23,0.004223860300858195,3,
SWN,2011-02-10,2011-02-24,0.015675228983519807,9,
PCG,2011-02-17,2011-02-25,-0.009187316053096084,5,
BRCM-201601,2011-02-15,2011-02-28,-0.01664823015671868,8,
ESRX-201812,2011-02-23,2011-02-28,0.014845913580090908,3,
HBAN,2011-02-22,2011-02-28,-0.024393603781839857,4,
NTAP,2011-02-18,2011-02-28,-0.04726260274608718,5,
WIN,2011-02-22,2011-02-28,-0.00439320679320665,4,
ZION,2011-02-22,2011-02-28,-0.019470320434910482,4,
FRX-201406,2011-02-28,2011-03-01,0.03428179953133759,1,
LUMN,2011-02-18,2011-03-01,-0.02144113173971751,6,
POM-201603,2011-02-28,2011-03-01,0.014770595258400299,1,
EXPD,2011-02-28,2011-03-03,0.00758013283320591,3,
AIG,2011-03-01,2011-03-04,0.006287535995129545,3,
DNB,2011-02-28,2011-03-04,-0.014408516870964339,4,
ETFC,2011-02-24,2011-03-04,-0.0019980019980019303,6,
SEE,2011-02-25,2011-03-04,-8.015396768268346e-05,5,
SWY-201501,2011-02-28,2011-03-04,0.0012437678330952107,4,
WDC,2011-02-22,2011-03-04,-0.08210524033048816,8,
NFLX,2011-03-04,2011-03-07,0.05178385972361044,1,
COF,2011-03-03,2011-03-09,0.010175273670938623,4,
FIS,2011-03-08,2011-03-09,0.02361670141310057,1,
TFC,2011-02-28,2011-03-09,-0.0371288028540494,7,
CHK,2011-03-09,2011-03-10,0.008132439691960425,1,
GPS,2011-03-04,2011-03-11,-0.02761125217587157,5,
AMZN,2011-03-02,2011-03-14,-0.01669449734904871,8,
FCX,2011-03-10,2011-03-14,0.03887074650735278,2,
FSLR,2011-03-01,2011-03-15,0.021690273285886796,10,
PXD,2011-03-09,2011-03-15,-0.019627286547282297,4,
XLNX,2011-03-10,2011-03-17,0.02269874795255511,5,
AMAT,2011-03-10,2011-03-18,-0.00332157926200749,6,
APD,2011-03-17,2011-03-18,0.023334367295936076,1,
EQT,2011-03-11,2011-03-18,0.0506231479366388,5,
ESRX-201812,2011-03-14,2011-03-18,0.025228949724627192,4,
MUR,2011-03-10,2011-03-18,0.012893295705441288,6,
NVDA,2011-03-09,2011-03-18,-0.07112589329951835,7,
DELL-201310,2011-03-18,2011-03-21,0.0266761969635132,1,
INTU,2011-03-18,2011-03-21,0.006984031212317943,1,
VAR,2011-03-15,2011-03-21,0.00933770757255048,4,
ADBE,2011-03-18,2011-03-22,0.00515054980294094,2,
BKNG,2011-03-21,2011-03-22,0.009017409052398007,1,
CAG,2011-03-18,2011-03-22,0.0151557989379012,2,
CME,2011-03-15,2011-03-22,0.007272728646163573,5,
D,2011-03-18,2011-03-22,0.015295199844528318,2,
GOOGL,2011-03-14,2011-03-22,0.0057901329146683445,6,
PAYX,2011-03-18,2011-03-22,0.009617589780708702,2,
PM,2011-03-21,2011-03-22,0.008576852792245626,1,
QCOM,2011-03-10,2011-03-22,-0.01722203583342552,8,
VIAV,2011-03-21,2011-03-25,0.06502036146252088,4,
FE,2011-03-29,2011-03-31,0.02054638783658791,2,
LEN,2011-03-31,2011-04-06,0.002371965973033907,4,
BRCM-201601,2011-04-01,2011-04-07,0.007850701929649206,4,
DELL-201310,2011-04-01,2011-04-07,0.002760863115086609,4,
ICE,2011-04-04,2011-04-07,0.030497802932993867,3,
JBL,2011-04-04,2011-04-07,0.00293529423363581,3,
WU,2011-04-01,2011-04-07,-0.00908951399242064,4,
EMC-201609,2011-04-05,2011-04-08,0.013314648527536832,3,
CNX,2011-04-07,2011-04-11,0.026191950575911616,2,
EW,2011-04-06,2011-04-12,0.007097896533702519,4,
MKC,2011-03-31,2011-04-12,0.005184119483554905,8,
AAPL,2011-04-07,2011-04-14,-0.011738913198646839,5,
HOG,2011-04-12,2011-04-14,0.034483163663423966,2,
GLW,2011-04-07,2011-04-15,-0.033323195166642394,6,
CAM-201604,2011-04-04,2011-04-18,-0.09998301186717218,10,
EOG,2011-04-07,2011-04-18,-0.04259655339214308,7,
FLR,2011-04-15,2011-04-18,0.011262988216591108,1,
HON,2011-04-14,2011-04-18,0.0008058522290452785,2,
KLAC,2011-04-08,2011-04-18,-0.05240441182760114,6,
SWN,2011-04-07,2011-04-18,-0.046105909631893094,7,
WY,2011-04-14,2011-04-18,0.00023562996906045797,2,
XLNX,2011-04-04,2011-04-18,-0.038777883621488485,10,
FCX,2011-04-18,2011-04-20,0.07995106670869334,2,
SLB,2011-04-12,2011-04-20,-0.0039305513828384875,6,
WFC,2011-04-18,2011-04-20,-0.009779019038388292,2,
AMAT,2011-04-18,2011-04-21,0.04118471799268919,3,
BLK,2011-04-18,2011-04-21,0.02265434572909575,3,
DIS,2011-04-11,2011-04-21,0.011385199915110444,8,
DO,2011-04-18,2011-04-21,0.0434210243230968,3,
HES,2011-04-18,2011-04-21,0.037308636611322665,3,
MET,2011-04-20,2011-04-21,0.0036736572672546597,1,
CB,2011-04-20,2011-04-25,0.00015053980133594713,2,
JPM,2011-04-18,2011-04-25,0.006568562747885531,4,
PNC,2011-04-21,2011-04-25,-0.009556206106050236,1,
CL,2011-04-26,2011-04-27,0.009221125511646333,1,
KSS,2011-04-20,2011-04-27,0.0074779000233977655,4,
TXT,2011-04-18,2011-04-27,-0.0004506766182068578,6,
ADBE,2011-04-26,2011-04-28,0.008797711391155483,2,
JCI,2011-04-21,2011-04-28,-0.008306017703673119,4,
USB,2011-04-21,2011-04-28,0.01677950664574346,4,
DGX,2011-04-26,2011-04-29,0.003921165693401285,3,
MAS,2011-04-27,2011-04-29,0.0378608046743516,2,
BIG,2011-04-26,2011-05-02,-0.008770676729959237,4,
DRI,2011-05-02,2011-05-05,0.01662066103339277,3,
GME,2011-05-02,2011-05-06,-0.005431500951637469,4,
LEN,2011-05-03,2011-05-06,0.03567273823085415,3,
SWK,2011-05-02,2011-05-06,0.021617634415690645,4,
CBRE,2011-04-28,2011-05-09,0.0036214359134219,7,
CME,2011-05-02,2011-05-09,-0.019318150204711726,5,
THC,2011-05-03,2011-05-09,-0.03951687356528333,4,
WFM-201708,2011-04-29,2011-05-09,-0.02193252576761684,6,
CLF,2011-05-02,2011-05-10,-0.02945043285000104,6,
FCX,2011-05-06,2011-05-10,0.014111362358960822,2,
NOV,2011-05-06,2011-05-10,0.012328712558675514,2,
SNA,2011-05-06,2011-05-10,-0.007246323161566481,2,
HSY,2011-05-10,2011-05-11,0.009041430316048427,1,
JNPR,2011-05-03,2011-05-11,0.012473562956914375,6,
LM,2011-05-05,2011-05-11,0.020128063301925625,4,
OMC,2011-05-10,2011-05-11,0.004293232232414956,1,
PCL-201602,2011-05-09,2011-05-11,0.010193160133280088,2,
PLL-201508,2011-05-09,2011-05-11,0.025825304433176433,2,
RHI,2011-05-09,2011-05-11,0.005980447742671036,2,
VTRS,2011-05-09,2011-05-11,0.0063535111484980256,2,
DOC,2011-05-10,2011-05-13,-0.0054421195443601356,3,
FRX-201406,2011-05-12,2011-05-13,0.019994894920446038,1,
TSN,2011-05-10,2011-05-13,0.06513715748312632,3,
HRB,2011-05-11,2011-05-17,0.0037413164871467064,4,
JPM,2011-05-16,2011-05-18,0.015421162005672118,2,
AAPL,2011-05-17,2011-05-19,0.028302751266085835,2,
AES,2011-05-16,2011-05-19,0.022851880965746085,3,
LEN,2011-05-16,2011-05-19,0.020294189820919017,3,
AABA,2011-05-12,2011-05-20,-0.048633609381272924,6,
BSX,2011-05-13,2011-05-20,-0.012093422577238555,5,
CMI,2011-05-18,2011-05-20,0.01837320210351856,2,
RTX,2011-05-19,2011-05-20,0.0032402467126126933,1,
AMT,2011-05-19,2011-05-23,0.01344086684138257,2,
EIX,2011-05-20,2011-05-23,0.006431547254861947,1,
ATI,2011-05-23,2011-05-25,0.032149985153195004,2,
CFN-201503,2011-05-23,2011-05-25,0.011290041423188235,2,
COR,2011-05-25,2011-05-26,0.012886545633435498,1,
DE,2011-05-23,2011-05-26,0.01711579227260085,3,
GLW,2011-05-23,2011-05-27,0.005638615143292558,4,
KMX,2011-05-16,2011-05-27,-0.05311122926553835,9,
NUE,2011-05-16,2011-05-27,-0.01808725480990203,9,
ZBH,2011-05-23,2011-05-27,0.011681403722650918,4,
ALL,2011-05-25,2011-05-31,0.012170277898986281,3,
GD,2011-05-26,2011-05-31,0.039177233161180824,2,
HSY,2011-05-20,2011-05-31,0.009462931570315636,6,
NDAQ,2011-05-27,2011-05-31,0.03406464796141373,1,
TXT,2011-05-16,2011-05-31,-0.06940295064414959,10,
AMGN,2011-05-31,2011-06-01,0.012550601685656249,1,
BIG,2011-05-13,2011-06-01,-0.13662431318681312,12,
DUK,2011-05-27,2011-06-01,0.0028155206621098827,2,
MRK,2011-05-31,2011-06-01,0.003761300056713379,1,
PG,2011-05-27,2011-06-01,0.011905087009220106,2,
SCG-201812,2011-05-26,2011-06-01,0.0009648935923056712,3,
SYK,2011-05-31,2011-06-01,-0.0077519662715312965,1,
KO,2011-05-31,2011-06-02,-0.006321597494910236,2,
MCD,2011-06-02,2011-06-08,-0.01149100035755024,4,
KSS,2011-06-01,2011-06-09,-0.03790139450207963,6,
WBA,2011-06-02,2011-06-09,-0.006138134739194889,5,
LLL,2011-05-27,2011-06-10,-0.022965976154328382,9,
PDCO,2011-06-01,2011-06-10,-0.06670203891622095,7,
DTE,2011-06-10,2011-06-14,0.007889233350915958,2,
RSG,2011-06-08,2011-06-14,0.005622847812613463,4,
ANF,2011-06-09,2011-06-15,-0.0034962556544430035,4,
DRI,2011-06-02,2011-06-15,-0.05978652079088165,9,
HAS,2011-05-31,2011-06-15,-0.058640818004625284,11,
JCP,2011-06-02,2011-06-15,0.05634861006761871,9,
PCP-201601,2011-06-14,2011-06-15,0.009031112685996101,1,
TMUS,2011-06-14,2011-06-15,-0.006252559547910597,1,
YUM,2011-06-02,2011-06-15,-0.01666912985184066,9,
ZBH,2011-06-09,2011-06-15,-0.005599765995274009,4,
PG,2011-06-16,2011-06-20,0.008002381395551428,2,
CELG,2011-06-17,2011-06-21,0.020870032839937158,2,
GILD,2011-06-15,2011-06-21,0.007326833723807935,4,
BKNG,2011-06-15,2011-06-22,0.015502367698949415,5,
CB,2011-06-16,2011-06-22,0.005311678081622917,4,
CFN-201503,2011-06-17,2011-06-22,0.005027577091304414,3,
TRV,2011-06-16,2011-06-22,0.003552229661942574,4,
VRSN,2011-06-01,2011-06-22,-0.058725278184135754,15,
MCO,2011-06-20,2011-06-23,0.030854583256386237,3,
NVDA,2011-06-10,2011-06-24,-0.07484066139674472,10,
AMGN,2011-06-27,2011-06-28,0.01679576496840962,1,
EIX,2011-06-24,2011-06-28,0.019920806191002782,2,
BA,2011-06-24,2011-06-29,0.009887946479310239,3,
FLIR,2011-06-24,2011-06-29,-0.0016912076549333577,3,
JNJ,2011-06-27,2011-06-29,0.012370573610749336,2,
LH,2011-06-27,2011-06-29,0.014522451732947195,2,
MRK,2011-06-28,2011-06-29,0.00838878187413905,1,
CLX,2011-06-28,2011-06-30,0.011940160094669361,2,
FIS,2011-06-27,2011-06-30,0.01319835426923488,3,
GIS,2011-06-27,2011-06-30,0.008529997927265498,3,
PM,2011-06-27,2011-06-30,0.014024895631394196,3,
DGX,2011-06-30,2011-07-01,0.006154556255081767,1,
WBA,2011-06-27,2011-07-01,0.016995531570332956,4,
MO,2011-06-29,2011-07-05,0.002163515530609894,3,
CI,2011-07-12,2011-07-14,0.01791424898505034,2,
ELV,2011-07-12,2011-07-15,0.023128189220322337,3,
WMB,2011-07-12,2011-07-15,0.028763560941621913,3,
CTRA,2011-07-12,2011-07-18,0.06500622019489954,4,
RDC,2011-07-12,2011-07-18,-0.0019980019980019303,4,
CCE,2011-07-12,2011-07-20,0.030123639523677026,6,
PFE,2011-07-12,2011-07-20,-0.006486724064929672,6,
LLL,2011-07-12,2011-07-21,-0.02402581398665382,7,
NOC,2011-07-15,2011-07-21,-0.00579441853583218,4,
ELV,2011-07-20,2011-07-22,0.002442371399159482,2,
LMT,2011-07-18,2011-07-22,0.02048635504935703,4,
ROST,2011-07-15,2011-07-22,-0.005329730894286788,5,
TSN,2011-07-11,2011-07-22,-0.0009209058009284066,9,
WIN,2011-07-18,2011-07-22,0.0067355079288256015,4,
GME,2011-07-14,2011-07-25,-0.049521899222673915,7,
JNJ,2011-07-21,2011-07-25,-0.0056024919687803765,2,
INTU,2011-07-12,2011-07-26,-0.041003993019453344,10,
EW,2011-07-22,2011-08-04,-0.14175452249467724,9,
PEP,2011-07-25,2011-08-04,-0.013784171080879704,8,
HUM,2011-07-21,2011-08-10,-0.12054897084810134,14,
A,2011-07-27,2011-08-12,-0.21511769274619696,12,
BBWI,2011-07-26,2011-08-12,-0.0884186109751266,13,
BCR-201712,2011-07-25,2011-08-12,-0.08935178070857464,14,
DHR,2011-07-27,2011-08-12,-0.12816842483763435,12,
GPC,2011-07-27,2011-08-12,-0.08623539135322356,12,
GWW,2011-07-27,2011-08-12,-0.10090230252756383,12,
JNJ,2011-08-04,2011-08-12,0.013941975454050848,6,
OKE,2011-08-04,2011-08-12,-0.020894607051963887,6,
SNA,2011-07-27,2011-08-12,-0.16624327788051907,12,
AAPL,2011-08-22,2011-08-24,0.022533806225159658,2,
CMG,2011-08-19,2011-08-24,0.04531498324318006,3,
HUM,2011-08-22,2011-08-24,-0.0005986935656261405,2,
WYNN,2011-08-23,2011-08-24,0.0478450048511081,1,
PM,2011-09-07,2011-09-08,0.000779133613286298,1,
TJX,2011-09-06,2011-09-08,0.02503282762670289,2,
D,2011-09-07,2011-09-14,-0.00965899094893008,5,
AEP,2011-09-12,2011-09-15,0.025731840557120078,3,
IBM,2011-09-07,2011-09-15,0.006115803643327533,6,
MCD,2011-09-12,2011-09-15,0.03475930180563136,3,
OKE,2011-09-07,2011-09-15,-0.010285634992309833,6,
NEE,2011-09-09,2011-09-16,0.0061128831257457605,5,
AN,2011-09-22,2011-09-27,0.016623592281775013,3,
EA,2011-09-23,2011-09-27,0.06835848844540315,2,
EQR,2011-09-19,2011-09-27,-0.04468669862086505,6,
EXPE,2011-09-23,2011-09-27,0.10490379853372334,2,
IRM,2011-09-23,2011-09-27,0.0498671909922046,2,
MDLZ,2011-09-23,2011-09-27,0.04095254650688762,2,
PCP-201601,2011-09-23,2011-09-27,0.05627669462078222,2,
APOL-201702,2011-09-22,2011-09-28,0.005555466293403866,4,
CF,2011-09-21,2011-09-28,-0.07446909044867234,5,
PSA,2011-09-22,2011-09-28,-0.0013062502348495375,4,
ED,2011-09-29,2011-09-30,0.0034536630227524068,1,
ORLY,2011-10-04,2011-10-05,0.05042166474735166,1,
FAST,2011-10-03,2011-10-06,0.02044939351285513,3,
MJN-201706,2011-10-03,2011-10-06,0.004099769883884052,3,
RL,2011-10-03,2011-10-06,0.061620564514215825,3,
WYNN,2011-09-27,2011-10-06,-0.11601879883676247,7,
AAPL,2011-09-30,2011-10-07,-0.031232697540010124,5,
AEE,2011-10-05,2011-10-07,0.01890257697169062,2,
MA,2011-10-03,2011-10-07,0.008108577108859594,4,
PPL,2011-10-06,2011-10-07,0.02022026564099355,1,
SPGI,2011-10-03,2011-10-07,0.027829570054528352,4,
V,2011-10-03,2011-10-07,0.026895536499307315,4,
ED,2011-10-06,2011-10-10,0.02225522332678387,2,
CMG,2011-10-03,2011-10-11,0.011969564389393117,6,
COST,2011-10-06,2011-10-11,0.012632597677932678,3,
AMZN,2011-10-27,2011-11-01,0.01681287563154288,3,
HSY,2011-10-28,2011-11-03,0.003724717221859075,4,
CERN,2011-11-01,2011-11-04,0.025161794727012188,3,
CPB,2011-11-02,2011-11-04,0.0007238262475495194,2,
EA,2011-11-02,2011-11-04,0.053907580384604525,2,
PEG,2011-11-02,2011-11-04,0.031561006885426623,2,
SRE,2011-11-02,2011-11-04,0.007449196068716413,2,
CL,2011-11-03,2011-11-08,0.005920818487993085,3,
CNP,2011-11-03,2011-11-08,0.01495956060681669,3,
PG,2011-11-02,2011-11-08,-0.0007387247387055096,4,
TGT,2011-11-02,2011-11-08,-0.008173559384634377,4,
TEG-201506,2011-11-10,2011-11-14,0.004772703551536583,2,
TIF,2011-11-10,2011-11-14,0.005081886059290275,2,
AAPL,2011-11-15,2011-11-16,0.020147769519431424,1,
AN,2011-11-02,2011-11-16,-0.11379098051079006,10,
CNP,2011-11-10,2011-11-16,-0.007716316407015977,4,
SJM,2011-11-17,2011-11-21,0.005162998139891739,2,
AMGN,2011-11-18,2011-11-23,-0.004147373466610205,3,
BIIB,2011-11-21,2011-11-23,0.046421547630413285,2,
ANDV-201809,2011-11-17,2011-11-29,-0.042707601422063646,7,
CB,2011-11-18,2011-11-29,-0.019745585082108885,6,
CERN,2011-11-18,2011-11-29,-0.02827872127872111,6,
CMG,2011-11-21,2011-11-29,0.009694113270228621,5,
EA,2011-11-18,2011-11-29,-0.015334331592683381,6,
JWN,2011-11-18,2011-11-29,-0.05213350256009819,6,
LXK-201611,2011-11-23,2011-11-29,0.012124667785045284,3,
NEM,2011-11-21,2011-11-29,0.010340193881428483,5,
PCP-201601,2011-11-18,2011-11-29,0.005722390816730538,6,
RL,2011-11-23,2011-11-29,0.022223684195805227,3,
PNW,2011-12-09,2011-12-13,0.01500222347946556,2,
NI,2011-12-09,2011-12-14,0.010721189974811862,3,
CL,2011-12-15,2011-12-16,0.011563633916247484,1,
FDO-201507,2011-12-14,2011-12-16,0.024726293390950227,2,
EL,2011-12-14,2011-12-19,0.017265928181504853,3,
BBWI,2011-12-14,2011-12-21,-0.008882572155281543,5,
COST,2011-12-14,2011-12-21,-0.0017591999182304807,5,
CTRA,2011-12-09,2011-12-21,-0.048634762443638624,8,
EQT,2011-12-09,2011-12-21,-0.05090598432829552,8,
NSC,2011-12-15,2011-12-21,-0.007197324493888768,4,
RRC,2011-12-13,2011-12-21,-0.04793016813289375,6,
SNDK-201605,2011-12-16,2011-12-21,0.00774568182129487,3,
RL,2011-12-15,2011-12-27,-0.010338434214188452,7,
TGT,2011-12-16,2011-12-27,-0.020081211114889808,6,
VFC,2011-12-19,2011-12-27,-0.005620070347871264,5,
AZO,2012-01-04,2012-01-05,0.01603458855097073,1,
ORLY,2012-01-04,2012-01-06,0.02232484011617042,2,
JCP,2012-01-06,2012-01-09,0.02565957962690746,1,
DF,2012-01-06,2012-01-10,0.021451293067834776,2,
PPL,2012-01-04,2012-01-10,0.0018084957943806934,4,
BF-B,2012-01-09,2012-01-11,0.039374629324798516,2,
BMY,2012-01-06,2012-01-11,0.004420053064859708,3,
MO,2012-01-04,2012-01-11,0.015923873151371337,5,
RAI-201707,2012-01-05,2012-01-11,0.018308738407994296,4,
TSN,2012-01-04,2012-01-11,-0.005444466414204818,5,
VRSN,2012-01-10,2012-01-11,0.008145457826561397,1,
NI,2012-01-11,2012-01-17,0.02748458553500699,3,
CL,2012-01-06,2012-01-18,-0.009283533983328596,7,
ED,2012-01-05,2012-01-18,-0.0019980019980018193,8,
JWN,2012-01-17,2012-01-18,-0.0024057658378392466,1,
MA,2012-01-05,2012-01-18,-0.02402857230610922,8,
AIZ,2012-01-12,2012-01-19,0.033352750256849806,4,
JCP,2012-01-18,2012-01-20,0.05874994570646774,2,
D,2012-01-11,2012-01-23,-0.013890520794049732,7,
DTE,2012-01-20,2012-01-23,0.008156849778186315,1,
DUK,2012-01-11,2012-01-23,-0.008520921464320375,7,
EIX,2012-01-20,2012-01-23,0.008236632108622688,1,
ES,2012-01-10,2012-01-23,-0.024776913677472145,8,
CTRA,2012-01-12,2012-01-24,-0.08260859940631204,7,
TE-201606,2012-01-18,2012-01-24,-0.002544552927904453,4,
TEG-201506,2012-01-12,2012-01-25,-0.03330934799466245,8,
AEE,2012-01-20,2012-01-26,0.009059328749735807,4,
AEP,2012-01-25,2012-01-26,0.014737920960713025,1,
BMY,2012-01-20,2012-01-26,0.004739084740157162,4,
ED,2012-01-25,2012-01-26,0.018075306478823494,1,
FITB,2012-01-23,2012-01-26,0.025199604028221856,3,
GIS,2012-01-25,2012-01-26,0.008167977303806806,1,
LLY,2012-01-24,2012-01-26,0.013234754426622697,2,
AET-201811,2012-01-26,2012-01-30,0.005687894369341251,2,
GOOGL,2012-01-26,2012-01-30,0.008593074298383518,2,
M,2012-01-27,2012-01-31,0.03261309045717686,2,
VZ,2012-01-24,2012-01-31,-0.0064626996891625765,5,
HUM,2012-01-26,2012-02-01,-0.004330550795347388,4,
LIN,2012-01-26,2012-02-01,0.0030789832575073284,4,
HAR-201703,2012-02-01,2012-02-02,0.021048930076222216,1,
KMB,2012-01-26,2012-02-02,0.003696930529181186,5,
NOC,2012-01-30,2012-02-02,0.0023044724334335687,3,
TEL,2012-01-30,2012-02-02,0.023077378716071628,3,
CVX,2012-02-02,2012-02-03,0.016212700239504052,1,
NSC,2012-01-30,2012-02-06,0.011882862599897459,5,
PBCT,2012-01-23,2012-02-06,-0.02068224710612765,10,
PCAR,2012-02-03,2012-02-06,0.00916683329995327,1,
TGNA,2012-01-31,2012-02-06,0.0422483463510519,4,
TSN,2012-01-25,2012-02-06,0.02196686811945403,8,
VIAB,2012-02-03,2012-02-06,0.005949205865383611,1,
XOM,2012-01-31,2012-02-06,-0.002585561259487501,4,
KMX,2012-02-01,2012-02-07,-0.024716771429432738,4,
ETR,2012-02-06,2012-02-08,-0.004562995605251641,2,
OKE,2012-02-02,2012-02-08,0.006532993444419599,4,
SE-201702,2012-02-03,2012-02-08,0.011881916205688237,3,
SWY-201501,2012-02-07,2012-02-09,0.008143357796937867,2,
AMGN,2012-02-10,2012-02-14,0.01746241328035425,2,
BIIB,2012-02-10,2012-02-14,0.011908139812281338,2,
GIS,2012-02-08,2012-02-14,-0.0035178367215606965,4,
HSY,2012-02-09,2012-02-15,0.0049532886179766145,4,
VAR,2012-02-10,2012-02-15,0.020631022960577283,3,
MON-201806,2012-02-10,2012-02-16,-0.002513365797641276,4,
HP,2012-02-10,2012-02-17,0.05036134793265412,5,
INTU,2012-02-14,2012-02-17,0.024004553885358382,3,
JOY-201704,2012-02-10,2012-02-17,0.00859649904235904,5,
KLAC,2012-02-14,2012-02-17,0.044241354487782436,3,
NUE,2012-02-15,2012-02-17,0.016568354567347177,2,
SYK,2012-02-10,2012-02-17,0.0024656982501307656,5,
EQR,2012-02-10,2012-02-21,0.0036627174818992803,6,
XEL,2012-02-16,2012-02-21,0.0036983418026594883,2,
HRB,2012-02-14,2012-02-22,-0.004444024720239748,5,
MDLZ,2012-02-21,2012-02-22,-0.007163663596562175,1,
MS,2012-02-15,2012-02-22,0.0006022761206172511,4,
AON,2012-02-17,2012-02-23,-0.005336575453148917,3,
CAG,2012-02-23,2012-02-24,0.021654963349972522,1,
FDO-201507,2012-02-17,2012-02-24,-0.01298881656346873,4,
VTR,2012-02-22,2012-02-24,0.0049523138318909865,2,
AKAM,2012-02-24,2012-02-27,-0.000641200822995347,1,
DHI,2012-02-22,2012-02-28,0.013763645487768095,4,
GILD,2012-02-21,2012-02-28,-0.02879719679818804,5,
LEN,2012-02-22,2012-02-28,0.012593941508102668,4,
WELL,2012-02-22,2012-02-28,0.018863534649674163,4,
ADI,2012-02-27,2012-02-29,0.026162036832622748,2,
WIN,2012-02-23,2012-02-29,0.006277304784767512,4,
AFL,2012-02-23,2012-03-01,0.006501008105910255,5,
VIAB,2012-02-24,2012-03-01,0.011451593258289483,4,
ETR,2012-02-29,2012-03-02,0.0011305173715390193,2,
TRV,2012-02-29,2012-03-02,-0.01464394607914099,2,
AEP,2012-02-24,2012-03-05,-0.0014696669674556517,6,
CINF,2012-03-05,2012-03-06,0.011609724536335575,1,
GAS-201606,2012-02-28,2012-03-06,-0.01962002185827083,5,
POM-201603,2012-02-28,2012-03-06,-0.021180640300518583,5,
APOL-201702,2012-02-17,2012-03-08,-0.18872957920212552,13,
JCP,2012-03-02,2012-03-08,-0.003530638800667063,4,
PNW,2012-03-02,2012-03-08,0.0016233923427750874,4,
VMC,2012-03-01,2012-03-08,-0.010518290302819144,5,
AMAT,2012-03-06,2012-03-09,0.01891570237066076,3,
CAT,2012-03-06,2012-03-09,0.03836407163602118,3,
CSCO,2012-03-06,2012-03-09,0.013411150512703474,3,
NBL,2012-03-01,2012-03-09,-0.022993550567079857,6,
PDCO,2012-02-28,2012-03-09,-0.037740832820247316,8,
DE,2012-03-08,2012-03-12,0.0031250335065864387,2,
KDP,2012-02-28,2012-03-12,-0.006678581966917951,9,
VRSN,2012-03-08,2012-03-12,0.01810522559443206,2,
BF-B,2012-03-09,2012-03-13,0.013757970241188522,2,
PSA,2012-03-08,2012-03-13,0.0004896250756665221,3,
XOM,2012-03-12,2012-03-13,0.0144188283936042,1,
AFL,2012-03-09,2012-03-14,0.026803417893429105,3,
OXY,2012-03-08,2012-03-14,-0.013446598162698775,4,
SEE,2012-03-09,2012-03-14,0.010823195304181965,3,
MCD,2012-03-13,2012-03-15,-0.0003516056892083341,2,
ORLY,2012-03-19,2012-03-21,0.0048346249018589305,2,
NI,2012-03-21,2012-03-22,-0.012873262233478067,1,
PRGO,2012-03-16,2012-03-22,0.0005469436058893606,4,
RAI-201707,2012-03-16,2012-03-22,-0.0022397074952174023,4,
AZO,2012-03-20,2012-03-23,0.0012354695072367416,3,
SO,2012-03-20,2012-03-26,0.0039020128756588335,4,
TGT,2012-03-22,2012-03-26,0.01153067940261554,2,
COL-201811,2012-03-21,2012-03-27,0.013881656219947525,4,
DRI,2012-03-26,2012-03-27,0.0012874267009606033,1,
DUK,2012-03-21,2012-03-27,0.0027862713996529287,4,
ETR,2012-03-22,2012-03-27,0.01252428256534821,3,
PH,2012-03-23,2012-03-27,0.02017199243661527,2,
RTX,2012-03-22,2012-03-27,0.012935585229682411,3,
VLO,2012-03-21,2012-03-27,-0.019417676595344102,4,
XL-201809,2012-03-22,2012-03-27,0.028892536035393546,3,
GPC,2012-03-26,2012-03-28,0.01092319601392222,2,
SWY-201501,2012-03-22,2012-03-30,-0.015550426840024834,6,
ICE,2012-03-28,2012-04-02,-0.004684363700623528,3,
AZO,2012-04-02,2012-04-03,0.017023911935623914,1,
CBRE,2012-03-30,2012-04-03,0.0075402736868968034,2,
DO,2012-03-30,2012-04-03,0.012470118433352662,2,
PAYX,2012-04-02,2012-04-03,0.030977720826715238,1,
TSN,2012-03-30,2012-04-03,0.006275582132026392,2,
VMC,2012-03-29,2012-04-03,0.014737484594574024,3,
VZ,2012-03-28,2012-04-03,-0.0009586634461461463,4,
DHI,2012-04-04,2012-04-10,0.0007343760161946378,3,
EBAY,2012-04-05,2012-04-10,0.01485065816111475,2,
HOT-201609,2012-04-04,2012-04-12,0.006722932992730746,5,
LXK-201611,2012-03-28,2012-04-12,-0.03699480311664549,10,
OI,2012-04-10,2012-04-12,0.04837016925995652,2,
GE,2012-04-10,2012-04-13,0.0011337817920011872,3,
GNW,2012-03-30,2012-04-13,-0.09687851769366729,9,
MAS,2012-04-03,2012-04-13,-0.0568468227175879,7,
MSFT,2012-04-05,2012-04-13,-0.01032804216117078,5,
STJ-201701,2012-04-05,2012-04-13,-0.03047786554437093,5,
ES,2012-04-13,2012-04-17,0.009109464259226208,2,
MU,2012-04-05,2012-04-17,-0.06722688994313752,7,
PCAR,2012-04-12,2012-04-17,0.019401189210250802,3,
PFE,2012-04-13,2012-04-17,0.0076069062216475025,2,
PGR,2012-04-13,2012-04-17,0.011267471886426517,2,
SCG-201812,2012-04-12,2012-04-17,0.009572378065217046,3,
AAPL,2012-04-16,2012-04-18,0.0039894270779865515,2,
MRK,2012-04-16,2012-04-18,0.012755992862703014,2,
SJM,2012-04-12,2012-04-18,-0.0036238807929280803,4,
FOSL,2012-04-17,2012-04-19,0.028296397908342596,2,
ANDV-201809,2012-03-30,2012-04-20,-0.15879584856362794,14,
MPC,2012-04-17,2012-04-23,-0.027301569146750415,4,
WHR,2012-04-18,2012-04-24,-0.03721644403300117,4,
AES,2012-04-20,2012-04-26,-0.00035794078887285696,4,
M,2012-04-24,2012-04-26,0.027067548154025234,2,
XLNX,2012-04-24,2012-04-26,0.08500129163469339,2,
ADSK,2012-04-24,2012-04-27,0.022939312401586198,3,
BAC,2012-04-24,2012-04-27,0.00888931098420409,3,
CME,2012-04-23,2012-04-27,0.010117980466874066,4,
COP,2012-04-26,2012-04-27,0.0162572952991753,1,
INTU,2012-04-23,2012-04-27,0.01472043698671266,4,
NUE,2012-04-24,2012-04-27,0.01335199822786226,3,
PGR,2012-04-23,2012-04-27,0.022797100163643336,4,
LO-201506,2012-04-26,2012-04-30,0.04391808869305791,2,
RAI-201707,2012-04-26,2012-04-30,0.02063242879569427,2,
VIAV,2012-04-24,2012-04-30,0.010172762369907273,4,
ESRX-201812,2012-05-01,2012-05-02,0.010329627408037778,1,
AET-201811,2012-04-30,2012-05-03,0.03614661919039941,3,
ELV,2012-04-30,2012-05-03,0.0013661513703502326,3,
AVP,2012-05-02,2012-05-04,0.08338434106876758,2,
PG,2012-05-01,2012-05-04,0.016751934917283995,3,
UNH,2012-05-01,2012-05-09,-0.01796038539457201,6,
BALL,2012-04-27,2012-05-11,-0.02181957336892093,10,
MSFT,2012-05-09,2012-05-11,0.014530682671548556,2,
SLM,2012-05-03,2012-05-11,-0.05241597746706894,6,
MWV-201507,2012-05-02,2012-05-15,-0.029695516796720445,9,
CI,2012-04-30,2012-05-22,-0.05374466048744986,16,
NOV,2012-05-04,2012-05-22,-0.06913129584961475,12,
SCHW,2012-05-11,2012-05-22,-0.04508832783863914,7,
SWY-201501,2012-04-27,2012-05-22,-0.1092949304216908,17,
WM,2012-04-30,2012-05-22,-0.044894613769919545,16,
BEAM-201404,2012-05-22,2012-05-23,0.029896723522861768,1,
MCO,2012-05-03,2012-05-23,-0.10388098007733226,14,
TEL,2012-05-11,2012-05-23,-0.059696347724952026,8,
MMM,2012-05-15,2012-05-24,-0.00666106262979127,7,
PGR,2012-05-22,2012-05-24,0.0045401199065928655,2,
XL-201809,2012-05-22,2012-05-24,0.003861109536256402,2,
BLK,2012-05-04,2012-05-25,-0.06977198105182947,15,
LOW,2012-05-23,2012-05-25,0.06266911003933151,2,
TGNA,2012-05-22,2012-05-25,0.012666721179831697,3,
MCK,2012-05-23,2012-05-29,0.010758594888575113,3,
INTC,2012-05-24,2012-05-30,0.010881958390335678,3,
LLTC-201703,2012-05-11,2012-05-30,-0.04643197327504289,12,
BIIB,2012-05-31,2012-06-05,-0.0036807247525539877,3,
FE,2012-05-24,2012-06-05,-0.004343245016408037,7,
ABT,2012-06-05,2012-06-07,0.019943449829703086,2,
COV-201501,2012-05-31,2012-06-07,0.004734856508179286,5,
CPB,2012-05-22,2012-06-07,-0.031207789396450192,11,
CRM,2012-06-01,2012-06-07,0.02833460983619296,4,
ECL,2012-06-04,2012-06-07,0.05096050585884804,3,
FITB,2012-05-31,2012-06-07,-0.036437683901918705,5,
JCI,2012-06-04,2012-06-07,0.03135273186728438,3,
OMC,2012-05-31,2012-06-07,-0.03057695012173267,5,
PFE,2012-05-24,2012-06-07,-0.01055873052478229,9,
PM,2012-06-05,2012-06-07,0.029139674705629393,2,
NKE,2012-06-15,2012-06-20,0.02099832896315812,3,
HSH-201408,2012-06-12,2012-06-21,-0.01582358124174421,7,
AEP,2012-06-22,2012-06-27,0.006136591876775066,3,
CL,2012-06-22,2012-06-27,0.001597687903886369,3,
EIX,2012-06-21,2012-06-27,-0.013723106783426142,4,
FDO-201507,2012-06-22,2012-06-27,0.00027502746363960995,3,
PCG,2012-06-21,2012-06-27,-0.006452390636661032,4,
EQR,2012-06-22,2012-06-28,-0.012009725769966395,4,
NI,2012-06-21,2012-06-28,-0.029542879388816612,5,
SCG-201812,2012-06-22,2012-06-28,0.0009811084437951756,4,
ADM,2012-06-20,2012-06-29,-0.023463949474284096,7,
FII,2012-06-27,2012-06-29,0.03990652204937928,2,
OMC,2012-06-27,2012-06-29,0.0342337699425872,2,
BMS,2012-06-22,2012-07-02,-0.01710017599046587,6,
MDLZ,2012-06-27,2012-07-02,0.01414577532083583,3,
NWL,2012-06-27,2012-07-02,0.04380812668860612,3,
ROP,2012-06-27,2012-07-02,0.0068063590700406795,3,
SNA,2012-06-28,2012-07-02,0.04370050599441111,2,
HOG,2012-06-28,2012-07-03,0.018989033607431205,3,
AZO,2012-06-28,2012-07-05,0.000464263237739182,4,
CMG,2012-06-29,2012-07-06,-0.010671516105538514,4,
FDO-201507,2012-07-02,2012-07-06,0.022428093133637805,3,
UNH,2012-07-05,2012-07-10,0.023279369377573023,3,
ICE,2012-07-11,2012-07-12,0.005828619500115373,1,
DUK,2012-07-09,2012-07-13,0.024341797036173674,4,
DIS,2012-07-11,2012-07-16,0.008728643643389544,3,
SNI-201803,2012-07-10,2012-07-16,-0.019365456932733394,4,
PSKY,2012-07-12,2012-07-17,0.030269199913093292,3,
CCL,2012-07-10,2012-07-18,-0.037259908064335545,6,
DISCA,2012-07-10,2012-07-18,-0.026616282156848747,6,
PRGO,2012-07-11,2012-07-18,-0.01072664869563611,5,
WYND,2012-07-13,2012-07-18,0.005994005994006013,3,
AMZN,2012-07-11,2012-07-19,0.006115441683037348,6,
HRL,2012-07-11,2012-07-19,-0.00990957238110235,6,
MJN-201706,2012-07-02,2012-07-20,-0.07656851243401686,13,
MNST,2012-07-20,2012-07-26,-0.010239778954185819,4,
SLM,2012-07-20,2012-07-26,0.039122853510642264,4,
CINF,2012-07-23,2012-07-27,0.0414290174149039,4,
DGX,2012-07-23,2012-07-27,0.0005741288180227677,4,
LUV,2012-07-23,2012-07-27,-0.003142525862557921,4,
NTRS,2012-07-26,2012-07-27,0.011197230744990128,1,
PWR,2012-07-23,2012-07-27,0.0499716468746223,4,
WFM-201708,2012-07-20,2012-07-27,0.051113490469926415,5,
FII,2012-07-23,2012-07-30,-0.022585469540282732,5,
FIS,2012-07-19,2012-07-30,-0.04123521688107645,7,
RTN,2012-07-27,2012-07-30,0.014031232501756419,1,
AAPL,2012-07-27,2012-07-31,0.04698131015502849,2,
DF,2012-07-16,2012-07-31,-0.15287486438665365,11,
EQR,2012-07-27,2012-07-31,-0.0015247161943334753,2,
GL,2012-07-27,2012-07-31,0.00806866793036698,2,
LO-201506,2012-07-26,2012-08-01,-0.00013692601105175228,4,
ZBH,2012-07-27,2012-08-02,-0.0030173766168183347,4,
BALL,2012-08-03,2012-08-06,0.020830441137225764,1,
FMC,2012-08-02,2012-08-06,0.03862723917289412,2,
FRX-201406,2012-08-03,2012-08-06,0.009452504017721797,1,
MNST,2012-08-03,2012-08-06,0.028374628521857348,1,
USB,2012-08-03,2012-08-06,-0.001102587823927137,1,
EFX,2012-08-03,2012-08-07,0.0003684741898981603,2,
HRB,2012-08-03,2012-08-07,0.00937886086712747,2,
URBN,2012-08-03,2012-08-07,0.011519694094164867,2,
AZO,2012-08-02,2012-08-08,0.00593775163387078,4,
MCK,2012-07-27,2012-08-08,-0.057418785894536306,8,
MKC,2012-08-08,2012-08-09,0.006705024775673474,1,
CLX,2012-08-07,2012-08-10,-0.0012995674606757213,3,
WELL,2012-08-08,2012-08-14,0.0045644691042827645,4,
FE,2012-08-08,2012-08-15,0.0034412939538248644,5,
KMB,2012-08-07,2012-08-15,-0.015421893727149194,6,
TJX,2012-08-14,2012-08-15,0.00290511689011419,1,
AIV,2012-08-09,2012-08-16,-0.001980249432257719,5,
PSA,2012-08-08,2012-08-16,-0.013656081879634963,6,
VTR,2012-08-08,2012-08-16,-0.025033510434953055,6,
BEAM-201404,2012-08-16,2012-08-17,0.007746798655889453,1,
CCL,2012-08-16,2012-08-17,0.005717693396765977,1,
COF,2012-08-15,2012-08-17,0.02425093017107316,2,
EQR,2012-08-08,2012-08-17,-0.013610283521787614,7,
CVC-201606,2012-08-17,2012-08-21,0.01117694187001117,2,
EXPE,2012-08-15,2012-08-21,-0.0039008138682357085,4,
RRD,2012-08-17,2012-08-21,0.007636771916740059,2,
DOC,2012-08-08,2012-08-22,-0.014051189283724508,10,
COR,2012-08-15,2012-08-23,-0.012631472302278457,6,
SO,2012-08-16,2012-08-23,-0.015296093315713466,5,
WEC,2012-08-17,2012-08-23,-0.0012229867029437402,4,
POM-201603,2012-08-23,2012-08-27,0.002164675783028258,2,
VZ,2012-08-21,2012-08-27,-0.015925749439423154,4,
NI,2012-08-23,2012-08-28,-0.0024099747317067877,3,
ETR,2012-08-21,2012-08-29,-0.015354487697245345,6,
XEL,2012-08-22,2012-08-29,-0.010488617342537143,5,
IRM,2012-08-29,2012-08-30,0.021334280338584977,1,
PDCO,2012-08-27,2012-08-30,-0.005784933105423384,3,
WM,2012-08-28,2012-08-30,0.009726001848568089,2,
EQT,2012-08-29,2012-09-04,0.002665551104726438,3,
RVTY,2012-08-30,2012-09-04,0.018918259371397683,2,
ED,2012-08-10,2012-09-05,-0.034408813402156735,17,
AEE,2012-08-17,2012-09-06,-0.01946008117321496,13,
CMCSA,2012-08-21,2012-09-06,6.273001285483915e-05,11,
LUV,2012-08-30,2012-09-06,0.029577170985083168,4,
BKR,2012-08-30,2012-09-07,-0.00637513709929538,5,
DUK,2012-08-23,2012-09-07,-0.016970268675436495,10,
SRE,2012-09-06,2012-09-07,0.011760183571345895,1,
TEG-201506,2012-08-10,2012-09-07,-0.05693713206069029,19,
VIAB,2012-09-06,2012-09-07,0.010084346646090037,1,
WDC,2012-09-04,2012-09-07,0.01270639568334575,3,
PCG,2012-09-06,2012-09-10,0.007693535846266419,2,
EMR,2012-09-05,2012-09-11,-0.001797512852431793,4,
FE,2012-08-27,2012-09-14,-0.024968747018737192,13,
PM,2012-09-13,2012-09-14,0.02747304093287828,1,
PPL,2012-09-13,2012-09-14,0.013947840893923091,1,
STX,2012-09-04,2012-09-14,-0.04222998609552342,8,
RAI-201707,2012-09-11,2012-09-17,-0.017906879828747724,4,
PEP,2012-09-13,2012-09-19,0.006097356781999297,4,
JCI,2012-09-19,2012-09-20,0.008458975265572155,1,
M,2012-09-18,2012-09-20,0.0037048982052341195,2,
AMGN,2012-09-17,2012-09-21,0.015111299146085999,4,
EW,2012-09-18,2012-09-24,0.016928743546172464,4,
BEAM-201404,2012-09-17,2012-09-25,-0.01875265653457947,6,
WEC,2012-09-13,2012-09-25,-0.005205264271427423,8,
TJX,2012-09-25,2012-09-27,0.00024466490020036424,2,
INTU,2012-09-20,2012-09-28,0.0029748758254464214,6,
PLD,2012-09-21,2012-09-28,-0.031202362292959807,5,
JWN,2012-09-19,2012-10-01,-0.024054269634184777,8,
NOV,2012-09-21,2012-10-01,-0.01503495714069325,6,
SCHW,2012-09-21,2012-10-02,-0.04206648143984426,7,
DOC,2012-09-19,2012-10-03,-0.012313834687698866,10,
PSA,2012-09-28,2012-10-03,0.0053535275240068625,3,
TEL,2012-09-25,2012-10-03,-0.03438231514501344,6,
UNP,2012-09-21,2012-10-03,-0.01714041209417816,8,
BIIB,2012-10-01,2012-10-04,0.023761574704814548,3,
CA-201811,2012-09-27,2012-10-05,-0.004324346981689264,6,
FTR,2012-10-03,2012-10-05,0.014989266053095918,2,
GEN,2012-09-24,2012-10-05,-0.014479786136646688,9,
ICE,2012-10-03,2012-10-05,0.014905596573459468,2,
TGT,2012-10-03,2012-10-05,0.010475064028562464,2,
URBN,2012-09-28,2012-10-05,-0.010948696616030595,5,
LUMN,2012-10-02,2012-10-08,0.015864492226342453,4,
RTN,2012-10-03,2012-10-08,0.010408604192882365,3,
PCL-201602,2012-10-04,2012-10-09,-0.004802034771596797,3,
AVY,2012-10-05,2012-10-12,0.0009950113781442838,5,
WBA,2012-10-10,2012-10-12,0.015112206511869397,2,
WYNN,2012-10-09,2012-10-12,0.0036659893361634666,3,
DF,2012-10-05,2012-10-15,-0.02851652560012885,6,
PWR,2012-10-10,2012-10-15,0.0021259101434736305,3,
SJM,2012-10-10,2012-10-16,-0.002946694770841418,4,
STX,2012-10-10,2012-10-16,-0.001649042268231593,4,
THC,2012-10-10,2012-10-16,0.015613801730531174,4,
ZBH,2012-10-10,2012-10-16,0.004134330921865992,4,
BCR-201712,2012-10-12,2012-10-17,-0.00502491344874656,3,
DRI,2012-10-16,2012-10-17,0.012616753718873941,1,
GAS-201606,2012-10-15,2012-10-17,0.02288982837611253,2,
LDOS,2012-10-01,2012-10-17,-0.06865324830000208,12,
MO,2012-10-12,2012-10-17,0.018736543455677435,3,
SWK,2012-10-15,2012-10-17,-0.034754214967935626,2,
VLO,2012-10-16,2012-10-17,0.015120403998551524,1,
MDLZ,2012-10-17,2012-10-18,0.014979808277114648,1,
T,2012-10-12,2012-10-18,-0.01301042623452875,4,
USB,2012-10-16,2012-10-18,0.020376033672447225,2,
VZ,2012-10-17,2012-10-18,0.015859725245383816,1,
WFC,2012-10-17,2012-10-18,0.016826656529683737,1,
EXPE,2012-10-22,2012-10-24,0.04003924051133412,2,
LHX,2012-10-16,2012-10-25,-0.0013581464500193041,7,
STJ-201701,2012-10-19,2012-10-25,0.0027651323808066675,4,
CVS,2012-10-17,2012-10-26,-0.021028129318218514,7,
ANDV-201809,2012-10-24,2012-10-31,0.052945411203422665,3,
PM,2012-10-19,2012-10-31,0.010227909144407299,6,
TFC,2012-10-17,2012-10-31,-0.08738017093327877,8,
EL,2012-10-31,2012-11-01,-0.030526317281878046,1,
PNR,2012-10-22,2012-11-01,-0.00864526834362267,6,
SWN,2012-10-22,2012-11-01,-0.02007160920573481,6,
COV-201501,2012-10-31,2012-11-02,0.012518390700208881,2,
DGX,2012-10-18,2012-11-02,-0.01808404614455117,9,
DHR,2012-10-19,2012-11-02,-0.010258316796083689,8,
GE,2012-11-01,2012-11-02,0.02173003985777955,1,
KMB,2012-10-31,2012-11-02,0.016090443921509934,2,
M,2012-11-01,2012-11-02,0.0338446552883076,1,
TGNA,2012-10-26,2012-11-02,0.032375435087419246,3,
DIS,2012-11-01,2012-11-05,0.028987097100577675,2,
PRGO,2012-11-02,2012-11-06,0.012532679499489108,2,
RRC,2012-10-25,2012-11-06,-0.0048294610497015,6,
ALL,2012-11-02,2012-11-07,-0.009876331163303331,3,
CB,2012-11-05,2012-11-07,0.0021121697824080243,2,
TRV,2012-11-02,2012-11-07,-0.01050488765169122,3,
XL-201809,2012-11-02,2012-11-07,-0.019337026609753782,3,
TWC-201605,2012-11-06,2012-11-12,0.0076345950979939126,4,
TDC,2012-10-25,2012-11-13,-0.08620849988294288,11,
AEP,2012-11-13,2012-11-19,0.011344252392602616,4,
AN,2012-11-02,2012-11-19,-0.07571662390265566,11,
CVC-201606,2012-11-06,2012-11-19,-0.14708466715765978,9,
EIX,2012-11-07,2012-11-19,-0.02127039238870554,8,
KIM,2012-11-02,2012-11-19,-0.050173949397131046,11,
NEE,2012-11-08,2012-11-19,-0.005229113896959681,7,
NRG,2012-11-02,2012-11-19,-0.0756666770983041,11,
PNW,2012-11-12,2012-11-19,0.012951781883529412,5,
SCG-201812,2012-11-08,2012-11-19,-0.014340030971160656,7,
BMS,2012-11-19,2012-11-20,0.012956768002639452,1,
CCL,2012-11-19,2012-11-20,0.011201226257672836,1,
FTR,2012-11-19,2012-11-20,0.011895297278128325,1,
VZ,2012-11-19,2012-11-20,0.018758886222739246,1,
WYNN,2012-11-19,2012-11-20,0.0005414117017827902,1,
SRCL,2012-11-19,2012-11-21,-0.008573177124840403,2,
ABT,2012-11-19,2012-11-23,0.00163114156664812,3,
WMT,2012-11-19,2012-11-23,0.015428543518456461,3,
ETR,2012-11-07,2012-11-27,-0.06371925964995195,13,
TMUS,2012-11-30,2012-12-03,0.049080886152009784,1,
PSA,2012-11-30,2012-12-04,0.0092884648972833,2,
BALL,2012-12-05,2012-12-07,0.011720203157523423,2,
SWN,2012-12-03,2012-12-07,-0.003992866071678147,4,
FITB,2012-12-05,2012-12-10,0.021211409186429497,3,
HAS,2012-12-05,2012-12-10,0.006867103416111853,3,
MUR,2012-12-05,2012-12-10,0.001934592717544259,3,
FMC,2012-12-04,2012-12-11,-0.0027380025419316834,5,
RVTY,2012-12-10,2012-12-11,0.01580032273514309,1,
EBAY,2012-12-11,2012-12-12,0.009841334384574685,1,
GPS,2012-12-05,2012-12-12,0.017558092405506542,5,
OKE,2012-11-29,2012-12-12,-0.027109162627110606,9,
IRM,2012-11-28,2012-12-13,-0.022008009873384915,11,
LEN,2012-12-07,2012-12-13,0.03387965477641619,4,
MAS,2012-12-07,2012-12-13,0.015543735787304946,4,
BBWI,2012-12-13,2012-12-18,0.020478301375435937,3,
GPC,2012-12-13,2012-12-18,0.0011607440908314448,3,
LOW,2012-12-11,2012-12-18,0.023209886072505403,5,
SHW,2012-11-30,2012-12-18,0.000990386094041229,12,
TGT,2012-12-13,2012-12-18,0.006723182294981367,3,
TJX,2012-12-12,2012-12-18,0.01807877759062526,4,
VFC,2012-12-10,2012-12-18,-0.006322939607434908,6,
BF-B,2012-12-13,2012-12-19,-0.0018419047597854066,4,
DOC,2012-12-18,2012-12-19,0.011314649206831229,1,
KMX,2012-12-18,2012-12-19,0.003424331500829547,1,
MRSH,2012-12-14,2012-12-19,0.004680496978570758,3,
WMT,2012-12-13,2012-12-19,0.003639657235902094,4,
FIS,2012-12-18,2012-12-21,0.010280714864343787,3,
PG,2012-12-20,2012-12-21,-0.00012588781426936535,1,
EA,2012-12-21,2012-12-27,0.023424174079195836,3,
ACN,2012-12-24,2013-01-02,0.012533002238931612,5,
CF,2012-12-24,2013-01-02,0.04480672695030097,5,
FTR,2012-12-21,2013-01-02,0.00914041315827041,6,
GME,2012-12-21,2013-01-02,-0.013185535192039244,6,
HAS,2012-12-20,2013-01-02,-0.012586146390290875,7,
MO,2012-12-19,2013-01-02,-0.01054869236983913,8,
AMGN,2012-12-24,2013-01-03,0.027260453143361785,6,
CPB,2012-12-27,2013-01-03,0.022781126129698626,4,
PAYX,2012-12-21,2013-01-03,-0.004824318239742609,7,
VZ,2012-12-20,2013-01-03,0.020077596405203346,8,
AGN,2013-01-02,2013-01-08,-0.012602781833550902,4,
CTRA,2013-01-10,2013-01-15,0.008870292011653236,3,
SPGI,2013-01-14,2013-01-15,0.004300835297720962,1,
SWY-201501,2013-01-09,2013-01-15,0.009020032843391368,4,
SYY,2013-01-10,2013-01-15,-0.0013526577816372898,3,
FAST,2013-01-11,2013-01-16,0.0037732767390987743,3,
STZ,2013-01-15,2013-01-16,0.062251052264840956,1,
VIAV,2013-01-15,2013-01-16,0.018571427269237883,1,
AIG,2013-01-16,2013-01-17,0.02568419931629795,1,
ARG-201605,2013-01-15,2013-01-18,0.014496105177849161,3,
BIIB,2013-01-17,2013-01-18,0.0019800990400826723,1,
KMI,2013-01-17,2013-01-18,0.004721644980806072,1,
PPL,2013-01-17,2013-01-18,0.010832455348757986,1,
XRAY,2013-01-15,2013-01-18,0.01961031373806188,3,
ES,2013-01-17,2013-01-22,0.010094247014084123,2,
LIN,2013-01-17,2013-01-22,-0.004993981445989504,2,
SRCL,2013-01-16,2013-01-22,0.0035093845982097083,3,
FMC,2013-01-22,2013-01-23,-3.4074311807463786e-05,1,
POM-201603,2013-01-11,2013-01-23,0.01704178174766402,7,
GOOGL,2013-01-22,2013-01-24,0.04980980406731583,2,
USB,2013-01-18,2013-01-24,0.004374132686447485,3,
SLM,2013-01-18,2013-01-25,0.0051177827106305696,4,
V,2013-01-22,2013-01-25,0.005800888957581796,3,
AMGN,2013-01-16,2013-01-28,-0.023359443346626763,7,
AXP,2013-01-23,2013-01-28,0.00036133045232156213,3,
BEN,2013-01-24,2013-01-28,0.007151079997779641,2,
EA,2013-01-24,2013-01-28,0.06406191673095596,2,
MWV-201507,2013-01-24,2013-01-28,0.028877684815185045,2,
FLS,2013-01-29,2013-01-30,0.025188795868253733,1,
COF,2013-01-22,2013-01-31,-0.009896377933549139,7,
MKC,2013-01-25,2013-01-31,-0.0011973065755154222,4,
JOY-201704,2013-01-28,2013-02-01,0.009233277421579977,4,
NUE,2013-01-31,2013-02-04,0.0016648287545331097,2,
TER,2013-01-25,2013-02-04,0.020852343317841804,6,
CCI,2013-01-31,2013-02-06,-0.0036875529481161795,4,
F,2013-01-28,2013-02-06,-0.028631091897168504,7,
LHX,2013-01-30,2013-02-06,-0.016505092227079632,5,
RL,2013-02-04,2013-02-06,0.08081879697615446,2,
RTN,2013-01-28,2013-02-06,-0.06035035127877075,7,
VAR,2013-01-25,2013-02-06,-0.030582683042597925,8,
GD,2013-02-01,2013-02-07,-0.004550793370274642,4,
LLL,2013-01-29,2013-02-07,-0.020101473208381626,7,
LM,2013-02-04,2013-02-07,0.019616679064027975,3,
LMT,2013-01-29,2013-02-07,-0.02486999302330395,7,
PWR,2013-02-06,2013-02-07,0.011110325152060563,1,
CSX,2013-02-07,2013-02-08,0.005408247218353868,1,
GNW,2013-02-11,2013-02-12,0.02068383947022623,1,
LEN,2013-02-12,2013-02-13,0.03864344103906947,1,
MCO,2013-02-06,2013-02-13,-0.005398346344475891,5,
PHM,2013-02-08,2013-02-13,0.03911429634648189,3,
FLR,2013-02-12,2013-02-14,0.0019249619247412308,2,
SNA,2013-02-08,2013-02-14,0.020516311765120143,4,
FMC,2013-02-13,2013-02-15,0.01119448493115005,2,
LDOS,2013-02-14,2013-02-15,0.013949867710962849,1,
PEP,2013-02-14,2013-02-15,0.0031220181370723576,1,
AFL,2013-02-14,2013-02-19,0.015105852502157457,2,
EFX,2013-02-12,2013-02-19,-0.0005485071267817831,4,
INTU,2013-02-15,2013-02-19,0.016665411480952574,1,
JNPR,2013-02-12,2013-02-19,-0.009336251983310895,4,
CF,2013-02-08,2013-02-20,-0.03768971444120883,7,
URBN,2013-02-14,2013-02-20,0.0028127318141299984,3,
CHRW,2013-02-12,2013-02-21,-0.023620834905700883,6,
CCI,2013-02-15,2013-02-22,0.018506879107269558,4,
EIX,2013-02-15,2013-02-25,0.01374062378042229,5,
TFC,2013-02-19,2013-02-25,0.014135972241949624,4,
A,2013-02-19,2013-02-28,-0.012164764308571496,7,
AET-201811,2013-02-25,2013-02-28,-0.006597089546398038,3,
AN,2013-02-19,2013-02-28,-0.051055277384370545,7,
CAT,2013-02-21,2013-02-28,-0.0049029696260680655,5,
CCL,2013-02-20,2013-02-28,-0.02096312976184256,6,
CI,2013-02-25,2013-02-28,-0.00013136334346419698,3,
DF,2013-02-14,2013-02-28,-0.0324576680052443,9,
STX,2013-02-22,2013-02-28,-0.005742816741383661,4,
GT,2013-02-28,2013-03-04,0.0018792544664574251,2,
OXY,2013-02-19,2013-03-04,-0.033779326821299804,9,
MO,2013-03-01,2013-03-05,0.014967725857805148,2,
RAI-201707,2013-03-04,2013-03-05,0.019000421543774015,1,
VNO,2013-03-01,2013-03-06,0.05362714710302252,3,
FSLR,2013-02-28,2013-03-07,-0.05193451453233322,5,
HUM,2013-02-20,2013-03-08,-0.08074817715414384,12,
JNPR,2013-03-06,2013-03-08,0.0525647314911728,2,
DO,2013-03-06,2013-03-11,-0.006839822923327743,3,
DNB,2013-03-11,2013-03-12,0.00837052545651873,1,
GIS,2013-03-12,2013-03-13,0.014649930848921855,1,
AMAT,2013-03-13,2013-03-14,0.011358181403774203,1,
MRSH,2013-03-13,2013-03-14,0.002880886260969273,1,
NKE,2013-03-13,2013-03-14,0.020899628793227043,1,
AON,2013-03-13,2013-03-15,-0.0046669635488255645,2,
CCL,2013-03-13,2013-03-15,-0.03516075521093864,2,
DVA,2013-03-13,2013-03-15,3.8263982631958626e-05,2,
EXPD,2013-03-13,2013-03-18,-0.011334834968034557,3,
PSA,2013-03-13,2013-03-18,0.0027533981158596177,3,
VLO,2013-03-12,2013-03-18,-0.002227092854306889,4,
CL,2013-03-15,2013-03-21,0.008340766241992537,4,
EL,2013-03-18,2013-03-21,0.009299518587017053,3,
GWW,2013-03-14,2013-03-21,-0.003816114849739538,5,
RL,2013-03-14,2013-03-21,-0.02791645565564349,5,
VRSN,2013-03-15,2013-03-21,-0.0017789865334272292,4,
AMT,2013-03-13,2013-03-22,0.0049635644314187655,7,
CRM,2013-03-18,2013-03-25,0.0016455841883635802,5,
HD,2013-03-18,2013-03-25,0.01768510755191155,5,
INTU,2013-03-18,2013-03-25,0.009077255203673307,5,
PVH,2013-03-21,2013-03-26,0.01455786101492329,3,
AIG,2013-03-22,2013-03-27,0.004585124372854299,3,
CAH,2013-03-21,2013-03-27,-0.002147316833954971,4,
DE,2013-03-21,2013-03-27,0.0007856066532616612,4,
FDX,2013-03-21,2013-03-28,-0.01715291478705472,5,
ORCL,2013-03-25,2013-03-28,-0.00698022262821818,3,
FMC,2013-03-18,2013-04-01,-0.038264858244120736,9,
MOS,2013-03-27,2013-04-01,0.01960455201715905,2,
PH,2013-03-21,2013-04-01,-0.02763966928718231,6,
ROK,2013-03-27,2013-04-01,0.02411222584970285,2,
RVTY,2013-03-26,2013-04-01,-0.0008081064830683937,3,
PPG,2013-03-25,2013-04-02,-0.013346444300618265,5,
EXPE,2013-04-01,2013-04-03,0.01994513969207201,2,
XYL,2013-03-28,2013-04-05,-0.0005395040492832681,5,
FSLR,2013-04-01,2013-04-08,-0.019930555807594064,5,
SWN,2013-04-01,2013-04-08,0.0030734176227624754,5,
VTRS,2013-03-27,2013-04-08,-0.0071977872626757256,7,
BAC,2013-03-28,2013-04-09,-0.0011826222111410711,7,
CME,2013-04-08,2013-04-09,0.014497890835367233,1,
F,2013-04-02,2013-04-09,-0.013513380382059736,5,
LEN,2013-04-05,2013-04-09,0.05880463102870315,2,
NDAQ,2013-04-03,2013-04-09,0.03648257938101729,4,
VIAV,2013-03-25,2013-04-09,-0.03666633582065837,10,
ZION,2013-04-02,2013-04-09,-0.03006550997750357,5,
HSY,2013-04-09,2013-04-10,0.003497746867972884,1,
LYB,2013-04-02,2013-04-10,-0.034129767785931686,6,
MRO,2013-04-08,2013-04-10,0.029938061938062033,2,
NFLX,2013-04-09,2013-04-10,0.025532873307930748,1,
APTV,2013-04-09,2013-04-11,0.024949650176996574,2,
BAX,2013-04-09,2013-04-11,0.01447209126043214,2,
BWA,2013-04-09,2013-04-11,0.025316344223404563,2,
FDX,2013-04-09,2013-04-11,0.02502318829970185,2,
SEE,2013-04-08,2013-04-11,0.02835430570337505,3,
XOM,2013-04-09,2013-04-12,0.00013995263925248302,3,
ANDV-201809,2013-04-16,2013-04-22,0.037799623689194206,4,
L,2013-04-16,2013-04-22,0.006151768685532355,4,
MWV-201507,2013-04-16,2013-04-22,-0.004300862102996406,4,
THC,2013-04-11,2013-04-22,-0.021571446937116323,7,
BSX,2013-04-16,2013-04-23,-0.029942063018158493,5,
EOG,2013-04-16,2013-04-23,-0.009874961586262443,5,
HES,2013-04-16,2013-04-23,-0.013429371846074623,5,
PSX,2013-04-16,2013-04-23,0.022716038739144295,5,
TWC-201605,2013-04-12,2013-04-23,-0.00830094760730593,7,
AZO,2013-04-22,2013-04-24,0.010613284906815457,2,
FLIR,2013-04-22,2013-04-24,0.018240314818261494,2,
PH,2013-04-16,2013-04-24,0.011319360871659523,6,
EBAY,2013-04-23,2013-04-25,0.023931619255587178,2,
GPC,2013-04-23,2013-04-25,0.01571402043289205,2,
MCD,2013-04-23,2013-04-25,0.018108818426106676,2,
VRSN,2013-04-22,2013-04-25,0.008455801623370007,3,
DELL-201310,2013-04-22,2013-04-26,-0.007211445271146699,4,
SWN,2013-04-23,2013-04-26,0.023235571246934983,3,
BXP,2013-04-29,2013-04-30,0.007818155823812845,1,
MSI,2013-04-25,2013-05-01,0.014736219989043065,4,
COR,2013-04-26,2013-05-02,0.014007661690139894,4,
VIAB,2013-04-29,2013-05-02,0.03597201295651287,3,
ANDV-201809,2013-05-02,2013-05-03,0.03671677071256685,1,
COV-201501,2013-04-29,2013-05-03,0.035367192807193026,4,
HON,2013-05-02,2013-05-03,0.023763911097464785,1,
WHR,2013-05-02,2013-05-03,0.04029764458124707,1,
CLX,2013-04-30,2013-05-06,-0.002692236007877935,4,
EMN,2013-05-02,2013-05-06,0.0585482705659468,2,
MNST,2013-05-03,2013-05-06,0.021360516864105783,1,
ROP,2013-04-30,2013-05-06,0.004466691957405677,4,
TGT,2013-05-03,2013-05-06,0.00803068471194468,1,
DVA,2013-04-30,2013-05-07,-0.002585849839190635,5,
LH,2013-05-02,2013-05-07,0.006727119554542416,3,
K,2013-05-03,2013-05-08,0.0012910817995566148,3,
OKE,2013-05-03,2013-05-08,0.004526219233327744,3,
WBA,2013-05-06,2013-05-08,0.01667951511993948,2,
DELL-201310,2013-05-08,2013-05-10,0.005517073288157981,2,
EXC,2013-05-06,2013-05-10,-0.00031031979617746064,4,
LLY,2013-05-02,2013-05-10,-0.008428399244557738,6,
MRK,2013-05-07,2013-05-10,0.007738562295671825,3,
NFLX,2013-05-08,2013-05-10,0.053909218929554914,2,
HES,2013-05-13,2013-05-15,0.03316625612654511,2,
NI,2013-05-09,2013-05-15,-0.028085101914525845,4,
POM-201603,2013-05-10,2013-05-15,0.015129119489045273,3,
PPL,2013-05-07,2013-05-15,-0.007291634644442491,6,
SCG-201812,2013-05-10,2013-05-15,0.013297047779806448,3,
STZ,2013-05-10,2013-05-15,0.01654388600499135,3,
DUK,2013-05-07,2013-05-16,-0.0022220168993779543,7,
FE,2013-05-07,2013-05-16,-0.031020172273181434,7,
PEG,2013-05-07,2013-05-16,-0.021379370749285198,7,
BKR,2013-05-16,2013-05-20,0.03222792360437454,2,
CNX,2013-05-17,2013-05-20,0.007760226223971545,1,
SLB,2013-05-17,2013-05-21,0.017593840099045854,2,
DXC,2013-05-17,2013-05-22,0.032295200504667054,3,
WYND,2013-05-17,2013-05-24,-0.016581567482687798,5,
CMCSA,2013-05-21,2013-05-28,0.013352159161084565,4,
EFX,2013-05-21,2013-05-29,-0.013719872036587644,5,
THC,2013-05-20,2013-05-29,0.006926331273868325,6,
TWX-201806,2013-05-21,2013-05-29,-0.005194498324850416,5,
DE,2013-05-20,2013-05-30,0.005115775213128559,7,
TRV,2013-05-22,2013-05-30,-0.0008035753101479637,5,
CB,2013-05-22,2013-05-31,0.003773409406061079,6,
GEN,2013-05-24,2013-05-31,-0.008088741791948628,4,
DUK,2013-05-29,2013-06-05,-0.006892376827188351,5,
KIM,2013-05-17,2013-06-07,-0.08901390111074703,14,
NRG,2013-05-31,2013-06-07,0.04407565554559678,5,
PNW,2013-05-30,2013-06-07,-0.0035849337033848627,6,
PPL,2013-05-29,2013-06-07,-0.00292836951882236,7,
ACN,2013-06-07,2013-06-10,0.00343400363710189,1,
AEP,2013-05-29,2013-06-10,0.002326113289591314,8,
DHI,2013-05-30,2013-06-10,-0.03968132683743564,7,
EL,2013-06-07,2013-06-10,0.02458929663725873,1,
HRL,2013-06-07,2013-06-10,0.0089494764549225,1,
PCL-201602,2013-05-31,2013-06-10,0.011813726219262133,6,
VRSN,2013-05-28,2013-06-10,-0.03395576419326851,9,
MAC,2013-06-05,2013-06-11,-0.007583275078151153,4,
PGR,2013-06-07,2013-06-11,-0.0015916400834429245,2,
AIV,2013-06-12,2013-06-14,0.002814987097825128,2,
HST,2013-06-13,2013-06-14,0.030215258766734587,1,
IRM,2013-05-17,2013-06-14,-0.24993911114087852,19,
NUE,2013-06-12,2013-06-14,0.029828887851508945,2,
PSKY,2013-06-13,2013-06-14,0.023141676277337098,1,
BEN,2013-06-13,2013-06-17,0.030746195872497273,2,
CHK,2013-06-17,2013-06-18,0.007079086542944868,1,
EA,2013-06-14,2013-06-18,0.041191474881563384,2,
WM,2013-06-10,2013-06-18,-0.003718263860699067,6,
SIAL-201511,2013-06-12,2013-06-19,-0.018786369143382053,5,
TIF,2013-06-14,2013-06-19,0.019240428984452773,3,
ARG-201605,2013-06-12,2013-06-20,-0.05139804016208516,6,
AES,2013-06-20,2013-06-26,0.008299515144690961,4,
MNST,2013-06-21,2013-06-26,0.022898518590977135,3,
PNW,2013-06-20,2013-06-26,-0.0042202913863016445,4,
SLM,2013-06-17,2013-06-26,-0.011039387829378522,7,
CCE,2013-06-26,2013-06-27,0.018636285089401072,1,
DGX,2013-06-21,2013-06-27,0.0014220912972449096,4,
MPC,2013-06-21,2013-06-27,-0.02022146152055626,4,
NOC,2013-06-26,2013-06-27,0.009635112755881359,1,
URBN,2013-06-20,2013-06-27,-0.002249599196821661,5,
VLO,2013-06-21,2013-06-27,-0.014188993197144173,4,
BEAM-201404,2013-06-21,2013-06-28,0.009393982223564246,5,
JEF,2013-06-13,2013-06-28,-0.07328384803908794,11,
NWL,2013-06-26,2013-06-28,0.016260473830580047,2,
TPR,2013-06-26,2013-06-28,0.00658849189571975,2,
LUV,2013-06-27,2013-07-02,0.003367576560979302,3,
BCR-201712,2013-07-05,2013-07-08,0.009325000304262199,1,
MON-201806,2013-06-27,2013-07-08,-0.020801211934597386,6,
SYK,2013-07-05,2013-07-08,0.012062774042660651,1,
ANDV-201809,2013-07-05,2013-07-09,0.03760681569171198,2,
PSX,2013-07-03,2013-07-09,0.037922085972281305,3,
SRE,2013-07-08,2013-07-09,0.006212884929195139,1,
WBA,2013-06-27,2013-07-09,0.0066226132671316496,7,
ETR,2013-07-08,2013-07-10,0.010277851161909268,2,
APA,2013-07-05,2013-07-12,-0.004438962767650323,5,
MU,2013-07-10,2013-07-16,0.015754511325568155,4,
AET-201811,2013-07-18,2013-07-19,0.02525229348229674,1,
CTRA,2013-07-16,2013-07-19,0.03576960811275787,3,
DELL-201310,2013-07-17,2013-07-19,0.02607080419580443,2,
NKE,2013-07-17,2013-07-19,0.00836466313528339,2,
PVH,2013-07-18,2013-07-19,0.01232066080123606,1,
BMY,2013-07-19,2013-07-23,0.02136959974003294,2,
JWN,2013-07-18,2013-07-23,-0.0011889861111650246,3,
FIS,2013-07-23,2013-07-24,-0.0015517579333165221,1,
MRK,2013-07-19,2013-07-24,0.007462658714639803,3,
APH,2013-07-19,2013-07-25,0.017128829159096526,4,
HPQ,2013-07-22,2013-07-25,0.029226605173335196,3,
SHW,2013-07-19,2013-07-25,0.015252832231051006,4,
GPC,2013-07-19,2013-07-26,-0.011102752111578629,5,
MAT,2013-07-18,2013-07-26,-0.029733137490206674,6,
MCD,2013-07-23,2013-07-29,0.002196532569108456,4,
AEP,2013-07-26,2013-07-30,0.022875667150239698,2,
GWW,2013-07-24,2013-07-30,-0.0012255971382748587,4,
TJX,2013-07-25,2013-07-30,0.009069329079968824,3,
GOOGL,2013-07-22,2013-07-31,-0.011966950334839965,7,
MSFT,2013-07-22,2013-07-31,0.006502284635646172,7,
M,2013-07-25,2013-08-01,0.012699789297155428,5,
FTI-201701,2013-07-30,2013-08-02,0.02428482985076208,3,
NBL,2013-07-30,2013-08-02,0.02787655757081109,3,
OXY,2013-07-31,2013-08-02,0.01108019625537926,2,
ROP,2013-07-30,2013-08-02,-0.0019980019980019303,3,
STX,2013-07-29,2013-08-02,0.015305550912419141,4,
TER,2013-07-26,2013-08-02,0.0034193883829700678,5,
LO-201506,2013-07-24,2013-08-05,-0.023020467641079123,8,
CCI,2013-07-31,2013-08-06,-0.02958617114935247,4,
PEP,2013-08-01,2013-08-06,0.0027521445712759274,3,
ADP,2013-08-05,2013-08-07,0.0060943073429935435,2,
K,2013-08-02,2013-08-07,0.00013383016129453473,3,
KMI,2013-07-25,2013-08-07,-0.011871021713202312,9,
PLD,2013-08-02,2013-08-07,-0.006673610162816979,3,
VNO,2013-08-02,2013-08-07,-0.00673799445459522,3,
AVP,2013-08-02,2013-08-08,0.019420305721675746,4,
SO,2013-08-06,2013-08-08,0.0016261505762216188,2,
CBRE,2013-08-08,2013-08-09,0.001907229832571966,1,
CME,2013-08-02,2013-08-09,0.001051465471784141,5,
EIX,2013-08-07,2013-08-09,0.0184156305414811,2,
XOM,2013-08-02,2013-08-09,-0.00879443846596295,5,
AABA,2013-08-07,2013-08-12,0.0067724293282700465,3,
PCL-201602,2013-08-07,2013-08-12,-0.004094644850947349,3,
SWY-201501,2013-08-06,2013-08-12,-0.005993206153334318,4,
INTC,2013-08-09,2013-08-13,0.010471486918412598,2,
ABT,2013-08-09,2013-08-14,0.0010685016682512316,3,
AZO,2013-08-08,2013-08-14,-0.011149155956854728,4,
DLTR,2013-08-12,2013-08-14,0.015484100110964683,2,
LM,2013-08-09,2013-08-14,0.004567800620432383,3,
CCL,2013-08-12,2013-08-15,0.016463055117669878,3,
BDX,2013-08-07,2013-08-21,-0.024330923689463102,10,
CNP,2013-08-15,2013-08-21,-0.013488875667202582,4,
FSLR,2013-08-09,2013-08-21,-0.058112511985483395,8,
REGN,2013-08-13,2013-08-22,-0.04974637795542369,7,
MCD,2013-08-14,2013-08-23,-0.008945835810421743,7,
OXY,2013-08-22,2013-08-23,0.007455575955009008,1,
SE-201702,2013-08-14,2013-08-23,-0.019496575896342017,7,
ABT,2013-08-21,2013-08-26,0.0023186595133346533,3,
CL,2013-08-23,2013-08-26,0.007724518215457721,1,
GE,2013-08-21,2013-08-26,-0.0011565221506334433,3,
JPM,2013-08-12,2013-08-26,-0.03671755770559226,10,
NEE,2013-08-14,2013-08-26,-0.043713651660510666,8,
PNW,2013-08-07,2013-08-26,-0.04686371383891086,13,
SJM,2013-08-23,2013-08-26,0.011288800896516404,1,
HPQ,2013-08-23,2013-08-29,0.011925546708982715,4,
TEG-201506,2013-08-14,2013-08-29,-0.06662767654721014,11,
JBL,2013-08-28,2013-08-30,0.030854367447530562,2,
M,2013-08-28,2013-08-30,0.024603150419789,2,
TSN,2013-08-27,2013-09-03,0.008706343317826049,4,
WMT,2013-08-21,2013-09-03,0.0023672293734398053,8,
CSCO,2013-08-26,2013-09-04,-0.015393989110020878,6,
FIS,2013-08-29,2013-09-04,0.004549995470843893,3,
GPS,2013-08-28,2013-09-04,0.004424783137654709,4,
SIAL-201511,2013-08-29,2013-09-04,0.0014114728609602167,3,
AVP,2013-08-28,2013-09-05,0.004577784101352345,5,
L,2013-08-30,2013-09-05,0.005610088656992085,3,
DISCA,2013-09-05,2013-09-06,0.010228270361204217,1,
EFX,2013-09-03,2013-09-06,-0.0019980019980019303,3,
FDO-201507,2013-09-04,2013-09-06,0.015966033966034132,2,
RSG,2013-09-04,2013-09-10,0.016650383694583937,4,
SE-201702,2013-08-27,2013-09-10,-0.006191287703892656,9,
SWN,2013-09-09,2013-09-10,0.009354930783502358,1,
WM,2013-09-04,2013-09-10,0.01606541376056181,4,
WMB,2013-09-06,2013-09-10,0.008185709477170677,2,
YUM,2013-09-03,2013-09-10,0.011686823407726754,5,
HRB,2013-09-05,2013-09-11,-0.01054375156015075,4,
TFC,2013-09-04,2013-09-11,-0.002883093547831672,5,
CPB,2013-08-30,2013-09-16,-0.01444711221333328,10,
BMS,2013-09-16,2013-09-17,0.000996003996003969,1,
CAG,2013-09-10,2013-09-17,-0.023473579938923517,5,
CMA,2013-09-13,2013-09-17,0.012343949410351884,2,
HCBK-201510,2013-09-13,2013-09-18,0.00904184311263978,3,
MTB,2013-09-13,2013-09-18,0.014261628712621377,3,
NEE,2013-09-18,2013-09-19,0.04546563230676992,1,
CVC-201606,2013-09-18,2013-09-20,0.021423910948810798,2,
CLX,2013-09-23,2013-09-25,0.01445391711005617,2,
ELV,2013-09-19,2013-09-25,-0.003297952653767644,4,
SNDK-201605,2013-09-23,2013-09-25,-0.0018316960493263146,2,
UNH,2013-09-20,2013-09-25,0.022757539050269893,3,
AIZ,2013-09-23,2013-09-26,0.018959803017176258,3,
CI,2013-09-20,2013-09-26,0.0074897548809211845,4,
ESRX-201812,2013-09-19,2013-09-26,-0.007513566490354728,5,
RDC,2013-09-23,2013-09-26,0.017288373031432824,3,
BNY,2013-09-25,2013-09-27,-0.0013377142999748681,2,
CTRA,2013-09-26,2013-09-27,0.013891132200217982,1,
CVS,2013-09-23,2013-09-27,-0.006615948806580008,4,
IP,2013-09-26,2013-09-27,-0.015885869649156725,1,
RRC,2013-09-26,2013-09-27,0.01992310198761227,1,
WPX,2013-09-25,2013-09-27,0.023632867934633595,2,
CAH,2013-09-27,2013-10-01,0.003953940915664589,2,
KEY,2013-09-23,2013-10-01,-0.011544078271343294,6,
APA,2013-10-01,2013-10-02,0.012131296276639114,1,
DELL-201310,2013-10-01,2013-10-02,-0.0012758587288254075,1,
JNJ,2013-09-27,2013-10-02,0.0016808408055477564,3,
LLTC-201703,2013-09-27,2013-10-02,-0.0022507247121075213,3,
PDCO,2013-09-25,2013-10-02,-0.0054598523379493225,5,
PRGO,2013-09-27,2013-10-02,0.020533594291959556,3,
SJM,2013-09-27,2013-10-02,-0.0009529679597044538,3,
ZION,2013-09-27,2013-10-02,0.022001291435766124,3,
FCX,2013-10-02,2013-10-03,0.011960040382725134,1,
SYK,2013-09-26,2013-10-07,-0.022332805354865037,7,
TRV,2013-10-02,2013-10-07,-0.006842625065225261,3,
TSN,2013-09-25,2013-10-07,-0.014853592563566331,8,
WYND,2013-10-02,2013-10-07,-0.009079534327059102,3,
INTC,2013-10-02,2013-10-08,0.005033353236363558,4,
MDLZ,2013-10-02,2013-10-08,0.00027614319709501345,4,
WMT,2013-10-02,2013-10-09,-0.009613216475975794,5,
COST,2013-10-08,2013-10-10,0.011104725001752858,2,
AN,2013-10-07,2013-10-11,-0.01996400950751276,4,
AON,2013-10-02,2013-10-11,-0.00662536638101352,7,
GS,2013-10-08,2013-10-11,0.022981161172879405,3,
LMT,2013-10-07,2013-10-11,0.03100460949463768,4,
MCHP,2013-10-07,2013-10-11,0.009737269602021481,4,
OMC,2013-10-10,2013-10-11,0.0227233111094014,1,
TXN,2013-10-09,2013-10-11,0.01069276613205683,2,
WHR,2013-10-03,2013-10-11,-0.015044283314315843,6,
CVX,2013-10-02,2013-10-14,-0.032587777864521494,8,
TGNA,2013-10-08,2013-10-14,0.006659943193504603,4,
DGX,2013-10-11,2013-10-17,-0.023763913892180244,4,
ADSK,2013-10-22,2013-10-25,0.004197689500988311,3,
IPG,2013-10-22,2013-10-25,0.0011522568340751604,3,
CTRA,2013-10-24,2013-10-28,0.06102164196308868,2,
ETFC,2013-10-25,2013-10-28,0.027024014561106702,1,
MSFT,2013-10-24,2013-10-28,0.05082353869512479,2,
COF,2013-10-24,2013-10-29,-0.0012933543592623664,3,
AIZ,2013-10-25,2013-10-30,0.02110551119422288,3,
BSX,2013-10-25,2013-10-30,0.017011582627966204,3,
CAM-201604,2013-10-24,2013-10-31,-0.061063426369548646,5,
ESRX-201812,2013-10-28,2013-10-31,0.019846536997794928,3,
XRX,2013-10-25,2013-10-31,0.0041499002455851475,4,
ICE,2013-10-30,2013-11-04,0.010719365366162581,3,
NVDA,2013-10-28,2013-11-04,0.0039034967295177303,5,
UNP,2013-10-30,2013-11-04,0.02453014219331484,3,
BWA,2013-10-31,2013-11-05,0.01224225059552908,3,
TEL,2013-10-31,2013-11-05,0.006992988856591831,3,
DLTR,2013-11-04,2013-11-06,0.020683827586422066,2,
F,2013-11-04,2013-11-06,0.009175888413515354,2,
REGN,2013-11-05,2013-11-06,0.019772772121572357,1,
WU,2013-10-31,2013-11-06,0.015036812423284696,4,
GL,2013-10-28,2013-11-07,0.0008561379933837987,8,
LYB,2013-10-29,2013-11-07,0.03202942350658655,7,
PBCT,2013-11-06,2013-11-07,0.007100192934694993,1,
PNC,2013-11-05,2013-11-07,0.013597909121739526,2,
BAC,2013-10-25,2013-11-11,0.0064656786059194005,11,
C,2013-11-04,2013-11-11,0.017414419307380857,5,
TFC,2013-11-06,2013-11-11,-0.0002104948210676083,3,
TWX-201806,2013-11-07,2013-11-11,-0.0037685555130854143,2,
EQT,2013-10-25,2013-11-12,-0.04159855967023185,12,
RVTY,2013-11-06,2013-11-12,-0.0100269596444158,4,
HD,2013-11-11,2013-11-13,0.0035708387700306154,2,
MAS,2013-11-08,2013-11-13,-0.002490102744737044,3,
SWY-201501,2013-11-11,2013-11-13,0.0016081479496115048,2,
ALXN,2013-11-07,2013-11-14,-0.0025097978944131905,5,
CFN-201503,2013-11-11,2013-11-14,0.030502460208576165,3,
MDLZ,2013-11-08,2013-11-14,0.041312089196486435,4,
NI,2013-11-13,2013-11-14,0.024231165079261707,1,
PSA,2013-11-11,2013-11-14,0.004815864540803183,3,
WY,2013-11-06,2013-11-14,-0.009390650219700647,6,
DTE,2013-11-13,2013-11-15,0.015665714562540956,2,
EIX,2013-11-13,2013-11-15,0.005286652244182566,2,
KRFT-201507,2013-11-12,2013-11-15,0.010955641037718067,3,
OMC,2013-11-15,2013-11-18,-0.003275909780172115,1,
WPX,2013-11-12,2013-11-21,-0.02238729012922569,7,
AMAT,2013-11-19,2013-11-22,0.02227131307228203,3,
SPLS-201709,2013-11-21,2013-11-22,0.015706369845660317,1,
DGX,2013-11-18,2013-11-25,-0.012217532711429113,5,
GWW,2013-11-19,2013-11-25,-0.006830660348941642,4,
BBY,2013-11-20,2013-11-26,0.02128273896520616,4,
KSU,2013-11-20,2013-11-26,0.0013669718439457412,4,
WFM-201708,2013-11-20,2013-11-26,0.0035266519195091828,4,
AMT,2013-11-26,2013-11-27,0.010323070181249783,1,
AKAM,2013-11-25,2013-11-29,-0.0031205967702973014,3,
EMN,2013-11-20,2013-11-29,-0.0022577509405734553,6,
X,2013-11-25,2013-11-29,0.02716562375006437,3,
AEE,2013-11-29,2013-12-04,0.003281029901076149,3,
CLF,2013-11-26,2013-12-04,-0.00753803666859032,5,
WIN,2013-11-27,2013-12-04,-0.0011935110217492495,4,
EA,2013-11-18,2013-12-05,-0.11026985436923309,12,
FCX,2013-11-26,2013-12-05,-0.02559080949837178,6,
EQT,2013-12-04,2013-12-06,0.04460739978514905,2,
SHW,2013-12-04,2013-12-06,0.02474220034761787,2,
D,2013-11-29,2013-12-09,-0.002233070757101552,6,
IFF,2013-12-05,2013-12-09,0.01873972777451649,2,
JNJ,2013-12-06,2013-12-09,0.005465737088330869,1,
L,2013-12-04,2013-12-09,0.011203704721787666,3,
XRAY,2013-11-29,2013-12-09,0.002189142299929392,6,
DLTR,2013-11-22,2013-12-10,-0.031500792904005315,11,
GME,2013-11-20,2013-12-10,-0.1427084373934665,13,
JWN,2013-12-09,2013-12-11,0.009211799102780471,2,
PVH,2013-12-10,2013-12-11,0.04904515322995984,1,
WBA,2013-12-05,2013-12-12,0.002530453839354241,5,
QEP,2013-12-10,2013-12-16,-0.014231574876735875,4,
ROST,2013-12-09,2013-12-16,-0.00033462726391020325,5,
BKR,2013-12-12,2013-12-17,0.013053900807783458,3,
COP,2013-12-09,2013-12-17,-0.012324646608256606,6,
NOV,2013-12-11,2013-12-17,-0.004513141515849917,4,
YUM,2013-12-09,2013-12-17,-0.019443215155210636,6,
BCR-201712,2013-12-17,2013-12-19,-0.003797554811829862,2,
BIIB,2013-12-17,2013-12-19,0.013741811876276877,2,
FDO-201507,2013-12-06,2013-12-19,-0.04652439018970633,9,
LO-201506,2013-12-17,2013-12-19,0.0030261723777633698,2,
MJN-201706,2013-12-16,2013-12-19,-0.002832750950805596,3,
PFG,2013-12-16,2013-12-19,-0.004883579773133029,3,
REGN,2013-12-11,2013-12-19,-0.027202799225590324,6,
WMT,2013-12-17,2013-12-19,-0.002896685312398395,2,
APA,2013-12-09,2013-12-20,-0.031683705355244784,9,
MRO,2013-12-19,2013-12-23,0.023769963717744425,2,
AAPL,2013-12-20,2013-12-24,0.042757746574266786,2,
FOSL,2013-12-20,2013-12-24,0.0019380738980481205,2,
GRMN,2013-12-19,2013-12-24,0.005197512014835315,3,
RIG,2013-11-22,2013-12-26,-0.07812167897374711,22,
CME,2013-12-30,2014-01-06,-0.003385700494592969,4,
FTR,2014-01-02,2014-01-06,0.01946440656118087,2,
JNJ,2014-01-03,2014-01-06,0.004998609494862638,1,
LM,2014-01-03,2014-01-06,0.017707031644314197,1,
NDAQ,2014-01-03,2014-01-06,0.008162281641474367,1,
STJ-201701,2014-01-06,2014-01-07,0.036631256605770934,1,
ZBH,2014-01-03,2014-01-07,0.007057131950850559,2,
PG,2014-01-06,2014-01-08,0.002459029706407545,2,
SBUX,2014-01-03,2014-01-08,-0.0022562724132206835,3,
SWN,2014-01-03,2014-01-08,0.004371681420443307,3,
EQT,2014-01-06,2014-01-09,0.005957782820943391,3,
HIG,2014-01-03,2014-01-09,0.005030181086519203,4,
CAT,2014-01-07,2014-01-10,0.005197315202565722,3,
KR,2014-01-06,2014-01-10,0.00436031830852901,4,
DRI,2014-01-07,2014-01-13,0.003922690403959095,4,
MO,2014-01-09,2014-01-13,0.0009578631262958659,2,
ZTS,2014-01-06,2014-01-13,0.0007828133030753914,5,
GME,2014-01-08,2014-01-14,-0.12742987605121703,4,
BRK-B,2014-01-13,2014-01-15,-0.0006971519793316228,2,
FCX,2014-01-10,2014-01-15,0.010629744268827235,3,
NFLX,2014-01-08,2014-01-15,-0.007125520924165407,5,
CB,2014-01-13,2014-01-16,-0.007579622405272879,3,
HUM,2014-01-10,2014-01-21,-0.005187467800602863,6,
WM,2014-01-03,2014-01-21,-0.020943128113362408,11,
CVS,2014-01-21,2014-01-22,-0.0014161481390445596,1,
ICE,2014-01-16,2014-01-23,-0.005104743469756201,4,
SNI-201803,2014-01-14,2014-01-23,-0.021298184371488782,6,
TWX-201806,2014-01-08,2014-01-23,-0.03523505932069715,10,
NKE,2014-01-15,2014-01-29,-0.040989740345565906,9,
PVH,2014-01-15,2014-01-29,-0.0409706830522778,9,
ABT,2014-01-23,2014-01-31,-0.05123985957639188,6,
CMG,2014-01-23,2014-01-31,0.07705598335617614,6,
DISCA,2014-01-09,2014-01-31,-0.06971286004682054,15,
MAT,2014-01-13,2014-01-31,-0.14710149669729533,13,
ROST,2014-01-21,2014-01-31,-0.06700950930312932,8,
LLY,2014-01-31,2014-02-03,0.01660184124375208,1,
YUM,2014-01-15,2014-02-05,-0.022301409828200836,14,
DG,2014-01-23,2014-02-06,-0.031442145024955126,10,
TJX,2014-01-22,2014-02-06,-0.04072644075679377,11,
EMC-201609,2014-01-31,2014-02-07,-0.008148384072788173,5,
MDLZ,2014-02-03,2014-02-07,0.001957526317218461,4,
PSX,2014-02-05,2014-02-07,0.039614759110768505,2,
SHW,2014-01-31,2014-02-07,-0.02188002488013918,5,
TSCO,2014-01-31,2014-02-07,-0.012745498060352634,5,
BA,2014-01-31,2014-02-10,0.034086014056922354,6,
ROK,2014-02-06,2014-02-10,0.018816358416154255,2,
STX,2014-01-29,2014-02-10,-0.031891158919826745,8,
VLO,2014-02-06,2014-02-10,0.052040827796548284,2,
DNB,2014-01-29,2014-02-11,-0.11528569585463144,9,
VRSN,2014-02-07,2014-02-13,-0.03212065290411148,4,
GAS-201606,2014-02-10,2014-02-14,0.012715535615742901,4,
RVTY,2014-02-20,2014-02-21,0.020195300112177517,1,
HBAN,2014-02-20,2014-02-24,0.026194143623020416,2,
MS,2014-02-20,2014-02-24,0.020363284209363064,2,
BAC,2014-02-20,2014-02-25,0.015230188910987597,3,
BNY,2014-02-20,2014-02-25,0.015606242136495085,3,
DE,2014-02-19,2014-02-25,0.00024366751799220765,4,
EMR,2014-02-20,2014-02-25,0.012958597805914795,3,
IVZ,2014-02-24,2014-02-25,0.006931424067049274,1,
LIN,2014-02-25,2014-02-26,0.006993018815263152,1,
AABA,2014-02-24,2014-02-27,0.013281641807024513,3,
MCO,2014-02-26,2014-02-27,0.0014303034551312876,1,
X,2014-02-26,2014-02-28,0.0223537505826108,2,
AMT,2014-02-26,2014-03-03,0.004443970675943598,3,
CME,2014-02-21,2014-03-03,-0.011721447762396808,6,
DUK,2014-02-27,2014-03-03,-0.004395770812203437,2,
NEE,2014-02-27,2014-03-03,0.002636233934095067,2,
RSG,2014-02-28,2014-03-03,0.009627451269931475,1,
BEAM-201404,2014-02-27,2014-03-04,-0.0024781569164537,3,
MU,2014-02-26,2014-03-04,0.02099181707670761,4,
ACN,2014-03-04,2014-03-05,0.00422311181495405,1,
ADSK,2014-03-03,2014-03-05,0.033589400468878594,2,
AES,2014-03-03,2014-03-05,0.02225388202625611,2,
BRCM-201601,2014-02-27,2014-03-05,0.004087376038595547,4,
FLR,2014-02-26,2014-03-05,0.005298596146772416,5,
ORLY,2014-02-27,2014-03-05,-0.01086185067204426,4,
VRTX,2014-03-03,2014-03-05,0.03555916540062243,2,
LRCX,2014-03-04,2014-03-06,0.0034039718594371937,2,
D,2014-03-03,2014-03-13,-0.0009851002427800903,8,
EXPE,2014-03-04,2014-03-13,-0.011145495171055786,7,
POM-201603,2014-03-07,2014-03-13,0.008067575389814508,4,
WDC,2014-03-10,2014-03-14,-0.00991301435624481,4,
GPS,2014-03-07,2014-03-17,0.015840681058072237,6,
JNPR,2014-03-05,2014-03-17,-0.04555406642693183,8,
COL-201811,2014-03-13,2014-03-18,0.0015954991122613116,3,
HRB,2014-03-10,2014-03-18,-0.012212290982276275,6,
CA-201811,2014-03-17,2014-03-19,0.0014804587047934081,2,
DHI,2014-03-10,2014-03-19,0.016163216229378552,7,
ISRG,2014-03-17,2014-03-19,0.008617015207286638,2,
LEN,2014-03-10,2014-03-19,0.009894318207671837,7,
NWL,2014-03-13,2014-03-19,-0.025063774156898755,4,
PHM,2014-03-11,2014-03-19,0.005460887950629045,6,
PXD,2014-03-13,2014-03-19,0.0019489889619759282,4,
DG,2014-03-14,2014-03-20,0.004430679916753277,4,
NFLX,2014-03-18,2014-03-21,0.006815533202347179,3,
YUM,2014-03-20,2014-03-21,0.01836938716737646,1,
BEAM-201404,2014-03-19,2014-03-24,-0.0016381022511564591,3,
CVC-201606,2014-03-18,2014-03-25,-0.010871760130799935,5,
DAL,2014-03-24,2014-03-26,0.03989937470144156,2,
GGP-201808,2014-03-20,2014-03-26,0.006287992450354052,4,
LMT,2014-03-24,2014-03-26,0.012544243612343742,2,
MRK,2014-03-25,2014-03-26,0.026712154450636127,1,
WBA,2014-03-24,2014-03-26,0.012863249737674165,2,
XYL,2014-03-20,2014-03-26,0.011202342176884539,4,
BMY,2014-03-24,2014-03-27,0.00469234448104805,3,
COR,2014-03-24,2014-03-31,-0.00184511255394737,5,
EXPE,2014-03-26,2014-03-31,-0.003518512158009135,3,
GT,2014-03-27,2014-03-31,0.045148523682674524,2,
ALXN,2014-03-24,2014-04-01,-0.042375611486903275,6,
MCO,2014-03-31,2014-04-01,0.015340824619018534,1,
MU,2014-03-31,2014-04-01,0.06692235868375862,1,
NKE,2014-03-26,2014-04-01,-0.004150657347366304,4,
SPGI,2014-03-24,2014-04-01,-0.009128431488773625,6,
TIF,2014-03-26,2014-04-01,-0.0018826260444758658,4,
WYNN,2014-03-26,2014-04-01,0.03663522260115726,4,
EFX,2014-04-01,2014-04-02,0.0222863622306817,1,
MSI,2014-04-01,2014-04-02,0.006680238205583056,1,
NFLX,2014-03-26,2014-04-02,-0.02166320281610823,5,
SWY-201501,2014-03-31,2014-04-02,0.008974934960454428,2,
TRIP,2014-03-26,2014-04-02,-0.01845987492555834,5,
D,2014-04-04,2014-04-09,0.003989983884349568,3,
ADBE,2014-04-07,2014-04-10,0.028170333793777314,3,
ADS,2014-04-04,2014-04-10,-0.015410708944084361,4,
BMY,2014-04-07,2014-04-10,0.00562188592110191,3,
ETFC,2014-04-07,2014-04-10,0.045431795926845764,3,
MA,2014-04-07,2014-04-10,0.025994998717626006,3,
MCK,2014-04-07,2014-04-10,0.006200474330239292,3,
NBR,2014-04-08,2014-04-10,0.01815517255147059,2,
REGN,2014-04-07,2014-04-10,0.08444423066503526,3,
ABT,2014-04-10,2014-04-15,0.002602429134384243,3,
HSY,2014-04-10,2014-04-16,0.008905832113038414,4,
LM,2014-04-08,2014-04-16,-0.016217670974356335,6,
MUR,2014-04-10,2014-04-16,0.03303118866975985,4,
PAYX,2014-04-10,2014-04-16,-0.007314172816525355,4,
PNC,2014-04-10,2014-04-16,-0.013221783294223854,4,
KDP,2014-04-09,2014-04-17,0.014628932236273151,6,
RF,2014-04-11,2014-04-17,0.019740586714299013,4,
STZ,2014-04-16,2014-04-17,0.010211517429544514,1,
UPS,2014-04-16,2014-04-17,0.0047312802765151485,1,
AMAT,2014-04-16,2014-04-21,0.018282206890317676,2,
MDT,2014-04-16,2014-04-21,-0.00881964107709099,2,
CMA,2014-04-11,2014-04-23,0.012318450779989165,7,
HBAN,2014-04-11,2014-04-23,0.0022898648172573477,7,
ISRG,2014-04-15,2014-04-23,-0.09101820005426209,5,
LEN,2014-04-21,2014-04-23,0.003745135118975673,2,
MSI,2014-04-22,2014-04-23,0.012053883189564463,1,
UNH,2014-04-21,2014-04-25,0.009471806646108805,4,
SWY-201501,2014-04-16,2014-04-29,-0.010418734596796542,8,
PLL-201508,2014-04-25,2014-04-30,-0.005325071404366444,3,
STX,2014-04-28,2014-04-30,-0.011224844528835654,2,
COF,2014-04-29,2014-05-01,0.0042530871921035995,2,
DXC,2014-04-25,2014-05-01,-0.00013732528191856552,4,
EMC-201609,2014-04-25,2014-05-01,0.005435176348543624,4,
FLS,2014-04-25,2014-05-01,-0.006623474133443996,4,
GMCR-201603,2014-04-24,2014-05-01,-0.02015876203317013,5,
INTC,2014-04-28,2014-05-01,0.010968021334610834,3,
DGX,2014-04-23,2014-05-02,-0.046539483603794785,7,
RVTY,2014-05-01,2014-05-02,0.00632062535393807,1,
ROK,2014-04-30,2014-05-06,0.02755519754960556,4,
RRC,2014-05-02,2014-05-06,0.01508379517287639,2,
SPGI,2014-05-01,2014-05-06,0.022948676882092567,3,
OXY,2014-05-05,2014-05-07,0.012525233955448911,2,
ADM,2014-04-30,2014-05-08,0.021351180135375847,6,
AEE,2014-05-05,2014-05-08,0.022591839678341552,3,
D,2014-05-05,2014-05-08,0.017338237516351995,3,
SO,2014-05-05,2014-05-08,0.014499756249501505,3,
TEG-201506,2014-05-05,2014-05-08,0.01931654291282281,3,
ACN,2014-05-08,2014-05-09,0.006172916315297261,1,
MSFT,2014-05-07,2014-05-09,0.00614479057860895,2,
WMT,2014-05-07,2014-05-09,0.006591024135985002,2,
XLNX,2014-04-25,2014-05-09,-0.027792128023268914,10,
XRX,2014-05-07,2014-05-09,0.008185706275922966,2,
MNST,2014-05-08,2014-05-12,0.03575509397996468,2,
BWA,2014-05-12,2014-05-13,0.025305531374535395,1,
FAST,2014-05-09,2014-05-13,0.011454901320828492,2,
GE,2014-05-07,2014-05-13,0.021555866404082913,4,
STX,2014-05-09,2014-05-13,0.013874200023509031,2,
THC,2014-05-09,2014-05-13,0.019434954313706232,2,
UAA,2014-05-08,2014-05-13,0.053888357143067056,3,
VTRS,2014-05-08,2014-05-13,-0.012773780599628748,3,
CTRA,2014-05-09,2014-05-14,0.0030960819735053047,3,
GT,2014-05-09,2014-05-14,0.009095414330344331,3,
FMC,2014-05-08,2014-05-15,-0.006088206561929765,5,
TWC-201605,2014-05-13,2014-05-19,-0.02255528513117455,4,
CINF,2014-05-16,2014-05-20,0.007887274750701057,2,
CMCSA,2014-05-13,2014-05-20,-0.003175585994897645,5,
EQT,2014-05-19,2014-05-22,0.011335939103409576,3,
FSLR,2014-05-16,2014-05-22,0.01541097167215888,4,
PCP-201601,2014-05-15,2014-05-22,-0.015154941521501097,5,
PG,2014-05-16,2014-05-22,-0.005216097571989042,4,
TROW,2014-05-16,2014-05-22,0.014375113575442633,4,
AEE,2014-05-22,2014-05-23,0.014997095006201722,1,
DUK,2014-05-22,2014-05-23,0.004274183234098894,1,
EIX,2014-05-22,2014-05-23,0.00709163854231476,1,
EXC,2014-05-20,2014-05-23,0.0021198953236549745,3,
PEG,2014-05-20,2014-05-23,0.004154235853581767,3,
FTR,2014-05-22,2014-05-27,0.04255565862708699,2,
HAS,2014-05-16,2014-05-27,-0.0019980019980018193,6,
DE,2014-05-15,2014-05-28,-0.0009023131722964983,8,
EQR,2014-05-23,2014-05-28,0.006041139527906081,2,
HRL,2014-05-22,2014-05-28,0.017812930615380917,3,
SWN,2014-05-23,2014-05-28,0.008318423149883847,2,
TSN,2014-05-23,2014-05-28,0.053685889260998376,2,
WMT,2014-05-16,2014-05-28,-0.022994961709177697,7,
CCE,2014-05-28,2014-05-29,0.01605940396761274,1,
MPC,2014-05-23,2014-05-29,0.016153688116344878,3,
EW,2014-05-23,2014-05-30,-0.015555449778075325,4,
TSS,2014-06-02,2014-06-05,0.007221415997397562,3,
BAX,2014-06-05,2014-06-06,0.007945213754239289,1,
GOOG,2014-06-04,2014-06-06,0.028522621073096444,2,
CCI,2014-06-05,2014-06-09,-0.0019980019980018193,2,
BKNG,2014-06-10,2014-06-12,0.013669688210435904,2,
STZ,2014-06-09,2014-06-12,0.0030563692816569787,3,
EQT,2014-06-11,2014-06-13,0.01764882075079477,2,
GILD,2014-06-10,2014-06-13,0.01562566527679965,3,
MPC,2014-06-11,2014-06-13,0.01805584680910788,2,
SWN,2014-06-11,2014-06-13,0.01594211381162114,2,
DTE,2014-06-12,2014-06-16,0.008433131662804128,2,
T,2014-06-12,2014-06-16,0.0017259273521443852,2,
WYNN,2014-06-10,2014-06-16,0.0047849103457313635,4,
CF,2014-06-13,2014-06-17,0.011124668666519177,2,
SWY-201501,2014-06-11,2014-06-17,-0.0011146562197331678,4,
SYK,2014-06-16,2014-06-17,-0.0018794491202812624,1,
AN,2014-06-13,2014-06-18,0.013191739829587101,3,
TSN,2014-06-10,2014-06-18,-0.026405597991969953,6,
UPS,2014-06-13,2014-06-18,0.014110010322132105,3,
AIZ,2014-06-17,2014-06-19,0.01097848608574914,2,
CAH,2014-06-13,2014-06-19,0.013132124624593233,4,
CCI,2014-06-16,2014-06-19,0.00688091353725806,3,
CCL,2014-06-17,2014-06-20,0.01817689934702682,3,
DVA,2014-06-18,2014-06-20,0.021621715508301387,2,
LH,2014-06-17,2014-06-20,-0.001899213702678093,3,
RRC,2014-06-11,2014-06-20,-0.010057301484204917,7,
VTR,2014-06-18,2014-06-20,0.028636056412926436,2,
ALXN,2014-06-18,2014-06-23,0.029466592459211238,3,
K,2014-06-16,2014-06-23,-0.004517460561416553,5,
LHX,2014-06-19,2014-06-23,-0.004627843421956657,2,
BWA,2014-06-25,2014-06-26,0.016416490552776386,1,
FFIV,2014-06-23,2014-06-30,0.015207325490699697,5,
FMC,2014-06-19,2014-06-30,-0.058665523036367295,7,
ADI,2014-06-24,2014-07-01,-0.015726936191268526,5,
BRCM-201601,2014-06-24,2014-07-01,-0.022811665631095157,5,
FLIR,2014-06-25,2014-07-01,0.007240084185412554,4,
GIS,2014-06-26,2014-07-01,0.0039665631899417075,3,
NVDA,2014-06-23,2014-07-01,-0.010546216166793632,6,
AIG,2014-07-01,2014-07-02,-0.0003646081198130924,1,
AIZ,2014-06-30,2014-07-02,0.006362950289168001,2,
BA,2014-06-25,2014-07-02,-0.008881303418517006,5,
PCP-201601,2014-06-25,2014-07-02,0.003386830175850175,5,
XOM,2014-07-01,2014-07-03,0.005895196399100966,2,
CCL,2014-07-02,2014-07-07,0.0022442979485068904,2,
CTXS,2014-07-01,2014-07-07,0.0054616185341376244,3,
MCD,2014-07-01,2014-07-07,0.0011819276427842418,3,
PM,2014-06-30,2014-07-07,0.009204957914113798,4,
RAI-201707,2014-07-03,2014-07-07,0.017736500787348453,1,
DTE,2014-07-03,2014-07-09,0.005953103323985687,3,
SRE,2014-07-07,2014-07-09,0.007288518946607203,2,
IPG,2014-07-09,2014-07-10,-0.005661354900998283,1,
NI,2014-07-07,2014-07-10,0.0006098271138865741,3,
WEC,2014-07-07,2014-07-10,-0.0028869130145646738,3,
ETR,2014-07-07,2014-07-11,0.017007881004019287,4,
EXC,2014-07-07,2014-07-11,0.0009321491726037578,4,
VTRS,2014-07-10,2014-07-11,0.016476042200610497,1,
LLL,2014-06-25,2014-07-14,-0.0012545190096715508,12,
LMT,2014-07-03,2014-07-14,0.0041223839559372255,6,
ALL,2014-07-11,2014-07-16,0.008681390382417664,3,
HD,2014-07-11,2014-07-16,0.003644735635567997,3,
FSLR,2014-07-09,2014-07-17,-0.027299075006140483,6,
MOS,2014-07-01,2014-07-17,-0.03848318157979258,11,
RSG,2014-07-10,2014-07-17,-0.0009210936099025568,5,
SWN,2014-07-14,2014-07-17,-0.0038500122007428805,3,
VIAB,2014-07-14,2014-07-17,0.01195844127903345,3,
FDO-201507,2014-07-02,2014-07-21,-0.060957552396700754,12,
HRL,2014-07-17,2014-07-21,0.005282176969872099,2,
CPB,2014-07-16,2014-07-22,-0.0040328985395787775,4,
BBWI,2014-07-17,2014-07-23,0.0034145401392591257,4,
BIIB,2014-07-17,2014-07-23,0.10760530916144795,4,
COV-201501,2014-07-17,2014-07-23,0.00285873022405414,4,
GRMN,2014-07-10,2014-07-23,-0.02136329921243929,9,
TROW,2014-07-11,2014-07-23,-0.0026140902147980816,8,
NLSN,2014-07-22,2014-07-24,0.0019319540563065285,2,
VFC,2014-07-23,2014-07-24,0.00884625061188915,1,
AZO,2014-07-21,2014-07-25,-0.005161379264233545,4,
IP,2014-07-23,2014-07-25,0.06360428915306482,2,
ORLY,2014-07-23,2014-07-25,0.033696266966093846,2,
NRG,2014-07-17,2014-07-29,-0.03657926398466227,8,
T,2014-07-25,2014-07-30,0.028475272917245498,3,
NVDA,2014-07-21,2014-07-31,-0.029705187954902068,8,
SEE,2014-07-25,2014-07-31,0.002931924512659334,4,
LRCX,2014-07-31,2014-08-01,0.021798881014081672,1,
MON-201806,2014-07-16,2014-08-04,-0.06178576010008807,13,
AN,2014-08-01,2014-08-05,0.0036192558307246436,2,
ATI,2014-07-24,2014-08-05,-0.09033561589490258,8,
BF-B,2014-07-31,2014-08-05,-0.0038102624248552708,3,
STJ-201701,2014-07-30,2014-08-05,0.0017714571272511304,4,
AMAT,2014-07-24,2014-08-07,-0.03338459702305674,10,
CAT,2014-07-25,2014-08-07,-0.016181204434867036,9,
CCE,2014-08-05,2014-08-07,0.010876578937077053,2,
CL,2014-07-29,2014-08-07,-0.03324599189676625,7,
JOY-201704,2014-08-04,2014-08-07,0.009424296236732355,3,
KMB,2014-07-23,2014-08-07,-0.02579467572305394,11,
TRV,2014-07-23,2014-08-07,-0.020317972744377744,11,
SRE,2014-08-07,2014-08-08,0.02025695516923065,1,
GAS-201606,2014-08-07,2014-08-11,0.04161387393094729,2,
SO,2014-08-07,2014-08-11,0.025809381818741928,2,
TEG-201506,2014-08-07,2014-08-11,0.0056730356499765655,2,
VRTX,2014-08-05,2014-08-11,-0.004429883004501645,4,
ADBE,2014-08-05,2014-08-12,0.002531693009740099,5,
CFN-201503,2014-08-07,2014-08-12,0.011589818632072202,3,
PXD,2014-08-07,2014-08-12,-0.0019980019980021524,3,
SE-201702,2014-08-05,2014-08-12,-0.02111293753866872,5,
HBAN,2014-08-08,2014-08-13,0.013776589611286028,3,
GMCR-201603,2014-08-11,2014-08-15,0.012521910679039738,4,
TSS,2014-08-13,2014-08-15,0.00501670853108549,2,
VTRS,2014-08-07,2014-08-15,-0.016437186321563546,6,
WDC,2014-08-13,2014-08-18,0.0156506126192828,3,
BCR-201712,2014-08-25,2014-08-26,0.007378926332556546,1,
TWC-201605,2014-08-25,2014-08-26,0.0032742063219541873,1,
WIN,2014-08-22,2014-08-26,0.006896846469039097,2,
NEM,2014-08-22,2014-08-27,-0.009487655293867747,3,
IPG,2014-08-27,2014-08-28,0.004295833089447365,1,
EMC-201609,2014-08-29,2014-09-02,-0.0036924026737268356,1,
GHC,2014-08-28,2014-09-02,0.012799599701053932,2,
KMI,2014-08-27,2014-09-02,0.0024784659667380637,3,
LO-201506,2014-08-27,2014-09-02,0.005913297362108549,3,
MDT,2014-08-29,2014-09-02,0.005083386735558637,1,
COV-201501,2014-08-29,2014-09-03,0.0030464653095325644,2,
FDX,2014-08-29,2014-09-03,0.011990131190494635,2,
GOOG,2014-08-28,2014-09-03,0.016295245666182456,3,
GOOGL,2014-08-28,2014-09-03,0.018150644484131284,3,
TXT,2014-09-02,2014-09-03,0.010840607930461932,1,
UAA,2014-09-02,2014-09-03,0.0445832564007842,1,
CLX,2014-09-02,2014-09-04,-0.0009848432446826205,2,
GD,2014-09-03,2014-09-04,0.009310752930127952,1,
MU,2014-09-03,2014-09-08,0.04720378593931218,3,
SBUX,2014-09-04,2014-09-08,0.010477010584199808,2,
SNDK-201605,2014-09-03,2014-09-08,0.026762563279417062,3,
SNI-201803,2014-09-02,2014-09-08,0.0021259732003533482,4,
GRMN,2014-08-28,2014-09-09,-0.02181488359863004,7,
MON-201806,2014-09-03,2014-09-09,-0.013409667255820934,4,
ADS,2014-09-04,2014-09-11,-0.02541518785001029,5,
HRB,2014-09-08,2014-09-12,0.0017074180177749643,4,
TAP,2014-09-09,2014-09-12,0.004047091347830101,3,
EBAY,2014-09-08,2014-09-15,-0.030947154555459044,5,
CF,2014-09-08,2014-09-16,-0.009637389321010548,6,
OXY,2014-09-09,2014-09-16,-0.013039657508560842,5,
BKNG,2014-09-02,2014-09-17,-0.060796675374599984,11,
PSX,2014-09-12,2014-09-17,0.022511885470109627,3,
SLB,2014-09-03,2014-09-17,-0.03707648270770614,10,
AMG,2014-09-12,2014-09-18,0.008955710756027191,4,
JOY-201704,2014-09-08,2014-09-18,-0.01393820536392798,8,
MHK,2014-09-17,2014-09-18,0.012593176119210625,1,
CMG,2014-09-17,2014-09-19,0.022165733979068403,2,
IPG,2014-09-15,2014-09-19,-0.005166262309119318,4,
ESS,2014-09-16,2014-09-22,-0.003911487535016467,4,
NFLX,2014-09-18,2014-09-22,-0.004615870827639368,2,
VAR,2014-09-18,2014-09-25,-0.011148460659861636,5,
WY,2014-09-16,2014-09-25,-0.027440242094930678,7,
BALL,2014-09-18,2014-09-30,-0.007722129546087864,8,
SEE,2014-09-19,2014-09-30,-0.035819332348438704,7,
EFX,2014-09-22,2014-10-01,-0.02753433413052342,7,
APTV,2014-09-17,2014-10-03,-0.06741647785274185,12,
FDO-201507,2014-10-01,2014-10-03,0.006269164436392138,2,
CMCSA,2014-09-25,2014-10-06,-0.017584193528809133,7,
CVC-201606,2014-09-30,2014-10-06,0.009336489745348286,4,
DAL,2014-09-30,2014-10-06,0.034308136543193424,4,
HAR-201703,2014-09-04,2014-10-06,-0.13518099867860012,22,
TEL,2014-09-22,2014-10-06,-0.08350094608639114,10,
TWC-201605,2014-09-25,2014-10-06,-0.01547347905776697,7,
CAT,2014-09-11,2014-10-07,-0.08294523023976319,18,
MMM,2014-10-03,2014-10-07,-0.005651069244846041,2,
NEM,2014-09-19,2014-10-07,-0.054888491325691624,12,
SWK,2014-10-03,2014-10-07,-0.002225896137583616,2,
AVGO,2014-10-08,2014-10-09,0.021658270982869432,1,
LYB,2014-10-06,2014-10-09,0.005438112222035274,3,
TXN,2014-10-06,2014-10-09,-0.007522435566217789,3,
NUE,2014-10-06,2014-10-16,-0.08594390524320983,8,
WMB,2014-10-10,2014-10-16,-0.042187306576702444,4,
KLAC,2014-10-07,2014-10-17,-0.08992884191365524,8,
KMI,2014-10-10,2014-10-17,0.016523877764887285,5,
MLM,2014-10-06,2014-10-17,-0.06674645154501313,9,
MRO,2014-10-06,2014-10-17,-0.07803624946482068,9,
OKE,2014-10-08,2014-10-17,-0.08914794134230564,7,
PETM-201503,2014-10-08,2014-10-17,-0.00977502940637942,7,
ADM,2014-10-09,2014-10-20,-0.07368573526871447,7,
GS,2014-10-17,2014-10-20,0.0003862926805437983,1,
HES,2014-10-06,2014-10-20,-0.1365156152073892,10,
MNK,2014-10-17,2014-10-20,0.029627984595818946,1,
NWL,2014-10-16,2014-10-20,0.06345002177189207,2,
TAP,2014-10-17,2014-10-20,0.009179571649054141,1,
AAPL,2014-10-17,2014-10-21,0.05450423060450693,2,
EW,2014-10-16,2014-10-21,0.03957698554625355,3,
LLY,2014-10-17,2014-10-21,0.013343567140174262,2,
BDX,2014-10-17,2014-10-22,0.017237028058187276,3,
COV-201501,2014-10-20,2014-10-22,0.06267071053272999,2,
KSS,2014-10-29,2014-11-04,0.0023992504747438748,4,
SO,2014-10-30,2014-11-04,0.006426676869123238,3,
THC,2014-10-31,2014-11-04,0.03051660621413843,2,
NWL,2014-11-03,2014-11-06,0.029533548299642165,3,
DGX,2014-11-05,2014-11-07,0.027170821536597112,2,
UHS,2014-10-31,2014-11-12,-0.061584497206191524,8,
LUMN,2014-11-07,2014-11-13,0.03766616045040849,4,
WIN,2014-11-11,2014-11-13,0.020109637198244767,2,
LLL,2014-11-12,2014-11-14,0.014654285072615902,2,
LMT,2014-11-10,2014-11-14,0.006191109788430849,4,
TSN,2014-11-13,2014-11-14,0.019541582291268345,1,
NTAP,2014-11-14,2014-11-17,0.020298258418737447,1,
AEP,2014-11-14,2014-11-18,0.01825336258743704,2,
ALLE,2014-11-14,2014-11-18,0.015467030038513574,2,
GAS-201606,2014-11-13,2014-11-18,0.000108295388418167,3,
SJM,2014-11-13,2014-11-18,0.012449879377125939,3,
ALXN,2014-11-18,2014-11-19,0.014630923148947428,1,
EXC,2014-11-14,2014-11-19,0.01132381706091845,3,
PRGO,2014-11-07,2014-11-19,0.043881111189170596,8,
SRE,2014-11-14,2014-11-19,0.006047426617646456,3,
MA,2014-11-18,2014-11-20,0.0009990009990010762,2,
SWY-201501,2014-11-18,2014-11-20,-0.0011364175392951648,2,
GS,2014-11-20,2014-11-21,0.017662333445243927,1,
HD,2014-11-19,2014-11-21,0.02312002061263274,2,
IVZ,2014-11-18,2014-11-21,0.013043436216384485,3,
UPS,2014-11-19,2014-11-21,0.01478780833407467,2,
BAC,2014-11-14,2014-11-24,-0.0025792628227079284,6,
CTSH,2014-11-20,2014-11-24,0.012327385533127178,2,
PM,2014-11-17,2014-11-24,0.009215517471400814,5,
TSS,2014-11-14,2014-11-24,-0.0010876930913413796,6,
DIS,2014-11-21,2014-11-25,0.009351743347368435,2,
MAR,2014-11-21,2014-11-25,0.0007305426256640768,2,
SRCL,2014-11-21,2014-11-25,-0.014916618004577997,2,
WM,2014-11-20,2014-11-25,0.005434379617196727,3,
CME,2014-11-19,2014-11-26,-0.00092248382376936,5,
CRM,2014-11-21,2014-11-26,0.004611272481921391,3,
DVA,2014-11-24,2014-11-26,0.007240310407307549,2,
RSG,2014-11-24,2014-11-26,0.007696318952318926,2,
CLX,2014-11-25,2014-11-28,0.009354395549537875,2,
DUK,2014-11-25,2014-11-28,0.008464843838753566,2,
GMCR-201603,2014-11-24,2014-11-28,0.01564560332738285,3,
LUMN,2014-11-26,2014-11-28,0.020569921073605002,1,
PCG,2014-11-25,2014-11-28,0.014776798746125142,2,
T,2014-11-25,2014-11-28,0.016147533838506645,2,
VZ,2014-11-25,2014-11-28,0.015397261981720423,2,
HRL,2014-11-26,2014-12-02,0.025032827626703114,3,
ETFC,2014-12-02,2014-12-03,0.017358825207268946,1,
SCHW,2014-12-02,2014-12-03,0.01018149635698462,1,
CNP,2014-12-01,2014-12-04,0.006789398527372592,3,
CSX,2014-12-02,2014-12-04,0.07432825688579348,2,
GE,2014-12-01,2014-12-04,0.0018169638827287837,3,
KSU,2014-12-01,2014-12-04,0.013988300029490253,3,
NSC,2014-12-02,2014-12-04,0.03577739752835596,2,
SWK,2014-12-01,2014-12-04,0.012795434118364923,3,
TXT,2014-12-03,2014-12-04,0.02280439649873167,1,
VMC,2014-12-01,2014-12-04,0.010707635784314329,3,
WMB,2014-12-01,2014-12-05,-0.010355181675878122,4,
BA,2014-12-05,2014-12-08,0.0002750289941502171,1,
LM,2014-12-03,2014-12-09,-0.012877384243663137,4,
MSI,2014-12-08,2014-12-09,-0.0061366105198739085,1,
VAR,2014-12-04,2014-12-09,-0.004158671774897926,3,
MDLZ,2014-12-05,2014-12-10,-0.004846492561168092,3,
GMCR-201603,2014-12-05,2014-12-11,0.029266325529471837,4,
ADBE,2014-12-09,2014-12-15,0.058436202687591754,4,
RHT,2014-12-10,2014-12-16,-0.01483404055751314,4,
CTSH,2014-12-09,2014-12-17,-0.01682172871576193,6,
CF,2014-12-11,2014-12-18,0.028994390990360275,5,
DNB,2014-12-15,2014-12-18,0.02195265246142286,3,
FTR,2014-12-09,2014-12-18,0.02894596527732629,7,
KO,2014-12-09,2014-12-18,-0.008864466592101716,7,
MCO,2014-12-09,2014-12-18,0.01466987974973799,7,
SPGI,2014-12-17,2014-12-18,0.031027927697874214,1,
TMO,2014-12-16,2014-12-18,0.017732409181552944,2,
WIN,2014-12-05,2014-12-18,-0.11575988778061308,9,
AMT,2014-12-08,2014-12-19,-0.00876510127573693,9,
CCI,2014-12-08,2014-12-19,-0.024143203649378497,9,
FDX,2014-12-18,2014-12-19,0.016975383027522772,1,
RTN,2014-12-18,2014-12-19,0.026392185463303353,1,
PDCO,2015-01-02,2015-01-05,-0.0005543123956017748,1,
ADP,2015-01-02,2015-01-08,0.009788424304132848,4,
CME,2015-01-02,2015-01-08,-0.001550557556486365,4,
K,2015-01-02,2015-01-08,0.010927515270041877,4,
MKC,2015-01-02,2015-01-08,-0.0011943882003575546,4,
SJM,2015-01-02,2015-01-08,0.000863590792835156,4,
XRAY,2015-01-05,2015-01-08,0.009530752312333579,3,
ADBE,2014-12-31,2015-01-09,-0.008932377207297115,6,
ADSK,2015-01-08,2015-01-09,0.013695477916655818,1,
CRM,2015-01-08,2015-01-09,0.029858645801285277,1,
CTAS,2015-01-08,2015-01-09,0.004315177098804135,1,
EXPE,2014-12-31,2015-01-09,0.01671231272468532,6,
GD,2015-01-02,2015-01-09,-0.0027187811576837584,5,
IP,2015-01-08,2015-01-09,0.021841141542914944,1,
MU,2015-01-08,2015-01-09,0.03478330332848989,1,
NTAP,2014-12-31,2015-01-09,-0.024598066780065597,6,
LVLT-201710,2015-01-08,2015-01-13,-0.0007376332360544691,3,
PPL,2015-01-14,2015-01-15,0.01293175175016592,1,
AN,2015-01-15,2015-01-20,0.014896643189008518,2,
GPC,2015-01-13,2015-01-20,-0.015776129061056854,4,
ARG-201605,2015-01-20,2015-01-21,0.000958377349759898,1,
AZO,2015-01-09,2015-01-21,-0.04594867311370621,7,
CME,2015-01-15,2015-01-21,0.0022323209399681687,3,
FDO-201507,2015-01-13,2015-01-22,-0.017046517761453495,6,
GT,2015-01-14,2015-01-22,0.014369077475355319,5,
SYY,2015-01-21,2015-01-22,0.02478385846856246,1,
WU,2015-01-15,2015-01-22,0.0008998635079535688,4,
ALLE,2015-01-21,2015-01-23,0.03083849361951363,2,
CBRE,2015-01-21,2015-01-23,0.005288951528527042,2,
GS,2015-01-20,2015-01-23,0.01969638857598799,3,
MS,2015-01-15,2015-01-23,0.00769687890496118,5,
NDAQ,2015-01-15,2015-01-23,0.015265443130829226,5,
RHT,2015-01-15,2015-01-23,-0.013802487376375794,5,
AEE,2015-01-29,2015-01-30,0.011553469198841926,1,
MA,2015-01-29,2015-02-02,0.015526017981390972,2,
V,2015-01-28,2015-02-02,0.012940604711771275,3,
ACN,2015-01-28,2015-02-03,-0.00980476215933801,4,
AON,2015-01-29,2015-02-03,0.013164829537662737,3,
RTN,2015-02-02,2015-02-03,0.04111568431568435,1,
STX,2015-01-27,2015-02-03,-0.020435668609954383,5,
INTC,2015-01-28,2015-02-04,-0.01816803091584318,5,
MRSH,2015-01-29,2015-02-04,0.00955969101691112,4,
PG,2015-01-28,2015-02-04,-0.010522986067882711,5,
SYY,2015-02-03,2015-02-04,0.017843516318376107,1,
WDC,2015-01-28,2015-02-04,-0.035893475877229575,5,
EQR,2015-02-03,2015-02-05,0.022457122807181262,2,
BMY,2015-02-03,2015-02-06,-0.012208566162361212,3,
CCL,2015-02-03,2015-02-06,0.000990740830320025,3,
RCL,2015-02-02,2015-02-06,0.009194494750339732,4,
VRTX,2015-01-30,2015-02-06,-0.05535054787688254,5,
WELL,2015-02-05,2015-02-06,0.006701758308909955,1,
EIX,2015-02-09,2015-02-11,0.01283538819949448,2,
HCA,2015-02-06,2015-02-11,-0.00474615875378015,3,
POM-201603,2015-02-09,2015-02-11,-0.0012649854735787835,2,
AABA,2015-02-09,2015-02-13,0.03336888410814742,4,
GGP-201808,2015-02-12,2015-02-13,0.0007158035710042032,1,
VTR,2015-02-05,2015-02-13,-0.01874986522326927,6,
DOC,2015-02-04,2015-02-18,-0.06457443362136028,9,
TAP,2015-02-11,2015-02-18,0.035365531644161674,4,
AEP,2015-02-09,2015-02-19,-0.004869254644836674,7,
ETR,2015-02-09,2015-02-19,-0.01735746190449583,7,
GIS,2015-02-18,2015-02-19,0.00829855877861374,1,
LUV,2015-02-18,2015-02-19,0.04402071161149945,1,
PNW,2015-02-09,2015-02-19,-0.003791129400501525,7,
SO,2015-02-05,2015-02-19,-0.04733631082027634,9,
CAG,2015-02-18,2015-02-23,0.024991081787772762,3,
JWN,2015-02-20,2015-02-23,0.049913007039310564,1,
M,2015-02-20,2015-02-23,0.013828166241651951,1,
MAC,2015-02-17,2015-02-24,-0.012925672928044918,5,
BRCM-201601,2015-02-24,2015-02-25,0.014867737039886642,1,
FE,2015-02-19,2015-02-25,-0.01105582601363575,4,
PDCO,2015-02-20,2015-02-25,0.00042776749278727877,3,
SPLS-201709,2015-02-24,2015-02-25,0.0010171097784392735,1,
XL-201809,2015-02-20,2015-02-25,0.00962975643282582,3,
MRK,2015-02-20,2015-02-26,0.006754890815173553,4,
T,2015-02-24,2015-02-26,0.00894309225607337,2,
ADS,2015-02-25,2015-02-27,0.008067156961026223,2,
IRM,2015-02-24,2015-02-27,0.013983200642903704,3,
TRV,2015-02-24,2015-02-27,0.0046267223003193525,3,
FDX,2015-02-26,2015-03-02,0.006475497872165947,2,
AN,2015-02-27,2015-03-03,0.014407990392533598,2,
BBY,2015-02-27,2015-03-03,0.041301540346604604,2,
NSC,2015-02-27,2015-03-03,-0.013496385040619785,2,
TWX-201806,2015-03-02,2015-03-03,0.006069129890317937,1,
ISRG,2015-03-02,2015-03-04,0.006946543290250018,2,
BCR-201712,2015-02-27,2015-03-06,-0.010290838542930447,5,
KR,2015-03-02,2015-03-06,0.037770339528913954,4,
NEE,2015-03-03,2015-03-06,-0.005941130509009684,3,
PNW,2015-03-03,2015-03-06,-0.004062631619363266,3,
XEL,2015-03-03,2015-03-06,-0.002577743404687305,3,
CSX,2015-02-27,2015-03-13,-0.013279773646047488,10,
DNB,2015-03-06,2015-03-13,-0.017609807931145638,5,
MON-201806,2015-02-27,2015-03-13,-0.020644465218658148,10,
MWV-201507,2015-03-04,2015-03-13,-0.03315532634904361,7,
NAVI,2015-03-03,2015-03-13,0.008623089891823366,8,
PEP,2015-03-06,2015-03-13,-0.023707123904355698,5,
PSA,2015-02-20,2015-03-13,-0.05162763167486928,15,
RAI-201707,2015-03-06,2015-03-13,-0.039233828901725665,5,
KMI,2015-03-13,2015-03-17,0.025009125178789615,2,
LHX,2015-03-13,2015-03-17,-0.0021361632705595435,2,
MKC,2015-03-06,2015-03-17,-0.029279752326574315,7,
MOS,2015-03-06,2015-03-19,-0.06890432370861288,9,
DE,2015-03-18,2015-03-23,0.010215527579770178,3,
DXC,2015-03-25,2015-03-30,-0.003854672817793614,3,
BMY,2015-03-25,2015-03-31,-0.005339768419187152,4,
CME,2015-03-26,2015-03-31,-0.004627090464691341,3,
DNB,2015-03-25,2015-03-31,0.010898722268984917,4,
FDX,2015-03-25,2015-03-31,-0.02398770442984688,4,
ISRG,2015-03-26,2015-03-31,0.016587425360663044,3,
MWV-201507,2015-03-30,2015-03-31,0.003992406153270567,1,
UNP,2015-03-24,2015-03-31,-0.029348977776571417,5,
ZTS,2015-03-26,2015-03-31,0.01404978894535125,3,
ADBE,2015-03-26,2015-04-01,0.01426104338714973,4,
NAVI,2015-03-31,2015-04-01,0.017088052640473084,1,
FTR,2015-04-01,2015-04-02,0.023267871369137216,1,
BBY,2015-03-26,2015-04-06,-0.03613941341094551,6,
CCI,2015-04-01,2015-04-06,0.011368103982034361,2,
TWX-201806,2015-04-02,2015-04-06,0.01934898937920093,1,
META,2015-04-06,2015-04-07,0.020852271563136737,1,
BIIB,2015-04-02,2015-04-08,0.00737176631705716,3,
LLY,2015-04-06,2015-04-08,0.009086245472312848,2,
VTRS,2015-04-02,2015-04-08,0.0287781307390369,3,
DRI,2015-04-07,2015-04-09,0.014201043163972749,2,
LUV,2015-04-07,2015-04-09,0.038657666913121114,2,
CHRW,2015-04-02,2015-04-10,-0.006424340570982512,5,
MAC,2015-04-01,2015-04-10,0.004613746010459385,6,
ANDV-201809,2015-04-06,2015-04-13,-0.01585436938276885,5,
CME,2015-04-06,2015-04-13,-0.0037243152355456166,5,
DXC,2015-04-10,2015-04-13,0.019932817430433847,1,
EW,2015-04-08,2015-04-13,0.01837084972910774,3,
EXPD,2015-04-08,2015-04-13,0.004865534283385431,3,
URBN,2015-04-06,2015-04-13,-0.011312380874743955,5,
AGN,2015-04-10,2015-04-15,0.017895386608757446,3,
O,2015-04-10,2015-04-15,-0.000595194661631937,3,
VMC,2015-04-10,2015-04-15,0.0029265917197465185,3,
WHR,2015-04-14,2015-04-15,0.01399647870444376,1,
AAL,2015-04-08,2015-04-16,-0.0017891703640768863,6,
PCL-201602,2015-04-13,2015-04-16,0.009532792131236256,3,
LVLT-201710,2015-04-15,2015-04-21,0.0041879607995309875,4,
PSA,2015-04-14,2015-04-21,-0.0034524304270588946,5,
ALLE,2015-04-14,2015-04-22,-0.009443321341306543,6,
FIS,2015-04-14,2015-04-22,-0.010027674143889942,6,
JWN,2015-04-16,2015-04-22,-0.009921695668910435,4,
TJX,2015-04-15,2015-04-22,-0.01975336754473389,5,
PDCO,2015-04-16,2015-04-23,-0.004939481571060611,5,
PRGO,2015-04-22,2015-04-23,0.021646943426165244,1,
SPG,2015-04-13,2015-04-23,-0.015328984308060067,8,
SHW,2015-04-21,2015-04-24,-0.004076406366177787,3,
VMC,2015-04-23,2015-04-24,0.0173746845191316,1,
KR,2015-04-16,2015-04-27,-0.02691414986189955,7,
MDLZ,2015-04-22,2015-04-27,0.002906192896023674,3,
WFM-201708,2015-04-21,2015-04-27,0.016255630928873943,4,
GE,2015-04-22,2015-04-28,0.007346610624890948,4,
HRL,2015-04-22,2015-04-29,0.0020107921591920874,5,
MJN-201706,2015-04-23,2015-04-29,-0.0009744102051795211,4,
HBAN,2015-04-27,2015-04-30,0.0007589727865451312,3,
BBY,2015-04-27,2015-05-04,-0.012385053508671251,5,
CPB,2015-04-30,2015-05-04,0.011335324165558713,2,
KMX,2015-04-27,2015-05-04,-0.0012850999185662904,5,
PPG,2015-04-27,2015-05-04,0.004343897971513577,5,
RHI,2015-04-29,2015-05-04,0.008178399053288654,3,
A,2015-04-28,2015-05-05,-0.005573306972299519,5,
ENDP,2015-04-29,2015-05-05,-0.011980316763025467,4,
CCI,2015-05-06,2015-05-08,0.012120119617544445,2,
CCL,2015-04-16,2015-05-08,-0.03195080486328716,16,
KRFT-201507,2015-05-04,2015-05-08,0.004985999648554618,4,
LH,2015-05-06,2015-05-08,0.016787270023672418,2,
TAP,2015-04-23,2015-05-08,-0.012978164497085443,11,
TPR,2015-05-04,2015-05-08,0.022689379780279628,4,
WBA,2015-04-24,2015-05-08,-0.027532013649498532,10,
BKR,2015-05-08,2015-05-11,0.01039122142670812,1,
COL-201811,2015-05-08,2015-05-11,0.0035739694548628798,1,
HAR-201703,2015-05-04,2015-05-11,0.017177855788329532,5,
VAR,2015-05-04,2015-05-11,-0.016021186547265365,5,
VFC,2015-05-04,2015-05-11,-0.007516400178750771,5,
BKNG,2015-05-11,2015-05-15,-0.007761102230384065,4,
LHX,2015-05-08,2015-05-15,0.0034666760916153283,5,
TWC-201605,2015-05-14,2015-05-15,0.006343468634514515,1,
PSKY,2015-05-12,2015-05-18,0.007068653538174985,4,
URBN,2015-05-13,2015-05-19,-0.13511449198114156,4,
KSS,2015-05-15,2015-05-21,0.011882438949918361,4,
TGT,2015-05-15,2015-05-21,0.013194878905574914,4,
EMN,2015-05-20,2015-05-22,0.008470518710031794,2,
TPR,2015-05-15,2015-05-22,0.0035362815739294895,5,
ICE,2015-05-22,2015-05-26,0.0015602239889767056,1,
ALLE,2015-05-26,2015-05-28,0.004359726886803639,2,
EXPD,2015-05-26,2015-05-28,0.0009818712062552581,2,
LOW,2015-05-21,2015-05-28,0.02699501762333667,4,
MSFT,2015-05-26,2015-05-28,0.01228044098983716,2,
RAI-201707,2015-05-26,2015-05-28,0.01565752683071131,2,
BF-B,2015-05-28,2015-05-29,0.0051085521097233855,1,
FFIV,2015-05-28,2015-05-29,0.0005339915146354013,1,
PEP,2015-05-26,2015-05-29,0.009949779073223253,3,
DAL,2015-05-21,2015-06-01,-0.008651369655903185,6,
ATI,2015-05-22,2015-06-03,-0.040483609664198617,7,
CTRA,2015-05-29,2015-06-03,0.002709554596346919,3,
NKE,2015-05-28,2015-06-03,-0.0014122866367028974,4,
PRGO,2015-06-01,2015-06-03,0.012370778932873527,2,
CCE,2015-05-26,2015-06-04,-0.015615150114079324,7,
MWV-201507,2015-06-03,2015-06-08,-0.003401097797562813,3,
ANDV-201809,2015-06-03,2015-06-11,-0.01694234637613179,6,
CMS,2015-06-03,2015-06-11,-0.031068853992894052,6,
COL-201811,2015-05-28,2015-06-11,-0.025178471466318686,10,
FIS,2015-06-03,2015-06-11,0.006909850526723549,6,
MO,2015-06-04,2015-06-11,-0.022649010373128164,5,
PM,2015-05-26,2015-06-11,-0.019825833071486554,12,
RTN,2015-05-29,2015-06-11,-0.036592609071600446,9,
COR,2015-06-11,2015-06-12,0.017060444734805946,1,
SJM,2015-06-08,2015-06-12,0.0010605613430922922,4,
NEM,2015-06-11,2015-06-16,0.013608996277517216,3,
WMB,2015-05-28,2015-06-16,-0.07157668501734715,13,
PRGO,2015-06-12,2015-06-17,0.022601594570013983,3,
REGN,2015-06-15,2015-06-17,0.021724729612263793,2,
AN,2015-06-16,2015-06-18,0.013446528180887762,2,
KMI,2015-05-29,2015-06-18,-0.0462681044298231,14,
CTSH,2015-06-18,2015-06-19,0.011123071399631757,1,
ENDP,2015-06-15,2015-06-19,0.04360358742381254,4,
JEF,2015-06-18,2015-06-19,0.011381189919593693,1,
MNK,2015-06-18,2015-06-19,0.03148742318895148,1,
PSKY,2015-06-11,2015-06-19,-0.021622548389028884,6,
HUM,2015-06-16,2015-06-22,0.017967926979108872,4,
BKR,2015-06-22,2015-06-24,-0.0018385780510061789,2,
PLL-201508,2015-06-17,2015-06-25,-0.0011158788981205925,6,
HUM,2015-06-25,2015-06-26,0.07614902904025111,1,
KMX,2015-06-22,2015-06-29,-0.029133998388779614,5,
MWV-201507,2015-06-26,2015-07-01,-0.004265719820357172,4,True
AVGO,2015-06-29,2015-07-02,0.01866072014457587,3,
CAH,2015-06-25,2015-07-02,-0.02259695335771772,5,
CME,2015-06-22,2015-07-02,-0.008524279623124742,8,
ICE,2015-06-22,2015-07-02,-0.021211923361160512,8,
VTRS,2015-06-17,2015-07-02,-0.03750277644630573,11,
NEM,2015-07-02,2015-07-06,0.005283561150377647,1,
WAT,2015-06-26,2015-07-06,-0.018243695766783308,5,
DVA,2015-07-06,2015-07-07,0.015921092537197312,1,
AON,2015-07-02,2015-07-08,-0.010082602449285716,3,
FDX,2015-06-18,2015-07-08,-0.04857440632043275,13,
MCK,2015-06-25,2015-07-08,-0.020163138925187063,8,
ADBE,2015-07-07,2015-07-10,0.007021991056936905,3,
CI,2015-07-08,2015-07-10,0.02923856357333654,2,
AET-201811,2015-07-08,2015-07-13,0.0068630881653168885,3,
CMA,2015-07-08,2015-07-13,0.02382299425420631,3,
WU,2015-07-06,2015-07-13,0.012787249343493956,5,
APTV,2015-07-10,2015-07-14,0.005431934351457057,2,
EMN,2015-07-06,2015-07-14,-0.023789580107518637,6,
XLNX,2015-07-07,2015-07-14,-0.022440390449596448,5,
ADI,2015-07-10,2015-07-15,0.011655447672538788,3,
CTRA,2015-06-22,2015-07-15,-0.10828341333756497,16,
NI,2015-07-02,2015-07-16,-0.03656823520716179,9,
SW,2015-07-06,2015-07-17,0.05156324297811432,9,
DHI,2015-07-21,2015-07-23,0.035417819324356614,2,
HCA,2015-07-22,2015-07-23,0.012852280209981526,1,
LEN,2015-07-21,2015-07-23,0.03005237289913576,2,
VTRS,2015-07-21,2015-07-23,-0.011149961386696994,2,
CI,2015-07-22,2015-07-24,-0.006878788094916599,2,
ADI,2015-07-23,2015-07-29,-0.00402822707762418,4,
EMN,2015-07-23,2015-07-29,0.01381606506729871,4,
JEF,2015-07-23,2015-07-29,-0.013216193725344216,4,
LYB,2015-07-24,2015-07-29,-0.013040910979918996,3,
WMB,2015-07-22,2015-07-29,-0.028653069857912605,5,
AN,2015-07-23,2015-07-30,-0.03605135969704065,5,
TGNA,2015-07-22,2015-07-30,-0.030693555016731322,6,
TGT,2015-07-22,2015-07-30,-0.013724993161395749,6,
MCO,2015-07-29,2015-07-31,0.01479725105710572,2,
MRSH,2015-07-29,2015-07-31,0.014884857327948309,2,
ROP,2015-07-29,2015-07-31,0.020554040139995067,2,
SPGI,2015-07-29,2015-07-31,0.04763867432297686,2,
DLTR,2015-07-22,2015-08-03,-0.03345250615065154,8,
ZTS,2015-07-30,2015-08-03,0.022972873353937606,2,
THC,2015-07-22,2015-08-04,-0.019065195925738854,9,
COR,2015-07-31,2015-08-05,0.017755906924618037,3,
M,2015-07-29,2015-08-06,-0.006635822677117265,6,
AAPL,2015-08-03,2015-08-10,-0.03848900102129715,5,
AIG,2015-08-05,2015-08-10,0.01660420449794664,3,
AIV,2015-07-31,2015-08-10,-0.012273759734326983,6,
ISRG,2015-08-04,2015-08-10,0.01664215551927084,4,
ABT,2015-08-07,2015-08-11,-0.0063543839658050105,2,
SWKS,2015-08-05,2015-08-11,0.01989055138018947,4,
T,2015-08-07,2015-08-11,0.012338578876089246,2,
UNM,2015-08-10,2015-08-11,0.0033328670124017634,1,
EW,2015-08-05,2015-08-14,-0.0378459832479463,7,
TGT,2015-08-07,2015-08-14,-0.010268687135757126,5,
HCA,2015-08-12,2015-08-17,0.013062373457628285,3,
CVC-201606,2015-08-10,2015-08-18,-0.008498398153570452,6,
DVA,2015-08-14,2015-08-18,0.004763031734391854,2,
ELV,2015-08-13,2015-08-18,0.012708778489980421,3,
KO,2015-08-13,2015-08-18,-0.0019980019980019303,3,
STJ-201701,2015-08-05,2015-08-18,-0.01908800631279539,9,
THC,2015-08-12,2015-08-18,0.009159267995148879,4,
YUM,2015-08-12,2015-08-18,0.031114553883020202,4,
ZTS,2015-08-14,2015-08-18,0.017689731003752707,2,
MO,2015-08-20,2015-08-27,-0.014486806953867837,5,
NVDA,2015-08-21,2015-08-27,-0.00018347631165394063,4,
RAI-201707,2015-08-17,2015-08-27,-0.01256881285126532,8,
BAX,2015-08-20,2015-08-28,-0.039423076923077005,6,
EL,2015-08-18,2015-08-28,-0.039611584039486725,8,
PM,2015-08-20,2015-08-28,-0.036842690030208014,6,
SCHW,2015-08-20,2015-08-28,-0.07801583459076122,6,
SIAL-201511,2015-08-27,2015-08-28,0.0017302465220705443,1,
WU,2015-08-20,2015-08-28,-0.06610842005385309,6,
BF-B,2015-08-20,2015-08-31,-0.07108685436312412,7,
SW,2015-08-11,2015-09-02,-0.08062646691784625,16,
NFLX,2015-09-08,2015-09-11,-0.03631408031931038,3,
CAM-201604,2015-09-15,2015-09-17,0.03044598891542427,2,
PVH,2015-09-15,2015-09-17,0.020262235300745335,2,
ICE,2015-09-21,2015-09-22,-0.007037148597297094,1,
PCP-201601,2015-09-21,2015-09-22,-0.002085099087324349,1,
TSN,2015-09-23,2015-09-25,0.02817968834275031,2,
AVGO,2015-09-23,2015-09-28,0.007116850797929786,3,
EXPD,2015-09-21,2015-09-28,-0.00540851392534325,5,
LEN,2015-09-23,2015-09-28,0.012486211832107852,3,
AKAM,2015-09-21,2015-10-01,-0.046985400493270935,8,
AVY,2015-09-23,2015-10-01,-0.01969855350983274,6,
BBY,2015-09-28,2015-10-01,0.017951094183827898,3,
SEE,2015-09-23,2015-10-01,-0.036228097226248535,6,
HUM,2015-09-28,2015-10-02,-0.012294104912985881,4,
MAS,2015-09-23,2015-10-02,-0.05758763745962603,7,
MHK,2015-09-23,2015-10-02,-0.07261699441293634,7,
NWL,2015-09-25,2015-10-02,-0.023757462451949873,5,
SYK,2015-09-28,2015-10-02,-0.016007210413631845,4,
WBA,2015-09-21,2015-10-02,-0.0450904171620754,9,
CAM-201604,2015-10-02,2015-10-05,0.05065997619011475,1,
HIG,2015-10-15,2015-10-16,0.017608683491684873,1,
DRI,2015-10-08,2015-10-19,-0.006393160844119117,7,
RCL,2015-10-15,2015-10-19,0.034826548706797356,2,
MLM,2015-10-16,2015-10-23,0.020200472544092962,5,
SJM,2015-10-21,2015-10-23,0.027013671313800502,2,
VMC,2015-10-15,2015-10-23,0.03229838464657697,6,
NFLX,2015-10-16,2015-10-26,-0.0035914384346689143,6,
TWC-201605,2015-10-22,2015-10-26,0.02089195208461292,2,
CVC-201606,2015-10-22,2015-10-28,-0.004426230703603151,4,
BCR-201712,2015-10-26,2015-10-29,0.025428517748240953,3,
POM-201603,2015-10-27,2015-10-29,0.007886970172684693,2,
UAA,2015-10-23,2015-10-29,0.029102764273138515,4,
NI,2015-10-30,2015-11-02,0.009079138860200064,1,
CHRW,2015-10-28,2015-11-03,-0.009900698161830479,4,
DTE,2015-10-30,2015-11-03,0.0029073618816108926,2,
ESS,2015-10-28,2015-11-03,-0.008926143219238236,4,
PNW,2015-10-30,2015-11-03,0.012256931265899551,2,
CMS,2015-10-30,2015-11-04,0.009979228954688946,3,
SO,2015-10-30,2015-11-04,0.008430236376803846,3,
WEC,2015-10-29,2015-11-04,-0.006634512941501081,4,
BF-B,2015-11-02,2015-11-05,0.007671347036694032,3,
KO,2015-11-05,2015-11-06,-0.0027108315617139223,1,
MNST,2015-11-03,2015-11-09,0.11463027495347489,4,
KDP,2015-11-04,2015-11-11,-0.013503045660580248,5,
CVC-201606,2015-11-06,2015-11-12,-0.022906736790413995,4,
GIS,2015-11-04,2015-11-12,-0.016227898671276164,6,
RAI-201707,2015-11-04,2015-11-12,-0.021775480616943788,6,
PEG,2015-10-29,2015-11-13,-0.05262480514076906,11,
D,2015-10-29,2015-11-16,-0.046546665015669064,12,
BA,2015-11-13,2015-11-17,0.018757125861430746,2,
GD,2015-11-11,2015-11-17,-0.00697305887650379,4,
K,2015-11-04,2015-11-17,-0.023731749104446864,9,
MDLZ,2015-11-09,2015-11-17,-0.01562024499520731,6,
MO,2015-11-04,2015-11-17,-0.01992722988819573,9,
PEP,2015-11-04,2015-11-17,-0.015352161801978736,9,
INTC,2015-11-12,2015-11-18,-0.001387775847962791,4,
SNDK-201605,2015-11-12,2015-11-18,0.0016164921597516813,4,
CSCO,2015-11-12,2015-11-19,-0.025023260644695067,5,
EXPE,2015-11-17,2015-11-19,0.017545313845854116,2,
NKE,2015-11-16,2015-11-19,0.034546233518144565,3,
SNA,2015-11-18,2015-11-19,0.01582893221667825,1,
BKNG,2015-11-17,2015-11-20,0.013990244964011689,3,
CCL,2015-11-17,2015-11-20,0.01618004468714962,3,
DAL,2015-11-17,2015-11-20,0.006515952542273995,3,
HAS,2015-11-18,2015-11-20,0.009561903105186564,2,
CTSH,2015-11-17,2015-11-23,-0.007039987427817973,4,
CTXS,2015-11-19,2015-11-24,0.0677616726106729,3,
RCL,2015-11-17,2015-11-24,-0.02583994332902584,5,
CVC-201606,2015-11-25,2015-12-01,-0.001344003309927122,3,
DXC,2015-11-30,2015-12-01,0.012236062987385443,1,
BA,2015-12-01,2015-12-02,0.004880610055207901,1,
LLY,2015-12-01,2015-12-02,0.022297297417833484,1,
MDT,2015-12-01,2015-12-02,0.005239658485471255,1,
CAG,2015-12-04,2015-12-07,0.016538398048601355,1,
GE,2015-12-01,2015-12-07,0.01231144270773532,4,
MA,2015-12-04,2015-12-07,0.017355585800938655,1,
PGR,2015-12-01,2015-12-07,0.013280833250549406,4,
REGN,2015-12-01,2015-12-07,0.016917198725510785,4,
SBUX,2015-12-04,2015-12-07,0.029512575146320996,1,
TMO,2015-12-04,2015-12-07,0.02243283160475973,1,
AZO,2015-12-03,2015-12-09,0.028614291101830558,4,
ORLY,2015-12-02,2015-12-09,-0.023635121336132325,5,
NSC,2015-12-03,2015-12-14,-0.028244069112487002,7,
FSLR,2015-12-11,2015-12-15,0.08883034996882411,2,
AMT,2015-12-10,2015-12-16,0.00818497143602559,4,
CAM-201604,2015-12-08,2015-12-16,0.010243569922764983,6,
GT,2015-12-10,2015-12-16,-0.006814899736985236,4,
IFF,2015-12-14,2015-12-16,0.023417853762717877,2,
ADSK,2015-12-14,2015-12-17,0.015545317404567438,3,
AIG,2015-12-14,2015-12-17,0.02206632280441445,3,
HRB,2015-12-09,2015-12-17,-0.016915333762398954,6,
PCL-201602,2015-12-14,2015-12-17,0.008007030563421669,3,
TWC-201605,2015-12-15,2015-12-17,0.027268430195368065,2,
XRAY,2015-12-14,2015-12-17,0.0046508738992045995,3,
PCP-201601,2015-12-21,2015-12-23,0.0003769594891089856,2,
JNPR,2015-12-22,2015-12-29,0.015491627758878801,4,
NWL,2015-12-28,2015-12-29,0.02020018976483673,1,
RTN,2016-01-04,2016-01-06,0.014620429770213494,2,
EBAY,2016-01-05,2016-01-12,-0.02075038785126937,5,
AVY,2016-01-04,2016-01-13,-0.03015178187875467,7,
BF-B,2016-01-04,2016-01-13,-0.030959708521654417,7,
BSX,2016-01-05,2016-01-13,-0.008096936937573962,6,
GM,2016-01-05,2016-01-13,-0.04691263801059076,6,
TSS,2016-01-05,2016-01-13,-0.052750748031463957,6,
BDX,2016-01-05,2016-01-15,-0.044294772206106225,8,
CAM-201604,2016-01-13,2016-01-15,-0.04805963267501734,2,
HSIC,2016-01-12,2016-01-19,0.0059860239902342904,4,
DAL,2016-01-05,2016-01-20,-0.06716870900129224,10,
KDP,2016-01-15,2016-01-20,0.010614922060485865,2,
FSLR,2016-01-14,2016-01-22,0.06858436451258298,5,
MAS,2016-01-05,2016-01-22,-0.0825839055332781,12,
MAT,2016-01-20,2016-01-22,0.060554867750097774,2,
AEE,2016-01-22,2016-01-25,0.014733623444482813,1,
AIV,2016-01-15,2016-01-25,0.011408671918211155,5,
MAC,2016-01-15,2016-01-25,0.034461030709247,5,
PCL-201602,2016-01-13,2016-01-25,-0.06900736550021269,7,
PLD,2016-01-13,2016-01-25,-0.05645222408899231,7,
TSN,2016-01-20,2016-01-25,0.050722753394672804,3,
VRSN,2016-01-06,2016-01-25,-0.07249484809985762,12,
GMCR-201603,2016-01-22,2016-01-27,-0.003671565996887227,3,
KR,2016-01-19,2016-01-28,-0.030659911006532203,7,
SNDK-201605,2016-01-22,2016-01-29,0.010484453009766082,5,
LMT,2016-01-29,2016-02-01,0.004868838857429614,1,
ISRG,2016-01-29,2016-02-02,0.020379864279519877,2,
ATVI,2016-02-05,2016-02-11,-0.07016496251623716,4,
MCD,2016-02-08,2016-02-11,0.012790407943866322,3,
AZO,2016-02-08,2016-02-12,-0.0011762198604480245,4,
EQIX,2016-02-08,2016-02-12,-0.02413081613144885,4,
EXR,2016-02-08,2016-02-12,0.003655786632389413,4,
MSFT,2016-02-08,2016-02-12,0.012100931821839245,4,
PSA,2016-02-08,2016-02-12,0.0072175831435643545,4,
DLTR,2016-02-11,2016-02-16,0.08931255514393954,2,
NVDA,2016-02-08,2016-02-16,0.0006858181053599477,5,
STZ,2016-02-08,2016-02-16,0.02885363600768276,5,
TPR,2016-02-11,2016-02-16,0.046428273202021364,2,
FRT,2016-02-12,2016-02-17,0.013946731464618667,2,
AIZ,2016-02-09,2016-02-18,-0.08059868684639215,6,
CMS,2016-02-18,2016-02-19,0.015156008422549272,1,
DUK,2016-02-16,2016-02-19,-0.005534185725372898,3,
RTN,2016-02-16,2016-02-19,-0.0004352825351671141,3,
SJM,2016-02-24,2016-02-25,0.03773470499358922,1,
CLX,2016-03-08,2016-03-09,0.018229035098625612,1,
KDP,2016-03-08,2016-03-10,0.01937984698457207,2,
EW,2016-03-09,2016-03-11,0.016134718025112793,2,
FSLR,2016-03-09,2016-03-11,0.0381949607615395,2,
CCI,2016-03-10,2016-03-14,-0.015839881313862603,2,
DAL,2016-03-09,2016-03-14,0.023647020067580238,3,
NKE,2016-03-08,2016-03-14,0.017613757943374386,4,
NOC,2016-03-08,2016-03-14,0.018131066125526507,4,
RTN,2016-03-11,2016-03-14,-0.005653389423534327,1,
GRMN,2016-03-09,2016-03-15,-0.00887030803939004,4,
CVC-201606,2016-03-15,2016-03-17,0.007144001037130865,2,
PG,2016-03-14,2016-03-18,0.013785049319115839,4,
NDAQ,2016-03-22,2016-03-23,0.005942423031273014,1,
CAG,2016-03-23,2016-03-24,0.01732410555278796,1,
HSY,2016-03-23,2016-03-29,0.0074961243585554005,3,
JCI,2016-03-24,2016-03-29,0.008648887518041048,2,
RAI-201707,2016-03-18,2016-03-29,0.00016686133822796378,6,
SNI-201803,2016-03-23,2016-03-29,0.0003352320995715363,3,
ALLE,2016-03-28,2016-03-30,0.0057237544036994326,2,
BKNG,2016-03-29,2016-03-30,0.02581077915489205,1,
DRI,2016-03-28,2016-03-30,0.013857728091692723,2,
FSLR,2016-03-24,2016-03-30,0.02589546095060813,3,
MAC,2016-03-28,2016-03-30,0.010478657217249276,2,
NEM,2016-03-24,2016-03-30,0.061121463699343126,3,
HP,2016-03-24,2016-03-31,0.024107378920936284,4,
WTW,2016-03-30,2016-03-31,0.0012050217626313753,1,
CVC-201606,2016-04-06,2016-04-07,0.0025799888185207287,1,
CVX,2016-04-06,2016-04-07,0.011072997850434252,1,
DOV,2016-04-05,2016-04-11,0.011614044349238295,4,
FE,2016-04-07,2016-04-11,0.02023758726052427,2,
HOT-201609,2016-04-04,2016-04-11,-0.0016205428459590276,5,
PSX,2016-04-04,2016-04-11,0.007318271893398398,5,
EXPD,2016-04-05,2016-04-12,0.006813493094054879,5,
FLR,2016-04-05,2016-04-13,0.014852397891120583,6,
GT,2016-04-11,2016-04-13,0.00824775783558529,2,
UPS,2016-04-06,2016-04-13,0.012873236153173151,5,
FSLR,2016-04-06,2016-04-14,-0.023252278244790592,6,
NDAQ,2016-04-11,2016-04-14,-0.014439966463770992,3,
TJX,2016-04-11,2016-04-14,0.005487008979565333,3,
AEE,2016-04-14,2016-04-18,0.009392414275163796,2,
EQIX,2016-04-13,2016-04-18,-0.000109673624116291,3,
CLX,2016-04-14,2016-04-19,0.007381568147936779,3,
EQR,2016-04-14,2016-04-19,0.015179557284820788,3,
FAST,2016-04-05,2016-04-19,-0.060161881604691714,10,
UDR,2016-04-12,2016-04-19,-0.006068094994831186,5,
WM,2016-04-07,2016-04-19,-0.006163604687283719,8,
ETR,2016-04-13,2016-04-20,-0.008615907689170754,5,
HRL,2016-04-13,2016-04-20,-0.03085249952814728,5,
EMC-201609,2016-04-11,2016-04-21,0.02126544783887452,8,
CNP,2016-04-21,2016-04-25,0.005753462295219114,2,
MKC,2016-04-21,2016-04-26,-0.00028986812350750846,3,
AEP,2016-04-21,2016-04-27,-0.011413091468713832,4,
AMT,2016-04-22,2016-04-27,0.013220168614175076,3,
GE,2016-04-26,2016-04-27,0.0012380906821829463,1,
APH,2016-04-21,2016-04-28,-0.022696293501359377,5,
CCL,2016-04-21,2016-04-28,-0.02007406436025183,5,
D,2016-04-21,2016-04-28,-0.014072879675323668,5,
GIS,2016-04-22,2016-04-28,0.00578984726133891,4,
MAC,2016-04-21,2016-04-28,-0.018509781797472424,5,
SRE,2016-04-21,2016-04-28,-0.0034629380871885607,5,
KMB,2016-04-25,2016-04-29,-0.0034246273698143037,4,
MMM,2016-04-27,2016-05-02,-0.0001452859102952786,3,
IPG,2016-04-29,2016-05-03,0.002331724674457858,2,
WAT,2016-04-29,2016-05-03,0.00577629373215216,2,
WHR,2016-04-27,2016-05-03,-0.029915654329666252,4,
WYNN,2016-04-28,2016-05-03,0.050296548451713274,3,
SHW,2016-04-29,2016-05-05,0.00014021201670999517,4,
AABA,2016-04-29,2016-05-06,-0.000904600740261996,5,
LVLT-201710,2016-05-06,2016-05-09,0.01746657597721435,1,
AMGN,2016-05-02,2016-05-10,-0.018797041143731708,6,
GEN,2016-04-29,2016-05-10,-0.0013996657736644602,7,
LUV,2016-04-28,2016-05-10,-0.07221803689610384,8,
CMA,2016-05-10,2016-05-11,-0.00011985191942809337,1,
DOV,2016-05-03,2016-05-11,0.009351680094110248,6,
ELV,2016-05-03,2016-05-11,-0.0010705885708583995,6,
GLW,2016-04-27,2016-05-11,-0.02483313039253099,10,
HPQ,2016-05-03,2016-05-11,-0.0376113760157768,6,
LIN,2016-05-04,2016-05-11,-0.006871377310746496,5,
PX-201810,2016-05-05,2016-05-11,-0.006611530641185914,4,
UPS,2016-05-09,2016-05-11,0.013126227186840644,2,
MUR,2016-05-10,2016-05-12,0.05931633022727101,2,
GRMN,2016-05-10,2016-05-17,-0.02575998325579265,5,
NAVI,2016-05-16,2016-05-18,0.006050432161512909,2,
TPR,2016-05-16,2016-05-18,0.006538761864526954,2,
RRC,2016-05-17,2016-05-20,0.06288265316813946,3,
WHR,2016-05-17,2016-05-20,0.012325060792938602,3,
HCA,2016-05-13,2016-05-23,-0.015713155156556247,6,
KLAC,2016-05-17,2016-05-23,0.02404067745618188,4,
PCG,2016-05-18,2016-05-24,0.006353471103367703,4,
AEE,2016-05-18,2016-05-25,-0.0026336462155354123,5,
CCE,2016-05-24,2016-05-25,0.00993030873508971,1,
GGP-201808,2016-05-12,2016-05-25,-0.02977037418670947,9,
HOT-201609,2016-05-16,2016-05-25,-0.012909868439100358,7,
KIM,2016-05-16,2016-05-25,-0.03568141398470581,7,
PYPL,2016-05-20,2016-05-25,0.02652383319782725,3,
TSN,2016-05-23,2016-05-25,0.00431559913434465,2,
ES,2016-05-18,2016-05-27,-0.005177999410597489,7,
MCD,2016-05-23,2016-05-27,0.010277800450437136,4,
SW,2016-05-20,2016-05-27,0.03891295414576179,5,
EOG,2016-06-06,2016-06-07,0.015087223231131208,1,
NBL,2016-06-06,2016-06-07,0.029490975198763758,1,
OXY,2016-06-06,2016-06-07,0.003813582568404028,1,
PXD,2016-06-01,2016-06-07,0.02004228764970417,4,
APA,2016-06-03,2016-06-08,0.05297066899436298,3,
GD,2016-06-03,2016-06-08,0.00413214842759424,3,
CHRW,2016-06-06,2016-06-09,-0.007246488581323707,3,
MAS,2016-06-07,2016-06-09,0.0011591848113308156,2,
AIV,2016-06-06,2016-06-10,-0.005909739787365975,4,
AIZ,2016-06-07,2016-06-10,-0.004707442584161892,3,
HIG,2016-06-06,2016-06-10,-0.010549028631468227,4,
PGR,2016-06-08,2016-06-10,0.004153035176809539,2,
TSN,2016-06-09,2016-06-10,0.01885278288121528,1,
PYPL,2016-06-10,2016-06-15,0.006944128419806406,3,
PSA,2016-06-10,2016-06-16,0.0003774488292513922,4,
CMCSA,2016-06-10,2016-06-17,0.013728703134365361,5,
CME,2016-06-08,2016-06-17,-0.002940957641337505,7,
EXR,2016-06-10,2016-06-17,-0.011509195131414685,5,
BLK,2016-06-17,2016-06-20,0.02492199286037655,1,
OI,2016-06-17,2016-06-20,0.031376331455341244,1,
PRU,2016-06-06,2016-06-20,-0.03943941997656497,10,
URBN,2016-06-10,2016-06-20,0.02292289515538859,6,
ADI,2016-06-07,2016-06-21,-0.010505636844091004,10,
DFS,2016-06-15,2016-06-21,-0.0012498745632176789,4,
SW,2016-06-07,2016-06-21,-0.06613694896326006,10,
TMO,2016-06-20,2016-06-21,0.006311896346663515,1,
URI,2016-06-17,2016-06-21,0.021019157883775064,2,
WY,2016-06-10,2016-06-21,-0.03572770658771729,7,
APH,2016-06-20,2016-06-22,0.0007461150524494808,2,
VAR,2016-06-20,2016-06-22,0.008153243815008926,2,
MCK,2016-06-20,2016-06-23,0.016970348338005037,3,
ICE,2016-06-16,2016-06-24,-0.02868924554744212,6,
NDAQ,2016-06-21,2016-06-24,-0.014679172754591185,3,
NOC,2016-06-27,2016-06-29,0.023012089030962635,2,
CPRI,2016-06-27,2016-06-30,0.0261594969821608,3,
HUM,2016-06-27,2016-06-30,0.010989901193628304,3,
KORS,2016-06-27,2016-06-30,0.026159457852287904,3,
NLSN,2016-06-27,2016-06-30,0.027465500617868566,3,
PLD,2016-06-27,2016-06-30,0.02321773237816771,3,
SNI-201803,2016-06-27,2016-06-30,0.03293710664966132,3,
ACN,2016-06-27,2016-07-01,0.028030764115104745,4,
PPL,2016-06-27,2016-07-01,0.025121618075167218,4,
WHR,2016-06-27,2016-07-01,0.03841952440083296,4,
CNP,2016-07-08,2016-07-14,0.010291658405181314,4,
ES,2016-07-13,2016-07-19,-0.0006236143245436088,4,
ETR,2016-07-15,2016-07-20,0.004244191944470899,3,
STZ,2016-07-15,2016-07-20,0.0039264973440200635,3,
BALL,2016-07-18,2016-07-21,0.009854101206631771,3,
DLR,2016-07-18,2016-07-25,-0.003971815383572941,5,
JBHT,2016-07-19,2016-07-25,0.022902792501577673,4,
MNST,2016-07-19,2016-07-25,0.032651299668275735,4,
MRK,2016-07-20,2016-07-25,-0.00825666938109404,3,
MRSH,2016-07-19,2016-07-25,0.0008603463079415175,4,
GPC,2016-07-19,2016-07-26,-0.00020159535593788913,5,
GWW,2016-07-20,2016-07-26,0.0034259584977769375,4,
HAS,2016-07-19,2016-07-26,0.002695051383448943,5,
EQIX,2016-07-18,2016-07-27,-0.011769778602912062,7,
NBL,2016-07-25,2016-07-29,0.0023211064757517885,4,
CVX,2016-07-29,2016-08-01,0.00594395218240984,1,
DO,2016-07-26,2016-08-01,-0.00766351552377742,4,
EOG,2016-07-26,2016-08-01,0.030687926259922005,4,
OKE,2016-07-26,2016-08-01,-0.020316079472061155,4,
OXY,2016-07-25,2016-08-01,-0.00866023148845907,5,
CPB,2016-07-21,2016-08-02,-0.03569962421009576,8,
ECL,2016-08-01,2016-08-03,0.04073355031488646,2,
AIZ,2016-08-01,2016-08-04,0.01013323153636092,3,
DE,2016-07-25,2016-08-04,-0.00995369638441801,8,
MUR,2016-07-25,2016-08-04,-0.08147559207416843,8,
GE,2016-07-25,2016-08-05,-0.02689361861003714,9,
XOM,2016-07-27,2016-08-05,-0.043222417320027295,7,
ADP,2016-08-01,2016-08-08,0.015341787702342957,5,
DHI,2016-08-03,2016-08-08,0.014267461724072783,3,
EFX,2016-08-04,2016-08-08,0.015058677131335019,2,
HCA,2016-08-01,2016-08-08,-0.014699889118370502,5,
INTU,2016-08-01,2016-08-08,0.0015848586068392123,5,
LEN,2016-08-02,2016-08-08,0.00614200166399792,4,
QRVO,2016-08-05,2016-08-10,0.017854420666446158,3,
VRSK,2016-08-04,2016-08-10,0.022435153220597748,4,
ED,2016-08-08,2016-08-11,0.0013358670908754089,3,
D,2016-08-08,2016-08-12,0.007440928437109973,4,
IRM,2016-08-05,2016-08-12,-0.028999337640714162,5,
PEG,2016-08-08,2016-08-12,-0.0008636683635152576,4,
SRE,2016-08-08,2016-08-12,-0.002464212247755948,4,
EL,2016-08-12,2016-08-15,0.0028497727904193138,1,
FCX,2016-08-08,2016-08-16,-0.012385542136516103,6,
SNI-201803,2016-08-10,2016-08-16,0.040501348871393006,4,
AWK,2016-08-08,2016-08-18,-0.02197840073406787,8,
CPB,2016-08-16,2016-08-19,0.004122662050934478,3,
DUK,2016-08-16,2016-08-19,0.009511219887814004,3,
EXC,2016-08-11,2016-08-19,-0.018437669412569857,6,
NUE,2016-08-15,2016-08-19,-0.012960781410451094,4,
PPL,2016-08-10,2016-08-19,-0.021631709448471148,7,
WHR,2016-08-18,2016-08-19,0.006645560176786969,1,
AVY,2016-08-19,2016-08-22,0.007796574244289589,1,
FISV,2016-08-04,2016-08-22,-0.025512893825456184,12,
AJG,2016-08-19,2016-08-23,0.012043749096984468,2,
KIM,2016-08-12,2016-08-23,-0.01577712475444759,7,
LOW,2016-08-19,2016-08-24,0.020493673338626728,3,
CCI,2016-08-22,2016-08-25,0.012731837746900787,3,
FRT,2016-08-12,2016-08-26,-0.0008734681061891569,10,
GGP-201808,2016-08-12,2016-08-26,-0.010755360063493757,10,
T,2016-08-19,2016-08-26,-0.0044185870977416775,5,
UDR,2016-08-22,2016-08-26,-0.0006168966282308341,4,
BCR-201712,2016-08-19,2016-08-29,-0.0057996526398012005,6,
CERN,2016-08-23,2016-08-29,-0.011206078252056884,4,
ABT,2016-08-23,2016-08-30,-0.032588116018478885,5,
PGR,2016-08-24,2016-08-30,0.0082141681333745,4,
PNR,2016-08-29,2016-08-30,0.009726619246632984,1,
MJN-201706,2016-08-25,2016-08-31,-0.0028312574829751913,4,
MCK,2016-08-26,2016-09-01,0.005128436124437696,4,
AAPL,2016-08-31,2016-09-02,0.017270569882630094,2,
HOG,2016-08-30,2016-09-02,0.011894847368346673,3,
ORLY,2016-08-29,2016-09-02,0.013655237492670391,4,
WYNN,2016-08-26,2016-09-02,0.03222613229864901,5,
STJ-201701,2016-08-19,2016-09-06,-0.052422858176514486,11,
UNH,2016-08-26,2016-09-06,-0.00960971956537282,6,
ABBV,2016-08-30,2016-09-07,-0.0046267362691115865,5,
CTRA,2016-09-02,2016-09-07,0.002448341451986469,2,
DLTR,2016-08-26,2016-09-07,-0.026965602771890973,7,
GRMN,2016-09-01,2016-09-07,-0.007270890622159132,3,
NOV,2016-09-02,2016-09-07,0.024886263944357,2,
KSU,2016-09-06,2016-09-08,0.011448793041747507,2,
RL,2016-09-06,2016-09-08,0.008341481405537143,2,
AET-201811,2016-08-30,2016-09-09,-0.00943429643326854,7,
HES,2016-09-02,2016-09-09,-0.041792221131983553,4,
GPS,2016-09-02,2016-09-13,-0.018631368631368495,6,
TIF,2016-09-07,2016-09-14,-0.012949222305271957,5,
AVGO,2016-09-08,2016-09-15,0.006599858660514046,5,
HOT-201609,2016-09-07,2016-09-16,-0.01088306822792251,7,
MAR,2016-09-07,2016-09-16,-0.02154718689236368,7,
ORCL,2016-09-09,2016-09-16,-0.019815076736448556,5,
PCAR,2016-09-07,2016-09-16,-0.026263923138130973,7,
APD,2016-09-13,2016-09-20,-0.01565284197543826,5,
DHR,2016-09-08,2016-09-20,-0.02557689379321937,8,
DLR,2016-09-14,2016-09-20,0.007722407462095404,4,
CTRA,2016-09-19,2016-09-22,0.03992459416602978,3,
FBIN,2016-09-09,2016-09-22,-0.06782883357341785,9,
HUM,2016-09-19,2016-09-22,0.006840451349052978,3,
MON-201806,2016-09-20,2016-09-22,0.018496248277270366,2,
ORLY,2016-09-19,2016-09-22,0.02530591898524226,3,
OXY,2016-09-15,2016-09-22,0.007861194854707154,5,
RRC,2016-09-19,2016-09-22,0.015073124884406042,3,
WU,2016-09-20,2016-09-22,0.01399409861858536,2,
HST,2016-09-07,2016-09-23,-0.045389378627493815,12,
KSU,2016-09-20,2016-09-27,-0.009382445274217832,5,
BAC,2016-09-27,2016-09-29,0.02260297198052985,2,
JBHT,2016-09-23,2016-09-29,-0.0051340063614605524,4,
PNC,2016-09-27,2016-09-29,0.019017421364355247,2,
TFC,2016-09-27,2016-09-29,0.013675953441439903,2,
WYNN,2016-09-27,2016-09-29,0.00826703540905993,2,
BNY,2016-09-30,2016-10-03,0.005585580612357477,1,
COO,2016-09-26,2016-10-03,-0.019875576027448827,5,
KMX,2016-09-22,2016-10-03,-0.043800103940827784,7,
URBN,2016-09-27,2016-10-04,0.0014592490380616052,5,
AMGN,2016-09-29,2016-10-05,-0.018632323435210596,4,
ICE,2016-09-29,2016-10-06,-0.011200795885131787,5,
MHK,2016-09-27,2016-10-06,-0.016381122268426918,7,
CME,2016-09-26,2016-10-07,-0.02295814326165191,9,
NDAQ,2016-09-29,2016-10-07,-0.014270344514308975,6,
PCG,2016-10-06,2016-10-10,0.01648031352279533,2,
EIX,2016-10-05,2016-10-11,0.00042534476799271914,4,
ETR,2016-09-30,2016-10-11,-0.04934423986911596,7,
LNT,2016-10-07,2016-10-11,-0.008743081429716026,2,
NI,2016-10-04,2016-10-11,-0.033768015388007,5,
PNW,2016-10-06,2016-10-11,0.011482875369014378,3,
SO,2016-10-03,2016-10-11,-0.03376407395136283,6,
WEC,2016-10-03,2016-10-11,-0.047179834161558465,6,
AES,2016-10-07,2016-10-13,-0.012207731769665942,4,
CNP,2016-10-10,2016-10-13,0.005293329973629302,3,
ED,2016-10-03,2016-10-13,-0.04077596537257433,8,
LMT,2016-10-11,2016-10-14,-0.00037033834007327293,3,
VTR,2016-10-11,2016-10-14,-0.004992825156610259,3,
DOV,2016-10-11,2016-10-17,0.02364597450328687,4,
BIIB,2016-10-13,2016-10-19,0.02240077173515531,4,
FFIV,2016-10-13,2016-10-19,-0.0024231075931969714,4,
PNR,2016-10-11,2016-10-19,-0.0008204983524422449,6,
XLNX,2016-10-13,2016-10-19,0.006066660612115138,4,
AMAT,2016-10-14,2016-10-20,0.007642752399727337,4,
EOG,2016-10-19,2016-10-20,-0.005068461223118659,1,
KMI,2016-10-11,2016-10-20,0.00033920350988703163,7,
KSS,2016-10-19,2016-10-20,0.02231502271525776,1,
ROP,2016-10-14,2016-10-20,0.001503360197947945,4,
WYNN,2016-10-19,2016-10-20,0.023277384889962116,1,
XYL,2016-10-11,2016-10-20,-0.025387132045616045,7,
DNB,2016-10-11,2016-10-25,-0.029195925667785394,10,
EXPD,2016-10-19,2016-10-25,0.017792474418546922,4,
FDX,2016-10-20,2016-10-25,0.0034484766197169225,3,
CL,2016-10-21,2016-10-26,0.0030665781549175097,3,
PG,2016-10-20,2016-10-26,0.015886157078482288,4,
ROST,2016-10-20,2016-10-27,-0.0015263013346948906,5,
HPQ,2016-10-17,2016-10-28,-0.04054155631934131,9,
UNM,2016-10-26,2016-10-28,0.03685560691334344,2,
CINF,2016-10-21,2016-11-01,-0.028007699383613027,7,
CTAS,2016-10-21,2016-11-01,0.001011140968731894,7,
TAP,2016-10-27,2016-11-02,-0.018285086165872655,4,
UNP,2016-10-25,2016-11-03,-0.013676427322406037,7,
ZTS,2016-11-02,2016-11-03,-0.01650444780134519,1,
AIZ,2016-10-20,2016-11-04,-0.032896264427748956,11,
SWK,2016-11-01,2016-11-04,0.0017740044744360972,3,
AABA,2016-11-03,2016-11-08,0.006601227428406187,3,
AJG,2016-10-25,2016-11-08,6.182618359740211e-05,10,
EBAY,2016-11-04,2016-11-08,-0.0023531709755486574,2,
IP,2016-11-04,2016-11-08,0.0123798248363165,2,
NWL,2016-10-28,2016-11-08,0.011428030369720288,7,
NWS,2016-10-25,2016-11-08,-0.13706595395252863,10,
PCAR,2016-10-26,2016-11-08,0.0181230132009631,9,
MON-201806,2016-11-03,2016-11-09,-0.016906995150427928,4,
ULTA,2016-10-28,2016-11-10,-0.008613609093777952,9,
XEC,2016-11-01,2016-11-10,-0.05197474896233911,7,
AMZN,2016-11-15,2016-11-16,0.011509188940374004,1,
EXPE,2016-11-14,2016-11-16,0.013369587023086993,2,
ADBE,2016-11-15,2016-11-17,0.004097969704224047,2,
ADM,2016-11-14,2016-11-17,0.0388052754486059,3,
ATVI,2016-11-10,2016-11-17,-0.03365704927043223,5,
AVGO,2016-11-15,2016-11-17,0.013259979778564635,2,
NFLX,2016-11-11,2016-11-17,-2.813389412548162e-07,4,
V,2016-11-15,2016-11-17,0.02682102827559074,2,
COO,2016-11-15,2016-11-18,0.01935187805085503,3,
PYPL,2016-11-15,2016-11-18,0.024588139581912527,3,
VRSK,2016-11-17,2016-11-18,0.0019940281442631935,1,
YUM,2016-11-17,2016-11-18,0.018931043008106663,1,
GEN,2016-11-17,2016-11-22,0.0234847038817263,3,
HPE,2016-11-23,2016-11-25,0.012070768147320887,1,
HSY,2016-11-25,2016-11-28,-0.0023045011952004257,1,
SWK,2016-11-25,2016-11-28,0.003876971066399726,1,
HAL,2016-11-30,2016-12-01,0.12935653578965267,1,
HPQ,2016-11-25,2016-12-01,0.03633493792423237,4,
NOV,2016-11-30,2016-12-01,0.04881339422832642,1,
WMB,2016-11-29,2016-12-01,0.08481497694684514,2,
IVZ,2016-11-29,2016-12-02,0.0030987157736594995,3,
PSX,2016-11-30,2016-12-02,0.017817940839184754,2,
ALL,2016-11-30,2016-12-05,0.008825000520195747,3,
EBAY,2016-12-01,2016-12-05,0.020521354000083925,2,
XYL,2016-11-29,2016-12-05,0.01001909166309356,4,
AMZN,2016-12-01,2016-12-06,0.013361856405875727,3,
BKNG,2016-12-05,2016-12-06,0.018804562219067567,1,
NVDA,2016-12-02,2016-12-06,0.0669653497800391,2,
RL,2016-12-01,2016-12-06,0.026882714663932994,3,
SWKS,2016-12-02,2016-12-06,0.04867470744379632,2,
VLO,2016-12-01,2016-12-06,0.0423036045836549,3,
WU,2016-12-05,2016-12-06,0.012037865014683957,1,
ADS,2016-12-05,2016-12-07,0.030444436218475923,2,
J,2016-12-06,2016-12-09,0.018318434222922786,3,
IPG,2016-12-07,2016-12-12,0.03373718602363995,3,
OMC,2016-12-07,2016-12-12,0.024648545823941825,3,
SPGI,2016-11-29,2016-12-12,-0.028523541478899794,9,
BIIB,2016-11-25,2016-12-14,-0.061430022396678385,13,
GRMN,2016-12-12,2016-12-16,0.004693153456965193,4,
ITW,2016-12-15,2016-12-20,0.01885910696405424,3,
LMT,2016-12-09,2016-12-20,-0.02677443694330428,7,
NOC,2016-12-09,2016-12-20,-0.015255847254079247,7,
RTN,2016-12-09,2016-12-20,-0.019725353858815242,7,
XYL,2016-12-13,2016-12-20,-0.005711727243765008,5,
EXPE,2016-12-15,2016-12-21,0.0005683962662839104,4,
ICE,2016-12-20,2016-12-21,-0.0009657404541316694,1,
NUE,2016-12-20,2016-12-21,0.02336378066404765,1,
FCX,2016-12-20,2016-12-22,0.02737656856940407,2,
EBAY,2016-12-21,2016-12-23,0.02129100546328444,2,
AET-201811,2016-12-15,2016-12-27,-0.01135967926130299,7,
MRSH,2016-12-15,2016-12-27,-0.0040320632241227505,7,
FLR,2016-12-21,2016-12-28,-0.004025348735191447,4,
IPG,2016-12-22,2016-12-28,0.010764171889491747,3,
MRK,2016-12-22,2016-12-28,-0.00032404635000771176,3,
LLL,2016-12-20,2016-12-30,-0.015068608810544393,7,
RL,2016-12-15,2016-12-30,-0.10360149327952972,10,
FL,2016-12-23,2017-01-04,0.00035937384832762653,6,
HAS,2016-12-16,2017-01-04,-0.04066063144876819,11,
BBY,2016-12-20,2017-01-05,-0.0852361498088986,10,
CME,2016-12-28,2017-01-05,-0.012936872973609903,5,
GM,2016-12-30,2017-01-05,0.04902167655066059,3,
INTU,2016-12-29,2017-01-05,-0.0074459364217689394,4,
LHX,2016-12-30,2017-01-05,-0.006334597826776589,3,
SBUX,2016-12-27,2017-01-05,-0.017933808966787312,6,
MCD,2017-01-04,2017-01-09,0.012762381602382744,3,
MCHP,2017-01-05,2017-01-09,-0.0008985397020071506,2,
XLNX,2017-01-05,2017-01-09,0.000379001740009155,2,
AAL,2017-01-04,2017-01-10,0.005920927121047637,4,
MAR,2017-01-05,2017-01-10,-0.001754835313369174,3,
DRI,2016-12-27,2017-01-11,-0.030934175001593567,10,
APA,2016-12-29,2017-01-12,-0.005409993653493594,9,
TEL,2017-01-05,2017-01-12,-0.00286933032000658,5,
WM,2017-01-05,2017-01-12,-0.007812759110444545,5,
CVX,2017-01-09,2017-01-13,-0.005688269091718823,4,
SCG-201812,2017-01-09,2017-01-13,-0.0036601843680257318,4,
T,2017-01-12,2017-01-13,0.006611777439521793,1,
TWX-201806,2017-01-09,2017-01-13,-0.00960988164377985,4,
NBL,2017-01-11,2017-01-17,0.017378100622781334,3,
ADM,2017-01-12,2017-01-18,0.013864898671697823,3,
LLL,2017-01-13,2017-01-18,0.013254855623439088,2,
TRV,2017-01-05,2017-01-18,-0.012121075974163675,8,
ANDV-201809,2017-01-10,2017-01-19,-0.0006490192039464437,6,
L,2017-01-18,2017-01-19,0.006708701062333455,1,
NOC,2017-01-13,2017-01-19,0.007851251422503536,3,
STX,2017-01-12,2017-01-19,0.00641129876724289,4,
AET-201811,2017-01-18,2017-01-20,0.004732499181056005,2,
BKR,2017-01-10,2017-01-20,-0.023058204039036356,7,
COL-201811,2017-01-17,2017-01-23,0.019588840193144108,4,
JNPR,2017-01-13,2017-01-24,-0.01275619816762441,6,
LHX,2017-01-18,2017-01-24,0.002380533365848203,4,
UNH,2017-01-19,2017-01-24,0.008251511805753564,3,
C,2017-01-24,2017-01-25,0.03260039586347019,1,
FFIV,2017-01-13,2017-01-25,0.007734597318975078,7,
FTI,2017-01-20,2017-01-25,0.004112214620735077,3,
NTRS,2017-01-19,2017-01-25,-0.0012859294820765088,4,
A,2017-01-25,2017-01-26,0.015194463548830361,1,
BNY,2017-01-20,2017-01-26,0.006041410386273149,4,
FL,2017-01-20,2017-01-26,0.008034360744151092,4,
HOLX,2017-01-24,2017-01-26,0.019322488295021367,2,
WBA,2017-01-25,2017-01-26,0.0035178528177792767,1,
GE,2017-01-23,2017-01-27,-0.00527016907244604,4,
BCR-201712,2017-01-26,2017-01-30,0.02614522137298736,2,
BDX,2017-01-25,2017-01-30,0.024340532311800667,3,
MMM,2017-01-25,2017-01-30,-0.0010962457188535835,3,
SYK,2017-01-27,2017-01-30,0.01647280991730482,1,
CSRA-201804,2017-01-31,2017-02-02,0.009554432705558336,2,
PLD,2017-01-27,2017-02-03,-0.02828186209099537,5,
TSS,2017-01-27,2017-02-03,-0.008024114568718987,5,
UDR,2017-01-27,2017-02-03,-0.002281397201814972,5,
WU,2017-01-20,2017-02-03,-0.04792719087089703,10,
FISV,2017-01-27,2017-02-06,-0.0165861916872605,6,
HRB,2017-01-24,2017-02-06,-0.06948937766723462,9,
SYY,2017-01-30,2017-02-06,0.007661955569074008,5,
HOG,2017-02-03,2017-02-07,0.002064652916889953,2,
PYPL,2017-01-30,2017-02-07,-0.005973112146768211,6,
KMX,2017-02-02,2017-02-08,0.00044465294482898265,4,
SW,2017-02-03,2017-02-08,0.018291286471750823,3,
AAP,2017-01-30,2017-02-09,-0.0206483656720442,8,
FIS,2017-02-08,2017-02-09,0.021544562380603205,1,
IP,2017-02-03,2017-02-09,-0.010384566470068024,4,
CAT,2017-02-07,2017-02-10,0.0038215924288163006,3,
HIG,2017-02-06,2017-02-10,0.006235976557518841,4,
MET,2017-02-03,2017-02-10,0.008487218219988657,5,
PAYX,2017-02-06,2017-02-10,0.008322571446441662,4,
CME,2017-02-09,2017-02-13,0.021129964860408634,2,
INTU,2017-02-10,2017-02-13,0.011958313752452154,1,
SLB,2017-02-07,2017-02-13,0.01078949886750813,4,
AIZ,2017-02-09,2017-02-14,0.031765308057788655,3,
J,2017-02-09,2017-02-14,0.014039146783111134,3,
RIG,2017-02-10,2017-02-14,-0.004220774427111329,2,
VMC,2017-02-08,2017-02-14,0.0028522246628535086,4,
AN,2017-02-06,2017-02-15,-0.0510438677948829,7,
BKR,2017-02-10,2017-02-15,-0.027901574330601364,3,
INTC,2017-02-10,2017-02-15,0.018380973924602584,3,
TXN,2017-02-13,2017-02-15,-0.000412367378775258,2,
ULTA,2017-02-14,2017-02-15,0.00838381574599345,1,
MU,2017-02-15,2017-02-21,0.021794899964926895,3,
DLR,2017-02-15,2017-02-22,-0.004377369707788681,4,
NBL,2017-02-21,2017-02-22,-0.012363402243561916,1,
NVDA,2017-02-14,2017-02-22,0.03100031715640017,5,
OKE,2017-02-17,2017-02-24,0.009125900205277482,4,
ZTS,2017-02-14,2017-02-24,-0.031138078960297633,7,
EQIX,2017-02-17,2017-02-27,0.01953449705960386,5,
BKR,2017-02-24,2017-02-28,0.006553398202826077,2,
FLS,2017-02-21,2017-02-28,-0.010694325902676716,5,
HAL,2017-02-21,2017-02-28,-0.025077066406833493,5,
MLM,2017-02-21,2017-02-28,-0.01388717169388265,5,
TXT,2017-02-22,2017-02-28,-0.003246494168452907,4,
STT,2017-02-27,2017-03-01,0.02619133165364973,2,
BSX,2017-02-24,2017-03-02,0.01921874024380532,4,
DAL,2017-03-01,2017-03-02,-0.010115055521833782,1,
EMR,2017-02-28,2017-03-02,0.008270235590622343,2,
FCX,2017-02-22,2017-03-02,0.000873943537601507,6,
KMI,2017-02-17,2017-03-02,-0.010716204876666247,8,
RVTY,2017-03-01,2017-03-02,0.005301364102841655,1,
DRI,2017-02-28,2017-03-03,0.008028809565317596,3,
HPE,2017-02-28,2017-03-03,0.03598663755562459,3,
SW,2017-02-28,2017-03-06,0.0028502573844335632,4,
XRX,2017-03-03,2017-03-07,0.017089449258290257,2,
DISCA,2017-03-02,2017-03-09,-0.02166998787906904,5,
DISCK,2017-03-02,2017-03-09,-0.018895009889246195,5,
SNI-201803,2017-03-03,2017-03-09,-0.011377243533707837,4,
CMG,2017-03-07,2017-03-10,4.4135810824297295e-05,3,
INTC,2017-03-07,2017-03-10,0.014288975049008057,3,
LVLT-201710,2017-03-09,2017-03-13,0.019854738095780533,2,
MOS,2017-03-03,2017-03-13,-0.03493536249738183,6,
YUM,2017-02-23,2017-03-13,-0.03341107560116674,12,
DOV,2017-03-10,2017-03-14,-0.009111782066404284,2,
NAVI,2017-03-07,2017-03-14,-0.018358739514928724,5,
RIG,2017-03-09,2017-03-14,0.01687872146751057,3,
MAA,2017-03-10,2017-03-15,0.005528004130409325,3,
AMG,2017-03-14,2017-03-16,0.021014982883543976,2,
BKR,2017-03-13,2017-03-16,0.019202198326979003,3,
BXP,2017-03-13,2017-03-16,0.015282713290571737,3,
COST,2017-03-06,2017-03-16,-0.017491479780087582,8,
HAL,2017-03-15,2017-03-16,0.02438006820845362,1,
VNO,2017-03-07,2017-03-16,-0.034797909999063625,7,
CNC,2017-03-13,2017-03-17,0.001060771065357402,4,
EBAY,2017-03-14,2017-03-17,0.01167328206217233,3,
GS,2017-03-16,2017-03-17,0.005370689591519984,1,
SBUX,2017-03-09,2017-03-17,-0.014707966211155221,6,
NOC,2017-03-17,2017-03-20,0.013109481841810267,1,
MON-201806,2017-03-17,2017-03-21,0.002781785841653006,2,
LUV,2017-03-14,2017-03-27,-0.04091474199362943,9,
NSC,2017-03-17,2017-03-28,-0.04021639632959584,7,
AIZ,2017-03-17,2017-03-29,-0.0343907747596599,8,
CFG,2017-03-16,2017-03-29,-0.057472513877350084,9,
COF,2017-03-16,2017-03-29,-0.06262014189147824,9,
PNC,2017-03-16,2017-03-29,-0.047228251618626316,9,
RF,2017-03-16,2017-03-29,-0.04823236494445671,9,
SYF,2017-03-21,2017-03-29,-0.02376309393710796,6,
TFC,2017-03-16,2017-03-29,-0.0547465228277888,9,
USB,2017-03-28,2017-03-29,0.009305168238227912,1,
HUM,2017-03-27,2017-03-31,0.003340161121284879,4,
SO,2017-03-31,2017-04-04,0.004637876957740872,2,
AMGN,2017-03-29,2017-04-05,-0.00927956911086969,5,
EL,2017-03-29,2017-04-05,-0.008405941772633208,5,
DHR,2017-03-30,2017-04-06,-0.0028134681940058526,5,
INTU,2017-03-29,2017-04-06,-0.01428349954713204,6,
MO,2017-03-30,2017-04-06,-0.015552945808304797,5,
LLL,2017-04-06,2017-04-10,0.018398222276339027,2,
BRK-B,2017-03-20,2017-04-11,-0.039647525341680145,16,
CHD,2017-04-06,2017-04-11,0.003035294371506847,3,
HSIC,2017-04-04,2017-04-11,-0.005890282702350924,5,
PAYX,2017-03-30,2017-04-11,-0.013512112602338977,8,
ZTS,2017-04-05,2017-04-11,-0.0052149590313739225,4,
ABT,2017-03-30,2017-04-12,-0.025366676835397173,9,
BWA,2017-04-05,2017-04-12,-0.02220877388879494,5,
HAS,2017-04-10,2017-04-12,0.0015413431027295754,2,
MAR,2017-04-11,2017-04-13,0.00391373952041385,2,
FFIV,2017-04-06,2017-04-18,-0.02011076198225714,7,
IBM,2017-04-11,2017-04-18,-0.0011792063774260786,4,
SYF,2017-04-11,2017-04-18,0.005973815437475993,4,
SYK,2017-04-12,2017-04-18,-0.0011563826568675717,3,
WTW,2017-04-12,2017-04-18,0.005552482744627607,3,
XLNX,2017-03-29,2017-04-18,-0.042290008128517464,13,
ADI,2017-04-18,2017-04-19,0.02248154805596636,1,
ALK,2017-04-11,2017-04-20,-0.01537366144056207,6,
AAPL,2017-04-12,2017-04-21,0.003922322771732878,6,
DISH,2017-04-18,2017-04-21,0.035215045100581266,3,
SW,2017-04-13,2017-04-21,0.015156771343615816,5,
LLY,2017-04-18,2017-04-24,0.009089506465184805,4,
EXC,2017-04-21,2017-04-25,0.006259316321496122,2,
XRX,2017-04-11,2017-04-25,-0.02032291377068607,9,
EBAY,2017-04-21,2017-04-26,0.0010549955008707368,3,
FTI,2017-04-20,2017-04-26,-0.017109924992948056,4,
HCA,2017-04-18,2017-04-26,-0.009926896472740698,6,
HOG,2017-04-19,2017-04-26,0.001151378459975927,5,
NOV,2017-04-18,2017-04-26,-0.04624047286115551,6,
OKE,2017-04-18,2017-04-26,-0.0003471964042673914,6,
DHR,2017-04-24,2017-04-27,0.004280991015009894,3,
NRG,2017-04-21,2017-04-27,-0.004896120169956553,4,
CCI,2017-04-25,2017-04-28,-0.02118836962950188,3,
PHM,2017-04-26,2017-04-28,0.02864044833585999,2,
AAL,2017-05-01,2017-05-03,0.019241046214061308,2,
BXP,2017-04-25,2017-05-03,-0.04519707720808164,6,
IPG,2017-05-01,2017-05-03,0.008978331313356902,2,
IRM,2017-04-28,2017-05-03,0.019223928169404436,3,
MAA,2017-04-28,2017-05-03,0.019954137445870934,3,
CHD,2017-05-01,2017-05-05,0.0223287812157813,4,
CL,2017-05-03,2017-05-05,0.013626579145483042,2,
KDP,2017-04-27,2017-05-05,-0.02321380299723419,6,
KHC,2017-05-03,2017-05-05,-0.005980282241313972,2,
PSA,2017-04-26,2017-05-05,-0.08086679836744348,7,
CHTR,2017-05-05,2017-05-08,0.013097631796735731,1,
DOV,2017-05-05,2017-05-08,0.016873680896485332,1,
DISCK,2017-05-01,2017-05-09,-0.08442465331037763,6,
DIS,2017-05-05,2017-05-10,-0.02428720184262978,3,
LEN,2017-04-26,2017-05-10,-0.0071112293442767704,10,
CAG,2017-05-03,2017-05-11,-0.015139982060117907,6,
NRG,2017-05-05,2017-05-11,0.02181256911253948,4,
QRVO,2017-05-08,2017-05-11,-0.006776699080817128,3,
AMG,2017-05-03,2017-05-15,-0.0007654793063031073,8,
AWK,2017-05-05,2017-05-15,0.00010144553813273838,6,
CNP,2017-05-10,2017-05-16,0.007118033165510962,4,
EXPD,2017-05-03,2017-05-16,-0.0044248168290478285,9,
IFF,2017-05-10,2017-05-16,0.029476154638031327,4,
PFG,2017-05-09,2017-05-16,-0.005424904742974634,5,
RJF,2017-05-15,2017-05-16,0.011611045363847605,1,
INTC,2017-05-11,2017-05-17,-0.008668070381501525,4,
NUE,2017-05-11,2017-05-17,-0.021805708566780657,4,
PCAR,2017-05-15,2017-05-17,0.006314397118748261,2,
UNH,2017-05-16,2017-05-19,0.007533539264391376,3,
PH,2017-05-16,2017-05-22,0.004742231846683431,4,
CBRE,2017-05-16,2017-05-23,-0.01181063397128812,5,
DIS,2017-05-17,2017-05-23,-0.004770771360411485,4,
LEG,2017-05-19,2017-05-23,0.020819141097471183,2,
PWR,2017-05-08,2017-05-23,-0.08504428881829496,11,
SRCL,2017-05-17,2017-05-23,0.01323043170934568,4,
AGN,2017-05-11,2017-05-24,-0.03970438060482917,9,
GT,2017-05-16,2017-05-24,-0.062438722093176136,6,
FL,2017-05-17,2017-05-26,-0.16454498284177865,7,
ULTA,2017-05-25,2017-05-26,0.08017288967989455,1,
WBA,2017-05-16,2017-05-30,-0.04815177761753431,9,
JNPR,2017-05-22,2017-05-31,-0.0026602357312803804,6,
TIF,2017-05-25,2017-06-01,0.015359567478161917,4,
DOC,2017-05-30,2017-06-02,0.012076340881351566,3,
JEF,2017-05-31,2017-06-02,0.011902883422429067,2,
LOW,2017-05-25,2017-06-02,-0.002371957064063235,5,
SW,2017-05-23,2017-06-02,-0.0059102944949349645,7,
WFM-201708,2017-05-30,2017-06-02,0.0014237191380050973,3,
AVGO,2017-06-02,2017-06-05,0.019926381072107313,1,
VLO,2017-05-30,2017-06-05,0.002861596038346681,4,
JPM,2017-06-01,2017-06-07,0.008289412322758594,4,
BAC,2017-06-01,2017-06-08,0.004217370643061935,5,
NTAP,2017-06-06,2017-06-08,0.0111539187728944,2,
RF,2017-06-02,2017-06-08,0.0009941151198238352,4,
EMR,2017-06-08,2017-06-09,0.038878175858250374,1,
DIS,2017-06-07,2017-06-12,-0.003601731185976509,3,
MRK,2017-06-09,2017-06-12,0.01679352212464269,1,
PNR,2017-06-06,2017-06-12,0.020886311617468012,4,
PVH,2017-06-08,2017-06-12,0.019184657487249845,2,
RTN,2017-06-07,2017-06-12,0.003419491845273015,3,
TXT,2017-06-06,2017-06-12,0.011035788438864547,4,
XL-201809,2017-06-07,2017-06-12,-0.004807296855150467,3,
ETN,2017-06-08,2017-06-13,0.01118448633342517,3,
CSX,2017-06-12,2017-06-14,0.01661582216402957,2,
DLR,2017-06-12,2017-06-14,0.0353820471409354,2,
DXC,2017-06-12,2017-06-14,0.014962463048208363,2,
KMX,2017-06-01,2017-06-14,-0.02554177425463089,9,
BF-B,2017-06-12,2017-06-15,-0.0028076812664119544,3,
RAI-201707,2017-06-12,2017-06-15,-0.0007772044469290806,3,
EQIX,2017-06-13,2017-06-16,0.02330551903110778,3,
MDLZ,2017-06-12,2017-06-16,-0.001778214673520906,4,
PM,2017-06-14,2017-06-16,0.005382157809959542,2,
SRE,2017-06-15,2017-06-16,0.008669280833059956,1,
ADSK,2017-06-12,2017-06-20,0.015240330770889265,6,
AVGO,2017-06-16,2017-06-20,0.010825324062058606,2,
GEN,2017-06-14,2017-06-20,-0.023296860906286132,4,
HPE,2017-06-02,2017-06-20,-0.03571953046616427,12,
HPQ,2017-06-16,2017-06-20,0.02347307792898845,2,
KLAC,2017-06-16,2017-06-20,0.03281841720062606,2,
SBUX,2017-06-14,2017-06-20,0.003101421098505641,4,
LRCX,2017-06-16,2017-06-22,0.015973117970772055,4,
AES,2017-06-22,2017-06-27,-0.0019980019980018193,3,
LUMN,2017-06-21,2017-06-27,-0.01647347874378613,4,
LVLT-201710,2017-06-21,2017-06-27,-0.015291565858906786,4,
ULTA,2017-06-20,2017-06-27,-0.020309666750308986,5,
CCI,2017-06-22,2017-06-28,0.02172346523774893,4,
COST,2017-06-20,2017-06-29,-0.033897844106628106,7,
DE,2017-06-27,2017-06-29,-0.001597153461451839,2,
DOV,2017-06-22,2017-06-29,0.020587589659782246,5,
TMO,2017-06-27,2017-06-29,0.01317659538465521,2,
SYY,2017-06-22,2017-06-30,-0.06631289973047605,6,
ITW,2017-06-28,2017-07-03,0.00806872095625244,3,
EQR,2017-07-03,2017-07-05,0.007522610641932603,1,
PAYX,2017-06-27,2017-07-06,-0.033696617620249225,6,
QRVO,2017-06-15,2017-07-06,-0.0960852316697629,14,
SW,2017-06-29,2017-07-06,0.03202480857069334,4,
FLIR,2017-06-14,2017-07-10,-0.021974689197374775,17,
HLT,2017-06-29,2017-07-10,-0.025508273178020957,6,
INTU,2017-07-05,2017-07-10,-0.002227008023033661,3,
AWK,2017-06-30,2017-07-11,-0.003914798738786751,6,
D,2017-07-06,2017-07-12,0.01157934382300363,4,
SRE,2017-07-10,2017-07-12,0.0059127047021789725,2,
WEC,2017-07-06,2017-07-12,0.006886303870359933,4,
ED,2017-06-29,2017-07-13,-0.0056851453743846925,9,
EL,2017-07-10,2017-07-13,0.0026581673055372512,3,
LNT,2017-07-06,2017-07-13,0.005058643431782972,5,
VTR,2017-07-12,2017-07-13,0.004969647429381663,1,
MRK,2017-07-12,2017-07-14,0.00230235133087775,2,
PCG,2017-06-29,2017-07-14,0.01151312057505205,10,
WMT,2017-07-11,2017-07-14,0.03730733015039034,3,
CL,2017-07-10,2017-07-17,-0.008219518831525718,5,
LVLT-201710,2017-07-13,2017-07-17,0.007381063071978611,2,
MAA,2017-06-28,2017-07-17,-0.053235575439109284,12,
MO,2017-07-12,2017-07-17,-0.0011857708211122642,3,
CLX,2017-07-14,2017-07-18,0.0068488395124237655,2,
MON-201806,2017-07-14,2017-07-18,0.002715618430517708,2,
MS,2017-07-13,2017-07-18,-0.007300600122145062,3,
PPL,2017-07-14,2017-07-18,-0.0022626401639417315,2,
KMB,2017-07-14,2017-07-19,-0.0008729543464878198,3,
PHM,2017-07-19,2017-07-20,0.006637329766701949,1,
VMC,2017-07-19,2017-07-20,0.014356085410030861,1,
CME,2017-07-17,2017-07-21,-0.0019980019980019303,4,
HRB,2017-07-18,2017-07-21,0.005245866748063266,3,
TWX-201806,2017-07-14,2017-07-21,-0.0023999764207195406,5,
ELV,2017-07-19,2017-07-24,0.004101181329354109,3,
CSX,2017-07-21,2017-07-26,0.01216641274222674,3,
HBAN,2017-07-24,2017-07-26,0.031806572278264555,2,
MET,2017-07-19,2017-07-26,0.012357774567663515,5,
MTB,2017-07-21,2017-07-26,0.01307587934305321,3,
NTRS,2017-07-20,2017-07-26,-0.01486031038480684,4,
SCHW,2017-07-20,2017-07-26,0.02101276965278065,4,
XRAY,2017-07-21,2017-07-27,-0.0016813697562629848,4,
SW,2017-07-17,2017-07-28,-0.010891041587331896,9,
PNR,2017-07-26,2017-07-31,-0.0023133595272096796,3,
MMM,2017-07-26,2017-08-01,0.007163039498681245,4,
NAVI,2017-07-20,2017-08-01,-0.031544101628435794,8,
AAL,2017-07-26,2017-08-02,0.00312699975773989,5,
APD,2017-08-01,2017-08-02,0.00029468060016180075,1,
RVTY,2017-07-27,2017-08-02,0.0008594846566787329,4,
DAL,2017-07-26,2017-08-03,-0.022094670934234784,6,
BSX,2017-08-01,2017-08-04,-0.0012532073197430993,3,
LUV,2017-07-26,2017-08-04,-0.04710735172159919,7,
UAL,2017-07-20,2017-08-04,-0.07917137989792256,11,
ETN,2017-08-02,2017-08-08,0.002216959533616336,4,
MU,2017-07-26,2017-08-08,-0.043456033263762905,9,
MCK,2017-08-04,2017-08-09,0.0019019454978974615,3,
REGN,2017-08-02,2017-08-10,-0.002633943239208625,6,
SHW,2017-08-02,2017-08-10,-0.010191428707358563,6,
CHD,2017-08-08,2017-08-15,-0.004537365036160312,5,
NTAP,2017-08-10,2017-08-15,0.020570498297105777,3,
VRSK,2017-08-04,2017-08-15,-0.015053190987348253,7,
WDC,2017-07-31,2017-08-15,-0.0378064942517341,11,
ZBH,2017-07-28,2017-08-15,-0.09591064405036587,12,
MGM,2017-08-04,2017-08-16,0.0021089755758181283,8,
HAS,2017-08-09,2017-08-17,-0.025317658675395593,6,
NWS,2017-08-15,2017-08-21,-0.01635772967601823,4,
NWSA,2017-08-15,2017-08-22,-0.01167289949455641,5,
SW,2017-08-03,2017-08-22,-0.004004018283573663,13,
TPR,2017-08-16,2017-08-22,-0.001267251673767844,4,
CMI,2017-08-18,2017-08-23,0.007383442677428409,3,
MCK,2017-08-15,2017-08-23,-0.013348018049885169,6,
SNI-201803,2017-08-17,2017-08-23,-0.003277491739030136,4,
WMB,2017-08-17,2017-08-23,-0.003354013984890991,4,
MPC,2017-08-10,2017-08-24,-0.04699830585924336,10,
UNM,2017-08-22,2017-08-24,0.008082816553708128,2,
AGN,2017-08-08,2017-08-25,-0.0737222709360984,13,
LNC,2017-08-22,2017-08-25,0.013533308368863128,3,
WFM-201708,2017-08-24,2017-08-25,-0.0015224232522299541,1,
CINF,2017-08-22,2017-08-28,0.0025242557199043336,4,
CPRI,2017-08-23,2017-08-28,0.0034907594646103046,3,
KO,2017-08-25,2017-08-28,-0.001341364942007317,1,
KORS,2017-08-23,2017-08-28,0.003490770348733019,3,
MDT,2017-08-23,2017-08-30,-0.021879531559302223,5,
PEP,2017-08-28,2017-08-31,-0.0026303074865891007,3,
DE,2017-08-21,2017-09-01,-0.014656730435970156,9,
NRG,2017-08-28,2017-09-01,0.01057842408299492,4,
RJF,2017-08-30,2017-09-01,0.00969783406587954,2,
TSN,2017-08-25,2017-09-01,-0.010060270438375873,5,
PNC,2017-09-01,2017-09-05,-0.0033463172630043836,1,
UDR,2017-08-30,2017-09-05,0.0029094208576900815,3,
EQR,2017-08-30,2017-09-07,0.002614799841577753,5,
ES,2017-09-05,2017-09-08,0.0056519582441398875,3,
EXC,2017-09-05,2017-09-08,0.0080908187534674,3,
PEG,2017-09-05,2017-09-08,-0.004458140495761764,3,
CB,2017-08-24,2017-09-11,-0.01340488200922585,11,
HIG,2017-09-08,2017-09-11,0.05485271804232461,1,
PGR,2017-09-05,2017-09-11,0.02467128562379739,4,
PNW,2017-09-07,2017-09-11,0.006732822454714293,2,
TRV,2017-08-25,2017-09-11,-0.015622596188547,10,
XL-201809,2017-08-25,2017-09-11,-0.02053601230652713,10,
AAPL,2017-09-11,2017-09-12,0.011122152674373442,1,
AXP,2017-09-11,2017-09-12,0.009747343225776195,1,
BRK-B,2017-09-08,2017-09-12,0.021531695683095542,2,
CCL,2017-09-11,2017-09-12,0.011272895432742791,1,
FE,2017-09-05,2017-09-12,-0.0065816463100014655,5,
HRB,2017-08-31,2017-09-12,-0.025868473742001408,7,
NDAQ,2017-09-08,2017-09-12,3.187913842683798e-05,2,
TROW,2017-09-11,2017-09-12,0.008130373883120212,1,
CLX,2017-09-11,2017-09-13,0.007740397859385739,2,
QRVO,2017-09-11,2017-09-13,0.0057278249966983275,2,
SNPS,2017-09-14,2017-09-15,0.012149034256703661,1,
NRG,2017-09-14,2017-09-19,0.01456455843130433,3,
MGM,2017-09-15,2017-09-20,0.015467075796632423,3,
ATVI,2017-09-19,2017-09-21,0.004827003894458226,2,
REGN,2017-09-12,2017-09-21,-0.031217366193758034,7,
TSS,2017-09-18,2017-09-21,0.006394935310030547,3,
ORCL,2017-09-18,2017-09-25,-0.009348274513588328,5,
CA-201811,2017-09-21,2017-09-26,0.016108430315072253,3,
ELV,2017-09-20,2017-09-27,0.016653666646790244,5,
HUM,2017-09-14,2017-09-27,-0.05007349594712751,9,
ADSK,2017-09-25,2017-09-28,-0.004410979464218423,3,
AET-201811,2017-09-21,2017-09-28,-0.00709050670295952,5,
AMT,2017-09-28,2017-09-29,0.008629377905272406,1,
ANSS,2017-09-18,2017-09-29,-0.0028994654548931686,9,
CCI,2017-09-27,2017-09-29,0.002613086959815769,2,
INCY,2017-09-12,2017-09-29,-0.09623643798292691,13,
VRTX,2017-09-15,2017-09-29,-0.019186999742010435,10,
BKNG,2017-09-29,2017-10-02,0.012356483395306705,1,
DGX,2017-09-18,2017-10-02,-0.10736215936852322,10,
ILMN,2017-09-21,2017-10-02,-0.021090277330613638,7,
RMD,2017-09-29,2017-10-02,0.010212787853633776,1,
WAT,2017-09-28,2017-10-02,0.006345777875336633,2,
ZTS,2017-09-26,2017-10-02,3.843384544199857e-05,4,
A,2017-09-27,2017-10-03,0.012350816272344245,4,
JNJ,2017-09-29,2017-10-03,0.01394470666039549,2,
MRK,2017-09-29,2017-10-03,0.0020380474951597893,2,
WMT,2017-10-02,2017-10-04,0.01555344649268764,2,
INTU,2017-10-02,2017-10-05,0.003123272085021389,3,
PM,2017-10-04,2017-10-05,0.006854619873827739,1,
VAR,2017-09-29,2017-10-05,0.01870826377191026,4,
ACN,2017-10-02,2017-10-06,0.004865488397493678,4,
IT,2017-10-09,2017-10-10,0.010464857083510193,1,
NWS,2017-10-10,2017-10-11,0.008969095067583366,1,
UPS,2017-10-10,2017-10-11,0.002159325831872616,1,
CF,2017-10-09,2017-10-12,0.014267384277469652,3,
NDAQ,2017-10-09,2017-10-12,0.02800998860011772,3,
CTRA,2017-10-05,2017-10-13,-0.014768821693925127,6,
JBHT,2017-10-10,2017-10-13,0.01154828288520271,3,
RSG,2017-10-05,2017-10-13,0.006046558460118812,6,
UNP,2017-10-05,2017-10-13,0.004856275912266339,6,
CHTR,2017-10-13,2017-10-17,0.020431858844197848,2,
KSS,2017-10-03,2017-10-17,-0.045311789013804726,10,
WYNN,2017-10-09,2017-10-17,0.02715713946568976,6,
AET-201811,2017-10-11,2017-10-18,0.000561469690148364,5,
CI,2017-10-17,2017-10-18,0.011244846179464973,1,
RHI,2017-10-12,2017-10-18,0.01875941798475811,4,
C,2017-10-13,2017-10-19,0.0014624765703861176,4,
ROST,2017-10-17,2017-10-19,0.0035464293745457454,2,
SNI-201803,2017-10-11,2017-10-19,-0.022872313477594663,6,
TWX-201806,2017-10-13,2017-10-19,0.0028223132215248192,4,
ANDV-201809,2017-10-17,2017-10-20,0.007856681713455105,3,
DHR,2017-10-18,2017-10-20,0.05246605590047704,2,
UNP,2017-10-19,2017-10-20,0.024487175127328786,1,
DD,2017-10-19,2017-10-23,0.016365771755995517,2,
GPS,2017-10-13,2017-10-23,-0.0169044070683414,6,
SCHW,2017-10-18,2017-10-23,0.02316945579496532,3,
HD,2017-10-18,2017-10-24,0.005635717935178031,4,
QRVO,2017-10-20,2017-10-25,0.021767422052928698,3,
RCL,2017-10-23,2017-10-25,0.00418796079953121,2,
NCLH,2017-10-20,2017-10-26,-0.003271190200189067,4,
KMX,2017-10-19,2017-10-27,-0.004398973194728817,6,
PG,2017-10-23,2017-10-27,-0.014384335169524642,4,
SW,2017-10-12,2017-10-27,0.019913578841982638,11,
AMZN,2017-10-24,2017-10-30,0.1277834315184414,4,
VRTX,2017-10-26,2017-10-30,0.031273335076047015,2,
WMB,2017-10-23,2017-10-30,-0.02209429368525284,5,
BIIB,2017-10-25,2017-10-31,-0.0107237675368822,4,
ICE,2017-10-20,2017-11-01,-0.0186017599291316,8,
MAA,2017-10-19,2017-11-01,-0.02801720381029571,9,
NEM,2017-10-27,2017-11-01,0.015314816796657027,3,
AMGN,2017-10-27,2017-11-02,-0.0052990739460444525,4,
CL,2017-10-25,2017-11-02,-0.0173027313685028,6,
CVX,2017-10-30,2017-11-02,0.02481057833876754,3,
LLY,2017-11-01,2017-11-03,0.004560620426586226,2,
PFE,2017-10-31,2017-11-03,0.00939153468110776,3,
TGT,2017-11-02,2017-11-03,0.006945857422623769,1,
ABT,2017-11-01,2017-11-06,0.02448452125070011,3,
CTAS,2017-11-02,2017-11-06,0.004720531094704272,2,
PRGO,2017-10-27,2017-11-06,-0.002355608797325437,6,
CPRI,2017-11-03,2017-11-07,0.14292361177561008,2,
KORS,2017-11-02,2017-11-07,0.12139876500163105,3,
WTW,2017-11-03,2017-11-07,0.021257017083084806,2,
AON,2017-11-03,2017-11-08,0.01064944884113772,3,
BSX,2017-11-01,2017-11-08,-0.016492535243941342,5,
CERN,2017-10-30,2017-11-08,0.01074179588482882,7,
PWR,2017-11-06,2017-11-09,0.0077836555909471805,3,
FIS,2017-11-08,2017-11-10,0.019196135057106156,2,
GM,2017-11-08,2017-11-10,0.004677567450205311,2,
GILD,2017-10-30,2017-11-13,-0.03937387885091337,10,
UPS,2017-11-07,2017-11-13,0.00753625000888003,4,
FDX,2017-11-07,2017-11-14,-0.005376345750511602,5,
HBAN,2017-11-09,2017-11-14,0.004050489278688119,3,
PBCT,2017-11-13,2017-11-14,0.02404175518185747,1,
PKG,2017-11-07,2017-11-14,0.008182058872423292,5,
ADP,2017-11-06,2017-11-15,0.002289830886729849,7,
RTX,2017-11-14,2017-11-15,0.008231741582817476,1,
TFC,2017-11-10,2017-11-15,-0.010097998317818657,3,
COF,2017-11-15,2017-11-16,0.03010487817065477,1,
PNC,2017-11-14,2017-11-16,0.015204949895796904,2,
BALL,2017-11-08,2017-11-17,-0.02217680087882079,7,
DOV,2017-11-16,2017-11-17,0.00401476262220779,1,
MON-201806,2017-11-06,2017-11-17,-0.01588686313686305,8,
MS,2017-11-15,2017-11-17,0.007389574487858264,2,
NSC,2017-11-13,2017-11-17,0.013231985571916738,4,
IP,2017-11-14,2017-11-20,0.0017120062133917369,4,
MRO,2017-11-17,2017-11-20,0.007500317493519315,1,
FCX,2017-11-17,2017-11-21,0.041586107634018044,2,
MET,2017-11-16,2017-11-21,-0.003147285781216147,3,
PPG,2017-11-14,2017-11-21,0.016644759625787042,5,
CVX,2017-11-17,2017-11-22,0.00513866275183017,3,
NCLH,2017-11-17,2017-11-22,0.02197468576240258,3,
XOM,2017-11-17,2017-11-22,0.00843931922791219,3,
CMI,2017-11-10,2017-11-24,-0.01849299702066054,9,
COP,2017-11-15,2017-11-24,-0.007702012316186946,6,
VRTX,2017-11-21,2017-11-24,0.0005361813057518372,2,
AMT,2017-11-20,2017-11-27,0.005912286323776383,4,
EA,2017-11-21,2017-11-27,-0.001257232283396692,3,
FIS,2017-11-24,2017-11-27,0.006174304240991413,1,
JNJ,2017-11-21,2017-11-27,-0.0027038503944996073,3,
SRE,2017-11-24,2017-11-28,0.0033712034030140003,2,
SW,2017-11-20,2017-11-28,0.042915411544499404,5,
AON,2017-11-28,2017-11-29,0.010634021478732603,1,
GS,2017-11-28,2017-11-29,0.023019230729757867,1,
STT,2017-11-28,2017-11-29,0.02573641754580369,1,
WTW,2017-11-24,2017-11-29,0.002451530931569801,3,
HST,2017-11-29,2017-11-30,0.013900353833610435,1,
KMX,2017-11-24,2017-11-30,0.004290702239117428,4,
DRE,2017-11-30,2017-12-01,0.003348437277008953,1,
EOG,2017-11-28,2017-12-01,0.03371996119298659,3,
FE,2017-11-27,2017-12-01,0.005331624699707493,4,
WY,2017-11-28,2017-12-01,0.0009193804370413172,3,
NCLH,2017-12-01,2017-12-05,0.027420302961324916,2,
CRM,2017-11-30,2017-12-07,-0.0014199027642933792,5,
EXR,2017-11-29,2017-12-07,0.002681888899983109,6,
MU,2017-11-30,2017-12-07,-0.046745364000329914,5,
ADSK,2017-11-30,2017-12-08,-0.0023621117557586224,6,
COO,2017-12-05,2017-12-08,-0.017587736860689485,3,
NRG,2017-12-01,2017-12-08,-0.0012789639344382708,5,
NVDA,2017-11-30,2017-12-08,-0.028000212843742545,6,
EQR,2017-11-29,2017-12-11,-0.014551486249599344,8,
HPQ,2017-12-08,2017-12-11,-0.005790880220918115,1,
PRGO,2017-12-07,2017-12-11,0.031615328573932455,2,
UDR,2017-12-04,2017-12-11,-0.002505515241831402,5,
VRTX,2017-12-07,2017-12-11,0.04004368339094766,2,
CTRA,2017-12-07,2017-12-12,0.013712941798809553,3,
EXC,2017-12-08,2017-12-12,0.02650227711152109,2,
IRM,2017-12-08,2017-12-12,-0.0445880323419684,2,
IFF,2017-12-12,2017-12-14,0.0040302300647843126,2,
MON-201806,2017-12-11,2017-12-14,0.0025036240355389427,3,
XRAY,2017-12-08,2017-12-14,-0.00033250042521981715,4,
CBRE,2017-12-15,2017-12-18,0.023359160972003634,1,
CNP,2017-12-13,2017-12-18,0.0134367782057907,3,
MKC,2017-12-12,2017-12-18,0.005412903927755508,4,
WTW,2017-12-14,2017-12-18,0.02203445361673073,2,
DD,2017-12-18,2017-12-19,0.011316224064228608,1,
FTV,2017-12-15,2017-12-19,0.013285351339704432,2,
GM,2017-12-15,2017-12-19,0.04165851242182095,2,
QRVO,2017-12-04,2017-12-19,-0.1089268129601968,11,
SWK,2017-12-13,2017-12-19,0.009127697439042182,4,
BWA,2017-12-14,2017-12-20,0.004109456234477005,4,
PNR,2017-12-18,2017-12-20,0.013850176519875967,2,
GRMN,2017-12-18,2017-12-21,0.009090935122194832,3,
UNM,2017-12-19,2017-12-21,0.00975405862015677,2,
NDAQ,2017-12-20,2017-12-26,-0.0036965319303867705,3,
SBAC,2017-12-19,2017-12-26,-0.015939645280944492,4,
SW,2017-12-14,2017-12-26,0.056091805545854356,7,
AMT,2017-12-21,2017-12-27,0.0055590441783328615,3,
AEE,2017-12-20,2017-12-28,-0.013405661168619076,5,
CMS,2017-12-21,2017-12-28,0.004366790352303251,4,
EXC,2017-12-20,2017-12-28,-0.018387613349003407,5,
MRSH,2017-12-26,2017-12-28,0.012223855051987753,2,
AEP,2017-12-26,2017-12-29,-0.00037409717285497024,3,
FE,2017-12-19,2017-12-29,-0.033393673150056036,7,
MCO,2017-12-27,2017-12-29,0.009673280141836216,2,
MET,2017-12-18,2017-12-29,-0.014345202369958399,8,
ORCL,2017-12-19,2017-12-29,-0.010945899660615543,7,
SBUX,2017-12-26,2017-12-29,0.006192362129392004,3,
AMGN,2018-01-02,2018-01-03,0.006880701316304139,1,
BDX,2017-12-29,2018-01-03,0.012116177153433938,2,
DIS,2017-12-28,2018-01-03,0.03672080178122661,3,
GLW,2018-01-02,2018-01-03,0.005412955826730181,1,
GOOG,2017-12-28,2018-01-03,0.010064156587413553,3,
GOOGL,2017-12-28,2018-01-03,0.008975550550382572,3,
HPE,2018-01-02,2018-01-03,0.009759476325889471,1,
KSU,2017-12-28,2018-01-03,0.0032467532467534976,3,
LUV,2018-01-02,2018-01-03,0.0011817809520451306,1,
PRU,2018-01-02,2018-01-03,-0.0012180754493626988,1,
ADP,2018-01-03,2018-01-04,0.010457668923338659,1,
GPN,2018-01-03,2018-01-04,0.020849398951839015,1,
PAYX,2018-01-03,2018-01-04,0.011318578604977647,1,
CAG,2018-01-03,2018-01-05,0.008633218511771235,2,
HRL,2018-01-04,2018-01-05,0.010754220373742518,1,
CLX,2018-01-03,2018-01-08,-0.0047398283678316,3,
HSY,2018-01-03,2018-01-08,0.0068944685370648795,3,
PG,2018-01-03,2018-01-08,0.000201902626213446,3,
TSN,2018-01-04,2018-01-08,0.01252025738861895,2,
PLD,2018-01-08,2018-01-09,0.014784591957953896,1,
T,2018-01-04,2018-01-09,0.012350452194394235,3,
WEC,2018-01-08,2018-01-09,0.005547538499319771,1,
SW,2018-01-09,2018-01-11,0.039292256364540146,2,
BBWI,2018-01-04,2018-01-12,-0.04292494038195005,6,
GPS,2018-01-04,2018-01-12,0.011731771744000419,6,
LUV,2018-01-10,2018-01-12,0.04094224087502618,2,
ALL,2018-01-03,2018-01-16,0.0008416908818877911,8,
PAYX,2018-01-12,2018-01-16,0.011856934444828937,1,
CCI,2018-01-12,2018-01-17,0.01095059132209908,2,
ARE,2018-01-05,2018-01-18,-0.013244204870724974,8,
CLX,2018-01-16,2018-01-18,0.018674700977968417,2,
HRL,2018-01-12,2018-01-18,-0.002287591542208367,3,
INTC,2018-01-11,2018-01-18,0.0353105379438825,4,
STZ,2018-01-09,2018-01-18,0.01006436968706792,6,
AEP,2018-01-05,2018-01-22,-0.040587785301088086,10,
AWK,2018-01-08,2018-01-22,-0.042721107039007666,9,
HSY,2018-01-17,2018-01-22,0.006372371024802925,3,
META,2018-01-16,2018-01-22,-0.005847028735968762,4,
WU,2018-01-19,2018-01-23,0.009812660871140633,2,
IRM,2018-01-08,2018-01-24,-0.012056832902080927,11,
NRG,2018-01-19,2018-01-24,0.008829588652023324,3,
F,2018-01-18,2018-01-25,-0.022482443151461973,5,
FMC,2018-01-18,2018-01-25,0.001330546874477312,5,
LLY,2018-01-25,2018-01-26,-0.0025863233380070128,1,
CERN,2018-01-22,2018-01-29,-0.013379863964532168,5,
HOLX,2018-01-24,2018-01-29,0.0026330977607078587,3,
NSC,2018-01-26,2018-01-29,0.0126243003914972,1,
PH,2018-01-26,2018-01-29,0.004293905463373937,1,
DAL,2018-01-25,2018-01-31,-0.014254180243905457,4,
XLNX,2018-01-26,2018-01-31,0.023339143226308368,3,
AAL,2018-01-25,2018-02-01,-0.0019980019980019303,5,
AVGO,2018-01-26,2018-02-01,-0.03280788529394241,4,
UNP,2018-01-26,2018-02-07,-0.02787849085919225,8,
LEN,2018-01-29,2018-02-08,-0.09987332171628405,8,
SBUX,2018-01-29,2018-02-12,-0.043486435497363085,10,
AAPL,2018-01-25,2018-02-13,-0.07005100251214358,13,
GL,2018-02-07,2018-02-13,-0.004641412355312791,4,
VAR,2018-02-08,2018-02-13,-0.007292442305704805,3,
ANDV-201809,2018-01-29,2018-02-15,-0.13170318258191716,13,
COP,2018-02-12,2018-02-15,0.055079411604649575,3,
DHI,2018-01-30,2018-02-15,-0.04146699406656762,12,
DVN,2018-02-01,2018-02-15,-0.14638261777595785,10,
MGM,2018-02-13,2018-02-15,0.039897181928833625,2,
NBL,2018-01-31,2018-02-15,-0.10779210943306772,11,
SBAC,2018-02-13,2018-02-15,0.021775855493327834,2,
SEE,2018-02-01,2018-02-15,-0.0939777996477934,10,
XEC,2018-01-31,2018-02-15,-0.14131859064165841,11,
KDP,2018-02-14,2018-02-21,-0.0017393734464864474,4,
MAC,2018-02-22,2018-02-26,0.02203778825289282,2,
OXY,2018-02-22,2018-02-26,0.00594835593541343,2,
PSX,2018-02-21,2018-02-26,0.015099388033268157,3,
QCOM,2018-02-23,2018-02-27,0.0737151310296491,2,
MPC,2018-03-01,2018-03-05,0.007474253482176119,2,
WYND,2018-02-27,2018-03-05,-0.02254311259733155,4,
GRMN,2018-02-23,2018-03-06,-0.012267880384393637,7,
A,2018-02-28,2018-03-07,-0.031613123484355965,5,
BWA,2018-02-28,2018-03-07,-0.03665228520141561,5,
DHI,2018-03-01,2018-03-07,0.028553101698429062,4,
FCX,2018-03-06,2018-03-07,-0.01541200707238155,1,
RCL,2018-03-05,2018-03-07,0.012526713436864956,2,
SBAC,2018-03-05,2018-03-07,0.023388240112590886,2,
HLT,2018-02-28,2018-03-08,-0.010960996733394679,6,
COTY,2018-02-28,2018-03-09,-0.022129137652522335,7,
LOW,2018-03-01,2018-03-12,-0.027847776907986455,7,
NCLH,2018-02-23,2018-03-12,-0.01711926226892213,11,
PVH,2018-03-08,2018-03-12,0.008719585771138183,2,
QCOM,2018-03-07,2018-03-12,0.023321247275982282,3,
CPRI,2018-03-09,2018-03-14,0.018292542542138968,3,
DG,2018-03-08,2018-03-14,-0.002777513637737594,4,
KORS,2018-03-09,2018-03-14,0.018292578056473774,3,
TGT,2018-03-09,2018-03-14,0.013033076956088463,3,
VZ,2018-03-16,2018-03-19,0.000475849977965348,1,
LMT,2018-03-13,2018-03-20,0.0008340491526059868,5,
BBY,2018-03-15,2018-03-21,0.0002828694694001488,4,
SYF,2018-03-16,2018-03-21,0.012901729884064794,3,
TJX,2018-03-15,2018-03-21,-0.004187140062235084,4,
NBL,2018-03-16,2018-03-22,0.03815345922403557,4,
AET-201811,2018-03-20,2018-03-27,-0.01091856080537934,5,
CAG,2018-03-16,2018-03-27,-0.0036362423427811486,7,
COTY,2018-03-16,2018-03-27,-0.00523999382884377,7,
EBAY,2018-03-21,2018-03-27,-0.019159665912039214,4,
K,2018-03-16,2018-03-27,-0.04343907320540741,7,
COR,2018-03-21,2018-03-29,-0.050196643405415964,6,
DVA,2018-03-14,2018-03-29,-0.06523971012719898,11,
AVY,2018-03-19,2018-04-02,-0.048706495621309576,9,
MOS,2018-03-21,2018-04-02,-0.0346410551993368,7,
STZ,2018-03-27,2018-04-02,0.03479796972025717,3,
HCA,2018-03-27,2018-04-04,-0.02586877220130479,5,
LH,2018-03-22,2018-04-04,-0.04304092065917642,8,
SW,2018-04-03,2018-04-04,0.01311213624990959,1,
XL-201809,2018-04-03,2018-04-04,0.003252734203387453,1,
ABBV,2018-03-27,2018-04-05,-0.027392192152042916,6,
ESRX-201812,2018-04-03,2018-04-05,0.028741279254626217,2,
CCI,2018-04-04,2018-04-06,0.025159112164385933,2,
JBHT,2018-04-10,2018-04-12,0.023683233078748867,2,
NEE,2018-04-13,2018-04-17,0.014065582105858399,2,
M,2018-04-16,2018-04-18,0.009137295470491136,2,
FL,2018-04-17,2018-04-25,-0.04519051025367049,6,
KSS,2018-04-16,2018-04-26,-0.035055092879654026,8,
RL,2018-04-23,2018-04-26,0.014329038074663458,3,
SJM,2018-04-18,2018-04-26,-0.04341980279298252,6,
FAST,2018-04-25,2018-04-27,0.012480631672659559,2,
GRMN,2018-04-24,2018-04-27,0.004683889333993108,3,
SBUX,2018-04-23,2018-04-27,-0.0009657404541314474,4,
WDC,2018-04-24,2018-04-27,-0.023075419363710714,3,
AAPL,2018-04-23,2018-05-01,-0.004510493799021464,6,
CBRE,2018-04-26,2018-05-02,0.010298558463412322,4,
EW,2018-04-26,2018-05-02,0.017267017807278684,4,
NKTR,2018-04-20,2018-05-02,-0.07310925289680903,8,
NOC,2018-04-26,2018-05-04,-0.06625743604722001,6,
EBAY,2018-04-27,2018-05-07,-0.01747886216466743,6,
JPM,2018-05-04,2018-05-07,0.01985059779597753,1,
TEL,2018-04-27,2018-05-07,-0.01328686862577988,6,
GS,2018-04-24,2018-05-08,-0.04443374934728517,10,
LHX,2018-05-02,2018-05-08,-0.014497427768532578,4,
LLL,2018-04-27,2018-05-08,-0.06286876368598515,7,
XYL,2018-05-01,2018-05-08,-0.03439252466639542,5,
CHRW,2018-05-07,2018-05-09,0.012087166744746192,2,
COF,2018-04-27,2018-05-09,-0.010379131695071986,8,
HII,2018-05-02,2018-05-09,-0.043665063933202575,5,
TJX,2018-05-08,2018-05-10,0.015290774245283911,2,
VFC,2018-05-07,2018-05-10,0.027054844062504246,3,
ESRX-201812,2018-05-07,2018-05-11,0.014181944311069117,4,
HUM,2018-05-09,2018-05-11,0.009424727390111132,2,
TGT,2018-05-08,2018-05-11,0.007073505056465423,3,
TPR,2018-05-08,2018-05-11,0.007230594121288236,3,
AET-201811,2018-05-09,2018-05-14,0.02143284116352029,3,
CTSH,2018-05-09,2018-05-14,0.004711504287894908,3,
DG,2018-05-08,2018-05-14,-0.007299754913846601,4,
SW,2018-05-02,2018-05-15,0.0099684485984326,9,
NWS,2018-05-14,2018-05-17,0.029684601113172615,3,
AJG,2018-05-17,2018-05-21,0.016019138515739995,2,
TDG,2018-05-17,2018-05-21,0.023852832263617563,2,
ARE,2018-05-16,2018-05-22,-0.01114000036272178,4,
PLD,2018-05-16,2018-05-22,-0.012529433478004726,4,
PSA,2018-05-16,2018-05-22,-0.012655090539202996,4,
RSG,2018-05-17,2018-05-22,0.005169028754748561,3,
WM,2018-05-17,2018-05-22,0.005215340621032016,3,
ETR,2018-05-10,2018-05-23,-0.0235778532549743,9,
CSCO,2018-05-21,2018-05-24,0.0005261878755331573,3,
DRE,2018-05-21,2018-05-24,0.012875891828999952,3,
LNT,2018-05-10,2018-05-24,-0.02672595117347165,10,
CAG,2018-05-22,2018-05-25,0.0015112626588045242,3,
DRI,2018-05-15,2018-05-25,0.0028366766717771164,8,
GPN,2018-05-23,2018-05-25,0.010904901118267585,2,
NTAP,2018-05-22,2018-05-25,-0.008126057588848878,3,
STZ,2018-05-23,2018-05-30,0.02163160071952208,4,
HPE,2018-05-24,2018-05-31,-0.0032816352175687458,4,
HPQ,2018-05-24,2018-05-31,0.012193832899030754,4,
PXD,2018-05-25,2018-05-31,0.02847292689350711,3,
TTWO,2018-05-31,2018-06-01,0.01294191125472044,1,
BBY,2018-05-23,2018-06-04,-0.08361403168842241,7,
CSCO,2018-05-31,2018-06-04,0.012904486580939789,2,
EMN,2018-05-30,2018-06-04,0.01085309334428719,3,
FITB,2018-05-22,2018-06-04,-0.011618880322201153,8,
FMC,2018-05-25,2018-06-04,-0.0072647818664810515,5,
IPG,2018-05-24,2018-06-04,-0.014394842735364177,6,
L,2018-05-25,2018-06-04,-0.0035339490267375373,5,
LUMN,2018-05-25,2018-06-04,-0.0145764939787828,5,
MSI,2018-06-01,2018-06-05,0.016202935008362118,2,
CPRI,2018-05-31,2018-06-06,0.050336651988809766,4,
DVN,2018-06-06,2018-06-07,-0.010552319341163852,1,
HAL,2018-06-05,2018-06-08,0.02333941948228513,3,
HP,2018-06-05,2018-06-08,0.0513424111850751,3,
WYNN,2018-06-05,2018-06-12,-0.004130832061965295,5,
BF-B,2018-06-07,2018-06-13,0.005055741862900698,4,
EXC,2018-06-07,2018-06-13,0.019850573129515547,4,
NEE,2018-06-07,2018-06-13,0.0072031331014763555,4,
NRG,2018-06-12,2018-06-13,0.021452165367758402,1,
PEG,2018-06-07,2018-06-13,0.021215928079563406,4,
SW,2018-06-12,2018-06-15,0.03488919891119813,3,
CTXS,2018-06-14,2018-06-18,-0.0017165310951151591,2,
FLIR,2018-06-13,2018-06-18,0.0007528304110444584,3,
SYK,2018-06-13,2018-06-18,-0.03662241274518607,3,
ANDV-201809,2018-06-13,2018-06-19,-0.021077662134514008,4,
J,2018-06-18,2018-06-19,0.005934952228842549,1,
MPC,2018-06-13,2018-06-19,-0.023116923583546556,4,
TSCO,2018-06-15,2018-06-19,0.009161145267097659,2,
BLK,2018-06-14,2018-06-21,-0.009753968318328754,5,
HST,2018-06-14,2018-06-21,0.008363477414608855,5,
PLD,2018-06-14,2018-06-21,-0.007107930441449195,5,
AXP,2018-06-21,2018-06-25,0.0072389066465814444,2,
FCX,2018-06-19,2018-06-25,-0.013574254671285368,4,
DHR,2018-06-21,2018-06-27,0.0011207923951848109,4,
BA,2018-06-19,2018-06-29,-0.03068731996673446,8,
APD,2018-06-19,2018-07-02,-0.03205212225889087,9,
DOV,2018-06-14,2018-07-02,-0.07383263944405982,12,
RHT,2018-06-25,2018-07-03,-0.025822606097671952,6,
RTN,2018-06-18,2018-07-03,-0.026820946509289123,11,
TFC,2018-06-18,2018-07-03,-0.013540088943226114,11,
ETN,2018-06-21,2018-07-05,-0.02513564568921889,9,
HCA,2018-07-02,2018-07-05,0.014880863748071516,2,
ADM,2018-07-03,2018-07-06,0.020443851642070188,2,
AFL,2018-06-25,2018-07-06,-0.027395893713762498,8,
APTV,2018-06-29,2018-07-06,4.512720291183214e-05,4,
KIM,2018-07-03,2018-07-06,0.03851129425823774,2,
LOW,2018-07-03,2018-07-06,-0.0019980019980019303,2,
DVA,2018-07-02,2018-07-09,0.013991935161831615,4,
HD,2018-07-05,2018-07-09,0.004210923168467717,2,
RJF,2018-06-27,2018-07-09,-0.02957745090210251,7,
SCHW,2018-06-19,2018-07-09,-0.07166845599571114,13,
CME,2018-07-06,2018-07-10,0.020196429759366863,2,
PVH,2018-07-05,2018-07-10,0.018449758242385927,3,
AES,2018-07-10,2018-07-12,0.035258646125215565,2,
PEG,2018-07-09,2018-07-12,-0.013602656467648355,3,
KSS,2018-07-13,2018-07-17,0.010791360249942539,2,
UNP,2018-07-17,2018-07-19,-0.009138366721379687,2,
DOC,2018-07-18,2018-07-20,0.014413861617467605,2,
REG,2018-07-17,2018-07-20,-0.0028128802506595108,3,
WELL,2018-07-19,2018-07-20,0.014972060131342335,1,
HES,2018-07-17,2018-07-23,0.012998864469918159,4,
PSA,2018-07-17,2018-07-23,-0.021769138016361045,4,
ESRX-201812,2018-07-20,2018-07-24,0.04074916018156105,2,
MAT,2018-07-16,2018-07-24,0.007107832194802821,6,
AMGN,2018-07-24,2018-07-25,-6.725237079074908e-05,1,
DRE,2018-07-18,2018-07-26,0.023473867500808376,6,
NTAP,2018-07-25,2018-07-26,0.03379045073315878,1,
PLD,2018-07-18,2018-07-26,0.013075111347654156,6,
STX,2018-07-23,2018-07-26,0.0015447946025466397,3,
ADI,2018-07-26,2018-07-27,0.003320822336914553,1,
DISCK,2018-07-18,2018-07-27,-0.015696858652046175,7,
EXR,2018-07-16,2018-07-27,-0.01883622273469232,9,
MCHP,2018-07-26,2018-07-27,0.019002398370485674,1,
XL-201809,2018-07-24,2018-07-27,0.0006728329654290821,3,
EVHC-201810,2018-07-27,2018-07-30,0.004593220489371941,1,
NOV,2018-07-20,2018-07-30,0.09475412393849947,6,
LOW,2018-07-30,2018-07-31,0.011434875914672737,1,
LUMN,2018-07-23,2018-07-31,-0.006778221674786145,6,
FL,2018-07-26,2018-08-01,-0.0191805358910887,4,
KIM,2018-07-30,2018-08-01,0.034688687042117916,2,
LH,2018-07-27,2018-08-01,0.0037770317422689548,3,
PSA,2018-07-30,2018-08-01,-0.02631589927505018,2,
SW,2018-07-20,2018-08-01,0.0365794072573884,8,
HLT,2018-07-27,2018-08-02,-0.027600643066764574,4,
RMD,2018-07-30,2018-08-02,-0.00030790262215218966,3,
TXN,2018-07-31,2018-08-03,0.0010319528653954801,3,
AKAM,2018-08-02,2018-08-06,0.061213572953644046,2,
CME,2018-08-01,2018-08-06,0.009052090543244518,3,
EA,2018-07-31,2018-08-06,0.01812647924848787,4,
FIS,2018-08-01,2018-08-06,0.006699619288231595,3,
TTWO,2018-08-01,2018-08-06,0.09092622748261459,3,
MRSH,2018-08-01,2018-08-07,0.0007549821388199707,4,
SPGI,2018-08-02,2018-08-07,0.011397317473453406,3,
HD,2018-07-27,2018-08-08,-0.015805852283632182,8,
ICE,2018-08-06,2018-08-08,0.0114439670152231,2,
TRIP,2018-08-03,2018-08-08,0.048153827283969886,3,
AIZ,2018-08-07,2018-08-09,0.006324909911011423,2,
NUE,2018-08-06,2018-08-09,0.0004868463526608302,3,
TPR,2018-08-01,2018-08-09,0.007417163555080153,6,
ALXN,2018-08-06,2018-08-15,-0.03667447992825479,7,
IRM,2018-08-13,2018-08-15,0.03434632047965458,2,
OXY,2018-08-09,2018-08-15,-0.006016629529007833,4,
SO,2018-08-13,2018-08-15,0.009864983350075907,2,
BAX,2018-08-15,2018-08-16,0.01684550772066995,1,
EW,2018-08-09,2018-08-16,-0.011764827112744514,5,
HST,2018-08-09,2018-08-16,0.010641098792376402,5,
CBRE,2018-08-13,2018-08-17,-0.0007202025406416457,4,
COL-201811,2018-08-15,2018-08-17,0.004938946407649247,2,
L,2018-08-13,2018-08-17,-0.003193002790217614,4,
PLD,2018-08-15,2018-08-17,0.02465913962215649,2,
REGN,2018-08-16,2018-08-17,0.021331030602687262,1,
ZBH,2018-08-15,2018-08-17,0.0026552593553479387,2,
ANDV-201809,2018-08-17,2018-08-21,0.014250943950840478,2,
MPC,2018-08-17,2018-08-21,0.02073379203273351,2,
NFLX,2018-08-16,2018-08-21,0.0013295826110180098,3,
NOV,2018-08-10,2018-08-21,-0.019476128785493207,7,
PSX,2018-08-16,2018-08-21,0.011997846839657766,3,
VLO,2018-08-17,2018-08-21,0.015385727503073765,2,
HOLX,2018-08-10,2018-08-22,-0.06584488243451991,8,
QRVO,2018-08-21,2018-08-22,0.023738060073438927,1,
MSFT,2018-08-22,2018-08-23,0.010259018897281313,1,
EVRG,2018-08-24,2018-08-27,0.006060274209581662,1,
MNST,2018-08-28,2018-08-29,0.0008021054757865187,1,
PSA,2018-08-23,2018-08-29,0.015928163272020512,4,
CAG,2018-08-24,2018-08-30,-0.007430804172654071,4,
ZTS,2018-08-28,2018-08-30,0.0009008364680829217,2,
DG,2018-08-31,2018-09-04,0.01817888697110237,1,
EIX,2018-08-31,2018-09-05,0.002655700878504197,2,
FAST,2018-08-29,2018-09-05,0.0005491821825156507,4,
CMA,2018-08-31,2018-09-06,0.014873427754572788,3,
JBHT,2018-08-30,2018-09-06,0.019789186118629898,4,
KO,2018-08-31,2018-09-06,0.0068731607137979545,3,
LUMN,2018-09-04,2018-09-06,0.017625635798113937,2,
PG,2018-09-05,2018-09-06,0.007725596079299235,1,
SO,2018-08-23,2018-09-06,-0.012359436780020827,9,
CMG,2018-08-30,2018-09-07,-0.025841046800097356,5,
DIS,2018-09-06,2018-09-10,0.01106677358064534,2,
EXPE,2018-09-06,2018-09-10,0.034947230998227496,2,
ADM,2018-09-06,2018-09-11,-0.003002012817297617,3,
LH,2018-08-27,2018-09-11,-0.039522894382686746,10,
RL,2018-08-30,2018-09-11,-0.016988730252269546,7,
NFLX,2018-09-06,2018-09-12,0.03143729056870037,4,
ANET,2018-09-06,2018-09-13,-0.020246176290349527,5,
CTXS,2018-09-11,2018-09-13,0.011425205954904483,2,
NOV,2018-09-11,2018-09-13,0.016474405729124175,2,
JNPR,2018-09-10,2018-09-14,0.010671591737968056,4,
OXY,2018-09-07,2018-09-14,0.004416301188148841,5,
REGN,2018-09-13,2018-09-14,0.017180574942723847,1,
VRTX,2018-09-13,2018-09-14,0.004344874177285352,1,
PSX,2018-09-12,2018-09-17,0.001350154120449032,3,
ADI,2018-09-10,2018-09-19,-0.028805595632429015,7,
KIM,2018-09-17,2018-09-19,0.013549076468265975,2,
TXN,2018-09-11,2018-09-19,-0.029150702005349416,6,
AZO,2018-09-19,2018-09-20,0.01778650901148726,1,
BAC,2018-09-14,2018-09-20,0.036756144909652066,4,
DD,2018-09-14,2018-09-20,1.9620089673821894e-05,4,
WMB,2018-09-05,2018-09-20,-0.01906814291907999,11,
SYY,2018-09-14,2018-09-21,-0.0033585838527541156,5,
TWTR,2018-09-06,2018-09-21,-0.09311200059830615,11,
UA,2018-09-19,2018-09-21,0.05440577496776311,2,
BXP,2018-09-17,2018-09-24,-0.0011293453173708556,5,
VLO,2018-09-20,2018-09-25,0.048237615894736185,3,
JWN,2018-09-21,2018-09-27,-0.017989531723998642,4,
CPRI,2018-09-25,2018-09-28,0.02794793821109476,3,
D,2018-09-21,2018-10-01,-0.006672734245724454,6,
EVRG,2018-09-19,2018-10-01,-0.046083671365361734,8,
WEC,2018-09-20,2018-10-01,-0.006326770925262348,7,
XEL,2018-09-20,2018-10-01,-0.005807984148433087,7,
AXP,2018-10-01,2018-10-03,0.011332165390881999,2,
HRL,2018-09-20,2018-10-03,-0.005769683041958018,9,
PH,2018-10-01,2018-10-04,-0.002051813703647487,3,
CMG,2018-09-24,2018-10-05,-0.04105038043240605,9,
ICE,2018-10-01,2018-10-05,0.009841891670172132,4,
DRI,2018-09-24,2018-10-08,-0.027470475306554,10,
DLR,2018-09-27,2018-10-09,-0.0068283506050943465,8,
TSCO,2018-10-03,2018-10-09,-0.009929302727919365,4,
GPN,2018-10-09,2018-10-15,-0.009548334994415097,4,
ILMN,2018-10-08,2018-10-15,-0.028114343759196414,5,
PYPL,2018-10-03,2018-10-15,-0.0992861157102638,8,
SPGI,2018-10-01,2018-10-15,-0.05497085155623027,10,
AIZ,2018-10-15,2018-10-17,0.009070406003328646,2,
ALGN,2018-10-05,2018-10-17,-0.050721384282271464,8,
ANSS,2018-10-05,2018-10-17,-0.09588609691238126,8,
CTXS,2018-10-09,2018-10-17,-0.028226823681368973,6,
GRMN,2018-10-15,2018-10-17,0.004539474689971623,2,
KMX,2018-09-28,2018-10-17,-0.049341551073624146,13,
LOW,2018-10-04,2018-10-17,-0.08576763063481974,9,
QCOM,2018-10-15,2018-10-17,0.03140847616236209,2,
SIVB,2018-10-15,2018-10-17,0.0090319295955823,2,
SW,2018-09-13,2018-10-18,-0.16873859142196757,25,
LOW,2018-10-23,2018-10-26,-0.006944684290770331,3,
NSC,2018-10-24,2018-10-26,0.0068388194331581165,2,
BALL,2018-10-26,2018-10-30,0.01820820343869367,2,
APA,2018-10-18,2018-10-31,-0.10641164684925175,9,
CF,2018-10-24,2018-10-31,0.010691201233031355,5,
COP,2018-10-24,2018-10-31,0.007881823616066042,5,
EOG,2018-10-19,2018-10-31,-0.1022273653835839,8,
FLS,2018-10-24,2018-10-31,-0.012603761978715045,5,
HP,2018-10-19,2018-10-31,-0.06753392718771956,8,
NRG,2018-10-30,2018-10-31,0.009844814167349725,1,
UNP,2018-10-24,2018-10-31,0.015372969960102845,5,
YUM,2018-10-26,2018-10-31,0.01789727708305766,3,
HES,2018-10-22,2018-11-02,-0.08452175881558854,9,
WEC,2018-11-05,2018-11-07,0.016513683842644067,2,
WCG,2018-11-01,2018-11-08,-0.01445727283721121,5,
CBOE,2018-11-13,2018-11-14,0.00788960756955448,1,
ALB,2018-11-13,2018-11-16,0.0357390253904859,3,
JKHY,2018-11-14,2018-11-19,-0.011835485071568952,3,
LUMN,2018-11-12,2018-11-19,0.01014054927347341,5,
PM,2018-11-14,2018-11-20,0.012562126006617547,4,
JWN,2018-11-13,2018-11-26,-0.19838340691034873,8,
M,2018-11-15,2018-11-27,-0.00537587365684189,7,
BA,2018-11-14,2018-11-28,-0.076743970608255,9,
DTE,2018-11-26,2018-11-28,0.0050903204894892085,2,
KSS,2018-11-16,2018-11-28,-0.051292380076498945,7,
ROST,2018-11-19,2018-11-28,-0.12469972453725864,6,
TGT,2018-11-20,2018-11-28,0.04790946119733319,5,
MO,2018-11-13,2018-11-29,-0.09453558445343035,11,
PGR,2018-11-15,2018-11-29,-0.01298210195915872,9,
SBUX,2018-11-27,2018-11-29,0.01660211521641175,2,
TJX,2018-11-19,2018-11-29,-0.05293834648631346,7,
CF,2018-11-15,2018-11-30,-0.043803812549950694,10,
ULTA,2018-11-28,2018-11-30,0.0008706336252084501,2,
OMC,2018-12-07,2018-12-11,0.017425593646610116,2,
LW,2018-12-04,2018-12-12,-0.0052869618911352,5,
ORLY,2018-12-07,2018-12-12,0.027620014444367458,3,
CVS,2018-12-07,2018-12-13,-0.02609669090974165,4,
ESRX-201812,2018-12-10,2018-12-13,0.006398151080328152,3,
IT,2018-12-10,2018-12-13,0.010842319817372603,3,
UHS,2018-12-10,2018-12-13,0.03606178883342803,3,
RSG,2018-12-11,2018-12-14,-0.005470270695801971,3,
ALK,2018-12-10,2018-12-19,-0.03565409577663592,7,
CTRA,2018-12-13,2018-12-24,-0.07820313618598607,7,
FL,2018-12-12,2018-12-24,-0.07952936546179501,8,
AAP,2018-12-10,2018-12-27,-0.08710859859920705,12,
ADP,2018-12-17,2018-12-27,-0.06943556628455305,7,
HSIC,2018-12-17,2018-12-27,-0.04540024346133642,7,
ICE,2018-12-19,2018-12-27,-0.041296725855204164,5,
MOS,2018-12-13,2018-12-27,-0.07024848823415819,9,
ROL,2018-12-07,2018-12-27,-0.11462092064196361,13,
UA,2018-12-13,2018-12-27,-0.15557736134951672,9,
VRSN,2018-12-24,2018-12-27,0.019314191022181904,2,
AON,2018-12-12,2018-12-28,-0.09028201175527906,11,
RHT,2018-12-24,2018-12-28,0.010362045788313123,3,
PNW,2019-01-03,2019-01-07,0.013509388307683334,2,
AZO,2019-01-09,2019-01-11,0.004385960972175695,2,
AAP,2019-01-28,2019-01-31,0.04242345370684841,3,
MRK,2019-01-25,2019-01-31,-0.011055995309570466,4,
PFE,2019-01-25,2019-01-31,0.013576517799920529,4,
AJG,2019-01-30,2019-02-01,0.037999573105050644,2,
CHD,2019-01-28,2019-02-01,0.021662487635262018,4,
CLX,2019-01-30,2019-02-01,0.026047333535268224,2,
KMB,2019-01-28,2019-02-01,0.031176289835652682,4,
KR,2019-01-28,2019-02-01,0.012259155805328659,4,
VZ,2019-01-30,2019-02-01,0.03765896382926748,2,
CME,2019-01-31,2019-02-04,0.016937014687461893,2,
AMGN,2019-01-29,2019-02-06,-0.02209511411376175,6,
FL,2019-02-04,2019-02-06,0.030178018702609055,2,
WMT,2019-01-31,2019-02-06,0.006439077618051847,4,
CTRA,2019-02-07,2019-02-12,0.017513684319008682,3,
RCL,2019-02-11,2019-02-13,0.012184280414170301,2,
REGN,2019-02-07,2019-02-13,0.016799023744839214,4,
VRTX,2019-02-08,2019-02-13,0.03283942327101186,3,
WBA,2019-02-11,2019-02-13,0.020732292618413695,2,
AIV,2019-02-13,2019-02-14,0.01192571806614473,1,
UNH,2019-02-12,2019-02-14,0.013479033140867624,2,
DOC,2019-02-13,2019-02-15,0.03313631413559737,2,
MCD,2019-02-01,2019-02-15,-0.014615483261625317,10,
WCG,2019-02-12,2019-02-15,0.030865859863393075,3,
YUM,2019-02-12,2019-02-15,0.00961800892957898,3,
SRE,2019-02-13,2019-02-19,0.0032745143142285382,3,
IRM,2019-02-13,2019-02-21,-0.003114254470493516,5,
PPL,2019-02-15,2019-02-21,0.013972629523662405,3,
SPG,2019-02-21,2019-02-22,0.019895589984316286,1,
ALLE,2019-02-20,2019-02-25,0.020414961145734045,3,
HRL,2019-02-22,2019-02-25,0.04084614093008665,1,
CELG,2019-02-22,2019-02-26,0.010909131354475576,2,
AAP,2019-02-26,2019-02-27,-0.004508336194156803,1,
ALK,2019-02-21,2019-02-27,-0.015212406927887168,4,
EXR,2019-02-22,2019-02-28,0.014119601805522297,4,
AMT,2019-02-28,2019-03-01,0.01929019619414607,1,
LUV,2019-02-21,2019-03-01,0.03630166860983164,6,
NRG,2019-02-28,2019-03-01,-0.01960980196274309,1,
XRAY,2019-02-26,2019-03-01,0.1281240294804724,3,
EW,2019-02-25,2019-03-04,0.007823195163412677,5,
OKE,2019-02-27,2019-03-04,0.024050273108587872,3,
SBAC,2019-02-26,2019-03-04,0.007890278970440257,4,
DRE,2019-03-01,2019-03-05,0.0010354387254083441,2,
KSU,2019-03-04,2019-03-05,0.013324819889130035,1,
LRCX,2019-03-01,2019-03-05,-0.005986249412863853,2,
WELL,2019-02-22,2019-03-05,-0.005336248005919697,7,
MAR,2019-03-05,2019-03-06,0.007499116245614168,1,
RCL,2019-02-28,2019-03-06,0.0072839133817863555,4,
DLTR,2019-02-28,2019-03-07,0.03852784716451341,5,
NFLX,2019-03-05,2019-03-07,0.02270639322598811,2,
ADSK,2019-03-06,2019-03-12,-0.00457744579516739,4,
AON,2019-03-06,2019-03-12,-0.011886978646057478,4,
MMM,2019-03-06,2019-03-12,0.01316242920246058,4,
PCAR,2019-03-05,2019-03-12,0.007003623492608968,5,
SPG,2019-03-04,2019-03-12,-0.008187021385211102,6,
UNP,2019-03-06,2019-03-12,-0.007498930585987051,4,
VTR,2019-03-04,2019-03-12,0.010946420291469527,6,
HCA,2019-03-07,2019-03-13,-0.0016111540245118405,4,
TSCO,2019-03-07,2019-03-14,-0.009043696866113282,5,
UAL,2019-03-05,2019-03-15,-0.03595644994079483,8,
FL,2019-03-18,2019-03-19,0.016992182129796918,1,
HBI,2019-03-12,2019-03-20,-0.007001911737287592,6,
BA,2019-03-12,2019-03-21,-0.02967772048596473,7,
DHI,2019-03-20,2019-03-22,0.023546452470597723,2,
ED,2019-03-20,2019-03-22,0.00679922239219688,2,
ETR,2019-03-20,2019-03-22,0.014446723078787915,2,
FE,2019-03-20,2019-03-22,0.016469837159295064,2,
FMC,2019-03-20,2019-03-22,0.008503177232312531,2,
HRL,2019-03-13,2019-03-22,0.012788976316990164,7,
VTR,2019-03-19,2019-03-22,0.0376297193094699,3,
WHR,2019-03-21,2019-03-22,0.01823235460048256,1,
BSX,2019-03-19,2019-03-27,-0.00906675865749429,6,
LEG,2019-03-12,2019-03-27,-0.040791723806677394,11,
REGN,2019-03-25,2019-03-27,0.032805331286134276,2,
CRM,2019-03-28,2019-04-01,0.026270945249511124,2,
HCA,2019-03-28,2019-04-01,0.015827577111382496,2,
NCLH,2019-03-28,2019-04-01,0.025739684923315798,2,
AJG,2019-03-29,2019-04-02,0.018461348003690592,2,
ELV,2019-03-27,2019-04-02,0.00021365845557586027,4,
GLW,2019-03-29,2019-04-02,0.02699083390216539,2,
GOOG,2019-03-29,2019-04-02,0.01534747365298439,2,
GOOGL,2019-03-29,2019-04-02,0.014804769788251182,2,
HLT,2019-03-28,2019-04-02,0.016125521302934098,3,
NRG,2019-04-02,2019-04-05,0.007763078437263982,3,
AEE,2019-04-04,2019-04-08,-0.005571158726572878,2,
AWK,2019-04-03,2019-04-08,0.008598529769768604,3,
CHTR,2019-03-29,2019-04-08,-0.006504475768406737,6,
CTRA,2019-04-04,2019-04-08,0.024542528257819773,2,
EVRG,2019-04-05,2019-04-08,0.011760222020826827,1,
FE,2019-04-05,2019-04-08,0.011588639505820675,1,
O,2019-04-04,2019-04-08,0.0004963761838345793,2,
XEL,2019-04-04,2019-04-08,0.00015632743985349862,2,
AFL,2019-04-04,2019-04-09,0.0022923423111964603,3,
HRL,2019-04-04,2019-04-09,0.004891345887793275,3,
HOLX,2019-04-09,2019-04-11,0.014870238875373865,2,
CLX,2019-04-08,2019-04-12,0.018032717816206523,4,
MRSH,2019-04-10,2019-04-12,0.016722581276790383,2,
TRV,2019-04-10,2019-04-12,0.009424180873016663,2,
UNP,2019-04-10,2019-04-15,0.013792029501193293,3,
BBY,2019-04-16,2019-04-22,-0.004445755993101819,3,
CVX,2019-04-15,2019-04-23,0.012221212839268913,5,
EBAY,2019-04-12,2019-04-23,-0.016181152958535283,6,
FISV,2019-04-11,2019-04-23,-0.017238981747709547,7,
ELV,2019-04-12,2019-04-24,-0.10504573643008075,7,
HOLX,2019-04-23,2019-04-24,0.018895270814321963,1,
INCY,2019-04-23,2019-04-24,0.01587423174449043,1,
LLY,2019-04-15,2019-04-24,-0.04618517848228587,6,
MRK,2019-04-08,2019-04-24,-0.07879583315040617,11,
SYK,2019-04-15,2019-04-24,-0.051141110304094406,6,
WCG,2019-04-15,2019-04-24,-0.050227898023533335,6,
NI,2019-04-24,2019-04-25,-0.0005379036125717773,1,
TFX,2019-04-22,2019-04-25,0.0019064362511926891,3,
PFE,2019-04-15,2019-04-26,-0.05421076726685148,8,
GIS,2019-04-25,2019-04-29,0.007695136548349746,2,
PG,2019-04-24,2019-04-29,0.01973549105404082,3,
WAT,2019-04-24,2019-04-30,0.006895014720622816,4,
STX,2019-04-25,2019-05-01,0.05685798947461662,4,
T,2019-04-25,2019-05-01,0.011356459353133008,4,
AAP,2019-05-01,2019-05-03,0.0035287540591792954,2,
HPE,2019-04-29,2019-05-06,-0.010880371651799003,5,
INTC,2019-04-29,2019-05-06,-0.03284013643891859,5,
ROK,2019-04-26,2019-05-06,-0.006075647281443164,6,
NEM,2019-04-23,2019-05-08,-0.045308621516071734,11,
APTV,2019-04-26,2019-05-09,-0.09616975114674808,9,
FL,2019-05-06,2019-05-09,0.02039189203587899,3,
FTNT,2019-05-06,2019-05-13,-0.036596991749215935,5,
OKE,2019-05-01,2019-05-13,-0.014331761342188054,8,
WMB,2019-05-03,2019-05-13,-0.016378420413053485,6,
DHI,2019-05-09,2019-05-15,0.015838325587526514,4,
AES,2019-04-30,2019-05-16,-0.054585907238422715,12,
AMAT,2019-05-13,2019-05-16,0.04985948849265709,3,
CSCO,2019-05-08,2019-05-16,0.01864906439006253,6,
NTAP,2019-04-25,2019-05-16,-0.08089093048271889,15,
ANET,2019-05-06,2019-05-17,-0.06969825951326825,9,
SWK,2019-05-16,2019-05-17,0.011344055672421804,1,
ORLY,2019-05-15,2019-05-21,0.007988205639649637,4,
BWA,2019-04-26,2019-05-22,-0.13251322572313862,18,
SEE,2019-05-21,2019-05-22,0.010358905479080471,1,
CBRE,2019-05-20,2019-05-23,-0.00454065969776607,3,
MXIM,2019-05-13,2019-05-23,-0.04032012182709499,8,
MCHP,2019-05-13,2019-05-24,-0.039568102946829886,9,
PWR,2019-05-09,2019-05-28,-0.06229784258133009,12,
AVGO,2019-05-21,2019-05-31,-0.0886194469672309,7,
CMG,2019-05-24,2019-05-31,-0.012499351262341585,4,
CSX,2019-05-28,2019-05-31,-0.01628171671466372,3,
DLTR,2019-05-24,2019-05-31,-0.007693290880049997,4,
EW,2019-05-20,2019-05-31,-0.021250632053309015,8,
KEYS,2019-05-21,2019-05-31,0.039128098077730655,7,
QCOM,2019-05-21,2019-05-31,-0.16805769657022485,7,
VAR,2019-05-22,2019-05-31,-0.015683188461749653,6,
CPB,2019-05-23,2019-06-04,-0.009935532097991806,7,
PEG,2019-05-31,2019-06-04,0.010714319417135298,2,
PNW,2019-05-31,2019-06-04,0.022952068376273393,2,
AKAM,2019-06-04,2019-06-05,0.029223198331867817,1,
COTY,2019-05-31,2019-06-05,0.053692202646288045,3,
F,2019-05-23,2019-06-05,2.8347673798556627e-05,8,
HSIC,2019-05-31,2019-06-05,0.02510407661043801,3,
ITW,2019-05-31,2019-06-05,0.04456355285636371,3,
ORCL,2019-06-04,2019-06-05,0.03710461285260225,1,
SYF,2019-06-04,2019-06-05,0.012534503942082997,1,
CMCSA,2019-05-31,2019-06-06,-0.004891461501067118,4,
RHT,2019-05-31,2019-06-06,0.0003235606697873372,4,
VTR,2019-06-05,2019-06-06,0.023677673599660665,1,
VZ,2019-05-31,2019-06-06,0.03278439051352877,4,
NCLH,2019-06-06,2019-06-11,0.03788376579580732,3,
NFLX,2019-06-17,2019-06-18,0.035511838928536044,1,
MNST,2019-06-14,2019-06-19,0.017203781983192945,3,
AKAM,2019-06-18,2019-06-20,0.03455031403032294,2,
AMD,2019-06-18,2019-06-20,0.04763380206228307,2,
KSU,2019-06-18,2019-06-20,0.02966945251566666,2,
MKC,2019-06-19,2019-06-20,0.01456707533962276,1,
ALGN,2019-06-18,2019-06-21,0.0037198167253231773,3,
AMCR,2019-06-18,2019-06-21,0.016604085040534455,3,
CBOE,2019-06-13,2019-06-21,-0.0052409616065759446,6,
ECL,2019-06-20,2019-06-21,0.008227949740788443,1,
NSC,2019-06-18,2019-06-21,0.01974500663658696,3,
UNP,2019-06-18,2019-06-21,0.00828761839658454,3,
USB,2019-06-18,2019-06-21,0.010002776828598847,3,
TGT,2019-06-20,2019-06-24,0.007214979725654214,2,
SYY,2019-06-20,2019-06-25,-0.002979179502052731,3,
TWTR,2019-06-24,2019-06-27,0.005092094606161224,3,
COTY,2019-06-25,2019-06-28,0.01494341045643166,3,
F,2019-06-26,2019-06-28,0.031369838631967184,2,
MHK,2019-06-24,2019-06-28,-0.013152658273126616,4,
RCL,2019-06-24,2019-06-28,0.04163575576222067,4,
SEE,2019-06-21,2019-06-28,0.01717590766582111,5,
AZO,2019-06-28,2019-07-01,0.010826410356627125,1,
PSA,2019-06-27,2019-07-01,0.016733599601920668,2,
UA,2019-06-25,2019-07-01,0.003781036655654768,4,
UAA,2019-06-25,2019-07-01,0.007763363601122952,4,
VFC,2019-06-26,2019-07-01,0.02957547903470603,3,
ORLY,2019-06-28,2019-07-02,0.016519193466028925,2,
AMT,2019-07-01,2019-07-03,0.004866322255536071,2,
CCI,2019-07-01,2019-07-03,0.01897804180604923,2,
EXC,2019-06-28,2019-07-03,0.02505432859257284,3,
FE,2019-06-28,2019-07-03,0.025978935239465484,3,
O,2019-06-26,2019-07-03,-0.014364430430587771,5,
PEG,2019-07-02,2019-07-03,0.00600913927185287,1,
PEP,2019-07-01,2019-07-03,0.005487505925246827,2,
PNW,2019-06-28,2019-07-03,0.013872099470977783,3,
ROST,2019-07-03,2019-07-05,0.002667445138826219,1,
LHX,2019-07-01,2019-07-08,-0.030082567600928534,4,
FTI,2019-07-10,2019-07-11,0.022529836968634198,1,
HOLX,2019-07-09,2019-07-11,0.011921721558239007,2,
STX,2019-07-10,2019-07-11,0.014649649310711332,1,
APTV,2019-07-09,2019-07-12,0.023007635846456154,3,
BWA,2019-07-05,2019-07-15,-0.008423995147271213,6,
CAT,2019-07-10,2019-07-15,0.02503915784170463,3,
CF,2019-07-10,2019-07-15,0.03935254918626607,3,
ETN,2019-07-11,2019-07-15,0.022294394754041935,2,
GE,2019-07-09,2019-07-15,0.01082218639495336,4,
IR,2019-07-10,2019-07-15,0.0022308014740506366,3,
MAS,2019-07-11,2019-07-15,0.013150990415154329,2,
SNA,2019-07-09,2019-07-15,0.005928202300601981,4,
QCOM,2019-07-11,2019-07-16,0.005903570260515911,3,
FAST,2019-07-12,2019-07-17,0.025943373443942708,3,
VMC,2019-07-15,2019-07-17,0.010385447715235863,2,
PNW,2019-07-15,2019-07-18,0.004714351413854345,3,
SJM,2019-07-15,2019-07-18,0.015993503680680865,3,
MTD,2019-07-15,2019-07-19,0.011894004612488462,4,
RVTY,2019-07-15,2019-07-19,0.0030348465936511637,4,
TMO,2019-07-15,2019-07-19,0.014200102222553523,4,
KMI,2019-07-19,2019-07-23,0.014098894457230227,2,
WAT,2019-07-18,2019-07-23,0.013815844820766143,3,
LMT,2019-07-19,2019-07-24,-0.0004353170090135583,3,
WY,2019-07-15,2019-07-24,-0.010204008337360793,7,
COTY,2019-07-15,2019-07-25,-0.017227841367220886,8,
L,2019-07-18,2019-07-25,0.01055548756855007,5,
MTB,2019-07-19,2019-07-25,0.003614909118809795,4,
NFLX,2019-07-16,2019-07-25,-0.14014719772486428,7,
REG,2019-07-17,2019-07-25,-0.020928779854848645,6,
T,2019-07-24,2019-07-25,0.04142035115736453,1,
CELG,2019-07-17,2019-07-26,0.004431580649095546,7,
CERN,2019-07-23,2019-07-26,0.00909399019985302,3,
ESS,2019-07-23,2019-07-26,0.021649368698830385,3,
CL,2019-07-25,2019-07-29,0.03616545586293829,2,
SYY,2019-07-25,2019-07-29,0.009813541110215374,2,
WMT,2019-07-25,2019-07-29,0.003873677193314773,2,
DUK,2019-07-26,2019-07-30,0.010808735885400322,2,
ETR,2019-07-29,2019-07-30,0.005199127795281866,1,
DLR,2019-07-26,2019-07-31,0.004012995823391652,3,
GRMN,2019-07-26,2019-08-01,-0.004413271530407048,4,
CBOE,2019-07-30,2019-08-02,0.04887802465400659,3,
CME,2019-07-31,2019-08-02,0.03142931712344632,2,
D,2019-07-25,2019-08-02,0.013938116799408817,6,
NDAQ,2019-07-25,2019-08-02,-0.007179469563205254,6,
WMB,2019-07-25,2019-08-02,-0.05446608423774102,6,
FTNT,2019-07-30,2019-08-05,0.013069797797307547,4,
NEM,2019-07-29,2019-08-06,-0.007323539977013072,6,
ANSS,2019-08-05,2019-08-07,0.025754821284492246,2,
BBY,2019-08-02,2019-08-08,0.0013646728984595402,4,
HII,2019-08-02,2019-08-08,-0.032243277351315824,4,
TGT,2019-08-02,2019-08-08,0.012513169500929733,4,
AMZN,2019-08-01,2019-08-09,-0.02480294838158159,6,
MTD,2019-07-29,2019-08-09,-0.08883094976180661,9,
NI,2019-08-08,2019-08-09,0.04246204775053619,1,
QCOM,2019-08-07,2019-08-09,0.04622540553233079,2,
SNPS,2019-08-06,2019-08-09,0.03907334575293597,3,
VFC,2019-08-02,2019-08-09,-0.0028349474187809864,5,
MAR,2019-08-08,2019-08-12,0.01415737334992806,2,
CMI,2019-08-02,2019-08-14,-0.06693739375466634,8,
DLTR,2019-07-24,2019-08-14,-0.12537421450665187,15,
GE,2019-08-08,2019-08-14,-0.03033248412148193,4,
CF,2019-08-16,2019-08-19,0.025237527484825772,1,
KIM,2019-08-15,2019-08-20,0.02506278892114011,3,
SW,2019-08-21,2019-08-23,0.015626002925689164,2,
ADI,2019-08-26,2019-08-28,0.006226536051311404,2,
HAS,2019-08-26,2019-08-29,0.03574996970410327,3,
HON,2019-08-26,2019-08-29,0.02082319014450995,3,
SYF,2019-08-26,2019-08-29,0.011141838764217482,3,
COO,2019-08-26,2019-08-30,-0.062452101735321675,4,
DVA,2019-08-21,2019-08-30,-0.01454813512540698,7,
IR,2019-08-26,2019-08-30,0.005003024163883207,4,
TDG,2019-08-28,2019-08-30,0.03141275712821878,2,
TFX,2019-08-26,2019-08-30,0.011739524124728451,4,
PM,2019-08-26,2019-09-05,-0.09563767683732272,7,
SEE,2019-08-15,2019-09-09,-0.06972410579184463,16,
SW,2019-09-04,2019-09-09,0.08838713020131661,3,
PNW,2019-09-10,2019-09-12,0.014203328870848075,2,
WEC,2019-09-10,2019-09-13,0.003958911734147419,3,
CHD,2019-09-09,2019-09-17,-0.03648020735076707,6,
AMGN,2019-09-13,2019-09-18,0.008012289724567356,3,
AWK,2019-09-10,2019-09-18,0.005629100837786005,6,
BALL,2019-09-10,2019-09-18,0.012583221107211884,6,
CBOE,2019-09-11,2019-09-18,-0.0102102053544606,5,
IDXX,2019-09-10,2019-09-18,0.022628133407030848,6,
KMB,2019-09-10,2019-09-18,0.0004192547439643146,6,
RSG,2019-09-12,2019-09-18,-0.0003654831205903708,4,
SBUX,2019-09-11,2019-09-18,0.00685545377223673,5,
TFX,2019-09-10,2019-09-18,0.00024095448926875207,6,
YUM,2019-09-17,2019-09-18,0.019127118318527758,1,
EL,2019-09-18,2019-09-20,0.0048830111539794885,2,
XRAY,2019-09-19,2019-09-23,0.014818885790668812,2,
VFC,2019-09-20,2019-09-24,0.002558581945039995,2,
APTV,2019-09-23,2019-09-26,0.0002686908662374865,3,
BDX,2019-09-20,2019-09-26,-0.005004553635602482,4,
F,2019-09-20,2019-09-26,0.00893295391524318,4,
HPE,2019-09-19,2019-09-26,-0.0195423392917351,5,
JBHT,2019-09-20,2019-09-26,0.005598693769047092,4,
MAS,2019-09-18,2019-09-26,0.0016945982011675742,6,
MCHP,2019-09-20,2019-09-26,0.0054513292743030295,4,
SWKS,2019-09-20,2019-09-26,-0.0038727900429761375,4,
LOW,2019-09-24,2019-09-27,-2.4591485608183028e-05,3,
TMO,2019-09-26,2019-09-30,0.008725328252644493,2,
UPS,2019-09-19,2019-09-30,-0.012755034055852876,7,
WAT,2019-09-26,2019-09-30,0.007914137739652105,2,
FMC,2019-09-26,2019-10-01,0.006823642002446784,3,
SYK,2019-09-30,2019-10-01,0.008671050816250858,1,
UHS,2019-09-26,2019-10-01,0.0022551680216835734,3,
LW,2019-10-01,2019-10-02,0.008691923069832797,1,
CHTR,2019-09-30,2019-10-03,-4.209722086012668e-05,3,
HES,2019-09-27,2019-10-04,0.021249690339397942,5,
AMGN,2019-10-01,2019-10-07,0.008159207315719064,4,
CPRT,2019-09-30,2019-10-07,-0.0038760828441933848,5,
UNP,2019-09-26,2019-10-07,-0.05321977928791999,7,
DFS,2019-10-04,2019-10-08,0.0013930136773840918,2,
GD,2019-10-03,2019-10-08,0.005674070982669699,3,
LUV,2019-10-02,2019-10-08,-0.0018087314244860098,4,
AZO,2019-09-26,2019-10-10,-0.02993229977352163,10,
CVX,2019-10-01,2019-10-10,-0.05002792987426974,7,
MCK,2019-10-07,2019-10-10,0.009236981420249313,3,
TSN,2019-10-09,2019-10-10,0.009215549019765845,1,
EBAY,2019-09-26,2019-10-11,-0.018848377127885008,11,
MGM,2019-09-26,2019-10-11,-0.009103774868462589,11,
STZ,2019-10-07,2019-10-11,-0.0008626710164746365,4,
FMC,2019-10-08,2019-10-14,0.033272306588433054,4,
NWS,2019-10-09,2019-10-14,0.029660677952787262,3,
OKE,2019-10-09,2019-10-14,0.0013334376323685948,3,
EVRG,2019-10-10,2019-10-16,0.0035019663971722625,4,
CHD,2019-10-15,2019-10-18,-0.0019980019980017083,3,
ED,2019-10-15,2019-10-18,-0.0022169328385555076,3,
EIX,2019-10-14,2019-10-18,-0.014721144247489937,4,
LNT,2019-10-15,2019-10-18,0.008910163249372216,3,
HRL,2019-10-11,2019-10-21,-0.017309928006780773,6,
PG,2019-10-16,2019-10-21,0.0022432112041987917,3,
CL,2019-10-15,2019-10-22,-0.00840443333568619,5,
EXR,2019-10-15,2019-10-22,0.00233172467445808,5,
MKC,2019-10-15,2019-10-22,-0.006693697706797397,5,
PSA,2019-10-16,2019-10-22,0.002725221922472487,4,
GD,2019-10-21,2019-10-23,0.011608524668106801,2,
FIS,2019-10-21,2019-10-25,-0.004011465543614978,4,
FISV,2019-10-22,2019-10-25,-0.016453495033448395,3,
LMT,2019-10-21,2019-10-25,-0.0010107132715970746,4,
CF,2019-10-22,2019-10-28,-0.004788738092586509,4,
MDT,2019-10-23,2019-10-28,-0.0013350694005934693,3,
SBUX,2019-10-23,2019-10-29,-0.007916647632574714,4,
GEN,2019-10-21,2019-10-30,-0.003292374793599784,7,
TXN,2019-10-25,2019-10-30,0.015876635939594985,3,
VRSK,2019-10-22,2019-10-30,-0.07555166413584669,6,
WELL,2019-10-28,2019-10-30,0.010269741887164896,2,
AIG,2019-10-30,2019-10-31,0.0012528568600929102,1,
AMT,2019-10-29,2019-10-31,0.03342705198910445,2,
CB,2019-10-18,2019-10-31,-0.006096470916513108,9,
CME,2019-10-22,2019-10-31,-0.011821707955676941,7,
HSY,2019-10-25,2019-10-31,-0.0019297519028558252,4,
TJX,2019-10-30,2019-10-31,0.014655654038647992,1,
EFX,2019-10-31,2019-11-01,0.012880977925637582,1,
FAST,2019-10-31,2019-11-04,0.03364495285226066,2,
KSU,2019-11-01,2019-11-04,0.0347516315269607,1,
NVR,2019-10-30,2019-11-04,0.017811849978786043,3,
VFC,2019-10-28,2019-11-04,-0.015430371650688501,5,
DLTR,2019-10-31,2019-11-05,-0.0008366241472348435,3,
NKE,2019-10-25,2019-11-05,-0.01607743612690682,7,
STZ,2019-10-31,2019-11-05,0.013129530889765428,3,
TEL,2019-10-31,2019-11-05,0.05039397712353577,3,
WHR,2019-11-04,2019-11-05,0.02058654229274004,1,
CMCSA,2019-11-05,2019-11-08,0.014347807678952051,3,
PG,2019-11-05,2019-11-11,0.0034610808222927947,4,
EQIX,2019-11-05,2019-11-12,-0.013981996127856777,5,
SYK,2019-11-05,2019-11-13,-0.027571637435919727,6,
ATO,2019-11-06,2019-11-14,0.011302485358873016,6,
CCI,2019-11-04,2019-11-14,-0.04169120151501404,8,
D,2019-11-12,2019-11-14,0.009232251430127514,2,
ES,2019-10-30,2019-11-14,-0.025062060333775227,11,
ESS,2019-11-08,2019-11-14,-0.004250228321780236,4,
SBAC,2019-11-06,2019-11-14,0.0071671480510142604,6,
CTAS,2019-11-13,2019-11-15,0.02208601974332769,2,
DLR,2019-10-31,2019-11-15,-0.09152462564555808,11,
GPC,2019-11-15,2019-11-18,0.0009645392444401768,1,
NWS,2019-11-11,2019-11-18,0.010884337775650677,5,
PWR,2019-11-14,2019-11-18,0.001560396471606662,2,
SWK,2019-11-14,2019-11-18,-0.00820155965182201,2,
COTY,2019-11-18,2019-11-19,0.02045708102779753,1,
DAL,2019-11-14,2019-11-19,0.01715679042059648,3,
RF,2019-11-14,2019-11-19,0.015703501538900877,3,
CINF,2019-11-18,2019-11-20,0.006503147896758321,2,
BKNG,2019-11-05,2019-11-21,-0.08031348203074995,12,
AIG,2019-11-18,2019-11-25,-0.007578684878627229,5,
APTV,2019-11-14,2019-11-25,0.009129661429859492,7,
FAST,2019-11-14,2019-11-25,-0.00781642240940772,7,
MHK,2019-11-15,2019-11-25,-0.024111142118590223,6,
WHR,2019-11-20,2019-11-25,0.023537386161560647,3,
AOS,2019-11-19,2019-11-26,-0.011710907617548671,5,
EMN,2019-11-19,2019-11-26,-0.00901292223394401,5,
MXIM,2019-11-19,2019-11-26,-0.0005888711692840776,5,
NWL,2019-11-25,2019-11-26,0.000557393843247711,1,
PPG,2019-11-21,2019-11-26,0.010310388553024685,3,
SYY,2019-11-25,2019-11-26,0.015621991764751542,1,
HD,2019-11-25,2019-11-27,0.014848970676596185,2,
WM,2019-11-26,2019-11-27,0.022870659467446375,1,
HII,2019-11-26,2019-11-29,0.007258400991239533,2,
J,2019-11-26,2019-11-29,0.016231350039706216,2,
KLAC,2019-11-25,2019-11-29,0.027567378944312493,3,
SW,2019-11-18,2019-11-29,0.021675608717260708,8,
APD,2019-11-26,2019-12-02,0.00567239367011152,3,
PM,2019-11-26,2019-12-02,-0.002118817624046865,3,
CBOE,2019-11-29,2019-12-04,0.009247821084830576,3,
CME,2019-11-29,2019-12-04,0.011375188227300104,3,
ATO,2019-11-26,2019-12-05,-0.006012418813543308,6,
DG,2019-12-02,2019-12-06,-0.01694151905922059,4,
GD,2019-11-27,2019-12-06,0.0010653540361678093,6,
MHK,2019-12-04,2019-12-06,0.04782738119935659,2,
QCOM,2019-11-25,2019-12-06,-0.021349932837404828,8,
DE,2019-12-03,2019-12-09,0.010650355278599255,4,
GE,2019-12-04,2019-12-09,-0.0189738913989711,3,
GRMN,2019-12-06,2019-12-09,0.005477601644759744,1,
MPC,2019-12-02,2019-12-09,-0.03101350729236263,5,
UPS,2019-12-06,2019-12-09,0.006605463502015407,1,
J,2019-12-09,2019-12-11,0.02989945078626266,2,
VLO,2019-12-02,2019-12-11,-0.012515286788368996,7,
D,2019-12-10,2019-12-12,0.008866168413021569,2,
MKTX,2019-12-06,2019-12-12,-0.019442942527449825,4,
CTXS,2019-12-05,2019-12-13,-0.009834299274732339,6,
UAL,2019-12-06,2019-12-13,-0.008629662456479559,5,
WBA,2019-11-27,2019-12-13,-0.02336349049846298,11,
XRX,2019-12-10,2019-12-13,-0.007363624495901333,3,
EW,2019-12-10,2019-12-16,-0.005454353875868678,4,
ICE,2019-12-13,2019-12-16,0.019961548979989363,1,
NOW,2019-12-10,2019-12-16,0.014007013875406926,4,
CBOE,2019-12-11,2019-12-17,0.015196992322878522,4,
SO,2019-12-11,2019-12-17,0.026798427557869875,4,
JKHY,2019-12-12,2019-12-18,0.012891393352337799,4,
ARE,2019-12-17,2019-12-19,0.005379083495569592,2,
KIM,2019-12-13,2019-12-19,0.00581413905998085,4,
DRE,2019-12-16,2019-12-20,-0.0008331324351168456,4,
HRL,2019-12-18,2019-12-20,0.007621840141325942,2,
O,2019-12-13,2019-12-20,-0.013015848592786816,5,
CAH,2019-12-18,2019-12-23,0.00910388745673929,3,
DHI,2019-12-20,2019-12-23,0.01929674244929447,1,
MAA,2019-12-16,2019-12-23,-0.00245683482062109,5,
PLD,2019-12-16,2019-12-23,-0.005034009704918518,5,
IT,2019-12-19,2019-12-24,0.01066155667520663,3,
SCHW,2019-12-23,2019-12-24,0.005832719101154682,1,
AIV,2019-12-12,2019-12-26,-0.01824456883582337,9,
LEN,2019-12-19,2019-12-26,0.007957202125083773,4,
AIZ,2019-12-24,2019-12-30,0.01106918923621758,3,
LUMN,2019-12-13,2019-12-30,-0.03386450917157602,10,
CPAY,2019-12-20,2019-12-31,-0.02031222985645087,6,
BWA,2019-12-31,2020-01-03,-0.010057527612235662,2,
JCI,2019-12-31,2020-01-03,0.0034112529169827432,2,
KMX,2019-12-23,2020-01-03,-0.042199810469580434,7,
SYF,2019-12-20,2020-01-03,-0.0276228121321197,8,
VLO,2019-12-30,2020-01-03,0.012380226061508237,3,
AMGN,2019-12-31,2020-01-07,-0.00602689812437196,4,
GILD,2019-12-31,2020-01-07,0.00726274099700519,4,
MO,2020-01-03,2020-01-07,0.005917881501257938,2,
HOG,2020-01-03,2020-01-09,-0.004726978694825079,4,
QRVO,2020-01-07,2020-01-09,0.0217682349407744,2,
AVY,2020-01-03,2020-01-10,0.009496723388265238,5,
INCY,2020-01-03,2020-01-10,0.018315832505163554,5,
PRGO,2019-12-27,2020-01-10,-0.05288547515873421,9,
WMT,2020-01-09,2020-01-10,0.007367698586498772,1,
PKG,2020-01-07,2020-01-13,0.006370961187774471,4,
TGT,2020-01-03,2020-01-13,-0.0025584660393350722,6,
HST,2020-01-07,2020-01-14,0.004818223351855444,5,
ADM,2020-01-10,2020-01-15,-0.002447866710411306,3,
ALK,2019-12-30,2020-01-15,-0.0336201292420627,11,
AVGO,2020-01-13,2020-01-15,0.02225183228978045,2,
NUE,2020-01-10,2020-01-15,0.001359767426416747,3,
VFC,2020-01-10,2020-01-15,0.0006998837435188143,3,
CBOE,2020-01-14,2020-01-16,0.013363923675575817,2,
AZO,2019-12-31,2020-01-17,-0.0354467208204865,12,
ETN,2020-01-15,2020-01-17,0.011230435256837312,2,
GPC,2020-01-10,2020-01-17,0.00589137219308955,5,
URI,2020-01-13,2020-01-17,-0.015296405394173984,4,
AME,2020-01-17,2020-01-21,0.006842658480726627,1,
BSX,2020-01-15,2020-01-21,0.029939901001801106,3,
MLM,2020-01-15,2020-01-21,0.017178805767950056,3,
PXD,2020-01-15,2020-01-21,0.010781125201832165,3,
BNY,2020-01-17,2020-01-24,0.0005512069334681069,4,
CDW,2020-01-21,2020-01-24,0.019260994005086518,3,
KMI,2020-01-22,2020-01-24,0.035088336839708356,2,
BKR,2020-01-16,2020-01-31,-0.06489910864295034,10,
MPC,2020-01-21,2020-01-31,-0.04464311898081241,8,
USB,2020-01-09,2020-01-31,-0.06447101717562087,15,
VLO,2020-01-21,2020-01-31,-0.03484590650649799,8,
WFC,2020-01-15,2020-01-31,-0.03081607324944191,11,
NKE,2020-01-31,2020-02-04,0.036656677590980236,2,
ABBV,2020-01-24,2020-02-05,-0.006320411912972945,8,
BF-B,2020-01-31,2020-02-05,0.02389011031729349,3,
BKNG,2020-01-22,2020-02-05,-0.0545936620009112,10,
HES,2020-01-24,2020-02-05,-0.11270302290525647,8,
KIM,2020-01-31,2020-02-05,0.004724346750710096,3,
CE,2020-01-24,2020-02-06,-0.04829217055831514,9,
DHI,2020-02-05,2020-02-06,0.03827620678960786,1,
RHI,2020-01-31,2020-02-06,0.0047242039175210415,4,
SW,2020-02-04,2020-02-06,0.023749721551350023,2,
WY,2020-02-05,2020-02-06,0.019743463083612633,1,
XRAY,2020-01-31,2020-02-06,-0.015390507766664507,4,
MKC,2020-02-05,2020-02-10,0.013374905833996475,3,
ICE,2020-02-05,2020-02-11,0.01175505304661395,4,
COP,2020-01-22,2020-02-12,-0.06300435865171106,15,
NOC,2020-02-05,2020-02-12,0.011847077757070057,5,
LEG,2020-02-10,2020-02-13,0.012854537732369664,3,
SO,2020-02-10,2020-02-13,-0.0011243853865051667,3,
CME,2020-02-13,2020-02-18,0.009774274773161284,2,
PG,2020-02-13,2020-02-18,0.014940514256039483,2,
PRGO,2020-02-18,2020-02-19,0.026432129602960153,1,
JPM,2020-02-19,2020-02-20,-0.00010277863702534695,1,
MTD,2020-02-18,2020-02-20,0.003572131171506454,2,
LLY,2020-02-14,2020-02-21,-0.00838243414544837,4,
TAP,2020-02-19,2020-02-21,0.009930997665743346,2,
JNJ,2020-02-19,2020-02-24,-0.013875709241450873,3,
PPL,2020-02-18,2020-02-24,-0.0011526420234311274,4,
GE,2020-02-24,2020-03-03,-0.039561815100864095,6,
IFF,2020-02-21,2020-03-03,-0.07782042971098391,7,
MAS,2020-02-18,2020-03-03,-0.05120614938124135,10,
TXT,2020-02-14,2020-03-03,-0.13448351242856227,11,
ADM,2020-02-20,2020-03-05,-0.12449559430176416,10,
HII,2020-02-18,2020-03-05,-0.12412995066573507,12,
LUV,2020-02-24,2020-03-05,-0.17727274195820308,8,
LW,2020-03-03,2020-03-05,0.008162097404386781,2,
RTN,2020-02-21,2020-03-05,-0.10838723559861618,9,
SW,2020-02-20,2020-03-05,-0.055491330981672915,10,
ES,2020-03-12,2020-03-16,-0.03036935404850838,2,
MSCI,2020-03-10,2020-03-16,-0.060113643162233776,4,
REGN,2020-03-13,2020-03-16,0.014821878051341608,1,
VTRS,2020-02-14,2020-03-16,-0.4029440291147487,20,
WEC,2020-03-13,2020-03-16,-0.0414948706943874,1,
ALB,2020-03-10,2020-03-18,-0.18779118462646416,6,
NEE,2020-03-12,2020-03-18,-0.034644470679131234,4,
TIF,2020-03-10,2020-03-20,-0.01643749895631985,8,
GEN,2020-03-10,2020-03-23,-0.05769257710200004,9,
IR,2020-03-03,2020-03-25,-0.30507217250195795,16,
KR,2020-03-26,2020-03-31,0.05431782231277116,3,
BIIB,2020-04-23,2020-04-29,0.04976992876820896,4,
HRL,2020-04-24,2020-04-29,-0.03252117565704982,3,
TIF,2020-04-28,2020-04-30,0.011112693039444732,2,
NFLX,2020-04-29,2020-05-01,0.03689490600485179,2,
CLX,2020-04-30,2020-05-04,0.049814756646118674,2,
NEM,2020-05-01,2020-05-05,0.06674752355448499,2,
REGN,2020-04-30,2020-05-05,0.09328005065281375,3,
VRTX,2020-04-30,2020-05-05,0.03370162803048515,3,
AKAM,2020-04-30,2020-05-06,0.034278035070754775,4,
AMD,2020-05-01,2020-05-06,0.024383458399951596,3,
BMY,2020-05-05,2020-05-06,0.015294162522596189,1,
JNJ,2020-05-04,2020-05-06,0.006253245957666298,2,
PGR,2020-05-01,2020-05-06,0.02687089142916932,3,
SBAC,2020-05-04,2020-05-06,0.01578125202407077,2,
VRSN,2020-05-04,2020-05-06,0.016671613150733178,2,
WMT,2020-04-30,2020-05-06,0.015273215235836801,4,
KMB,2020-05-05,2020-05-08,0.01690539442681649,3,
CTRA,2020-05-18,2020-05-21,0.0006492181558492849,3,
DLR,2020-05-13,2020-05-21,-0.008465841840896271,6,
CAG,2020-05-22,2020-05-27,0.0152941543975873,2,
CTXS,2020-05-20,2020-05-27,-0.010673765527430934,4,
DG,2020-05-21,2020-05-27,0.006866501655575119,3,
ROL,2020-05-21,2020-05-27,0.00030742357300383993,3,
CPB,2020-05-21,2020-05-28,0.01789165645909474,4,
GILD,2020-05-20,2020-05-28,0.02788312330295062,5,
SJM,2020-05-21,2020-05-28,0.007910172826285367,4,
LLY,2020-05-21,2020-05-29,-0.011707523971047462,5,
BIIB,2020-05-22,2020-06-01,0.0032856096281002056,5,
FTNT,2020-05-27,2020-06-01,0.016616793658167373,3,
NFLX,2020-05-27,2020-06-01,0.018551560445979165,3,
RMD,2020-05-28,2020-06-01,0.03123226143310398,2,
VRTX,2020-05-27,2020-06-01,0.07742544220353142,3,
WMT,2020-05-28,2020-06-01,-0.004256675913929531,2,
WST,2020-05-28,2020-06-01,0.05478488530536496,2,
BMY,2020-05-22,2020-06-02,-0.013775724822434388,6,
NEM,2020-05-27,2020-06-02,0.06423257838549934,4,
AKAM,2020-06-08,2020-06-09,0.03592365267512765,1,
DXCM,2020-06-05,2020-06-09,0.09470595094208223,2,
TTWO,2020-06-05,2020-06-09,0.07536586772604603,2,
SBAC,2020-06-09,2020-06-10,0.024748167261068987,1,
VRTX,2020-06-08,2020-06-10,0.04226113780745511,2,
INCY,2020-06-05,2020-06-16,0.011712863777287863,7,
A,2020-06-12,2020-06-17,0.00972558047659322,3,
DGX,2020-06-11,2020-06-17,0.019485391055777512,4,
EL,2020-06-12,2020-06-17,0.019446470938858207,3,
IFF,2020-06-12,2020-06-17,0.003690413239573198,3,
ITW,2020-06-16,2020-06-17,-0.004270820509469031,1,
MXIM,2020-06-12,2020-06-17,0.028997964492845085,3,
SJM,2020-06-08,2020-06-17,0.00975419098746344,7,
WMT,2020-06-05,2020-06-17,-0.024063602883583224,8,
EXPD,2020-06-12,2020-06-18,-0.0062904795281740755,4,
LDOS,2020-06-12,2020-06-18,-0.03196914513629312,4,
ROL,2020-06-25,2020-06-26,0.01669022942439735,1,
FFIV,2020-06-26,2020-06-29,0.049642124509087227,1,
CL,2020-06-25,2020-06-30,0.0046451361390353885,3,
GIS,2020-06-25,2020-06-30,0.014224281736298305,3,
AMCR,2020-06-25,2020-07-01,0.012912386191754388,4,
CHTR,2020-06-25,2020-07-01,0.0030760181294966493,4,
DRE,2020-06-25,2020-07-01,0.028104146433612698,4,
ISRG,2020-06-25,2020-07-01,0.025430503349758382,4,
JNJ,2020-06-25,2020-07-01,-0.0011460751255262247,4,
KHC,2020-06-29,2020-07-01,0.027942067766768997,2,
NEE,2020-06-22,2020-07-01,-0.016483799197385296,7,
CTRA,2020-06-18,2020-07-02,-0.08122138915958832,10,
ABBV,2020-07-13,2020-07-15,0.03757479316577239,2,
CNC,2020-07-13,2020-07-15,0.04188235013277741,2,
DLR,2020-07-14,2020-07-15,0.03834363104335892,1,
TFX,2020-07-13,2020-07-15,0.01887670909520711,2,
EFX,2020-07-10,2020-07-16,0.020857020018747896,4,
INCY,2020-07-14,2020-07-16,0.03415720993953131,2,
AMT,2020-07-14,2020-07-20,0.013386962483601383,4,
CCI,2020-07-14,2020-07-20,0.05312972016386963,4,
PAYC,2020-07-14,2020-07-20,0.023886842002688757,4,
VRSN,2020-07-14,2020-07-20,0.0019094386977493993,4,
ADBE,2020-07-17,2020-07-21,0.06315702076416096,2,
AMZN,2020-07-20,2020-07-21,0.0752721571878825,1,
INTU,2020-07-15,2020-07-21,0.037467530844369934,4,
ORCL,2020-07-20,2020-07-22,0.012913829595803561,2,
ADI,2020-07-24,2020-07-28,0.03199106374478489,2,
ALXN,2020-07-24,2020-07-28,0.024863929174274046,2,
EBAY,2020-07-24,2020-07-28,0.0359122908183056,2,
MKTX,2020-07-24,2020-07-28,0.015872825682839986,2,
PRGO,2020-07-27,2020-07-28,0.019404430352906843,1,
AMGN,2020-07-27,2020-07-29,0.010512297309101415,2,
LLY,2020-07-27,2020-07-29,0.016323667380032658,2,
JBHT,2020-07-29,2020-07-30,-0.006558001456416496,1,
MCHP,2020-07-27,2020-07-30,-0.01464335630497704,3,
META,2020-07-27,2020-07-30,-0.00734461879492021,3,
CTXS,2020-07-29,2020-07-31,0.023934389946050683,2,
ALB,2020-07-29,2020-08-04,-0.019459152926753043,4,
DLTR,2020-08-03,2020-08-04,0.0045838121881947025,1,
FFIV,2020-07-29,2020-08-04,0.0024038910929582435,4,
JNJ,2020-07-28,2020-08-04,-0.0047739128705536205,5,
AMCR,2020-08-03,2020-08-05,0.0363866902328438,2,
LLY,2020-08-03,2020-08-05,0.02745869590059491,2,
SEE,2020-07-31,2020-08-05,0.032822551674549505,3,
WMT,2020-08-04,2020-08-05,0.004160122395286958,1,
BF-B,2020-08-06,2020-08-10,0.025658199573150853,2,
HSY,2020-08-06,2020-08-10,0.01531321123316931,2,
WAT,2020-08-05,2020-08-10,0.003618235343065157,3,
STE,2020-08-10,2020-08-12,0.03187315944841407,2,
ABBV,2020-08-03,2020-08-13,-0.002522249758066919,8,
BDX,2020-08-10,2020-08-13,-0.011920358537918063,3,
DVA,2020-08-05,2020-08-13,-0.0200413161187456,6,
GILD,2020-07-27,2020-08-13,-0.06845040480396913,13,
RMD,2020-08-07,2020-08-13,-0.006914604849069472,4,
AON,2020-08-06,2020-08-14,-0.016593544511969816,6,
BIO,2020-08-11,2020-08-14,0.004276765609056543,3,
TYL,2020-08-12,2020-08-14,0.0342587343044396,2,
WTW,2020-08-06,2020-08-14,-0.019492037283279307,6,
IPGP,2020-08-06,2020-08-18,-0.041698054300267406,8,
ANET,2020-08-13,2020-08-19,0.028771630794568015,4,
ORCL,2020-08-13,2020-08-19,0.02891769677884759,4,
FFIV,2020-08-18,2020-08-24,0.0077551233978045975,4,
HSIC,2020-08-20,2020-08-24,0.02101864892344074,2,
RSG,2020-08-19,2020-08-24,0.008058013721890855,3,
APTV,2020-08-20,2020-08-25,0.019571447610655213,3,
DIS,2020-08-20,2020-08-25,0.029720820848100127,3,
EMN,2020-08-24,2020-08-25,0.027609708664820154,1,
JNPR,2020-08-14,2020-08-25,-0.04381597451702213,7,
XLNX,2020-08-20,2020-08-25,0.004765787203661942,3,
DGX,2020-08-20,2020-08-26,0.002154383797608128,4,
STE,2020-08-25,2020-08-26,-0.003429571664275044,1,
VRSK,2020-08-25,2020-08-26,-0.008211430116111806,1,
IQV,2020-08-25,2020-08-27,0.007478852225466515,2,
MRSH,2020-08-25,2020-08-27,0.006454411034915397,2,
J,2020-08-24,2020-08-28,0.0010255275139345876,4,
NWL,2020-08-19,2020-08-28,-0.025201339710203663,7,
LRCX,2020-08-28,2020-08-31,0.015156725639272839,1,
VAR,2020-08-24,2020-08-31,8.177061722669521e-05,5,
AZO,2020-08-31,2020-09-01,0.006120752347749114,1,
CLX,2020-08-26,2020-09-01,0.021166815525107463,4,
PCAR,2020-08-26,2020-09-02,0.009249391266850093,5,
PHM,2020-09-01,2020-09-02,0.03744699455704903,1,
ARE,2020-09-02,2020-09-03,0.02659686775550929,1,
AWK,2020-08-27,2020-09-03,0.01741615036668054,5,
DGX,2020-08-28,2020-09-03,0.005969329857224537,4,
HOLX,2020-09-02,2020-09-03,0.025682335818493218,1,
HRL,2020-08-27,2020-09-03,0.0020962218461153537,5,
LH,2020-08-20,2020-09-03,-0.026998883052046674,10,
LLY,2020-08-31,2020-09-03,0.03078330655616135,3,
VMC,2020-08-25,2020-09-03,0.0022250705822528527,7,
SW,2020-09-08,2020-09-09,-0.025188452126688854,1,
CTRA,2020-08-27,2020-09-10,-0.00784359410557478,9,
TGT,2020-09-04,2020-09-10,0.004193186616485267,3,
ATVI,2020-09-04,2020-09-11,0.007212383065733352,4,
DPZ,2020-09-01,2020-09-11,-0.019224282140045235,7,
FAST,2020-09-09,2020-09-15,0.0009293745050389379,4,
ICE,2020-09-08,2020-09-15,0.013688728735558708,5,
KHC,2020-09-10,2020-09-15,0.03146861176116933,3,
KLAC,2020-09-10,2020-09-15,0.02039643805029634,3,
TTWO,2020-09-08,2020-09-15,0.000988513757864684,5,
EA,2020-09-08,2020-09-16,0.009981780341109081,6,
MSCI,2020-09-08,2020-09-16,0.028078421788858776,6,
NFLX,2020-09-11,2020-09-16,0.02569640137560225,3,
TSCO,2020-09-09,2020-09-16,0.018025412745611424,5,
BKNG,2020-09-11,2020-09-17,-0.018689014695458805,4,
IRM,2020-09-15,2020-09-17,0.0017875438265602117,2,
KR,2020-09-15,2020-09-21,0.0013478382105318598,4,
EBAY,2020-09-18,2020-09-22,0.031404501422226616,2,
CHD,2020-09-21,2020-09-23,0.018583928095877056,2,
ISRG,2020-09-21,2020-09-25,0.008103641616052037,4,
SJM,2020-09-17,2020-09-25,0.002069245557140942,6,
EFX,2020-09-21,2020-09-28,0.027863582819980692,5,
MKC,2020-09-18,2020-09-28,0.010034905012612949,6,
TFX,2020-09-17,2020-09-28,-0.04082180508450772,7,
AZO,2020-09-23,2020-09-29,-0.022103448624275934,4,
BF-B,2020-09-18,2020-09-29,-0.020143512647781026,7,
BWA,2020-09-25,2020-09-29,0.0321635180310933,2,
DOW,2020-09-28,2020-09-29,0.013669546425490342,1,
EW,2020-09-25,2020-09-29,0.05396970271013801,2,
GM,2020-09-28,2020-09-29,-0.020405122826419264,1,
GRMN,2020-09-21,2020-09-29,-0.000534049074551346,6,
LKQ,2020-09-22,2020-09-29,-0.0385686769614485,5,
MO,2020-09-18,2020-09-29,-0.049359211931097824,7,
AKAM,2020-10-05,2020-10-08,0.007422276720879584,3,
CHD,2020-10-07,2020-10-09,0.008700010812027203,2,
EBAY,2020-10-07,2020-10-09,0.03511861225605584,2,
MGM,2020-10-07,2020-10-09,0.01896846200369673,2,
ZTS,2020-10-08,2020-10-09,0.01063651436155122,1,
SBAC,2020-10-15,2020-10-19,0.02198473752555019,2,
ALB,2020-10-19,2020-10-22,0.02195239488888645,3,
BF-B,2020-10-20,2020-10-23,0.00906132335397003,3,
FIS,2020-10-20,2020-10-23,0.028138663710464806,3,
MAA,2020-10-19,2020-10-23,-0.00739666046805032,4,
SJM,2020-10-20,2020-10-23,0.0010182038390178505,3,
TJX,2020-10-19,2020-10-23,-0.012154923724433608,4,
VTR,2020-10-20,2020-10-23,0.03489407664459243,3,
CDNS,2020-10-23,2020-10-26,0.0019075419993934695,1,
CHRW,2020-10-19,2020-10-26,-0.0014007779597414727,5,
VZ,2020-10-19,2020-10-26,-0.01281042346359007,5,
KR,2020-10-23,2020-10-27,0.006010603932465219,2,
SW,2020-10-26,2020-10-27,-0.07038460187602336,1,
NFLX,2020-10-22,2020-10-28,-0.018803189435180223,4,
AMAT,2020-10-27,2020-10-30,-0.019360317249573322,3,
CHTR,2020-10-23,2020-11-02,0.0013613300139891926,6,
AMCR,2020-10-26,2020-11-03,0.012759940082974541,6,
MCO,2020-10-28,2020-11-03,0.028232968259027214,4,
MDLZ,2020-10-26,2020-11-03,-0.03984959258740883,6,
PEP,2020-10-27,2020-11-03,-0.016042282692828258,5,
SPGI,2020-11-02,2020-11-03,0.008329172634996773,1,
STZ,2020-10-23,2020-11-03,-0.001942587899161241,7,
TSCO,2020-10-23,2020-11-03,-0.021424512168786825,7,
EQIX,2020-10-23,2020-11-04,-0.025921860131704166,8,
ICE,2020-10-20,2020-11-04,-0.016220626186925324,11,
MCD,2020-11-03,2020-11-04,-0.0047291933057186375,1,
CMG,2020-11-03,2020-11-05,0.09068879694687815,2,
EA,2020-10-30,2020-11-05,0.04579638590533808,4,
TTWO,2020-11-03,2020-11-05,0.07743985833240008,2,
WAT,2020-11-04,2020-11-09,0.05058617242905439,3,
EXR,2020-11-10,2020-11-11,0.08331566998871875,1,
CAG,2020-11-10,2020-11-12,0.03614038873961345,2,
HBI,2020-11-06,2020-11-12,-0.028144063796021745,4,
KHC,2020-11-11,2020-11-12,0.01621844455777799,1,
MKC,2020-11-10,2020-11-12,0.04907295865278427,2,
APD,2020-11-13,2020-11-19,-0.006764040669032467,4,
NDAQ,2020-11-19,2020-11-20,0.006767627836430368,1,
A,2020-11-19,2020-11-23,0.04157229084964631,2,
ALGN,2020-11-13,2020-11-24,0.057649618054598006,7,
AAP,2020-11-20,2020-11-25,0.02898649337048753,3,
AEP,2020-11-18,2020-11-25,-0.0266992789459376,5,
AZO,2020-11-18,2020-11-25,0.014602940168725764,5,
CI,2020-11-19,2020-11-25,0.0041725112340527115,4,
ELV,2020-11-23,2020-11-25,0.021906026472654494,2,
LNT,2020-11-19,2020-11-25,-0.005349507022636146,4,
CHD,2020-11-25,2020-11-27,0.017178442370104685,1,
TMO,2020-11-19,2020-11-27,-0.013849684611805357,5,
CNC,2020-11-19,2020-11-30,-0.03626481929289116,6,
BIO,2020-11-25,2020-12-01,0.037714019893318795,3,
DHR,2020-11-27,2020-12-01,0.03372337754288446,2,
JNJ,2020-11-27,2020-12-01,0.01036474454850822,2,
NEM,2020-11-19,2020-12-01,-0.022953404858297888,7,
SW,2020-11-30,2020-12-01,-0.0019980019980018193,1,
CTLT,2020-11-25,2020-12-02,0.006206483230092097,4,
EQIX,2020-11-24,2020-12-02,-0.008907746719176823,5,
PGR,2020-11-25,2020-12-02,0.011496075206978595,4,
XEL,2020-11-25,2020-12-02,-0.0019980019980019303,4,
TRV,2020-12-01,2020-12-03,0.00734112720743596,2,
AIZ,2020-12-01,2020-12-04,0.009471497520947336,3,
DOC,2020-12-01,2020-12-04,0.03246292950307672,3,
PHM,2020-12-03,2020-12-04,0.03820135528965363,1,
AME,2020-12-03,2020-12-07,0.02055481482754762,2,
DVA,2020-12-04,2020-12-07,0.028284319473037778,1,
NVR,2020-12-01,2020-12-07,-0.008660475116306965,4,
CRM,2020-12-03,2020-12-08,0.00921299427650868,3,
DHI,2020-12-03,2020-12-08,0.05194416635979704,3,
FBIN,2020-12-03,2020-12-08,0.025038753054255736,3,
WHR,2020-12-03,2020-12-08,0.004753272031213562,3,
WMT,2020-12-08,2020-12-09,0.015881534714544898,1,
BBY,2020-12-04,2020-12-10,-0.04704668146349933,4,
CMI,2020-12-07,2020-12-10,0.011792540608694724,3,
ETN,2020-12-04,2020-12-10,-0.00037652775446639364,4,
HD,2020-12-07,2020-12-10,0.00019868778543430388,3,
LUMN,2020-12-08,2020-12-10,0.032070354458232364,2,
TGT,2020-12-08,2020-12-10,0.0043081923384018506,2,
WU,2020-12-07,2020-12-10,0.016893072322420544,3,
ALXN,2020-12-08,2020-12-14,0.3188512168104005,4,
RSG,2020-11-25,2020-12-14,-0.03021263461359114,12,
PSA,2020-12-10,2020-12-15,0.030921912457203105,3,
WST,2020-12-10,2020-12-15,0.01750229172575124,3,
BMY,2020-12-11,2020-12-16,0.03389893886954076,3,
DG,2020-12-10,2020-12-16,-0.004344127767920591,4,
NWS,2020-12-14,2020-12-16,-0.00531737491309725,2,
SCHW,2020-12-14,2020-12-16,0.01127176038421318,2,
WM,2020-12-11,2020-12-16,0.013819844408288207,3,
RF,2020-12-15,2020-12-17,0.018888874103461184,2,
BRK-B,2020-12-15,2020-12-18,-0.002175596658162915,3,
NWL,2020-12-16,2020-12-21,-0.009954163922532455,3,
FOX,2020-12-16,2020-12-24,-0.02000866170370741,6,
URI,2020-12-18,2020-12-24,0.0066867519018656285,4,
BXP,2020-12-24,2020-12-28,0.006140234861222504,1,
COST,2020-12-24,2020-12-28,0.009296163840450955,1,
GOOG,2020-12-10,2020-12-28,-0.012241354242659375,11,
GOOGL,2020-12-10,2020-12-28,-0.012014243842316086,11,
SNA,2020-12-16,2020-12-28,-0.027895756254930903,7,
RCL,2020-12-16,2020-12-29,-0.0019980019980021524,8,
SBUX,2020-12-28,2020-12-29,0.01710484671270951,1,
EBAY,2020-12-28,2020-12-30,0.008278463265564362,2,
ETR,2020-12-09,2020-12-30,-0.0879887191290446,14,
AMAT,2020-12-21,2020-12-31,0.02874976066039303,7,
BKR,2020-12-29,2020-12-31,0.001312890610106976,2,
NUE,2020-12-28,2020-12-31,0.012516571837770218,3,
NVDA,2020-12-29,2020-12-31,0.01433295250674571,2,
XLNX,2020-12-28,2020-12-31,-0.015712910077152142,3,
DGX,2020-12-30,2021-01-04,0.00554358769586516,2,
JBHT,2020-12-31,2021-01-04,0.004045522834082549,1,
STX,2020-12-30,2021-01-04,0.03213590970806757,2,
WBA,2020-12-17,2021-01-04,-0.01811562427286162,10,
WMB,2020-12-31,2021-01-05,0.015537192714368597,2,
LKQ,2021-01-05,2021-01-06,0.022091706306127,1,
PFE,2020-12-16,2021-01-06,-0.03728614143496922,13,
TSCO,2021-01-04,2021-01-07,0.03185896306222524,3,
WYNN,2021-01-05,2021-01-07,0.05565848773648874,2,
BA,2021-01-05,2021-01-08,0.041238652352467264,3,
CMG,2020-12-31,2021-01-08,0.0029556357844973125,5,
DHI,2021-01-06,2021-01-08,0.06012907046971283,2,
LEN,2021-01-07,2021-01-08,0.029198031958367343,1,
NVR,2021-01-07,2021-01-08,0.008789701144955808,1,
PAYX,2020-12-31,2021-01-08,-0.0109724706691825,5,
PHM,2021-01-05,2021-01-08,0.04648206148684997,3,
UPS,2020-12-31,2021-01-12,-0.02844543398635324,7,
FDX,2020-12-29,2021-01-13,-0.05285278402829219,10,
IRM,2021-01-12,2021-01-14,0.017962018926660495,2,
VZ,2021-01-14,2021-01-19,0.007650448404088905,2,
KHC,2021-01-06,2021-01-20,-0.04228531498896382,9,
TYL,2021-01-14,2021-01-20,0.0031984353666401066,3,
WY,2021-01-14,2021-01-20,0.005371910452265816,3,
CTAS,2021-01-15,2021-01-21,0.020873754117009424,3,
DIS,2021-01-19,2021-01-21,0.004612815132974291,2,
MCO,2021-01-12,2021-01-21,-0.011029457279192467,6,
TWTR,2021-01-08,2021-01-21,-0.0926736121021835,8,
VRSK,2021-01-13,2021-01-21,-0.020707699579148975,5,
KO,2021-01-08,2021-01-22,-0.02633459760981205,9,
VFC,2021-01-20,2021-01-22,0.01181432810584071,2,
DG,2021-01-21,2021-01-26,0.005134748913943277,3,
MDLZ,2021-01-22,2021-01-26,0.010817454765625012,2,
PG,2021-01-20,2021-01-26,0.0019004979138157463,4,
XRX,2021-01-21,2021-01-27,-0.03143482706188094,4,
CARR,2021-01-26,2021-01-29,-0.02766017771579432,3,
CL,2021-01-21,2021-01-29,-0.012324123146333799,6,
ICE,2021-01-22,2021-01-29,-0.010512007283497993,5,
MAR,2021-01-26,2021-01-29,-0.00722095042790849,3,
ROST,2021-01-20,2021-01-29,-0.021402150254324348,7,
CE,2021-01-26,2021-02-02,-0.04495176638400822,5,
FMC,2021-01-21,2021-02-02,-0.04537443372739569,8,
GPN,2021-01-14,2021-02-02,-0.07291340263821366,12,
HWM,2021-01-27,2021-02-02,0.04464913209790189,4,
TEL,2021-01-29,2021-02-02,0.05877400063834659,2,
DOV,2021-01-29,2021-02-03,0.009735237587325196,3,
EW,2021-02-02,2021-02-03,0.013660274236571013,1,
NUE,2021-01-29,2021-02-03,0.022033470716113612,3,
SYK,2021-01-29,2021-02-03,0.01839781477520508,3,
USB,2021-01-21,2021-02-03,-0.038694077979699926,9,
BBY,2021-02-02,2021-02-04,0.04136125635752963,2,
EG,2021-01-29,2021-02-04,-0.0013965931599454473,4,
KMI,2021-02-02,2021-02-04,-0.004087310693338564,2,
PSX,2021-02-02,2021-02-04,0.03263471311268651,2,
LDOS,2021-02-02,2021-02-05,0.008659147122204391,3,
LLY,2021-02-04,2021-02-05,0.022392970175208804,1,
KHC,2021-02-05,2021-02-08,0.015668289381558953,1,
PNR,2021-02-04,2021-02-08,0.024970086904095412,2,
DVA,2021-02-08,2021-02-10,0.02015551159173068,2,
PFE,2021-02-03,2021-02-10,-0.0017128249649025484,5,
AMGN,2021-02-04,2021-02-11,0.015465029138023834,5,
ES,2021-02-09,2021-02-11,0.01183732960518058,2,
CME,2021-02-12,2021-02-17,0.03380474681810086,2,
ICE,2021-02-11,2021-02-17,-0.003775835434432828,3,
EXC,2021-02-16,2021-02-19,-0.005312836118830044,3,
MKTX,2021-02-12,2021-02-19,-0.00037582298627503175,4,
PAYX,2021-02-17,2021-02-19,0.026063771141557668,2,
TDG,2021-02-12,2021-02-19,0.011851723490700738,4,
TMUS,2021-02-17,2021-02-19,0.007909139768600193,2,
NWL,2021-02-16,2021-02-22,-0.0019980019980020414,4,
TAP,2021-02-12,2021-02-23,0.01819541819704762,6,
XRAY,2021-02-19,2021-02-23,0.018169460568411955,2,
PHM,2021-02-19,2021-02-24,-0.004177012448492223,3,
DD,2021-02-11,2021-02-25,0.003152758790629262,9,
NRG,2021-02-19,2021-02-25,-0.011807671597555136,4,
POOL,2021-02-12,2021-02-25,-0.017520817263963373,8,
WAB,2021-02-19,2021-02-25,0.02963661374480342,4,
AAPL,2021-02-19,2021-03-02,-0.01602092434681701,7,
ATVI,2021-02-25,2021-03-02,0.035589358186924214,3,
CERN,2021-02-12,2021-03-02,-0.07126330623019317,11,
EBAY,2021-02-25,2021-03-02,-0.011644869690345283,3,
NEE,2021-02-23,2021-03-02,0.025042213746571118,5,
TSLA,2021-02-24,2021-03-02,0.007016720368635321,4,
HSY,2021-03-02,2021-03-05,0.008938038355426059,3,
SW,2021-02-25,2021-03-05,0.016452791112741227,6,
ALXN,2021-03-03,2021-03-08,-0.00830858438685933,3,
JNJ,2021-03-05,2021-03-09,0.016862821157994867,2,
LUV,2021-03-05,2021-03-09,0.0654680223930788,2,
AWK,2021-02-23,2021-03-10,-0.09857455218069477,11,
ILMN,2021-03-05,2021-03-10,0.011945821994118644,3,
IPGP,2021-03-09,2021-03-10,0.027641220019483992,1,
PLD,2021-02-25,2021-03-10,-0.04507789338622348,9,
ROL,2021-02-22,2021-03-10,-0.07719765896665487,12,
ABMD,2021-03-05,2021-03-11,0.012845805122365217,4,
ZBH,2021-03-05,2021-03-11,0.012914510126747825,4,
ALGN,2021-03-04,2021-03-12,0.026491861864886612,6,
TER,2021-03-09,2021-03-12,0.01658862954034568,3,
TTWO,2021-03-08,2021-03-12,-0.00809692914654514,4,
INTU,2021-03-19,2021-03-24,0.02485540462715541,3,
COP,2021-03-19,2021-03-25,-0.025033130157207983,4,
CTAS,2021-03-19,2021-03-25,-0.004964361499725567,4,
EOG,2021-03-17,2021-03-25,-0.0066118277931567215,6,
ICE,2021-03-19,2021-03-25,0.00946503920078201,4,
MA,2021-03-19,2021-03-25,-0.020573692415854716,4,
MPC,2021-03-19,2021-03-25,-0.015352398786907306,4,
SYK,2021-03-19,2021-03-25,0.016218448392105067,4,
ADM,2021-03-24,2021-03-26,0.02360550197865341,2,
AES,2021-03-19,2021-03-26,0.004141181623380286,5,
CZR,2021-03-25,2021-03-26,0.09450664144695486,1,
DRI,2021-03-25,2021-03-26,0.041201209940310735,1,
LEG,2021-03-25,2021-03-26,0.06403280785148935,1,
ROST,2021-03-25,2021-03-26,0.049271596857495714,1,
VLO,2021-03-19,2021-03-26,-0.0022677534276511757,5,
FCX,2021-03-26,2021-03-29,-0.003824655005372546,1,
LKQ,2021-03-25,2021-03-29,0.03519921296262196,2,
NOV,2021-03-26,2021-03-29,-0.0019980019980019303,1,
PCAR,2021-03-25,2021-03-29,0.027387250097800075,2,
NKE,2021-03-26,2021-03-30,0.003689699094600929,2,
TWTR,2021-03-25,2021-03-30,0.03281602118811411,3,
DISCK,2021-03-26,2021-04-05,-0.27716807744087557,5,
CMCSA,2021-04-01,2021-04-06,-0.0018295179058518407,2,
ILMN,2021-03-31,2021-04-06,0.13478236119244857,3,
FOX,2021-04-01,2021-04-07,0.02268251718189318,3,
FOXA,2021-03-29,2021-04-07,-0.012044143063482782,6,
SW,2021-04-01,2021-04-08,0.0877761065830267,4,
PNR,2021-04-09,2021-04-12,0.014961523797440979,1,
CAG,2021-04-12,2021-04-13,0.029832688114677097,1,
DOW,2021-04-12,2021-04-13,-0.002154894216652825,1,
AEE,2021-04-12,2021-04-14,0.009233482691191064,2,
CPB,2021-04-09,2021-04-14,0.0021047184065150493,3,
TAP,2021-04-12,2021-04-14,0.02956173085067082,2,
WEC,2021-04-12,2021-04-14,0.0041207548786883486,2,
BKR,2021-04-12,2021-04-15,-0.003470739102085063,3,
HAL,2021-04-14,2021-04-15,0.0389115473890671,1,
OXY,2021-04-13,2021-04-15,0.046312399744573796,2,
PSX,2021-04-09,2021-04-15,0.0044842085560434786,4,
SLB,2021-04-14,2021-04-15,0.034106367678906624,1,
HSY,2021-04-15,2021-04-16,-7.639837780148984e-05,1,
CTXS,2021-04-14,2021-04-19,0.004679277556975503,3,
JNJ,2021-04-12,2021-04-19,0.006737403700460609,5,
LYV,2021-04-15,2021-04-20,-0.021332082937298713,3,
DISCK,2021-04-15,2021-04-22,-0.015401076967396454,5,
NXPI,2021-04-14,2021-04-22,-0.001799549670094991,6,
PSKY,2021-03-26,2021-04-22,-0.3586983358846476,18,
WBA,2021-04-19,2021-04-22,0.00978721372348379,3,
WDC,2021-04-15,2021-04-22,-0.0037184309954760852,5,
WYNN,2021-04-19,2021-04-22,-0.017452556845929057,3,
TTWO,2021-04-22,2021-04-23,0.009206029158819184,1,
AAL,2021-04-13,2021-04-26,-0.0316950785234964,9,
DAL,2021-04-16,2021-04-26,-0.012615044529938113,6,
META,2021-04-15,2021-04-26,-0.011771476013140436,7,
ATVI,2021-04-22,2021-04-27,0.010945003549505339,3,
CTSH,2021-04-26,2021-04-27,0.007766493963687449,1,
HAL,2021-04-22,2021-04-27,0.0047347130565726925,3,
PENN,2021-04-20,2021-04-27,0.03008571426339368,5,
AON,2021-04-27,2021-04-28,0.011714730064780854,1,
FDX,2021-04-22,2021-04-28,0.031541018030203594,4,
WTW,2021-04-26,2021-04-28,0.006880723220752172,2,
CMG,2021-04-26,2021-04-29,-0.00016954214976239168,3,
EIX,2021-04-26,2021-04-30,-0.0040223288081436825,4,
LDOS,2021-04-27,2021-04-30,0.004485708022925694,3,
LMT,2021-04-23,2021-04-30,-0.0012862833110597327,5,
NOC,2021-04-27,2021-04-30,0.04663154871402364,3,
SRE,2021-04-28,2021-04-30,0.0059652688430213985,2,
VZ,2021-04-27,2021-04-30,0.011583796576867034,3,
SW,2021-04-28,2021-05-03,0.01768851508092073,3,
LOW,2021-04-29,2021-05-04,0.005032671486643547,3,
NEM,2021-04-30,2021-05-04,0.03516160704190252,2,
BMY,2021-04-30,2021-05-05,0.028585954760610877,3,
RVTY,2021-04-30,2021-05-06,0.039036757846867554,4,
TMO,2021-04-30,2021-05-06,0.005656356893244174,4,
FOXA,2021-05-04,2021-05-07,0.013684549847849059,3,
MSFT,2021-05-06,2021-05-07,0.02108419890843849,1,
ABT,2021-05-05,2021-05-10,0.009862750715800006,3,
BIO,2021-05-04,2021-05-10,0.010314461161081923,4,
EXPE,2021-05-07,2021-05-10,-0.012692533479936818,1,
INTU,2021-05-06,2021-05-10,0.022057657480553328,2,
PTC,2021-04-30,2021-05-10,-0.021797654428137636,6,
NRG,2021-04-23,2021-05-11,-0.048934574943031994,12,
ADBE,2021-05-07,2021-05-12,-0.0398456131792303,3,
EG,2021-05-12,2021-05-14,0.011677878856999557,2,
AES,2021-04-28,2021-05-17,-0.09161126769994554,13,
KMX,2021-05-11,2021-05-17,-0.01696528657052354,4,
QRVO,2021-05-11,2021-05-17,0.022762066346165177,4,
SBAC,2021-05-10,2021-05-17,-0.01903864065806793,5,
TDY,2021-05-14,2021-05-17,0.02239182161048081,1,
TWTR,2021-05-03,2021-05-17,-0.061137529617356745,10,
TYL,2021-04-30,2021-05-17,-0.07510078741716741,11,
ZBH,2021-05-12,2021-05-17,0.002568900390017559,3,
CPAY,2021-05-11,2021-05-18,-0.03189499619029146,5,
CTSH,2021-05-10,2021-05-19,-0.0684292602186668,7,
EA,2021-05-18,2021-05-20,0.016972103710142017,2,
DIS,2021-05-18,2021-05-21,0.00949084259055022,3,
MSCI,2021-05-20,2021-05-21,0.014983734401263993,1,
T,2021-05-19,2021-05-24,0.03235663504909736,3,
TAP,2021-05-19,2021-05-24,0.03532066710232318,3,
CTVA,2021-05-21,2021-05-25,0.007834499347139756,2,
DE,2021-05-21,2021-05-26,0.0032458456635751087,3,
MAS,2021-05-24,2021-05-26,-0.002325116004218808,2,
STE,2021-05-20,2021-05-26,0.006355878220606792,4,
WHR,2021-05-25,2021-05-27,0.012464561585771694,2,
AMCR,2021-05-21,2021-05-28,-0.004646605623859101,5,
EG,2021-05-24,2021-05-28,-0.010730297680779821,4,
JBHT,2021-05-21,2021-05-28,0.005927720202034692,5,
PGR,2021-05-20,2021-05-28,0.0034363229245528704,6,
ORLY,2021-05-20,2021-06-01,-0.011459131258207855,7,
WRB,2021-05-26,2021-06-01,0.014011291772161538,3,
LNT,2021-05-28,2021-06-03,0.0020254862712545396,3,
PFE,2021-05-28,2021-06-03,-0.0017404963240198468,3,
SJM,2021-05-28,2021-06-03,0.027080921704984995,3,
WBA,2021-05-27,2021-06-03,0.02721460670571063,4,
DVA,2021-06-03,2021-06-04,0.01793019638690918,1,
HSIC,2021-05-26,2021-06-04,0.01643997595800073,6,
MCK,2021-06-03,2021-06-04,0.01412326861505564,1,
PG,2021-06-01,2021-06-04,-0.0026594389923940698,3,
ABBV,2021-05-28,2021-06-07,-0.007457844668595226,5,
HPQ,2021-06-01,2021-06-07,0.03426855609765478,4,
KLAC,2021-06-04,2021-06-07,0.010822359368601875,1,
VRSN,2021-06-04,2021-06-07,0.002999785857953574,1,
AZO,2021-05-26,2021-06-09,-0.017804084806295806,9,
YUM,2021-06-04,2021-06-09,-0.004837475006606029,3,
BMY,2021-06-03,2021-06-10,0.014720533209537034,5,
AON,2021-06-09,2021-06-11,0.017432503285239154,2,
ZBH,2021-06-09,2021-06-11,0.006860746534976148,2,
COO,2021-06-07,2021-06-14,-0.015441815215577193,5,
HD,2021-06-07,2021-06-14,-0.009023030432222079,5,
FDX,2021-06-07,2021-06-16,-0.016918632814005075,7,
HUM,2021-05-20,2021-06-16,-0.04253977146141552,18,
CMA,2021-06-11,2021-06-17,0.022257615179240187,4,
CNC,2021-06-07,2021-06-17,0.007179718557700943,8,
HBAN,2021-06-14,2021-06-17,0.0056831872771891945,3,
RF,2021-06-11,2021-06-17,0.0073335158472997986,4,
TFC,2021-06-10,2021-06-17,-0.01785534665645927,5,
CI,2021-06-03,2021-06-22,-0.06851456335653128,13,
LUV,2021-06-04,2021-06-22,-0.04522661753360635,12,
SWK,2021-06-17,2021-06-22,-0.002299652795743845,3,
SNA,2021-06-16,2021-06-23,-0.04772555116279675,5,
C,2021-06-14,2021-06-24,-0.08380783464720731,8,
JPM,2021-06-16,2021-06-24,-0.020122368670870472,6,
ADM,2021-06-17,2021-06-25,-0.033434863066397424,6,
HON,2021-06-17,2021-06-25,-0.008053398990260141,6,
STX,2021-06-22,2021-06-25,0.00864512280376939,3,
TAP,2021-06-17,2021-06-25,-0.05100628638799665,6,
WDC,2021-06-22,2021-06-25,0.01867843821127302,3,
SW,2021-06-22,2021-06-28,0.026176842709610293,4,
DD,2021-06-17,2021-06-29,-0.033481139570917584,8,
DLR,2021-06-25,2021-06-29,0.011824385034083562,2,
EA,2021-06-24,2021-06-29,0.03127833482914344,3,
EQIX,2021-06-25,2021-06-29,0.01313469728693728,2,
BIIB,2021-06-25,2021-07-01,-0.00964041067368615,4,
ALK,2021-06-29,2021-07-02,0.004843176533627869,3,
DAL,2021-06-29,2021-07-02,0.023300191725374786,3,
HLT,2021-06-29,2021-07-02,0.02882795960162987,3,
HST,2021-06-29,2021-07-02,0.015593057340009375,3,
LUV,2021-06-29,2021-07-02,0.0172233445353962,3,
MAR,2021-06-29,2021-07-02,0.025520435446906298,3,
UAL,2021-06-29,2021-07-02,0.007667386253851882,3,
WYNN,2021-06-29,2021-07-02,0.016402559076202028,3,
IRM,2021-06-30,2021-07-06,0.006023767215326936,3,
AVY,2021-07-07,2021-07-08,0.0006682638861987833,1,
VMC,2021-07-06,2021-07-08,0.008183335851253304,2,
ADM,2021-07-07,2021-07-12,0.021643357665396712,3,
CVS,2021-07-02,2021-07-12,-0.01742481242755911,5,
EMN,2021-07-07,2021-07-12,0.016216983286215347,3,
GM,2021-07-07,2021-07-12,0.019236104255687003,3,
KR,2021-07-02,2021-07-12,-0.0027805122695468976,5,
PWR,2021-07-07,2021-07-12,0.029096323094038645,3,
TAP,2021-07-01,2021-07-12,-0.02513846760797145,6,
TER,2021-07-08,2021-07-12,0.0452574896691611,2,
SW,2021-07-12,2021-07-13,-0.0025280806438685577,1,
WYNN,2021-07-07,2021-07-13,-0.043905933449928214,4,
ABMD,2021-07-15,2021-07-19,0.01596032578327522,2,
BDX,2021-07-15,2021-07-19,0.010459712920793729,2,
CHTR,2021-07-15,2021-07-19,0.005408634483076158,2,
ETSY,2021-07-15,2021-07-20,0.05061459025560744,3,
BSX,2021-07-20,2021-07-21,0.0431680842572304,1,
HPQ,2021-07-14,2021-07-21,-0.0019980019980019303,5,
NVR,2021-07-14,2021-07-21,0.011517172682699028,5,
CCL,2021-07-08,2021-07-22,-0.018386935951638872,10,
COP,2021-07-19,2021-07-22,0.06505847010842136,3,
POOL,2021-07-21,2021-07-22,-0.01376703797683232,1,
PSX,2021-07-19,2021-07-22,0.015744238823920398,3,
PXD,2021-07-15,2021-07-22,-0.030993374011180852,5,
SLB,2021-07-19,2021-07-22,0.06609031449805935,3,
SYK,2021-07-16,2021-07-22,0.0039753041725714144,4,
DPZ,2021-07-22,2021-07-23,0.11529537525010003,1,
PPG,2021-07-21,2021-07-26,0.030896299752273704,3,
SEE,2021-07-14,2021-07-26,-0.03259753462396631,8,
SW,2021-07-22,2021-07-26,0.04135414855466757,2,
OMC,2021-07-21,2021-07-27,-0.011391211982060834,4,
IEX,2021-07-29,2021-08-02,0.029416681134252665,2,
CNC,2021-07-29,2021-08-03,0.0028493840666867776,3,
AMGN,2021-08-03,2021-08-04,-0.011905063887492684,1,
CCI,2021-07-23,2021-08-04,0.009006549169108924,8,
FDX,2021-07-28,2021-08-04,-0.019134094869395768,5,
UPS,2021-07-28,2021-08-04,-0.013098840323495398,5,
AMZN,2021-08-02,2021-08-06,0.0045202253977403295,4,
DIS,2021-08-04,2021-08-06,0.026524563454548566,2,
FOXA,2021-08-04,2021-08-06,0.06941081135311244,2,
PYPL,2021-08-02,2021-08-06,0.009229642576525476,4,
WRB,2021-07-29,2021-08-06,-0.003627391397814761,6,
GNRC,2021-07-30,2021-08-09,-0.010648838648428138,6,
MNST,2021-08-06,2021-08-09,0.03367526738943205,1,
VNO,2021-08-04,2021-08-09,0.012269630372917728,3,
EBAY,2021-08-09,2021-08-11,0.020469998538447998,2,
EFX,2021-08-10,2021-08-11,0.017208660815625,1,
GEN,2021-07-29,2021-08-11,0.017914248985050563,9,
AMT,2021-08-10,2021-08-13,-0.005968015896661849,3,
DRI,2021-08-10,2021-08-13,0.026825160399167824,3,
EXPD,2021-08-10,2021-08-16,0.0007575984596974727,4,
SBUX,2021-08-04,2021-08-16,-0.018644637270432085,8,
UHS,2021-08-11,2021-08-16,0.007819604105569367,3,
CNC,2021-08-10,2021-08-17,-0.04059139771000331,5,
HUM,2021-07-29,2021-08-17,-0.07264843422725897,13,
ROP,2021-08-11,2021-08-17,0.006180305839953659,4,
XRAY,2021-08-06,2021-08-17,0.005160315904342294,7,
DPZ,2021-08-11,2021-08-18,0.012451833880405605,5,
ANET,2021-08-16,2021-08-20,0.008047902584408684,4,
ENPH,2021-08-17,2021-08-23,0.013980624336597636,4,
ICE,2021-08-16,2021-08-23,0.008887081827669396,5,
PTC,2021-08-17,2021-08-23,-0.004699523903470726,4,
SWKS,2021-08-18,2021-08-23,0.011603185748523481,3,
AMAT,2021-08-13,2021-08-24,0.018637508003622738,7,
CBRE,2021-08-17,2021-08-24,-0.007325793792685165,5,
FFIV,2021-08-16,2021-08-24,-0.00268553112775749,6,
LRCX,2021-08-13,2021-08-24,0.0042817632339078315,7,
TWTR,2021-08-17,2021-08-24,0.021636399596614453,5,
XOM,2021-08-23,2021-08-24,0.022790187264163153,1,
AXP,2021-08-20,2021-08-25,0.017038477193011214,3,
DE,2021-08-23,2021-08-25,0.03984962193837571,2,
F,2021-08-23,2021-08-25,0.03019559876279354,2,
FTV,2021-08-24,2021-08-25,0.004809639619769879,1,
PPG,2021-08-23,2021-08-25,0.0074463147768193405,2,
DPZ,2021-08-25,2021-08-26,0.017823823122735893,1,
VTR,2021-08-24,2021-08-26,0.019897664859005015,2,
AEE,2021-08-25,2021-08-30,0.011086779008574021,3,
PAYX,2021-08-27,2021-08-30,0.006617619365550276,1,
HSIC,2021-08-27,2021-08-31,0.008760718577552673,2,
MDLZ,2021-08-27,2021-08-31,0.011646559351976116,2,
K,2021-08-26,2021-09-01,-0.003626511247996622,4,
TSN,2021-08-25,2021-09-01,-0.0013689145700908067,5,
ETR,2021-08-31,2021-09-02,0.031283964221063165,2,
KSU,2021-09-01,2021-09-02,0.03114086426065943,1,
MRK,2021-08-30,2021-09-03,0.010558760335728223,4,
SJM,2021-08-25,2021-09-09,-0.04331254625063308,10,
SW,2021-08-26,2021-09-09,-0.01234090254161313,9,
PPG,2021-09-02,2021-09-10,-0.021642222396218824,5,
WFC,2021-09-02,2021-09-10,0.02816139185714195,5,
VMC,2021-09-03,2021-09-13,-0.02296831125948029,5,
AFL,2021-09-13,2021-09-14,0.003605729120602863,1,
TJX,2021-09-02,2021-09-15,-0.04027604092924664,8,
ABBV,2021-09-02,2021-09-16,-0.04866815298512028,9,
BNY,2021-09-10,2021-09-16,-0.01718460721837911,4,
ETN,2021-09-15,2021-09-16,0.02806815875072788,1,
BIIB,2021-09-09,2021-09-17,-0.06754997767011828,6,
LEN,2021-09-16,2021-09-17,0.015080939453792075,1,
SW,2021-09-14,2021-09-17,0.022523829326878797,3,
CERN,2021-08-25,2021-09-20,-0.031088616008942527,17,
CNP,2021-09-17,2021-09-22,0.018793716013568496,3,
EL,2021-09-17,2021-09-23,-0.001126714457116429,4,
GRMN,2021-09-16,2021-09-23,0.003916785077637597,5,
MLM,2021-09-09,2021-09-23,-0.04494898848724371,10,
PKG,2021-09-16,2021-09-23,-0.030297506536331897,5,
BMY,2021-08-30,2021-09-24,-0.0949014884160797,18,
CSCO,2021-09-22,2021-09-24,0.010351779850606313,2,
GEN,2021-09-23,2021-09-24,0.02000201085575859,1,
LLY,2021-09-10,2021-09-24,-0.04085494522738209,10,
UNP,2021-08-25,2021-09-24,-0.08957079562740666,21,
META,2021-09-20,2021-09-27,-0.028357672292182223,5,
KMB,2021-09-23,2021-09-29,0.0013771510283067112,4,
AEP,2021-09-17,2021-09-30,-0.04657036164047379,9,
DUK,2021-09-24,2021-09-30,0.0007445648135413485,4,
ETR,2021-09-24,2021-09-30,-0.01487418579462585,4,
LNT,2021-09-27,2021-09-30,-0.003222109859709943,3,
CMS,2021-09-24,2021-10-04,-0.020400454220074526,6,
NEE,2021-09-29,2021-10-04,0.016388278744197127,3,
SW,2021-09-30,2021-10-04,0.052481091229786836,2,
SO,2021-09-23,2021-10-05,-0.01705743331628251,8,
ABMD,2021-10-04,2021-10-06,0.027583960501277316,2,
ADBE,2021-09-30,2021-10-07,-0.0057449656780311775,5,
BDX,2021-09-24,2021-10-07,-0.029823223856880854,9,
DPZ,2021-09-30,2021-10-07,-0.006612638935796111,5,
EXR,2021-09-24,2021-10-07,-0.030375086151469,9,
ILMN,2021-09-23,2021-10-07,-0.08764044351558398,10,
MTD,2021-09-30,2021-10-07,-0.009987465112993421,5,
XYL,2021-10-04,2021-10-07,0.016683195842359444,3,
A,2021-10-04,2021-10-08,0.004044957633235313,4,
ALLE,2021-10-07,2021-10-08,0.004502822016178687,1,
BIO,2021-10-07,2021-10-08,0.007155815602705173,1,
EW,2021-10-05,2021-10-08,0.03485794877182902,3,
PFE,2021-10-07,2021-10-08,0.0029309609282917037,1,
RCL,2021-10-12,2021-10-13,0.00998490457868706,1,
IRM,2021-10-11,2021-10-14,0.017915237742190282,3,
CHTR,2021-10-11,2021-10-15,0.006599114125272143,4,
KLAC,2021-10-13,2021-10-15,0.017446694493351567,2,
PNR,2021-10-12,2021-10-15,0.031070065306213923,3,
REGN,2021-10-06,2021-10-15,0.017907389477503033,7,
RMD,2021-10-12,2021-10-15,0.00693875855185655,3,
RVTY,2021-10-13,2021-10-15,0.010759582717124072,2,
TROW,2021-10-13,2021-10-15,0.04917204026762212,2,
TXN,2021-10-13,2021-10-15,0.017523060993427153,2,
WFC,2021-10-15,2021-10-18,0.05191849582434194,1,
COO,2021-10-13,2021-10-20,0.0031882841400885376,5,
CTRA,2021-10-18,2021-10-20,-0.004871328287834986,2,
MRK,2021-10-15,2021-10-20,0.012295668366159251,3,
USB,2021-10-15,2021-10-20,0.013575047162619924,3,
KR,2021-10-18,2021-10-21,0.026005119102559204,3,
TRV,2021-10-19,2021-10-21,0.01052408560306839,2,
DPZ,2021-10-18,2021-10-22,0.01933392307655435,4,
RCL,2021-10-20,2021-10-25,-0.0010531264094053583,3,
ULTA,2021-10-21,2021-10-26,0.036394164727674205,3,
BKR,2021-10-22,2021-10-27,0.04670516786739776,3,
DRI,2021-10-14,2021-10-27,-0.03590712187276257,9,
EXPE,2021-10-25,2021-10-27,0.008332757875245012,2,
JNPR,2021-10-27,2021-10-28,0.045927159911328896,1,
WELL,2021-10-27,2021-10-28,0.016655112643263914,1,
IPG,2021-10-26,2021-10-29,0.006252221187465379,3,
GWW,2021-10-28,2021-11-01,0.0873009810582519,2,
ABMD,2021-11-01,2021-11-02,0.04579558434719666,1,
CF,2021-10-27,2021-11-02,-0.021889447878127855,4,
CTSH,2021-10-28,2021-11-02,-0.02394849072558436,3,
FOX,2021-10-28,2021-11-02,0.014231852844828419,3,
FOXA,2021-10-28,2021-11-02,0.01979993786774137,3,
OTIS,2021-10-27,2021-11-02,0.0061671769833375745,4,
SYY,2021-10-21,2021-11-02,-0.018110936497805374,8,
DFS,2021-10-28,2021-11-03,-0.014787360012054718,4,
ORCL,2021-11-02,2021-11-03,0.027495885607141224,1,
HSY,2021-11-02,2021-11-04,0.004265437461464794,2,
RTX,2021-10-27,2021-11-04,-0.011065716884912202,6,
CHRW,2021-11-03,2021-11-05,0.022322910354873216,2,
NOC,2021-10-29,2021-11-05,0.023519094541821994,5,
ORLY,2021-11-02,2021-11-05,0.022184575007162977,3,
BSX,2021-11-02,2021-11-08,0.0035644304200046495,4,
ES,2021-11-02,2021-11-08,-0.0117146411268918,4,
GD,2021-11-05,2021-11-08,0.006275091492513818,1,
AON,2021-11-04,2021-11-09,0.006899287620551586,3,
BR,2021-11-02,2021-11-09,-0.017865122681945067,5,
MRSH,2021-11-02,2021-11-09,0.0004468455697617113,5,
PWR,2021-11-05,2021-11-09,0.049699742346875464,2,
RVTY,2021-11-05,2021-11-09,0.016191264576976616,2,
WAT,2021-11-08,2021-11-09,0.012524370891410896,1,
CRL,2021-11-04,2021-11-10,-0.013477319102622176,4,
IQV,2021-11-08,2021-11-10,0.005550106565840984,2,
CTLT,2021-11-08,2021-11-12,0.023859065394163714,4,
TGT,2021-11-09,2021-11-12,0.016163305480040524,3,
ICE,2021-11-11,2021-11-15,0.010439770459215403,2,
INTU,2021-11-11,2021-11-15,0.032416430731006196,2,
MOS,2021-11-03,2021-11-15,-0.008616052248700101,8,
MS,2021-11-11,2021-11-15,0.01825925856417321,2,
NOW,2021-11-11,2021-11-15,0.01234743941482308,2,
APTV,2021-11-12,2021-11-16,0.0183969808588329,2,
CTRA,2021-11-11,2021-11-16,0.050555291330325325,3,
TFC,2021-11-15,2021-11-17,0.0035490707302683333,2,
TROW,2021-11-11,2021-11-17,-0.003159495887188668,4,
TSLA,2021-11-10,2021-11-17,0.05044986518400063,5,
HLT,2021-11-17,2021-11-18,0.028336827966091827,1,
MAR,2021-11-15,2021-11-18,-0.003713804256043063,3,
HUM,2021-11-15,2021-11-19,0.003445819536322281,4,
NSC,2021-11-12,2021-11-19,-0.0017087746105582946,5,
AMT,2021-11-16,2021-11-22,-0.010107524331209095,4,
AIG,2021-11-17,2021-11-23,0.007985515707599866,4,
CINF,2021-11-16,2021-11-23,-0.01069981728145497,5,
JPM,2021-11-17,2021-11-23,-0.00024620811623665695,4,
WMT,2021-11-16,2021-11-23,-0.007844394561850487,5,
APD,2021-11-19,2021-11-24,0.005042980279176268,3,
CBRE,2021-11-18,2021-11-24,0.019007424809353468,4,
EMR,2021-11-18,2021-11-24,-0.005700950897505774,4,
HAL,2021-11-16,2021-11-24,-0.03721660599793197,6,
KO,2021-11-19,2021-11-24,0.0028624057037360817,3,
OXY,2021-11-22,2021-11-24,0.07828129725803268,2,
ABMD,2021-11-24,2021-11-26,0.02791138942902105,1,
CRM,2021-11-24,2021-11-30,0.03341562506741824,3,
DAY,2021-11-23,2021-11-30,0.014346402782885015,4,
NOW,2021-11-24,2021-11-30,0.06876957206038137,3,
ALGN,2021-11-30,2021-12-03,-0.007125183940449364,3,
AXP,2021-11-23,2021-12-03,-0.07901836041483246,7,
ETN,2021-11-30,2021-12-03,0.005573967531925517,3,
PAYC,2021-11-24,2021-12-03,-0.012533839373172095,6,
FOXA,2021-11-23,2021-12-06,-0.06924736391812503,8,
CMG,2021-11-23,2021-12-07,-0.036441903523509844,9,
ELV,2021-12-03,2021-12-07,0.015489329741938507,2,
IFF,2021-11-24,2021-12-07,-0.01472480826487954,8,
URI,2021-11-30,2021-12-07,-0.0012369955034968738,5,
XYL,2021-11-26,2021-12-07,-0.002242560420838924,7,
AMZN,2021-12-06,2021-12-08,0.03624258600305974,2,
DXCM,2021-11-24,2021-12-08,-0.052727795162928026,9,
NFLX,2021-12-03,2021-12-08,0.009620623581968246,3,
TSLA,2021-12-07,2021-12-08,0.006135415960053292,1,
CTLT,2021-12-07,2021-12-09,0.031241641095061334,2,
DHR,2021-12-07,2021-12-09,0.025066676977825164,2,
ENPH,2021-12-06,2021-12-09,0.03999644978458616,3,
ETSY,2021-12-03,2021-12-09,-0.014734333715415326,4,
MPWR,2021-12-07,2021-12-09,0.023727217775129983,2,
LLY,2021-12-10,2021-12-14,0.02506228687995682,2,
FITB,2021-12-14,2021-12-16,0.031104390861585562,2,
CTVA,2021-12-16,2021-12-17,0.013045111280961752,1,
RF,2021-12-14,2021-12-17,0.014256120092669411,3,
MPWR,2021-12-14,2021-12-20,-0.009743010791138929,4,
LYV,2021-12-17,2021-12-21,0.060946992030377345,2,
NKE,2021-12-17,2021-12-22,0.03264155531675916,3,
PXD,2021-12-16,2021-12-22,0.0024119320516331477,4,
ADI,2021-12-15,2021-12-23,-0.02902568713602849,6,
CARR,2021-12-15,2021-12-23,-0.019643184867900843,6,
ENPH,2021-12-15,2021-12-23,-0.06492839326900302,6,
HUM,2021-12-22,2021-12-23,0.018370748164187933,1,
ALB,2021-12-21,2021-12-27,0.02994952705161258,3,
J,2021-12-20,2021-12-27,0.03466509759856562,4,
UA,2021-12-14,2021-12-27,-0.083467621972109,8,
UAA,2021-12-14,2021-12-27,-0.08085800304243496,8,
WMB,2021-12-15,2021-12-27,-0.004696334826932991,7,
ORCL,2021-12-23,2022-01-05,-0.01906924504432106,8,
FTNT,2022-01-04,2022-01-11,-0.040559185166628486,5,
CNC,2022-01-03,2022-01-12,-0.040530423496758616,7,
NOW,2022-01-04,2022-01-12,-0.06722495363313008,6,
CDNS,2022-01-05,2022-01-13,-0.035741406308994694,6,
EPAM,2022-01-04,2022-01-13,-0.11110418282879397,7,
ICE,2022-01-04,2022-01-13,-0.004526068019773399,7,
MCO,2022-01-04,2022-01-13,-0.0320074442686159,7,
MSCI,2022-01-04,2022-01-13,-0.07807222633328847,7,
VRSN,2022-01-12,2022-01-13,0.006713241934607428,1,
CL,2022-01-13,2022-01-18,-0.002359538558303065,2,
ODFL,2022-01-13,2022-01-25,-0.07448334357620423,7,
SBAC,2022-01-13,2022-01-25,-0.04759842197279718,7,
YUM,2022-01-13,2022-01-25,-0.038586446348424674,7,
AWK,2022-01-12,2022-01-31,-0.06362078844923169,12,
BR,2022-01-11,2022-01-31,-0.08490712020811864,13,
CMG,2022-01-04,2022-01-31,-0.15797965114250911,18,
DRE,2022-01-25,2022-01-31,0.0014397367338545575,4,
EIX,2022-01-25,2022-01-31,0.0020602364756190372,4,
ETSY,2022-01-04,2022-01-31,-0.289398555870501,18,
JNPR,2022-01-25,2022-01-31,0.05113708715337295,4,
DLR,2022-01-13,2022-02-01,-0.06324090993862952,12,
DOV,2022-01-31,2022-02-01,0.02189003089571573,1,
SHW,2022-01-18,2022-02-02,-0.02526285349711932,11,
CERN,2022-01-13,2022-02-03,-0.0030810209866098948,14,
SEE,2022-02-07,2022-02-10,-0.0016890708734076387,3,
F,2022-02-07,2022-02-11,0.018828934626429206,4,
APA,2022-02-09,2022-02-14,0.03215296614786345,3,
MRK,2022-02-08,2022-02-16,-0.0007035963048098726,6,
D,2022-02-11,2022-02-17,-0.0007280402245990469,4,
PG,2022-02-11,2022-02-17,0.0003390089971480048,4,
CL,2022-02-11,2022-02-18,-0.011347259071781801,5,
CMS,2022-02-11,2022-02-18,-0.008691694411196327,5,
CHD,2022-02-11,2022-02-22,-0.00818948193131619,6,
PEP,2022-02-11,2022-02-22,0.0010306233291932365,6,
PGR,2022-02-11,2022-02-22,0.002884008103934965,6,
BAX,2022-02-18,2022-02-23,0.023681898384718902,2,
CNP,2022-02-16,2022-02-23,0.023457424374525804,4,
PSA,2022-02-22,2022-02-24,0.015580179219605972,2,
EXR,2022-02-22,2022-02-25,0.01142447419578052,3,
OKE,2022-02-23,2022-02-25,0.021480477051641467,2,
PLD,2022-02-24,2022-02-25,0.03677758531314068,1,
AFL,2022-02-25,2022-02-28,-0.00033987795210421723,1,
BAC,2022-02-25,2022-02-28,-0.004048226359737783,1,
DRE,2022-02-18,2022-02-28,0.004975760783126226,5,
GEN,2022-02-22,2022-02-28,0.008368029119121712,4,
IBM,2022-02-17,2022-02-28,-0.04751409328098599,6,
PFE,2022-02-11,2022-02-28,-0.07159841959202384,10,
UPS,2022-02-14,2022-02-28,-0.030122463079755857,9,
MKC,2022-02-17,2022-03-02,-0.03320446352964679,8,
HPE,2022-02-28,2022-03-03,0.07784217234530266,3,
HPQ,2022-02-28,2022-03-03,0.05737572023191739,3,
PCAR,2022-03-02,2022-03-03,0.02166868110967779,1,
LYV,2022-03-08,2022-03-10,0.06949350319781611,2,
RTX,2022-03-09,2022-03-10,0.028596895710865322,1,
SW,2022-02-23,2022-03-10,-0.26433911559864043,11,
WFC,2022-02-25,2022-03-10,-0.09415880370306628,9,
OMC,2022-03-08,2022-03-11,0.03739313929350896,3,
SYY,2022-03-08,2022-03-11,0.03624841786334354,3,
BRO,2022-03-09,2022-03-15,0.03430746482636282,4,
CAG,2022-03-08,2022-03-15,-0.05450872561072362,5,
KO,2022-03-09,2022-03-15,-0.0067986568492065524,4,
BDX,2022-03-14,2022-03-16,0.013367228496759198,2,
FOX,2022-03-14,2022-03-16,0.0012679643732760315,2,
FOXA,2022-03-14,2022-03-16,0.01419683823792428,2,
GIS,2022-03-09,2022-03-16,-0.019797377940638072,5,
GWW,2022-03-14,2022-03-16,0.058354108698667195,2,
TSN,2022-03-10,2022-03-17,-0.0391899677506391,5,
KMI,2022-03-16,2022-03-18,0.015408964554616711,2,
OGN,2022-03-11,2022-03-18,-0.05684533406858827,5,
PSA,2022-03-16,2022-03-18,0.03995631743632444,2,
CF,2022-03-17,2022-03-21,0.08770638042951528,2,
SLB,2022-03-17,2022-03-21,0.04745134016374264,2,
ATVI,2022-03-15,2022-03-23,-0.005516075263022224,6,
UDR,2022-03-24,2022-03-25,0.018055122116145572,1,
WMT,2022-03-24,2022-03-28,0.0057818914256040355,2,
FDS,2022-03-28,2022-03-29,0.04451464934977767,1,
PBCT,2022-04-04,2022-04-04,-0.0019980019980019303,1,True
CVS,2022-04-01,2022-04-07,0.005397527152006365,4,
RTX,2022-04-01,2022-04-08,0.020210955563998212,5,
UHS,2022-04-05,2022-04-08,0.03479311853864142,3,
CHRW,2022-04-04,2022-04-11,-0.0020961935343259963,5,
PKG,2022-04-08,2022-04-11,0.009400184157831282,1,
SCHW,2022-04-01,2022-04-11,-0.045836673335719835,6,
ZION,2022-04-04,2022-04-11,-0.007120765756702618,5,
HST,2022-04-11,2022-04-13,0.030411911939187908,2,
UNP,2022-04-07,2022-04-13,0.002713201168969892,4,
AKAM,2022-04-11,2022-04-14,0.011232968671943011,3,
AMP,2022-04-04,2022-04-14,-0.02091526538722499,8,
CSX,2022-04-04,2022-04-14,-0.016649546762609102,8,
CTXS,2022-04-13,2022-04-14,0.01054244064039267,1,
JBHT,2022-04-01,2022-04-14,-0.14751102593869725,9,
JNPR,2022-04-13,2022-04-14,0.02117093585462726,1,
MAR,2022-04-11,2022-04-14,0.08574920790760499,3,
OMC,2022-04-08,2022-04-18,-0.00478927643993754,5,
AES,2022-04-11,2022-04-20,-0.006015738708738283,6,
MAA,2022-04-19,2022-04-20,0.017359753259387434,1,
MKC,2022-04-19,2022-04-20,0.010216384148952429,1,
PLD,2022-04-18,2022-04-20,0.041342659575039464,2,
VRSK,2022-04-14,2022-04-20,0.003096401606975663,3,
BRO,2022-04-18,2022-04-21,0.012857363976069625,3,
PGR,2022-04-18,2022-04-21,0.034428753412224955,3,
LMT,2022-04-21,2022-04-27,-0.021234192235584426,4,
PFE,2022-04-20,2022-04-27,-0.01976242537979578,5,
LLY,2022-04-20,2022-04-28,-0.005458849340604366,6,
OGN,2022-04-19,2022-04-28,-0.026121524001697316,7,
BKR,2022-04-22,2022-04-29,-0.019753805870857954,5,
ICE,2022-03-30,2022-04-29,-0.10958507067193579,21,
NEM,2022-04-22,2022-04-29,0.03835357567564457,5,
NOC,2022-04-22,2022-04-29,0.006705885287818569,5,
ATVI,2022-04-27,2022-05-03,0.019827607955699822,4,
INCY,2022-04-22,2022-05-03,-0.007604026120780039,7,
CTXS,2022-04-28,2022-05-04,0.002550956772122026,4,
KR,2022-05-03,2022-05-04,-0.0025495650479133714,1,
AFL,2022-04-29,2022-05-05,-0.0038568036634204494,4,
AMGN,2022-04-29,2022-05-05,-0.00621788359631914,4,
D,2022-04-27,2022-05-05,-0.01752454659851177,6,
DUK,2022-05-04,2022-05-05,0.014789090266579707,1,
FE,2022-05-03,2022-05-05,0.006532919789093761,2,
LDOS,2022-04-29,2022-05-05,-0.0027594897271226992,4,
NEE,2022-04-14,2022-05-05,-0.13160096278945155,14,
PNW,2022-04-28,2022-05-05,-0.005472403191773445,5,
RTX,2022-04-29,2022-05-05,-0.008788491517407904,4,
SYY,2022-05-10,2022-05-11,-0.03148949091542774,1,
WELL,2022-05-09,2022-05-13,-0.003476155394469216,4,
FMC,2022-05-04,2022-05-16,-0.06170134605533706,8,
LW,2022-05-06,2022-05-16,0.00688583985200375,6,
MO,2022-05-11,2022-05-16,0.021421113398091274,3,
MOS,2022-05-10,2022-05-16,0.08842042808426176,4,
PSA,2022-05-05,2022-05-16,-0.10719984986242648,7,
VRTX,2022-05-10,2022-05-16,0.02412052518946206,4,
CTXS,2022-05-16,2022-05-18,0.01291108205411251,2,
HII,2022-05-16,2022-05-18,0.016913575710065576,2,
JKHY,2022-05-10,2022-05-18,0.021944571938694146,6,
NLSN,2022-05-10,2022-05-18,-0.01699109826998879,6,
NUE,2022-05-10,2022-05-18,-0.06814059195633493,6,
PKG,2022-05-13,2022-05-18,-0.0009204629979862045,3,
NEM,2022-05-16,2022-05-20,0.013678997307505991,4,
KO,2022-05-19,2022-05-24,0.029435164744469056,3,
KR,2022-05-18,2022-05-24,0.0014212306298038158,4,
CPB,2022-05-19,2022-05-25,0.04071123457340331,4,
GIS,2022-05-19,2022-05-25,0.04060139072579716,4,
HRL,2022-05-19,2022-05-25,0.023886129146397872,4,
K,2022-05-20,2022-05-25,0.03041224428000322,3,
KHC,2022-05-19,2022-05-25,0.023434676022614065,4,
KMB,2022-05-19,2022-05-25,0.005842888862569451,4,
TAP,2022-05-20,2022-05-25,0.04926657381478394,3,
ABBV,2022-05-24,2022-05-26,0.02922566201780996,2,
DLTR,2022-05-19,2022-05-26,0.20361258377339375,5,
AEE,2022-06-07,2022-06-08,0.012192683272606697,1,
CI,2022-06-06,2022-06-08,0.0153765162372006,2,
COR,2022-06-06,2022-06-08,0.00918955950800493,2,
CPB,2022-06-03,2022-06-08,0.03373049873383782,3,
MCK,2022-06-03,2022-06-08,0.004235760055858462,3,
MRK,2022-06-07,2022-06-08,0.002762299238195931,1,
SRE,2022-06-06,2022-06-08,0.011720825078704866,2,
T,2022-06-06,2022-06-08,0.006111960486850476,2,
CAH,2022-06-03,2022-06-13,-0.03610206804628502,6,
CF,2022-06-09,2022-06-15,0.0368007170962541,4,
MOS,2022-06-10,2022-06-16,-0.02491468995864432,4,
AEP,2022-06-10,2022-06-22,-0.08352606841174015,7,
ALL,2022-06-10,2022-06-22,-0.043574820236907064,7,
ED,2022-06-10,2022-06-22,-0.06343322332110057,7,
HPQ,2022-06-10,2022-06-22,-0.06345198749242476,7,
MO,2022-06-09,2022-06-22,-0.06969502122075555,8,
NI,2022-06-15,2022-06-23,-0.013126782389391689,5,
PNW,2022-06-10,2022-06-23,-0.055075860844163715,8,
FE,2022-06-06,2022-06-24,-0.11864141674898698,13,
BKR,2022-06-16,2022-06-28,-0.028550933273112533,7,
DOW,2022-06-13,2022-06-29,-0.13035736582375734,11,
HES,2022-07-07,2022-07-11,-0.0018970713752265445,2,
PXD,2022-07-07,2022-07-11,-0.023051354905104904,2,
CTVA,2022-07-06,2022-07-12,0.007574240257450793,4,
AJG,2022-07-15,2022-07-18,0.003734848554961534,1,
ATVI,2022-07-13,2022-07-18,0.01788068623461725,3,
BMY,2022-07-06,2022-07-18,-0.007887809911975685,8,
JNJ,2022-07-13,2022-07-18,0.009819406290531463,3,
NLSN,2022-07-14,2022-07-18,0.029517850570482063,2,
T,2022-07-14,2022-07-18,0.022790920992792563,2,
ALL,2022-07-14,2022-07-20,-0.009741947964141184,4,
HII,2022-07-15,2022-07-20,0.003223604410289349,3,
WRB,2022-07-13,2022-07-20,-0.028802327993016075,5,
LMT,2022-07-14,2022-07-21,-0.023953588187189734,5,
HSY,2022-07-18,2022-07-22,-0.00010494400342575538,4,
KMB,2022-07-19,2022-07-25,-0.007404794246504975,4,
MRK,2022-07-21,2022-07-27,0.013114742269101587,4,
CTXS,2022-07-27,2022-07-28,-0.0008180981579993807,1,
IBM,2022-07-21,2022-07-28,-0.0019980019980019303,5,
ROL,2022-07-28,2022-07-29,0.07462086196553686,1,
T,2022-07-22,2022-07-29,-0.010020505760964804,5,
DLTR,2022-07-27,2022-08-01,0.052814334640958416,3,
AMGN,2022-08-03,2022-08-04,0.0023033709826127957,1,
MCK,2022-08-04,2022-08-05,-0.001760803576097647,1,
VRTX,2022-08-02,2022-08-08,0.044424853101152406,4,
ABBV,2022-08-01,2022-08-09,-0.00785160611002711,6,
BMY,2022-08-05,2022-08-09,0.027395708255330442,2,
KMI,2022-08-05,2022-08-09,0.04177401448175244,2,
MRK,2022-08-02,2022-08-09,-0.0054718195517108326,5,
TAP,2022-08-03,2022-08-09,0.026943107700925895,4,
WMB,2022-08-05,2022-08-09,0.036593556964584995,2,
CTRA,2022-08-05,2022-08-10,0.03787777150707239,3,
OXY,2022-08-05,2022-08-10,0.08672110627478147,3,
AMCR,2022-08-08,2022-08-11,0.029416116380560187,3,
LLY,2022-08-03,2022-08-11,-0.06300553390166519,6,
MNST,2022-08-09,2022-08-15,0.013515037529326479,4,
ADI,2022-08-22,2022-08-26,0.008153584402350145,4,
BRO,2022-08-23,2022-08-26,0.013035775051723153,3,
DRE,2022-08-23,2022-08-26,0.015128145288417327,3,
HWM,2022-08-22,2022-08-26,0.028876503369065887,4,
LKQ,2022-08-23,2022-08-26,0.020912971005171865,3,
PTC,2022-08-22,2022-08-26,0.008991373488128174,4,
SNPS,2022-08-22,2022-08-26,0.010396200185433857,4,
URI,2022-08-22,2022-08-26,0.013154206648547717,4,
XYL,2022-08-23,2022-08-26,0.009847429189554724,3,
BMY,2022-08-26,2022-09-02,-0.037383160385191294,5,
CL,2022-08-29,2022-09-02,0.012788125546845608,4,
DG,2022-08-26,2022-09-02,-0.01168576488760964,5,
DUK,2022-08-29,2022-09-02,-0.003286880145951132,4,
ROL,2022-08-29,2022-09-02,0.006756379034350335,4,
ALB,2022-09-02,2022-09-07,0.00643133023718967,2,
AZO,2022-08-26,2022-09-07,-0.040779549477895194,7,
BF-B,2022-09-02,2022-09-08,-0.010216498717118272,3,
CAG,2022-09-07,2022-09-08,0.013614153373937787,1,
CDNS,2022-09-02,2022-09-08,-0.012948354753341107,3,
KMB,2022-08-26,2022-09-08,-0.047466633929069246,8,
LW,2022-09-07,2022-09-08,0.015786897592904747,1,
O,2022-08-23,2022-09-08,-0.05427393557209248,11,
PAYX,2022-08-26,2022-09-08,-0.08313399820615253,8,
KMI,2022-09-02,2022-09-09,-0.017102934144712645,4,
SNPS,2022-09-02,2022-09-09,0.0034080586372555732,4,
ATVI,2022-08-26,2022-09-12,-0.01041730870489388,10,
OXY,2022-09-08,2022-09-13,-0.005592082474796478,3,
ADP,2022-09-16,2022-09-20,0.017751963958560157,2,
CAH,2022-09-14,2022-09-20,0.012457174031273999,4,
GPC,2022-09-16,2022-09-20,0.022745330241530137,2,
MCK,2022-09-14,2022-09-20,-0.005925549634976379,4,
TMUS,2022-09-14,2022-09-20,0.007811567641170303,4,
NLSN,2022-09-16,2022-09-21,-0.0009221823810395824,3,
VLO,2022-09-16,2022-09-21,0.050750519218522916,3,
LLY,2022-09-21,2022-09-23,0.034042784863210995,2,
CHRW,2022-09-16,2022-09-29,-0.052588024656135324,9,
CTVA,2022-09-22,2022-09-29,-0.030488416435532573,5,
FDS,2022-09-22,2022-09-29,-0.05479660065675873,5,
MRO,2022-09-23,2022-09-29,-0.042174527827632646,4,
NDAQ,2022-09-21,2022-09-29,-0.031247767921338876,6,
SEDG,2022-09-21,2022-09-29,-0.16039561348963638,6,
XOM,2022-09-22,2022-09-29,-0.045511720159985836,5,
EXR,2022-09-14,2022-10-03,-0.08615300089946021,13,
FISV,2022-09-21,2022-10-04,-0.06124100062027993,9,
GWW,2022-09-15,2022-10-04,-0.061959448498588254,13,
HII,2022-10-03,2022-10-04,0.016604633641076783,1,
PGR,2022-10-03,2022-10-04,0.029622481102951514,1,
DG,2022-10-13,2022-10-14,0.03897020653331995,1,
ROL,2022-10-17,2022-10-18,0.033805928301535726,1,
TMUS,2022-10-13,2022-10-18,0.03828522886763652,3,
ENPH,2022-10-17,2022-10-19,0.00859738938948329,2,
EQT,2022-10-24,2022-10-28,0.03173951100694139,4,
PXD,2022-11-02,2022-11-04,0.03147687889490536,2,
ALB,2022-11-03,2022-11-07,0.13141083152773936,2,
DVN,2022-11-03,2022-11-08,0.0660811589263044,3,
CPB,2022-11-07,2022-11-09,0.011950433346980649,2,
LHX,2022-11-03,2022-11-09,0.0006718329565538195,4,
HSY,2022-11-07,2022-11-10,0.01871141591435843,3,
K,2022-11-04,2022-11-10,0.023518689566397244,4,
CEG,2022-11-09,2022-11-11,0.09309898049779886,2,
HII,2022-11-04,2022-11-11,-0.03361132403161604,5,
KEYS,2022-11-07,2022-11-11,0.04238727755144689,4,
NFLX,2022-11-03,2022-11-11,0.009849266053264749,6,
CTRA,2022-11-07,2022-11-14,-0.028341201945262795,5,
EG,2022-11-14,2022-11-16,0.017084784076835557,2,
CAG,2022-11-14,2022-11-17,0.005488404392928192,3,
CPB,2022-11-14,2022-11-17,0.029297538045164995,3,
HSY,2022-11-14,2022-11-17,0.007573282783387203,3,
MCK,2022-11-11,2022-11-17,-0.00881934515523497,4,
NOC,2022-11-14,2022-11-17,0.015990184088018777,3,
SJM,2022-11-14,2022-11-17,-0.006859507688865896,3,
WRB,2022-11-11,2022-11-17,-0.04124372947395227,4,
CAH,2022-11-16,2022-11-18,0.032134350790308686,2,
CI,2022-11-14,2022-11-18,0.02630418775645138,4,
ELV,2022-11-14,2022-11-21,-0.0020585065071824227,5,
MRO,2022-11-22,2022-11-23,-0.006880594943217133,1,
NRG,2022-11-18,2022-11-23,0.010438171055027867,3,
ALB,2022-11-29,2022-12-01,0.03935359939185812,2,
APTV,2022-11-29,2022-12-01,0.03718109845867912,2,
CSGP,2022-11-23,2022-12-01,0.02038378301782262,5,
FANG,2022-11-29,2022-12-01,0.01597910437128447,2,
IR,2022-11-30,2022-12-01,0.023620785056398752,1,
LKQ,2022-11-30,2022-12-01,0.03606617849213345,1,
ODFL,2022-11-29,2022-12-01,0.03633128276370878,2,
RJF,2022-11-29,2022-12-02,0.008253399208671519,3,
PH,2022-11-29,2022-12-05,-0.008996922455600576,4,
ALL,2022-12-06,2022-12-09,0.006937658112290412,3,
CFG,2022-12-06,2022-12-12,0.01298091712013072,4,
GS,2022-12-09,2022-12-13,0.04813855047743898,2,
MPC,2022-12-06,2022-12-13,0.006838662717001842,5,
MRO,2022-12-06,2022-12-13,-0.0118792098990117,5,
OXY,2022-12-06,2022-12-13,-0.011450340598139097,5,
PSX,2022-12-06,2022-12-13,0.003989070948211326,5,
VLO,2022-12-05,2022-12-13,-0.04070383529236388,6,
XOM,2022-12-06,2022-12-13,0.015907619264624806,5,
COP,2022-12-06,2022-12-14,-0.03309078934387788,6,
EOG,2022-12-07,2022-12-14,0.004921215640741439,5,
AZO,2022-12-15,2022-12-20,0.0125473383192658,3,
EG,2022-12-15,2022-12-21,0.016527542612598367,4,
HBAN,2022-12-15,2022-12-21,0.021108878383800045,4,
AMGN,2022-12-14,2022-12-22,-0.02463904954346674,6,
ATO,2022-12-21,2022-12-22,0.003089833137068121,1,
CTVA,2022-12-13,2022-12-22,-0.06498486644363521,7,
HUM,2022-12-13,2022-12-22,-0.05753641004157706,7,
ROL,2022-12-14,2022-12-22,-0.03733471982686798,6,
ULTA,2022-12-20,2022-12-22,0.017999237945718338,2,
BMY,2022-12-14,2022-12-23,-0.0540721030453456,7,
ETR,2022-12-21,2022-12-27,-0.0001503470097409254,3,
SYY,2022-12-12,2022-12-27,-0.05332033670011871,10,
HSIC,2022-12-29,2022-12-30,0.004519206601591774,1,
NFLX,2022-12-29,2022-12-30,0.006283980082420593,1,
PTC,2022-12-29,2022-12-30,0.00268272392503488,1,
BIIB,2022-12-28,2023-01-03,0.0019485168861199664,3,
EXPD,2022-12-29,2023-01-04,0.008607865491522482,3,
AMGN,2022-12-29,2023-01-05,0.0040857762650281515,4,
STLD,2023-01-03,2023-01-05,0.003410380662241863,2,
CF,2022-12-13,2023-01-06,-0.16684209795823046,16,
CAH,2022-12-30,2023-01-09,0.018723634891615548,5,
CEG,2023-01-04,2023-01-09,0.021140562854314204,3,
COR,2023-01-04,2023-01-09,0.00702961121345802,3,
DE,2023-01-05,2023-01-09,0.010613700020994488,2,
FSLR,2022-12-29,2023-01-09,0.059750778495919254,6,
PEP,2023-01-06,2023-01-09,0.007099633212617862,1,
HSY,2023-01-04,2023-01-10,-0.005825620051353675,4,
CBOE,2023-01-10,2023-01-12,-0.0004489847908698552,2,
CI,2023-01-05,2023-01-12,-0.003128700858271105,5,
ENPH,2022-12-29,2023-01-12,-0.11599459408023105,9,
HUM,2023-01-04,2023-01-12,-0.017243537777627105,6,
ZBH,2023-01-13,2023-01-23,0.014560965388384028,5,
DGX,2023-01-13,2023-01-24,-0.00887419195995287,6,
EMR,2023-01-18,2023-01-24,-0.01911222272421287,4,
NOC,2023-01-10,2023-01-24,-0.09188386848281727,9,
AZO,2023-01-24,2023-01-25,0.009157579966803775,1,
LMT,2023-01-10,2023-01-25,-0.03261737377165341,10,
ORLY,2023-01-13,2023-01-25,-0.012271878517336798,7,
SJM,2023-01-17,2023-01-25,-0.032967730693354014,6,
COR,2023-01-24,2023-01-26,0.01404284155309199,2,
GIS,2023-01-18,2023-01-26,-0.04930597580351048,6,
JNJ,2023-01-17,2023-01-26,-0.027521598810924308,7,
BDX,2023-01-25,2023-01-27,0.017720330292843922,2,
SLB,2023-01-25,2023-01-27,0.03727058274087369,2,
CAG,2023-01-24,2023-01-31,0.0008329608320063464,5,
CPB,2023-01-23,2023-01-31,0.005677489924975632,6,
ABBV,2023-01-13,2023-02-01,-0.03782601509845518,12,
MRK,2023-01-27,2023-02-01,0.005143356226100293,3,
NDAQ,2023-01-26,2023-02-01,0.0378323735429944,4,
ORLY,2023-01-30,2023-02-01,0.012850033616862877,2,
IBM,2023-01-27,2023-02-02,0.009285598666530559,4,
KMB,2023-01-30,2023-02-02,-0.006169166016558925,3,
ROP,2023-01-31,2023-02-02,0.01942656164132539,2,
WAT,2023-01-31,2023-02-02,0.04565766860632303,2,
SW,2023-02-01,2023-02-03,0.07273043286297609,2,
MCD,2023-02-03,2023-02-07,0.00708401031378636,2,
AIG,2023-02-02,2023-02-08,-0.014757227724822686,4,
EOG,2023-02-03,2023-02-08,0.020277409906987787,3,
HES,2023-02-02,2023-02-08,-0.008676392616166706,4,
MPC,2023-02-03,2023-02-08,0.010666357648209779,3,
PSX,2023-02-02,2023-02-08,0.03629270865964873,4,
VLO,2023-02-07,2023-02-08,0.041635569006643,1,
AFL,2023-02-03,2023-02-09,0.031457873539749936,4,
MCK,2023-02-03,2023-02-09,-0.00017709154284073492,4,
AMGN,2023-01-26,2023-02-13,-0.053893838060254495,12,
MRNA,2023-01-31,2023-02-13,-0.04593273167732248,9,
REG,2023-02-10,2023-02-13,0.03651415239401401,1,
BLK,2023-02-09,2023-02-14,-0.009235360106914281,3,
NKE,2023-02-09,2023-02-14,-0.00807998143839972,3,
O,2023-02-10,2023-02-14,0.012349740528783792,2,
PNC,2023-02-10,2023-02-14,0.011564339910396626,2,
T,2023-02-08,2023-02-14,0.00898049481745744,4,
BBWI,2023-02-09,2023-02-15,-0.030758849225518303,4,
DAL,2023-02-13,2023-02-15,0.011605082352664997,2,
EL,2023-02-10,2023-02-15,0.014127970356943687,3,
NWS,2023-02-13,2023-02-21,0.0011836976757775286,5,
NWSA,2023-02-13,2023-02-21,0.004430397503435435,5,
DFS,2023-02-17,2023-02-24,-0.013313033359935611,4,
XOM,2023-02-21,2023-02-27,-0.0020880167801612393,4,
MA,2023-02-21,2023-02-28,-0.0074529745999591945,5,
BAC,2023-02-17,2023-03-01,-0.02845587298608887,7,
ZBH,2023-02-17,2023-03-01,-0.016313447763011246,7,
BIIB,2023-02-17,2023-03-02,-0.003029486023689465,8,
KMI,2023-02-21,2023-03-03,-0.012187381987787571,8,
SW,2023-02-14,2023-03-03,-0.030886190101959476,12,
TMO,2023-02-17,2023-03-03,0.00258668319647426,9,
AES,2023-03-01,2023-03-06,0.017007680659505198,3,
ALL,2023-03-02,2023-03-06,0.010586199245632644,2,
CINF,2023-03-03,2023-03-06,0.013348145129959965,1,
MAA,2023-02-17,2023-03-06,-0.049942932458786116,10,
VRSN,2023-02-28,2023-03-06,0.011799443356087957,4,
ARE,2023-02-27,2023-03-07,-0.054736427000524945,6,
TMUS,2023-03-03,2023-03-07,0.007822737890402776,2,
CBOE,2023-03-08,2023-03-14,0.012292763456073885,4,
WMT,2023-03-09,2023-03-15,-0.015944023995526968,4,
NFLX,2023-02-24,2023-03-16,-0.047475384305324164,14,
UHS,2023-03-01,2023-03-16,-0.12469826821007379,11,
CFG,2023-03-03,2023-03-17,-0.20619081612809353,10,
FISV,2023-03-14,2023-03-17,0.007236771767337613,3,
HPE,2023-03-06,2023-03-17,-0.06310337089390017,9,
IPG,2023-03-08,2023-03-17,-0.04041552972262963,7,
TRV,2023-03-08,2023-03-17,-0.055845904668447854,7,
LMT,2023-03-20,2023-03-21,0.020702256768582394,1,
LVS,2023-03-16,2023-03-21,0.05568782277821116,3,
STLD,2023-03-16,2023-03-21,0.09888991514440826,3,
XOM,2023-03-17,2023-03-21,0.033418169794660724,2,
GL,2023-03-09,2023-03-22,-0.0807148261213283,9,
MO,2023-03-20,2023-03-22,0.01241830761451923,2,
PH,2023-03-20,2023-03-22,0.05879475610809193,2,
SW,2023-03-15,2023-03-22,-0.00978627234173457,5,
VTRS,2023-03-07,2023-03-22,-0.10584563334566632,11,
EQIX,2023-03-23,2023-03-27,0.03351164194570644,2,
AZO,2023-03-20,2023-03-28,-0.002582815613651701,6,
PCG,2023-03-23,2023-03-28,0.01276341278501314,3,
AMD,2023-04-06,2023-04-11,0.04808208387609647,2,
CARR,2023-04-06,2023-04-12,0.04279475838557367,3,
DRI,2023-04-10,2023-04-12,0.0319130092175941,2,
ETN,2023-04-10,2023-04-12,0.032444579274448326,2,
PCAR,2023-04-06,2023-04-12,0.04281027860862219,3,
PWR,2023-04-06,2023-04-12,0.03417095925606839,3,
TER,2023-04-06,2023-04-12,0.032956536001994996,3,
ADBE,2023-04-12,2023-04-14,-0.0021306154937826838,2,
BKNG,2023-04-13,2023-04-14,0.020320069933481122,1,
CRM,2023-04-12,2023-04-14,0.006130774238237713,2,
MKTX,2023-04-06,2023-04-14,0.01563012654003093,5,
MSCI,2023-04-11,2023-04-14,0.018287907642617007,3,
NFLX,2023-04-13,2023-04-14,0.006661333784157453,1,
SWKS,2023-04-10,2023-04-17,-0.008530389787325565,5,
ANSS,2023-04-13,2023-04-18,0.016951403027352763,3,
CHD,2023-04-17,2023-04-18,0.005520094391815666,1,
DAY,2023-04-12,2023-04-18,0.00870520783564288,4,
EXC,2023-04-17,2023-04-19,0.00814238474116391,2,
CINF,2023-04-17,2023-04-20,0.012055725416384444,3,
NI,2023-04-17,2023-04-20,0.016886030129539487,3,
PGR,2023-04-14,2023-04-20,0.004872279541429325,4,
PNW,2023-04-17,2023-04-20,0.014713431494286056,3,
AMAT,2023-04-10,2023-04-21,0.006875493042187486,9,
WEC,2023-04-18,2023-04-21,0.013154680488416615,3,
MPC,2023-04-21,2023-04-25,-0.005572768083004553,2,
SJM,2023-04-14,2023-04-26,0.0009350772605150048,8,
AMD,2023-04-18,2023-04-28,-0.05200163806030822,8,
HPE,2023-04-20,2023-04-28,-0.03526472015729254,6,
INTC,2023-04-25,2023-04-28,0.08410675476492413,3,
CSCO,2023-04-20,2023-05-01,-0.010592428833796408,7,
GLW,2023-04-20,2023-05-01,-0.01416513413900411,7,
SNPS,2023-04-26,2023-05-01,0.015058381379911223,3,
TMO,2023-04-21,2023-05-01,-0.024594150006606696,6,
WM,2023-04-28,2023-05-01,0.016141864600216493,1,
ADI,2023-04-28,2023-05-02,0.036205199169479396,2,
IPG,2023-04-28,2023-05-02,0.035602878570954344,2,
TDY,2023-04-20,2023-05-02,-0.028738730723236072,8,
TSCO,2023-05-01,2023-05-03,0.004677031924321673,2,
DXCM,2023-05-02,2023-05-08,0.024871295579232955,4,
FSLR,2023-05-01,2023-05-08,-0.017740419560041354,5,
FTNT,2023-05-03,2023-05-08,0.06438432618977474,3,
ANET,2023-05-03,2023-05-09,0.011372694510118464,4,
JNPR,2023-04-20,2023-05-09,-0.08386410907955744,13,
SYK,2023-05-04,2023-05-09,0.010418196209901476,3,
VLO,2023-04-18,2023-05-09,-0.1587352460209428,15,
CBOE,2023-05-10,2023-05-11,0.009965470677963939,1,
HCA,2023-05-10,2023-05-11,0.004652921511368646,1,
TPR,2023-05-04,2023-05-12,0.04477530294477572,6,
ANSS,2023-05-08,2023-05-15,-0.014761791081524311,5,
MCHP,2023-05-10,2023-05-15,0.000174169892646292,3,
MTD,2023-05-08,2023-05-15,-0.03358030315676108,5,
DGX,2023-05-01,2023-05-16,-0.0550939132903745,11,
DRI,2023-05-12,2023-05-16,0.03265529387444421,2,
NEM,2023-05-12,2023-05-16,0.01880741090228999,2,
CDNS,2023-05-12,2023-05-17,0.001064617357415809,3,
AFL,2023-05-16,2023-05-18,0.006671013705822348,2,
AOS,2023-05-15,2023-05-18,0.009879371036991769,3,
CAG,2023-05-12,2023-05-18,-0.0022713358374645276,4,
GILD,2023-05-01,2023-05-18,-0.04544205534047063,13,
MGM,2023-05-15,2023-05-18,-0.0017608962425602614,3,
ACGL,2023-05-18,2023-05-19,0.03587134299157513,1,
NKE,2023-05-15,2023-05-19,-0.045809491355563114,4,
MRK,2023-05-18,2023-05-22,0.009718544732613132,2,
TFX,2023-05-22,2023-05-23,-0.001260622376453857,1,
UHS,2023-05-16,2023-05-23,-0.023957712729445246,5,
TSCO,2023-05-18,2023-05-31,-0.046348792442872266,8,
WM,2023-05-19,2023-05-31,-0.018170774971721593,7,
HSY,2023-05-18,2023-06-01,-0.021649111689587275,9,
HUM,2023-05-16,2023-06-01,-0.0417946043900973,11,
TAP,2023-05-19,2023-06-01,-0.004241913280944365,8,
KHC,2023-05-17,2023-06-02,-0.022741727007159263,11,
WST,2023-05-10,2023-06-02,-0.06469041266032116,16,
ZTS,2023-05-31,2023-06-02,0.03494670985631343,2,
AJG,2023-06-01,2023-06-05,0.025194460830186838,2,
BKNG,2023-06-01,2023-06-05,0.04355779124839465,2,
GIS,2023-05-23,2023-06-05,-0.01653765762889925,8,
MDLZ,2023-05-31,2023-06-05,0.022514793755503693,3,
PG,2023-06-01,2023-06-05,0.01750921363945701,2,
SJM,2023-05-23,2023-06-05,0.000400725010549996,8,
VRTX,2023-06-02,2023-06-05,0.031989682144480946,1,
WYNN,2023-06-02,2023-06-05,0.01878522593839893,1,
EG,2023-05-18,2023-06-07,-0.054753920583791804,13,
ANET,2023-06-08,2023-06-09,0.050141165901969265,1,
COO,2023-06-08,2023-06-13,0.014038175990200186,3,
FICO,2023-06-08,2023-06-13,0.061912409895709564,3,
FSLR,2023-06-08,2023-06-13,0.04352997490772048,3,
HOLX,2023-06-09,2023-06-13,0.0014491073720959147,2,
IDXX,2023-06-08,2023-06-13,0.02291661302188608,3,
MNST,2023-06-08,2023-06-13,0.025327599818104396,3,
MU,2023-06-09,2023-06-13,0.03781304762283155,2,
TTWO,2023-06-07,2023-06-13,0.004401409413980595,4,
TYL,2023-06-08,2023-06-13,0.021355342279377743,3,
SW,2023-06-13,2023-06-15,0.04933256524975871,2,
TECH,2023-06-09,2023-06-20,-0.03085428941004842,6,
CE,2023-06-21,2023-06-27,0.02956262858754055,4,
AKAM,2023-06-14,2023-06-28,-0.02941201707649832,9,
ANET,2023-06-21,2023-06-28,0.006644126502469039,5,
AXP,2023-06-21,2023-06-28,-0.01285746494035711,5,
BBWI,2023-06-20,2023-06-28,-0.03276879871652749,6,
COF,2023-06-27,2023-06-28,0.0193340965376807,1,
HST,2023-06-16,2023-06-28,-0.03563200045776327,7,
MAR,2023-06-21,2023-06-28,0.02101201509583772,5,
SNPS,2023-06-22,2023-06-28,-0.00011403055513103943,4,
DXCM,2023-06-28,2023-06-29,0.01860422874424228,1,
FSLR,2023-06-21,2023-06-29,-0.004089459049713029,6,
BIIB,2023-06-21,2023-07-03,-0.03991017515346207,8,
HOLX,2023-06-29,2023-07-03,0.010377022776822287,2,
AXON,2023-07-07,2023-07-11,0.028322697224755,2,
DHI,2023-07-07,2023-07-11,0.03719397927902324,2,
MAS,2023-07-07,2023-07-11,0.03525979928980383,2,
NVR,2023-07-07,2023-07-11,0.03106461657457582,2,
PHM,2023-07-07,2023-07-11,0.03264557102086463,2,
BBY,2023-07-10,2023-07-12,0.036304321227487835,2,
MKC,2023-06-29,2023-07-13,-0.063994061710138,9,
MNST,2023-07-10,2023-07-13,-0.00039835231568086105,3,
TAP,2023-07-12,2023-07-13,0.018079342071449345,1,
LW,2023-07-12,2023-07-14,0.011793018791775411,2,
KMB,2023-07-13,2023-07-17,-0.0025885239928201687,2,
HSY,2023-06-29,2023-07-18,-0.037052295212376296,12,
MCK,2023-07-13,2023-07-18,0.0008405667746704815,3,
CCL,2023-07-17,2023-07-19,0.06357673250202245,2,
FOX,2023-07-17,2023-07-19,0.01976030680569174,2,
FOXA,2023-07-17,2023-07-19,0.02117636467409456,2,
NCLH,2023-07-17,2023-07-19,0.03619838052264712,2,
RCL,2023-07-17,2023-07-19,0.014575635245748675,2,
UAL,2023-07-18,2023-07-19,0.02446779676888955,1,
CLX,2023-07-12,2023-07-20,-0.01738373559805151,6,
NRG,2023-07-17,2023-07-20,0.051451727902431355,3,
BA,2023-07-20,2023-07-21,0.022183809183742076,1,
BDX,2023-07-20,2023-07-21,0.02981378605755447,1,
MRK,2023-07-10,2023-07-21,-0.005747102805318982,9,
SO,2023-07-19,2023-07-21,0.028856138841761636,2,
WM,2023-07-19,2023-07-21,0.02922695462021796,2,
F,2023-07-18,2023-07-25,0.002356768520614505,5,
PSA,2023-07-21,2023-07-25,0.01966702335240944,2,
AMAT,2023-07-21,2023-07-26,0.01578922214239431,3,
GLW,2023-07-21,2023-07-26,0.011813068465336807,3,
OTIS,2023-07-21,2023-07-26,-0.017434541793097447,3,
ALGN,2023-07-21,2023-07-27,0.2108979049720776,4,
AAL,2023-07-26,2023-07-31,0.005761646988213798,3,
NWSA,2023-07-27,2023-07-31,-0.005589865036123798,2,
SNA,2023-07-21,2023-07-31,-0.007901165189482029,6,
ALK,2023-07-26,2023-08-01,-0.003243975545988098,4,
LW,2023-07-26,2023-08-01,-0.019868424665510087,4,
VRSN,2023-07-31,2023-08-01,0.00461638481510529,1,
PPG,2023-07-25,2023-08-02,-0.03414800338475099,6,
ROL,2023-07-31,2023-08-03,0.005586655415784181,3,
AOS,2023-07-31,2023-08-07,0.007389764700194812,5,
LYV,2023-08-01,2023-08-07,0.007584965438667268,4,
HCA,2023-07-20,2023-08-08,-0.06281007640341374,13,
UHS,2023-07-21,2023-08-08,-0.10726883237306906,12,
EFX,2023-07-21,2023-08-09,-0.07887764682124154,13,
AON,2023-08-01,2023-08-10,-0.0010565289893255114,7,
MSI,2023-08-01,2023-08-10,-0.025739366485515225,7,
LOW,2023-08-07,2023-08-14,-0.0012412735654709905,5,
PEG,2023-08-08,2023-08-14,-0.005469073698073035,4,
TTWO,2023-08-09,2023-08-14,0.0004256910343423126,3,
AAPL,2023-08-08,2023-08-15,-0.00515515529025945,5,
ALGN,2023-08-10,2023-08-15,0.01346417135756206,3,
CRM,2023-08-07,2023-08-15,-0.025081211056944386,6,
ISRG,2023-07-25,2023-08-15,-0.0535431321387525,15,
CMG,2023-08-10,2023-08-17,0.000189587203628383,5,
SW,2023-08-15,2023-08-18,0.0009597448237965711,3,
IP,2023-08-15,2023-08-21,3.576331196541993e-05,4,
ATVI,2023-08-15,2023-08-22,0.00864004127740392,5,
COO,2023-08-14,2023-08-22,-0.0051451571723577505,6,
QRVO,2023-08-14,2023-08-22,-0.0007164419867947691,6,
NDSN,2023-08-18,2023-08-23,0.017882694267493227,3,
AOS,2023-08-21,2023-08-24,0.008870321926069069,3,
FISV,2023-08-22,2023-08-24,0.004844484157820794,2,
INVH,2023-08-22,2023-08-24,0.024877071817240415,2,
OTIS,2023-08-22,2023-08-24,-0.008294904863203167,2,
SWK,2023-08-15,2023-08-24,-0.02969358844899883,7,
AFL,2023-08-24,2023-08-25,0.018919009490750538,1,
AIG,2023-08-23,2023-08-25,0.010852517070599532,2,
JNJ,2023-08-24,2023-08-28,0.011192610674973569,2,
APA,2023-08-25,2023-08-29,0.001035463616512633,2,
COF,2023-08-17,2023-08-29,-0.040251597133256434,8,
GPN,2023-08-25,2023-08-29,0.024459825073078756,2,
MS,2023-08-03,2023-08-29,-0.05176321725925326,18,
RL,2023-08-14,2023-08-29,-0.06114496493625432,11,
ZBH,2023-08-02,2023-08-29,-0.10688741069079521,19,
AMGN,2023-08-25,2023-08-30,0.009219922461259689,3,
EOG,2023-08-25,2023-08-30,0.015055141804120709,3,
JBHT,2023-08-28,2023-08-30,0.00032909563183869395,2,
SW,2023-08-24,2023-08-30,0.060735035386700664,4,
LH,2023-08-30,2023-08-31,0.006539174669701442,1,
PCG,2023-08-31,2023-09-07,-0.0019980019980021524,4,
COR,2023-09-05,2023-09-08,0.012943485783190045,3,
MCK,2023-09-01,2023-09-08,0.010244846554435805,4,
PNW,2023-09-01,2023-09-08,-0.021657354060268252,4,
STZ,2023-09-06,2023-09-08,-0.0034921877883691277,2,
MDLZ,2023-09-05,2023-09-11,0.005746243166238063,4,
GRMN,2023-09-08,2023-09-12,0.01845445374831778,2,
LYV,2023-09-07,2023-09-12,0.02127215446550146,3,
UNP,2023-09-08,2023-09-13,0.014989605588154875,3,
WY,2023-09-06,2023-09-13,0.009552250887461922,5,
LH,2023-09-06,2023-09-14,0.011758070899812623,6,
NVDA,2023-09-12,2023-09-14,0.025038974321269336,2,
AME,2023-09-13,2023-09-15,0.003290496628256756,2,
ESS,2023-09-12,2023-09-15,-0.0007919254093696759,3,
FAST,2023-09-08,2023-09-15,-0.007219389180489144,5,
MTCH,2023-09-14,2023-09-15,0.024761238777587735,1,
PTC,2023-09-13,2023-09-18,0.007859195384381845,3,
BDX,2023-09-06,2023-09-19,-0.026831351902239065,9,
PH,2023-09-14,2023-09-19,-0.002099263969588705,3,
VTRS,2023-09-01,2023-09-19,-0.09498529279300294,11,
DAL,2023-09-11,2023-09-20,-0.03429339681411547,7,
CSGP,2023-09-15,2023-09-21,-0.004964540936513329,4,
HAS,2023-09-19,2023-09-22,0.008156280868502508,3,
ON,2023-09-18,2023-09-25,0.008632925265785074,5,
CARR,2023-09-20,2023-09-26,-0.02405330910379122,4,
KLAC,2023-09-15,2023-09-26,-0.04804762192434442,7,
DAY,2023-09-19,2023-09-27,-0.07173589217019083,6,
ABNB,2023-09-21,2023-09-28,-0.016023251458764265,5,
PAYX,2023-09-15,2023-09-28,-0.017513146312905348,9,
CME,2023-09-26,2023-09-29,0.004718057941803355,3,
ICE,2023-09-26,2023-09-29,0.02488047112490488,3,
NOW,2023-09-22,2023-09-29,0.014443046772152579,5,
SHW,2023-09-19,2023-09-29,-0.00500333121271479,8,
TJX,2023-09-27,2023-09-29,0.017826101597374633,2,
NFLX,2023-09-15,2023-10-03,-0.06145502950517867,12,
AON,2023-09-29,2023-10-05,-0.015422326499066608,4,
BRO,2023-09-29,2023-10-05,-0.011415741593284845,4,
CHD,2023-09-28,2023-10-05,-0.00967659448019298,5,
EG,2023-09-29,2023-10-05,0.005316367435240332,4,
IBM,2023-09-29,2023-10-05,-0.009729046287600518,4,
RSG,2023-09-28,2023-10-05,-0.011824096689079022,5,
GPN,2023-09-25,2023-10-06,-0.0350758304849228,9,
LLY,2023-09-29,2023-10-06,-0.004724015779246193,5,
BRK-B,2023-10-03,2023-10-09,-0.01104757316132654,4,
PRU,2023-10-05,2023-10-09,0.020084131086209656,2,
PXD,2023-10-05,2023-10-09,0.1273951510194129,2,
TRGP,2023-10-05,2023-10-09,0.06520105414513533,2,
TXT,2023-10-06,2023-10-09,0.023340025009404908,1,
BA,2023-09-08,2023-10-10,-0.12139020270866707,22,
BG,2023-10-09,2023-10-10,0.02325813638401142,1,
BKR,2023-10-05,2023-10-10,0.05506528736328864,3,
CF,2023-10-09,2023-10-10,0.04634143320689654,1,
MPC,2023-10-05,2023-10-10,0.03503341845729491,3,
PSX,2023-10-05,2023-10-10,0.017084972873619986,3,
VLO,2023-10-09,2023-10-11,0.0060353557793006996,2,
HAS,2023-10-06,2023-10-18,-0.02613514159412178,8,
TYL,2023-10-16,2023-10-18,0.021475082101722665,2,
BRO,2023-10-20,2023-10-25,0.020750107657425243,3,
FDX,2023-10-09,2023-10-25,-0.05792525520392866,12,
PCAR,2023-10-16,2023-10-25,0.007515698958098893,7,
RCL,2023-10-19,2023-10-25,-0.018139450967948778,4,
FFIV,2023-10-16,2023-10-26,-0.03999833278996223,8,
RSG,2023-10-25,2023-10-26,0.022682667199128703,1,
HII,2023-10-25,2023-10-27,0.003322303026506601,2,
ADBE,2023-10-26,2023-10-31,-0.0007928399265090258,3,
CARR,2023-10-20,2023-10-31,-0.031407901853684916,7,
ODFL,2023-10-26,2023-10-31,0.02797339786019748,3,
SNPS,2023-10-27,2023-10-31,0.01259159162987089,2,
ADP,2023-10-25,2023-11-01,-0.06566324723201133,5,
LRCX,2023-10-20,2023-11-01,-0.019901536298131517,8,
VRSK,2023-10-20,2023-11-01,-0.05630668876193079,8,
COR,2023-11-01,2023-11-02,0.003122787156728535,1,
MOH,2023-10-25,2023-11-02,0.003799786242805414,6,
REGN,2023-10-20,2023-11-02,-0.022271884140507292,9,
TSLA,2023-10-20,2023-11-02,-0.020577429091384825,9,
CTRA,2023-10-31,2023-11-03,0.022724816167439155,3,
EOG,2023-10-31,2023-11-03,0.033599369100350884,3,
MRO,2023-10-31,2023-11-03,0.025959296877100302,3,
PXD,2023-11-02,2023-11-03,0.02936933475074599,1,
APA,2023-10-31,2023-11-06,0.009539570126145591,4,
BG,2023-11-09,2023-11-13,-0.006480629674426419,2,
PSX,2023-11-10,2023-11-13,0.011368096189524834,1,
CI,2023-11-10,2023-11-14,0.011631233957769993,2,
EQT,2023-11-13,2023-11-14,0.005576084880487997,1,
MPC,2023-11-09,2023-11-14,0.020872898273296858,3,
TXT,2023-11-10,2023-11-14,0.016657424916105334,2,
CTRA,2023-11-10,2023-11-15,0.004279299019651628,3,
PKG,2023-11-14,2023-11-15,0.020002065325471774,1,
NWS,2023-11-14,2023-11-16,0.008119958673309613,2,
NWSA,2023-11-14,2023-11-17,0.014284187499082446,3,
REGN,2023-11-15,2023-11-17,0.013969354474842488,2,
AZO,2023-11-20,2023-11-22,0.020734936430999662,2,
CF,2023-11-22,2023-11-27,0.02902802083759637,2,
CNC,2023-11-30,2023-12-01,0.039414632663315574,1,
NVR,2023-11-28,2023-12-01,-0.0007983645206400825,3,
SNA,2023-11-29,2023-12-01,0.0035223204204224423,2,
FAST,2023-11-30,2023-12-04,0.005488209718536696,2,
GWW,2023-11-29,2023-12-04,0.018408043486781933,3,
HAL,2023-12-01,2023-12-04,0.003655612990065338,1,
ODFL,2023-11-29,2023-12-04,0.03456285178617868,3,
TXT,2023-11-30,2023-12-04,0.02886117924241538,2,
CDW,2023-11-30,2023-12-05,-0.001950950073227764,3,
LLY,2023-12-04,2023-12-07,0.008545582083754999,3,
PEG,2023-12-01,2023-12-07,0.014347824963226286,4,
AVGO,2023-12-01,2023-12-08,0.003822515510841118,5,
GOOG,2023-12-04,2023-12-08,0.031189149223188606,4,
GOOGL,2023-12-05,2023-12-08,0.03863410822696767,3,
LYV,2023-11-29,2023-12-08,-0.0048281846203761525,7,
NVDA,2023-12-05,2023-12-08,0.022784162251680673,3,
EA,2023-12-08,2023-12-11,0.007760239760240095,1,
NFLX,2023-12-04,2023-12-11,-0.005526766877516631,5,
AJG,2023-12-11,2023-12-12,0.008831515601867679,1,
CEG,2023-12-07,2023-12-12,0.023555655625585592,3,
CPRT,2023-12-05,2023-12-12,0.003730639970937588,5,
EG,2023-12-08,2023-12-12,0.015692180272948386,2,
FANG,2023-12-07,2023-12-12,0.0002958685463838595,3,
FDS,2023-12-08,2023-12-12,0.019891972946190162,2,
PXD,2023-12-08,2023-12-12,-0.005898724125059429,2,
SBUX,2023-11-28,2023-12-12,-0.036452334229116756,10,
VRSK,2023-12-11,2023-12-12,0.028373240885084527,1,
ACGL,2023-12-08,2023-12-13,0.016647958215988856,3,
AMT,2023-12-13,2023-12-14,0.04902684004239233,1,
SBAC,2023-12-13,2023-12-14,0.06008048625586038,1,
VZ,2023-12-14,2023-12-15,0.006039577545232877,1,
CME,2023-12-18,2023-12-19,0.01492947213872986,1,
CBOE,2023-12-15,2023-12-20,0.021609318117586485,3,
MCK,2023-12-15,2023-12-20,0.02210083099005211,3,
BRO,2023-12-18,2023-12-22,0.005835652161440663,4,
CAH,2023-12-18,2023-12-22,-0.0026853958500345776,4,
ALL,2023-12-21,2023-12-26,0.010504580088201987,2,
BALL,2023-12-21,2023-12-26,0.013834885708313038,2,
CPRT,2023-12-21,2023-12-26,0.015194602265502288,2,
TMUS,2023-12-21,2023-12-26,-0.0028979676700677803,2,
ADP,2023-12-22,2023-12-27,0.010640976269420399,2,
AJG,2023-12-18,2023-12-28,-0.005508376373981494,7,
FDX,2023-12-21,2023-12-28,0.00874184543036649,4,
MSI,2023-12-18,2023-12-28,-0.002190237067761003,7,
ULTA,2023-12-26,2023-12-28,0.022823907600722615,2,
UNH,2023-12-20,2023-12-28,-0.0027219604784297635,5,
IP,2023-12-29,2024-01-03,-0.00116981830748486,2,
ABNB,2023-12-28,2024-01-08,0.0035565642366492956,6,
PAYX,2023-12-22,2024-01-08,-0.008219732120549605,9,
A,2024-01-08,2024-01-09,0.014336323641852111,1,
AAPL,2024-01-03,2024-01-09,-0.0036232524761099505,4,
AKAM,2024-01-02,2024-01-09,-0.013073686220496872,5,
AMZN,2024-01-03,2024-01-09,-0.007817418103662432,4,
CDNS,2024-01-03,2024-01-09,-0.0068584216263458675,4,
FAST,2024-01-03,2024-01-09,-0.031096598662281205,4,
LOW,2024-01-03,2024-01-09,-0.006518211436411847,4,
NTAP,2024-01-03,2024-01-09,-0.006197706002805337,4,
SNPS,2024-01-02,2024-01-09,-0.027441722336962737,5,
NXPI,2024-01-08,2024-01-10,0.019955141308149127,2,
AIZ,2024-01-09,2024-01-12,0.004169621649768418,3,
GD,2024-01-09,2024-01-16,4.6960234912241106e-05,4,
GL,2024-01-10,2024-01-16,0.004621278398938777,3,
TRGP,2024-01-10,2024-01-16,-0.009129116291988093,3,
OTIS,2024-01-10,2024-01-17,-0.011094834913387808,4,
CE,2024-01-10,2024-01-19,-0.006425955631998215,6,
HON,2024-01-10,2024-01-19,-0.005572941300492906,6,
LULU,2024-01-10,2024-01-19,-0.022939663296008495,6,
IEX,2024-01-09,2024-01-22,-0.005051165335494323,8,
ITW,2024-01-16,2024-01-22,0.011634873790055789,4,
KEY,2024-01-19,2024-01-22,0.05684117189841387,1,
USB,2024-01-19,2024-01-22,0.04283647650306821,1,
DD,2024-01-16,2024-01-23,0.0033769746670908596,5,
MS,2024-01-17,2024-01-23,0.00764679880945085,4,
REG,2024-01-10,2024-01-23,-0.01889227658127013,8,
SBAC,2024-01-22,2024-01-23,0.009086620915864652,1,
CVS,2024-01-16,2024-01-24,-0.001604774630342476,6,
K,2024-01-12,2024-01-24,-0.02161607553852829,7,
CNC,2024-01-22,2024-01-25,-0.023286264899688214,3,
SW,2024-01-22,2024-01-25,-0.015076869477044563,3,
TSN,2024-01-23,2024-01-25,0.017833590232523067,2,
CCI,2024-01-19,2024-01-26,0.018412481441793194,5,
DUK,2024-01-23,2024-01-26,0.004514537227262139,3,
EIX,2024-01-22,2024-01-26,-0.01602965140503576,4,
KMI,2024-01-23,2024-01-26,0.008476672532736984,3,
BBWI,2024-01-24,2024-01-29,0.010158271322456613,3,
MDT,2024-01-25,2024-01-29,0.010175619461234797,2,
SYK,2024-01-25,2024-01-29,0.00339445356698187,2,
ABT,2024-01-25,2024-01-30,0.02030720185603818,3,
EPAM,2024-01-26,2024-01-30,0.009514249896406701,2,
MNST,2024-01-23,2024-01-30,-0.015647415954028077,5,
MOH,2024-01-26,2024-02-01,0.008322052803786617,4,
AJG,2024-01-30,2024-02-02,0.018012525936660806,3,
AMT,2024-01-24,2024-02-02,-0.041800178424411305,7,
COO,2024-01-29,2024-02-02,0.0172408988157442,4,
DXCM,2024-01-29,2024-02-02,0.0007041845310322703,4,
LW,2024-01-26,2024-02-02,0.007604091536093094,5,
QRVO,2024-01-31,2024-02-02,0.039976350930379434,2,
NTRS,2024-02-02,2024-02-05,0.006259417066295736,1,
WTW,2024-01-30,2024-02-05,0.012482290908424343,4,
AAPL,2024-01-31,2024-02-06,-0.002958401145261247,4,
GRMN,2024-02-01,2024-02-07,0.012717594242956043,4,
JNPR,2024-02-02,2024-02-07,0.002053426951938553,3,
QCOM,2024-01-31,2024-02-07,-0.0032339525593176877,5,
AFL,2024-02-02,2024-02-08,0.02032103270414165,4,
BXP,2024-02-05,2024-02-08,0.015903423425451813,3,
IP,2024-02-02,2024-02-08,-0.0031714585847458787,4,
MET,2024-02-02,2024-02-08,0.024334838121520486,4,
NDAQ,2024-02-06,2024-02-08,0.013553863375529884,2,
PKG,2024-02-05,2024-02-08,0.03337364071802584,3,
ZION,2024-02-02,2024-02-08,0.027863560239027363,4,
USB,2024-02-07,2024-02-09,-0.0005099880602725815,2,
GEN,2024-02-07,2024-02-12,0.02339526473997222,3,
WMB,2024-02-09,2024-02-13,0.013843326202104267,2,
VZ,2024-02-07,2024-02-14,-0.01948118633929896,5,
C,2024-02-14,2024-02-15,0.008793254393195893,1,
CMCSA,2024-02-08,2024-02-15,-0.030532195563306552,5,
OMC,2024-02-08,2024-02-15,-0.007416927258571349,5,
RTX,2024-02-12,2024-02-15,0.007925799790004628,3,
T,2024-02-09,2024-02-15,0.006918014132426764,4,
PG,2024-02-15,2024-02-16,0.0027269610089639684,1,
RCL,2024-02-08,2024-02-16,-0.029554276013863068,6,
CHD,2024-02-15,2024-02-20,0.007116633167779218,2,
KHC,2024-02-08,2024-02-21,-0.018704314944775535,8,
SPGI,2024-02-15,2024-02-21,0.002762362699084253,3,
WAB,2024-02-16,2024-02-22,0.015638629182509467,3,
AAPL,2024-02-16,2024-02-23,0.006653287598943347,4,
AMGN,2024-02-08,2024-02-23,-0.02968726074297845,10,
CCL,2024-02-12,2024-02-23,-0.020877358996710726,8,
CPRT,2024-02-15,2024-02-23,-0.010088847575554172,5,
JBHT,2024-02-21,2024-02-23,0.06152298946208101,2,
NRG,2024-02-13,2024-02-23,0.01310275762903701,7,
ADBE,2024-02-20,2024-02-26,0.045057365139160366,4,
AKAM,2024-02-15,2024-02-26,-0.05521891859569927,6,
TXT,2024-02-21,2024-02-26,0.01740364162159702,3,
PANW,2024-02-22,2024-02-27,0.1555313990890097,3,
FRT,2024-02-26,2024-02-29,0.01388367401690771,3,
INTC,2024-02-29,2024-03-01,0.022498646993865945,1,
TFC,2024-02-27,2024-03-01,0.0054777300183344035,3,
ZION,2024-02-27,2024-03-01,-0.005593464385899916,3,
AMGN,2024-03-01,2024-03-04,0.022401648101841865,1,
CVX,2024-02-28,2024-03-04,-0.0010809655709311805,3,
DXCM,2024-02-29,2024-03-04,0.05584090081927573,2,
ALLE,2024-02-27,2024-03-05,-0.02836886585221532,5,
CI,2024-02-29,2024-03-05,0.00560742186571761,3,
TFX,2024-02-23,2024-03-05,-0.06330605867124128,7,
WRB,2024-03-04,2024-03-06,0.014520828100555994,2,
CB,2024-03-05,2024-03-07,0.005720676788574464,2,
CVS,2024-02-29,2024-03-07,-0.019148109293362303,5,
KHC,2024-03-01,2024-03-07,0.0071370018811947045,4,
WTW,2024-03-04,2024-03-07,0.01841008874353034,3,
MDLZ,2024-03-05,2024-03-11,0.0073893274945220355,4,
NUE,2024-03-07,2024-03-11,-0.013083976657436436,2,
VTRS,2024-02-29,2024-03-11,-0.008497224582252438,7,
ADP,2024-03-06,2024-03-12,0.00020196587890985995,4,
CME,2024-03-11,2024-03-12,0.016368974550221793,1,
CTLT,2024-03-01,2024-03-12,-0.012785331822988577,7,
KO,2024-03-04,2024-03-12,0.01636806821156278,6,
VRSK,2024-03-07,2024-03-12,-0.008464936194288897,3,
ZTS,2024-03-07,2024-03-12,-0.008798565724633,3,
CMG,2024-03-12,2024-03-13,0.014108194683137842,1,
PANW,2024-03-07,2024-03-13,0.01803330641526446,4,
ROST,2024-03-11,2024-03-13,-0.00035931338684869196,2,
HSIC,2024-03-11,2024-03-14,-0.0008028386819136646,3,
RJF,2024-03-12,2024-03-14,0.004785978842965166,2,
LLY,2024-03-12,2024-03-15,0.017424330285428224,3,
MRK,2024-03-05,2024-03-18,-0.018463946279870136,9,
GEHC,2024-03-14,2024-03-19,0.026322145995393287,3,
JNPR,2024-03-12,2024-03-19,-0.01409011021288864,5,
AEP,2024-03-14,2024-03-20,0.002592145733046225,4,
ICE,2024-03-12,2024-03-20,-0.011724942912316072,6,
IDXX,2024-03-14,2024-03-20,-0.015675534186284423,4,
STX,2024-03-13,2024-03-20,-0.04245140711111506,5,
TDY,2024-03-15,2024-03-20,0.025020323856473237,3,
HBAN,2024-03-15,2024-03-21,0.044856582667121,4,
JBHT,2024-03-20,2024-03-21,0.027287088815009186,1,
KEYS,2024-03-18,2024-03-21,0.0016990191644128405,3,
HPQ,2024-03-21,2024-03-22,0.0066948202662862055,1,
MPWR,2024-03-20,2024-03-22,0.019444859905199507,2,
PLD,2024-03-20,2024-03-22,0.02153978153845726,2,
SMCI,2024-03-20,2024-03-22,0.05848094547664262,2,
AMT,2024-03-25,2024-03-26,0.006091497709759919,1,
CTLT,2024-03-22,2024-03-26,0.008714005136187808,2,
ABT,2024-03-19,2024-03-27,-0.005903403155192777,6,
CCI,2024-03-19,2024-03-28,0.011372374270256502,7,
CTSH,2024-03-20,2024-03-28,-0.016337491937465254,6,
DLR,2024-03-25,2024-03-28,0.0378182401861098,3,
EPAM,2024-03-25,2024-03-28,0.0217639234836704,3,
EQIX,2024-03-14,2024-03-28,-0.05606122550500081,10,
MRSH,2024-03-25,2024-03-28,0.01236072061678617,3,
PG,2024-03-26,2024-03-28,0.01331187332123851,2,
CF,2024-03-27,2024-04-01,0.013785522226213542,2,
MNST,2024-03-26,2024-04-01,0.0023777594654252887,3,
ULTA,2024-03-21,2024-04-01,-0.007940748066655345,6,
META,2024-04-01,2024-04-03,0.022030207466332774,2,
ABNB,2024-04-02,2024-04-08,-0.005656389914704185,4,
COST,2024-04-03,2024-04-08,0.002964076353786149,3,
V,2024-04-02,2024-04-08,-0.008280388676072059,4,
VMC,2024-04-03,2024-04-08,0.014350337467918584,3,
WMT,2024-04-03,2024-04-08,0.0016995030003097433,3,
CNC,2024-04-03,2024-04-09,0.0035043369556606585,4,
CVS,2024-04-03,2024-04-09,0.007437415942336045,4,
EPAM,2024-04-08,2024-04-09,0.018381613153491072,1,
MOH,2024-04-03,2024-04-09,-0.010281152146560113,4,
ADSK,2024-04-03,2024-04-10,-0.018121464379575847,5,
WY,2024-04-08,2024-04-10,-0.021234467577773808,2,
TGT,2024-04-09,2024-04-11,0.014380932554778791,2,
WM,2024-04-08,2024-04-11,0.0006567869318911956,3,
CLX,2024-04-08,2024-04-12,-0.010164862327424862,4,
ROST,2024-04-08,2024-04-12,-0.006454405071871783,4,
SMCI,2024-04-10,2024-04-12,0.048292243305981586,2,
CAH,2024-04-09,2024-04-16,-0.022914714879329834,5,
J,2024-04-09,2024-04-17,-0.008926176776216876,6,
MNST,2024-04-02,2024-04-17,-0.0479745362070807,11,
AZO,2024-04-16,2024-04-19,0.024379427967791134,3,
L,2024-04-12,2024-04-19,0.004904400574393231,5,
PFG,2024-04-12,2024-04-19,-0.008493187141615177,5,
PRU,2024-04-11,2024-04-19,-0.031661885162644565,6,
T,2024-04-11,2024-04-19,-0.022353180765291802,6,
TDY,2024-04-09,2024-04-19,-0.033620734775992034,8,
VZ,2024-04-12,2024-04-19,-0.00646889953015739,5,
CBRE,2024-04-17,2024-04-23,0.004750779730954724,4,
DVA,2024-04-19,2024-04-23,0.04679633173812925,2,
HCA,2024-04-19,2024-04-23,0.04381835948612678,2,
HII,2024-04-10,2024-04-23,0.009402706175611009,9,
PSX,2024-04-19,2024-04-23,0.014563940471826742,2,
UHS,2024-04-17,2024-04-23,-0.0045841261776000675,4,
DPZ,2024-04-23,2024-04-24,0.006437745386264515,1,
EMR,2024-04-19,2024-04-24,0.005834470287744642,3,
NTAP,2024-04-23,2024-04-24,0.017586585603356797,1,
SNPS,2024-04-19,2024-04-24,0.02548595628239614,3,
SYK,2024-04-19,2024-04-24,0.012803752426039594,3,
UBER,2024-04-23,2024-04-24,-0.0001450294327747237,1,
ANET,2024-04-23,2024-04-25,0.039604060813387854,2,
ORCL,2024-04-23,2024-04-25,-0.015342831511384714,2,
PCAR,2024-04-19,2024-04-25,-0.024662000814474005,4,
NFLX,2024-04-23,2024-04-26,0.001086639815212953,3,
STLD,2024-04-25,2024-04-29,0.03617273326734938,2,
TPR,2024-04-24,2024-04-29,0.02131156469578155,3,
NUE,2024-04-24,2024-04-30,-0.006047076963911935,4,
PKG,2024-04-24,2024-04-30,0.015410021133464014,4,
TAP,2024-04-29,2024-04-30,-0.005815696423023042,1,
CINF,2024-04-29,2024-05-02,0.061133770145347155,3,
HIG,2024-04-29,2024-05-02,0.02445030377280677,3,
PGR,2024-04-30,2024-05-02,0.02169274230551932,2,
WTW,2024-04-29,2024-05-02,0.01376366067112711,3,
FIS,2024-05-02,2024-05-03,0.02569984248592272,1,
NVR,2024-04-30,2024-05-06,0.021236307764687545,4,
TXT,2024-04-26,2024-05-06,0.02020340573743873,6,
BG,2024-04-29,2024-05-07,-0.0009306142435926423,6,
MA,2024-05-02,2024-05-07,0.01773677734423429,3,
ORLY,2024-04-26,2024-05-07,-0.030526227601719746,7,
PSX,2024-05-02,2024-05-07,0.02571051413059733,3,
AME,2024-05-03,2024-05-08,0.031471983056133634,3,
COP,2024-05-06,2024-05-08,-0.004025142847763785,2,
COR,2024-05-07,2024-05-08,0.013173816044082187,1,
DG,2024-04-30,2024-05-08,-0.0159973264080705,6,
TGT,2024-05-02,2024-05-08,0.008851957884263184,4,
IR,2024-05-06,2024-05-09,0.02961805906447279,3,
FDX,2024-05-09,2024-05-10,0.01300024516341658,1,
JNPR,2024-04-25,2024-05-13,-0.01787530651167013,12,
F,2024-05-13,2024-05-14,0.030302426543731276,1,
ATO,2024-05-14,2024-05-16,0.00012089821007021939,2,
GE,2024-05-14,2024-05-16,0.025430700329039935,2,
ABNB,2024-05-10,2024-05-17,-0.008347405142842379,5,
COP,2024-05-16,2024-05-20,0.009611506417018356,2,
EOG,2024-05-17,2024-05-20,0.009238990276881909,1,
FANG,2024-05-16,2024-05-20,0.0027669527530331806,2,
MPC,2024-05-16,2024-05-20,0.041584921474147496,2,
DVN,2024-05-17,2024-05-21,0.005675851487897177,2,
FAST,2024-05-20,2024-05-23,0.0037118089437682134,3,
CI,2024-05-20,2024-05-24,-0.0009072138245466155,4,
AXON,2024-05-14,2024-05-29,-0.04809145942667614,10,
BWA,2024-05-23,2024-05-29,-0.016457782010140254,3,
DIS,2024-05-16,2024-05-29,-0.014395530412482871,8,
AIZ,2024-05-24,2024-05-30,0.009691924296326038,3,
UAL,2024-05-29,2024-05-30,0.04802310796751441,1,
CPAY,2024-05-10,2024-05-31,-0.06597106993237634,14,
ARE,2024-05-29,2024-06-03,0.038763333178959636,3,
BLK,2024-05-30,2024-06-03,0.030428824090290796,2,
GPC,2024-05-21,2024-06-03,-0.0472870296880169,8,
KMB,2024-05-16,2024-06-03,0.0007525072474663386,11,
MA,2024-05-30,2024-06-03,0.0008682426689683442,2,
MKC,2024-05-20,2024-06-03,-0.02454177992830442,9,
CTLT,2024-05-15,2024-06-04,-0.029217866289461325,13,
AMZN,2024-06-03,2024-06-05,0.011480973653773763,2,
A,2024-05-31,2024-06-06,0.00912481950990518,4,
APH,2024-06-04,2024-06-06,0.019730930587739337,2,
AVGO,2024-06-03,2024-06-06,0.04903453888508147,3,
IEX,2024-05-21,2024-06-06,-0.05846201982568211,11,
SMCI,2024-06-03,2024-06-06,0.001735210675986254,3,
SNPS,2024-06-03,2024-06-06,0.04348777154609795,3,
TECH,2024-06-03,2024-06-06,0.010302434667698313,3,
ETN,2024-06-05,2024-06-11,0.0008733595137513372,4,
TFC,2024-06-10,2024-06-13,0.0267636317849429,3,
ZBRA,2024-06-03,2024-06-13,-0.02252358064800386,8,
CPB,2024-06-10,2024-06-14,0.01243877270961824,4,
AXP,2024-06-13,2024-06-18,0.016629930664164405,3,
HBAN,2024-06-11,2024-06-18,0.002574206277768054,5,
LYV,2024-06-10,2024-06-18,-0.004645282643696569,6,
TSN,2024-06-10,2024-06-18,-0.005045577314049754,6,
WFC,2024-06-07,2024-06-18,0.009096677053153757,7,
CMS,2024-06-13,2024-06-21,-0.004003410209766578,5,
DGX,2024-06-18,2024-06-21,0.014912304962260814,2,
RTX,2024-06-14,2024-06-21,0.003727280639808317,4,
SW,2024-06-07,2024-06-21,-0.0028466625601027973,9,
XOM,2024-06-18,2024-06-21,0.024272460328225165,2,
CTLT,2024-06-21,2024-06-24,-0.00534286669407491,1,
D,2024-06-10,2024-06-25,-0.0323702363197651,10,
EIX,2024-06-18,2024-06-25,0.017740795024762557,4,
ETR,2024-06-18,2024-06-25,0.011348777110055108,4,
JCI,2024-06-21,2024-06-25,0.011843525908733499,2,
MRNA,2024-06-18,2024-06-25,-0.006236126016724741,4,
SPG,2024-06-24,2024-06-25,0.02577550529398498,1,
TECH,2024-06-21,2024-06-25,-0.008670030249005811,2,
BALL,2024-06-21,2024-06-26,0.004729730145222932,3,
DECK,2024-06-21,2024-06-27,-0.01577342107903068,4,
WAT,2024-05-29,2024-06-27,-0.11919633731399004,20,
RMD,2024-06-25,2024-06-28,0.03380862465864487,3,
FIS,2024-06-28,2024-07-01,0.005332448919401767,1,
TSCO,2024-06-26,2024-07-01,0.022522917293797295,3,
CHD,2024-06-26,2024-07-02,0.003751394710573397,4,
IR,2024-06-26,2024-07-03,0.01374049257965404,5,
KKR,2024-06-27,2024-07-03,0.0091793200918453,4,
PWR,2024-07-01,2024-07-05,-0.011082805958568809,3,
APD,2024-06-27,2024-07-08,-0.03651771311362151,6,
XYL,2024-06-27,2024-07-08,-0.015868332186440348,6,
BBY,2024-06-27,2024-07-09,0.020348842161223235,7,
PCG,2024-07-02,2024-07-09,-0.00257824897252823,4,
RL,2024-07-05,2024-07-09,0.05917967917406708,2,
CI,2024-07-08,2024-07-10,0.027372463588684504,2,
DAL,2024-06-27,2024-07-10,-0.023139486163147427,8,
DHR,2024-07-08,2024-07-11,0.01571480336651443,3,
GD,2024-07-03,2024-07-11,-0.014854854253357086,5,
K,2024-07-09,2024-07-11,0.009542672236143135,2,
YUM,2024-06-26,2024-07-11,-0.024251533851088136,10,
BKR,2024-07-10,2024-07-12,0.035893267520767935,2,
CTVA,2024-07-09,2024-07-12,0.017718489843013163,3,
DVN,2024-07-11,2024-07-12,0.01624621599297682,1,
KDP,2024-07-09,2024-07-12,-0.0023062833943272576,3,
MTD,2024-07-03,2024-07-12,-5.351940125830623e-05,6,
CNP,2024-07-11,2024-07-15,0.010762490397147273,2,
DIS,2024-07-01,2024-07-15,-0.01827294955018066,9,
LMT,2024-07-10,2024-07-15,0.01174600625546729,3,
VLO,2024-07-11,2024-07-15,0.02731629344013431,2,
CRWD,2024-07-12,2024-07-16,0.02521524569073308,2,
ABNB,2024-07-12,2024-07-17,0.014382767871801372,3,
ACGL,2024-07-15,2024-07-17,0.012369912287273133,2,
DAL,2024-07-15,2024-07-17,0.03736371849736875,2,
INVH,2024-07-12,2024-07-17,0.0036149717430484785,3,
MCK,2024-07-12,2024-07-17,0.01518828907790315,3,
ROL,2024-07-16,2024-07-17,0.012620947600469501,1,
TDG,2024-07-15,2024-07-17,0.00997773427967008,2,
UAL,2024-07-15,2024-07-17,0.043761411475113476,2,
ANET,2024-07-18,2024-07-23,0.008522503535349557,3,
EW,2024-07-17,2024-07-23,-0.005627509243689599,4,
META,2024-07-17,2024-07-23,0.02022514211489468,4,
NFLX,2024-07-12,2024-07-23,-0.010024850861016121,7,
SCHW,2024-07-17,2024-07-23,-0.026398332902512256,4,
VST,2024-07-17,2024-07-23,-0.04565157716242296,4,
AMZN,2024-07-16,2024-07-24,-0.06521822991165838,6,
CEG,2024-07-17,2024-07-24,-0.07033203896527473,5,
T,2024-07-24,2024-07-25,0.010134133401881407,1,
EOG,2024-07-24,2024-07-26,0.005056411021263196,2,
STLD,2024-07-24,2024-07-26,0.007750798282512017,2,
VZ,2024-07-23,2024-07-26,0.02788537733191654,3,
FANG,2024-07-24,2024-07-29,0.006841850797884019,3,
FCX,2024-07-25,2024-07-29,0.00865765798489937,2,
MAR,2024-07-26,2024-07-30,0.012404377518045795,2,
MGM,2024-07-23,2024-07-30,-0.0225706846404925,5,
TMUS,2024-07-23,2024-07-30,-0.002166557580137396,5,
ROL,2024-07-29,2024-07-31,0.04559803325414302,2,
AMD,2024-07-18,2024-08-01,-0.11443432796492636,10,
BBY,2024-07-30,2024-08-01,0.01271277228733636,2,
CDNS,2024-07-18,2024-08-01,-0.08173881789801563,10,
DLR,2024-07-29,2024-08-01,0.029731303368856876,3,
MRO,2024-07-30,2024-08-01,0.02749421319286327,2,
SMCI,2024-07-23,2024-08-01,-0.09683210351387517,7,
WM,2024-07-26,2024-08-01,0.013714998888188168,4,
WMT,2024-07-31,2024-08-02,0.0040609602731105365,2,
AXON,2024-08-01,2024-08-07,0.09780219780219812,4,
BAC,2024-07-30,2024-08-09,-0.07225927407349009,8,
CCL,2024-08-01,2024-08-09,-0.1387106650333243,6,
CFG,2024-08-02,2024-08-09,-0.0030012940990236103,5,
GLW,2024-07-26,2024-08-09,-0.1106821290937543,10,
GNRC,2024-08-07,2024-08-09,0.004077472635370949,2,
KEY,2024-08-02,2024-08-09,-0.018867542237624657,5,
QRVO,2024-08-02,2024-08-09,-0.03518812379101044,5,
USB,2024-08-02,2024-08-09,-0.026562027788793685,5,
INCY,2024-08-01,2024-08-13,-0.06383734812176578,8,
PFE,2024-08-09,2024-08-14,0.0032271261341441093,3,
SW,2024-08-02,2024-08-14,-0.05215466568863758,8,
MCK,2024-08-09,2024-08-15,0.005207303090134285,4,
MTCH,2024-08-13,2024-08-16,0.04514469961517675,3,
CCI,2024-08-16,2024-08-21,0.004220651720383772,3,
CHTR,2024-08-23,2024-08-26,0.007814040769971164,1,
LMT,2024-08-22,2024-08-27,0.0074925788443382935,3,
BIO,2024-08-23,2024-08-28,0.020414206448478467,3,
BMY,2024-08-23,2024-08-28,0.007423052706559963,3,
ZTS,2024-08-26,2024-08-28,0.003845430110304582,2,
GD,2024-08-26,2024-08-29,0.01694164127460107,3,
AXON,2024-08-27,2024-09-03,0.0003829172479326015,4,
BALL,2024-08-30,2024-09-03,0.007521668096114986,1,
PEG,2024-08-30,2024-09-03,0.0024728955341533077,1,
PEP,2024-08-30,2024-09-04,0.0318758100224501,2,
STX,2024-08-30,2024-09-05,0.010726999553588357,3,
HWM,2024-09-04,2024-09-10,0.010785821258113781,4,
MPWR,2024-09-04,2024-09-10,0.001859489820095872,4,
SBUX,2024-09-06,2024-09-10,0.004764445869272382,2,
CHTR,2024-09-05,2024-09-12,-0.015910985868329508,5,
FMC,2024-09-04,2024-09-12,-0.02125159395362808,6,
NTAP,2024-08-30,2024-09-12,-0.03426419212063936,8,
VTRS,2024-09-10,2024-09-12,0.020418933935069772,2,
BKR,2024-09-12,2024-09-16,0.01482555796034335,2,
BRO,2024-09-12,2024-09-16,0.029946010930161915,2,
EIX,2024-09-12,2024-09-16,0.018253453858400936,2,
IQV,2024-09-10,2024-09-16,-0.002660976232279677,4,
J,2024-09-06,2024-09-16,0.002155388079216447,6,
KMI,2024-09-12,2024-09-16,0.021444986318776005,2,
KMX,2024-09-06,2024-09-16,-0.013768410820746313,6,
MSCI,2024-09-10,2024-09-16,0.00813969961345462,4,
FANG,2024-09-05,2024-09-17,-0.06475556492383017,8,
LH,2024-09-06,2024-09-17,-0.00625584486274211,7,
BRK-B,2024-09-16,2024-09-18,0.018638044292326184,2,
TSN,2024-09-16,2024-09-18,-0.005067264102564084,2,
LUV,2024-09-18,2024-09-19,0.021389945229494778,1,
GRMN,2024-09-19,2024-09-20,-0.014404901464510012,1,
MDT,2024-09-19,2024-09-20,0.0068916413712221125,1,
PANW,2024-09-19,2024-09-23,0.0031412232709580046,2,
CL,2024-09-18,2024-09-24,-0.009083552577724419,4,
O,2024-09-20,2024-09-24,0.021897305443003612,2,
RSG,2024-09-19,2024-09-24,0.009184120742035118,3,
VTR,2024-09-20,2024-09-24,0.015774803830584938,2,
PM,2024-09-20,2024-09-25,0.01804556551693537,3,
REG,2024-09-20,2024-09-25,0.009672859788984578,3,
UNP,2024-09-24,2024-09-25,0.01585347014618499,1,
AJG,2024-09-20,2024-09-26,0.000179305995665624,4,
AZO,2024-09-20,2024-09-26,0.016942018706221695,4,
GILD,2024-09-26,2024-09-30,0.01175165877931561,2,
HSY,2024-09-24,2024-09-30,0.00046922444452568435,4,
AMGN,2024-09-26,2024-10-01,0.02463191398409248,3,
JNJ,2024-09-24,2024-10-01,-0.0042050254222318895,5,
PEP,2024-09-23,2024-10-01,0.0004550852832208019,6,
REGN,2024-09-25,2024-10-01,0.003275116254767285,4,
VRSK,2024-09-19,2024-10-01,0.004117215387454909,8,
CI,2024-09-26,2024-10-02,0.00853709271266423,4,
MKC,2024-10-01,2024-10-02,-0.00559142069888563,1,
LLY,2024-09-30,2024-10-03,0.02688504062091579,3,
AMZN,2024-10-01,2024-10-07,-0.012523155673956232,4,
GM,2024-09-26,2024-10-07,-0.008546637979345961,7,
NTRS,2024-10-02,2024-10-07,0.016675119446209807,3,
TRV,2024-10-01,2024-10-07,0.005567429200455942,4,
CPB,2024-10-01,2024-10-09,-0.022423726747261008,6,
MCO,2024-10-07,2024-10-09,0.017861342489867482,2,
SHW,2024-10-07,2024-10-09,0.023415620764193568,2,
ELV,2024-09-26,2024-10-10,-0.052296468262075124,10,
PG,2024-10-07,2024-10-10,-0.004121916165859663,3,
TJX,2024-10-07,2024-10-10,-0.007061735568547278,3,
MDLZ,2024-10-03,2024-10-11,-0.012917876115640547,6,
DOV,2024-10-09,2024-10-14,0.026889803806181334,3,
ES,2024-10-10,2024-10-14,0.0003532124960408112,2,
MAA,2024-09-30,2024-10-14,-0.03244571899888016,10,
ROST,2024-10-02,2024-10-14,-0.028259361625982637,8,
UHS,2024-10-01,2024-10-14,-0.06556555476571768,9,
DHI,2024-10-14,2024-10-15,0.029485734994439294,1,
DOC,2024-10-11,2024-10-15,0.016013111333585073,2,
FMC,2024-10-09,2024-10-15,0.0047823736233065794,4,
KVUE,2024-10-09,2024-10-15,-0.012517708959585927,4,
LEN,2024-10-14,2024-10-15,0.02347980942599892,1,
XEL,2024-10-10,2024-10-15,0.004837633109535222,3,
GIS,2024-10-14,2024-10-16,-0.0010121166650588487,2,
AES,2024-10-10,2024-10-17,0.009856042247740948,5,
SW,2024-10-16,2024-10-17,-0.0067665913550929435,1,
TSLA,2024-10-14,2024-10-18,0.0006315486011796434,4,
NFLX,2024-10-18,2024-10-21,0.03604736007208187,1,
CHTR,2024-10-22,2024-10-23,0.03228785191259398,1,
BKR,2024-10-16,2024-10-24,0.018593511892552428,6,
GEN,2024-10-22,2024-10-25,0.00990510406620726,3,
CPRT,2024-10-18,2024-10-29,-0.04233442523625386,7,
MMM,2024-10-24,2024-10-29,0.005562629110145378,3,
SHW,2024-10-23,2024-10-29,9.208375176639194e-05,4,
GEHC,2024-10-29,2024-10-31,0.003361325409847238,2,
MTD,2024-10-17,2024-10-31,-0.09557669253379564,10,
CF,2024-10-17,2024-11-01,-0.022983735089055712,11,
MRO,2024-10-16,2024-11-01,0.03562730662394742,12,
GIS,2024-10-21,2024-11-04,-0.0306949512611705,10,
SPGI,2024-11-01,2024-11-05,0.006493524884016777,2,
BR,2024-11-04,2024-11-06,0.0662337052002806,2,
CARR,2024-10-25,2024-11-06,0.0206870083699342,8,
EBAY,2024-10-21,2024-11-06,-0.04557010455837762,12,
IBM,2024-10-31,2024-11-06,0.043714579793658004,4,
MTCH,2024-11-01,2024-11-06,0.03881555302390427,3,
PEP,2024-10-29,2024-11-06,-0.01279200623370258,6,
VLTO,2024-10-31,2024-11-06,0.02416318585583288,4,
ERIE,2024-10-17,2024-11-07,-0.1755744657721241,15,
KDP,2024-10-29,2024-11-07,0.013667720303426556,7,
APD,2024-11-05,2024-11-08,0.015672988094902474,3,
LVS,2024-11-06,2024-11-08,-0.008665733097890982,2,
O,2024-11-07,2024-11-12,0.00026743059645162326,3,
ES,2024-11-07,2024-11-15,0.005061401805976251,6,
JNJ,2024-11-08,2024-11-18,-0.030031075029729792,6,
CTVA,2024-11-11,2024-11-19,-0.04440842044690885,6,
MKTX,2024-11-06,2024-11-19,-0.06590275464268869,9,
RMD,2024-11-15,2024-11-19,0.01751946041182073,2,
FMC,2024-11-11,2024-11-20,-0.06990290898136686,7,
IBM,2024-11-18,2024-11-20,0.017287060765321938,2,
ANET,2024-11-19,2024-11-21,0.0553460219426527,2,
LDOS,2024-11-15,2024-11-21,-0.030546348535232637,4,
MLM,2024-11-19,2024-11-21,0.023363085311630893,2,
RVTY,2024-11-14,2024-11-21,-0.07051205618985945,5,
COO,2024-11-15,2024-11-22,-0.0064711639578224345,5,
JKHY,2024-11-12,2024-11-22,-0.027119802242032476,8,
MAS,2024-11-20,2024-11-22,0.02626338649268467,2,
RL,2024-11-21,2024-11-22,0.029138661393168785,1,
URI,2024-11-21,2024-11-22,0.028317555342204148,1,
VMC,2024-11-21,2024-11-22,0.004643736950004973,1,
WAT,2024-11-20,2024-11-22,0.06920689013050674,2,
GM,2024-11-21,2024-11-25,0.06959777596878336,2,
JNPR,2024-11-13,2024-11-25,-0.06649384874144804,8,
MHK,2024-11-19,2024-11-25,0.025285715596701452,4,
MCD,2024-11-22,2024-11-26,0.02751271242176112,2,
AVGO,2024-11-29,2024-12-03,0.02871064005102686,2,
CHRW,2024-11-25,2024-12-04,-0.017041408447288298,6,
ACN,2024-12-04,2024-12-05,0.004774409043211136,1,
ADSK,2024-11-29,2024-12-05,0.04461662980468173,4,
TFC,2024-12-04,2024-12-06,0.01193162707183859,2,
FITB,2024-12-04,2024-12-09,-0.0007275228553161872,3,
JPM,2024-12-04,2024-12-09,0.007912716449513413,3,
KEY,2024-12-04,2024-12-09,0.0006604602965134543,3,
WFC,2024-12-05,2024-12-09,0.010374993096597507,2,
BKR,2024-12-09,2024-12-12,0.018222013658454328,3,
FDX,2024-12-04,2024-12-12,0.0022210698022886444,6,
GL,2024-12-05,2024-12-12,-0.026835336332993953,5,
ODFL,2024-12-06,2024-12-12,-0.003557644241895419,4,
AFL,2024-12-04,2024-12-16,-0.0168851339041437,8,
BRO,2024-12-09,2024-12-16,-0.03832924275097793,5,
MCK,2024-12-12,2024-12-20,-0.0016709646178608706,6,
WEC,2024-12-04,2024-12-23,-0.04340001709744834,13,
LNT,2024-12-09,2024-12-24,-0.028731618373370127,11,
EA,2024-12-23,2024-12-26,0.0028696408590733746,2,
FAST,2024-12-16,2024-12-26,-0.05445772204028376,7,
GWW,2024-12-12,2024-12-26,-0.062018259252931474,9,
MTB,2024-12-04,2024-12-26,-0.10987489616615331,15,
NSC,2024-12-12,2024-12-26,-0.048326931363112835,9,
PNC,2024-12-20,2024-12-26,0.020093133067102587,3,
SBUX,2024-12-24,2024-12-26,0.020497022258330055,1,
WM,2024-12-16,2024-12-26,-0.04684416202119157,7,
GNRC,2024-12-09,2024-12-27,-0.14447506275602395,13,
KVUE,2024-12-12,2024-12-27,-0.019705926392667106,10,
CHTR,2024-12-31,2025-01-03,0.007968118531968438,2,
CHRW,2025-01-03,2025-01-06,0.0027064374013872072,1,
COST,2024-12-31,2025-01-07,-0.0017927047413175412,4,
DAY,2024-12-31,2025-01-07,0.011827015393055973,4,
EBAY,2024-12-31,2025-01-07,0.019795243875760038,4,
FAST,2024-12-31,2025-01-07,-0.00047622725665030785,4,
LYV,2025-01-02,2025-01-08,-0.00811136039577387,4,
KMX,2025-01-06,2025-01-10,-0.0058245720498409925,3,
LNT,2025-01-07,2025-01-10,0.009346923116886119,2,
WEC,2025-01-07,2025-01-10,0.016295120225185533,2,
RCL,2025-01-08,2025-01-14,0.020805043597400763,3,
AIZ,2025-01-10,2025-01-15,0.025503863897475165,3,
GILD,2025-01-10,2025-01-15,0.010837992313849965,3,
PNW,2025-01-07,2025-01-15,0.015422244261282358,5,
T,2025-01-14,2025-01-15,0.019334711552995376,1,
AAPL,2025-01-15,2025-01-16,0.009528558358602002,1,
EPAM,2024-12-31,2025-01-16,-0.03347321287615035,10,
PANW,2025-01-02,2025-01-16,-0.04797641383007223,9,
TAP,2024-12-31,2025-01-16,-0.05176667256232503,10,
FDS,2025-01-07,2025-01-17,-0.019313675489381232,7,
FTNT,2025-01-15,2025-01-17,0.021495644853441576,2,
MKC,2024-12-30,2025-01-17,-0.038013790773435585,12,
ULTA,2025-01-10,2025-01-17,0.01803508924086117,5,
DIS,2025-01-17,2025-01-22,0.0234121506398548,2,
LULU,2025-01-17,2025-01-23,0.011668621437151083,3,
DAY,2025-01-21,2025-01-24,-0.003705934681405121,3,
WRB,2025-01-24,2025-01-28,0.06537766172643034,2,
FICO,2025-01-27,2025-01-29,0.024574464374688798,2,
PCAR,2025-01-29,2025-01-30,0.007982911687729022,1,
BKR,2025-01-28,2025-01-31,0.058139169030349436,3,
CTRA,2025-01-28,2025-01-31,0.014093037023886312,3,
EXPE,2025-01-23,2025-01-31,-0.01229681460683274,6,
JCI,2025-01-28,2025-01-31,0.005589950962797241,3,
PEG,2025-01-28,2025-01-31,0.012228171951917721,3,
TPL,2025-01-28,2025-01-31,0.03263747449856513,3,
KMI,2025-01-28,2025-02-04,0.001250470566924955,5,
EOG,2025-01-27,2025-02-05,-0.03397213080702122,7,
CHTR,2025-01-31,2025-02-06,-0.03591488139264565,4,
HPE,2025-02-04,2025-02-06,0.04552588064624907,2,
LUV,2025-02-03,2025-02-06,0.02810414130999228,3,
OKE,2025-01-28,2025-02-06,-0.021469771713345298,7,
CAT,2025-02-04,2025-02-07,-0.0031049231415380962,3,
IP,2025-02-03,2025-02-07,0.014095874291797816,4,
PKG,2025-01-30,2025-02-07,-0.006007917688227282,6,
TDG,2025-02-06,2025-02-10,0.03073291092289554,2,
CHRW,2025-02-03,2025-02-11,-0.0011921684719532477,6,
EMR,2025-02-06,2025-02-11,-0.0014439106728152407,3,
J,2025-02-06,2025-02-11,0.00854215390412727,3,
PAYC,2025-02-10,2025-02-11,-0.0007173274750174041,1,
ROK,2025-02-04,2025-02-11,0.11531499593313055,5,
APD,2025-02-10,2025-02-14,0.01631095484509748,4,
INCY,2025-02-11,2025-02-14,0.04426608689578315,3,
TSLA,2025-02-11,2025-02-14,0.04077353485014168,3,
BX,2025-02-14,2025-02-18,0.01719078825187914,1,
ANSS,2025-02-11,2025-02-19,-0.002233602091958886,5,
KKR,2025-02-05,2025-02-19,-0.045359627698421945,9,
BLK,2025-02-10,2025-02-20,-0.010523647207064335,7,
IT,2025-02-10,2025-02-20,-0.038171427560462545,7,
RVTY,2025-02-07,2025-02-20,-0.0304189204966121,8,
TDY,2025-02-14,2025-02-20,-0.0005191151212785572,3,
WAT,2025-02-14,2025-02-20,-0.00477415191699504,3,
BMY,2025-02-11,2025-02-21,-0.0014575897082672595,7,
AIZ,2025-02-19,2025-02-25,0.010304128978303684,4,
LULU,2025-02-18,2025-02-25,-5.679646462031229e-06,5,
BR,2025-02-21,2025-02-26,-0.00013533682027466742,3,
HD,2025-02-25,2025-02-26,0.024546233621289604,1,
WMT,2025-02-21,2025-02-26,0.010098346546825177,3,
EPAM,2025-02-21,2025-02-27,-0.0469292966970003,4,
KKR,2025-02-21,2025-02-27,-0.013677815886577904,4,
ZBRA,2025-02-11,2025-02-27,-0.10744519625480198,11,
AMZN,2025-02-21,2025-03-03,-0.04638241880539662,6,
BKR,2025-02-27,2025-03-03,0.022271585122363824,2,
BSX,2025-02-26,2025-03-03,0.04192479985770281,3,
META,2025-02-26,2025-03-03,0.01922830868020564,3,
PNR,2025-02-20,2025-03-03,-0.01261058234795831,7,
IBM,2025-03-03,2025-03-05,-0.0143780361523288,2,
CTSH,2025-03-03,2025-03-06,0.0003827825536402152,3,
AVGO,2025-02-24,2025-03-10,-0.13439533563921313,10,
GEHC,2025-03-03,2025-03-10,-0.021561035642670978,5,
KEYS,2025-02-27,2025-03-10,-0.05545247630633121,7,
TSLA,2025-02-27,2025-03-13,-0.14949087263829175,10,
VST,2025-02-25,2025-03-13,-0.12662295576397065,12,
ADSK,2025-03-03,2025-03-17,-0.09273850623495006,10,
CFG,2025-03-10,2025-03-17,-0.004945650969357285,5,
FTV,2025-03-05,2025-03-17,-0.05148570653487661,8,
JBL,2025-02-26,2025-03-17,-0.15655809948212784,13,
JPM,2025-03-13,2025-03-17,0.006184437496230988,2,
ACN,2025-03-03,2025-03-18,-0.0756299901541364,11,
LYV,2025-03-10,2025-03-18,-0.026472626685184686,6,
TPR,2025-03-10,2025-03-18,-0.02356825042121946,6,
WMT,2025-03-13,2025-03-18,0.027375731499664324,3,
ECL,2025-03-17,2025-03-19,0.015803338701952052,2,
RL,2025-03-06,2025-03-20,-0.09381796631667627,10,
ABT,2025-03-17,2025-03-25,0.00556261191578078,6,
GILD,2025-03-17,2025-03-26,-0.024932282434255715,7,
AEE,2025-03-26,2025-03-27,0.017717626776910356,1,
AWK,2025-03-25,2025-03-27,0.013443779147597201,2,
KMB,2025-03-25,2025-03-27,0.018940111723186437,2,
LKQ,2025-03-24,2025-03-27,0.006369959481355769,3,
CHD,2025-03-26,2025-03-28,0.038268613313288125,2,
LNT,2025-03-26,2025-03-28,0.021771591093432185,2,
XEL,2025-03-26,2025-03-28,0.02544294498901345,2,
ABBV,2025-03-25,2025-03-31,-0.02484685999621905,4,
AMGN,2025-03-27,2025-04-01,0.012211631842939719,3,
LH,2025-03-24,2025-04-01,-0.018666569959388424,6,
MDT,2025-03-24,2025-04-01,-0.015158968328714328,6,
SYK,2025-03-31,2025-04-01,0.019423471397727488,1,
JCI,2025-03-31,2025-04-02,0.015517547771898732,2,
AXON,2025-04-01,2025-04-03,0.019202208341557725,2,
GLW,2025-04-02,2025-04-03,-0.005577472188823873,1,
MET,2025-03-31,2025-04-03,-0.0019980019980018193,3,
MMM,2025-03-31,2025-04-03,-0.009968773516153995,3,
NTRS,2025-03-31,2025-04-03,-0.029593443157475918,3,
RCL,2025-04-01,2025-04-03,-0.043622076156302536,2,
TRMB,2025-03-31,2025-04-03,-0.019122484686307284,3,
BA,2025-04-02,2025-04-10,-0.07049067872776571,6,
CSCO,2025-04-04,2025-04-10,0.018434087103956998,4,
CTRA,2025-04-04,2025-04-10,-0.04162847461816532,4,
CVX,2025-04-04,2025-04-10,-0.058158588918030496,4,
HES,2025-04-04,2025-04-10,-0.060531433851702565,4,
LUV,2025-04-02,2025-04-10,-0.12119579419341686,6,
MOS,2025-04-03,2025-04-10,-0.04600434800462361,5,
TDY,2025-04-04,2025-04-10,-0.004766202175259915,4,
VRTX,2025-04-03,2025-04-10,-0.004118752627109812,5,
ICE,2025-04-02,2025-04-11,-0.09330124070513934,7,
ADP,2025-04-22,2025-04-23,0.018874468440446268,1,
BRO,2025-04-22,2025-04-23,0.0170963055173341,1,
TAP,2025-04-22,2025-04-23,0.013379558751500431,1,
CVS,2025-04-22,2025-04-25,0.014168384125047728,3,
PAYX,2025-04-22,2025-04-25,0.011706076264262899,3,
PGR,2025-04-22,2025-04-25,0.016371342751716922,3,
CBOE,2025-04-24,2025-04-28,0.007185714049273706,2,
KDP,2025-04-29,2025-05-01,0.0044464259383432125,2,
BRO,2025-04-30,2025-05-06,0.01750354593031722,4,
VICI,2025-05-02,2025-05-06,-0.0023119450026298782,2,
GL,2025-05-02,2025-05-08,0.02035093226556617,4,
PSKY,2025-05-06,2025-05-08,0.029273356786459592,2,
EW,2025-05-12,2025-05-13,0.004440663126887623,1,
GILD,2025-05-07,2025-05-13,0.04582690922762045,4,
FTNT,2025-05-09,2025-05-14,0.06671419214855878,3,
AEE,2025-05-13,2025-05-16,0.021248255651939107,3,
AEP,2025-05-09,2025-05-16,-0.029234468177869566,5,
AMT,2025-05-09,2025-05-16,-0.02089415845684306,5,
CCI,2025-05-09,2025-05-16,-0.025413519685138608,5,
MDLZ,2025-05-12,2025-05-16,-0.014962992435763378,4,
ORLY,2025-05-09,2025-05-16,0.007510814102453578,5,
RSG,2025-05-13,2025-05-16,0.009575923663898811,3,
WEC,2025-05-13,2025-05-16,0.0064909263569323805,3,
K,2025-05-13,2025-05-19,0.0018857465044990196,4,
KR,2025-05-14,2025-05-19,0.025701887572164628,3,
AXP,2025-05-22,2025-05-28,0.02536026607560582,3,
COF,2025-05-22,2025-05-28,0.033117746407176574,3,
GEN,2025-05-22,2025-05-28,0.020412724517814063,3,
MAR,2025-05-22,2025-05-28,0.02133817765879442,3,
MS,2025-05-22,2025-05-28,0.034843465457609524,3,
STT,2025-05-22,2025-05-28,0.026871927009145757,3,
SYF,2025-05-22,2025-05-28,0.03220530026519741,3,
WFC,2025-05-22,2025-05-28,0.012465761881978787,3,
WYNN,2025-05-22,2025-05-28,0.013773701867032528,3,
F,2025-05-28,2025-06-02,-0.0068332093585240505,3,
FE,2025-05-29,2025-06-02,0.011130426811629679,2,
GDDY,2025-05-22,2025-06-02,-0.013540948818860699,6,
VRSN,2025-05-28,2025-06-02,0.00733193525184328,3,
AZO,2025-05-28,2025-06-03,0.007984831567686479,4,
DE,2025-05-30,2025-06-03,0.0008072877177729421,2,
YUM,2025-05-29,2025-06-03,0.003438034012940072,3,
LYV,2025-05-30,2025-06-05,0.036694524131532624,4,
UBER,2025-06-03,2025-06-06,0.019795097389990968,3,
ALLE,2025-06-05,2025-06-09,0.006724721697733527,2,
CHTR,2025-06-04,2025-06-09,0.005580950859133349,3,
DPZ,2025-06-03,2025-06-09,0.008328578131985065,4,
TPL,2025-05-28,2025-06-09,-0.10065923427342316,8,
BRK-B,2025-06-05,2025-06-10,0.001886231259208948,3,
MDLZ,2025-06-09,2025-06-10,0.008892495215031326,1,
ATO,2025-06-05,2025-06-11,0.002393273318892719,4,
NWS,2025-06-05,2025-06-11,-0.010649374994189942,4,
PNW,2025-06-09,2025-06-11,0.00573934423963518,2,
WYNN,2025-06-03,2025-06-11,-0.0012000598751124025,6,
CME,2025-06-10,2025-06-13,0.01685668383171568,3,
CNP,2025-06-11,2025-06-13,0.002137302209181069,2,
KMB,2025-06-05,2025-06-13,-0.014642797684499387,6,
MOS,2025-06-09,2025-06-13,-0.008855206479566502,4,
RSG,2025-06-10,2025-06-13,0.006598950861361308,3,
BSX,2025-06-13,2025-06-16,0.02331030619300356,1,
NRG,2025-06-11,2025-06-16,0.017629216939970993,3,
PGR,2025-06-11,2025-06-16,0.011298140620874086,3,
PODD,2025-06-06,2025-06-16,-0.03414610574178634,6,
RL,2025-06-13,2025-06-17,0.015494771739846369,2,
WMT,2025-06-13,2025-06-20,0.005604226973070725,4,
CHTR,2025-06-17,2025-06-23,0.03479552038572131,3,
ADP,2025-06-13,2025-06-24,0.011587307353486676,6,
BKNG,2025-06-16,2025-06-24,0.010187973715033882,5,
BR,2025-06-16,2025-06-24,0.017075550147939378,5,
ES,2025-06-20,2025-06-24,0.010252308872687577,2,
EW,2025-06-11,2025-06-24,-0.0033144336057572277,8,
FFIV,2025-06-16,2025-06-24,0.024210779743883748,5,
KO,2025-06-23,2025-06-24,0.009549649883833888,1,
CDNS,2025-06-24,2025-06-25,0.004681140888769031,1,
MCD,2025-06-09,2025-06-25,-0.0442865834131958,11,
PAYC,2025-06-16,2025-06-25,-0.049884294099492466,6,
PAYX,2025-06-13,2025-06-25,-0.04974931143848127,7,
DE,2025-06-26,2025-06-30,0.006666650612074276,2,
CF,2025-06-26,2025-07-01,0.0026951427116332916,3,
EBAY,2025-06-25,2025-07-01,0.005666520030278788,4,
MOS,2025-06-27,2025-07-01,0.03522819469025751,2,
ULTA,2025-06-26,2025-07-01,0.01585020714248153,3,
MO,2025-07-02,2025-07-03,0.007209618091848835,1,
CTRA,2025-06-30,2025-07-09,-0.01571758955890934,6,
EW,2025-07-09,2025-07-10,0.009179004346326014,1,
EQT,2025-07-02,2025-07-14,-0.00914569270278287,7,
EXE,2025-07-02,2025-07-15,-0.024511990427134922,8,
GL,2025-07-10,2025-07-15,0.01975842215653345,3,
KMI,2025-07-10,2025-07-15,0.01889878741559614,3,
LYV,2025-07-09,2025-07-15,0.019133511203393017,4,
O,2025-07-10,2025-07-15,0.022780702742519532,3,
AME,2025-07-15,2025-07-18,0.0033439180333798557,3,
CTVA,2025-07-15,2025-07-18,-0.005126580452056717,3,
DGX,2025-07-09,2025-07-18,-0.030691366217689087,7,
EA,2025-07-08,2025-07-18,-0.02210379267361917,8,
MNST,2025-07-10,2025-07-18,-0.00250058453668367,6,
AIG,2025-07-15,2025-07-21,-0.0027336904585109068,4,
CRWD,2025-07-18,2025-07-21,0.011535909229752006,1,
MPWR,2025-07-18,2025-07-21,0.010063048146580655,1,
VST,2025-07-18,2025-07-21,0.05706759950651197,1,
IDXX,2025-07-16,2025-07-22,0.009680721223024102,4,
T,2025-07-14,2025-07-22,0.013884350201721851,6,
UBER,2025-07-18,2025-07-22,0.00547602487863319,2,
USB,2025-07-18,2025-07-22,0.0067911291804299,2,
CVS,2025-07-15,2025-07-24,-0.03539330445709388,7,
GD,2025-07-22,2025-07-24,0.07853731710170275,2,
LVS,2025-07-22,2025-07-24,0.0560900327900673,2,
SPGI,2025-07-23,2025-07-24,0.015158058877427827,1,
STE,2025-07-10,2025-07-24,-0.02547229002253637,10,
WYNN,2025-07-21,2025-07-24,0.01150113519219964,3,
CAH,2025-07-23,2025-07-25,0.0031352162124675953,2,
AXON,2025-07-24,2025-07-28,0.04773088584672891,2,
MMM,2025-07-25,2025-07-28,0.001994046602811217,1,
VRSK,2025-07-25,2025-07-28,-0.0032749233188682503,1,
ADI,2025-07-23,2025-07-29,0.0032348006512870064,4,
HAS,2025-07-25,2025-07-29,0.006029184939098986,2,
PM,2025-07-25,2025-07-30,0.004867285698602286,3,
TXN,2025-07-22,2025-07-30,-0.1040642691087802,6,
COR,2025-07-29,2025-07-31,0.01680915694266516,2,
KR,2025-07-29,2025-08-01,0.01090721841469633,3,
AES,2025-07-31,2025-08-04,0.03007250828669794,2,
SBAC,2025-07-29,2025-08-04,0.0013815852901599701,4,
AMT,2025-07-30,2025-08-05,0.0013041267645377275,4,
DIS,2025-08-04,2025-08-05,0.010887070995137194,1,
PNR,2025-07-25,2025-08-05,-0.004704174140122586,7,
TTWO,2025-07-25,2025-08-05,-0.0012031654933318814,7,
FAST,2025-08-05,2025-08-07,0.040839432394383035,2,
IBM,2025-07-25,2025-08-07,-0.029671204758451863,9,
PNC,2025-08-01,2025-08-07,0.012164115967840283,4,
COIN,2025-07-29,2025-08-08,-0.18971363262434393,8,
BAC,2025-08-08,2025-08-11,0.018116762901358108,1,
GEN,2025-08-04,2025-08-11,0.057909805704177364,5,
TKO,2025-08-07,2025-08-11,0.03887109218612328,2,
WFC,2025-08-05,2025-08-11,-0.0003636802391219218,4,
EMR,2025-08-07,2025-08-13,-0.018539471578145728,4,
LII,2025-08-05,2025-08-13,-0.01515560885811329,6,
LUV,2025-07-29,2025-08-13,-0.06374275857184009,11,
MCHP,2025-08-11,2025-08-13,0.04474307362572971,2,
PWR,2025-08-05,2025-08-13,-0.012705181814813726,6,
SMCI,2025-08-11,2025-08-13,0.027888890631722063,2,
FTNT,2025-07-31,2025-08-14,-0.23834886529257238,10,
MOS,2025-08-07,2025-08-14,0.025199884006615214,5,
WBD,2025-08-11,2025-08-14,0.08284132143050771,3,
LHX,2025-08-11,2025-08-15,0.0014055464931572725,4,
CSGP,2025-08-13,2025-08-18,-0.000654700094985694,3,
AXON,2025-08-15,2025-08-19,0.03740538297682594,2,
BR,2025-08-15,2025-08-20,0.015090819892707774,3,
CCI,2025-08-14,2025-08-20,0.017698110772210507,4,
KR,2025-08-14,2025-08-20,0.009788895742972148,4,
VTR,2025-08-15,2025-08-20,0.007758735351726775,3,
WELL,2025-08-14,2025-08-20,0.0036163753822215927,4,
CNP,2025-08-19,2025-08-21,0.017837289992902017,2,
GL,2025-08-18,2025-08-21,0.025845233642764587,3,
ICE,2025-08-13,2025-08-21,-0.019115890954521597,6,
HWM,2025-08-18,2025-08-22,0.010421883924344844,4,
BEN,2025-08-21,2025-08-25,0.030563206080348904,2,
BX,2025-08-21,2025-08-25,0.031836685028600265,2,
JBL,2025-08-20,2025-08-25,0.022864473335076685,3,
KKR,2025-08-21,2025-08-25,0.024394955570322674,2,
META,2025-08-22,2025-08-25,0.019049409987097254,1,
NDAQ,2025-08-18,2025-08-25,-0.002630423662121073,5,
AVGO,2025-08-20,2025-08-26,-0.005747300145466094,4,
DELL,2025-08-20,2025-08-26,-0.02292623466857857,4,
CEG,2025-08-25,2025-08-27,0.017099753340814816,2,
NRG,2025-08-26,2025-08-27,0.00997805978622024,1,
PLTR,2025-08-20,2025-08-27,0.06366177530683625,5,
MSFT,2025-08-20,2025-08-28,-0.005807783513152143,6,
MSI,2025-08-27,2025-08-28,0.00981255150975091,1,
INTU,2025-08-25,2025-08-29,0.002819526670680972,4,
NSC,2025-08-28,2025-08-29,-0.00665148288597206,1,
CSX,2025-08-25,2025-09-02,-0.07375660148309127,5,
MNST,2025-08-26,2025-09-02,0.002658070940047663,4,
EBAY,2025-08-27,2025-09-05,-0.01555499683853434,6,
RMD,2025-09-02,2025-09-05,0.010902271794270613,3,
WTW,2025-08-29,2025-09-05,0.005693694675082517,4,
GILD,2025-08-26,2025-09-08,0.0008821247281163291,8,
GNRC,2025-09-02,2025-09-08,-0.001942957919740529,4,
GEN,2025-08-29,2025-09-09,-0.001004612952880124,6,
AEP,2025-09-05,2025-09-11,-0.00804098340601811,4,
AMD,2025-09-08,2025-09-11,0.042839715859855465,3,
DUK,2025-09-09,2025-09-11,0.007214329202948733,2,
EXC,2025-08-29,2025-09-11,-0.01430496663266334,8,
NEE,2025-08-28,2025-09-11,-0.03319409021095121,9,
NI,2025-09-05,2025-09-11,0.02934759493676431,4,
ABT,2025-09-11,2025-09-12,0.014393000305828574,1,
CCI,2025-08-29,2025-09-12,-0.02779959428221246,9,
CTAS,2025-08-26,2025-09-12,-0.03677259837282598,12,
ICE,2025-09-08,2025-09-12,0.010837456791167321,4,
TSCO,2025-09-11,2025-09-12,0.01777791442314469,1,
EL,2025-09-15,2025-09-16,0.021691784383615298,1,
MGM,2025-09-11,2025-09-16,-0.006464580107017226,3,
BG,2025-09-16,2025-09-17,0.03381308730306176,1,
NXPI,2025-09-11,2025-09-17,-0.001244583280816669,4,
MCD,2025-09-11,2025-09-18,-0.017510848832647752,5,
TROW,2025-09-17,2025-09-18,0.013372117198784839,1,
BA,2025-09-12,2025-09-19,-0.011801485450911864,5,
DAL,2025-09-17,2025-09-19,0.021401992253931912,2,
KEY,2025-09-17,2025-09-19,0.02419486080853761,2,
TXN,2025-09-05,2025-09-19,-0.025950505789745337,10,
VTRS,2025-09-15,2025-09-19,-0.013020077974203126,4,
PODD,2025-09-18,2025-09-23,0.03184417190007838,3,
EW,2025-09-11,2025-09-24,-0.052127708846193443,9,
VICI,2025-09-17,2025-09-24,-0.013715186706319882,5,
BSX,2025-09-15,2025-09-25,-0.048107423290496,8,
HUM,2025-09-19,2025-09-25,-0.008394246821604945,4,
NUE,2025-09-19,2025-09-25,0.00704846273901949,4,
HD,2025-09-25,2025-09-29,0.006346276258030192,2,
LEN,2025-09-23,2025-09-29,0.038587114263905375,4,
AMZN,2025-09-24,2025-09-30,-0.011437035771452164,4,
BR,2025-09-19,2025-09-30,-0.0327876606191283,7,
KIM,2025-09-18,2025-09-30,-0.014728809970726897,8,
LYV,2025-09-19,2025-09-30,0.0017601007468766028,7,
BEN,2025-09-29,2025-10-01,0.0019326624035100881,2,
MSI,2025-09-25,2025-10-01,-0.004602385210469406,4,
AVGO,2025-09-30,2025-10-02,0.05087684792663061,2,
NKE,2025-09-19,2025-10-02,0.03944101693742952,9,
MAS,2025-09-30,2025-10-03,0.009657906625654356,3,
NTAP,2025-09-30,2025-10-03,0.015214100742800607,3,
PODD,2025-09-30,2025-10-03,0.0006619262242613111,3,
SYF,2025-10-01,2025-10-06,0.008671342347420508,3,
UAL,2025-09-29,2025-10-07,-0.026875595933799068,6,
NFLX,2025-10-02,2025-10-08,0.028599346977031148,4,
META,2025-10-01,2025-10-09,-0.006438184775995559,6,
GL,2025-10-07,2025-10-10,0.011089852965409985,3,
T,2025-09-25,2025-10-13,-0.09106630005318173,12,
LYV,2025-10-09,2025-10-14,0.020365294220242136,3,
VLO,2025-10-06,2025-10-14,-0.018711584945872328,6,
BX,2025-10-03,2025-10-15,-0.009275293693617348,8,
HD,2025-10-03,2025-10-15,-0.014405592484148744,8,
LOW,2025-09-24,2025-10-15,-0.06683398861185808,15,
MTB,2025-10-08,2025-10-15,-0.011206604037338419,5,
NCLH,2025-10-02,2025-10-15,-0.018015293451044023,9,
PNC,2025-10-03,2025-10-15,-0.06923715305557732,8,
PSX,2025-10-13,2025-10-15,0.028565794914276355,2,
VRSN,2025-10-10,2025-10-15,0.010238852439419688,3,
ES,2025-10-15,2025-10-16,0.012600071333855656,1,
IBM,2025-10-15,2025-10-16,0.007789072915894479,1,
VLTO,2025-10-14,2025-10-17,0.008373113598954651,3,
ABBV,2025-10-16,2025-10-20,0.019089648547677696,2,
FAST,2025-10-14,2025-10-20,0.013476779725916765,4,
HUM,2025-10-15,2025-10-20,0.05563790565935367,3,
MRK,2025-10-17,2025-10-20,0.021609889250152836,1,
PFE,2025-10-15,2025-10-20,0.0012621076159151645,3,
CINF,2025-10-17,2025-10-21,0.013394306212799467,2,
COIN,2025-10-15,2025-10-21,-0.012185520749786849,4,
HOOD,2025-10-20,2025-10-21,0.01195188698523797,1,
LMT,2025-10-17,2025-10-21,-0.017808014318602128,2,
NFLX,2025-10-17,2025-10-21,0.047944227907630754,2,
APP,2025-10-22,2025-10-24,0.06614932775805982,2,
GEV,2025-10-22,2025-10-24,-0.0019980019980015973,2,
BLK,2025-10-24,2025-10-27,0.00247926041077684,1,
CEG,2025-10-23,2025-10-27,0.1072465669923297,2,
NRG,2025-10-23,2025-10-27,0.06356414142417322,2,
VST,2025-10-22,2025-10-27,0.08372747139752401,3,
ULTA,2025-10-17,2025-10-28,-0.030069865242495664,7,
PHM,2025-10-23,2025-10-29,-0.012759432449105379,4,
AEP,2025-10-24,2025-10-30,0.04153124951835507,4,
NSC,2025-10-27,2025-10-31,-0.007449080338951197,4,
SO,2025-10-30,2025-10-31,0.013230545832394247,1,
WMB,2025-10-24,2025-10-31,-0.03377935356642958,5,
LH,2025-10-29,2025-11-04,-0.007431154399450857,4,
RJF,2025-10-31,2025-11-04,-0.000860796107774342,2,
ALLE,2025-10-27,2025-11-05,-0.01991696961140821,7,
WMT,2025-10-31,2025-11-05,-0.0016054651758176108,3,
HSY,2025-10-24,2025-11-06,-0.0797537644152353,9,
ORLY,2025-10-24,2025-11-06,-0.051361306939347706,9,
RL,2025-11-05,2025-11-06,0.05829709741603262,1,
TPR,2025-11-04,2025-11-06,-0.1008477382080113,2,
RMD,2025-10-27,2025-11-07,-0.044423685740395125,9,
BLK,2025-11-04,2025-11-10,0.023097895184200246,4,
DTE,2025-10-31,2025-11-10,0.0028243495001589736,6,
SYY,2025-10-27,2025-11-10,-0.02584331539552287,10,
IQV,2025-11-05,2025-11-11,0.019931405785592382,4,
MSFT,2025-11-07,2025-11-11,0.013766745213169784,2,
URI,2025-10-28,2025-11-11,-0.05611641914260346,10,
ADM,2025-11-06,2025-11-12,0.016493342466523675,4,
CRL,2025-11-06,2025-11-12,0.02959863605525448,4,
DHR,2025-11-10,2025-11-12,0.03030200954181561,2,
EL,2025-11-06,2025-11-12,0.0023840213688195444,4,
TECH,2025-11-10,2025-11-12,0.02132381146567508,2,
ROL,2025-11-14,2025-11-19,0.010613059035744277,3,
ORCL,2025-11-13,2025-11-20,0.02537063816349705,5,
VST,2025-11-14,2025-11-20,0.1033062846104249,4,
SNA,2025-11-14,2025-11-21,0.00015073437777290977,5,
APTV,2025-11-20,2025-11-24,0.020544053259898387,2,
BBY,2025-11-14,2025-11-24,-0.004584898817823979,6,
DELL,2025-11-10,2025-11-24,-0.16822059685315183,10,
LW,2025-11-13,2025-11-24,-0.019795035555124962,7,
WSM,2025-11-17,2025-11-24,-0.017707140381283293,5,
XYL,2025-11-14,2025-11-24,-0.04433872650515591,6,
AMZN,2025-11-19,2025-11-25,0.009777829775067914,4,
ANET,2025-11-06,2025-11-25,-0.13149341358536581,13,
EME,2025-11-24,2025-11-25,0.015270495302109888,1,
PCG,2025-11-20,2025-11-25,0.001770379726087512,3,
PLTR,2025-11-24,2025-11-25,0.014480128858739727,1,
RTX,2025-11-24,2025-11-25,0.018518554678315535,1,
AMD,2025-11-24,2025-11-28,0.041263503696654436,3,
MSFT,2025-11-24,2025-11-28,0.02447532698335797,3,
CVX,2025-11-26,2025-12-01,0.021494730932425155,2,
DDOG,2025-11-21,2025-12-01,0.005765381779286871,5,
LHX,2025-11-24,2025-12-01,-0.0014917161324580208,4,
XOM,2025-11-26,2025-12-01,0.01274387497966023,2,
AIZ,2025-12-03,2025-12-05,0.00773861963661604,2,
COR,2025-12-03,2025-12-11,-0.030339058296257604,6,
MCK,2025-12-03,2025-12-11,-0.02920029624172149,6,
ALL,2025-12-05,2025-12-12,0.0037056597499274258,5,
DGX,2025-12-03,2025-12-12,-0.008042541754040733,7,
HIG,2025-12-04,2025-12-12,0.022782525345195648,6,
TRV,2025-12-04,2025-12-12,0.003996623531060006,6,
WRB,2025-12-02,2025-12-12,-0.04052031527064803,8,
CNP,2025-12-11,2025-12-15,0.013470811859871867,2,
CAH,2025-12-03,2025-12-16,-0.03263478174681367,9,
FE,2025-12-12,2025-12-16,0.005230615760906998,2,
ISRG,2025-12-12,2025-12-16,0.021855320147207813,2,
UHS,2025-12-04,2025-12-16,-0.026044161518427367,8,
WEC,2025-12-04,2025-12-16,-0.012280885596778424,8,
WELL,2025-12-12,2025-12-16,0.021915823105275845,2,
XEL,2025-12-11,2025-12-16,0.01230116550243121,3,
APH,2025-12-15,2025-12-19,-0.000688113184736272,4,
AMD,2025-12-16,2025-12-22,0.06108854389788676,4,
AVGO,2025-12-16,2025-12-22,0.02969886106166686,4,
CRWD,2025-12-16,2025-12-22,-0.015751003666084507,4,
DDOG,2025-12-16,2025-12-22,0.008356420803264042,4,
EXE,2025-12-12,2025-12-22,-0.04774665434039749,6,
HOOD,2025-12-16,2025-12-22,0.056285438343903316,4,
MTCH,2025-12-16,2025-12-22,0.011765456347540004,4,
APA,2025-12-16,2025-12-23,-0.02591180222224343,5,
BLK,2025-12-22,2025-12-23,0.015990511670548546,1,
EQT,2025-12-12,2025-12-24,-0.042067048200923995,8,
BXP,2025-12-22,2025-12-26,0.007168730256954525,3,
DHI,2025-12-22,2025-12-29,-0.00458784303442894,4,
PHM,2025-12-22,2025-12-29,-0.01649323500698563,4,
BG,2025-12-23,2025-12-30,0.000996965052994625,4,
PSX,2025-12-22,2025-12-30,-0.012859138234746048,5,
WMT,2025-12-23,2025-12-30,-0.0028891411968025027,4,
MDT,2025-12-30,2025-12-31,0.0003851355694211023,1,
PEP,2025-12-23,2025-12-31,-0.024780033839829296,5,
HOLX,2025-12-26,2026-01-05,-0.001730081998538302,5,
MET,2025-12-30,2026-01-05,-0.0066057320100737504,3,
MPC,2025-12-19,2026-01-05,0.02621319846235548,9,
PRU,2025-12-24,2026-01-05,-0.01461769219203568,6,
WSM,2025-12-31,2026-01-05,0.03452374374511358,2,
WYNN,2025-12-30,2026-01-05,-0.00648721885806991,3,
CVNA,2026-01-05,2026-01-06,0.07583929562537128,1,
KKR,2025-12-22,2026-01-06,0.026636332966746057,9,
TSLA,2025-12-30,2026-01-06,-0.03383690758987734,4,
AKAM,2026-01-05,2026-01-07,0.034256761953294745,2,
CTSH,2026-01-05,2026-01-07,0.038433318333739086,2,
PLTR,2025-12-31,2026-01-07,-0.009326133444791496,4,
YUM,2026-01-05,2026-01-07,0.007213740901476529,2,
GILD,2026-01-06,2026-01-08,0.047471565393608195,2,
TSN,2026-01-07,2026-01-09,0.024936427337484357,2,
APP,2026-01-05,2026-01-12,0.03181804801948784,5,
AVGO,2026-01-09,2026-01-12,0.006950698036092495,1,
VTR,2026-01-07,2026-01-13,-0.011819567507691198,4,
AAPL,2026-01-07,2026-01-14,-0.016065666016306768,5,
AMD,2026-01-12,2026-01-14,0.07915973679741417,2,
CSCO,2026-01-06,2026-01-14,-0.009925973474881111,6,
HPE,2026-01-08,2026-01-14,-0.007368368718915108,4,
JCI,2026-01-12,2026-01-14,0.009349089257255638,2,
MGM,2026-01-07,2026-01-14,-0.031235269367585028,5,
TKO,2026-01-06,2026-01-14,0.01329184176499032,6,
AFL,2026-01-14,2026-01-15,0.018310954967573956,1,
AIG,2026-01-05,2026-01-16,-0.12095562857561903,9,
C,2026-01-15,2026-01-16,0.03262749219113115,1,
LVS,2025-12-31,2026-01-16,-0.07737669479476439,11,
SYF,2026-01-13,2026-01-20,-0.02421762698211638,4,
TRV,2026-01-14,2026-01-22,-0.00445860517380392,5,
VRTX,2026-01-16,2026-01-22,0.05075022881967017,3,
BAC,2026-01-15,2026-01-23,-0.013545456736569483,5,
TTWO,2026-01-16,2026-01-23,-0.017601338980884895,4,
WFC,2026-01-16,2026-01-23,-0.018377071449219184,4,
PLTR,2026-01-22,2026-01-26,-0.006222171072371108,2,
AFL,2026-01-26,2026-01-27,0.007930978039145886,1,
ISRG,2026-01-15,2026-01-27,-0.040080472945988266,7,
L,2026-01-14,2026-01-27,-0.003550894846678032,8,
NCLH,2026-01-20,2026-01-27,-0.01147564979189375,5,
APP,2026-01-22,2026-01-28,0.012566553834567173,4,
TEL,2026-01-26,2026-01-28,0.012597569547966314,2,
JPM,2026-01-14,2026-01-29,-0.020779408984078374,10,
WMT,2026-01-29,2026-01-30,0.0019443563666603492,1,
FRT,2026-01-29,2026-02-02,0.006946464616316206,2,
TJX,2026-01-27,2026-02-02,-0.0033242302633841314,4,
JKHY,2026-01-28,2026-02-03,-0.019873996743822064,4,
QCOM,2026-01-14,2026-02-03,-0.08107483588700781,13,
UAL,2026-01-28,2026-02-03,0.04147650512735135,4,
DLTR,2026-01-23,2026-02-04,-0.08009771007823363,8,
EXR,2026-01-27,2026-02-04,-0.0055791776267923865,6,
HWM,2026-02-03,2026-02-04,0.008272129165346254,1,
TXT,2026-01-29,2026-02-04,0.022828444055979835,4,
WAT,2026-02-02,2026-02-04,0.03667749191126535,2,
WY,2026-01-28,2026-02-04,0.017451033000916993,5,
BA,2026-01-30,2026-02-05,0.0006092006911344594,4,
AVGO,2026-02-05,2026-02-09,0.050165787874802525,2,
EA,2026-02-04,2026-02-09,-0.009476083662268597,3,
HOLX,2026-02-03,2026-02-09,-0.00026141707308857676,4,
IDXX,2026-02-03,2026-02-09,0.01704840792681228,4,
PPL,2026-02-04,2026-02-09,0.0016301113076768736,3,
WBD,2026-02-04,2026-02-09,0.00313875045307066,3,
EPAM,2026-02-04,2026-02-10,0.06166165588981487,4,
RVTY,2026-02-04,2026-02-10,0.005583224510215867,4,
AIZ,2026-02-12,2026-02-18,0.011645052958423108,3,
CHRW,2026-02-13,2026-02-19,0.07702234735431324,3,
EXPD,2026-02-13,2026-02-19,0.05432243846559093,3,
IQV,2026-02-04,2026-02-19,-0.16167830654460535,10,
TMO,2026-02-02,2026-02-19,-0.11619899738870265,12,
TSN,2026-02-13,2026-02-19,0.003195036416467234,3,
FOX,2026-02-09,2026-02-23,-0.11189802058502851,9,
FOXA,2026-02-09,2026-02-23,-0.12895778325033092,9,
GOOG,2026-02-09,2026-02-23,-0.008522033545232621,9,
GOOGL,2026-02-09,2026-02-23,-0.007844288328727855,9,
CAG,2026-02-23,2026-02-24,0.02834296345127707,1,
MDT,2026-02-18,2026-02-24,0.024407477050156556,4,
SHW,2026-02-20,2026-02-24,0.022933889267224616,2,
ETN,2026-02-24,2026-02-25,0.02591313270000728,1,
INTC,2026-02-23,2026-02-25,0.04327312499442648,2,
PFE,2026-02-23,2026-02-25,0.016789686595172215,2,
TSLA,2026-02-24,2026-02-25,0.02960329758498803,1,
NTRS,2026-02-24,2026-02-26,0.043644941763694156,2,
ALLE,2026-02-19,2026-02-27,-0.02194576566193207,6,
PKG,2026-02-24,2026-02-27,0.008968571142722315,3,
GILD,2026-02-25,2026-03-02,0.0015238850266858783,3,
NUE,2026-02-25,2026-03-02,0.003568835502860468,3,
SW,2026-02-25,2026-03-02,-0.011909055720096262,3,
OKE,2026-02-25,2026-03-03,0.05205327285024941,4,
VTRS,2026-03-02,2026-03-03,0.006023439602803604,1,
WY,2026-02-20,2026-03-03,-0.05277694034354996,7,
EME,2026-02-27,2026-03-05,-0.021408792877110172,4,
DLTR,2026-03-03,2026-03-11,-0.014728702258434034,6,
TXN,2026-03-05,2026-03-11,-0.013572072180448647,4,
MCHP,2026-03-02,2026-03-12,-0.11513962382620124,8,
UHS,2026-02-27,2026-03-13,-0.059693661847290636,10,
DHI,2026-02-26,2026-03-17,-0.09863377769337012,13,
PPG,2026-02-20,2026-03-17,-0.16252093712193938,17,
BDX,2026-03-02,2026-03-18,-0.0777837305644814,12,
EL,2026-03-03,2026-03-18,-0.09588174966107932,11,
FITB,2026-03-12,2026-03-18,0.002769502784688571,4,
IEX,2026-03-13,2026-03-18,-0.005576809464561849,3,
IP,2026-02-20,2026-03-18,-0.2084778225552928,18,
MTD,2026-03-03,2026-03-18,-0.0779743219174227,11,
GWW,2026-03-17,2026-03-24,-0.023855211865028925,5,
SWK,2026-03-11,2026-03-24,-0.07259108815431092,9,
COR,2026-03-18,2026-03-25,-0.021961116476287956,5,
CVS,2026-03-18,2026-03-25,-0.024134106757301432,5,
ECL,2026-03-11,2026-03-25,-0.0370921043283321,10,
AMGN,2026-03-18,2026-03-26,-0.028319661379759276,6,
LMT,2026-03-18,2026-03-26,-0.03517081263396771,6,
MCD,2026-03-25,2026-03-26,0.00022293530630013159,1,
MO,2026-03-25,2026-03-26,0.013514155226863167,1,
NOC,2026-03-24,2026-03-27,0.031159511765636472,3,
KR,2026-03-26,2026-03-30,0.031005403174826585,2,
O,2026-03-25,2026-03-30,0.010538854917176765,3,
CME,2026-03-26,2026-03-31,0.001557298706933441,3,
TRV,2026-03-26,2026-03-31,0.01358287674347225,3,
WM,2026-03-24,2026-03-31,0.014673583447174288,5,
GOOG,2026-03-30,2026-04-01,0.05068482348187753,2,
GOOGL,2026-03-30,2026-04-01,0.05006469627421617,2,
PSA,2026-03-17,2026-04-01,-0.07851824624413417,11,
SBUX,2026-03-19,2026-04-01,-0.022575378966373072,9,
SNDK,2026-03-27,2026-04-01,0.08543009812083113,3,
TDY,2026-03-31,2026-04-01,0.026543302408005953,1,
HCA,2026-03-18,2026-04-02,-0.07921594378880525,11,
MU,2026-03-26,2026-04-02,-0.07896569370752293,5,
MSI,2026-03-31,2026-04-06,0.018867179899497488,3,
KMI,2026-04-02,2026-04-08,-0.04310975791513294,3,
OKE,2026-04-02,2026-04-08,-0.046626376824195015,3,
BIIB,2026-04-07,2026-04-09,0.03051530762537813,2,
TPL,2026-03-31,2026-04-09,-0.04836718690242514,6,
PSX,2026-04-09,2026-04-16,-0.03829222862912163,5,
TPL,2026-04-10,2026-04-16,0.07843280171096922,4,
AKAM,2026-04-13,2026-04-17,0.06015303492818802,4,
BG,2026-04-10,2026-04-17,-0.028702044730268272,5,
EQT,2026-04-02,2026-04-17,-0.08766964741070005,10,
KR,2026-04-13,2026-04-17,-0.027046370382712404,4,
OXY,2026-04-09,2026-04-17,-0.10893862861637349,6,
T,2026-04-09,2026-04-17,-0.03155000179970968,6,
VZ,2026-04-02,2026-04-17,-0.062236166194891474,10,
LLY,2026-04-17,2026-04-20,0.007897241901033247,1,
MRK,2026-04-17,2026-04-20,0.029006075605660486,1,
ADM,2026-04-13,2026-04-21,-0.028313345084525765,6,
CTRA,2026-04-16,2026-04-22,0.00744681186321583,4,
DVN,2026-04-16,2026-04-22,0.014543467582141867,4,
FE,2026-04-20,2026-04-24,-0.011960090188876227,4,
HSY,2026-04-17,2026-04-24,0.005664035292660907,5,
JNJ,2026-04-22,2026-04-24,0.010577432955273025,2,
PPL,2026-04-21,2026-04-24,-0.009961404700794652,3,
CME,2026-04-20,2026-04-30,-0.011970421035990442,8,
WBD,2026-04-24,2026-04-30,-0.0012579019862375418,4,
CTVA,2026-04-17,2026-05-01,0.014942628055492513,10,
HII,2026-04-22,2026-05-01,-0.04797666216256524,7,
HON,2026-04-24,2026-05-01,0.008413055523013968,5,
LMT,2026-04-20,2026-05-01,-0.12918603721717825,9,
NOC,2026-04-20,2026-05-01,-0.13404249423739678,9,
PCG,2026-04-20,2026-05-01,-0.035013721638657236,9,
RTX,2026-04-24,2026-05-01,-0.010699240344188787,5,
EXPD,2026-05-05,2026-05-06,0.03178264812933107,1,
FTV,2026-05-04,2026-05-06,0.03189262470394083,2,
HSIC,2026-04-30,2026-05-06,0.01791859409539165,4,
RL,2026-04-30,2026-05-06,0.010430934014142412,4,
CVNA,2026-05-04,2026-05-07,0.014864628400710123,3,
GRMN,2026-05-06,2026-05-07,0.018927331457061047,1,
PCAR,2026-05-06,2026-05-07,0.004655957795923982,1,
PH,2026-05-01,2026-05-07,-0.001975911497656191,4,
CHRW,2026-05-04,2026-05-08,-0.003161448834399172,4,
MGM,2026-05-06,2026-05-11,0.000327744625182147,3,
LHX,2026-04-24,2026-05-12,-0.08233713440161394,12,
SRE,2026-05-08,2026-05-12,-0.010202177891241226,2,
ANET,2026-05-07,2026-05-13,-0.03155950158040899,4,
BKR,2026-05-08,2026-05-13,0.02326192270719929,3,
CB,2026-05-11,2026-05-13,-0.0065894035067775025,2,
EA,2026-05-06,2026-05-15,-0.00856119758740348,7,
FE,2026-05-01,2026-05-15,-0.05675609967234818,10,
TGT,2026-05-12,2026-05-15,0.027746317372985718,3,
CHRW,2026-05-15,2026-05-19,0.0382138447469047,2,
FITB,2026-05-14,2026-05-19,-0.0005331280767230107,3,
MSCI,2026-05-15,2026-05-19,0.03561360087732246,2,
TJX,2026-05-12,2026-05-19,0.001942821390747529,5,
SBAC,2026-05-13,2026-05-20,-0.034168926268328015,5,
TPL,2026-05-07,2026-05-20,-0.07624584708641613,9,
CDNS,2026-05-20,2026-05-21,0.041119081317952055,1,
DLR,2026-05-19,2026-05-21,0.0159484107013963,2,
DOV,2026-05-20,2026-05-21,0.0035065361621016145,1,
FTV,2026-05-15,2026-05-21,-0.0030157023765200464,4,
LUV,2026-05-19,2026-05-21,0.02961770880580672,2,
TFC,2026-05-14,2026-05-21,0.011807041442830402,5,
ATO,2026-05-08,2026-05-22,-0.03087915760602067,10,
ALB,2026-05-19,2026-05-26,0.012522865434980712,4,
CTVA,2026-05-21,2026-05-26,0.006999845683056005,2,
HUBB,2026-05-01,2026-05-26,-0.07270427076715369,16,
KEYS,2026-05-19,2026-05-26,0.029152843349501856,4,
VRT,2026-05-21,2026-05-26,0.05609237323545058,2,
ADI,2026-05-21,2026-05-27,0.0907468993448175,3,
EME,2026-05-21,2026-05-27,0.018882573398380842,3,
GOOG,2026-05-26,2026-05-27,0.0026384973033781733,1,
CVS,2026-05-27,2026-05-29,0.0164286789622472,2,
DE,2026-05-26,2026-05-29,0.00980858671841145,3,
COP,2026-05-27,2026-06-02,0.0003408991870204048,4,
DOW,2026-05-21,2026-06-02,-0.04765914966870055,7,
DVN,2026-05-27,2026-06-02,0.0332282311050196,4,
HAL,2026-05-29,2026-06-03,0.024202253290883657,3,
LYB,2026-05-26,2026-06-03,-0.02295886249639889,6,
APD,2026-05-21,2026-06-04,-0.023983296553623634,9,
CASY,2026-05-22,2026-06-04,-0.06129748979713445,8,
ETR,2026-06-02,2026-06-04,0.037925874531708814,2,
WMT,2026-05-26,2026-06-04,-0.008530626707347388,7,
CINF,2026-05-29,2026-06-05,0.01662401965449578,5,
GOOG,2026-06-04,2026-06-05,0.02029588233194346,1,
GOOGL,2026-06-04,2026-06-05,0.018690594903464586,1,
TRV,2026-06-02,2026-06-05,0.024008153369959206,3,
WELL,2026-06-03,2026-06-05,0.02641121602517771,2,
CL,2026-06-04,2026-06-08,0.003771462810945758,2,
VTR,2026-06-03,2026-06-08,0.013996823760345167,3,
CBOE,2026-06-02,2026-06-10,-0.026706648978617187,6,
LYV,2026-06-08,2026-06-10,0.016303600723475586,2,
SBUX,2026-05-26,2026-06-10,-0.05524801064669527,11,
VZ,2026-06-05,2026-06-10,0.024915344677018947,3,
LYB,2026-06-08,2026-06-11,0.021540486887900778,3,
ALB,2026-06-05,2026-06-12,-0.0038276299990126494,5,
HON,2026-06-05,2026-06-12,0.012274132275539085,5,
VRT,2026-06-10,2026-06-12,0.06450748282388696,2,
WBD,2026-06-08,2026-06-12,0.0162165386721973,4,
CTVA,2026-06-09,2026-06-15,0.006886657745360125,4,
GEV,2026-06-11,2026-06-15,0.09007390191989173,2,
AAPL,2026-06-10,2026-06-16,0.013483180186374844,4,
AKAM,2026-06-10,2026-06-16,-0.007264357278289002,4,
AMZN,2026-06-04,2026-06-16,-0.02218512848063281,8,
CIEN,2026-06-10,2026-06-16,0.03577707580957923,4,
CPT,2026-06-18,2026-06-24,-0.008456411516507445,3,
DGX,2026-06-18,2026-06-24,0.0067292573111690235,3,
PSX,2026-06-18,2026-06-24,0.008181404051244456,3,
SOLV,2026-06-18,2026-06-25,0.011929498976411157,4,
BG,2026-06-25,2026-06-26,0.028169469497783428,1,
AMT,2026-06-18,2026-06-29,-0.038810435181340086,6,
DXCM,2026-06-18,2026-06-29,-0.04240742612677528,6,
AKAM,2026-06-24,2026-07-01,-0.01865227322703089,5,
CASY,2026-06-26,2026-07-01,0.0066402334894177795,3,
NTAP,2026-06-18,2026-07-01,-0.024771340207850212,8,
DD,2026-07-01,2026-07-02,0.0353706738975621,1,
IBKR,2026-07-01,2026-07-02,0.057181501808373225,1,
GS,2026-06-29,2026-07-06,-0.001328849783575281,4,
HLT,2026-06-29,2026-07-06,-0.0029137284365490235,4,
MAR,2026-07-01,2026-07-06,0.006850342986916003,2,
F,2026-07-06,2026-07-07,0.015731105850856686,1,
GM,2026-07-02,2026-07-07,0.008775095834138602,2,
BKR,2026-06-18,2026-07-08,-0.06963094295535888,12,
DOW,2026-06-24,2026-07-08,-0.01929671852500514,9,
EQIX,2026-07-02,2026-07-08,-0.022236870162773648,3,
HAL,2026-06-16,2026-07-08,-0.10445847245544726,14,
LYB,2026-06-24,2026-07-08,-0.03235020303117886,9,
SLB,2026-06-18,2026-07-08,-0.06952746840791157,12,
DLR,2026-07-06,2026-07-09,0.016620980084066872,3,
TGT,2026-07-07,2026-07-09,0.03022849463206745,2,
IRM,2026-07-06,2026-07-10,0.012984696588726807,4,
RCL,2026-07-07,2026-07-10,0.011959579400213194,3,
CARR,2026-07-08,2026-07-13,0.01970413096711554,3,
KDP,2026-07-10,2026-07-13,0.02799748627365961,1,
LII,2026-07-09,2026-07-13,0.012837747824057333,2,
MGM,2026-07-10,2026-07-13,0.026577272604709767,1,
RL,2026-07-09,2026-07-13,0.03365426152705675,2,
SW,2026-07-08,2026-07-13,-0.002899763760039531,3,
WSM,2026-07-08,2026-07-13,0.014998604582222796,3,
GOOGL,2026-07-14,2026-07-15,0.017240216473680237,1,
DD,2026-07-14,2026-07-16,-0.004977511780132726,2,
PKG,2026-07-08,2026-07-16,-0.0052534887084336734,6,
ABBV,2026-07-15,2026-07-17,0.05411189284056972,2,
AMGN,2026-07-15,2026-07-17,0.05233971848330299,2,
DAL,2026-07-08,2026-07-17,-0.02270397099533983,7,
DGX,2026-07-13,2026-07-17,0.014693092192489488,4,
IFF,2026-07-14,2026-07-17,0.020722709349630053,3,
LH,2026-07-16,2026-07-17,0.04895306270550526,1,
VRTX,2026-07-14,2026-07-17,0.0026053880880023694,3,
GD,2026-07-16,2026-07-21,0.0039614439792377,3,
CAT,2026-07-17,2026-07-22,0.04209354127004428,3,
CIEN,2026-07-17,2026-07-22,0.06783718083407164,3,
COHR,2026-07-17,2026-07-22,0.1556685155937636,3,
ELV,2026-07-17,2026-07-22,0.05465472089948942,3,
QCOM,2026-07-17,2026-07-22,0.022377150764422815,3,
RVTY,2026-07-21,2026-07-22,0.05713788543240539,1,
WDC,2026-07-17,2026-07-22,0.16305622548815601,3,
CRL,2026-07-22,2026-07-24,0.053072978436667695,2,
IQV,2026-07-23,2026-07-24,-0.041243737912242784,1,
PFG,2026-07-23,2026-07-27,0.025571619638208087,2,
UAL,2026-07-08,2026-07-27,-0.027506016580991388,13,
ABNB,2026-07-23,2026-07-28,0.07960922527409586,3,
CDNS,2026-07-17,2026-07-28,-0.00020816670839240992,7,
MCO,2026-07-27,2026-07-28,0.012775011954872628,1,
EW,2026-07-22,2026-07-29,-0.007033687958572399,5,
GL,2026-07-24,2026-07-29,0.03695178705569058,3,
AXP,2026-07-24,2026-07-31,0.03521439875079602,5,
CRWD,2026-07-27,2026-07-31,-0.005636164561766521,4,
LRCX,2026-07-29,2026-07-31,0.18989782472019057,2,
MRNA,2026-07-23,2026-07-31,0.009342889711851043,6,
PANW,2026-07-28,2026-07-31,0.04461582362717742,3,
GNRC,2026-07-14,2026-08-03,-0.1649318314639584,14,
HAL,2026-07-22,2026-08-03,-0.05582353575880872,8,
EXPD,2026-07-28,2026-08-04,-0.009803062410708718,5,
CHRW,2026-07-28,2026-08-05,-0.09632904130045228,6,
EVRG,2026-07-31,2026-08-05,0.0050911522939220966,3,
JBHT,2026-07-29,2026-08-05,-0.008925753564710037,5,
ODFL,2026-07-31,2026-08-05,0.0012609129488454496,3,
PNW,2026-07-31,2026-08-05,0.009863748701099073,3,
MAR,2026-08-04,2026-08-06,0.04784565703488308,2,
VTR,2026-07-31,2026-08-06,0.011339005622679199,4,
WELL,2026-08-03,2026-08-06,0.014348096119652931,3,
AAPL,2026-08-03,2026-08-07,0.0040304539770597,4,
DUK,2026-08-06,2026-08-10,-0.009506600495830075,2,
CF,2026-08-10,2026-08-11,0.03921815540670037,1,
EIX,2026-08-05,2026-08-12,0.003189426782408855,5,
CNP,2026-08-05,2026-08-13,-0.031075332587433446,6,
LNT,2026-07-31,2026-08-13,-0.0019980019980019303,9,
O,2026-08-05,2026-08-13,-0.005483660864076478,6,
PLD,2026-08-05,2026-08-13,0.002784970081172622,6,
AON,2026-08-13,2026-08-14,0.005747618182371239,1,
CVS,2026-08-12,2026-08-14,0.007050533207027421,2,
FRT,2026-08-06,2026-08-14,-0.02575996623872623,6,
KDP,2026-08-11,2026-08-14,0.06875075749929516,3,
KIM,2026-08-05,2026-08-14,-0.029875107798749356,7,
REG,2026-08-07,2026-08-14,-0.002646684506289021,5,
ACGL,2026-08-13,2026-08-17,0.0013616072118112221,2,
VTRS,2026-08-14,2026-08-17,0.011810907630443346,1,
WRB,2026-08-13,2026-08-17,-0.0008594627801136179,2,
DGX,2026-08-17,2026-08-19,0.01574882164546909,2,
ECL,2026-08-14,2026-08-19,0.016899946700536628,3,
TROW,2026-08-14,2026-08-20,0.009697712772517741,4,
WTW,2026-08-14,2026-08-20,-0.00012019488091974395,4,
DE,2026-08-20,2026-08-21,0.017827497039369478,1,
ROST,2026-08-14,2026-08-24,-0.023048760525508527,6,
DVA,2026-08-06,2026-08-25,-0.05779723319210073,13,
ITW,2026-08-19,2026-08-25,-0.0029731873167264666,4,
L,2026-08-13,2026-08-25,-0.02108524777775178,8,
RJF,2026-08-21,2026-08-25,0.014036747210999012,2,
SNA,2026-08-17,2026-08-25,-0.0037658518509302574,6,
FITB,2026-08-20,2026-08-26,0.0012723541499748414,4,
LUV,2026-08-19,2026-08-26,-0.021911152370221565,5,
D,2026-08-24,2026-08-27,-0.00573751780938736,3,
IR,2026-08-14,2026-08-27,-0.054599417764665814,9,
JBL,2026-08-25,2026-08-27,0.003964295708082766,2,
JCI,2026-08-26,2026-08-27,0.016392904009229214,1,
NTAP,2026-08-25,2026-08-27,0.04068154790653167,2,
AVGO,2026-08-17,2026-08-28,-0.061436984898522895,9,
INTC,2026-08-25,2026-08-28,0.0003291078350395882,3,
NVDA,2026-08-25,2026-08-28,0.07522975969010437,3,
XOM,2026-08-27,2026-09-01,0.035799834465719105,3,
HST,2026-08-27,2026-09-03,-0.006929755267701343,5,
ALLE,2026-09-01,2026-09-04,-0.004239349344816512,3,
CASY,2026-08-28,2026-09-04,-0.013475012151191512,5,
PYPL,2026-08-31,2026-09-04,0.0517178300299137,4,
AMAT,2026-08-27,2026-09-08,-0.038228709971942276,7,
RL,2026-08-25,2026-09-08,-0.054736398217487214,9,
PLD,2026-09-03,2026-09-09,-0.002507165741067796,3,
EXR,2026-08-27,2026-09-14,-0.041591905443417065,11,
GD,2026-08-26,2026-09-14,-0.05524409085920745,12,
MNST,2026-09-08,2026-09-14,-0.004970993004783764,4,
LLY,2026-08-28,2026-09-15,-0.01564049069891771,11,
ZBH,2026-09-09,2026-09-15,0.034694889241486226,4,
CHD,2026-09-08,2026-09-16,-0.03153435755381129,6,
IFF,2026-09-15,2026-09-16,0.017962081995682277,1,
MMM,2026-09-04,2026-09-16,-0.01567163325748122,7,
PSA,2026-08-28,2026-09-16,-0.041707660384996625,12,
SWK,2026-09-16,2026-09-17,0.020503244368931473,1,
AMCR,2026-09-14,2026-09-18,-0.002708385098059818,4,
AMGN,2026-09-14,2026-09-18,-0.010960507945744435,4,
TROW,2026-09-16,2026-09-21,0.0013487371730089848,3,
BEN,2026-09-17,2026-09-22,0.015442281526793833,3,
BNY,2026-09-16,2026-09-22,-0.012892813959440752,4,
APD,2026-09-15,2026-09-23,-0.004250415912517513,6,
BAX,2026-09-18,2026-09-23,0.02138256244699388,3,
INVH,2026-09-04,2026-09-23,-0.045358723433908565,12,
CSX,2026-09-22,2026-09-24,0.014613801356796241,2,
FRT,2026-09-21,2026-09-25,-0.010067319458980095,4,
VZ,2026-09-23,2026-09-25,0.011494323008651497,2,
CVS,2026-09-22,2026-09-28,0.018715457703533334,4,
SBUX,2026-09-14,2026-09-28,-0.047761214780544736,10,
UNP,2026-09-04,2026-09-28,-0.049687431030149165,15,
ALL,2026-09-23,2026-09-29,-0.013782836552447164,4,
MDT,2026-09-25,2026-09-29,0.011899539918950541,2,
RJF,2026-09-16,2026-09-29,-0.02547758402745115,9,
CAH,2026-09-18,2026-09-30,-0.009218619646260473,8,
