,equity
1999-01-04,100000.0
1999-01-05,100662.17984536393
1999-01-06,102484.17142812208
1999-01-07,102400.77271706931
1999-01-08,103044.31807173652
1999-01-11,102958.36976275183
1999-01-12,101105.6639080428
1999-01-13,100259.55320546578
1999-01-14,98652.38291802342
1999-01-15,100497.43544713316
1999-01-19,101572.49127240395
1999-01-20,102353.5559413197
1999-01-21,100640.77126486077
1999-01-22,100598.71532595699
1999-01-25,101278.53505014203
1999-01-26,103463.44616548481
1999-01-27,103147.2395124142
1999-01-28,105350.00144040262
1999-01-29,106814.91225950711
1999-02-01,106568.30116698914
1999-02-02,104665.5444093977
1999-02-03,106304.03007672321
1999-02-04,103145.53352345394
1999-02-05,100641.90195409422
1999-02-08,101770.52116648386
1999-02-09,98379.18097875097
1999-02-10,99128.94674303367
1999-02-11,102632.92682264186
1999-02-12,99884.03783124112
1999-02-16,100903.74982021394
1999-02-17,99343.60165919893
1999-02-18,99826.01819961172
1999-02-19,100250.02883411951
1999-02-22,102503.11691969226
1999-02-23,103119.43579201648
1999-02-24,102170.09957883248
1999-02-25,101623.87683772243
1999-02-26,101658.70845303166
1999-03-01,101768.36709177087
1999-03-02,100452.85397513985
1999-03-03,100453.06767548104
1999-03-04,102432.99196517564
1999-03-05,105405.44504379101
1999-03-08,107780.71988396588
1999-03-09,107593.73764722791
1999-03-10,108043.5243226396
1999-03-11,108686.70193363843
1999-03-12,106699.92986992089
1999-03-15,109148.19355776088
1999-03-16,109077.8596059163
1999-03-17,108477.4660413899
1999-03-18,111183.66376591523
1999-03-19,109512.09076270899
1999-03-22,109218.25688491686
1999-03-23,105935.20980211023
1999-03-24,106478.66410578348
1999-03-25,110261.85317246422
1999-03-26,109988.30850906218
1999-03-29,113002.73990853154
1999-03-30,113496.17722877396
1999-03-31,112512.23925697981
1999-04-01,113669.08952856225
1999-04-05,116752.2412012924
1999-04-06,117015.5618144984
1999-04-07,117352.87890816669
1999-04-08,119098.46924609845
1999-04-09,119671.68451902737
1999-04-12,119957.93918679093
1999-04-13,119623.31782499661
1999-04-14,114914.45490603571
1999-04-15,111984.79532561023
1999-04-16,108929.4669320602
1999-04-19,102667.90883969943
1999-04-20,105718.69161989178
1999-04-21,109044.98906658274
1999-04-22,110658.64843536785
1999-04-23,110940.37203307556
1999-04-26,112059.21002956558
1999-04-27,111171.70923701183
1999-04-28,108448.3626892469
1999-04-29,106539.81106482404
1999-04-30,106855.71570950748
1999-05-03,106319.13652343051
1999-05-04,103403.57490040944
1999-05-05,105199.79917889634
1999-05-06,102290.0050412769
1999-05-07,103511.66253535946
1999-05-10,104814.60984570066
1999-05-11,108288.40895725685
1999-05-12,109406.84699889596
1999-05-13,108191.77119216221
1999-05-14,105347.17788070308
1999-05-17,106697.06244412437
1999-05-18,106970.94707414176
1999-05-19,106742.22258507187
1999-05-20,105550.3547656269
1999-05-21,104059.68736628359
1999-05-24,101857.37219354932
1999-05-25,99088.22125487382
1999-05-26,101459.47699622715
1999-05-27,100311.25646807574
1999-05-28,101911.68111513813
1999-06-01,100455.63707525244
1999-06-02,100727.04790050331
1999-06-03,99741.61843023963
1999-06-04,103325.50360256417
1999-06-07,103897.78248853656
1999-06-08,101473.69724164123
1999-06-09,102266.7526403482
1999-06-10,100779.32468789814
1999-06-11,98932.58296281534
1999-06-14,97234.61126681961
1999-06-15,98067.87943999801
1999-06-16,103821.76982589366
1999-06-17,104834.19215767176
1999-06-18,105217.22506171252
1999-06-21,107498.5604989811
1999-06-22,105210.0204145621
1999-06-23,106006.58215609296
1999-06-24,103939.0298870527
1999-06-25,103430.90028349611
1999-06-28,105166.43262279296
1999-06-29,106748.22223360115
1999-06-30,109121.16204666787
1999-07-01,109714.96175935374
1999-07-02,110930.27343564927
1999-07-06,111197.10805453669
1999-07-07,111417.41689287775
1999-07-08,112320.0003074143
1999-07-09,113536.13274047447
1999-07-12,112165.8599721268
1999-07-13,112731.43826411302
1999-07-14,114034.82751620645
1999-07-15,114897.91996281208
1999-07-16,114801.01294147538
1999-07-19,113062.55852055659
1999-07-20,108931.85281638609
1999-07-21,110325.393755414
1999-07-22,107113.68917819443
1999-07-23,107927.37135774114
1999-07-26,105153.00479987019
1999-07-27,107016.95054177057
1999-07-28,108705.42013196691
1999-07-29,106916.73391048597
1999-07-30,106939.69622246179
1999-08-02,106422.37510293478
1999-08-03,104258.95517619062
1999-08-04,102575.67277057433
1999-08-05,103563.05087705054
1999-08-06,102983.28476144235
1999-08-09,101932.86637381813
1999-08-10,100197.97113185303
1999-08-11,102928.25468632832
1999-08-12,100891.01012583463
1999-08-13,103309.22022351742
1999-08-16,104260.79645518668
1999-08-17,104397.19443612942
1999-08-18,102229.15811291718
1999-08-19,101732.14762290588
1999-08-20,102562.74110726986
1999-08-23,104282.26201352362
1999-08-24,104556.27663327342
1999-08-25,104881.16726658627
1999-08-26,104118.0221817011
1999-08-27,104110.12163062886
1999-08-30,102685.17546501466
1999-08-31,103197.25198994229
1999-09-01,103898.75059448607
1999-09-02,103422.70621782639
1999-09-03,108114.4121138161
1999-09-07,109280.22673018131
1999-09-08,108309.59154224258
1999-09-09,109169.91979145621
1999-09-10,110165.18409225314
1999-09-13,107667.87066030577
1999-09-14,110178.41884380936
1999-09-15,106796.71022074793
1999-09-16,107425.8253868678
1999-09-17,109328.80460325575
1999-09-20,110878.50845246638
1999-09-21,108198.24434744065
1999-09-22,109976.45674355976
1999-09-23,106645.26847884749
1999-09-24,107063.45854688021
1999-09-27,108078.53949832809
1999-09-28,108371.6492312274
1999-09-29,107242.10792886058
1999-09-30,106977.30385720619
1999-10-01,107574.06464408989
1999-10-04,108085.67194990191
1999-10-05,108085.67194990191
1999-10-06,108085.67194990191
1999-10-07,108085.67194990191
1999-10-08,108085.67194990191
1999-10-11,108085.67194990191
1999-10-12,108085.67194990191
1999-10-13,108085.67194990191
1999-10-14,108085.67194990191
1999-10-15,108085.67194990191
1999-10-18,108085.67194990191
1999-10-19,108085.67194990191
1999-10-20,108085.67194990191
1999-10-21,108085.67194990191
1999-10-22,108085.67194990191
1999-10-25,108085.67194990191
1999-10-26,108085.67194990191
1999-10-27,108085.67194990191
1999-10-28,108085.67194990191
1999-10-29,108085.67194990191
1999-11-01,108085.67194990191
1999-11-02,108628.95216981234
1999-11-03,110446.9814031404
1999-11-04,111816.43152891262
1999-11-05,114574.12671942746
1999-11-08,114997.56493077127
1999-11-09,114996.82384688724
1999-11-10,117381.96414997606
1999-11-11,120608.60536028215
1999-11-12,122841.8075297258
1999-11-15,120930.70664614513
1999-11-16,123344.99019561996
1999-11-17,123382.80324786117
1999-11-18,125442.23796609475
1999-11-19,126148.61272969958
1999-11-22,125577.58208702251
1999-11-23,124937.06343482909
1999-11-24,126598.02355069094
1999-11-26,127958.69674266779
1999-11-29,127269.06962800288
1999-11-30,122136.27936733494
1999-12-01,124806.77437736493
1999-12-02,129794.12794182262
1999-12-03,130633.4334247059
1999-12-06,133492.39986294316
1999-12-07,132414.21114890848
1999-12-08,130826.36785917029
1999-12-09,130439.21422067944
1999-12-10,130901.64016908327
1999-12-13,132121.6956109912
1999-12-14,127710.23140235861
1999-12-15,128341.30517564522
1999-12-16,129836.41865294316
1999-12-17,131601.26867918432
1999-12-20,133210.9203455724
1999-12-21,136470.51362553774
1999-12-22,137926.72355287813
1999-12-23,138515.35392533412
1999-12-27,139497.7369874309
1999-12-28,140793.6589001336
1999-12-29,146241.96576289335
1999-12-30,146628.21146356428
1999-12-31,147808.94097977589
2000-01-03,149726.38286872592
2000-01-04,140447.2139510794
2000-01-05,138106.01419391215
2000-01-06,130612.06980194182
2000-01-07,138135.8405872375
2000-01-10,144525.18087905782
2000-01-11,138680.12718973626
2000-01-12,138194.1136532005
2000-01-13,139680.43832616805
2000-01-14,144822.21738655254
2000-01-18,149192.4408375623
2000-01-19,151176.517758888
2000-01-20,154172.8068045055
2000-01-21,154848.218509484
2000-01-24,147790.3812497653
2000-01-25,151833.32004118332
2000-01-26,146751.1767636075
2000-01-27,144456.9418298059
2000-01-28,138411.15131406792
2000-01-31,142697.85490699147
2000-02-01,147254.14097452722
2000-02-02,150616.849241484
2000-02-03,158157.52925192026
2000-02-04,161712.6657409663
2000-02-07,165472.20085923054
2000-02-08,169360.0488142396
2000-02-09,167163.54380393133
2000-02-10,173329.96513512498
2000-02-11,170578.06841358493
2000-02-14,171298.30172676206
2000-02-15,172353.06114018254
2000-02-16,178134.87467323494
2000-02-17,185580.37000658867
2000-02-18,179559.19171986173
2000-02-22,181871.85945629276
2000-02-23,188125.2535002809
2000-02-24,196416.8172974767
2000-02-25,192265.70592484024
2000-02-28,191297.44109321677
2000-02-29,199233.1308307199
2000-03-01,199795.44941397087
2000-03-02,194125.607773808
2000-03-03,205289.78826189408
2000-03-06,209778.1394456993
2000-03-07,205881.56920157673
2000-03-08,204599.9227375194
2000-03-09,211563.69175549204
2000-03-10,213583.2567782044
2000-03-13,206277.47981192387
2000-03-14,192299.51919851534
2000-03-15,183507.87287804313
2000-03-16,195103.9168095279
2000-03-17,201461.44297349273
2000-03-20,197304.93562175875
2000-03-21,203919.00754545454
2000-03-22,215650.09597982423
2000-03-23,218674.40402350857
2000-03-24,219345.47081465696
2000-03-27,221692.56442758057
2000-03-28,215621.9748352717
2000-03-29,209094.18542809182
2000-03-30,195911.49992514795
2000-03-31,200909.55611311417
2000-04-03,188268.8128316548
2000-04-04,186883.33378225437
2000-04-05,191376.4353945947
2000-04-06,198802.0322777494
2000-04-07,209914.7888028123
2000-04-10,194683.03520044734
2000-04-11,190222.30000033724
2000-04-12,178349.37731216772
2000-04-13,174175.47630194502
2000-04-14,159328.51183502117
2000-04-17,174372.73141821125
2000-04-18,182467.34459339033
2000-04-19,177095.5449878437
2000-04-20,175993.26142383262
2000-04-24,170391.34994703997
2000-04-25,186306.83987838303
2000-04-26,179208.30316648353
2000-04-27,191295.88528319632
2000-04-28,196520.84107941992
2000-05-01,196471.36035971373
2000-05-02,186614.3149933492
2000-05-03,181721.15093424387
2000-05-04,182266.6682329861
2000-05-05,186550.58722768206
2000-05-08,176805.95478223605
2000-05-09,172392.99893787588
2000-05-10,162089.7071945175
2000-05-11,167077.70523001373
2000-05-12,169099.86969695185
2000-05-15,173298.39561226452
2000-05-16,182529.96606569085
2000-05-17,180209.7962810658
2000-05-18,176967.01993397923
2000-05-19,168901.36454375327
2000-05-22,167342.27833496407
2000-05-23,157802.58001449448
2000-05-24,160988.80375185443
2000-05-25,160048.68888399444
2000-05-26,157969.0274955106
2000-05-30,174006.57646418156
2000-05-31,171730.72682442312
2000-06-01,180127.7486332797
2000-06-02,190624.10881058744
2000-06-05,190153.0776959293
2000-06-06,183252.49609768495
2000-06-07,188394.2712649604
2000-06-08,193172.11665725856
2000-06-09,194504.99964467247
2000-06-12,189817.07522374092
2000-06-13,197852.58114490367
2000-06-14,187349.43584284696
2000-06-15,190156.74251728188
2000-06-16,190834.0882077831
2000-06-19,202142.4413178277
2000-06-20,202594.60449852058
2000-06-21,204092.203437358
2000-06-22,196920.33628834574
2000-06-23,190845.6564169756
2000-06-26,194999.01926924693
2000-06-27,190333.45589266552
2000-06-28,192583.25145920555
2000-06-29,186330.23513408334
2000-06-30,188892.89694054928
2000-07-03,192419.4421719202
2000-07-05,180127.91640560096
2000-07-06,184407.32003799337
2000-07-07,189671.1211419534
2000-07-10,188092.20642859887
2000-07-11,187378.64125382216
2000-07-12,194069.69542906288
2000-07-13,198381.7871212437
2000-07-14,203300.31962245537
2000-07-17,207749.22939945513
2000-07-18,201218.6449142314
2000-07-19,197886.59661155875
2000-07-20,203398.7807865543
2000-07-21,197495.98179166616
2000-07-24,190950.1322274428
2000-07-25,195410.7436799933
2000-07-26,190284.1820316441
2000-07-27,179013.03777322848
2000-07-28,173259.59195166014
2000-07-31,178453.91225678334
2000-08-01,172800.02555587393
2000-08-02,172276.80402389073
2000-08-03,175422.12404297132
2000-08-04,178666.04853951366
2000-08-07,185256.0236458973
2000-08-08,187540.19625104472
2000-08-09,186033.17624086508
2000-08-10,181032.3835401611
2000-08-11,184104.85216020592
2000-08-14,189141.82250852915
2000-08-15,188232.35195575055
2000-08-16,191833.00421615274
2000-08-17,196948.17709152598
2000-08-18,197466.20550004372
2000-08-21,197169.8260594325
2000-08-22,196788.88765480704
2000-08-23,199173.1696511972
2000-08-24,200967.11204967543
2000-08-25,199819.23831409132
2000-08-28,201264.39174955056
2000-08-29,202809.80259380225
2000-08-30,203474.1580531499
2000-08-31,209558.93087546527
2000-09-01,210941.23139248433
2000-09-05,204853.3347067474
2000-09-06,196185.263948911
2000-09-07,206522.65988976357
2000-09-08,200805.12506257798
2000-09-11,196749.94590054025
2000-09-12,193161.5406541444
2000-09-13,194523.0539507889
2000-09-14,198402.29937441467
2000-09-15,197416.74300651677
2000-09-18,197031.06532788294
2000-09-19,204691.95790275757
2000-09-20,210136.69129176528
2000-09-21,204506.6248721559
2000-09-22,211385.90964022937
2000-09-25,204438.94040584215
2000-09-26,203576.50047297007
2000-09-27,201895.22999610845
2000-09-28,208348.17939009384
2000-09-29,201684.0967525072
2000-10-02,200936.72888780362
2000-10-03,203371.60300056572
2000-10-04,203371.60300056572
2000-10-05,203371.60300056572
2000-10-06,203371.60300056572
2000-10-09,203371.60300056572
2000-10-10,203371.60300056572
2000-10-11,203371.60300056572
2000-10-12,203371.60300056572
2000-10-13,203371.60300056572
2000-10-16,203371.60300056572
2000-10-17,203371.60300056572
2000-10-18,203371.60300056572
2000-10-19,203371.60300056572
2000-10-20,203371.60300056572
2000-10-23,203371.60300056572
2000-10-24,203371.60300056572
2000-10-25,203371.60300056572
2000-10-26,203371.60300056572
2000-10-27,203371.60300056572
2000-10-30,203371.60300056572
2000-10-31,203371.60300056572
2000-11-01,203371.60300056572
2000-11-02,203371.60300056572
2000-11-03,203371.60300056572
2000-11-06,203371.60300056572
2000-11-07,203371.60300056572
2000-11-08,203371.60300056572
2000-11-09,203371.60300056572
2000-11-10,203371.60300056572
2000-11-13,203371.60300056572
2000-11-14,203371.60300056572
2000-11-15,203371.60300056572
2000-11-16,203371.60300056572
2000-11-17,203371.60300056572
2000-11-20,203371.60300056572
2000-11-21,203371.60300056572
2000-11-22,203371.60300056572
2000-11-24,203371.60300056572
2000-11-27,203371.60300056572
2000-11-28,203371.60300056572
2000-11-29,203371.60300056572
2000-11-30,203371.60300056572
2000-12-01,203371.60300056572
2000-12-04,203371.60300056572
2000-12-05,203371.60300056572
2000-12-06,203371.60300056572
2000-12-07,203371.60300056572
2000-12-08,203371.60300056572
2000-12-11,203371.60300056572
2000-12-12,203371.60300056572
2000-12-13,203371.60300056572
2000-12-14,203371.60300056572
2000-12-15,203371.60300056572
2000-12-18,203371.60300056572
2000-12-19,203371.60300056572
2000-12-20,203371.60300056572
2000-12-21,203371.60300056572
2000-12-22,203371.60300056572
2000-12-26,203371.60300056572
2000-12-27,203371.60300056572
2000-12-28,203371.60300056572
2000-12-29,203371.60300056572
2001-01-02,203371.60300056572
2001-01-03,203371.60300056572
2001-01-04,203371.60300056572
2001-01-05,203371.60300056572
2001-01-08,203371.60300056572
2001-01-09,203371.60300056572
2001-01-10,203371.60300056572
2001-01-11,203371.60300056572
2001-01-12,203371.60300056572
2001-01-16,203371.60300056572
2001-01-17,203371.60300056572
2001-01-18,203371.60300056572
2001-01-19,203371.60300056572
2001-01-22,203371.60300056572
2001-01-23,203371.60300056572
2001-01-24,203371.60300056572
2001-01-25,203371.60300056572
2001-01-26,203371.60300056572
2001-01-29,203371.60300056572
2001-01-30,203371.60300056572
2001-01-31,203371.60300056572
2001-02-01,203371.60300056572
2001-02-02,203371.60300056572
2001-02-05,203371.60300056572
2001-02-06,203371.60300056572
2001-02-07,203371.60300056572
2001-02-08,203371.60300056572
2001-02-09,203371.60300056572
2001-02-12,203371.60300056572
2001-02-13,203371.60300056572
2001-02-14,203371.60300056572
2001-02-15,203371.60300056572
2001-02-16,203371.60300056572
2001-02-20,203371.60300056572
2001-02-21,203371.60300056572
2001-02-22,203371.60300056572
2001-02-23,203371.60300056572
2001-02-26,203371.60300056572
2001-02-27,203371.60300056572
2001-02-28,203371.60300056572
2001-03-01,203371.60300056572
2001-03-02,203371.60300056572
2001-03-05,203371.60300056572
2001-03-06,203371.60300056572
2001-03-07,203371.60300056572
2001-03-08,203371.60300056572
2001-03-09,203371.60300056572
2001-03-12,203371.60300056572
2001-03-13,203371.60300056572
2001-03-14,203371.60300056572
2001-03-15,203371.60300056572
2001-03-16,203371.60300056572
2001-03-19,203371.60300056572
2001-03-20,203371.60300056572
2001-03-21,203371.60300056572
2001-03-22,203371.60300056572
2001-03-23,203371.60300056572
2001-03-26,203371.60300056572
2001-03-27,203371.60300056572
2001-03-28,203371.60300056572
2001-03-29,203371.60300056572
2001-03-30,203371.60300056572
2001-04-02,203371.60300056572
2001-04-03,203371.60300056572
2001-04-04,203371.60300056572
2001-04-05,203371.60300056572
2001-04-06,203371.60300056572
2001-04-09,203371.60300056572
2001-04-10,203371.60300056572
2001-04-11,203371.60300056572
2001-04-12,203371.60300056572
2001-04-16,203371.60300056572
2001-04-17,203371.60300056572
2001-04-18,203371.60300056572
2001-04-19,203371.60300056572
2001-04-20,203371.60300056572
2001-04-23,203371.60300056572
2001-04-24,203371.60300056572
2001-04-25,203371.60300056572
2001-04-26,203371.60300056572
2001-04-27,203371.60300056572
2001-04-30,203371.60300056572
2001-05-01,203371.60300056572
2001-05-02,203371.60300056572
2001-05-03,203371.60300056572
2001-05-04,203371.60300056572
2001-05-07,203371.60300056572
2001-05-08,203371.60300056572
2001-05-09,203371.60300056572
2001-05-10,203371.60300056572
2001-05-11,203371.60300056572
2001-05-14,203371.60300056572
2001-05-15,203371.60300056572
2001-05-16,203371.60300056572
2001-05-17,203371.60300056572
2001-05-18,203371.60300056572
2001-05-21,203371.60300056572
2001-05-22,203371.60300056572
2001-05-23,203371.60300056572
2001-05-24,203371.60300056572
2001-05-25,203371.60300056572
2001-05-29,203371.60300056572
2001-05-30,203371.60300056572
2001-05-31,203371.60300056572
2001-06-01,203371.60300056572
2001-06-04,203371.60300056572
2001-06-05,203371.60300056572
2001-06-06,203371.60300056572
2001-06-07,203371.60300056572
2001-06-08,203371.60300056572
2001-06-11,203371.60300056572
2001-06-12,203371.60300056572
2001-06-13,203371.60300056572
2001-06-14,203371.60300056572
2001-06-15,203371.60300056572
2001-06-18,203371.60300056572
2001-06-19,203371.60300056572
2001-06-20,203371.60300056572
2001-06-21,203371.60300056572
2001-06-22,203371.60300056572
2001-06-25,203371.60300056572
2001-06-26,203371.60300056572
2001-06-27,203371.60300056572
2001-06-28,203371.60300056572
2001-06-29,203371.60300056572
2001-07-02,203371.60300056572
2001-07-03,203371.60300056572
2001-07-05,203371.60300056572
2001-07-06,203371.60300056572
2001-07-09,203371.60300056572
2001-07-10,203371.60300056572
2001-07-11,203371.60300056572
2001-07-12,203371.60300056572
2001-07-13,203371.60300056572
2001-07-16,203371.60300056572
2001-07-17,203371.60300056572
2001-07-18,203371.60300056572
2001-07-19,203371.60300056572
2001-07-20,203371.60300056572
2001-07-23,203371.60300056572
2001-07-24,203371.60300056572
2001-07-25,203371.60300056572
2001-07-26,203371.60300056572
2001-07-27,203371.60300056572
2001-07-30,203371.60300056572
2001-07-31,203371.60300056572
2001-08-01,203371.60300056572
2001-08-02,203371.60300056572
2001-08-03,203371.60300056572
2001-08-06,203371.60300056572
2001-08-07,203371.60300056572
2001-08-08,203371.60300056572
2001-08-09,203371.60300056572
2001-08-10,203371.60300056572
2001-08-13,203371.60300056572
2001-08-14,203371.60300056572
2001-08-15,203371.60300056572
2001-08-16,203371.60300056572
2001-08-17,203371.60300056572
2001-08-20,203371.60300056572
2001-08-21,203371.60300056572
2001-08-22,203371.60300056572
2001-08-23,203371.60300056572
2001-08-24,203371.60300056572
2001-08-27,203371.60300056572
2001-08-28,203371.60300056572
2001-08-29,203371.60300056572
2001-08-30,203371.60300056572
2001-08-31,203371.60300056572
2001-09-04,203371.60300056572
2001-09-05,203371.60300056572
2001-09-06,203371.60300056572
2001-09-07,203371.60300056572
2001-09-10,203371.60300056572
2001-09-17,203371.60300056572
2001-09-18,203371.60300056572
2001-09-19,203371.60300056572
2001-09-20,203371.60300056572
2001-09-21,203371.60300056572
2001-09-24,203371.60300056572
2001-09-25,203371.60300056572
2001-09-26,203371.60300056572
2001-09-27,203371.60300056572
2001-09-28,203371.60300056572
2001-10-01,203371.60300056572
2001-10-02,203371.60300056572
2001-10-03,203371.60300056572
2001-10-04,203371.60300056572
2001-10-05,203371.60300056572
2001-10-08,203371.60300056572
2001-10-09,203371.60300056572
2001-10-10,203371.60300056572
2001-10-11,203371.60300056572
2001-10-12,203371.60300056572
2001-10-15,203371.60300056572
2001-10-16,203371.60300056572
2001-10-17,203371.60300056572
2001-10-18,203371.60300056572
2001-10-19,203371.60300056572
2001-10-22,203371.60300056572
2001-10-23,203371.60300056572
2001-10-24,203371.60300056572
2001-10-25,203371.60300056572
2001-10-26,203371.60300056572
2001-10-29,203371.60300056572
2001-10-30,203371.60300056572
2001-10-31,203371.60300056572
2001-11-01,203371.60300056572
2001-11-02,203371.60300056572
2001-11-05,203371.60300056572
2001-11-06,203371.60300056572
2001-11-07,203371.60300056572
2001-11-08,203371.60300056572
2001-11-09,203371.60300056572
2001-11-12,203371.60300056572
2001-11-13,203371.60300056572
2001-11-14,203371.60300056572
2001-11-15,203371.60300056572
2001-11-16,203371.60300056572
2001-11-19,203371.60300056572
2001-11-20,203371.60300056572
2001-11-21,203371.60300056572
2001-11-23,203371.60300056572
2001-11-26,203371.60300056572
2001-11-27,203371.60300056572
2001-11-28,203371.60300056572
2001-11-29,203371.60300056572
2001-11-30,203371.60300056572
2001-12-03,203371.60300056572
2001-12-04,203371.60300056572
2001-12-05,203371.60300056572
2001-12-06,203371.60300056572
2001-12-07,203371.60300056572
2001-12-10,203371.60300056572
2001-12-11,203371.60300056572
2001-12-12,203371.60300056572
2001-12-13,203371.60300056572
2001-12-14,203371.60300056572
2001-12-17,203371.60300056572
2001-12-18,203371.60300056572
2001-12-19,203371.60300056572
2001-12-20,203371.60300056572
2001-12-21,203371.60300056572
2001-12-24,203371.60300056572
2001-12-26,203371.60300056572
2001-12-27,203371.60300056572
2001-12-28,203371.60300056572
2001-12-31,203371.60300056572
2002-01-02,203371.60300056572
2002-01-03,203371.60300056572
2002-01-04,203371.60300056572
2002-01-07,203371.60300056572
2002-01-08,203371.60300056572
2002-01-09,203371.60300056572
2002-01-10,203371.60300056572
2002-01-11,203371.60300056572
2002-01-14,203371.60300056572
2002-01-15,203371.60300056572
2002-01-16,203371.60300056572
2002-01-17,203371.60300056572
2002-01-18,203371.60300056572
2002-01-22,203371.60300056572
2002-01-23,203371.60300056572
2002-01-24,203371.60300056572
2002-01-25,203371.60300056572
2002-01-28,203371.60300056572
2002-01-29,203371.60300056572
2002-01-30,203371.60300056572
2002-01-31,203371.60300056572
2002-02-01,203371.60300056572
2002-02-04,203371.60300056572
2002-02-05,203371.60300056572
2002-02-06,203371.60300056572
2002-02-07,203371.60300056572
2002-02-08,203371.60300056572
2002-02-11,203371.60300056572
2002-02-12,203371.60300056572
2002-02-13,203371.60300056572
2002-02-14,203371.60300056572
2002-02-15,203371.60300056572
2002-02-19,203371.60300056572
2002-02-20,203371.60300056572
2002-02-21,203371.60300056572
2002-02-22,203371.60300056572
2002-02-25,203371.60300056572
2002-02-26,203371.60300056572
2002-02-27,203371.60300056572
2002-02-28,203371.60300056572
2002-03-01,203371.60300056572
2002-03-04,203371.60300056572
2002-03-05,203371.60300056572
2002-03-06,203371.60300056572
2002-03-07,203371.60300056572
2002-03-08,203371.60300056572
2002-03-11,203371.60300056572
2002-03-12,203371.60300056572
2002-03-13,203371.60300056572
2002-03-14,203371.60300056572
2002-03-15,203371.60300056572
2002-03-18,203371.60300056572
2002-03-19,203371.60300056572
2002-03-20,203371.60300056572
2002-03-21,203371.60300056572
2002-03-22,203371.60300056572
2002-03-25,203371.60300056572
2002-03-26,203371.60300056572
2002-03-27,203371.60300056572
2002-03-28,203371.60300056572
2002-04-01,203371.60300056572
2002-04-02,202403.2416444969
2002-04-03,201429.93883424325
2002-04-04,203333.55095880353
2002-04-05,205339.4554677958
2002-04-08,206460.90848594496
2002-04-09,208147.83357256552
2002-04-10,211508.1802723431
2002-04-11,208718.1383359597
2002-04-12,209707.12340808357
2002-04-15,208607.93255040233
2002-04-16,209489.53680557993
2002-04-17,206373.9552774139
2002-04-18,206491.95528525903
2002-04-19,206643.50907448487
2002-04-22,204869.1983530254
2002-04-23,205129.4900166111
2002-04-24,205113.19236996485
2002-04-25,204591.1646659269
2002-04-26,203204.93413032955
2002-04-29,201256.8706227061
2002-04-30,203502.53570463377
2002-05-01,202924.04399827603
2002-05-02,203648.86898437384
2002-05-03,203648.86898437384
2002-05-06,203648.86898437384
2002-05-07,203648.86898437384
2002-05-08,203648.86898437384
2002-05-09,203648.86898437384
2002-05-10,203648.86898437384
2002-05-13,203648.86898437384
2002-05-14,203648.86898437384
2002-05-15,203648.86898437384
2002-05-16,203648.86898437384
2002-05-17,203648.86898437384
2002-05-20,203648.86898437384
2002-05-21,203648.86898437384
2002-05-22,203648.86898437384
2002-05-23,203648.86898437384
2002-05-24,203648.86898437384
2002-05-28,203648.86898437384
2002-05-29,203648.86898437384
2002-05-30,203648.86898437384
2002-05-31,203648.86898437384
2002-06-03,203648.86898437384
2002-06-04,203648.86898437384
2002-06-05,203648.86898437384
2002-06-06,203648.86898437384
2002-06-07,203648.86898437384
2002-06-10,203648.86898437384
2002-06-11,203648.86898437384
2002-06-12,203648.86898437384
2002-06-13,203648.86898437384
2002-06-14,203648.86898437384
2002-06-17,203648.86898437384
2002-06-18,203648.86898437384
2002-06-19,203648.86898437384
2002-06-20,203648.86898437384
2002-06-21,203648.86898437384
2002-06-24,203648.86898437384
2002-06-25,203648.86898437384
2002-06-26,203648.86898437384
2002-06-27,203648.86898437384
2002-06-28,203648.86898437384
2002-07-01,203648.86898437384
2002-07-02,203648.86898437384
2002-07-03,203648.86898437384
2002-07-05,203648.86898437384
2002-07-08,203648.86898437384
2002-07-09,203648.86898437384
2002-07-10,203648.86898437384
2002-07-11,203648.86898437384
2002-07-12,203648.86898437384
2002-07-15,203648.86898437384
2002-07-16,203648.86898437384
2002-07-17,203648.86898437384
2002-07-18,203648.86898437384
2002-07-19,203648.86898437384
2002-07-22,203648.86898437384
2002-07-23,203648.86898437384
2002-07-24,203648.86898437384
2002-07-25,203648.86898437384
2002-07-26,203648.86898437384
2002-07-29,203648.86898437384
2002-07-30,203648.86898437384
2002-07-31,203648.86898437384
2002-08-01,203648.86898437384
2002-08-02,203648.86898437384
2002-08-05,203648.86898437384
2002-08-06,203648.86898437384
2002-08-07,203648.86898437384
2002-08-08,203648.86898437384
2002-08-09,203648.86898437384
2002-08-12,203648.86898437384
2002-08-13,203648.86898437384
2002-08-14,203648.86898437384
2002-08-15,203648.86898437384
2002-08-16,203648.86898437384
2002-08-19,203648.86898437384
2002-08-20,203648.86898437384
2002-08-21,203648.86898437384
2002-08-22,203648.86898437384
2002-08-23,203648.86898437384
2002-08-26,203648.86898437384
2002-08-27,203648.86898437384
2002-08-28,203648.86898437384
2002-08-29,203648.86898437384
2002-08-30,203648.86898437384
2002-09-03,203648.86898437384
2002-09-04,203648.86898437384
2002-09-05,203648.86898437384
2002-09-06,203648.86898437384
2002-09-09,203648.86898437384
2002-09-10,203648.86898437384
2002-09-11,203648.86898437384
2002-09-12,203648.86898437384
2002-09-13,203648.86898437384
2002-09-16,203648.86898437384
2002-09-17,203648.86898437384
2002-09-18,203648.86898437384
2002-09-19,203648.86898437384
2002-09-20,203648.86898437384
2002-09-23,203648.86898437384
2002-09-24,203648.86898437384
2002-09-25,203648.86898437384
2002-09-26,203648.86898437384
2002-09-27,203648.86898437384
2002-09-30,203648.86898437384
2002-10-01,203648.86898437384
2002-10-02,203648.86898437384
2002-10-03,203648.86898437384
2002-10-04,203648.86898437384
2002-10-07,203648.86898437384
2002-10-08,203648.86898437384
2002-10-09,203648.86898437384
2002-10-10,203648.86898437384
2002-10-11,203648.86898437384
2002-10-14,203648.86898437384
2002-10-15,203648.86898437384
2002-10-16,203648.86898437384
2002-10-17,203648.86898437384
2002-10-18,203648.86898437384
2002-10-21,203648.86898437384
2002-10-22,203648.86898437384
2002-10-23,203648.86898437384
2002-10-24,203648.86898437384
2002-10-25,203648.86898437384
2002-10-28,203648.86898437384
2002-10-29,203648.86898437384
2002-10-30,203648.86898437384
2002-10-31,203648.86898437384
2002-11-01,203648.86898437384
2002-11-04,203648.86898437384
2002-11-05,203648.86898437384
2002-11-06,203648.86898437384
2002-11-07,203648.86898437384
2002-11-08,203648.86898437384
2002-11-11,203648.86898437384
2002-11-12,203648.86898437384
2002-11-13,203648.86898437384
2002-11-14,203648.86898437384
2002-11-15,203648.86898437384
2002-11-18,203648.86898437384
2002-11-19,203648.86898437384
2002-11-20,203648.86898437384
2002-11-21,203648.86898437384
2002-11-22,203648.86898437384
2002-11-25,203648.86898437384
2002-11-26,203648.86898437384
2002-11-27,203648.86898437384
2002-11-29,203648.86898437384
2002-12-02,203648.86898437384
2002-12-03,203648.86898437384
2002-12-04,203648.86898437384
2002-12-05,203648.86898437384
2002-12-06,203648.86898437384
2002-12-09,203648.86898437384
2002-12-10,203648.86898437384
2002-12-11,203648.86898437384
2002-12-12,203648.86898437384
2002-12-13,203648.86898437384
2002-12-16,203648.86898437384
2002-12-17,203648.86898437384
2002-12-18,203648.86898437384
2002-12-19,203648.86898437384
2002-12-20,203648.86898437384
2002-12-23,203648.86898437384
2002-12-24,203648.86898437384
2002-12-26,203648.86898437384
2002-12-27,203648.86898437384
2002-12-30,203648.86898437384
2002-12-31,203648.86898437384
2003-01-02,203648.86898437384
2003-01-03,203648.86898437384
2003-01-06,203648.86898437384
2003-01-07,203648.86898437384
2003-01-08,203648.86898437384
2003-01-09,203648.86898437384
2003-01-10,203648.86898437384
2003-01-13,203648.86898437384
2003-01-14,203648.86898437384
2003-01-15,203648.86898437384
2003-01-16,203648.86898437384
2003-01-17,203648.86898437384
2003-01-21,203648.86898437384
2003-01-22,203648.86898437384
2003-01-23,203648.86898437384
2003-01-24,203648.86898437384
2003-01-27,203648.86898437384
2003-01-28,203648.86898437384
2003-01-29,203648.86898437384
2003-01-30,203648.86898437384
2003-01-31,203648.86898437384
2003-02-03,203648.86898437384
2003-02-04,203648.86898437384
2003-02-05,203648.86898437384
2003-02-06,203648.86898437384
2003-02-07,203648.86898437384
2003-02-10,203648.86898437384
2003-02-11,203648.86898437384
2003-02-12,203648.86898437384
2003-02-13,203648.86898437384
2003-02-14,203648.86898437384
2003-02-18,203648.86898437384
2003-02-19,203648.86898437384
2003-02-20,203648.86898437384
2003-02-21,203648.86898437384
2003-02-24,203648.86898437384
2003-02-25,203648.86898437384
2003-02-26,203648.86898437384
2003-02-27,203648.86898437384
2003-02-28,203648.86898437384
2003-03-03,203648.86898437384
2003-03-04,203648.86898437384
2003-03-05,203648.86898437384
2003-03-06,203648.86898437384
2003-03-07,203648.86898437384
2003-03-10,203648.86898437384
2003-03-11,203648.86898437384
2003-03-12,203648.86898437384
2003-03-13,203648.86898437384
2003-03-14,203648.86898437384
2003-03-17,203648.86898437384
2003-03-18,203648.86898437384
2003-03-19,203648.86898437384
2003-03-20,203648.86898437384
2003-03-21,203648.86898437384
2003-03-24,203648.86898437384
2003-03-25,203648.86898437384
2003-03-26,203648.86898437384
2003-03-27,203648.86898437384
2003-03-28,203648.86898437384
2003-03-31,203648.86898437384
2003-04-01,203648.86898437384
2003-04-02,203648.86898437384
2003-04-03,203648.86898437384
2003-04-04,203648.86898437384
2003-04-07,203648.86898437384
2003-04-08,203648.86898437384
2003-04-09,203648.86898437384
2003-04-10,203648.86898437384
2003-04-11,203648.86898437384
2003-04-14,203648.86898437384
2003-04-15,203648.86898437384
2003-04-16,203648.86898437384
2003-04-17,203648.86898437384
2003-04-21,203648.86898437384
2003-04-22,203648.86898437384
2003-04-23,203648.86898437384
2003-04-24,203648.86898437384
2003-04-25,203648.86898437384
2003-04-28,203648.86898437384
2003-04-29,203648.86898437384
2003-04-30,203648.86898437384
2003-05-01,203648.86898437384
2003-05-02,207020.78454363815
2003-05-05,207274.78526651298
2003-05-06,209955.70846381914
2003-05-07,208639.87926654017
2003-05-08,207098.71788569444
2003-05-09,208560.7079562352
2003-05-12,211378.8076955616
2003-05-13,212278.77374963302
2003-05-14,211871.58305422185
2003-05-15,213736.44973677403
2003-05-16,213441.84052979897
2003-05-19,208501.9542551482
2003-05-20,208017.64669772322
2003-05-21,209734.78817758802
2003-05-22,213116.65141383317
2003-05-23,213288.19056744524
2003-05-27,217133.75109830513
2003-05-28,216585.83862602944
2003-05-29,216582.80555245702
2003-05-30,220207.5499398999
2003-06-02,218311.62348325047
2003-06-03,219591.55223774584
2003-06-04,224206.56950931626
2003-06-05,226020.73658890207
2003-06-06,223974.83880754895
2003-06-09,221396.34421025016
2003-06-10,222912.80768954812
2003-06-11,228577.9997124708
2003-06-12,229955.59217577128
2003-06-13,228537.32449287968
2003-06-16,234069.89530378536
2003-06-17,232941.38874355995
2003-06-18,232979.70766943676
2003-06-19,226306.85015239165
2003-06-20,224982.68962619652
2003-06-23,222006.69954848394
2003-06-24,223299.14586116894
2003-06-25,223037.88618381062
2003-06-26,226234.43560922498
2003-06-27,224644.09963679078
2003-06-30,223454.14080217312
2003-07-01,226101.79611487087
2003-07-02,231572.66801048597
2003-07-03,230460.83661469404
2003-07-07,236012.11539838943
2003-07-08,238254.31059088293
2003-07-09,238153.07205105576
2003-07-10,232875.82417901896
2003-07-11,234156.88751132344
2003-07-14,235286.908663491
2003-07-15,233087.161448849
2003-07-16,227579.23088143585
2003-07-17,220393.07676479567
2003-07-18,222055.4366344626
2003-07-21,217099.45865381684
2003-07-22,221102.8598326101
2003-07-23,221837.1878478418
2003-07-24,218805.47492103436
2003-07-25,220843.9916676988
2003-07-28,220982.09083835297
2003-07-29,220573.83152670917
2003-07-30,218905.18834935065
2003-07-31,220433.43879992815
2003-08-01,219277.9872299634
2003-08-04,218455.9590763105
2003-08-05,215364.3934931833
2003-08-06,213074.16570439958
2003-08-07,213851.52737950283
2003-08-08,213818.46956107474
2003-08-11,216176.11443770133
2003-08-12,219122.03494109126
2003-08-13,218886.4784774942
2003-08-14,219614.0981363318
2003-08-15,219813.60084272374
2003-08-18,224085.57633703225
2003-08-19,226399.94884822489
2003-08-20,229190.3405087408
2003-08-21,232649.2104154306
2003-08-22,229178.77848492947
2003-08-25,228755.11561884708
2003-08-26,229382.7925362708
2003-08-27,229897.36840945226
2003-08-28,231129.82604285429
2003-08-29,232448.32830767025
2003-09-02,234858.28851900305
2003-09-03,234088.30865634626
2003-09-04,236286.11688814097
2003-09-05,236154.43383176002
2003-09-08,240716.28552716863
2003-09-09,237584.331571188
2003-09-10,230921.26377019854
2003-09-11,232226.63870870642
2003-09-12,233675.91832458318
2003-09-15,234329.92388371885
2003-09-16,241492.78131159794
2003-09-17,242276.4870462793
2003-09-18,246822.90148646414
2003-09-19,246889.38703728214
2003-09-22,242452.60397731152
2003-09-23,244954.8665978647
2003-09-24,236625.18923762965
2003-09-25,233280.37699310272
2003-09-26,229888.57998333144
2003-09-29,234418.81902614064
2003-09-30,232358.6807142916
2003-10-01,236358.42229334018
2003-10-02,239813.69180963078
2003-10-03,248615.63607787967
2003-10-06,252017.57916579526
2003-10-07,256941.04655161835
2003-10-08,255600.6200571204
2003-10-09,258333.29758508978
2003-10-10,259387.96041945633
2003-10-13,263352.1545966176
2003-10-14,263573.9544531548
2003-10-15,259990.19792833878
2003-10-16,262491.9031758091
2003-10-17,256013.0392300357
2003-10-20,258466.40960462092
2003-10-21,260373.29933723097
2003-10-22,256082.64801139984
2003-10-23,251793.11258917823
2003-10-24,250809.65111068092
2003-10-27,253476.10830083597
2003-10-28,262672.3388207082
2003-10-29,264209.09656779934
2003-10-30,265761.0109619403
2003-10-31,264816.9422277651
2003-11-03,271441.7795449917
2003-11-04,272279.68884711416
2003-11-05,272030.47665785556
2003-11-06,272042.2797210571
2003-11-07,271797.91598753014
2003-11-10,266418.3903297452
2003-11-11,264958.0042471196
2003-11-12,271740.90013224777
2003-11-13,272719.9819306542
2003-11-14,266746.44124034967
2003-11-17,260795.66028354704
2003-11-18,255571.55330691749
2003-11-19,256288.86404438867
2003-11-20,253532.74143962434
2003-11-21,255211.432524961
2003-11-24,264001.3529527836
2003-11-25,265040.98465018993
2003-11-26,267824.54500451917
2003-11-28,268918.9497570041
2003-12-01,272067.487452119
2003-12-02,269189.6204528789
2003-12-03,264870.65908020886
2003-12-04,261772.65470837968
2003-12-05,257803.00961954865
2003-12-08,258445.40879589977
2003-12-09,251050.28877327836
2003-12-10,247450.19845073135
2003-12-11,254473.92164081824
2003-12-12,255413.56949085684
2003-12-15,253071.60305414093
2003-12-16,252093.39108245575
2003-12-17,252511.02128976485
2003-12-18,257530.64090783865
2003-12-19,255936.86830926983
2003-12-22,255508.01190108643
2003-12-23,256890.99693700665
2003-12-24,257225.0407021579
2003-12-26,258110.19059489376
2003-12-29,261900.63050347258
2003-12-30,262003.79800354852
2003-12-31,260959.38616379048
2004-01-02,260623.57471488102
2004-01-05,268108.98273210245
2004-01-06,270734.37493840186
2004-01-07,272343.2084048914
2004-01-08,275654.8000099222
2004-01-09,275230.8763827455
2004-01-12,280870.272256898
2004-01-13,276457.0266596406
2004-01-14,277524.05716159916
2004-01-15,277861.5709316047
2004-01-16,285591.71226752736
2004-01-20,289439.7792778353
2004-01-21,286407.1658415417
2004-01-22,281379.70317897847
2004-01-23,278535.25321316055
2004-01-26,285014.18922975525
2004-01-27,281361.63227726915
2004-01-28,275988.40835941484
2004-01-29,269560.4205712218
2004-01-30,271845.2383864397
2004-02-02,268987.8642900866
2004-02-03,268218.5379047486
2004-02-04,259697.17350358263
2004-02-05,261386.92543919588
2004-02-06,271153.8817282764
2004-02-09,271934.30080561613
2004-02-10,274588.463513355
2004-02-11,279262.47121130535
2004-02-12,277459.8312871013
2004-02-13,273037.74692251487
2004-02-17,280342.6316361202
2004-02-18,281341.6766797989
2004-02-19,277305.7800444058
2004-02-20,274546.39903870976
2004-02-23,268536.88835842157
2004-02-24,266097.4052105088
2004-02-25,269927.2439971217
2004-02-26,272470.3499042067
2004-02-27,273511.84826664475
2004-03-01,277886.57679611916
2004-03-02,277556.6104761205
2004-03-03,275777.720438671
2004-03-04,279814.75590787065
2004-03-05,277590.9872112111
2004-03-08,270632.2907169983
2004-03-09,264383.86821462377
2004-03-10,256708.29547347018
2004-03-11,252513.82569714403
2004-03-12,258339.7334557575
2004-03-15,252008.37686272993
2004-03-16,253202.72456694185
2004-03-17,260260.54296777197
2004-03-18,258869.19086036473
2004-03-19,257184.50722595287
2004-03-22,251625.36585401424
2004-03-23,251995.5692609895
2004-03-24,251725.38728566474
2004-03-25,257555.8006647335
2004-03-26,259071.48407159885
2004-03-29,262934.062197784
2004-03-30,265911.3813814607
2004-03-31,265312.7284184996
2004-04-01,269183.90991655947
2004-04-02,274308.2546114773
2004-04-05,276817.8273499488
2004-04-06,274166.944744552
2004-04-07,272373.76995212503
2004-04-08,271726.4327000554
2004-04-12,273650.1472229341
2004-04-13,264822.6014018669
2004-04-14,263945.8681714565
2004-04-15,260470.24759458032
2004-04-16,259428.0519280798
2004-04-19,260529.2726822198
2004-04-20,253665.1455270534
2004-04-21,255627.52425098312
2004-04-22,261614.62817192593
2004-04-23,263389.88802150066
2004-04-26,260511.11438521786
2004-04-27,258281.8366540974
2004-04-28,252837.35839513
2004-04-29,248597.446668262
2004-04-30,244633.36616025452
2004-05-03,246621.58768131875
2004-05-04,251128.171432648
2004-05-05,251628.15708792536
2004-05-06,247618.85039682986
2004-05-07,242201.1879049902
2004-05-10,237639.05690225557
2004-05-11,242106.666599049
2004-05-12,240004.7495147929
2004-05-13,240961.6978827864
2004-05-14,237297.20271310737
2004-05-17,233788.91372943434
2004-05-18,238185.2532635458
2004-05-19,238929.25264690327
2004-05-20,239457.23424552192
2004-05-21,243147.19721064635
2004-05-24,243930.90030665346
2004-05-25,248480.68123908227
2004-05-26,248915.12001522823
2004-05-27,249993.38178507937
2004-05-28,250379.65502400958
2004-06-01,251036.7326904994
2004-06-02,250966.72315932185
2004-06-03,247720.28450940512
2004-06-04,249175.98290727503
2004-06-07,255146.4250589689
2004-06-08,254436.573555517
2004-06-09,250111.60625723103
2004-06-10,251292.51224244936
2004-06-14,246885.49911888636
2004-06-15,249461.00142765464
2004-06-16,249891.66523501856
2004-06-17,249496.6079724179
2004-06-18,249964.94472709595
2004-06-21,249048.3540327248
2004-06-22,251871.4372277048
2004-06-23,256085.59001015977
2004-06-24,254869.85476943353
2004-06-25,256417.86795949616
2004-06-28,255540.2122448518
2004-06-29,257349.83890772442
2004-06-30,260016.33854032436
2004-07-01,255976.3301391139
2004-07-02,254060.46049669338
2004-07-06,250993.83322033496
2004-07-07,253387.64473336344
2004-07-08,248354.1125295035
2004-07-09,248751.59060713352
2004-07-12,249417.55554846133
2004-07-13,250776.52619744203
2004-07-14,249773.76149166693
2004-07-15,249480.18925472887
2004-07-16,246217.5923935408
2004-07-19,246234.0549255503
2004-07-20,249380.82974486856
2004-07-21,244160.42520552583
2004-07-22,245624.94183233025
2004-07-23,245591.50621233933
2004-07-26,244869.22225304693
2004-07-27,249959.4293745181
2004-07-28,252706.44324591203
2004-07-29,255805.78076050384
2004-07-30,256071.34642367187
2004-08-02,257093.47310646484
2004-08-03,252675.39883675752
2004-08-04,251360.75635758822
2004-08-05,245256.88593195612
2004-08-06,238191.19819531767
2004-08-09,239895.1278531888
2004-08-10,243737.04432794065
2004-08-11,241910.53048548094
2004-08-12,238944.80539139535
2004-08-13,238996.33903729529
2004-08-16,242937.74975077907
2004-08-17,241899.68156468752
2004-08-18,244950.59458641626
2004-08-19,245435.04853590985
2004-08-20,247605.4462165726
2004-08-23,246483.1278648695
2004-08-24,246330.2975594689
2004-08-25,247997.71230031806
2004-08-26,247828.7610424515
2004-08-27,249535.04765839275
2004-08-30,247198.35952224734
2004-08-31,248825.53112758743
2004-09-01,249090.08481442288
2004-09-02,253469.79484277242
2004-09-03,252668.7313154833
2004-09-07,254942.1065968461
2004-09-08,253904.073539879
2004-09-09,257515.2185578996
2004-09-10,257812.05307857052
2004-09-13,259166.46293391526
2004-09-14,260430.65665523673
2004-09-15,259034.76661752886
2004-09-16,259582.71262624912
2004-09-17,259973.20545119082
2004-09-20,259277.84216505755
2004-09-21,261350.02041933988
2004-09-22,257336.12759399827
2004-09-23,255794.23814196824
2004-09-24,256532.73285773862
2004-09-27,254285.49467179028
2004-09-28,257891.59149783937
2004-09-29,258851.96250680689
2004-09-30,260644.7345427219
2004-10-01,264158.00551120867
2004-10-04,266641.31183164153
2004-10-05,266082.96261121205
2004-10-06,270457.83585488185
2004-10-07,266789.1325465585
2004-10-08,262210.5770498102
2004-10-11,261890.0234794426
2004-10-12,260384.9172684078
2004-10-13,255299.2660665182
2004-10-14,257747.68270927976
2004-10-15,257998.85472604592
2004-10-18,257890.92961421498
2004-10-19,254184.16590887593
2004-10-20,257157.1316464662
2004-10-21,260636.82654462336
2004-10-22,257244.80371222988
2004-10-25,257593.60841936065
2004-10-26,259942.98498435516
2004-10-27,261550.84647938935
2004-10-28,259957.01887198747
2004-10-29,261168.6190385266
2004-11-01,261673.82824417192
2004-11-02,261505.78781713816
2004-11-03,266746.292939083
2004-11-04,269901.49624927633
2004-11-05,269718.43787620676
2004-11-08,269321.4211897625
2004-11-09,271092.15429448965
2004-11-10,273414.2003872299
2004-11-11,275787.9942320495
2004-11-12,281138.361925344
2004-11-15,279453.6322300328
2004-11-16,278081.58067326224
2004-11-17,282452.4362223794
2004-11-18,283885.7297240619
2004-11-19,284593.2595598257
2004-11-22,291768.9684722271
2004-11-23,291556.38615255477
2004-11-24,296022.93967163813
2004-11-26,301516.3628511464
2004-11-29,302428.37026601424
2004-11-30,301469.53433510184
2004-12-01,300268.16441107215
2004-12-02,295100.03709710605
2004-12-03,298061.2619959186
2004-12-06,299055.7610559182
2004-12-07,291817.1188817519
2004-12-08,292942.9791098084
2004-12-09,294219.8902683178
2004-12-10,293615.5435145627
2004-12-13,299361.2681444788
2004-12-14,298176.69620254036
2004-12-15,301630.9829149235
2004-12-16,298380.3771257763
2004-12-17,298275.23615293216
2004-12-20,297161.81486261537
2004-12-21,302648.58255981747
2004-12-22,302141.2923484836
2004-12-23,302324.47024315095
2004-12-27,298958.5770641344
2004-12-28,303893.45608595293
2004-12-29,303966.21137146704
2004-12-30,301484.4550641984
2004-12-31,301450.8388876104
2005-01-03,293571.9439801047
2005-01-04,286929.28509441175
2005-01-05,285540.0609371853
2005-01-06,284604.03928900574
2005-01-07,285545.44731970766
2005-01-10,286838.52784487896
2005-01-11,282860.8602354864
2005-01-12,284296.36175381613
2005-01-13,285105.79060924135
2005-01-14,288139.32201065373
2005-01-18,292248.237081713
2005-01-19,289594.4195652304
2005-01-20,282819.2354698374
2005-01-21,282025.1234073992
2005-01-24,276148.7128825247
2005-01-25,277436.9143616141
2005-01-26,279144.4417102063
2005-01-27,281452.80770115403
2005-01-28,281069.33305767813
2005-01-31,285727.09226770035
2005-02-01,288855.3072002934
2005-02-02,292638.7228711099
2005-02-03,292554.843841818
2005-02-04,294839.4115353893
2005-02-07,293779.3709698173
2005-02-08,295649.00226285204
2005-02-09,291098.5076387456
2005-02-10,293992.17051013827
2005-02-11,296753.19147238584
2005-02-14,298983.38146832277
2005-02-15,300356.4326173205
2005-02-16,304311.2747212798
2005-02-17,300072.05140675214
2005-02-18,302011.25691958494
2005-02-22,298350.6844605203
2005-02-23,300949.4123081299
2005-02-24,305787.9868112735
2005-02-25,312272.1348366388
2005-02-28,310235.07624970016
2005-03-01,307416.5450929179
2005-03-02,309250.87486569764
2005-03-03,308608.14414087357
2005-03-04,315564.5675089517
2005-03-07,315331.8855071281
2005-03-08,311606.71567146765
2005-03-09,307540.59993345186
2005-03-10,304186.94801845186
2005-03-11,306942.35385160754
2005-03-14,307686.8950855227
2005-03-15,307133.3518702407
2005-03-16,303925.7932881875
2005-03-17,308001.6204531569
2005-03-18,308992.3081707431
2005-03-21,308377.48684311594
2005-03-22,306426.09765661997
2005-03-23,305067.55750303797
2005-03-24,306696.090022462
2005-03-28,305247.5795047685
2005-03-29,296106.8471509409
2005-03-30,303123.9667570645
2005-03-31,305748.93125933054
2005-04-01,307993.8944514739
2005-04-04,307129.5670126017
2005-04-05,307749.3200036707
2005-04-06,311529.00641312083
2005-04-07,313839.4173408752
2005-04-08,308373.0702381048
2005-04-11,308745.245560149
2005-04-12,309423.18025309814
2005-04-13,300336.1039297809
2005-04-14,289175.5502079906
2005-04-15,281202.9098395207
2005-04-18,283610.8467809709
2005-04-19,289420.46722972393
2005-04-20,284647.77043922746
2005-04-21,289787.4676223303
2005-04-22,287667.5179361995
2005-04-25,290716.28321058105
2005-04-26,286648.350292615
2005-04-27,284989.074287647
2005-04-28,282210.3826679137
2005-04-29,285498.46090318763
2005-05-02,287838.35863145685
2005-05-03,285684.13874650403
2005-05-04,290561.4630263392
2005-05-05,290637.6186609019
2005-05-06,293875.6118174016
2005-05-09,297394.8934799838
2005-05-10,292164.18174864503
2005-05-11,292954.41936063336
2005-05-12,281885.7641431106
2005-05-13,279977.99090115016
2005-05-16,281886.329389843
2005-05-17,285215.1729820339
2005-05-18,289099.2035460971
2005-05-19,292494.1877437914
2005-05-20,291687.5889512649
2005-05-23,295810.5472074444
2005-05-24,296405.4928834938
2005-05-25,296741.6083370366
2005-05-26,301147.4952534631
2005-05-27,303160.83641998714
2005-05-31,301880.1381612946
2005-06-01,304481.0685024369
2005-06-02,304323.3235482754
2005-06-03,303090.6164656398
2005-06-06,305257.2840891793
2005-06-07,304752.9493842465
2005-06-08,304177.1228623554
2005-06-09,307255.1640104475
2005-06-10,305845.5785977079
2005-06-13,307711.22252446885
2005-06-14,309290.6875406506
2005-06-15,312696.70644665963
2005-06-16,314629.83409859036
2005-06-17,319357.58707848465
2005-06-20,318605.2621548887
2005-06-21,316596.9390913862
2005-06-22,317955.7534429043
2005-06-23,316341.57459305885
2005-06-24,312159.6544144364
2005-06-27,314255.66370585776
2005-06-28,317088.07906203845
2005-06-29,314762.7659488322
2005-06-30,315280.1152515976
2005-07-01,317031.55742164655
2005-07-05,321681.09532141197
2005-07-06,320078.5084584759
2005-07-07,323111.16208744096
2005-07-08,325338.00060043775
2005-07-11,326943.02587282646
2005-07-12,328427.4123460035
2005-07-13,327314.9275727639
2005-07-14,325141.9703513845
2005-07-15,327019.68597596633
2005-07-18,326473.13017311593
2005-07-19,330167.066024533
2005-07-20,331406.263925814
2005-07-21,325535.26891174266
2005-07-22,331601.0828512573
2005-07-25,329786.12851714744
2005-07-26,330714.9501812645
2005-07-27,330374.83603712486
2005-07-28,334574.9431197115
2005-07-29,332178.9105125037
2005-08-01,333391.3862091768
2005-08-02,337301.05146644334
2005-08-03,339018.76196742425
2005-08-04,338865.2142732817
2005-08-05,333762.99166485836
2005-08-08,330401.7770082424
2005-08-09,333885.5001548125
2005-08-10,336649.2969200345
2005-08-11,340480.5185801447
2005-08-12,342260.20464470354
2005-08-15,343811.1253488265
2005-08-16,338347.1163497316
2005-08-17,336674.65126809146
2005-08-18,335932.53401383816
2005-08-19,339703.4872893202
2005-08-22,340545.48447111435
2005-08-23,339705.0509130117
2005-08-24,340531.49403613224
2005-08-25,341786.3942471646
2005-08-26,339800.32140427455
2005-08-29,341792.36408617924
2005-08-30,346477.61154686025
2005-08-31,355171.48886791157
2005-09-01,356761.6829860256
2005-09-02,353186.7216521892
2005-09-06,361579.63609614974
2005-09-07,366649.0760955533
2005-09-08,368706.7217883571
2005-09-09,376358.2206009481
2005-09-12,372003.4242612214
2005-09-13,369906.00262450345
2005-09-14,368028.69627949066
2005-09-15,367410.83181201713
2005-09-16,367295.12374381494
2005-09-19,368479.8761467853
2005-09-20,363749.8535334719
2005-09-21,363619.71244594525
2005-09-22,363687.76718579564
2005-09-23,365226.8767704274
2005-09-26,368316.3931512397
2005-09-27,370246.56041989464
2005-09-28,370306.8145984729
2005-09-29,372829.77091561083
2005-09-30,373388.85732832743
2005-10-03,377894.32580388634
2005-10-04,369939.879662096
2005-10-05,356088.6994022935
2005-10-06,349009.4814678711
2005-10-07,351019.4674306949
2005-10-10,345323.9963833174
2005-10-11,347709.6803424011
2005-10-12,341362.0682954968
2005-10-13,341225.61768316355
2005-10-14,344425.0886511731
2005-10-17,346897.48096715024
2005-10-18,340567.8100206458
2005-10-19,345775.2514626139
2005-10-20,340276.6934698377
2005-10-21,341435.3841725936
2005-10-24,346651.960422229
2005-10-25,346686.78186484077
2005-10-26,343837.07866938174
2005-10-27,341831.00329641614
2005-10-28,346400.06568153127
2005-10-31,353775.7723836674
2005-11-01,353387.8866832927
2005-11-02,361219.0613611239
2005-11-03,365501.91934081324
2005-11-04,357333.8885293932
2005-11-07,353774.8610616346
2005-11-08,352801.6288658911
2005-11-09,350181.66094229516
2005-11-10,345934.3884729433
2005-11-11,348317.3328944077
2005-11-14,351562.5122051635
2005-11-15,353078.713623968
2005-11-16,359255.3170924024
2005-11-17,362325.0399264782
2005-11-18,362507.7394410742
2005-11-21,368762.5148708192
2005-11-22,374874.3723473574
2005-11-23,373638.369259247
2005-11-25,377155.99252857314
2005-11-28,367904.8789646288
2005-11-29,369956.939042784
2005-11-30,370789.0191674593
2005-12-01,382151.56051823386
2005-12-02,384059.9250647714
2005-12-05,383772.4381648764
2005-12-06,386275.26008287794
2005-12-07,385441.9435936618
2005-12-08,390650.9966996
2005-12-09,391046.2688223232
2005-12-12,393824.7574750727
2005-12-13,392584.195842489
2005-12-14,393189.91308693244
2005-12-15,390630.04530516226
2005-12-16,385512.7562871002
2005-12-19,381021.0433111978
2005-12-20,384341.7709660153
2005-12-21,388012.40943304554
2005-12-22,392802.05323981465
2005-12-23,392336.2764510883
2005-12-27,386268.29052899254
2005-12-28,390111.746553411
2005-12-29,386349.09256314824
2005-12-30,384820.88090759836
2006-01-03,400120.6499596891
2006-01-04,404592.9632386441
2006-01-05,403172.3815773142
2006-01-06,408980.03847753676
2006-01-09,411360.1153261896
2006-01-10,417247.68648202904
2006-01-11,422087.14890572254
2006-01-12,419204.7875385903
2006-01-13,422813.76793289575
2006-01-17,424780.3093116379
2006-01-18,423249.80144236004
2006-01-19,427289.71825824195
2006-01-20,421480.98131777754
2006-01-23,423149.7676546278
2006-01-24,422812.97542461834
2006-01-25,418595.6991704623
2006-01-26,419815.69322037505
2006-01-27,426115.77736123605
2006-01-30,434719.375032906
2006-01-31,433261.8573173058
2006-02-01,429414.40552718827
2006-02-02,420914.80694332306
2006-02-03,419525.66910227825
2006-02-06,419565.138587155
2006-02-07,408714.91099436727
2006-02-08,409494.50730527955
2006-02-09,397668.5729450043
2006-02-10,398504.8342448346
2006-02-13,395372.2385471557
2006-02-14,395828.1602254492
2006-02-15,398319.5918101423
2006-02-16,408879.403853199
2006-02-17,408336.48585240135
2006-02-21,409400.16468666965
2006-02-22,410384.947306811
2006-02-23,407793.84195420484
2006-02-24,408191.1107284835
2006-02-27,405599.9260386506
2006-02-28,400030.3634401574
2006-03-01,408809.2435183428
2006-03-02,415881.0965659379
2006-03-03,413097.530782597
2006-03-06,402933.4625029291
2006-03-07,396215.97477707703
2006-03-08,396843.4090371011
2006-03-09,392204.2041857972
2006-03-10,394763.71406841616
2006-03-13,401200.72447297577
2006-03-14,407776.64441801765
2006-03-15,412350.19890339946
2006-03-16,414874.00360135094
2006-03-17,414439.0190153613
2006-03-20,410317.54511771945
2006-03-21,406709.74373397493
2006-03-22,407591.019338752
2006-03-23,408924.83625417727
2006-03-24,413110.3901326328
2006-03-27,414185.71163368924
2006-03-28,415806.78473510407
2006-03-29,420169.00977296976
2006-03-30,419767.48717107845
2006-03-31,416833.32098248386
2006-04-03,415948.41087737045
2006-04-04,415070.88982012117
2006-04-05,421133.32521045103
2006-04-06,425309.87900535366
2006-04-07,419886.4919799427
2006-04-10,414641.6759812093
2006-04-11,409373.6241843653
2006-04-12,411121.26512335584
2006-04-13,409115.91714825586
2006-04-17,405088.45757842617
2006-04-18,412812.1211619791
2006-04-19,416156.3786787562
2006-04-20,418486.67853788234
2006-04-21,418045.7249290988
2006-04-24,414673.2950330059
2006-04-25,412420.57933588367
2006-04-26,415231.64387581375
2006-04-27,412817.38970852003
2006-04-28,412759.2318554331
2006-05-01,410580.5788725315
2006-05-02,415415.47534235584
2006-05-03,415867.65219701244
2006-05-04,415837.9579720895
2006-05-05,416596.9144119013
2006-05-08,419481.2663064054
2006-05-09,421054.0546467359
2006-05-10,417103.81023513695
2006-05-11,405579.22293918516
2006-05-12,396067.481248772
2006-05-15,391754.80395487347
2006-05-16,391015.83960618265
2006-05-17,385101.5535167464
2006-05-18,382578.05063920084
2006-05-19,386514.23943414865
2006-05-22,380710.1964305736
2006-05-23,379814.0111613661
2006-05-24,377859.5699735008
2006-05-25,381587.48539391207
2006-05-26,383186.6101561517
2006-05-30,378297.24702100095
2006-05-31,380023.3310907538
2006-06-01,382670.8503835934
2006-06-02,379247.1398031673
2006-06-05,365114.22701851843
2006-06-06,363154.2767620005
2006-06-07,356624.922845097
2006-06-08,356836.87324551214
2006-06-09,356167.66564732924
2006-06-12,350095.73239823687
2006-06-13,346513.2863290804
2006-06-14,346681.2221980947
2006-06-15,348080.06153842167
2006-06-16,347684.92969807284
2006-06-19,346993.95287214394
2006-06-20,347339.8938362887
2006-06-21,347269.95652715105
2006-06-22,347312.17185516545
2006-06-23,347152.1868106976
2006-06-26,347829.4616156537
2006-06-27,346747.63408769394
2006-06-28,346805.9541082689
2006-06-29,347536.7329811935
2006-06-30,347495.4537416178
2006-07-03,348268.86783436284
2006-07-05,343013.80149197514
2006-07-06,340896.927123587
2006-07-07,334188.6409379838
2006-07-10,329437.1422361355
2006-07-11,331426.0210320512
2006-07-12,327486.22092128056
2006-07-13,320794.20691106573
2006-07-14,322051.5794703258
2006-07-17,318484.38467895833
2006-07-18,319109.5067258929
2006-07-19,320791.7864627934
2006-07-20,317574.26646977
2006-07-21,316112.77690520155
2006-07-24,318360.4781272317
2006-07-25,320471.7111037396
2006-07-26,320113.66526432475
2006-07-27,320142.6002914954
2006-07-28,318628.0729084719
2006-07-31,320374.02718102233
2006-08-01,320312.90786826686
2006-08-02,321926.23651560425
2006-08-03,323061.28055842064
2006-08-04,319790.82268791605
2006-08-07,319765.74516749976
2006-08-08,316810.6843081203
2006-08-09,315215.5188589976
2006-08-10,314739.6576845468
2006-08-11,310441.9210242815
2006-08-14,309720.45832867385
2006-08-15,318998.09925726976
2006-08-16,325954.4167483417
2006-08-17,323523.62679443054
2006-08-18,327014.67870656506
2006-08-21,324553.73651793436
2006-08-22,325840.035994892
2006-08-23,322600.0906423349
2006-08-24,322818.8480428732
2006-08-25,324518.8879189226
2006-08-28,325258.0582123537
2006-08-29,327014.7330251615
2006-08-30,327224.1981205183
2006-08-31,324472.0246255662
2006-09-01,325658.64581281954
2006-09-05,328491.0539003739
2006-09-06,322177.24683093897
2006-09-07,320361.16083542974
2006-09-08,322050.19737411896
2006-09-11,319711.69226012245
2006-09-12,324992.11906924256
2006-09-13,327880.961338788
2006-09-14,327452.97873322957
2006-09-15,327877.1403384458
2006-09-18,329651.4991006204
2006-09-19,327676.64978585497
2006-09-20,328768.0497997553
2006-09-21,326961.0312046016
2006-09-22,324976.6097928709
2006-09-25,326731.7416627568
2006-09-26,328342.2198735216
2006-09-27,328903.3384585161
2006-09-28,327967.3377200354
2006-09-29,327745.8591638073
2006-10-02,325043.36862113565
2006-10-03,323746.1280497226
2006-10-04,328991.59621303924
2006-10-05,329467.9291325892
2006-10-06,326606.4453190683
2006-10-09,329034.2269911461
2006-10-10,327538.63776421576
2006-10-11,326415.5327776389
2006-10-12,329223.5764268467
2006-10-13,332671.8438738109
2006-10-16,334504.3264191338
2006-10-17,330847.7087782492
2006-10-18,328943.3132553262
2006-10-19,330940.63527922914
2006-10-20,329930.30447882076
2006-10-23,330423.9233399609
2006-10-24,332328.97592804884
2006-10-25,333438.81079696084
2006-10-26,336715.44204069086
2006-10-27,331908.0370767635
2006-10-30,333024.92858983926
2006-10-31,334384.45572137565
2006-11-01,328680.1703876009
2006-11-02,326380.6234707213
2006-11-03,324434.29607777344
2006-11-06,330272.5082945328
2006-11-07,329731.65549020586
2006-11-08,328492.4338314544
2006-11-09,328615.50178959046
2006-11-10,328793.53564294335
2006-11-13,330540.10545349494
2006-11-14,335417.0234869546
2006-11-15,335374.64710739424
2006-11-16,337273.90440954803
2006-11-17,337583.8984661522
2006-11-20,340450.08123903465
2006-11-21,343157.7110218593
2006-11-22,345032.1895748303
2006-11-24,344658.47570857115
2006-11-27,337595.8406419007
2006-11-28,337896.48060628906
2006-11-29,342124.61560631974
2006-11-30,343177.388687006
2006-12-01,340547.00870322564
2006-12-04,347666.66784494405
2006-12-05,348395.1528850984
2006-12-06,346575.29718997993
2006-12-07,343542.21142396796
2006-12-08,344700.60492699064
2006-12-11,345163.58169057715
2006-12-12,341917.2878879461
2006-12-13,339722.1451367626
2006-12-14,343515.90855672787
2006-12-15,343186.90764878475
2006-12-18,341847.7617385684
2006-12-19,341593.5886614305
2006-12-20,339470.7015449128
2006-12-21,337473.52885975706
2006-12-22,334551.5133302399
2006-12-26,335698.5898852979
2006-12-27,339493.2716508337
2006-12-28,339387.15143126884
2006-12-29,337499.388076408
2007-01-03,336230.1238348766
2007-01-04,337006.12599403696
2007-01-05,332642.673757825
2007-01-08,335161.3689156579
2007-01-09,335749.9371124463
2007-01-10,338687.9852884868
2007-01-11,342191.5730888393
2007-01-12,344704.97935067373
2007-01-16,346275.0088157624
2007-01-17,344771.20858467434
2007-01-18,339922.7890483814
2007-01-19,342756.25201593543
2007-01-22,341153.67753044167
2007-01-23,343578.19306133775
2007-01-24,349258.0346423422
2007-01-25,344965.853742409
2007-01-26,344784.2898205098
2007-01-29,344731.10832353233
2007-01-30,346423.01433225296
2007-01-31,348531.80654981243
2007-02-01,350187.75501931674
2007-02-02,352024.2499871928
2007-02-05,353149.51670766016
2007-02-06,355056.1855579491
2007-02-07,358804.984764989
2007-02-08,357737.55278688256
2007-02-09,351354.41163793043
2007-02-12,349653.60925184237
2007-02-13,352834.9231346677
2007-02-14,355451.5165547924
2007-02-15,358055.0848030647
2007-02-16,356970.4332828711
2007-02-20,359727.9815025197
2007-02-21,360916.59991110413
2007-02-22,358869.25788913306
2007-02-23,357605.94876832707
2007-02-26,355179.1564994925
2007-02-27,339433.01703949913
2007-02-28,341835.0452386819
2007-03-01,339358.905775473
2007-03-02,334162.3704283412
2007-03-05,328588.07610768516
2007-03-06,337635.28374075476
2007-03-07,336687.54290201893
2007-03-08,344246.1111182582
2007-03-09,349258.8628177668
2007-03-12,351418.0782078191
2007-03-13,341324.0217855957
2007-03-14,344781.84990778647
2007-03-15,348069.4216348748
2007-03-16,346041.04748573975
2007-03-19,353071.0501098243
2007-03-20,356312.7180460751
2007-03-21,362959.7251708917
2007-03-22,361641.74176984257
2007-03-23,363819.6023609776
2007-03-26,363937.3542843545
2007-03-27,359441.69760593784
2007-03-28,356259.241292186
2007-03-29,357916.21347876644
2007-03-30,357721.66436870134
2007-04-02,360281.4117329539
2007-04-03,364293.37377983186
2007-04-04,365532.695288447
2007-04-05,366792.0723205333
2007-04-09,367437.4699562491
2007-04-10,367592.2981688556
2007-04-11,364525.41923881887
2007-04-12,366749.36263238866
2007-04-13,366805.0990340985
2007-04-16,370983.45799428615
2007-04-17,372119.8280716449
2007-04-18,370729.3390883763
2007-04-19,367826.2189555269
2007-04-20,371378.8542633952
2007-04-23,374518.23479666794
2007-04-24,374539.9574715637
2007-04-25,377193.18580150313
2007-04-26,372521.01531488844
2007-04-27,373709.95449434436
2007-04-30,369302.061569769
2007-05-01,368739.3241465307
2007-05-02,372309.99958751426
2007-05-03,373315.69881899265
2007-05-04,373821.62342156656
2007-05-07,373959.535354294
2007-05-08,374864.5542621249
2007-05-09,378360.99227707065
2007-05-10,373931.238173514
2007-05-11,376593.33130461996
2007-05-14,376040.0079988473
2007-05-15,373737.0448108679
2007-05-16,374610.7130627894
2007-05-17,374338.2006015395
2007-05-18,375499.7427633985
2007-05-21,376386.85032438097
2007-05-22,376457.17807661433
2007-05-23,374599.4669882731
2007-05-24,368262.470737512
2007-05-25,370749.6028824843
2007-05-29,373970.79927611817
2007-05-30,379420.1641540571
2007-05-31,376906.8124110817
2007-06-01,378365.0601860638
2007-06-04,379299.92972739023
2007-06-05,379481.0337883424
2007-06-06,374924.9832137435
2007-06-07,366466.03237821494
2007-06-08,371053.63916546915
2007-06-11,369453.54314070626
2007-06-12,364190.8449873843
2007-06-13,369530.23335433844
2007-06-14,371419.5949323769
2007-06-15,373416.64224863535
2007-06-18,371572.56158397475
2007-06-19,372810.8784759512
2007-06-20,366922.32627400866
2007-06-21,370269.06461096444
2007-06-22,365476.26728251623
2007-06-25,363623.18448450306
2007-06-26,359635.4503510772
2007-06-27,363224.93652879854
2007-06-28,364658.72020526766
2007-06-29,364324.06261588493
2007-07-02,371889.38291962416
2007-07-03,373040.81801009184
2007-07-05,374711.18136986485
2007-07-06,377278.1197302347
2007-07-09,383023.0408075497
2007-07-10,375906.87373855285
2007-07-11,374790.056888553
2007-07-12,382715.09706655296
2007-07-13,384865.2389654737
2007-07-16,383235.6718518974
2007-07-17,382832.65560947295
2007-07-18,382587.983670089
2007-07-19,383708.97334962693
2007-07-20,373645.90874728793
2007-07-23,373892.22781628
2007-07-24,364467.3084575126
2007-07-25,365612.9941187834
2007-07-26,358888.41223160655
2007-07-27,353638.6078074032
2007-07-30,360517.9527803713
2007-07-31,353264.4293909571
2007-08-01,353331.21219235094
2007-08-02,358091.99827187666
2007-08-03,344644.58625446196
2007-08-06,351281.158562568
2007-08-07,350958.41267247027
2007-08-08,349925.41248917166
2007-08-09,334219.11971701373
2007-08-10,335024.1973142277
2007-08-13,340218.63184109674
2007-08-14,330127.2588612867
2007-08-15,323429.0740484484
2007-08-16,320049.0951226797
2007-08-17,329641.9871697374
2007-08-20,331521.0067432478
2007-08-21,336084.8497453309
2007-08-22,343232.71027778485
2007-08-23,340758.2193702706
2007-08-24,345862.5858793712
2007-08-27,342713.883575464
2007-08-28,335164.37785043806
2007-08-29,343311.6435104067
2007-08-30,343119.134369439
2007-08-31,347890.63161402906
2007-09-04,353764.23943241354
2007-09-05,350362.6867506625
2007-09-06,352689.2428079527
2007-09-07,342909.97131004796
2007-09-10,341160.9107157757
2007-09-11,347816.34998433985
2007-09-12,346765.44661757164
2007-09-13,348968.7973225106
2007-09-14,350489.40092828794
2007-09-17,348420.87161783746
2007-09-18,365626.385885011
2007-09-19,368639.8512921528
2007-09-20,368213.3607294812
2007-09-21,373124.8442473741
2007-09-24,373105.4551187617
2007-09-25,376397.2769308236
2007-09-26,378402.51013995556
2007-09-27,381064.2906969463
2007-09-28,379291.6688808179
2007-10-01,386470.0307097663
2007-10-02,387098.38352198346
2007-10-03,381080.48763743433
2007-10-04,382739.2840522936
2007-10-05,388811.2692859084
2007-10-08,390877.27939796576
2007-10-09,397938.8655027381
2007-10-10,399857.64283093135
2007-10-11,392103.4176681854
2007-10-12,396409.727505616
2007-10-15,393738.91204017476
2007-10-16,389480.25176850776
2007-10-17,393379.642529705
2007-10-18,395917.02656143653
2007-10-19,381057.484562709
2007-10-22,382242.50995061727
2007-10-23,394932.9894691394
2007-10-24,390307.75375358196
2007-10-25,384247.38005155517
2007-10-26,390208.1058218132
2007-10-29,393234.3654645577
2007-10-30,387197.8576967647
2007-10-31,393905.3846285375
2007-11-01,382610.6286569419
2007-11-02,384740.94412690296
2007-11-05,380658.13023618865
2007-11-06,390916.33492998005
2007-11-07,377976.8293148795
2007-11-08,372564.87804468867
2007-11-09,359650.1728403573
2007-11-12,341317.7362110025
2007-11-13,353751.2449716444
2007-11-14,353439.961611017
2007-11-15,346562.22038637294
2007-11-16,348973.0728417356
2007-11-19,341314.2057943385
2007-11-20,342275.62262838974
2007-11-21,339223.4879479889
2007-11-23,344557.5725462004
2007-11-26,339394.43931316194
2007-11-27,343425.9801727243
2007-11-28,356600.5629189372
2007-11-29,358421.62457636127
2007-11-30,359888.02378099057
2007-12-03,360345.5978944523
2007-12-04,360113.18818869506
2007-12-05,368375.5380487775
2007-12-06,375851.231361016
2007-12-07,376375.78788875445
2007-12-10,377705.25316743454
2007-12-11,364534.0535088568
2007-12-12,371447.21349571086
2007-12-13,369943.7121000996
2007-12-14,366477.0167034798
2007-12-17,354164.3149585258
2007-12-18,354729.20264990465
2007-12-19,357030.2076681809
2007-12-20,361175.7096244583
2007-12-21,367300.9313049131
2007-12-24,371504.7669391339
2007-12-26,374405.42062577297
2007-12-27,369451.74859568797
2007-12-28,369357.91758355516
2007-12-31,367129.2991690409
2008-01-02,363001.54522776697
2008-01-03,365136.7271120468
2008-01-04,365136.7271120468
2008-01-07,365136.7271120468
2008-01-08,365136.7271120468
2008-01-09,365136.7271120468
2008-01-10,365136.7271120468
2008-01-11,365136.7271120468
2008-01-14,365136.7271120468
2008-01-15,365136.7271120468
2008-01-16,365136.7271120468
2008-01-17,365136.7271120468
2008-01-18,365136.7271120468
2008-01-22,365136.7271120468
2008-01-23,365136.7271120468
2008-01-24,365136.7271120468
2008-01-25,365136.7271120468
2008-01-28,365136.7271120468
2008-01-29,365136.7271120468
2008-01-30,365136.7271120468
2008-01-31,365136.7271120468
2008-02-01,365136.7271120468
2008-02-04,365136.7271120468
2008-02-05,365136.7271120468
2008-02-06,365136.7271120468
2008-02-07,365136.7271120468
2008-02-08,365136.7271120468
2008-02-11,365136.7271120468
2008-02-12,365136.7271120468
2008-02-13,365136.7271120468
2008-02-14,365136.7271120468
2008-02-15,365136.7271120468
2008-02-19,365136.7271120468
2008-02-20,365136.7271120468
2008-02-21,365136.7271120468
2008-02-22,365136.7271120468
2008-02-25,365136.7271120468
2008-02-26,365136.7271120468
2008-02-27,365136.7271120468
2008-02-28,365136.7271120468
2008-02-29,365136.7271120468
2008-03-03,365136.7271120468
2008-03-04,365136.7271120468
2008-03-05,365136.7271120468
2008-03-06,365136.7271120468
2008-03-07,365136.7271120468
2008-03-10,365136.7271120468
2008-03-11,365136.7271120468
2008-03-12,365136.7271120468
2008-03-13,365136.7271120468
2008-03-14,365136.7271120468
2008-03-17,365136.7271120468
2008-03-18,365136.7271120468
2008-03-19,365136.7271120468
2008-03-20,365136.7271120468
2008-03-24,365136.7271120468
2008-03-25,365136.7271120468
2008-03-26,365136.7271120468
2008-03-27,365136.7271120468
2008-03-28,365136.7271120468
2008-03-31,365136.7271120468
2008-04-01,365136.7271120468
2008-04-02,365136.7271120468
2008-04-03,365136.7271120468
2008-04-04,365136.7271120468
2008-04-07,365136.7271120468
2008-04-08,365136.7271120468
2008-04-09,365136.7271120468
2008-04-10,365136.7271120468
2008-04-11,365136.7271120468
2008-04-14,365136.7271120468
2008-04-15,365136.7271120468
2008-04-16,365136.7271120468
2008-04-17,365136.7271120468
2008-04-18,365136.7271120468
2008-04-21,365136.7271120468
2008-04-22,365136.7271120468
2008-04-23,365136.7271120468
2008-04-24,365136.7271120468
2008-04-25,365136.7271120468
2008-04-28,365136.7271120468
2008-04-29,365136.7271120468
2008-04-30,365136.7271120468
2008-05-01,365136.7271120468
2008-05-02,365136.7271120468
2008-05-05,365136.7271120468
2008-05-06,365136.7271120468
2008-05-07,365136.7271120468
2008-05-08,365136.7271120468
2008-05-09,365136.7271120468
2008-05-12,365136.7271120468
2008-05-13,365136.7271120468
2008-05-14,365136.7271120468
2008-05-15,365136.7271120468
2008-05-16,365136.7271120468
2008-05-19,365136.7271120468
2008-05-20,365136.7271120468
2008-05-21,365136.7271120468
2008-05-22,365136.7271120468
2008-05-23,365136.7271120468
2008-05-27,365136.7271120468
2008-05-28,365136.7271120468
2008-05-29,365136.7271120468
2008-05-30,365136.7271120468
2008-06-02,365136.7271120468
2008-06-03,365136.7271120468
2008-06-04,365136.7271120468
2008-06-05,365136.7271120468
2008-06-06,365136.7271120468
2008-06-09,365136.7271120468
2008-06-10,365136.7271120468
2008-06-11,365136.7271120468
2008-06-12,365136.7271120468
2008-06-13,365136.7271120468
2008-06-16,365136.7271120468
2008-06-17,365136.7271120468
2008-06-18,365136.7271120468
2008-06-19,365136.7271120468
2008-06-20,365136.7271120468
2008-06-23,365136.7271120468
2008-06-24,365136.7271120468
2008-06-25,365136.7271120468
2008-06-26,365136.7271120468
2008-06-27,365136.7271120468
2008-06-30,365136.7271120468
2008-07-01,365136.7271120468
2008-07-02,365136.7271120468
2008-07-03,365136.7271120468
2008-07-07,365136.7271120468
2008-07-08,365136.7271120468
2008-07-09,365136.7271120468
2008-07-10,365136.7271120468
2008-07-11,365136.7271120468
2008-07-14,365136.7271120468
2008-07-15,365136.7271120468
2008-07-16,365136.7271120468
2008-07-17,365136.7271120468
2008-07-18,365136.7271120468
2008-07-21,365136.7271120468
2008-07-22,365136.7271120468
2008-07-23,365136.7271120468
2008-07-24,365136.7271120468
2008-07-25,365136.7271120468
2008-07-28,365136.7271120468
2008-07-29,365136.7271120468
2008-07-30,365136.7271120468
2008-07-31,365136.7271120468
2008-08-01,365136.7271120468
2008-08-04,365136.7271120468
2008-08-05,365136.7271120468
2008-08-06,365136.7271120468
2008-08-07,365136.7271120468
2008-08-08,365136.7271120468
2008-08-11,365136.7271120468
2008-08-12,365136.7271120468
2008-08-13,365136.7271120468
2008-08-14,365136.7271120468
2008-08-15,365136.7271120468
2008-08-18,365136.7271120468
2008-08-19,365136.7271120468
2008-08-20,365136.7271120468
2008-08-21,365136.7271120468
2008-08-22,365136.7271120468
2008-08-25,365136.7271120468
2008-08-26,365136.7271120468
2008-08-27,365136.7271120468
2008-08-28,365136.7271120468
2008-08-29,365136.7271120468
2008-09-02,365136.7271120468
2008-09-03,365136.7271120468
2008-09-04,365136.7271120468
2008-09-05,365136.7271120468
2008-09-08,365136.7271120468
2008-09-09,365136.7271120468
2008-09-10,365136.7271120468
2008-09-11,365136.7271120468
2008-09-12,365136.7271120468
2008-09-15,365136.7271120468
2008-09-16,365136.7271120468
2008-09-17,365136.7271120468
2008-09-18,365136.7271120468
2008-09-19,365136.7271120468
2008-09-22,365136.7271120468
2008-09-23,365136.7271120468
2008-09-24,365136.7271120468
2008-09-25,365136.7271120468
2008-09-26,365136.7271120468
2008-09-29,365136.7271120468
2008-09-30,365136.7271120468
2008-10-01,365136.7271120468
2008-10-02,365136.7271120468
2008-10-03,365136.7271120468
2008-10-06,365136.7271120468
2008-10-07,365136.7271120468
2008-10-08,365136.7271120468
2008-10-09,365136.7271120468
2008-10-10,365136.7271120468
2008-10-13,365136.7271120468
2008-10-14,365136.7271120468
2008-10-15,365136.7271120468
2008-10-16,365136.7271120468
2008-10-17,365136.7271120468
2008-10-20,365136.7271120468
2008-10-21,365136.7271120468
2008-10-22,365136.7271120468
2008-10-23,365136.7271120468
2008-10-24,365136.7271120468
2008-10-27,365136.7271120468
2008-10-28,365136.7271120468
2008-10-29,365136.7271120468
2008-10-30,365136.7271120468
2008-10-31,365136.7271120468
2008-11-03,365136.7271120468
2008-11-04,365136.7271120468
2008-11-05,365136.7271120468
2008-11-06,365136.7271120468
2008-11-07,365136.7271120468
2008-11-10,365136.7271120468
2008-11-11,365136.7271120468
2008-11-12,365136.7271120468
2008-11-13,365136.7271120468
2008-11-14,365136.7271120468
2008-11-17,365136.7271120468
2008-11-18,365136.7271120468
2008-11-19,365136.7271120468
2008-11-20,365136.7271120468
2008-11-21,365136.7271120468
2008-11-24,365136.7271120468
2008-11-25,365136.7271120468
2008-11-26,365136.7271120468
2008-11-28,365136.7271120468
2008-12-01,365136.7271120468
2008-12-02,365136.7271120468
2008-12-03,365136.7271120468
2008-12-04,365136.7271120468
2008-12-05,365136.7271120468
2008-12-08,365136.7271120468
2008-12-09,365136.7271120468
2008-12-10,365136.7271120468
2008-12-11,365136.7271120468
2008-12-12,365136.7271120468
2008-12-15,365136.7271120468
2008-12-16,365136.7271120468
2008-12-17,365136.7271120468
2008-12-18,365136.7271120468
2008-12-19,365136.7271120468
2008-12-22,365136.7271120468
2008-12-23,365136.7271120468
2008-12-24,365136.7271120468
2008-12-26,365136.7271120468
2008-12-29,365136.7271120468
2008-12-30,365136.7271120468
2008-12-31,365136.7271120468
2009-01-02,365136.7271120468
2009-01-05,365136.7271120468
2009-01-06,365136.7271120468
2009-01-07,365136.7271120468
2009-01-08,365136.7271120468
2009-01-09,365136.7271120468
2009-01-12,365136.7271120468
2009-01-13,365136.7271120468
2009-01-14,365136.7271120468
2009-01-15,365136.7271120468
2009-01-16,365136.7271120468
2009-01-20,365136.7271120468
2009-01-21,365136.7271120468
2009-01-22,365136.7271120468
2009-01-23,365136.7271120468
2009-01-26,365136.7271120468
2009-01-27,365136.7271120468
2009-01-28,365136.7271120468
2009-01-29,365136.7271120468
2009-01-30,365136.7271120468
2009-02-02,365136.7271120468
2009-02-03,365136.7271120468
2009-02-04,365136.7271120468
2009-02-05,365136.7271120468
2009-02-06,365136.7271120468
2009-02-09,365136.7271120468
2009-02-10,365136.7271120468
2009-02-11,365136.7271120468
2009-02-12,365136.7271120468
2009-02-13,365136.7271120468
2009-02-17,365136.7271120468
2009-02-18,365136.7271120468
2009-02-19,365136.7271120468
2009-02-20,365136.7271120468
2009-02-23,365136.7271120468
2009-02-24,365136.7271120468
2009-02-25,365136.7271120468
2009-02-26,365136.7271120468
2009-02-27,365136.7271120468
2009-03-02,365136.7271120468
2009-03-03,365136.7271120468
2009-03-04,365136.7271120468
2009-03-05,365136.7271120468
2009-03-06,365136.7271120468
2009-03-09,365136.7271120468
2009-03-10,365136.7271120468
2009-03-11,365136.7271120468
2009-03-12,365136.7271120468
2009-03-13,365136.7271120468
2009-03-16,365136.7271120468
2009-03-17,365136.7271120468
2009-03-18,365136.7271120468
2009-03-19,365136.7271120468
2009-03-20,365136.7271120468
2009-03-23,365136.7271120468
2009-03-24,365136.7271120468
2009-03-25,365136.7271120468
2009-03-26,365136.7271120468
2009-03-27,365136.7271120468
2009-03-30,365136.7271120468
2009-03-31,365136.7271120468
2009-04-01,365136.7271120468
2009-04-02,365136.7271120468
2009-04-03,365136.7271120468
2009-04-06,365136.7271120468
2009-04-07,365136.7271120468
2009-04-08,365136.7271120468
2009-04-09,365136.7271120468
2009-04-13,365136.7271120468
2009-04-14,365136.7271120468
2009-04-15,365136.7271120468
2009-04-16,365136.7271120468
2009-04-17,365136.7271120468
2009-04-20,365136.7271120468
2009-04-21,365136.7271120468
2009-04-22,365136.7271120468
2009-04-23,365136.7271120468
2009-04-24,365136.7271120468
2009-04-27,365136.7271120468
2009-04-28,365136.7271120468
2009-04-29,365136.7271120468
2009-04-30,365136.7271120468
2009-05-01,365136.7271120468
2009-05-04,365136.7271120468
2009-05-05,365136.7271120468
2009-05-06,365136.7271120468
2009-05-07,365136.7271120468
2009-05-08,365136.7271120468
2009-05-11,365136.7271120468
2009-05-12,365136.7271120468
2009-05-13,365136.7271120468
2009-05-14,365136.7271120468
2009-05-15,365136.7271120468
2009-05-18,365136.7271120468
2009-05-19,365136.7271120468
2009-05-20,365136.7271120468
2009-05-21,365136.7271120468
2009-05-22,365136.7271120468
2009-05-26,365136.7271120468
2009-05-27,365136.7271120468
2009-05-28,365136.7271120468
2009-05-29,365136.7271120468
2009-06-01,365136.7271120468
2009-06-02,370803.4449431841
2009-06-03,368823.94859304297
2009-06-04,367681.58865917346
2009-06-05,367595.94917968137
2009-06-08,369132.8614870775
2009-06-09,370505.052973097
2009-06-10,368720.4829245743
2009-06-11,366966.5124478221
2009-06-12,367224.3352869819
2009-06-15,361389.1551892465
2009-06-16,357556.5340509221
2009-06-17,363677.2622928755
2009-06-18,365546.3506863428
2009-06-19,365836.3080893109
2009-06-22,359439.99079121347
2009-06-23,356904.12739438005
2009-06-24,357839.7733857852
2009-06-25,367566.4767641207
2009-06-26,368914.48577465286
2009-06-29,370594.42902007705
2009-06-30,370624.9175018202
2009-07-01,370125.4057922102
2009-07-02,361581.2020253685
2009-07-06,364364.7864544957
2009-07-07,357949.89633921644
2009-07-08,361575.46370602184
2009-07-09,360263.4118291373
2009-07-10,359435.13819980563
2009-07-13,362946.6714151804
2009-07-14,366481.13177006587
2009-07-15,371332.69210616074
2009-07-16,372961.1160662565
2009-07-17,372623.28982161556
2009-07-20,374760.4598315577
2009-07-21,373747.65498844616
2009-07-22,375092.3455151763
2009-07-23,377929.8867820536
2009-07-24,378670.41706702695
2009-07-27,377133.1328771211
2009-07-28,377682.18889071624
2009-07-29,376778.9518835107
2009-07-30,377017.8920228009
2009-07-31,375966.7009437135
2009-08-03,376910.45176129
2009-08-04,377308.1366035735
2009-08-05,374860.58588957763
2009-08-06,371708.9806571537
2009-08-07,375534.4831812979
2009-08-10,371458.77716487565
2009-08-11,371091.73437642155
2009-08-12,372352.64617053646
2009-08-13,374218.1275941649
2009-08-14,370489.0672724919
2009-08-17,366156.49571312225
2009-08-18,368336.4976981368
2009-08-19,370213.16672232037
2009-08-20,373150.7976583014
2009-08-21,377901.0821696235
2009-08-24,375878.8489671217
2009-08-25,378473.2500768727
2009-08-26,378697.6226428512
2009-08-27,378019.4767700279
2009-08-28,377839.0883613449
2009-08-31,374527.62739845656
2009-09-01,367562.9680629582
2009-09-02,364293.1047704309
2009-09-03,367049.44495360873
2009-09-04,373382.46730136726
2009-09-08,378645.89548569807
2009-09-09,384436.50536469807
2009-09-10,388598.2613631898
2009-09-11,385303.12981403794
2009-09-14,386701.90526987147
2009-09-15,389341.9077847506
2009-09-16,397351.2484228847
2009-09-17,393321.9916916103
2009-09-18,395847.5420010013
2009-09-21,394182.2054195475
2009-09-22,397671.5161547831
2009-09-23,393672.28384788183
2009-09-24,387598.00188396935
2009-09-25,385568.51366956404
2009-09-28,394648.51139215083
2009-09-29,393245.0373092405
2009-09-30,393382.9192814057
2009-10-01,380632.9574662998
2009-10-02,376828.76435309544
2009-10-05,384770.1054942487
2009-10-06,388460.8339737241
2009-10-07,389923.93201876455
2009-10-08,389367.75128512236
2009-10-09,393894.18801882665
2009-10-12,397607.73258834565
2009-10-13,397458.78674543364
2009-10-14,402778.49840006547
2009-10-15,401911.1132835398
2009-10-16,395456.09866490966
2009-10-19,401666.46199647896
2009-10-20,401433.0872450357
2009-10-21,399185.819305254
2009-10-22,400481.03413449053
2009-10-23,393478.6199856062
2009-10-26,391079.90250298235
2009-10-27,383918.67994085903
2009-10-28,374455.879117511
2009-10-29,383261.42741889576
2009-10-30,371657.98424238205
2009-11-02,374665.9455888313
2009-11-03,382904.1797337584
2009-11-04,381034.31070048665
2009-11-05,387453.87918013986
2009-11-06,390068.9961754632
2009-11-09,402320.448461745
2009-11-10,401091.5239500192
2009-11-11,404670.72666127264
2009-11-12,398751.4497677162
2009-11-13,403227.45742798806
2009-11-16,409362.72157802584
2009-11-17,410805.9061586802
2009-11-18,408616.96408527147
2009-11-19,401501.92454459553
2009-11-20,399041.28674223914
2009-11-23,404904.6091187558
2009-11-24,403634.9187140881
2009-11-25,406422.5711566152
2009-11-27,395731.72620214435
2009-11-30,398007.1114615748
2009-12-01,405056.2100264867
2009-12-02,411824.9416528624
2009-12-03,408395.00146890234
2009-12-04,413007.6235305148
2009-12-07,410631.6526452545
2009-12-08,407504.90738496755
2009-12-09,407662.9108972667
2009-12-10,410240.5613203624
2009-12-11,412520.610113935
2009-12-14,421804.93248446094
2009-12-15,418525.7776363463
2009-12-16,423926.17870570824
2009-12-17,417210.83081861195
2009-12-18,420023.0525677722
2009-12-21,429144.7684648115
2009-12-22,435479.37434719445
2009-12-23,441876.62926381326
2009-12-24,445226.39191547286
2009-12-28,442339.02387382596
2009-12-29,441300.7784266746
2009-12-30,439217.9135070333
2009-12-31,434811.6716530381
2010-01-04,444044.8126989632
2010-01-05,453369.36882559385
2010-01-06,453527.5946741646
2010-01-07,452339.15347430645
2010-01-08,454747.06873404834
2010-01-11,453951.9017598985
2010-01-12,442096.56670490454
2010-01-13,450250.3067353514
2010-01-14,449426.8296396455
2010-01-15,441916.4975781839
2010-01-19,445158.29813383525
2010-01-20,439210.1909847155
2010-01-21,430563.72106879234
2010-01-22,414687.24127301463
2010-01-25,418573.96750398236
2010-01-26,419799.92756438296
2010-01-27,421385.6568741312
2010-01-28,415880.28020765627
2010-01-29,411757.9141496581
2010-02-01,419225.68115679617
2010-02-02,426168.82829494897
2010-02-03,421972.0750333839
2010-02-04,399726.1810258656
2010-02-05,399113.15127194737
2010-02-08,398623.09814803326
2010-02-09,406657.29110018903
2010-02-10,404811.6747893785
2010-02-11,410195.03911004006
2010-02-12,409871.7081118055
2010-02-16,419464.372092678
2010-02-17,420826.88701102935
2010-02-18,426510.84705789684
2010-02-19,426963.8423455565
2010-02-22,426431.43716700387
2010-02-23,419100.59405187704
2010-02-24,423067.3368632238
2010-02-25,422552.6689546442
2010-02-26,423318.2628921617
2010-03-01,434886.4053303629
2010-03-02,438188.43273057713
2010-03-03,439046.4486287272
2010-03-04,440798.290312929
2010-03-05,448519.7664572519
2010-03-08,448620.76966534945
2010-03-09,449093.699478601
2010-03-10,453524.4143146693
2010-03-11,455953.54721807624
2010-03-12,455879.69853185426
2010-03-15,455052.1679613225
2010-03-16,462171.3770069418
2010-03-17,470821.28901547357
2010-03-18,464869.4555864924
2010-03-19,455642.2926585872
2010-03-22,466157.86966924573
2010-03-23,471020.7437337073
2010-03-24,467098.0929419519
2010-03-25,463673.14305587066
2010-03-26,466646.1053410578
2010-03-29,469658.2863400221
2010-03-30,467131.7084045072
2010-03-31,465114.24800972367
2010-04-01,471134.39691344317
2010-04-05,479738.78216227173
2010-04-06,481931.67016521626
2010-04-07,477664.16576749843
2010-04-08,482745.348352952
2010-04-09,484826.1662010277
2010-04-12,485384.1635207153
2010-04-13,487012.8322723509
2010-04-14,496739.34532533376
2010-04-15,495779.47040964937
2010-04-16,481680.4947224475
2010-04-19,482414.4019701151
2010-04-20,494021.7361378924
2010-04-21,498195.2571993989
2010-04-22,507390.8502026915
2010-04-23,512475.8381139629
2010-04-26,513936.8150639708
2010-04-27,487647.5131587513
2010-04-28,489433.5478690017
2010-04-29,496583.4699365012
2010-04-30,482360.94415725407
2010-05-03,492995.46787295863
2010-05-04,473137.82116495364
2010-05-05,466048.56622360327
2010-05-06,446433.6395049498
2010-05-07,437736.81994567055
2010-05-10,456546.1757347296
2010-05-11,455347.9624739543
2010-05-12,462501.52605818317
2010-05-13,457253.7423735014
2010-05-14,447329.33577328525
2010-05-17,445068.61964108254
2010-05-18,438990.98691986117
2010-05-19,436696.628240839
2010-05-20,425329.03694008506
2010-05-21,431742.99031193485
2010-05-24,429411.39944805054
2010-05-25,430979.5485741961
2010-05-26,430947.6472895531
2010-05-27,442002.5761939304
2010-05-28,439185.4580166335
2010-06-01,430927.4001342251
2010-06-02,432691.5628028126
2010-06-03,432691.5628028126
2010-06-04,432691.5628028126
2010-06-07,432691.5628028126
2010-06-08,432691.5628028126
2010-06-09,432691.5628028126
2010-06-10,432691.5628028126
2010-06-11,432691.5628028126
2010-06-14,432691.5628028126
2010-06-15,432691.5628028126
2010-06-16,432691.5628028126
2010-06-17,432691.5628028126
2010-06-18,432691.5628028126
2010-06-21,432691.5628028126
2010-06-22,432691.5628028126
2010-06-23,432691.5628028126
2010-06-24,432691.5628028126
2010-06-25,432691.5628028126
2010-06-28,432691.5628028126
2010-06-29,432691.5628028126
2010-06-30,432691.5628028126
2010-07-01,432691.5628028126
2010-07-02,432691.5628028126
2010-07-06,432691.5628028126
2010-07-07,432691.5628028126
2010-07-08,432691.5628028126
2010-07-09,432691.5628028126
2010-07-12,432691.5628028126
2010-07-13,432691.5628028126
2010-07-14,432691.5628028126
2010-07-15,432691.5628028126
2010-07-16,432691.5628028126
2010-07-19,432691.5628028126
2010-07-20,432691.5628028126
2010-07-21,432691.5628028126
2010-07-22,432691.5628028126
2010-07-23,432691.5628028126
2010-07-26,432691.5628028126
2010-07-27,432691.5628028126
2010-07-28,432691.5628028126
2010-07-29,432691.5628028126
2010-07-30,432691.5628028126
2010-08-02,432691.5628028126
2010-08-03,428474.6675475131
2010-08-04,431913.3310170033
2010-08-05,429516.182722361
2010-08-06,426801.135559339
2010-08-09,433221.01612089627
2010-08-10,426694.63513326395
2010-08-11,411524.0954617197
2010-08-12,406389.43831086607
2010-08-13,404531.7857559124
2010-08-16,404785.98925003066
2010-08-17,410062.4833481357
2010-08-18,411508.5648472997
2010-08-19,407480.9227889115
2010-08-20,411948.90832020325
2010-08-23,410006.8455855135
2010-08-24,406419.76754750824
2010-08-25,407286.9963602162
2010-08-26,405406.5526965131
2010-08-27,409523.57238106104
2010-08-30,405780.1513041366
2010-08-31,406309.9886410146
2010-09-01,413152.1334108645
2010-09-02,413101.4774481996
2010-09-03,413101.4774481996
2010-09-07,413101.4774481996
2010-09-08,413101.4774481996
2010-09-09,413101.4774481996
2010-09-10,413101.4774481996
2010-09-13,413101.4774481996
2010-09-14,413101.4774481996
2010-09-15,413101.4774481996
2010-09-16,413101.4774481996
2010-09-17,413101.4774481996
2010-09-20,413101.4774481996
2010-09-21,413101.4774481996
2010-09-22,413101.4774481996
2010-09-23,413101.4774481996
2010-09-24,413101.4774481996
2010-09-27,413101.4774481996
2010-09-28,413101.4774481996
2010-09-29,413101.4774481996
2010-09-30,413101.4774481996
2010-10-01,413101.4774481996
2010-10-04,409883.4512353633
2010-10-05,421766.325763011
2010-10-06,412978.8026303362
2010-10-07,411754.91369318997
2010-10-08,419424.55398178165
2010-10-11,418088.2747495108
2010-10-12,419978.1102636871
2010-10-13,422949.21864736144
2010-10-14,422225.7769507094
2010-10-15,423367.19889454124
2010-10-18,423297.7896364129
2010-10-19,415497.5458464748
2010-10-20,421073.93535696884
2010-10-21,420052.6750957948
2010-10-22,423591.6748298074
2010-10-25,426098.0806224504
2010-10-26,419656.9020719171
2010-10-27,418153.05206750514
2010-10-28,416322.559161151
2010-10-29,419028.8488615711
2010-11-01,420154.5079879059
2010-11-02,423781.7699145567
2010-11-03,425832.07616371074
2010-11-04,436217.27893350867
2010-11-05,440337.36657736177
2010-11-08,443905.9985444374
2010-11-09,438407.4403725707
2010-11-10,444560.83485515014
2010-11-11,442895.91241086856
2010-11-12,436223.2590195016
2010-11-15,434120.0603590893
2010-11-16,423244.8319956523
2010-11-17,424310.0314480685
2010-11-18,431780.5066054795
2010-11-19,438564.38032279414
2010-11-22,444784.73261619714
2010-11-23,438835.3740023035
2010-11-24,447610.8826289177
2010-11-26,446996.6151160132
2010-11-29,444299.9816382897
2010-11-30,440722.97799128474
2010-12-01,450980.74870891677
2010-12-02,455481.3921289662
2010-12-03,457693.23748565436
2010-12-06,458370.6580499571
2010-12-07,458459.07324993575
2010-12-08,458536.7110070034
2010-12-09,457706.40180403815
2010-12-10,460924.13311019994
2010-12-13,456867.48428910447
2010-12-14,452504.9482281973
2010-12-15,448732.8526641486
2010-12-16,455133.15510553133
2010-12-17,456609.19278430915
2010-12-20,458586.38432425493
2010-12-21,465370.06880681374
2010-12-22,461920.52248139697
2010-12-23,459174.5923391011
2010-12-27,458153.39814348856
2010-12-28,455727.1178997786
2010-12-29,456639.9806953683
2010-12-30,456631.213409868
2010-12-31,455157.3680016051
2011-01-03,464156.31412120414
2011-01-04,458430.167133932
2011-01-05,462224.935897229
2011-01-06,458984.6623941989
2011-01-07,459888.60926758574
2011-01-10,463623.58909443277
2011-01-11,461672.76162743743
2011-01-12,465007.0531834386
2011-01-13,468122.9994500829
2011-01-14,471643.390475651
2011-01-18,471684.86222797434
2011-01-19,465437.45635233575
2011-01-20,453892.43756833824
2011-01-21,453025.1636284818
2011-01-24,452611.82101041864
2011-01-25,448438.23034001904
2011-01-26,453101.26276477304
2011-01-27,459507.8124178957
2011-01-28,449369.9435212469
2011-01-31,451440.30782669294
2011-02-01,455612.01735052804
2011-02-02,455433.6017117527
2011-02-03,457781.05160416284
2011-02-04,467387.7510485571
2011-02-07,469278.31103890773
2011-02-08,472249.20940563676
2011-02-09,473646.5798327939
2011-02-10,476921.5222660332
2011-02-11,485822.97439675167
2011-02-14,490447.5561961693
2011-02-15,484701.4828089072
2011-02-16,488630.17339011526
2011-02-17,488289.7671517148
2011-02-18,485545.0056025803
2011-02-22,468638.2570893151
2011-02-23,460141.39587482606
2011-02-24,467801.78826689086
2011-02-25,473290.16495673417
2011-02-28,470730.57385913713
2011-03-01,464280.1750787667
2011-03-02,467815.7825415195
2011-03-03,477990.08901074424
2011-03-04,476294.96403550485
2011-03-07,469358.43688134634
2011-03-08,470538.67771219445
2011-03-09,468830.3122810289
2011-03-10,458398.5528262639
2011-03-11,465308.33222079254
2011-03-14,463654.08718022355
2011-03-15,462025.01286442834
2011-03-16,453422.53449797956
2011-03-17,460118.00551463536
2011-03-18,456806.11449571094
2011-03-21,469096.41609637724
2011-03-22,466572.4637414069
2011-03-23,468316.82286946324
2011-03-24,475787.89228906913
2011-03-25,478743.27154587314
2011-03-28,477374.7777417136
2011-03-29,481964.10599796753
2011-03-30,486704.4730831951
2011-03-31,484995.6958140877
2011-04-01,490852.16756938916
2011-04-04,490393.2492951169
2011-04-05,489595.2193042627
2011-04-06,485460.12804278184
2011-04-07,484204.4493260242
2011-04-08,482771.4801789791
2011-04-11,477864.46811250167
2011-04-12,469367.16796872846
2011-04-13,475732.3714105878
2011-04-14,474840.40184545144
2011-04-15,477726.80379395455
2011-04-18,471434.0905906414
2011-04-19,475263.91051899333
2011-04-20,490868.448478221
2011-04-21,497425.7471518742
2011-04-25,495292.8767803234
2011-04-26,492414.62443387375
2011-04-27,496275.7456219441
2011-04-28,491323.46425271005
2011-04-29,494903.60112764215
2011-05-02,492016.4733801561
2011-05-03,485169.81739837694
2011-05-04,479492.77186848695
2011-05-05,475737.18252424273
2011-05-06,477866.1515401857
2011-05-09,484504.8588826545
2011-05-10,488672.17069468653
2011-05-11,481025.0979567856
2011-05-12,483251.14780330757
2011-05-13,478356.4664414061
2011-05-16,474127.7421971494
2011-05-17,473427.39897736255
2011-05-18,481567.93633205385
2011-05-19,482015.0476543851
2011-05-20,478959.4909775804
2011-05-23,475827.7776013047
2011-05-24,476518.7153956335
2011-05-25,483134.84008112736
2011-05-26,488048.5890920649
2011-05-27,489469.29484091874
2011-05-31,492392.339478142
2011-06-01,484780.0719376041
2011-06-02,488076.47172344563
2011-06-03,483911.4675440674
2011-06-06,472130.8642563238
2011-06-07,472501.6655696835
2011-06-08,467584.7478294662
2011-06-09,473734.7659338636
2011-06-10,465249.11167441343
2011-06-13,461115.2626302355
2011-06-14,469153.427291316
2011-06-15,459625.11675011716
2011-06-16,455148.7470404151
2011-06-17,451644.97864724905
2011-06-20,456136.29325457214
2011-06-21,466123.99739600223
2011-06-22,463574.4388043762
2011-06-23,466322.290969718
2011-06-24,463901.92030519375
2011-06-27,468071.22108434344
2011-06-28,477508.4389663756
2011-06-29,480366.8091566736
2011-06-30,483592.8900230943
2011-07-01,488359.5463475313
2011-07-05,493938.1482978627
2011-07-06,496924.7442221802
2011-07-07,503962.9175970622
2011-07-08,502312.909097196
2011-07-11,489166.4028336237
2011-07-12,484552.2224656272
2011-07-13,489438.7517209869
2011-07-14,482731.1499713799
2011-07-15,488566.06812439376
2011-07-18,484796.5230339245
2011-07-19,496278.55999825685
2011-07-20,492618.6146359958
2011-07-21,496125.74705628504
2011-07-22,498615.1399956242
2011-07-25,497380.66165311437
2011-07-26,494496.31899137393
2011-07-27,483972.1225877546
2011-07-28,482693.9856384409
2011-07-29,481366.7536401663
2011-08-01,482485.85820020456
2011-08-02,455494.9557638232
2011-08-03,459622.83557540877
2011-08-04,431435.24581289187
2011-08-05,434527.8997455829
2011-08-08,411757.7873895825
2011-08-09,421290.3055564478
2011-08-10,416901.0354111876
2011-08-11,423373.20856940665
2011-08-12,425268.51099495764
2011-08-15,427023.0671540824
2011-08-16,423815.58256737445
2011-08-17,421821.57523967826
2011-08-18,411398.23475662846
2011-08-19,408578.923835755
2011-08-22,408863.7839216916
2011-08-23,415886.6234259906
2011-08-24,415527.31357724464
2011-08-25,414694.03267969005
2011-08-26,418427.89629316365
2011-08-29,421886.32696737786
2011-08-30,424912.9523358338
2011-08-31,423848.5841015505
2011-09-01,422759.86453623965
2011-09-02,417554.8216333807
2011-09-06,417554.8216333807
2011-09-07,417554.8216333807
2011-09-08,417554.8216333807
2011-09-09,417554.8216333807
2011-09-12,417554.8216333807
2011-09-13,417554.8216333807
2011-09-14,417554.8216333807
2011-09-15,417554.8216333807
2011-09-16,417554.8216333807
2011-09-19,417554.8216333807
2011-09-20,417554.8216333807
2011-09-21,417554.8216333807
2011-09-22,417554.8216333807
2011-09-23,417554.8216333807
2011-09-26,417554.8216333807
2011-09-27,417554.8216333807
2011-09-28,417554.8216333807
2011-09-29,417554.8216333807
2011-09-30,417554.8216333807
2011-10-03,417554.8216333807
2011-10-04,417554.8216333807
2011-10-05,417554.8216333807
2011-10-06,417554.8216333807
2011-10-07,417554.8216333807
2011-10-10,417554.8216333807
2011-10-11,417554.8216333807
2011-10-12,417554.8216333807
2011-10-13,417554.8216333807
2011-10-14,417554.8216333807
2011-10-17,417554.8216333807
2011-10-18,417554.8216333807
2011-10-19,417554.8216333807
2011-10-20,417554.8216333807
2011-10-21,417554.8216333807
2011-10-24,417554.8216333807
2011-10-25,417554.8216333807
2011-10-26,417554.8216333807
2011-10-27,417554.8216333807
2011-10-28,417554.8216333807
2011-10-31,417554.8216333807
2011-11-01,417554.8216333807
2011-11-02,417554.8216333807
2011-11-03,417554.8216333807
2011-11-04,417554.8216333807
2011-11-07,417554.8216333807
2011-11-08,417554.8216333807
2011-11-09,417554.8216333807
2011-11-10,417554.8216333807
2011-11-11,417554.8216333807
2011-11-14,417554.8216333807
2011-11-15,417554.8216333807
2011-11-16,417554.8216333807
2011-11-17,417554.8216333807
2011-11-18,417554.8216333807
2011-11-21,417554.8216333807
2011-11-22,417554.8216333807
2011-11-23,417554.8216333807
2011-11-25,417554.8216333807
2011-11-28,417554.8216333807
2011-11-29,417554.8216333807
2011-11-30,417554.8216333807
2011-12-01,417554.8216333807
2011-12-02,417554.8216333807
2011-12-05,417554.8216333807
2011-12-06,417554.8216333807
2011-12-07,417554.8216333807
2011-12-08,417554.8216333807
2011-12-09,417554.8216333807
2011-12-12,417554.8216333807
2011-12-13,417554.8216333807
2011-12-14,417554.8216333807
2011-12-15,417554.8216333807
2011-12-16,417554.8216333807
2011-12-19,417554.8216333807
2011-12-20,417554.8216333807
2011-12-21,417554.8216333807
2011-12-22,417554.8216333807
2011-12-23,417554.8216333807
2011-12-27,417554.8216333807
2011-12-28,417554.8216333807
2011-12-29,417554.8216333807
2011-12-30,417554.8216333807
2012-01-03,417554.8216333807
2012-01-04,419088.26944835926
2012-01-05,423118.88121210877
2012-01-06,419545.5635271698
2012-01-09,417056.7430812111
2012-01-10,417454.3763527307
2012-01-11,412177.6500227559
2012-01-12,413420.8208565569
2012-01-13,413879.4036711256
2012-01-17,417192.5798072081
2012-01-18,418841.09845301794
2012-01-19,418354.9871712341
2012-01-20,414753.8403426995
2012-01-23,414786.9770100093
2012-01-24,415987.1217251044
2012-01-25,418708.8158207531
2012-01-26,415272.4311890387
2012-01-27,414440.3398428327
2012-01-30,413498.06819587544
2012-01-31,414839.2132049717
2012-02-01,417264.2459837996
2012-02-02,419304.3791220809
2012-02-03,425364.31276807823
2012-02-06,424424.1217408982
2012-02-07,427290.7640766208
2012-02-08,426911.97718859557
2012-02-09,431204.6149512207
2012-02-10,430778.0198442611
2012-02-13,434747.6389073376
2012-02-14,437008.3565525014
2012-02-15,433917.47609133576
2012-02-16,437903.8417562099
2012-02-17,440959.33917236497
2012-02-21,440237.7727557921
2012-02-22,441426.8675088346
2012-02-23,442453.64760872326
2012-02-24,444297.74816271546
2012-02-27,445947.5958149987
2012-02-28,447699.66351850395
2012-02-29,445257.04366602324
2012-03-01,449376.0452501421
2012-03-02,446811.13267716026
2012-03-05,447890.8530614542
2012-03-06,442104.78280168574
2012-03-07,446005.629618156
2012-03-08,451145.65217353037
2012-03-09,453462.31523245806
2012-03-12,452501.3303131119
2012-03-13,456459.92515798484
2012-03-14,455468.4855184015
2012-03-15,455820.583681167
2012-03-16,454430.4555361773
2012-03-19,456230.4064874794
2012-03-20,455728.0614316699
2012-03-21,458630.1800646631
2012-03-22,458154.808337056
2012-03-23,458984.01196483057
2012-03-26,467509.5330416089
2012-03-27,467148.23720485845
2012-03-28,464297.50142879214
2012-03-29,463595.18202112446
2012-03-30,462450.56804395886
2012-04-02,467567.0037358238
2012-04-03,468550.8303161891
2012-04-04,465672.90555353655
2012-04-05,470166.8160728051
2012-04-09,466453.0977590546
2012-04-10,454338.9019174959
2012-04-11,460253.1140490986
2012-04-12,465102.63918690616
2012-04-13,465480.305643632
2012-04-16,463066.1666691079
2012-04-17,468668.21195712185
2012-04-18,471075.2006142605
2012-04-19,466587.61978092225
2012-04-20,468054.7543374853
2012-04-23,461602.711927154
2012-04-24,456243.1117294055
2012-04-25,464067.21417519957
2012-04-26,471539.2965612914
2012-04-27,477140.076288819
2012-04-30,473248.9294268799
2012-05-01,475241.9303238067
2012-05-02,478729.58741489815
2012-05-03,474362.9038359339
2012-05-04,466500.1946721409
2012-05-07,465305.64009103173
2012-05-08,451446.1652179167
2012-05-09,449451.286767562
2012-05-10,451666.90188090765
2012-05-11,451398.7456843299
2012-05-14,443584.3103339812
2012-05-15,445447.30211133015
2012-05-16,445289.2916476129
2012-05-17,428567.9170410935
2012-05-18,425375.7247750239
2012-05-21,432254.310735736
2012-05-22,435871.3280277437
2012-05-23,439281.1701106223
2012-05-24,440927.36313031265
2012-05-25,440253.9522117769
2012-05-29,445374.65171147615
2012-05-30,440945.1010756495
2012-05-31,440677.75835238164
2012-06-01,428866.0924799969
2012-06-04,432252.7567579148
2012-06-05,432432.27169739106
2012-06-06,442406.3864991678
2012-06-07,441202.90090314916
2012-06-08,446605.7971646129
2012-06-11,440192.7914705708
2012-06-12,446395.9651756211
2012-06-13,439317.2854545648
2012-06-14,445499.9043138223
2012-06-15,450117.1647230612
2012-06-18,456660.5229787209
2012-06-19,461409.30985084834
2012-06-20,460548.4267033304
2012-06-21,450404.15553751535
2012-06-22,455216.9090929111
2012-06-25,448870.79919283645
2012-06-26,452980.3518359948
2012-06-27,446861.1625129604
2012-06-28,440973.7778636012
2012-06-29,452626.02412479674
2012-07-02,456175.78446444497
2012-07-03,455288.2485335974
2012-07-05,461386.2662090574
2012-07-06,459697.4320693814
2012-07-09,459495.25822265976
2012-07-10,454811.3445886221
2012-07-11,450862.7663571639
2012-07-12,453318.4701436257
2012-07-13,458854.0335208599
2012-07-16,458275.92507864727
2012-07-17,461290.2872901563
2012-07-18,461682.05165894394
2012-07-19,460391.1165308928
2012-07-20,453001.8340499217
2012-07-23,448943.7882164772
2012-07-24,446145.44997428317
2012-07-25,445561.3371459681
2012-07-26,455156.40802987287
2012-07-27,457487.61677165015
2012-07-30,456074.1250526521
2012-07-31,452801.9999272917
2012-08-01,449640.33408561506
2012-08-02,455158.4551778898
2012-08-03,462879.8482917176
2012-08-06,463228.8945252414
2012-08-07,467951.4238395091
2012-08-08,479338.981099215
2012-08-09,476523.7037467061
2012-08-10,472861.76076110493
2012-08-13,473003.8142691674
2012-08-14,474843.32806764095
2012-08-15,475182.9479904543
2012-08-16,481035.21003678016
2012-08-17,484677.81826153497
2012-08-20,480414.81632573414
2012-08-21,477147.4464507169
2012-08-22,483016.1562922599
2012-08-23,479180.81943710335
2012-08-24,484209.35413678235
2012-08-27,482459.16488257865
2012-08-28,482382.99315851124
2012-08-29,483826.01109844574
2012-08-30,479773.9681593096
2012-08-31,482468.28990848036
2012-09-04,485020.5117116091
2012-09-05,481593.09517991496
2012-09-06,493079.4282814785
2012-09-07,493090.1086078166
2012-09-10,488048.46669607563
2012-09-11,487563.8672835628
2012-09-12,490440.22884223383
2012-09-13,499650.188814131
2012-09-14,504866.5517916457
2012-09-17,500666.29579801095
2012-09-18,497640.7466270929
2012-09-19,503940.9596028666
2012-09-20,505149.8550744438
2012-09-21,506851.05196792906
2012-09-24,503792.79824989947
2012-09-25,497284.7667403979
2012-09-26,489766.9261341919
2012-09-27,496467.9985956037
2012-09-28,493318.4991095945
2012-10-01,493898.8189816998
2012-10-02,495367.151941216
2012-10-03,504369.629474149
2012-10-04,507525.42702250823
2012-10-05,508866.56991135265
2012-10-08,503860.6994410401
2012-10-09,492705.887819887
2012-10-10,489556.81833844056
2012-10-11,484889.98699367343
2012-10-12,483126.1879676294
2012-10-15,491070.85805455514
2012-10-16,495303.99866897165
2012-10-17,500378.5861465041
2012-10-18,499622.7035591063
2012-10-19,495263.3559541233
2012-10-22,495206.7288043093
2012-10-23,487453.51554394315
2012-10-24,488693.14491875895
2012-10-25,485556.77667040064
2012-10-26,484201.89972082694
2012-10-31,484747.1868091369
2012-11-01,491008.2647794622
2012-11-02,481533.2287257806
2012-11-05,487681.2322339071
2012-11-06,493616.8653889708
2012-11-07,485808.8351595889
2012-11-08,478829.32496095664
2012-11-09,476920.3368625758
2012-11-12,473302.47802629083
2012-11-13,473710.25506055634
2012-11-14,462438.5367101558
2012-11-15,458820.85351864086
2012-11-16,466147.9955639747
2012-11-19,475990.83856090705
2012-11-20,482302.8654603164
2012-11-21,483970.7697067938
2012-11-23,489637.87256045424
2012-11-26,487817.85090207704
2012-11-27,485265.056972592
2012-11-28,487749.5655044098
2012-11-29,487085.20310291246
2012-11-30,486996.02595788904
2012-12-03,486081.9694108785
2012-12-04,482503.45294408867
2012-12-05,481738.1417294617
2012-12-06,482353.5187107071
2012-12-07,484814.41556993267
2012-12-10,483061.00561102165
2012-12-11,485377.86970124085
2012-12-12,489185.0660195688
2012-12-13,484971.14379969146
2012-12-14,483979.1024106671
2012-12-17,496223.3816480508
2012-12-18,504346.92354413896
2012-12-19,500901.8950269531
2012-12-20,504601.50547531265
2012-12-21,497254.7483426152
2012-12-24,497532.3919039577
2012-12-26,493719.4571042936
2012-12-27,494349.9052489955
2012-12-28,488712.3327451202
2012-12-31,500307.9412346981
2013-01-02,516108.4585985602
2013-01-03,511610.77830185054
2013-01-04,516400.43333312357
2013-01-07,512719.7122641206
2013-01-08,514414.7494818804
2013-01-09,516950.499577634
2013-01-10,518776.61673737963
2013-01-11,517978.0007321872
2013-01-14,517487.39052958554
2013-01-15,520892.8797919947
2013-01-16,522130.26905768627
2013-01-17,529128.2253746024
2013-01-18,529349.1258525131
2013-01-22,532193.8234600264
2013-01-23,534042.2469970515
2013-01-24,537800.1304105122
2013-01-25,544566.3281689315
2013-01-28,539022.1403135888
2013-01-29,543070.3231082365
2013-01-30,540811.9303820073
2013-01-31,536929.5810719649
2013-02-01,538833.0364182224
2013-02-04,530939.8589648393
2013-02-05,537791.457755338
2013-02-06,539127.7113465609
2013-02-07,537163.7762346726
2013-02-08,540703.1880354338
2013-02-11,538304.7568367454
2013-02-12,541285.8551605232
2013-02-13,539917.602133697
2013-02-14,549252.0819645551
2013-02-15,550183.8840524607
2013-02-19,550019.1736319992
2013-02-20,532065.3335263017
2013-02-21,530921.9547489559
2013-02-22,537135.5827086859
2013-02-25,524322.0905364146
2013-02-26,533830.184868092
2013-02-27,542412.2089584925
2013-02-28,542705.8549301625
2013-03-01,546938.8466726723
2013-03-04,554332.169431882
2013-03-05,559016.1161384052
2013-03-06,557092.9848587662
2013-03-07,558512.4000429766
2013-03-08,563449.9031118465
2013-03-11,560373.9646264614
2013-03-12,561343.6133216661
2013-03-13,562757.7522357409
2013-03-14,568385.220669512
2013-03-15,565021.1405593973
2013-03-18,565922.5135115999
2013-03-19,565372.9203585468
2013-03-20,575288.8929543601
2013-03-21,566886.8093640803
2013-03-22,569339.9159214379
2013-03-25,565384.1353781342
2013-03-26,570062.8265314732
2013-03-27,570121.3945492881
2013-03-28,571518.9164772726
2013-04-01,566437.4560508331
2013-04-02,561516.2935947286
2013-04-03,548819.4921679612
2013-04-04,549288.2245239643
2013-04-05,549337.9338861252
2013-04-08,553525.6649861047
2013-04-09,555801.7184514625
2013-04-10,559853.7894148061
2013-04-11,562821.1422979804
2013-04-12,558158.8837297456
2013-04-15,538451.0721126779
2013-04-16,549838.4175943383
2013-04-17,541008.9304592537
2013-04-18,537154.0113573254
2013-04-19,546872.8748323587
2013-04-22,550488.4284708689
2013-04-23,558171.2428734242
2013-04-24,557693.2460922829
2013-04-25,560915.4273036192
2013-04-26,557940.9090863342
2013-04-29,560058.2607843297
2013-04-30,558456.7661860969
2013-05-01,550179.6686084652
2013-05-02,560604.4785165673
2013-05-03,570778.251548662
2013-05-06,575247.7245549449
2013-05-07,577599.9785930652
2013-05-08,575727.4684366793
2013-05-09,574544.0337097342
2013-05-10,578967.9190586378
2013-05-13,581569.0750844437
2013-05-14,593441.3687164786
2013-05-15,593740.8271053211
2013-05-16,584826.5918792768
2013-05-17,598162.392424356
2013-05-20,598807.7615033152
2013-05-21,596012.447402541
2013-05-22,587384.451948196
2013-05-23,587911.2254888386
2013-05-24,586433.8538531329
2013-05-28,590440.8920630285
2013-05-29,584991.5365233814
2013-05-30,588885.2979327566
2013-05-31,584172.7859053729
2013-06-03,578973.0291636076
2013-06-04,570982.8613691677
2013-06-05,560597.9650957737
2013-06-06,574098.6915459527
2013-06-07,584803.7262515977
2013-06-10,582620.406677577
2013-06-11,573280.6904877564
2013-06-12,561829.9874501065
2013-06-13,572453.0957634912
2013-06-14,570549.8593526598
2013-06-17,572770.7317072416
2013-06-18,576574.9753482244
2013-06-19,568559.4920574999
2013-06-20,548977.6766755739
2013-06-21,542460.8062373002
2013-06-24,533771.3346024904
2013-06-25,542411.9919938699
2013-06-26,546400.4780043084
2013-06-27,549136.3049286063
2013-06-28,547036.5446357677
2013-07-01,551776.8759100811
2013-07-02,547886.7969951057
2013-07-03,547220.7337877899
2013-07-05,551186.5809402394
2013-07-08,552600.0728739452
2013-07-09,558380.3528313602
2013-07-10,555244.7778977847
2013-07-11,570105.5140391097
2013-07-12,580683.3514910265
2013-07-15,581122.8257111728
2013-07-16,575373.5830929958
2013-07-17,578051.5503885688
2013-07-18,575134.2406865222
2013-07-19,581384.2855967779
2013-07-22,584415.5206452354
2013-07-23,580465.1042492671
2013-07-24,575195.9220954777
2013-07-25,575485.0112637675
2013-07-26,578666.4411488764
2013-07-29,577977.0873502411
2013-07-30,582874.7604709753
2013-07-31,588234.3981076455
2013-08-01,595901.3161571337
2013-08-02,594123.4388343997
2013-08-05,597008.9674019427
2013-08-06,591216.2229457091
2013-08-07,583989.8432157087
2013-08-08,585761.0815226202
2013-08-09,586113.9592727658
2013-08-12,585172.8838506056
2013-08-13,590189.2358519572
2013-08-14,586388.9637549106
2013-08-15,572807.0812121725
2013-08-16,574887.3502321615
2013-08-19,568283.7311126442
2013-08-20,575243.2843306352
2013-08-21,571810.254123656
2013-08-22,583326.6128861253
2013-08-23,584950.0798644443
2013-08-26,582910.7041158513
2013-08-27,565983.053774378
2013-08-28,568841.5542840885
2013-08-29,574405.6655426905
2013-08-30,569177.1919079364
2013-09-03,575520.1767937759
2013-09-04,583170.9426594167
2013-09-05,589479.4155245243
2013-09-06,584441.3798274287
2013-09-09,593195.8234138252
2013-09-10,600532.2102979466
2013-09-11,599608.0689664338
2013-09-12,593356.8070221961
2013-09-13,599231.9655073823
2013-09-16,601352.2468842778
2013-09-17,604126.387710876
2013-09-18,609969.452901666
2013-09-19,607876.773362171
2013-09-20,601426.3883167111
2013-09-23,591472.2597067634
2013-09-24,594786.3338177225
2013-09-25,594247.1666818408
2013-09-26,600896.0197248083
2013-09-27,600724.1415156323
2013-09-30,599652.5033227334
2013-10-01,610900.3644169666
2013-10-02,607149.2302466522
2013-10-03,601986.301120625
2013-10-04,612229.7484522742
2013-10-07,602407.3920673399
2013-10-08,586461.6337591773
2013-10-09,586591.2923801313
2013-10-10,604762.6037341043
2013-10-11,603712.4785891541
2013-10-14,608979.6176717222
2013-10-15,605043.1921124671
2013-10-16,615156.377309652
2013-10-17,619387.2097481121
2013-10-18,620259.3078890843
2013-10-21,622358.2976925822
2013-10-22,622349.9129189091
2013-10-23,617159.2185837451
2013-10-24,618515.118115706
2013-10-25,619147.6854697928
2013-10-28,616488.0213572668
2013-10-29,625655.4422947137
2013-10-30,622968.4606527748
2013-10-31,624818.8681274097
2013-11-01,629181.3473871645
2013-11-04,634429.0759535889
2013-11-05,637235.9178190863
2013-11-06,625958.7415714033
2013-11-07,615741.5198264171
2013-11-08,628592.4941253521
2013-11-11,632692.9869562805
2013-11-12,635781.110475525
2013-11-13,640770.7548770787
2013-11-14,645204.0701644532
2013-11-15,643651.3389558024
2013-11-18,636126.6561185718
2013-11-19,629556.2312790764
2013-11-20,631113.1036969756
2013-11-21,637479.6131134129
2013-11-22,645565.1440467066
2013-11-25,644888.3506701501
2013-11-26,646145.1387485401
2013-11-27,650733.3088305878
2013-11-29,650543.1327757841
2013-12-02,651199.6467105597
2013-12-03,646473.20453605
2013-12-04,645951.4439690032
2013-12-05,641786.151931643
2013-12-06,650048.6557381967
2013-12-09,652907.6936534953
2013-12-10,654623.4883946469
2013-12-11,642339.6186878673
2013-12-12,643557.2843248653
2013-12-13,647046.8622188062
2013-12-16,649740.6364587252
2013-12-17,650968.6895174129
2013-12-18,655730.6231377333
2013-12-19,656394.2644433081
2013-12-20,662370.024005907
2013-12-23,665783.8924351138
2013-12-24,666868.0600803782
2013-12-26,669745.23355391
2013-12-27,661819.2457848475
2013-12-30,661528.4858923726
2013-12-31,663827.3612388894
2014-01-02,660934.9063978189
2014-01-03,660766.8523595943
2014-01-06,653323.5041409655
2014-01-07,653821.48913984
2014-01-08,670092.1235444801
2014-01-09,672298.6195344992
2014-01-10,678457.4840500521
2014-01-13,667611.4234172561
2014-01-14,669940.0862274644
2014-01-15,669352.8782652952
2014-01-16,662999.443542936
2014-01-17,658982.2177129266
2014-01-21,667141.5422661777
2014-01-22,671363.8308889531
2014-01-23,671655.0270044459
2014-01-24,655000.3642275902
2014-01-27,647994.8171800735
2014-01-28,657852.5273079311
2014-01-29,649187.4791336752
2014-01-30,658375.2336237566
2014-01-31,654670.4745787058
2014-02-03,639552.5031074784
2014-02-04,646790.9047948825
2014-02-05,642158.539824311
2014-02-06,649464.8346142463
2014-02-07,667134.7763501076
2014-02-10,672026.3950918573
2014-02-11,678896.216780993
2014-02-12,678140.8872194346
2014-02-13,684952.9829462273
2014-02-14,684780.040155171
2014-02-18,694389.1400869344
2014-02-19,689742.3514397432
2014-02-20,698628.0781061626
2014-02-21,695809.9992897047
2014-02-24,704034.0858100771
2014-02-25,707522.9490559069
2014-02-26,703976.8304592753
2014-02-27,706550.5805313067
2014-02-28,705460.7951085767
2014-03-03,700702.6446584897
2014-03-04,717950.8906284822
2014-03-05,718350.0683627593
2014-03-06,714742.4324985152
2014-03-07,709536.8281435526
2014-03-10,711899.3072833272
2014-03-11,704441.0296709482
2014-03-12,706571.5748908442
2014-03-13,695345.0864685137
2014-03-14,696640.4409855756
2014-03-17,701800.8396631129
2014-03-18,711958.255673434
2014-03-19,713256.2846503288
2014-03-20,714895.549116515
2014-03-21,698549.2868825782
2014-03-24,690832.3773276346
2014-03-25,692958.7659567917
2014-03-26,680845.5459675972
2014-03-27,677286.9805875297
2014-03-28,672307.622313622
2014-03-31,686153.5187144509
2014-04-01,700265.1447813922
2014-04-02,703305.8365310245
2014-04-03,686642.9559778403
2014-04-04,663523.9853740659
2014-04-07,649521.7178677466
2014-04-08,654966.0011961735
2014-04-09,669671.9853005041
2014-04-10,648731.6154804102
2014-04-11,638866.8955618707
2014-04-14,641307.3865791403
2014-04-15,643581.1466773169
2014-04-16,654349.515135709
2014-04-17,658650.0165706573
2014-04-21,666105.6140822103
2014-04-22,676720.8419055063
2014-04-23,675921.5978622537
2014-04-24,676492.265144903
2014-04-25,664536.4365292795
2014-04-28,657187.1651128936
2014-04-29,659689.3114956763
2014-04-30,668381.0281278405
2014-05-01,670920.0195126436
2014-05-02,669986.1870885207
2014-05-05,671185.9538327665
2014-05-06,661442.6028437314
2014-05-07,658386.2782146592
2014-05-08,657830.0841923463
2014-05-09,659803.8818527807
2014-05-12,676046.2538074056
2014-05-13,677941.4282564005
2014-05-14,669760.9008451601
2014-05-15,660368.5662705228
2014-05-16,661326.8504327795
2014-05-19,669076.2177647315
2014-05-20,663248.8692244292
2014-05-21,671072.6200606589
2014-05-22,674817.0969918079
2014-05-23,681154.7963743825
2014-05-27,690188.1417363812
2014-05-28,691892.507725554
2014-05-29,694889.9855623936
2014-05-30,691637.7551152948
2014-06-02,695510.5555551413
2014-06-03,694306.0744669713
2014-06-04,698307.9397766709
2014-06-05,699460.6114932336
2014-06-06,706216.34918436
2014-06-09,702658.611756058
2014-06-10,702866.9371074198
2014-06-11,702799.4668965982
2014-06-12,693014.4245379885
2014-06-13,697541.1815205418
2014-06-16,701019.1466475874
2014-06-17,709434.5930103192
2014-06-18,711701.4659163756
2014-06-19,708255.6303101307
2014-06-20,712084.0388430891
2014-06-23,709068.4313628142
2014-06-24,708624.9396764927
2014-06-25,714883.2936336834
2014-06-26,714708.282495054
2014-06-27,715324.5028040288
2014-06-30,717451.1624609516
2014-07-01,728952.3867208282
2014-07-02,724691.3246039723
2014-07-03,727490.2979570986
2014-07-07,714765.327808275
2014-07-08,706152.2585158383
2014-07-09,713028.7986771155
2014-07-10,709313.4657236472
2014-07-11,711959.2096946943
2014-07-14,719427.9604359735
2014-07-15,716312.9730087382
2014-07-16,718753.2230248192
2014-07-17,703015.9437471037
2014-07-18,713195.3316665173
2014-07-21,712763.2577150497
2014-07-22,719898.6696214409
2014-07-23,726102.0002663063
2014-07-24,732221.8511545864
2014-07-25,728447.4965248219
2014-07-28,725161.1412994827
2014-07-29,721991.7533440134
2014-07-30,720164.7021343819
2014-07-31,702912.5127578276
2014-08-01,702464.5066380762
2014-08-04,709260.5722682433
2014-08-05,699635.9935057528
2014-08-06,695921.7910820865
2014-08-07,688670.7947568777
2014-08-08,697117.3595118412
2014-08-11,702152.4520206109
2014-08-12,699734.3444212066
2014-08-13,708317.4973976739
2014-08-14,711376.185478615
2014-08-15,715725.002645745
2014-08-18,724108.8561781892
2014-08-19,727787.0315092684
2014-08-20,734278.5460573521
2014-08-21,734301.6187681755
2014-08-22,735386.2225577324
2014-08-25,738406.3674057055
2014-08-26,738857.4248106076
2014-08-27,736875.5286344057
2014-08-28,735147.3684777089
2014-08-29,737432.4263083123
2014-09-02,740443.413092267
2014-09-03,738599.4286052085
2014-09-04,739233.3725977666
2014-09-05,744863.9822556378
2014-09-08,745847.7350045512
2014-09-09,737101.9842527604
2014-09-10,739189.854795445
2014-09-11,740899.3301868311
2014-09-12,735452.3763989077
2014-09-15,722889.8074222046
2014-09-16,733624.7838684426
2014-09-17,734482.0918380164
2014-09-18,741365.3994563869
2014-09-19,734510.7685842876
2014-09-22,720019.7372144185
2014-09-23,720028.3296622114
2014-09-24,729214.2926885035
2014-09-25,716985.1292522892
2014-09-26,727419.1707091327
2014-09-29,727653.8246848576
2014-09-30,724364.5293276394
2014-10-01,707230.7179954895
2014-10-02,707048.6608803521
2014-10-03,718666.3005799205
2014-10-06,709947.9388479552
2014-10-07,697509.772059439
2014-10-08,707839.5958762448
2014-10-09,686353.0847153724
2014-10-10,664764.071854001
2014-10-13,649861.0856893484
2014-10-14,655618.808170353
2014-10-15,654687.7436445304
2014-10-16,659568.1033175803
2014-10-17,664882.1111150049
2014-10-20,674613.7278529028
2014-10-21,688105.6917655547
2014-10-22,683563.2662582216
2014-10-23,683162.6212535964
2014-10-24,687530.8650046319
2014-10-27,690458.2863134701
2014-10-28,694710.2976191535
2014-10-29,693941.0021501516
2014-10-30,691853.5352654068
2014-10-31,700075.5464427276
2014-11-03,703556.053791748
2014-11-04,703557.5789023904
2014-11-05,706109.3933884759
2014-11-06,712984.5696824964
2014-11-07,713291.4876488931
2014-11-10,717608.5934632055
2014-11-11,718056.5188475352
2014-11-12,717232.7816446737
2014-11-13,714952.6498174994
2014-11-14,716353.0385348742
2014-11-17,718582.2490331728
2014-11-18,726750.8904611043
2014-11-19,724600.5035231167
2014-11-20,721353.621498396
2014-11-21,720939.1384429312
2014-11-24,725830.0187428127
2014-11-25,730513.247927443
2014-11-26,738218.6390192786
2014-11-28,741444.6453446661
2014-12-01,724203.3880697777
2014-12-02,729469.5711763267
2014-12-03,734334.1024269342
2014-12-04,738619.1789078165
2014-12-05,741494.3828361161
2014-12-08,737811.5189036177
2014-12-09,736121.204129182
2014-12-10,728550.3607580501
2014-12-11,734533.3195095145
2014-12-12,721347.4372533156
2014-12-15,715461.0896470491
2014-12-16,706692.8008413031
2014-12-17,718786.3021878372
2014-12-18,732920.3841774218
2014-12-19,733911.9900757085
2014-12-22,737502.1697707704
2014-12-23,732366.5338877832
2014-12-24,735572.821894153
2014-12-26,737711.1449583017
2014-12-29,739317.7183877116
2014-12-30,734535.7221167472
2014-12-31,731391.2348655916
2015-01-02,731181.0579410045
2015-01-05,719977.0036936117
2015-01-06,711126.4958794838
2015-01-07,722736.1214552843
2015-01-08,741789.1760124745
2015-01-09,738517.5557969959
2015-01-12,728664.3858197739
2015-01-13,727457.3695280574
2015-01-14,722867.993357904
2015-01-15,715771.1838949823
2015-01-16,725094.1435758683
2015-01-20,729302.7599011987
2015-01-21,737484.2396993842
2015-01-22,750241.5128422517
2015-01-23,750802.8413796681
2015-01-26,754805.7399189045
2015-01-27,745702.8524811526
2015-01-28,743645.7508532038
2015-01-29,747315.6877890995
2015-01-30,731834.7516009922
2015-02-02,734252.0689636855
2015-02-03,736573.927417654
2015-02-04,743913.2971967711
2015-02-05,749118.798872916
2015-02-06,744775.9931272179
2015-02-09,735753.8634348569
2015-02-10,748171.8233906667
2015-02-11,750078.4122180311
2015-02-12,756513.8382687321
2015-02-13,754563.3120925741
2015-02-17,754542.6340176867
2015-02-18,759418.2377824122
2015-02-19,757993.9526930307
2015-02-20,762281.4364999454
2015-02-23,764667.1239871709
2015-02-24,765214.8240204685
2015-02-25,760239.3253886194
2015-02-26,767381.994149234
2015-02-27,768762.7193655871
2015-03-02,776949.2857982647
2015-03-03,772525.1644793459
2015-03-04,771015.2254252916
2015-03-05,777542.2287883376
2015-03-06,765835.5975667683
2015-03-09,772088.4062498985
2015-03-10,762757.6125349433
2015-03-11,762038.6987799659
2015-03-12,772694.7815139117
2015-03-13,770467.1487928259
2015-03-16,785692.6758469602
2015-03-17,784173.7767916603
2015-03-18,789900.6455823362
2015-03-19,794359.5789666283
2015-03-20,796139.4822996072
2015-03-23,791530.7905867619
2015-03-24,789436.1133833607
2015-03-25,771120.872258692
2015-03-26,770884.1856244904
2015-03-27,779940.7103744436
2015-03-30,787246.0323470284
2015-03-31,776854.3788003675
2015-04-01,767387.6422530132
2015-04-02,766103.9234578449
2015-04-06,765065.08190031
2015-04-07,764099.6923024547
2015-04-08,772367.3111673177
2015-04-09,774414.1640497043
2015-04-10,779415.8904359664
2015-04-13,772197.5825324374
2015-04-14,767871.8654642936
2015-04-15,767751.7125948296
2015-04-16,766844.8196668801
2015-04-17,756487.6046654794
2015-04-20,763704.1899338375
2015-04-21,769737.9615514432
2015-04-22,771844.2407707049
2015-04-23,774507.7363266083
2015-04-24,768529.9453958174
2015-04-27,758174.8875796307
2015-04-28,751468.5740474345
2015-04-29,743482.61511168
2015-04-30,735565.7116943869
2015-05-01,750592.8912890438
2015-05-04,749939.4848481511
2015-05-05,739890.0685703753
2015-05-06,740981.4844905606
2015-05-07,749733.624816755
2015-05-08,755667.721607898
2015-05-11,754873.4152477854
2015-05-12,752521.8767799591
2015-05-13,748349.0543629668
2015-05-14,760313.2301803646
2015-05-15,761600.5105281046
2015-05-18,768997.8525506131
2015-05-19,767720.7901988641
2015-05-20,762250.6137431894
2015-05-21,762210.3813653381
2015-05-22,761180.5818521118
2015-05-26,753516.9110913186
2015-05-27,767888.9686773802
2015-05-28,768015.9013471353
2015-05-29,777117.4780698317
2015-06-01,777920.2912477412
2015-06-02,773478.9969427292
2015-06-03,774457.1480483119
2015-06-04,771913.6693368918
2015-06-05,776679.9489708676
2015-06-08,766309.5174839359
2015-06-09,763374.5314095413
2015-06-10,770310.4816567615
2015-06-11,770298.4306789415
2015-06-12,767954.977227338
2015-06-15,765636.5027411279
2015-06-16,771860.5368844086
2015-06-17,775365.9881078142
2015-06-18,786204.3277531182
2015-06-19,785890.2267727507
2015-06-22,788969.2126255232
2015-06-23,791300.5747021928
2015-06-24,783465.3179937907
2015-06-25,785977.7267909591
2015-06-26,784472.6688521162
2015-06-29,762433.8535904969
2015-06-30,765149.3304586334
2015-07-01,775251.1795948715
2015-07-02,772928.5532861263
2015-07-06,771150.9274660542
2015-07-07,773858.4821170884
2015-07-08,760570.8011686547
2015-07-09,761014.5725029929
2015-07-10,774629.9029675212
2015-07-13,779146.882872387
2015-07-14,783180.1732184327
2015-07-15,782582.9481242476
2015-07-16,786740.6516590562
2015-07-17,784829.4000230974
2015-07-20,789109.8007786185
2015-07-21,788344.0085197074
2015-07-22,786719.8386607664
2015-07-23,786815.2825306383
2015-07-24,776074.1135435316
2015-07-27,768506.1777672583
2015-07-28,775854.0410964672
2015-07-29,776197.1283642964
2015-07-30,774150.3817926582
2015-07-31,773742.7741061646
2015-08-03,773443.2760298419
2015-08-04,769027.2109981366
2015-08-05,779697.2584238022
2015-08-06,767301.2520650753
2015-08-07,768573.6554085098
2015-08-10,774784.6590655446
2015-08-11,770582.7625100942
2015-08-12,769807.7024856096
2015-08-13,772262.7929885341
2015-08-14,772714.4787353001
2015-08-17,779382.3774986363
2015-08-18,778121.5587635388
2015-08-19,773499.1240707762
2015-08-20,755073.5785254373
2015-08-21,732792.0785465105
2015-08-24,708253.5538275792
2015-08-25,706213.0777333608
2015-08-26,724532.4684117493
2015-08-27,734909.186797173
2015-08-28,735776.4615453023
2015-08-31,729559.8646734434
2015-09-01,717046.8905232195
2015-09-02,722092.1466050117
2015-09-03,722092.1466050117
2015-09-04,722092.1466050117
2015-09-08,722092.1466050117
2015-09-09,722092.1466050117
2015-09-10,722092.1466050117
2015-09-11,722092.1466050117
2015-09-14,722092.1466050117
2015-09-15,722092.1466050117
2015-09-16,722092.1466050117
2015-09-17,722092.1466050117
2015-09-18,722092.1466050117
2015-09-21,722092.1466050117
2015-09-22,722092.1466050117
2015-09-23,722092.1466050117
2015-09-24,722092.1466050117
2015-09-25,722092.1466050117
2015-09-28,722092.1466050117
2015-09-29,722092.1466050117
2015-09-30,722092.1466050117
2015-10-01,722092.1466050117
2015-10-02,722092.1466050117
2015-10-05,722092.1466050117
2015-10-06,722092.1466050117
2015-10-07,722092.1466050117
2015-10-08,722092.1466050117
2015-10-09,722092.1466050117
2015-10-12,722092.1466050117
2015-10-13,722092.1466050117
2015-10-14,722092.1466050117
2015-10-15,722092.1466050117
2015-10-16,722092.1466050117
2015-10-19,722092.1466050117
2015-10-20,722092.1466050117
2015-10-21,722092.1466050117
2015-10-22,722092.1466050117
2015-10-23,722092.1466050117
2015-10-26,722092.1466050117
2015-10-27,722092.1466050117
2015-10-28,722092.1466050117
2015-10-29,722092.1466050117
2015-10-30,722092.1466050117
2015-11-02,722092.1466050117
2015-11-03,721702.288550538
2015-11-04,727301.0004853244
2015-11-05,733533.3366072646
2015-11-06,731907.0880520734
2015-11-09,722725.6247601458
2015-11-10,723146.4806098352
2015-11-11,724162.3414805016
2015-11-12,716466.5071596702
2015-11-13,706781.146792639
2015-11-16,715404.2426848601
2015-11-17,719975.0649946996
2015-11-18,728677.3391756732
2015-11-19,727010.9371414629
2015-11-20,732790.6127517873
2015-11-23,733337.0710876768
2015-11-24,732148.2656596845
2015-11-25,732414.6514215372
2015-11-27,734642.5103068363
2015-11-30,729856.1623366235
2015-12-01,737183.65848235
2015-12-02,734013.9719658012
2015-12-03,720244.6586274268
2015-12-04,736713.2567073501
2015-12-07,731559.1045235678
2015-12-08,734948.5870360244
2015-12-09,722530.3086993315
2015-12-10,722044.980099098
2015-12-11,708899.5946859386
2015-12-14,714770.6555460962
2015-12-15,720291.4582393884
2015-12-16,729199.23165854
2015-12-17,720321.8183643218
2015-12-18,711370.178510177
2015-12-21,714736.9850064873
2015-12-22,717535.1231496423
2015-12-23,720049.8725840983
2015-12-24,719870.850937762
2015-12-28,720585.6001301758
2015-12-29,726987.452370922
2015-12-30,723985.3953934985
2015-12-31,717569.1800739988
2016-01-04,704107.8716999975
2016-01-05,705621.3285622613
2016-01-06,705621.3285622613
2016-01-07,705621.3285622613
2016-01-08,705621.3285622613
2016-01-11,705621.3285622613
2016-01-12,705621.3285622613
2016-01-13,705621.3285622613
2016-01-14,705621.3285622613
2016-01-15,705621.3285622613
2016-01-19,705621.3285622613
2016-01-20,705621.3285622613
2016-01-21,705621.3285622613
2016-01-22,705621.3285622613
2016-01-25,705621.3285622613
2016-01-26,705621.3285622613
2016-01-27,705621.3285622613
2016-01-28,705621.3285622613
2016-01-29,705621.3285622613
2016-02-01,705621.3285622613
2016-02-02,705621.3285622613
2016-02-03,705621.3285622613
2016-02-04,705621.3285622613
2016-02-05,705621.3285622613
2016-02-08,705621.3285622613
2016-02-09,705621.3285622613
2016-02-10,705621.3285622613
2016-02-11,705621.3285622613
2016-02-12,705621.3285622613
2016-02-16,705621.3285622613
2016-02-17,705621.3285622613
2016-02-18,705621.3285622613
2016-02-19,705621.3285622613
2016-02-22,705621.3285622613
2016-02-23,705621.3285622613
2016-02-24,705621.3285622613
2016-02-25,705621.3285622613
2016-02-26,705621.3285622613
2016-02-29,705621.3285622613
2016-03-01,705621.3285622613
2016-03-02,705621.3285622613
2016-03-03,705621.3285622613
2016-03-04,705621.3285622613
2016-03-07,705621.3285622613
2016-03-08,705621.3285622613
2016-03-09,705621.3285622613
2016-03-10,705621.3285622613
2016-03-11,705621.3285622613
2016-03-14,705621.3285622613
2016-03-15,705621.3285622613
2016-03-16,705621.3285622613
2016-03-17,705621.3285622613
2016-03-18,705621.3285622613
2016-03-21,705621.3285622613
2016-03-22,705621.3285622613
2016-03-23,705621.3285622613
2016-03-24,705621.3285622613
2016-03-28,705621.3285622613
2016-03-29,705621.3285622613
2016-03-30,705621.3285622613
2016-03-31,705621.3285622613
2016-04-01,705621.3285622613
2016-04-04,701805.4298941704
2016-04-05,696464.4479667369
2016-04-06,699787.9844055984
2016-04-07,695971.8598355995
2016-04-08,696042.6109041495
2016-04-11,693307.8034434196
2016-04-12,697874.5364769675
2016-04-13,698246.4007061631
2016-04-14,696883.7881867258
2016-04-15,699617.7206354816
2016-04-18,702731.4922133439
2016-04-19,694837.4822368391
2016-04-20,692589.7403797888
2016-04-21,687236.1052583542
2016-04-22,681689.3905202964
2016-04-25,684989.0285233296
2016-04-26,683288.5894455134
2016-04-27,682612.7287092443
2016-04-28,681700.7843644985
2016-04-29,685932.366692699
2016-05-02,689851.9768692695
2016-05-03,687778.2263951282
2016-05-04,690072.4951701353
2016-05-05,690375.460059474
2016-05-06,698879.8857023659
2016-05-09,701827.4448447819
2016-05-10,706615.4623689787
2016-05-11,704239.1313293219
2016-05-12,708674.7140051848
2016-05-13,711250.5721643625
2016-05-16,715172.2498137482
2016-05-17,703088.8231019917
2016-05-18,697817.0286571778
2016-05-19,694694.6625739388
2016-05-20,695504.7668200512
2016-05-23,694767.0904649122
2016-05-24,702922.6642577567
2016-05-25,701790.849325739
2016-05-26,704713.0128058662
2016-05-27,706298.81814246
2016-05-31,705561.4539124997
2016-06-01,707136.0921747192
2016-06-02,708417.832487175
2016-06-03,707541.6014964879
2016-06-06,705806.9694579552
2016-06-07,708015.3054045151
2016-06-08,709945.7603819491
2016-06-09,713648.9679552714
2016-06-10,707895.299820362
2016-06-13,704778.3153095499
2016-06-14,706406.152473442
2016-06-15,704610.2839305669
2016-06-16,708733.4582902541
2016-06-17,703933.6616047996
2016-06-20,708574.3879722181
2016-06-21,710247.2863164123
2016-06-22,708627.7009003789
2016-06-23,714971.0750337554
2016-06-24,702751.9832949254
2016-06-27,698137.7106650465
2016-06-28,704894.8096891863
2016-06-29,710509.3958739078
2016-06-30,718664.3362326657
2016-07-01,717662.4800551074
2016-07-05,722894.2822685653
2016-07-06,726499.1531439876
2016-07-07,721600.5839844599
2016-07-08,732110.723914077
2016-07-11,734447.4860268207
2016-07-12,734893.5385562028
2016-07-13,735993.9636052696
2016-07-14,734625.9031896681
2016-07-15,731954.1046712173
2016-07-18,732570.9648782137
2016-07-19,733060.5909792635
2016-07-20,734829.1335495026
2016-07-21,730745.8251417568
2016-07-22,738395.8367726292
2016-07-25,739578.4008361907
2016-07-26,737228.1245263523
2016-07-27,733629.6150683988
2016-07-28,736679.9170411505
2016-07-29,737325.714972806
2016-08-01,739075.7421588625
2016-08-02,734817.74507605
2016-08-03,730794.4860561099
2016-08-04,732713.1959298645
2016-08-05,729709.1309622481
2016-08-08,729630.4783562563
2016-08-09,732171.9833140667
2016-08-10,733087.3098829861
2016-08-11,734506.5637279751
2016-08-12,739343.9548115804
2016-08-15,737072.6006719004
2016-08-16,729417.4392426545
2016-08-17,729902.4575094008
2016-08-18,732643.0793911457
2016-08-19,732223.3852243162
2016-08-22,734471.6070020997
2016-08-23,735114.027863728
2016-08-24,728609.742060626
2016-08-25,729038.4208316864
2016-08-26,726144.2568079296
2016-08-29,729739.3024844013
2016-08-30,725469.9009925236
2016-08-31,724205.1332110532
2016-09-01,726679.1991301875
2016-09-02,729205.7088556722
2016-09-06,735964.9449105789
2016-09-07,734191.1053265678
2016-09-08,731067.8014649694
2016-09-09,710488.9179090012
2016-09-12,719426.1166856722
2016-09-13,710257.9133046682
2016-09-14,710858.4934965959
2016-09-15,718491.3875996168
2016-09-16,718157.4246088502
2016-09-19,722130.3388925607
2016-09-20,721062.1313451265
2016-09-21,733709.3558264077
2016-09-22,736692.4539029109
2016-09-23,732910.7329476608
2016-09-26,730896.3026651789
2016-09-27,734622.2691573207
2016-09-28,737464.1254398425
2016-09-29,732068.0040440466
2016-09-30,735657.2269638262
2016-10-03,731495.8980851464
2016-10-04,721080.1201974096
2016-10-05,722190.8249698573
2016-10-06,721949.0506089835
2016-10-07,714658.753111741
2016-10-10,717734.8266409192
2016-10-11,710240.5363269923
2016-10-12,710877.4538065058
2016-10-13,709896.4419202498
2016-10-14,708930.0467702039
2016-10-17,707826.3386756859
2016-10-18,711434.524804773
2016-10-19,712747.8899781017
2016-10-20,715454.675018912
2016-10-21,713944.5136953866
2016-10-24,720631.2146397689
2016-10-25,718386.3554508254
2016-10-26,710737.0234354998
2016-10-27,706455.5761873343
2016-10-28,708477.2474407027
2016-10-31,710743.7455377963
2016-11-01,706703.3529183315
2016-11-02,700318.7793234052
2016-11-03,695177.3672467617
2016-11-04,691520.9922260938
2016-11-07,705954.0078978807
2016-11-08,707851.8618479052
2016-11-09,708527.0214932625
2016-11-10,703501.1091002957
2016-11-11,721189.1237970606
2016-11-14,713633.4495326994
2016-11-15,722393.9732855186
2016-11-16,728816.2948396049
2016-11-17,731527.4940704163
2016-11-18,731057.4174153993
2016-11-21,730802.1011427295
2016-11-22,733054.9518004206
2016-11-23,735381.2080259605
2016-11-25,735052.2018531915
2016-11-28,731585.0355419624
2016-11-29,732605.1039993095
2016-11-30,733678.6192842539
2016-12-01,722813.4913526744
2016-12-02,727043.7293814517
2016-12-05,737891.6910699776
2016-12-06,740317.6869344686
2016-12-07,748725.2480858432
2016-12-08,747403.6606825772
2016-12-09,742257.9763494459
2016-12-12,736887.023522664
2016-12-13,741617.8654762304
2016-12-14,741081.3109067712
2016-12-15,742839.7392322468
2016-12-16,742051.7170315955
2016-12-19,741271.3296900217
2016-12-20,745806.6947994677
2016-12-21,746250.7546507334
2016-12-22,745008.6927986279
2016-12-23,749559.4189217343
2016-12-27,758520.1606313045
2016-12-28,745846.197027381
2016-12-29,751600.7687529364
2016-12-30,742508.9615588994
2017-01-03,740954.8445096571
2017-01-04,749876.1298078019
2017-01-05,748666.1040792274
2017-01-06,747540.3749795649
2017-01-09,748512.3903338712
2017-01-10,751335.7372033562
2017-01-11,753740.9710639969
2017-01-12,748145.8152697538
2017-01-13,750000.0323995629
2017-01-17,747001.3339851229
2017-01-18,751517.3595767976
2017-01-19,751929.2050088628
2017-01-20,754397.4380651326
2017-01-23,755170.0752443179
2017-01-24,769169.90315862
2017-01-25,768800.528205435
2017-01-26,771139.3637388559
2017-01-27,772336.1874638564
2017-01-30,766572.9619910946
2017-01-31,766136.388464583
2017-02-01,770572.9638565487
2017-02-02,773220.9330952887
2017-02-03,777832.2510143631
2017-02-06,775950.599140165
2017-02-07,772585.8729286464
2017-02-08,769226.9771777401
2017-02-09,772301.78363867
2017-02-10,773099.426073004
2017-02-13,769458.901547185
2017-02-14,771765.6880161889
2017-02-15,769099.7458876916
2017-02-16,763173.2618705156
2017-02-17,761416.1102022033
2017-02-21,768412.5413463307
2017-02-22,762498.4235842534
2017-02-23,747256.8635323115
2017-02-24,746230.3790854297
2017-02-27,754284.1418909011
2017-02-28,750331.1425760583
2017-03-01,764975.166258859
2017-03-02,751901.0258752512
2017-03-03,756034.573886665
2017-03-06,755711.901976486
2017-03-07,753430.1785832243
2017-03-08,743994.4839458335
2017-03-09,744136.3440861756
2017-03-10,746103.9601997619
2017-03-13,750593.6331041893
2017-03-14,746006.0394313368
2017-03-15,751423.9436817918
2017-03-16,751857.4484830801
2017-03-17,752143.8994962695
2017-03-20,755625.3049698502
2017-03-21,740531.7515101314
2017-03-22,745466.7756754982
2017-03-23,745094.0900850672
2017-03-24,749425.4997696497
2017-03-27,749368.9223699507
2017-03-28,752447.930538387
2017-03-29,754157.6751329235
2017-03-30,759326.1470141438
2017-03-31,758700.5426789001
2017-04-03,756937.5931965037
2017-04-04,750282.9089258176
2017-04-05,743785.0445656691
2017-04-06,746958.6108597808
2017-04-07,746880.4705363837
2017-04-10,741472.6010785758
2017-04-11,738597.0609088318
2017-04-12,731375.1594248038
2017-04-13,725049.5475916544
2017-04-14,725049.5475916544
2017-04-17,734567.2243382786
2017-04-18,732286.7753825597
2017-04-19,734589.9567406522
2017-04-20,740928.6662895546
2017-04-21,738542.085428537
2017-04-24,744788.5297299918
2017-04-25,749910.4728803952
2017-04-26,749910.0217544133
2017-04-27,750998.7009033706
2017-04-28,746216.4830110976
2017-05-01,753433.5237087517
2017-05-02,744111.2129860923
2017-05-03,746423.1174434642
2017-05-04,742357.9382568566
2017-05-05,747865.2778731182
2017-05-08,746729.6099417512
2017-05-09,747166.7074895096
2017-05-10,770074.8943229879
2017-05-11,774316.2101305454
2017-05-12,774912.7118437928
2017-05-15,784035.0949627867
2017-05-16,786576.1129511866
2017-05-17,758987.6668470366
2017-05-18,767745.106635088
2017-05-19,775555.872169139
2017-05-22,781561.5387040377
2017-05-23,782581.9185329607
2017-05-24,785940.7537429973
2017-05-25,787073.0897021247
2017-05-26,791596.3041841047
2017-05-30,793496.8174959033
2017-05-31,790935.7811411351
2017-06-01,793541.29844338
2017-06-02,794300.1741300247
2017-06-05,798171.7961915294
2017-06-06,800676.3535925854
2017-06-07,806985.4500621824
2017-06-08,821596.8498197004
2017-06-09,798136.3921813038
2017-06-12,796159.6098935462
2017-06-13,801312.7918672068
2017-06-14,795386.5424612422
2017-06-15,790934.783428088
2017-06-16,788888.8339102394
2017-06-19,805505.895139549
2017-06-20,803092.1849374764
2017-06-21,814106.0646743416
2017-06-22,813525.9495439592
2017-06-23,811042.3014418838
2017-06-26,809244.415898273
2017-06-27,793238.0407233759
2017-06-28,805380.6733039789
2017-06-29,790995.1688133728
2017-06-30,784528.9669044869
2017-07-03,774829.9244127243
2017-07-05,789436.5686931082
2017-07-06,785913.5512110797
2017-07-07,794709.8552950037
2017-07-10,803848.8453927323
2017-07-11,808276.7029552851
2017-07-12,820520.4672252308
2017-07-13,815256.2731854871
2017-07-14,824056.1058155196
2017-07-17,821630.7004828181
2017-07-18,822294.5700826477
2017-07-19,820886.0749767041
2017-07-20,822330.7044323154
2017-07-21,822634.0069856583
2017-07-24,821348.149192322
2017-07-25,818171.1418985375
2017-07-26,823974.4397875927
2017-07-27,810657.4851895783
2017-07-28,807340.0966803174
2017-07-31,800779.6142860095
2017-08-01,800975.1161569644
2017-08-02,798587.4498392554
2017-08-03,800241.0765894337
2017-08-04,802240.1140210263
2017-08-07,810154.5131838223
2017-08-08,806082.113685617
2017-08-09,804384.8152659076
2017-08-10,784990.1704810798
2017-08-11,778238.0179351508
2017-08-14,798702.3619477841
2017-08-15,799134.5707214378
2017-08-16,797339.903662139
2017-08-17,782697.4382453739
2017-08-18,784032.7728182017
2017-08-21,779460.7668563552
2017-08-22,789077.5381136449
2017-08-23,790640.2127232724
2017-08-24,788292.4723345154
2017-08-25,788909.066584082
2017-08-28,788828.8854720255
2017-08-29,783458.7442024435
2017-08-30,788083.9184844486
2017-08-31,793329.848789407
2017-09-01,796921.3878782612
2017-09-05,784023.3751169911
2017-09-06,785210.2688989871
2017-09-07,786012.0315295696
2017-09-08,779778.980431184
2017-09-11,792534.7207766827
2017-09-12,794975.6499062943
2017-09-13,794183.560418933
2017-09-14,793153.9837885869
2017-09-15,804947.3671866554
2017-09-18,816506.2316514577
2017-09-19,817628.8162911987
2017-09-20,817084.0822840686
2017-09-21,810883.9916541512
2017-09-22,808744.8257747452
2017-09-25,791524.429339077
2017-09-26,792259.5863823467
2017-09-27,804229.5655177766
2017-09-28,805195.9041567213
2017-09-29,811753.9281351824
2017-10-02,809781.9139898235
2017-10-03,814097.0906129975
2017-10-04,815931.5993261123
2017-10-05,819938.470425156
2017-10-06,822014.4656135101
2017-10-09,829527.9913401905
2017-10-10,834696.5448475782
2017-10-11,838442.7599803221
2017-10-12,839580.2706556482
2017-10-13,844937.2415201336
2017-10-16,852528.3462071005
2017-10-17,849457.4716589515
2017-10-18,849675.9496775395
2017-10-19,847664.7550227983
2017-10-20,848750.7412327119
2017-10-23,846327.157180596
2017-10-24,851086.0557610723
2017-10-25,833488.7926904637
2017-10-26,834150.7102424746
2017-10-27,844217.9078301644
2017-10-30,841952.3965148854
2017-10-31,848337.6415920791
2017-11-01,845052.0290514182
2017-11-02,848621.3298695472
2017-11-03,855239.8091345095
2017-11-06,859714.0078600874
2017-11-07,866433.556889752
2017-11-08,861678.1753390254
2017-11-09,849923.6131050034
2017-11-10,865182.566487559
2017-11-13,864469.2718138197
2017-11-14,864631.7351844056
2017-11-15,858927.1015743676
2017-11-16,868816.160726632
2017-11-17,867813.088408038
2017-11-20,873027.7805140779
2017-11-21,882225.1405184695
2017-11-22,879344.7364526002
2017-11-24,883440.2765743326
2017-11-27,877233.2435184809
2017-11-28,875443.2491650283
2017-11-29,840610.9399059577
2017-11-30,845145.9300397745
2017-12-01,836879.7194566131
2017-12-04,812490.5465780189
2017-12-05,814165.1089904143
2017-12-06,819415.5685207357
2017-12-07,829050.107888991
2017-12-08,828633.2330381002
2017-12-11,832500.132841801
2017-12-12,827583.608007554
2017-12-13,823471.433766639
2017-12-14,822711.8419070966
2017-12-15,832360.4226208495
2017-12-18,841144.2322317162
2017-12-19,837260.483378302
2017-12-20,840168.7868796417
2017-12-21,837358.295148101
2017-12-22,837060.9276970184
2017-12-26,835912.0769030576
2017-12-27,835162.6820094121
2017-12-28,835154.6605567737
2017-12-29,830001.5332270075
2018-01-02,843460.8989051667
2018-01-03,863066.6955837294
2018-01-04,864569.8074355476
2018-01-05,871958.9745393447
2018-01-08,881046.7197688855
2018-01-09,878265.5393303764
2018-01-10,880003.5571300869
2018-01-11,884986.8176574787
2018-01-12,886504.1742450728
2018-01-16,879760.727890379
2018-01-17,896671.3516476545
2018-01-18,892371.8341504359
2018-01-19,898932.1300526633
2018-01-22,908326.7192744536
2018-01-23,917735.7075777547
2018-01-24,911600.665936879
2018-01-25,912456.834900448
2018-01-26,919295.6450876669
2018-01-29,912731.103201733
2018-01-30,902301.1139877012
2018-01-31,912646.0262120899
2018-02-01,902544.5747393032
2018-02-02,881685.2608068832
2018-02-05,843528.9672645713
2018-02-06,868925.7552979243
2018-02-07,869492.9214873443
2018-02-08,840042.4430354001
2018-02-09,860162.7904589714
2018-02-12,861964.4653245871
2018-02-13,867655.0644446398
2018-02-14,882034.7814366601
2018-02-15,893690.8959331329
2018-02-16,890482.5356465379
2018-02-20,897569.41100809
2018-02-21,886563.3226649719
2018-02-22,888004.8102412646
2018-02-23,903389.2857816756
2018-02-26,909453.4365011835
2018-02-27,908118.344187992
2018-02-28,903600.3926942734
2018-03-01,888487.9519940625
2018-03-02,896054.2344884053
2018-03-05,907676.2079250434
2018-03-06,919104.7585717089
2018-03-07,916815.5725609655
2018-03-08,920053.4451111711
2018-03-09,932993.8624703048
2018-03-12,939586.6202588943
2018-03-13,933907.9556018113
2018-03-14,934310.416743558
2018-03-15,932859.2459051479
2018-03-16,937186.1701207008
2018-03-19,921116.6293577632
2018-03-20,934954.860395834
2018-03-21,932630.9146650912
2018-03-22,910177.4970103976
2018-03-23,888105.3236640387
2018-03-26,913109.0293728681
2018-03-27,879912.3191598821
2018-03-28,869872.3704857811
2018-03-29,888481.779926508
2018-04-02,866842.5855348563
2018-04-03,876379.3274773619
2018-04-04,881418.193038569
2018-04-05,878654.0412971164
2018-04-06,856015.8710697911
2018-04-09,862633.4758961621
2018-04-10,887244.2166039548
2018-04-11,883550.6789360914
2018-04-12,900359.042924555
2018-04-13,894100.2870391937
2018-04-16,892379.9549658108
2018-04-17,910890.8284505712
2018-04-18,916637.3727183772
2018-04-19,901238.0670468954
2018-04-20,895420.2836906674
2018-04-23,886609.5293280188
2018-04-24,869796.1654806916
2018-04-25,866600.0624750364
2018-04-26,885041.5761778071
2018-04-27,879548.0682620695
2018-04-30,874373.5939866452
2018-05-01,882567.3037154973
2018-05-02,874786.517113626
2018-05-03,884056.588167917
2018-05-04,893280.2373248871
2018-05-07,905936.0192008851
2018-05-08,908409.9861048333
2018-05-09,923303.2657919883
2018-05-10,932858.0000060551
2018-05-11,927403.3380226605
2018-05-14,932017.2574355302
2018-05-15,924992.5458494985
2018-05-16,933178.611151845
2018-05-17,928349.6817486502
2018-05-18,928878.9061170155
2018-05-21,935822.2241485141
2018-05-22,932941.5253802959
2018-05-23,945335.069005442
2018-05-24,951812.9583381397
2018-05-25,953479.6612714302
2018-05-29,951910.3719634514
2018-05-30,956198.6708446405
2018-05-31,943989.1245747623
2018-06-01,960334.1519477752
2018-06-04,952165.1530976433
2018-06-05,958212.4664778981
2018-06-06,963673.3246650826
2018-06-07,957004.0874521841
2018-06-08,957544.3031445114
2018-06-11,956765.6838295439
2018-06-12,962363.5889768908
2018-06-13,961197.6368055195
2018-06-14,964058.3827478494
2018-06-15,962524.8506264227
2018-06-18,963574.6375621714
2018-06-19,955259.5269534012
2018-06-20,961717.0273072275
2018-06-21,951815.4903322736
2018-06-22,939071.7124037269
2018-06-25,915500.2176093654
2018-06-26,924307.5522543165
2018-06-27,909161.0557440108
2018-06-28,915875.8433373478
2018-06-29,911216.6200952986
2018-07-02,917680.3481482923
2018-07-03,904323.2619187927
2018-07-05,911860.8442242031
2018-07-06,921479.7449573464
2018-07-09,925007.8912122715
2018-07-10,930514.7158026716
2018-07-11,919195.5072901249
2018-07-12,928703.3431159422
2018-07-13,925823.9656270111
2018-07-16,927365.4695973136
2018-07-17,933771.7865980843
2018-07-18,932645.9097042001
2018-07-19,932090.8311294529
2018-07-20,928174.7649934689
2018-07-23,926515.1843039687
2018-07-24,918796.6974428277
2018-07-25,931883.163842464
2018-07-26,932335.8769905329
2018-07-27,916915.7760683147
2018-07-30,903448.5814345777
2018-07-31,907968.7309986377
2018-08-01,903362.3676314191
2018-08-02,910620.2039620032
2018-08-03,908659.7172477867
2018-08-06,916248.8427493228
2018-08-07,920574.1087848895
2018-08-08,925525.6014838694
2018-08-09,928285.0583726441
2018-08-10,927009.7118419423
2018-08-13,924624.3600136485
2018-08-14,934870.1682276548
2018-08-15,911683.3519165978
2018-08-16,916067.3505041649
2018-08-17,916928.7136105963
2018-08-20,928226.4236988849
2018-08-21,936885.0886629524
2018-08-22,940021.4969883616
2018-08-23,943835.2094259899
2018-08-24,949586.021410309
2018-08-27,954661.4205911875
2018-08-28,955452.7129459112
2018-08-29,959437.0863471846
2018-08-30,955016.191841245
2018-08-31,955380.836978208
2018-09-04,956833.9314628781
2018-09-05,941355.8489747578
2018-09-06,932633.8229856642
2018-09-07,928432.1302867963
2018-09-10,932642.9649571084
2018-09-11,937669.1187934255
2018-09-12,937604.4287919635
2018-09-13,935211.6952036195
2018-09-14,933124.7948199762
2018-09-17,920191.3746744834
2018-09-18,929558.0260418914
2018-09-19,918251.2707060361
2018-09-20,920037.0577139433
2018-09-21,918845.0387851517
2018-09-24,928395.4622779652
2018-09-25,934922.028903137
2018-09-26,935972.7900672567
2018-09-27,937324.3431642624
2018-09-28,939026.0470080725
2018-10-01,940276.1309700855
2018-10-02,924714.5497201328
2018-10-03,925262.7599946108
2018-10-04,909325.3756297664
2018-10-05,906477.3006518419
2018-10-08,898673.6308796158
2018-10-09,898307.2699800273
2018-10-10,870271.5765851877
2018-10-11,861982.1944861118
2018-10-12,877211.0542510764
2018-10-15,873569.8362492718
2018-10-16,887294.1533726843
2018-10-17,886052.865879341
2018-10-18,879354.932175306
2018-10-19,869444.8589045167
2018-10-22,864970.9465975838
2018-10-23,861861.1545264293
2018-10-24,844031.9800753891
2018-10-25,855524.318512293
2018-10-26,849846.6374496208
2018-10-29,850277.8905710396
2018-10-30,856790.8695644317
2018-10-31,858141.7311563527
2018-11-01,860983.0876741194
2018-11-02,862661.8458485723
2018-11-05,862661.8458485723
2018-11-06,862661.8458485723
2018-11-07,862661.8458485723
2018-11-08,862661.8458485723
2018-11-09,862661.8458485723
2018-11-12,862661.8458485723
2018-11-13,862661.8458485723
2018-11-14,862661.8458485723
2018-11-15,862661.8458485723
2018-11-16,862661.8458485723
2018-11-19,862661.8458485723
2018-11-20,862661.8458485723
2018-11-21,862661.8458485723
2018-11-23,862661.8458485723
2018-11-26,862661.8458485723
2018-11-27,862661.8458485723
2018-11-28,862661.8458485723
2018-11-29,862661.8458485723
2018-11-30,862661.8458485723
2018-12-03,862661.8458485723
2018-12-04,840289.2262400705
2018-12-06,845349.3307762116
2018-12-07,827547.0448973462
2018-12-10,825672.8297955868
2018-12-11,826599.9662504334
2018-12-12,824302.8854673312
2018-12-13,818997.1434546353
2018-12-14,814350.2306363271
2018-12-17,801657.6257648068
2018-12-18,801873.3194214985
2018-12-19,799756.4142519352
2018-12-20,791811.7640335415
2018-12-21,790560.3041607437
2018-12-24,790376.410918092
2018-12-26,790376.410918092
2018-12-27,790376.410918092
2018-12-28,790376.410918092
2018-12-31,790376.410918092
2019-01-02,790376.410918092
2019-01-03,790376.410918092
2019-01-04,790376.410918092
2019-01-07,790376.410918092
2019-01-08,790376.410918092
2019-01-09,790376.410918092
2019-01-10,790376.410918092
2019-01-11,790376.410918092
2019-01-14,790376.410918092
2019-01-15,790376.410918092
2019-01-16,790376.410918092
2019-01-17,790376.410918092
2019-01-18,790376.410918092
2019-01-22,790376.410918092
2019-01-23,790376.410918092
2019-01-24,790376.410918092
2019-01-25,790376.410918092
2019-01-28,790376.410918092
2019-01-29,790376.410918092
2019-01-30,790376.410918092
2019-01-31,790376.410918092
2019-02-01,790376.410918092
2019-02-04,790376.410918092
2019-02-05,790376.410918092
2019-02-06,790376.410918092
2019-02-07,790376.410918092
2019-02-08,790376.410918092
2019-02-11,790376.410918092
2019-02-12,790376.410918092
2019-02-13,790376.410918092
2019-02-14,790376.410918092
2019-02-15,790376.410918092
2019-02-19,790376.410918092
2019-02-20,790376.410918092
2019-02-21,790376.410918092
2019-02-22,790376.410918092
2019-02-25,790376.410918092
2019-02-26,790376.410918092
2019-02-27,790376.410918092
2019-02-28,790376.410918092
2019-03-01,790376.410918092
2019-03-04,780030.4813890561
2019-03-05,781870.3923763066
2019-03-06,774920.8122154463
2019-03-07,773489.7209561395
2019-03-08,772791.1131228359
2019-03-11,779871.5252772149
2019-03-12,783843.8794846204
2019-03-13,786130.1596665607
2019-03-14,785274.7277320974
2019-03-15,787731.4526189427
2019-03-18,787647.5819699487
2019-03-19,792305.2067978506
2019-03-20,794012.0223692579
2019-03-21,807192.1562190664
2019-03-22,797720.2455753906
2019-03-25,799070.8722724537
2019-03-26,802950.3865480446
2019-03-27,797276.5039252049
2019-03-28,799995.5894981486
2019-03-29,801735.4908705063
2019-04-01,805213.3215265574
2019-04-02,805585.8059659802
2019-04-03,810679.5677838635
2019-04-04,805568.2691865359
2019-04-05,809214.9703146988
2019-04-08,809591.5447026104
2019-04-09,806872.8013660657
2019-04-10,811388.1883098597
2019-04-11,810604.8195199869
2019-04-12,812483.569150277
2019-04-15,813264.8820150595
2019-04-16,807494.0454200425
2019-04-17,797900.6428693862
2019-04-18,798507.8497963182
2019-04-22,798567.0918936444
2019-04-23,803908.1604557232
2019-04-24,807798.8119611602
2019-04-25,794834.3628262335
2019-04-26,797417.5862550256
2019-04-29,794865.2312005579
2019-04-30,796814.9533627979
2019-05-01,788747.9840246355
2019-05-02,796913.4438787925
2019-05-03,795156.9832051328
2019-05-06,792374.930957098
2019-05-07,781857.1834512096
2019-05-08,781156.0443069953
2019-05-09,780748.3285889954
2019-05-10,784068.8672793396
2019-05-13,770701.455876403
2019-05-14,776997.8633991929
2019-05-15,780339.0700423756
2019-05-16,781825.2405933612
2019-05-17,778117.703790605
2019-05-20,770478.5967998753
2019-05-21,776004.7490244599
2019-05-22,777993.9169615222
2019-05-23,771387.354508604
2019-05-24,772039.1228327663
2019-05-28,774596.9677292809
2019-05-29,770926.91451512
2019-05-30,775366.7802003598
2019-05-31,770853.131460287
2019-06-03,768353.9538503281
2019-06-04,771595.50808078
2019-06-05,771595.50808078
2019-06-06,771595.50808078
2019-06-07,771595.50808078
2019-06-10,771595.50808078
2019-06-11,771595.50808078
2019-06-12,771595.50808078
2019-06-13,771595.50808078
2019-06-14,771595.50808078
2019-06-17,771595.50808078
2019-06-18,771595.50808078
2019-06-19,771595.50808078
2019-06-20,771595.50808078
2019-06-21,771595.50808078
2019-06-24,771595.50808078
2019-06-25,771595.50808078
2019-06-26,771595.50808078
2019-06-27,771595.50808078
2019-06-28,771595.50808078
2019-07-01,771595.50808078
2019-07-02,774145.9338915364
2019-07-03,781021.364612949
2019-07-05,781268.045568567
2019-07-08,781598.333303005
2019-07-09,784588.4590419298
2019-07-10,787025.3650461257
2019-07-11,787042.1337146593
2019-07-12,789569.2321547194
2019-07-15,794064.7587792428
2019-07-16,793061.818373577
2019-07-17,792441.0813845181
2019-07-18,797167.0985597768
2019-07-19,790650.3695044572
2019-07-22,792659.8667845986
2019-07-23,794827.1979880413
2019-07-24,794883.2431386278
2019-07-25,795265.0999703124
2019-07-26,801445.0614408511
2019-07-29,800810.4199288404
2019-07-30,798839.7983484357
2019-07-31,789625.1574353359
2019-08-01,787982.3594499164
2019-08-02,781828.4696392498
2019-08-05,764035.4672200514
2019-08-06,771894.2803772667
2019-08-07,775208.1066143825
2019-08-08,785139.0601897351
2019-08-09,785422.5550287579
2019-08-12,779788.6894389986
2019-08-13,788595.5020465736
2019-08-14,775032.6218755858
2019-08-15,780939.3719127683
2019-08-16,786051.9659780576
2019-08-19,789478.5572086705
2019-08-20,790007.6099084327
2019-08-21,795279.5552289516
2019-08-22,801664.6906804347
2019-08-23,791163.8862218661
2019-08-26,797199.581538617
2019-08-27,799691.701788172
2019-08-28,802021.6711281403
2019-08-29,805634.7173311183
2019-08-30,805004.5418674296
2019-09-03,803721.2086431539
2019-09-04,807773.477164684
2019-09-05,809849.9279646245
2019-09-06,809469.3533293672
2019-09-09,792693.8154121127
2019-09-10,778286.4875842313
2019-09-11,778537.1516584731
2019-09-12,781781.3248220527
2019-09-13,776573.754138408
2019-09-16,774300.5154491457
2019-09-17,785027.1585684917
2019-09-18,786205.278157304
2019-09-19,783719.6253953372
2019-09-20,780523.7227576708
2019-09-23,781981.752003891
2019-09-24,777561.8210757659
2019-09-25,776378.7574935942
2019-09-26,777027.9024563163
2019-09-27,769817.5468011347
2019-09-30,773606.8660833469
2019-10-01,767060.59466605
2019-10-02,758812.2316399368
2019-10-03,765772.9387855431
2019-10-04,772866.5557066555
2019-10-07,771336.7934705081
2019-10-08,762681.0128403296
2019-10-09,769543.8690126793
2019-10-10,771662.4580033185
2019-10-11,772987.3981733063
2019-10-14,772613.8219986663
2019-10-15,772845.2646553976
2019-10-16,766983.2784862297
2019-10-17,771482.7623503389
2019-10-18,773906.6122648988
2019-10-21,777777.985229493
2019-10-22,767471.5965139591
2019-10-23,764658.0802635956
2019-10-24,760211.4082699831
2019-10-25,757440.8838400936
2019-10-28,759655.5291381829
2019-10-29,760296.0976923165
2019-10-30,763971.4565960836
2019-10-31,761295.8701824516
2019-11-01,760649.7217538945
2019-11-04,753728.777673445
2019-11-05,747690.1723433817
2019-11-06,749879.6743595953
2019-11-07,748135.048081606
2019-11-08,748788.8827464931
2019-11-11,752327.2265485405
2019-11-12,754560.5935381376
2019-11-13,759287.4055802898
2019-11-14,763578.8141330678
2019-11-15,770483.3062371421
2019-11-18,773993.5717281624
2019-11-19,775658.0960834245
2019-11-20,774739.9493814687
2019-11-21,764723.5736519779
2019-11-22,761830.4455195068
2019-11-25,769753.5261974279
2019-11-26,771985.931447677
2019-11-27,776247.1815261311
2019-11-29,772928.8630520733
2019-12-02,765516.3661122831
2019-12-03,763095.5198223979
2019-12-04,766990.6778169532
2019-12-05,764773.5598362942
2019-12-06,768407.9755766314
2019-12-09,764106.4580709469
2019-12-10,764724.3341733522
2019-12-11,770455.1120184512
2019-12-12,777448.943385705
2019-12-13,778333.3791524378
2019-12-16,780935.1185234425
2019-12-17,783323.796318103
2019-12-18,780955.7605540284
2019-12-19,784702.8424482085
2019-12-20,789720.8591976662
2019-12-23,787778.6543216928
2019-12-24,789928.8752327168
2019-12-26,792189.7851318753
2019-12-27,791445.6156274176
2019-12-30,788853.8985429985
2019-12-31,790378.4361317322
2020-01-02,800399.0162142554
2020-01-03,797667.4282616872
2020-01-06,794032.116975985
2020-01-07,796403.9409045586
2020-01-08,794904.4756086235
2020-01-09,801380.3651228787
2020-01-10,797639.6554802664
2020-01-13,802267.8957827402
2020-01-14,803045.4476119776
2020-01-15,805167.6789346291
2020-01-16,812116.7796604377
2020-01-17,814035.9675625422
2020-01-21,813283.6408111831
2020-01-22,815759.5631308923
2020-01-23,818236.074868595
2020-01-24,810390.9737490847
2020-01-27,799370.748433951
2020-01-28,810608.9915478523
2020-01-29,804186.8947360548
2020-01-30,809914.9912476297
2020-01-31,795503.3861662274
2020-02-03,804718.9417155285
2020-02-04,818216.2520014212
2020-02-05,813925.7276914909
2020-02-06,813297.6004059927
2020-02-07,808346.3426415687
2020-02-10,817117.6451575967
2020-02-11,822656.8771001053
2020-02-12,826467.0749756696
2020-02-13,831796.9554571587
2020-02-14,831956.0131934941
2020-02-18,832472.0102042444
2020-02-19,839067.1632400181
2020-02-20,830444.7853987046
2020-02-21,815565.3603636506
2020-02-24,793376.3851495077
2020-02-25,773839.7548214498
2020-02-26,774529.1652787651
2020-02-27,754066.816639079
2020-02-28,757218.3963380537
2020-03-02,771889.6669079405
2020-03-03,755996.8809171907
2020-03-04,780211.9825654003
2020-03-05,759962.9888179234
2020-03-06,747154.7347503856
2020-03-09,702728.8908419142
2020-03-10,723907.3164235271
2020-03-11,714806.8642655147
2020-03-12,683822.1785197504
2020-03-13,699004.8765958953
2020-03-16,693461.9539884734
2020-03-17,696847.5161070037
2020-03-18,693899.8338255095
2020-03-19,694647.4346403289
2020-03-20,694423.1556181121
2020-03-23,696591.1943144011
2020-03-24,701482.6362699675
2020-03-25,699784.5161070037
2020-03-26,702849.6749662566
2020-03-27,701867.116921823
2020-03-30,703234.1556181121
2020-03-31,700692.314477365
2020-04-01,698748.5548032927
2020-04-02,698426.2714570017
2020-04-03,698426.2714570017
2020-04-06,698426.2714570017
2020-04-07,698426.2714570017
2020-04-08,698426.2714570017
2020-04-09,698426.2714570017
2020-04-13,698426.2714570017
2020-04-14,698426.2714570017
2020-04-15,698426.2714570017
2020-04-16,698426.2714570017
2020-04-17,698426.2714570017
2020-04-20,698426.2714570017
2020-04-21,698426.2714570017
2020-04-22,698426.2714570017
2020-04-23,698426.2714570017
2020-04-24,698426.2714570017
2020-04-27,698426.2714570017
2020-04-28,698426.2714570017
2020-04-29,698426.2714570017
2020-04-30,698426.2714570017
2020-05-01,698426.2714570017
2020-05-04,698426.2714570017
2020-05-05,698426.2714570017
2020-05-06,698426.2714570017
2020-05-07,698426.2714570017
2020-05-08,698426.2714570017
2020-05-11,698426.2714570017
2020-05-12,698426.2714570017
2020-05-13,698426.2714570017
2020-05-14,698426.2714570017
2020-05-15,698426.2714570017
2020-05-18,698426.2714570017
2020-05-19,698426.2714570017
2020-05-20,698426.2714570017
2020-05-21,698426.2714570017
2020-05-22,698426.2714570017
2020-05-26,698426.2714570017
2020-05-27,698426.2714570017
2020-05-28,698426.2714570017
2020-05-29,698426.2714570017
2020-06-01,698426.2714570017
2020-06-02,699558.8195130343
2020-06-03,697280.5076704166
2020-06-04,696849.2890521663
2020-06-05,704437.105192884
2020-06-08,705546.3065893062
2020-06-09,705759.3892416587
2020-06-10,708343.227618516
2020-06-11,686056.7721741027
2020-06-12,689395.3243939042
2020-06-15,694760.101315905
2020-06-16,698267.1016789945
2020-06-17,700268.5638216406
2020-06-18,698754.9724013517
2020-06-19,703273.3757578613
2020-06-22,703306.3325820239
2020-06-23,703518.9281685508
2020-06-24,693744.5779722086
2020-06-25,696775.6722161295
2020-06-26,690578.7106250665
2020-06-29,694091.6692919988
2020-06-30,703000.1964292902
2020-07-01,701637.4883873535
2020-07-02,706290.5857093848
2020-07-06,715194.0686787658
2020-07-07,715145.5810302454
2020-07-08,721230.7830836
2020-07-09,726464.6452663433
2020-07-10,722508.4534508755
2020-07-13,707648.128994607
2020-07-14,717613.3268877352
2020-07-15,716564.4463612419
2020-07-16,714191.9331136735
2020-07-17,720532.4157104002
2020-07-20,730399.463872476
2020-07-21,725885.5318999779
2020-07-22,731221.6829307987
2020-07-23,724064.3116884262
2020-07-24,720145.5159380581
2020-07-27,729505.2145431812
2020-07-28,721364.7979382039
2020-07-29,733253.4249059361
2020-07-30,742184.8505684705
2020-07-31,748367.7417788128
2020-08-03,758419.3203669256
2020-08-04,763576.6376274053
2020-08-05,765462.5045032749
2020-08-06,767855.456110597
2020-08-07,761557.9102840503
2020-08-10,753689.4138332416
2020-08-11,738442.98499219
2020-08-12,754360.3619947274
2020-08-13,757642.4112183818
2020-08-14,754761.8192262439
2020-08-17,763163.7367804518
2020-08-18,761720.8105480025
2020-08-19,759780.6356325647
2020-08-20,761596.6951852822
2020-08-21,766052.4824588278
2020-08-24,768041.4985174666
2020-08-25,772214.1688776013
2020-08-26,773782.877100548
2020-08-27,768058.9680074116
2020-08-28,772325.3936380594
2020-08-31,778982.5792196237
2020-09-01,786124.3248013372
2020-09-02,794640.9567058823
2020-09-03,756226.8319725179
2020-09-04,744520.188972037
2020-09-08,721660.8859891111
2020-09-09,740917.0969436577
2020-09-10,730936.4975490241
2020-09-11,727065.3363897842
2020-09-14,734427.7351019715
2020-09-15,740063.2376051978
2020-09-16,732549.5118738103
2020-09-17,729167.1717125665
2020-09-18,724273.5737847534
2020-09-21,728779.2404098867
2020-09-22,733430.7245915513
2020-09-23,721885.3383590345
2020-09-24,723546.7264678916
2020-09-25,732567.5036120198
2020-09-28,738365.2003417087
2020-09-29,741362.559897746
2020-09-30,743741.4750807526
2020-10-01,750801.8720593047
2020-10-02,738946.2753965363
2020-10-05,756234.8613487157
2020-10-06,744461.1066356115
2020-10-07,759010.1370597172
2020-10-08,757296.984823937
2020-10-09,763154.1125206979
2020-10-12,773578.3760062105
2020-10-13,776557.4462040022
2020-10-14,770313.4223578505
2020-10-15,768567.9217607954
2020-10-16,766453.4776517942
2020-10-19,758879.6303103963
2020-10-20,758502.5661952446
2020-10-21,750218.8440103647
2020-10-22,747687.2719145449
2020-10-23,753442.2360827273
2020-10-26,749606.3386593671
2020-10-27,747332.039524455
2020-10-28,726076.5618998636
2020-10-29,735543.1748889226
2020-10-30,716149.6104573014
2020-11-02,717110.7651393774
2020-11-03,725194.2114752508
2020-11-04,748133.4860901019
2020-11-05,763410.5124845359
2020-11-06,766599.2814409743
2020-11-09,734997.2260060551
2020-11-10,724216.7780813376
2020-11-11,740817.3857357722
2020-11-12,736197.0441505269
2020-11-13,737817.1946445635
2020-11-16,741748.1939237764
2020-11-17,742533.4241404717
2020-11-18,735017.2835030502
2020-11-19,746556.7103960013
2020-11-20,744030.4558544214
2020-11-23,746655.427149109
2020-11-24,745902.8957015922
2020-11-25,752437.0202570991
2020-11-27,758529.1762220972
2020-11-30,764509.864657325
2020-12-01,766972.3629100651
2020-12-02,763545.494732872
2020-12-03,760480.0511072243
2020-12-04,761816.3413027627
2020-12-07,768647.2307095245
2020-12-08,772253.766917763
2020-12-09,759880.6172518488
2020-12-10,763472.55389202
2020-12-11,763843.8794347078
2020-12-14,767650.8626284164
2020-12-15,777252.4250702078
2020-12-16,782971.2114470381
2020-12-17,790657.9434465865
2020-12-18,788638.5259969964
2020-12-21,785797.4489802322
2020-12-22,792255.9630544167
2020-12-23,785493.5162760245
2020-12-24,786357.7273505959
2020-12-28,781859.2449835375
2020-12-29,778106.9200399873
2020-12-30,782324.883029335
2020-12-31,780198.5021792492
2021-01-04,775694.0766108751
2021-01-05,785100.5779225699
2021-01-06,779241.0625335233
2021-01-07,798637.6571400956
2021-01-08,808701.4462120307
2021-01-11,804685.5690888936
2021-01-12,811779.8848608606
2021-01-13,810895.8105223064
2021-01-14,804502.1933533357
2021-01-15,796517.4234734264
2021-01-19,807242.2712000926
2021-01-20,811349.3568235291
2021-01-21,816513.5849153129
2021-01-22,816537.7310334285
2021-01-25,817270.3061469672
2021-01-26,811990.0371692164
2021-01-27,787366.1129113898
2021-01-28,795566.6423388589
2021-01-29,785011.7725138468
2021-02-01,799317.2009976773
2021-02-02,810131.6920654592
2021-02-03,804236.8943088748
2021-02-04,819228.044623641
2021-02-05,823402.1539363825
2021-02-08,834160.5963475419
2021-02-09,833729.3308350175
2021-02-10,832091.0613461467
2021-02-11,839221.4665719098
2021-02-12,852402.4210354931
2021-02-16,847083.2496144146
2021-02-17,834721.330936273
2021-02-18,823832.6555552707
2021-02-19,833108.3520538085
2021-02-22,804952.4302912245
2021-02-23,795418.6762505529
2021-02-24,806563.7633512918
2021-02-25,780355.477800245
2021-02-26,794099.1829219515
2021-03-01,814892.7451180383
2021-03-02,798778.6508740518
2021-03-03,766609.2764119994
2021-03-04,747686.4366912541
2021-03-05,751059.9219193781
2021-03-08,728382.8540222532
2021-03-09,749432.1315445967
2021-03-10,749601.8455066886
2021-03-11,763783.3594085049
2021-03-12,761174.5967403367
2021-03-15,765530.6760923256
2021-03-16,763580.3599738046
2021-03-17,764669.2611333352
2021-03-18,751757.6332812693
2021-03-19,754496.7743010462
2021-03-22,760021.4620118063
2021-03-23,756196.4729621363
2021-03-24,744782.6836347462
2021-03-25,744106.3199391838
2021-03-26,749800.7308505748
2021-03-29,746391.2462276814
2021-03-30,745399.4673973325
2021-03-31,751961.4569969152
2021-04-01,759697.9149990603
2021-04-05,745166.8935694662
2021-04-06,752141.045351765
2021-04-07,749204.311647697
2021-04-08,754858.0738459
2021-04-09,756111.4480078906
2021-04-12,752966.5476188002
2021-04-13,757697.7436744584
2021-04-14,756125.2803557151
2021-04-15,756822.7688491805
2021-04-16,757597.5262248322
2021-04-19,748427.7353601657
2021-04-20,740774.0014422728
2021-04-21,748467.4489945401
2021-04-22,746899.5407913593
2021-04-23,755846.2795878834
2021-04-26,754231.623750919
2021-04-27,757255.9522290466
2021-04-28,756090.2931136847
2021-04-29,755956.8800904895
2021-04-30,751584.4159263213
2021-05-03,748909.4662131474
2021-05-04,745187.6820220166
2021-05-05,749711.4275407221
2021-05-06,737628.265236788
2021-05-07,751891.0155734157
2021-05-10,739746.9460498191
2021-05-11,731283.7959329522
2021-05-12,713890.4716176797
2021-05-13,716855.8534492038
2021-05-14,728485.7800417435
2021-05-17,731064.2169493275
2021-05-18,728996.5749524976
2021-05-19,720291.7827006076
2021-05-20,722760.5741666084
2021-05-21,722122.2600486629
2021-05-24,725356.4440226544
2021-05-25,724354.7606279984
2021-05-26,729626.2911935616
2021-05-27,735284.5805915351
2021-05-28,734181.6873722698
2021-06-01,735736.0124258555
2021-06-02,732882.5048404454
2021-06-03,726581.9320404385
2021-06-04,727602.5039279186
2021-06-07,731805.5799885568
2021-06-08,736863.0814541796
2021-06-09,728124.5926444429
2021-06-10,724250.8042866599
2021-06-11,728286.1447130317
2021-06-14,721797.9598769434
2021-06-15,719723.5871805421
2021-06-16,721447.9774209457
2021-06-17,710532.6392468245
2021-06-18,704513.962778117
2021-06-21,711392.4850619519
2021-06-22,716333.6721153753
2021-06-23,720914.4805836716
2021-06-24,723714.9677453489
2021-06-25,724353.9840529773
2021-06-28,727800.3949760068
2021-06-29,727729.7436093583
2021-06-30,732300.44880517
2021-07-01,730183.154458004
2021-07-02,728341.4652291562
2021-07-06,718233.0247205549
2021-07-07,714234.3991894387
2021-07-08,709379.0547325085
2021-07-09,725420.3223255106
2021-07-12,734912.1492947963
2021-07-13,726417.5953530221
2021-07-14,717142.9425254791
2021-07-15,714293.8052425231
2021-07-16,704003.5486355409
2021-07-19,695474.4752522637
2021-07-20,704184.6279998467
2021-07-21,709785.2682995994
2021-07-22,708477.7808397702
2021-07-23,708651.2711750818
2021-07-26,711498.1509831895
2021-07-27,709419.8266181858
2021-07-28,709110.5339537001
2021-07-29,712344.0586838654
2021-07-30,710810.3386133807
2021-08-02,707905.8384864677
2021-08-03,717477.3565392492
2021-08-04,713927.3872163808
2021-08-05,717504.202563226
2021-08-06,721581.4655143245
2021-08-09,730363.4018514013
2021-08-10,735015.589523161
2021-08-11,733595.3894281243
2021-08-12,736918.9011523654
2021-08-13,731339.4348686651
2021-08-16,724430.8912499868
2021-08-17,713757.1413052552
2021-08-18,712746.1978370781
2021-08-19,707389.6658050576
2021-08-20,712394.3613204116
2021-08-23,726556.0651984372
2021-08-24,732275.8271625756
2021-08-25,735463.3922048775
2021-08-26,731088.8931337983
2021-08-27,738540.9808981819
2021-08-30,733182.0865048349
2021-08-31,730326.2653199169
2021-09-01,727405.3029066245
2021-09-02,730006.3101632422
2021-09-03,730517.6974609989
2021-09-07,730742.6257580873
2021-09-08,722954.3128087232
2021-09-09,729582.2716241011
2021-09-10,727995.5991478956
2021-09-13,725138.5888685252
2021-09-14,721470.9869573265
2021-09-15,731813.4488541607
2021-09-16,735795.487732134
2021-09-17,731115.5673765894
2021-09-20,714142.3969159292
2021-09-21,715497.0570089865
2021-09-22,725762.4314002201
2021-09-23,739852.595430207
2021-09-24,739414.5086359131
2021-09-27,742053.7224695949
2021-09-28,728962.3988148994
2021-09-29,726918.5093253774
2021-09-30,720547.0521457244
2021-10-01,722331.176361888
2021-10-04,719528.414604452
2021-10-05,731102.566426093
2021-10-06,721485.0798585183
2021-10-07,725529.8246607813
2021-10-08,727897.2822711441
2021-10-11,725223.3847336101
2021-10-12,725467.9247927909
2021-10-13,726676.1344933247
2021-10-14,734651.2277244452
2021-10-15,734949.2972942515
2021-10-18,741299.7834060236
2021-10-19,743317.8056400309
2021-10-20,748054.5216758988
2021-10-21,742960.8770963184
2021-10-22,749630.2638861334
2021-10-25,756072.3270259309
2021-10-26,757672.8038487172
2021-10-27,739293.2547927359
2021-10-28,748295.8713795905
2021-10-29,749664.6738914944
2021-11-01,758568.8642748578
2021-11-02,763914.6992068823
2021-11-03,763884.7486091835
2021-11-04,760919.9913651003
2021-11-05,761680.2168603541
2021-11-08,767368.2629683869
2021-11-09,764632.5708558725
2021-11-10,748841.1490268536
2021-11-11,754282.8189206128
2021-11-12,755633.7184290456
2021-11-15,755126.576764441
2021-11-16,755833.8392350383
2021-11-17,747189.4364957561
2021-11-18,752099.4402227496
2021-11-19,738918.8085717928
2021-11-22,739832.9308351092
2021-11-23,748356.636992609
2021-11-24,753098.3637137028
2021-11-26,736303.9567912505
2021-11-29,744853.9994564232
2021-11-30,730824.5027748066
2021-12-01,718846.8672078134
2021-12-02,731454.981946582
2021-12-03,721461.3127160409
2021-12-06,718892.7878050794
2021-12-07,739180.7397482174
2021-12-08,737788.8151150607
2021-12-09,729371.6305550298
2021-12-10,737189.5723745305
2021-12-13,723566.4908511123
2021-12-14,719058.3112839019
2021-12-15,720557.7648504906
2021-12-16,717686.9750495164
2021-12-17,713283.7976315661
2021-12-20,702040.7551011804
2021-12-21,715712.3159438064
2021-12-22,720995.5800704145
2021-12-23,721832.9795210507
2021-12-27,734667.3549505764
2021-12-28,731286.1970402868
2021-12-29,731307.3357528253
2021-12-30,728019.9847289431
2021-12-31,728856.4423940709
2022-01-03,731566.7131118057
2022-01-04,740925.8100740914
2022-01-05,724302.9946473362
2022-01-06,730112.4377498319
2022-01-07,724983.7739879235
2022-01-10,724422.7212415684
2022-01-11,728885.750702602
2022-01-12,731052.3234458315
2022-01-13,721656.3349705175
2022-01-14,721023.4196366743
2022-01-18,714097.6055341897
2022-01-19,709166.5717050238
2022-01-20,703601.1694313406
2022-01-21,689583.3255893254
2022-01-24,694872.4462672418
2022-01-25,699450.7916827814
2022-01-26,700514.4923582211
2022-01-27,700563.4012325977
2022-01-28,702605.0176533542
2022-01-31,703581.9850531908
2022-02-01,710072.9373576255
2022-02-02,715518.1451673028
2022-02-03,702973.4040010346
2022-02-04,706847.276188627
2022-02-07,706241.4316596205
2022-02-08,705246.7278715153
2022-02-09,719364.2429530207
2022-02-10,715320.7341010668
2022-02-11,710450.3027670372
2022-02-14,702706.7112644897
2022-02-15,708795.8652074742
2022-02-16,714643.4077780638
2022-02-17,707341.7890064962
2022-02-18,704217.1494713121
2022-02-22,692511.3672485212
2022-02-23,689320.1755224335
2022-02-24,693589.3638838817
2022-02-25,704461.3323733897
2022-02-28,715778.2950832506
2022-03-01,711872.0203108797
2022-03-02,716174.776968006
2022-03-03,716174.776968006
2022-03-04,716174.776968006
2022-03-07,716174.776968006
2022-03-08,716174.776968006
2022-03-09,716174.776968006
2022-03-10,716174.776968006
2022-03-11,716174.776968006
2022-03-14,716174.776968006
2022-03-15,716174.776968006
2022-03-16,716174.776968006
2022-03-17,716174.776968006
2022-03-18,716174.776968006
2022-03-21,716174.776968006
2022-03-22,716174.776968006
2022-03-23,716174.776968006
2022-03-24,716174.776968006
2022-03-25,716174.776968006
2022-03-28,716174.776968006
2022-03-29,716174.776968006
2022-03-30,716174.776968006
2022-03-31,716174.776968006
2022-04-01,716174.776968006
2022-04-04,714642.3520566159
2022-04-05,702912.1926324234
2022-04-06,698286.5161355846
2022-04-07,707751.8559085807
2022-04-08,724007.3996461892
2022-04-11,710071.7594291153
2022-04-12,721461.3065303412
2022-04-13,727517.4783286622
2022-04-14,726793.7866517628
2022-04-18,734231.5983457797
2022-04-19,730452.9054736956
2022-04-20,732135.7252767596
2022-04-21,712742.7519165891
2022-04-22,693829.8323522304
2022-04-25,679068.0777072774
2022-04-26,679619.2950183789
2022-04-27,683059.34707992
2022-04-28,687636.2239933689
2022-04-29,681892.5889736923
2022-05-02,682482.0661148578
2022-05-03,680730.3591754624
2022-05-04,680730.3591754624
2022-05-05,680730.3591754624
2022-05-06,680730.3591754624
2022-05-09,680730.3591754624
2022-05-10,680730.3591754624
2022-05-11,680730.3591754624
2022-05-12,680730.3591754624
2022-05-13,680730.3591754624
2022-05-16,680730.3591754624
2022-05-17,680730.3591754624
2022-05-18,680730.3591754624
2022-05-19,680730.3591754624
2022-05-20,680730.3591754624
2022-05-23,680730.3591754624
2022-05-24,680730.3591754624
2022-05-25,680730.3591754624
2022-05-26,680730.3591754624
2022-05-27,680730.3591754624
2022-05-31,680730.3591754624
2022-06-01,680730.3591754624
2022-06-02,680730.3591754624
2022-06-03,680730.3591754624
2022-06-06,680730.3591754624
2022-06-07,680730.3591754624
2022-06-08,680730.3591754624
2022-06-09,680730.3591754624
2022-06-10,680730.3591754624
2022-06-13,680730.3591754624
2022-06-14,680730.3591754624
2022-06-15,680730.3591754624
2022-06-16,680730.3591754624
2022-06-17,680730.3591754624
2022-06-21,680730.3591754624
2022-06-22,680730.3591754624
2022-06-23,680730.3591754624
2022-06-24,680730.3591754624
2022-06-27,680730.3591754624
2022-06-28,680730.3591754624
2022-06-29,680730.3591754624
2022-06-30,680730.3591754624
2022-07-01,680730.3591754624
2022-07-05,680730.3591754624
2022-07-06,680730.3591754624
2022-07-07,680730.3591754624
2022-07-08,680730.3591754624
2022-07-11,680730.3591754624
2022-07-12,680730.3591754624
2022-07-13,680730.3591754624
2022-07-14,680730.3591754624
2022-07-15,680730.3591754624
2022-07-18,680730.3591754624
2022-07-19,680730.3591754624
2022-07-20,680730.3591754624
2022-07-21,680730.3591754624
2022-07-22,680730.3591754624
2022-07-25,680730.3591754624
2022-07-26,680730.3591754624
2022-07-27,680730.3591754624
2022-07-28,680730.3591754624
2022-07-29,680730.3591754624
2022-08-01,680730.3591754624
2022-08-02,680730.3591754624
2022-08-03,680730.3591754624
2022-08-04,680730.3591754624
2022-08-05,680730.3591754624
2022-08-08,680730.3591754624
2022-08-09,680730.3591754624
2022-08-10,680730.3591754624
2022-08-11,680730.3591754624
2022-08-12,680730.3591754624
2022-08-15,680730.3591754624
2022-08-16,680730.3591754624
2022-08-17,680730.3591754624
2022-08-18,680730.3591754624
2022-08-19,680730.3591754624
2022-08-22,680730.3591754624
2022-08-23,680730.3591754624
2022-08-24,680730.3591754624
2022-08-25,680730.3591754624
2022-08-26,680730.3591754624
2022-08-29,680730.3591754624
2022-08-30,680730.3591754624
2022-08-31,680730.3591754624
2022-09-01,680730.3591754624
2022-09-02,680730.3591754624
2022-09-06,680730.3591754624
2022-09-07,680730.3591754624
2022-09-08,680730.3591754624
2022-09-09,680730.3591754624
2022-09-12,680730.3591754624
2022-09-13,680730.3591754624
2022-09-14,680730.3591754624
2022-09-15,680730.3591754624
2022-09-16,680730.3591754624
2022-09-19,680730.3591754624
2022-09-20,680730.3591754624
2022-09-21,680730.3591754624
2022-09-22,680730.3591754624
2022-09-23,680730.3591754624
2022-09-26,680730.3591754624
2022-09-27,680730.3591754624
2022-09-28,680730.3591754624
2022-09-29,680730.3591754624
2022-09-30,680730.3591754624
2022-10-03,680730.3591754624
2022-10-04,680730.3591754624
2022-10-05,680730.3591754624
2022-10-06,680730.3591754624
2022-10-07,680730.3591754624
2022-10-10,680730.3591754624
2022-10-11,680730.3591754624
2022-10-12,680730.3591754624
2022-10-13,680730.3591754624
2022-10-14,680730.3591754624
2022-10-17,680730.3591754624
2022-10-18,680730.3591754624
2022-10-19,680730.3591754624
2022-10-20,680730.3591754624
2022-10-21,680730.3591754624
2022-10-24,680730.3591754624
2022-10-25,680730.3591754624
2022-10-26,680730.3591754624
2022-10-27,680730.3591754624
2022-10-28,680730.3591754624
2022-10-31,680730.3591754624
2022-11-01,680730.3591754624
2022-11-02,680730.3591754624
2022-11-03,680730.3591754624
2022-11-04,680730.3591754624
2022-11-07,680730.3591754624
2022-11-08,680730.3591754624
2022-11-09,680730.3591754624
2022-11-10,680730.3591754624
2022-11-11,680730.3591754624
2022-11-14,680730.3591754624
2022-11-15,680730.3591754624
2022-11-16,680730.3591754624
2022-11-17,680730.3591754624
2022-11-18,680730.3591754624
2022-11-21,680730.3591754624
2022-11-22,680730.3591754624
2022-11-23,680730.3591754624
2022-11-25,680730.3591754624
2022-11-28,680730.3591754624
2022-11-29,680730.3591754624
2022-11-30,680730.3591754624
2022-12-01,680730.3591754624
2022-12-02,681741.3234376479
2022-12-05,666871.9443365093
2022-12-06,656047.0419247852
2022-12-07,654473.3578703498
2022-12-08,652172.2993813365
2022-12-09,643516.2137065489
2022-12-12,645889.7030660633
2022-12-13,645366.6799639922
2022-12-14,643689.366389986
2022-12-15,642920.391561995
2022-12-16,643079.9381229184
2022-12-19,643474.9331850298
2022-12-20,643933.3574625964
2022-12-21,644775.4277608222
2022-12-22,644236.2598485746
2022-12-23,645243.4232402525
2022-12-27,645393.4468673973
2022-12-28,644613.9395215174
2022-12-29,644651.4884153118
2022-12-30,644982.5857560076
2023-01-03,643772.1189707362
2023-01-04,643133.4340788088
2023-01-05,643133.4340788088
2023-01-06,643133.4340788088
2023-01-09,643133.4340788088
2023-01-10,643133.4340788088
2023-01-11,643133.4340788088
2023-01-12,643133.4340788088
2023-01-13,643133.4340788088
2023-01-17,643133.4340788088
2023-01-18,643133.4340788088
2023-01-19,643133.4340788088
2023-01-20,643133.4340788088
2023-01-23,643133.4340788088
2023-01-24,643133.4340788088
2023-01-25,643133.4340788088
2023-01-26,643133.4340788088
2023-01-27,643133.4340788088
2023-01-30,643133.4340788088
2023-01-31,643133.4340788088
2023-02-01,643133.4340788088
2023-02-02,636221.4231481627
2023-02-03,634945.4495383797
2023-02-06,630811.1806219557
2023-02-07,640738.25844087
2023-02-08,638144.9039106136
2023-02-09,634510.177980133
2023-02-10,645626.5521435527
2023-02-13,645564.162727833
2023-02-14,646897.4575939486
2023-02-15,641270.1167644212
2023-02-16,640484.6062642832
2023-02-17,634130.9991387965
2023-02-21,631088.4948451313
2023-02-22,629748.3156062531
2023-02-23,631734.7840703347
2023-02-24,633458.2237658963
2023-02-27,633168.1952835624
2023-02-28,629438.1183966262
2023-03-01,635358.9271350229
2023-03-02,638191.4325951518
2023-03-03,646259.5105605631
2023-03-06,643792.9754391873
2023-03-07,638090.8069841554
2023-03-08,635570.2705836586
2023-03-09,629397.0112565329
2023-03-10,621410.373164566
2023-03-13,613577.2497792456
2023-03-14,619121.6075677191
2023-03-15,606364.7185618891
2023-03-16,607034.2837173466
2023-03-17,604305.4315562958
2023-03-20,607056.1741632904
2023-03-21,609038.1253151818
2023-03-22,607040.2387429099
2023-03-23,606634.0361852682
2023-03-24,606623.9062837446
2023-03-27,609380.6554696371
2023-03-28,611135.7880464789
2023-03-29,613281.8755470918
2023-03-30,613426.2511675351
2023-03-31,616167.1926667662
2023-04-03,613823.2125512618
2023-04-04,603461.049696997
2023-04-05,604048.4010368442
2023-04-06,603526.1311113613
2023-04-10,607046.3633418031
2023-04-11,607245.4513810704
2023-04-12,606106.3022619415
2023-04-13,609518.7485840173
2023-04-14,609091.1153265884
2023-04-17,609279.5729284694
2023-04-18,610921.6693321447
2023-04-19,609175.964613006
2023-04-20,611233.9919705985
2023-04-21,611435.205250212
2023-04-24,612710.1768578314
2023-04-25,608984.560789134
2023-04-26,605047.0409002731
2023-04-27,608755.2800830078
2023-04-28,608967.7020614599
2023-05-01,610291.2435291781
2023-05-02,605377.8641190338
2023-05-03,599779.0575761257
2023-05-04,596212.8389283322
2023-05-05,600977.941840171
2023-05-08,602963.341678784
2023-05-09,602752.9297218936
2023-05-10,604335.3913212536
2023-05-11,603401.0022146017
2023-05-12,602374.4050796538
2023-05-15,602819.947919495
2023-05-16,599686.7586758992
2023-05-17,602748.2784287249
2023-05-18,609116.7535936659
2023-05-19,607670.7507491078
2023-05-22,606153.8743135581
2023-05-23,599324.3017549801
2023-05-24,598352.9038951553
2023-05-25,602856.9298228746
2023-05-26,607996.5417688405
2023-05-30,609142.8615699399
2023-05-31,607422.2762712509
2023-06-01,611774.0267534499
2023-06-02,615225.1897125274
2023-06-05,615101.7254639918
2023-06-06,615068.1690737894
2023-06-07,611432.2948176087
2023-06-08,613778.4924767354
2023-06-09,616872.3591629607
2023-06-12,620287.2926186711
2023-06-13,622133.4212435525
2023-06-14,621921.1421709667
2023-06-15,624543.6917503617
2023-06-16,623911.5500154817
2023-06-20,624047.8001079385
2023-06-21,621888.5257847336
2023-06-22,621624.6961118707
2023-06-23,617316.1602885667
2023-06-26,615579.0244196826
2023-06-27,617842.5375264399
2023-06-28,619852.125661737
2023-06-29,621335.8118361777
2023-06-30,626602.1857145284
2023-07-03,625552.9039002432
2023-07-05,620927.9941754515
2023-07-06,616144.783161781
2023-07-07,618662.8114506471
2023-07-10,626518.9838750472
2023-07-11,627695.0939626916
2023-07-12,631321.8181616119
2023-07-13,635309.7943357218
2023-07-14,632826.2111681309
2023-07-17,639062.5134555883
2023-07-18,642177.1828360407
2023-07-19,638822.6003372408
2023-07-20,630401.8010161285
2023-07-21,628391.819128451
2023-07-24,627303.2433026128
2023-07-25,633517.7368143096
2023-07-26,629322.2740858853
2023-07-27,630740.3749138077
2023-07-28,633667.285597857
2023-07-31,635782.7442214008
2023-08-01,638482.8410902637
2023-08-02,631226.204080287
2023-08-03,632385.650098083
2023-08-04,628956.2336111205
2023-08-07,636090.3342676987
2023-08-08,630171.4109348893
2023-08-09,625736.3930996386
2023-08-10,628167.9842954394
2023-08-11,623846.5800047925
2023-08-14,627930.00582403
2023-08-15,621396.4060277105
2023-08-16,614991.8649129125
2023-08-17,608786.9638228433
2023-08-18,607875.1317518573
2023-08-21,609769.0026060075
2023-08-22,608778.6056775211
2023-08-23,613073.0973655035
2023-08-24,608978.3956327764
2023-08-25,610584.4996682077
2023-08-28,612867.8456470964
2023-08-29,617149.4942408329
2023-08-30,617262.1930187505
2023-08-31,617897.7585553909
2023-09-01,617568.1365354052
2023-09-05,613482.0120813749
2023-09-06,613837.0785642174
2023-09-07,611681.3365194467
2023-09-08,611419.1970634713
2023-09-11,614692.6127823895
2023-09-12,609223.366114806
2023-09-13,605535.1759927372
2023-09-14,610274.0020766724
2023-09-15,602079.7262247879
2023-09-18,603076.6822220767
2023-09-19,603323.6040025577
2023-09-20,597985.532512888
2023-09-21,590622.4654591588
2023-09-22,591001.5598191342
2023-09-25,590822.6851760487
2023-09-26,587781.5127532671
2023-09-27,589034.1383824676
2023-09-28,591159.329024646
2023-09-29,589485.7088201772
2023-10-02,590061.4163850108
2023-10-03,581841.4883006887
2023-10-04,587884.197235244
2023-10-05,587372.2156363128
2023-10-06,594341.2374388587
2023-10-09,595921.7451031189
2023-10-10,597935.6952443979
2023-10-11,602160.6033634824
2023-10-12,601598.2995027158
2023-10-13,595005.7904999608
2023-10-16,598081.3984212356
2023-10-17,599270.5270922921
2023-10-18,592706.4477575641
2023-10-19,592542.9025369412
2023-10-20,587772.7007374743
2023-10-23,590859.5359842123
2023-10-24,592052.5199651443
2023-10-25,582824.6047900507
2023-10-26,578165.4995945359
2023-10-27,578275.4284042034
2023-10-30,582807.5040317232
2023-10-31,583591.5608654281
2023-11-01,589848.811359416
2023-11-02,595749.7790931886
2023-11-03,603591.6336672506
2023-11-06,604650.7496258375
2023-11-07,609164.8277918935
2023-11-08,612186.6492315958
2023-11-09,610875.1333313317
2023-11-10,623284.9617452335
2023-11-13,623630.0689553163
2023-11-14,635381.6040841133
2023-11-15,632690.7083740056
2023-11-16,635126.9869038967
2023-11-17,637513.7370942016
2023-11-20,641786.2979211393
2023-11-21,638578.7043516461
2023-11-22,640745.2971428183
2023-11-24,640523.5630227375
2023-11-27,640499.1093885368
2023-11-28,638962.884707799
2023-11-29,638953.50867931
2023-11-30,639023.1287790869
2023-12-01,644557.8229485803
2023-12-04,640952.4000008509
2023-12-05,641368.3655652155
2023-12-06,639331.2139707605
2023-12-07,646597.9546457453
2023-12-08,652227.4235822211
2023-12-11,656629.232622159
2023-12-12,663107.9873356587
2023-12-13,665182.3771705173
2023-12-14,659803.3062607117
2023-12-15,662226.834403967
2023-12-18,665902.8488295365
2023-12-19,669189.9161148585
2023-12-20,662125.1671046905
2023-12-21,668871.7658906503
2023-12-22,668067.6926796867
2023-12-26,670594.9803992312
2023-12-27,672682.6715430898
2023-12-28,672881.2287660918
2023-12-29,671296.5188486406
2024-01-02,659282.5761039862
2024-01-03,653507.3601200395
2024-01-04,653155.5605449917
2024-01-05,656993.950917566
2024-01-08,668556.200682248
2024-01-09,671491.0768951912
2024-01-10,679516.4711161471
2024-01-11,681582.9036355927
2024-01-12,680239.134875234
2024-01-16,682882.5088449692
2024-01-17,682122.6708960398
2024-01-18,688560.6542343056
2024-01-19,698195.1461609661
2024-01-22,700404.2010685698
2024-01-23,694828.150989062
2024-01-24,697416.5608271115
2024-01-25,703592.9345773193
2024-01-26,697334.7881444328
2024-01-29,705411.9161082442
2024-01-30,702906.1549904865
2024-01-31,696609.0320312218
2024-02-01,704510.5944807051
2024-02-02,717680.309961503
2024-02-05,716549.4181981588
2024-02-06,711775.8586897631
2024-02-07,720825.6126786647
2024-02-08,725260.3024943513
2024-02-09,727200.3922292417
2024-02-12,724709.6260587204
2024-02-13,719135.4298928372
2024-02-14,733541.4297333782
2024-02-15,735707.7045104562
2024-02-16,726810.2981517778
2024-02-20,719808.5436316557
2024-02-21,706686.1788476753
2024-02-22,728449.5217173517
2024-02-23,728094.9506959065
2024-02-26,729137.8920469139
2024-02-27,730561.7350195599
2024-02-28,728394.7160621665
2024-02-29,737164.0618888116
2024-03-01,751144.4302913795
2024-03-04,752992.4856756757
2024-03-05,743534.7737497477
2024-03-06,747057.1509320167
2024-03-07,757478.2877104759
2024-03-08,747337.6049055118
2024-03-11,738084.2936757406
2024-03-12,750387.9292493684
2024-03-13,745056.9181392904
2024-03-14,735423.5468249043
2024-03-15,729310.4298364726
2024-03-18,733084.5927300553
2024-03-19,734123.9257099412
2024-03-20,742428.0360294196
2024-03-21,748847.9242653653
2024-03-22,749970.9923942134
2024-03-25,748028.7088151627
2024-03-26,745883.9060952032
2024-03-27,744682.1970942933
2024-03-28,743703.9989543088
2024-04-01,744016.6508160677
2024-04-02,738840.4430010077
2024-04-03,744078.5908897085
2024-04-04,729642.2962320996
2024-04-05,740233.2649427663
2024-04-08,736106.3133012305
2024-04-09,730238.4218848442
2024-04-10,721835.6494806778
2024-04-11,730122.4619839143
2024-04-12,721276.5858363612
2024-04-15,711623.8240153317
2024-04-16,713235.4941704138
2024-04-17,705798.9306906568
2024-04-18,706286.1644145561
2024-04-19,689931.9117415007
2024-04-22,695260.3021256706
2024-04-23,708349.4943440513
2024-04-24,705729.1187372826
2024-04-25,702643.8695640418
2024-04-26,706027.8642985161
2024-04-29,707316.200829453
2024-04-30,701336.9347745271
2024-05-01,696279.7639445752
2024-05-02,699528.7702736385
2024-05-03,709626.642249034
2024-05-06,725472.1676045891
2024-05-07,713046.6181294228
2024-05-08,714471.4370552978
2024-05-09,717885.7357220476
2024-05-10,719285.2834612016
2024-05-13,716546.8481176074
2024-05-14,723370.8365392424
2024-05-15,741017.0349029314
2024-05-16,733274.2715497882
2024-05-17,729145.3663010404
2024-05-20,735558.6719372357
2024-05-21,736716.5708126472
2024-05-22,732799.6418449748
2024-05-23,731886.9218233802
2024-05-24,744843.3662230779
2024-05-28,747656.5280408511
2024-05-29,740376.5072307129
2024-05-30,736540.353933377
2024-05-31,730868.9798715727
2024-06-03,728708.9272785046
2024-06-04,724162.9920723198
2024-06-05,735464.0137623956
2024-06-06,727566.3052714923
2024-06-07,726718.5758442505
2024-06-10,733135.7353687122
2024-06-11,731415.5992946547
2024-06-12,735512.4088943066
2024-06-13,739045.5652436966
2024-06-14,733601.2822181
2024-06-17,739161.0781146579
2024-06-18,745519.5511976493
2024-06-20,741427.3799290322
2024-06-21,737949.5170700268
2024-06-24,732258.7227568558
2024-06-25,737774.5052168204
2024-06-26,732322.3274372409
2024-06-27,733246.0546212735
2024-06-28,728999.0560685847
2024-07-01,728946.1486821513
2024-07-02,732879.4702632346
2024-07-03,740444.3700328966
2024-07-05,736103.6925668592
2024-07-08,743977.1581530687
2024-07-09,743653.0741845946
2024-07-10,748085.2982827902
2024-07-11,739641.6123490738
2024-07-12,744219.6498579809
2024-07-15,739859.657434892
2024-07-16,737064.5573945431
2024-07-17,710057.3907536637
2024-07-18,708122.4614477495
2024-07-19,702246.4270282392
2024-07-22,710861.0022484469
2024-07-23,713472.5610622349
2024-07-24,695206.46563076
2024-07-25,690475.3950249563
2024-07-26,693994.0992405487
2024-07-29,693482.7793322189
2024-07-30,685952.7058625073
2024-07-31,698172.905287629
2024-08-01,694023.8827181639
2024-08-02,682768.1203125066
2024-08-05,674844.4061209316
2024-08-06,688459.9054813795
2024-08-07,678431.4372939814
2024-08-08,698599.6418449269
2024-08-09,703614.95283303
2024-08-12,703222.8831656359
2024-08-13,715446.8186192659
2024-08-14,719318.9267467994
2024-08-15,726404.7441760681
2024-08-16,725773.8631021192
2024-08-19,730507.0521407746
2024-08-20,727920.1736623439
2024-08-21,732948.8218291687
2024-08-22,727971.7216845668
2024-08-23,735343.4342120871
2024-08-26,729464.2779552162
2024-08-27,731640.2860184221
2024-08-28,725532.5746323201
2024-08-29,726696.3212926829
2024-08-30,734509.0793113129
2024-09-03,707191.3435039829
2024-09-04,707426.6270251034
2024-09-05,703608.750878122
2024-09-06,689083.5336060433
2024-09-09,698623.0271133166
2024-09-10,703530.5690816159
2024-09-11,715907.0453908254
2024-09-12,723237.1584793675
2024-09-13,732247.5733808529
2024-09-16,736169.1626343544
2024-09-17,736413.0265913012
2024-09-18,737556.3483204141
2024-09-19,747953.0525972823
2024-09-20,767974.585192865
2024-09-23,773041.0055636286
2024-09-24,774336.8987773447
2024-09-25,780667.5288565443
2024-09-26,776410.3264709532
2024-09-27,775681.3148221321
2024-09-30,778985.9495402016
2024-10-01,778191.4873649456
2024-10-02,785115.8448287293
2024-10-03,793200.1216689456
2024-10-04,803370.5777312244
2024-10-07,796982.7492538614
2024-10-08,803499.7912720032
2024-10-09,803385.723054419
2024-10-10,801295.5759766133
2024-10-11,807296.2046985565
2024-10-14,814068.2327104795
2024-10-15,801746.0268464641
2024-10-16,812828.7443751601
2024-10-17,808476.1525852213
2024-10-18,809940.7057318096
2024-10-21,811601.9034606015
2024-10-22,801430.7554945458
2024-10-23,800387.2757071062
2024-10-24,802474.4665626478
2024-10-25,802352.2494692949
2024-10-28,803835.0350239818
2024-10-29,806136.218783809
2024-10-30,801514.1505992733
2024-10-31,786527.7110530266
2024-11-01,782399.3282789583
2024-11-04,776893.0721394409
2024-11-05,800062.8401147085
2024-11-06,822221.2677570841
2024-11-07,832365.4749531217
2024-11-08,844027.7946552216
2024-11-11,848849.1560108531
2024-11-12,843914.8781998401
2024-11-13,843321.4085346686
2024-11-14,833808.2903888986
2024-11-15,838337.428662088
2024-11-18,838535.1035360545
2024-11-19,850035.0758239031
2024-11-20,851013.3567084551
2024-11-21,864584.9103695663
2024-11-22,865944.9504275997
2024-11-25,858839.3834849534
2024-11-26,876489.5316041171
2024-11-27,864633.678431746
2024-11-29,874163.6535078216
2024-12-02,866183.6213122167
2024-12-03,872154.2941632852
2024-12-04,875848.0014660944
2024-12-05,876582.2055777992
2024-12-06,881819.109557268
2024-12-09,855271.7658174202
2024-12-10,843196.1088631477
2024-12-11,855843.4406687615
2024-12-12,851826.5342791612
2024-12-13,862467.3183193863
2024-12-16,867390.6963722489
2024-12-17,855047.5916800352
2024-12-18,829533.1333426413
2024-12-19,835812.5481867592
2024-12-20,851648.850167029
2024-12-23,858385.3003534751
2024-12-24,867310.7097865789
2024-12-26,867271.2444729459
2024-12-27,856398.0538592545
2024-12-30,851476.1932814507
2024-12-31,843797.338558511
2025-01-02,855738.5635891337
2025-01-03,876262.099363927
2025-01-06,875826.3270404048
2025-01-07,862634.8067411043
2025-01-08,864412.7153548222
2025-01-10,873536.1131251461
2025-01-13,863515.173222856
2025-01-14,878822.4215898586
2025-01-15,894446.0438007312
2025-01-16,903462.4941779674
2025-01-17,910541.6599774935
2025-01-21,928937.0137234268
2025-01-22,933541.0259939064
2025-01-23,943880.1450831302
2025-01-24,938185.3219989131
2025-01-27,873035.2837897645
2025-01-28,901294.7947864846
2025-01-29,906060.8832114384
2025-01-30,928077.0104393502
2025-01-31,916829.3335591797
2025-02-03,917991.8825373005
2025-02-04,935068.5768370201
2025-02-05,944714.4834046492
2025-02-06,951041.7146842043
2025-02-07,944998.3268033579
2025-02-10,957264.5735186589
2025-02-11,945753.4269809696
2025-02-12,945646.3884064207
2025-02-13,949351.028497361
2025-02-14,959691.2533476561
2025-02-18,973557.8104897399
2025-02-19,954359.898453392
2025-02-20,933219.4107276751
2025-02-21,901960.4508119109
2025-02-24,878954.0322347932
2025-02-25,869265.4270537145
2025-02-26,890893.3349250822
2025-02-27,861970.3114213435
2025-02-28,873381.0813654551
2025-03-03,849737.7710283196
2025-03-04,840699.9329950911
2025-03-05,849157.7532172274
2025-03-06,810224.4679082681
2025-03-07,818303.726459578
2025-03-10,790539.6087754288
2025-03-11,802069.3535418032
2025-03-12,821124.405754858
2025-03-13,802493.254680367
2025-03-14,826165.5421038053
2025-03-17,835188.3174509566
2025-03-18,822847.5476981893
2025-03-19,840483.2537314773
2025-03-20,841758.0294538559
2025-03-21,841235.6784351605
2025-03-24,862852.1042788296
2025-03-25,862528.8226916082
2025-03-26,844944.3400847331
2025-03-27,833288.0420148239
2025-03-28,820592.0105300989
2025-03-31,819116.201382819
2025-04-01,829057.0014759302
2025-04-02,817002.9065226716
2025-04-03,817002.9065226716
2025-04-04,817002.9065226716
2025-04-07,817002.9065226716
2025-04-08,817002.9065226716
2025-04-09,817002.9065226716
2025-04-10,817002.9065226716
2025-04-11,817002.9065226716
2025-04-14,817002.9065226716
2025-04-15,817002.9065226716
2025-04-16,817002.9065226716
2025-04-17,817002.9065226716
2025-04-21,817002.9065226716
2025-04-22,817002.9065226716
2025-04-23,817002.9065226716
2025-04-24,817002.9065226716
2025-04-25,817002.9065226716
2025-04-28,817002.9065226716
2025-04-29,817002.9065226716
2025-04-30,817002.9065226716
2025-05-01,817002.9065226716
2025-05-02,817002.9065226716
2025-05-05,817002.9065226716
2025-05-06,817002.9065226716
2025-05-07,817002.9065226716
2025-05-08,817002.9065226716
2025-05-09,817002.9065226716
2025-05-12,817002.9065226716
2025-05-13,817002.9065226716
2025-05-14,817002.9065226716
2025-05-15,817002.9065226716
2025-05-16,817002.9065226716
2025-05-19,817002.9065226716
2025-05-20,817002.9065226716
2025-05-21,817002.9065226716
2025-05-22,817002.9065226716
2025-05-23,817002.9065226716
2025-05-27,817002.9065226716
2025-05-28,817002.9065226716
2025-05-29,817002.9065226716
2025-05-30,817002.9065226716
2025-06-02,817002.9065226716
2025-06-03,816910.1339936056
2025-06-04,814172.3431568495
2025-06-05,809246.6676767648
2025-06-06,815860.3638116972
2025-06-09,811674.4701828223
2025-06-10,806085.4849615335
2025-06-11,811760.0045077176
2025-06-12,813642.0398011539
2025-06-13,810826.3067848928
2025-06-16,814643.7630339814
2025-06-17,812063.5221622303
2025-06-18,810739.353554599
2025-06-20,812094.2117374341
2025-06-23,818591.1616541698
2025-06-24,824714.9024734366
2025-06-25,817369.6119429067
2025-06-26,824431.246668599
2025-06-27,831169.1187321179
2025-06-30,837455.2633183888
2025-07-01,825128.4634219554
2025-07-02,822748.0380144697
2025-07-03,834079.6934227452
2025-07-07,838646.1437086458
2025-07-08,833208.7051205807
2025-07-09,841124.913468458
2025-07-10,834174.5884481143
2025-07-11,830755.183368601
2025-07-14,842394.8738540807
2025-07-15,838616.3379840114
2025-07-16,837596.486754539
2025-07-17,842174.3524852569
2025-07-18,848575.667007334
2025-07-21,849081.3212851116
2025-07-22,841620.2344326337
2025-07-23,856295.7558588285
2025-07-24,852983.2822443235
2025-07-25,859858.3035473779
2025-07-28,859593.7713702883
2025-07-29,857123.5217621222
2025-07-30,865942.5625965093
2025-07-31,861207.9201386555
2025-08-01,856472.1166799577
2025-08-04,868864.5567855856
2025-08-05,870259.3700973543
2025-08-06,870438.1866689593
2025-08-07,861658.2579691466
2025-08-08,859953.7419513182
2025-08-11,855526.5905431894
2025-08-12,866933.2710804881
2025-08-13,857100.2141585369
2025-08-14,842917.3028349675
2025-08-15,840367.0909575198
2025-08-18,845213.5768763472
2025-08-19,827770.238722638
2025-08-20,825753.5348326407
2025-08-21,823876.0737880468
2025-08-22,829488.9057698747
2025-08-25,827686.9663535167
2025-08-26,837312.476137282
2025-08-27,836508.7868052153
2025-08-28,843127.674419356
2025-08-29,831755.8260266265
2025-09-02,826760.0444232387
2025-09-03,828998.1573890543
2025-09-04,836365.5970057308
2025-09-05,833106.1085839862
2025-09-08,840207.5943888169
2025-09-09,845771.2577216435
2025-09-10,879876.5428210831
2025-09-11,872931.5860319252
2025-09-12,873197.7813392672
2025-09-15,879382.104910745
2025-09-16,874800.9721152396
2025-09-17,870710.9216353331
2025-09-18,879597.9933704891
2025-09-19,886817.1650013587
2025-09-22,894773.5318055634
2025-09-23,890002.1054784238
2025-09-24,878276.5962853971
2025-09-25,867938.8899011192
2025-09-26,871531.2325746493
2025-09-29,872480.8156047254
2025-09-30,873810.9310005117
2025-10-01,876840.0888373108
2025-10-02,881360.3345509247
2025-10-03,873758.9116626241
2025-10-06,871836.5627445441
2025-10-07,872929.7223689919
2025-10-08,883878.8906907936
2025-10-09,883649.5312313715
2025-10-10,856782.5698844311
2025-10-13,876457.8733167214
2025-10-14,873237.3994388845
2025-10-15,870538.4865677605
2025-10-16,864418.53636989
2025-10-17,860541.9740980504
2025-10-20,865372.589129876
2025-10-21,864065.4408660171
2025-10-22,852776.1327455647
2025-10-23,863488.6353459487
2025-10-24,867674.5093598039
2025-10-27,874388.7836628868
2025-10-28,869781.1149875245
2025-10-29,877381.4622596187
2025-10-30,868408.9629814817
2025-10-31,871301.2469694247
2025-11-03,871386.1815260845
2025-11-04,853792.2881876106
2025-11-05,867615.9901648832
2025-11-06,843696.3761898141
2025-11-07,850483.7555738126
2025-11-10,867241.462374027
2025-11-11,855151.6966940243
2025-11-12,851627.0541647087
2025-11-13,827215.5459332129
2025-11-14,828327.210718896
2025-11-17,825658.1316852609
2025-11-18,821315.8073235148
2025-11-19,830239.2956384642
2025-11-20,807837.1643877917
2025-11-21,807161.1386880165
2025-11-24,825947.3733318148
2025-11-25,829691.7604658769
2025-11-26,840181.0931430985
2025-11-28,844230.2109521551
2025-12-01,836054.176290201
2025-12-02,836839.095735079
2025-12-03,839339.1248806516
2025-12-04,846751.8351682799
2025-12-05,853728.7195990671
2025-12-08,863021.6979629665
2025-12-09,866427.7476272695
2025-12-10,887527.5442238317
2025-12-11,887520.8797726589
2025-12-12,858378.1012292943
2025-12-15,854022.3485736292
2025-12-16,854636.1589259245
2025-12-17,829086.0313279607
2025-12-18,851563.017636635
2025-12-19,868568.367355636
2025-12-22,873236.1988013118
2025-12-23,876720.5823433147
2025-12-24,882732.6356462454
2025-12-26,881404.4703019803
2025-12-29,877860.7501156662
2025-12-30,873184.140755359
2025-12-31,864500.0624943894
2026-01-02,885137.9886978292
2026-01-05,892480.9085315411
2026-01-06,918702.9717090594
2026-01-07,903620.4560667705
2026-01-08,880479.4410159088
2026-01-09,909161.3754727975
2026-01-12,920637.6116945721
2026-01-13,927529.4278123762
2026-01-14,920936.7387792949
2026-01-15,931969.6144718817
2026-01-16,936807.186242257
2026-01-20,933076.7922625393
2026-01-21,953856.696808131
2026-01-22,950057.4074615942
2026-01-23,937004.55468351
2026-01-26,939297.8185192432
2026-01-27,963627.9509561027
2026-01-28,982878.9796160106
2026-01-29,985744.2937315966
2026-01-30,951534.8874226562
2026-02-02,971127.3765668825
2026-02-03,978519.324810293
2026-02-04,921074.6086489086
2026-02-05,911383.675899685
2026-02-06,943103.195020734
2026-02-09,949707.5862630425
2026-02-10,931028.7355882194
2026-02-11,950393.9995858349
2026-02-12,950629.315261805
2026-02-13,954066.819051134
2026-02-17,952313.8509983975
2026-02-18,961087.4483797414
2026-02-19,957838.3456833037
2026-02-20,965092.3035599638
2026-02-23,957218.886127977
2026-02-24,963356.0187257905
2026-02-25,977733.6922379519
2026-02-26,965173.037530914
2026-02-27,961531.3587701159
2026-03-02,952657.046686324
2026-03-03,919844.1076401315
2026-03-04,942274.6425882259
2026-03-05,922415.5655295367
2026-03-06,893090.0286796953
2026-03-09,919483.4785534933
2026-03-10,927287.3971888514
2026-03-11,934089.4602055952
2026-03-12,916733.8290404682
2026-03-13,922931.1253380489
2026-03-16,939557.6650292154
2026-03-17,955395.3971538565
2026-03-18,951025.8390909184
2026-03-19,963402.5131894846
2026-03-20,936460.5265614856
2026-03-23,939490.2555617117
2026-03-24,948272.689813997
2026-03-25,950317.0919523502
2026-03-26,910368.6903565348
2026-03-27,908735.3684406986
2026-03-30,878868.9746527611
2026-03-31,911658.9112517294
2026-04-01,941176.889953779
2026-04-02,914540.3722321515
2026-04-06,914540.3722321515
2026-04-07,914540.3722321515
2026-04-08,914540.3722321515
2026-04-09,914540.3722321515
2026-04-10,914540.3722321515
2026-04-13,914540.3722321515
2026-04-14,914540.3722321515
2026-04-15,914540.3722321515
2026-04-16,914540.3722321515
2026-04-17,914540.3722321515
2026-04-20,914540.3722321515
2026-04-21,914540.3722321515
2026-04-22,914540.3722321515
2026-04-23,914540.3722321515
2026-04-24,914540.3722321515
2026-04-27,914540.3722321515
2026-04-28,914540.3722321515
2026-04-29,914540.3722321515
2026-04-30,914540.3722321515
2026-05-01,914540.3722321515
2026-05-04,912708.3473189783
2026-05-05,939336.124832609
2026-05-06,962804.3083187556
2026-05-07,935823.6933604298
2026-05-08,965327.2012720592
2026-05-11,999570.7138999046
2026-05-12,981877.7754214674
2026-05-13,995216.5323915503
2026-05-14,990087.3785340113
2026-05-15,965959.6090168178
2026-05-18,934215.2176337099
2026-05-19,932410.7785579162
2026-05-20,948006.0374152631
2026-05-21,969528.5049809729
2026-05-22,966355.7746812347
2026-05-26,998536.6539538264
2026-05-27,996676.7237973657
2026-05-28,997822.1339948754
2026-05-29,999715.9972953604
2026-06-01,1008604.3873290764
2026-06-02,1044981.3394960008
2026-06-03,1051132.0046374055
2026-06-04,1031766.2743072214
2026-06-05,955756.9751327728
2026-06-08,989282.4463681005
2026-06-09,969988.4482123984
2026-06-10,952530.6112867991
2026-06-11,1004725.4043743487
2026-06-12,1020667.16298792
2026-06-15,1066993.4912797
2026-06-16,1042757.1324718692
2026-06-17,1046442.8000296353
2026-06-18,1084542.6398098646
2026-06-22,1115744.64020485
2026-06-23,1052197.0645727925
2026-06-24,1052399.5042171138
2026-06-25,1107092.4131024969
2026-06-26,1054386.164219507
2026-06-29,1089337.4024458134
2026-06-30,1106852.396632089
2026-07-01,1045189.5307761501
2026-07-02,976845.5912461341
2026-07-06,989763.2924236684
2026-07-07,948571.6904465281
2026-07-08,960750.7183186398
2026-07-09,987834.0579431806
2026-07-10,985431.510352293
2026-07-13,951846.7595911768
2026-07-14,972524.3864418811
2026-07-15,934910.1278043579
2026-07-16,895052.3353800456
2026-07-17,890429.8351349982
2026-07-20,893362.2711092434
2026-07-21,933709.8264285523
2026-07-22,931679.291723238
2026-07-23,936112.5116974147
2026-07-24,907741.7243626434
2026-07-27,890796.856280993
2026-07-28,863663.6496717986
2026-07-29,855530.7379091398
2026-07-30,893111.5302684105
2026-07-31,889830.8815777525
2026-08-03,887051.7377150655
2026-08-04,913052.4905364303
2026-08-05,897022.7163407757
2026-08-06,885532.5164622252
2026-08-07,898045.5555954694
2026-08-10,869867.6782917052
2026-08-11,876233.1000272438
2026-08-12,915007.2086287208
2026-08-13,919911.5723382836
2026-08-14,927103.0949587133
2026-08-17,955576.0854407002
2026-08-18,901606.9934639334
2026-08-19,878938.7963121962
2026-08-20,888593.1717904895
2026-08-21,881679.475589074
2026-08-24,859353.4600188275
2026-08-25,874946.5972530378
2026-08-26,883273.7520225472
2026-08-27,885112.1468350107
2026-08-28,868546.419360837
2026-08-31,868714.0911147622
2026-09-01,858028.84210414
2026-09-02,859165.1334135118
2026-09-03,853862.8610529599
2026-09-04,889720.8143561049
2026-09-08,916065.9264046472
2026-09-09,923866.7956962716
2026-09-10,896459.0623098742
2026-09-11,899171.4313672037
2026-09-14,849954.2085214226
2026-09-15,847788.7223574601
2026-09-16,860366.1446038956
2026-09-17,878801.4443482403
2026-09-18,907326.1006483427
2026-09-21,932226.5952879501
2026-09-22,948851.1019678637
2026-09-23,939722.579274961
2026-09-24,935292.8525147071
2026-09-25,942243.8170532814
2026-09-28,927340.6708435646
2026-09-29,941448.0654053321
2026-09-30,942967.5129150978
