,equity
1999-01-04,100000.0
1999-01-05,101279.32059235543
1999-01-06,103762.60654806624
1999-01-07,104628.0742275195
1999-01-08,104639.85417914022
1999-01-11,106082.89298369894
1999-01-12,103499.26973508597
1999-01-13,102691.5408656279
1999-01-14,101106.20771730154
1999-01-15,104580.49206052668
1999-01-19,106383.1746053355
1999-01-20,105439.58601728326
1999-01-21,103444.79720929729
1999-01-22,103280.28032814238
1999-01-25,104672.17724624225
1999-01-26,107843.98052617835
1999-01-27,107349.13245992131
1999-01-28,110743.35117892659
1999-01-29,112670.16704139343
1999-02-01,113114.53668157515
1999-02-02,111216.31595517957
1999-02-03,112429.61774263177
1999-02-04,108454.02195607609
1999-02-05,105461.99595531382
1999-02-08,106724.44116957809
1999-02-09,102293.95850250054
1999-02-10,103384.26527708114
1999-02-11,108415.51970974726
1999-02-12,103689.2462787443
1999-02-16,105639.84229884237
1999-02-17,102228.26829451713
1999-02-18,103126.6700486106
1999-02-19,103912.438346492
1999-02-22,107705.04110766527
1999-02-23,109467.87429991292
1999-02-24,106613.721896458
1999-02-25,105639.24493831099
1999-02-26,105383.04715496766
1999-03-01,104755.62456868075
1999-03-02,102628.73695657782
1999-03-03,102747.70968556049
1999-03-04,105342.04617855158
1999-03-05,109281.60061307054
1999-03-08,111455.79662926611
1999-03-09,111126.82535172538
1999-03-10,111570.27896705734
1999-03-11,112501.14180246029
1999-03-12,108769.83964527685
1999-03-15,112380.60124471858
1999-03-16,113277.55553673625
1999-03-17,113262.03563817636
1999-03-18,115486.43760133597
1999-03-19,113831.44278055154
1999-03-22,114542.77827708558
1999-03-23,109870.83685569193
1999-03-24,110750.50847065498
1999-03-25,114472.10594343636
1999-03-26,114207.38834239177
1999-03-29,118458.24004025936
1999-03-30,119645.42979366567
1999-03-31,119438.8442449517
1999-04-01,120391.4455406147
1999-04-05,126825.28215422064
1999-04-06,128205.68326285722
1999-04-07,128903.04715074993
1999-04-08,130017.0695610336
1999-04-09,131020.91687237694
1999-04-12,132511.70607584066
1999-04-13,133440.6787079073
1999-04-14,127453.65148731954
1999-04-15,121636.75486256402
1999-04-16,116658.85471760014
1999-04-19,106469.18561921538
1999-04-20,112742.95165693095
1999-04-21,118855.51355178446
1999-04-22,122027.12398060308
1999-04-23,122359.17068554083
1999-04-26,124833.52901122492
1999-04-27,123918.49131928524
1999-04-28,118009.60234536233
1999-04-29,116112.30676066878
1999-04-30,116514.85623800119
1999-05-03,116081.42984868491
1999-05-04,112101.70765320392
1999-05-05,113538.07287812085
1999-05-06,109820.38275442304
1999-05-07,110174.99791002856
1999-05-10,112493.48028805872
1999-05-11,116589.7499982333
1999-05-12,117801.5879900759
1999-05-13,115927.01328000684
1999-05-14,112076.28454135402
1999-05-17,113802.79671544196
1999-05-18,114508.12263457617
1999-05-19,115302.60852473037
1999-05-20,114015.35400103849
1999-05-21,113104.31030258143
1999-05-24,110143.13565769492
1999-05-25,105801.25404167401
1999-05-26,110217.3891317342
1999-05-27,108699.04167581494
1999-05-28,110839.48830650303
1999-06-01,108090.55178361511
1999-06-02,107751.35751690097
1999-06-03,105597.8683321696
1999-06-04,111059.04191943856
1999-06-07,113095.60720903729
1999-06-08,109415.81478793299
1999-06-09,110529.37212553316
1999-06-10,108202.1643257567
1999-06-11,105856.51986733945
1999-06-14,101940.6632650981
1999-06-15,103948.10857348135
1999-06-16,109235.51572637484
1999-06-17,110570.51165361734
1999-06-18,111667.73331721847
1999-06-21,115577.99300095253
1999-06-22,111835.40216115155
1999-06-23,113573.25596043753
1999-06-24,111072.52310019334
1999-06-25,110515.57007029094
1999-06-28,113054.82339430547
1999-06-29,115047.44634530453
1999-06-30,118446.59712939148
1999-07-01,118123.31557732359
1999-07-02,119776.34063090943
1999-07-06,121369.5474422004
1999-07-07,122506.81504412353
1999-07-08,124119.49454726666
1999-07-09,126291.77713370611
1999-07-12,124311.25099405015
1999-07-13,125172.70310395105
1999-07-14,127681.31501213051
1999-07-15,129278.18201263841
1999-07-16,128242.42789952496
1999-07-19,125081.51625588164
1999-07-20,118882.54354126187
1999-07-21,120695.91427365105
1999-07-22,116932.663462117
1999-07-23,117991.5832545863
1999-07-26,114075.05450663547
1999-07-27,116729.27901980054
1999-07-28,120207.46001769188
1999-07-29,117158.21282666795
1999-07-30,116379.65186725635
1999-08-02,115852.10737625389
1999-08-03,112556.09291325683
1999-08-04,110524.05506237753
1999-08-05,112665.84064351305
1999-08-06,111292.87556587142
1999-08-09,109733.84130290215
1999-08-10,107401.87994000898
1999-08-11,111189.29996098373
1999-08-12,111267.42491648169
1999-08-13,116300.09386425806
1999-08-16,117208.56511222587
1999-08-17,119363.18516032796
1999-08-18,117316.6149208942
1999-08-19,116498.6869164972
1999-08-20,119080.16546973669
1999-08-23,121881.58413447885
1999-08-24,122570.92539741719
1999-08-25,125621.41681955339
1999-08-26,123997.26320034669
1999-08-27,122662.06711442595
1999-08-30,120550.01100289065
1999-08-31,121824.69733416388
1999-09-01,120164.9528151527
1999-09-02,119184.73108358312
1999-09-03,123610.3222363311
1999-09-07,124375.97293289953
1999-09-08,123359.95429078746
1999-09-09,124424.04880637348
1999-09-10,125201.3029554612
1999-09-13,121760.34420919756
1999-09-14,124059.05668636292
1999-09-15,119874.12527026617
1999-09-16,121248.69074602365
1999-09-17,124298.08164934034
1999-09-20,125073.23012835506
1999-09-21,122831.55052394474
1999-09-22,124914.32329717267
1999-09-23,121573.77996240763
1999-09-24,122659.01862316855
1999-09-27,124937.09298913422
1999-09-28,125639.29394283748
1999-09-29,125325.79668688947
1999-09-30,125406.20048631683
1999-10-01,126064.11655392025
1999-10-04,126812.1918985255
1999-10-05,126812.1918985255
1999-10-06,126812.1918985255
1999-10-07,126812.1918985255
1999-10-08,126812.1918985255
1999-10-11,126812.1918985255
1999-10-12,126812.1918985255
1999-10-13,126812.1918985255
1999-10-14,126812.1918985255
1999-10-15,126812.1918985255
1999-10-18,126812.1918985255
1999-10-19,126812.1918985255
1999-10-20,126812.1918985255
1999-10-21,126812.1918985255
1999-10-22,126812.1918985255
1999-10-25,126812.1918985255
1999-10-26,126812.1918985255
1999-10-27,126812.1918985255
1999-10-28,126812.1918985255
1999-10-29,126812.1918985255
1999-11-01,126812.1918985255
1999-11-02,127257.98884619799
1999-11-03,132876.7943090804
1999-11-04,133887.65511121365
1999-11-05,137473.18917884605
1999-11-08,138379.92586128597
1999-11-09,138835.0521985165
1999-11-10,141904.95948989538
1999-11-11,147436.65830848983
1999-11-12,149461.42788027038
1999-11-15,147636.91410552379
1999-11-16,151433.13468116743
1999-11-17,151956.2922626211
1999-11-18,154695.92482441175
1999-11-19,155344.99409260807
1999-11-22,155417.2789067303
1999-11-23,155310.4772520249
1999-11-24,158204.6236006198
1999-11-26,161442.03004890165
1999-11-29,161053.97606770287
1999-11-30,152770.21114671024
1999-12-01,157514.34677498275
1999-12-02,165369.92952159513
1999-12-03,165710.3340968785
1999-12-06,172214.07526979543
1999-12-07,169603.23625702108
1999-12-08,168494.85552754704
1999-12-09,165722.91198407696
1999-12-10,163457.26468817686
1999-12-13,164527.21824957497
1999-12-14,156744.58763354417
1999-12-15,160260.55672337516
1999-12-16,166390.28340012862
1999-12-17,169329.9243306524
1999-12-20,171905.26983009838
1999-12-21,180790.45866515362
1999-12-22,178338.18260314327
1999-12-23,177875.67128196295
1999-12-27,181416.47441627746
1999-12-28,181180.18581003643
1999-12-29,191652.9860099837
1999-12-30,188995.64325188025
1999-12-31,196523.7867364154
2000-01-03,198287.20322031158
2000-01-04,184563.15191610839
2000-01-05,182273.19682324017
2000-01-06,171331.97360189597
2000-01-07,182074.09632807446
2000-01-10,193687.5218934205
2000-01-11,183087.74482608863
2000-01-12,182974.06495855434
2000-01-13,185886.38893840087
2000-01-14,195765.6852787568
2000-01-18,202185.93336129258
2000-01-19,205702.54912790717
2000-01-20,210028.41547819346
2000-01-21,208795.5403715951
2000-01-24,198090.79314156238
2000-01-25,206703.03745182048
2000-01-26,196184.69555905115
2000-01-27,191860.74170234796
2000-01-28,181316.22104237438
2000-01-31,188223.30305185285
2000-02-01,197726.7160804042
2000-02-02,200984.303024929
2000-02-03,209758.94425884937
2000-02-04,216996.64691514344
2000-02-07,220521.79540597554
2000-02-08,225489.5154761539
2000-02-09,222996.90589967775
2000-02-10,230865.9879950731
2000-02-11,228542.06837197425
2000-02-14,230240.58188596927
2000-02-15,232429.9652882917
2000-02-16,237624.79670967805
2000-02-17,245596.11556705998
2000-02-18,239875.75614439504
2000-02-22,240129.71728863943
2000-02-23,250874.92544518554
2000-02-24,261856.70330258177
2000-02-25,258168.1006903599
2000-02-28,256335.65372824608
2000-02-29,263850.3605296953
2000-03-01,267495.654833471
2000-03-02,253937.06530286896
2000-03-03,268834.73087498615
2000-03-06,277283.1598774276
2000-03-07,268016.26748962747
2000-03-08,268323.7772281199
2000-03-09,276530.7656780634
2000-03-10,278712.59004626446
2000-03-13,268145.97814292856
2000-03-14,247865.26685700982
2000-03-15,235778.70123152863
2000-03-16,252680.1657512602
2000-03-17,260145.1708042831
2000-03-20,254473.47208461392
2000-03-21,262132.6517426951
2000-03-22,278166.6610745721
2000-03-23,283629.71335236944
2000-03-24,281759.5695548824
2000-03-27,283975.4944548315
2000-03-28,277015.8761785959
2000-03-29,270943.93392227124
2000-03-30,248284.5823183824
2000-03-31,255753.53827023468
2000-04-03,237616.17217886055
2000-04-04,232911.6864519671
2000-04-05,239107.64225557022
2000-04-06,246279.61642673987
2000-04-07,262176.8980681446
2000-04-10,244462.28418518382
2000-04-11,235421.8965840932
2000-04-12,214851.51261206667
2000-04-13,212591.3832004734
2000-04-14,190234.6721552728
2000-04-17,209830.90364035664
2000-04-18,219957.82541184657
2000-04-19,215174.34470459295
2000-04-20,207451.74724285986
2000-04-24,196702.52505374936
2000-04-25,223046.34177519986
2000-04-26,211845.46576687833
2000-04-27,228012.55493436204
2000-04-28,237068.56900933653
2000-05-01,236258.93796119146
2000-05-02,223564.18202825158
2000-05-03,217931.7027435931
2000-05-04,218239.4455457334
2000-05-05,224039.26470492053
2000-05-08,211027.3619630659
2000-05-09,206250.92636316555
2000-05-10,193660.40496634017
2000-05-11,203501.12184971303
2000-05-12,206352.66602331342
2000-05-15,213001.13992172372
2000-05-16,227464.1472610268
2000-05-17,224810.80407463323
2000-05-18,219192.86046044424
2000-05-19,208019.73601194876
2000-05-22,206035.6260401447
2000-05-23,193146.65158245704
2000-05-24,198367.70267938028
2000-05-25,195521.2035926745
2000-05-26,193408.48725327317
2000-05-30,217766.26235734063
2000-05-31,214791.18300370048
2000-06-01,226246.56096815484
2000-06-02,239923.5971650053
2000-06-05,240129.04138406934
2000-06-06,232794.40399327836
2000-06-07,237624.5546803481
2000-06-08,246662.8170711359
2000-06-09,247129.0754669388
2000-06-12,243599.79544619116
2000-06-13,253018.17442365998
2000-06-14,237264.8759347294
2000-06-15,239434.9559024085
2000-06-16,238444.81212215673
2000-06-19,252985.32476664474
2000-06-20,253147.1510451953
2000-06-21,254756.96699719626
2000-06-22,247342.88466270152
2000-06-23,240254.3724332992
2000-06-26,246572.5023755297
2000-06-27,240965.00894829902
2000-06-28,241632.61212064602
2000-06-29,235131.31329398384
2000-06-30,236125.76677599977
2000-07-03,242237.31912678888
2000-07-05,224859.79779853087
2000-07-06,229707.495620286
2000-07-07,236485.98924574922
2000-07-10,235142.44161656933
2000-07-11,234977.68041299263
2000-07-12,243251.94621565094
2000-07-13,248984.7510422511
2000-07-14,256271.12393757098
2000-07-17,260769.9567315798
2000-07-18,253905.53870802984
2000-07-19,250156.50608809493
2000-07-20,257078.84896478336
2000-07-21,251670.04530727278
2000-07-24,240520.14334252177
2000-07-25,245418.49743649582
2000-07-26,238159.43688664274
2000-07-27,222720.02651544026
2000-07-28,215768.867298501
2000-07-31,221147.0790978689
2000-08-01,214101.60679658075
2000-08-02,213263.40980238674
2000-08-03,217273.6633249528
2000-08-04,222139.11282812065
2000-08-07,229331.074415647
2000-08-08,233803.1062707562
2000-08-09,232914.03863317965
2000-08-10,224002.80437067398
2000-08-11,229655.95190737618
2000-08-14,237332.29652508712
2000-08-15,238229.1062479989
2000-08-16,246953.28725015276
2000-08-17,251990.15522468428
2000-08-18,252649.5851248032
2000-08-21,252801.07698010796
2000-08-22,252172.4118313254
2000-08-23,255258.61881722228
2000-08-24,257801.63199962256
2000-08-25,255496.35937847037
2000-08-28,258140.28450488733
2000-08-29,260025.21699896175
2000-08-30,261351.07740784303
2000-08-31,269771.4157993833
2000-09-01,269118.15952882735
2000-09-05,261989.54349489816
2000-09-06,250424.37213408164
2000-09-07,261519.00765837496
2000-09-08,253993.68253455622
2000-09-11,248806.47718362338
2000-09-12,245262.61250889496
2000-09-13,246443.7659162504
2000-09-14,250348.67015250257
2000-09-15,247776.37553251907
2000-09-18,246927.93405363202
2000-09-19,257919.68249400664
2000-09-20,265270.3227950705
2000-09-21,254991.8319579972
2000-09-22,268235.60216777027
2000-09-25,260766.83519595282
2000-09-26,258835.24174461744
2000-09-27,256337.00099119818
2000-09-28,260853.35738856686
2000-09-29,252321.0024222152
2000-10-02,247641.9119036786
2000-10-03,250776.98859548746
2000-10-04,250776.98859548746
2000-10-05,250776.98859548746
2000-10-06,250776.98859548746
2000-10-09,250776.98859548746
2000-10-10,250776.98859548746
2000-10-11,250776.98859548746
2000-10-12,250776.98859548746
2000-10-13,250776.98859548746
2000-10-16,250776.98859548746
2000-10-17,250776.98859548746
2000-10-18,250776.98859548746
2000-10-19,250776.98859548746
2000-10-20,250776.98859548746
2000-10-23,250776.98859548746
2000-10-24,250776.98859548746
2000-10-25,250776.98859548746
2000-10-26,250776.98859548746
2000-10-27,250776.98859548746
2000-10-30,250776.98859548746
2000-10-31,250776.98859548746
2000-11-01,250776.98859548746
2000-11-02,250776.98859548746
2000-11-03,250776.98859548746
2000-11-06,250776.98859548746
2000-11-07,250776.98859548746
2000-11-08,250776.98859548746
2000-11-09,250776.98859548746
2000-11-10,250776.98859548746
2000-11-13,250776.98859548746
2000-11-14,250776.98859548746
2000-11-15,250776.98859548746
2000-11-16,250776.98859548746
2000-11-17,250776.98859548746
2000-11-20,250776.98859548746
2000-11-21,250776.98859548746
2000-11-22,250776.98859548746
2000-11-24,250776.98859548746
2000-11-27,250776.98859548746
2000-11-28,250776.98859548746
2000-11-29,250776.98859548746
2000-11-30,250776.98859548746
2000-12-01,250776.98859548746
2000-12-04,250776.98859548746
2000-12-05,250776.98859548746
2000-12-06,250776.98859548746
2000-12-07,250776.98859548746
2000-12-08,250776.98859548746
2000-12-11,250776.98859548746
2000-12-12,250776.98859548746
2000-12-13,250776.98859548746
2000-12-14,250776.98859548746
2000-12-15,250776.98859548746
2000-12-18,250776.98859548746
2000-12-19,250776.98859548746
2000-12-20,250776.98859548746
2000-12-21,250776.98859548746
2000-12-22,250776.98859548746
2000-12-26,250776.98859548746
2000-12-27,250776.98859548746
2000-12-28,250776.98859548746
2000-12-29,250776.98859548746
2001-01-02,250776.98859548746
2001-01-03,250776.98859548746
2001-01-04,250776.98859548746
2001-01-05,250776.98859548746
2001-01-08,250776.98859548746
2001-01-09,250776.98859548746
2001-01-10,250776.98859548746
2001-01-11,250776.98859548746
2001-01-12,250776.98859548746
2001-01-16,250776.98859548746
2001-01-17,250776.98859548746
2001-01-18,250776.98859548746
2001-01-19,250776.98859548746
2001-01-22,250776.98859548746
2001-01-23,250776.98859548746
2001-01-24,250776.98859548746
2001-01-25,250776.98859548746
2001-01-26,250776.98859548746
2001-01-29,250776.98859548746
2001-01-30,250776.98859548746
2001-01-31,250776.98859548746
2001-02-01,250776.98859548746
2001-02-02,250776.98859548746
2001-02-05,250776.98859548746
2001-02-06,250776.98859548746
2001-02-07,250776.98859548746
2001-02-08,250776.98859548746
2001-02-09,250776.98859548746
2001-02-12,250776.98859548746
2001-02-13,250776.98859548746
2001-02-14,250776.98859548746
2001-02-15,250776.98859548746
2001-02-16,250776.98859548746
2001-02-20,250776.98859548746
2001-02-21,250776.98859548746
2001-02-22,250776.98859548746
2001-02-23,250776.98859548746
2001-02-26,250776.98859548746
2001-02-27,250776.98859548746
2001-02-28,250776.98859548746
2001-03-01,250776.98859548746
2001-03-02,250776.98859548746
2001-03-05,250776.98859548746
2001-03-06,250776.98859548746
2001-03-07,250776.98859548746
2001-03-08,250776.98859548746
2001-03-09,250776.98859548746
2001-03-12,250776.98859548746
2001-03-13,250776.98859548746
2001-03-14,250776.98859548746
2001-03-15,250776.98859548746
2001-03-16,250776.98859548746
2001-03-19,250776.98859548746
2001-03-20,250776.98859548746
2001-03-21,250776.98859548746
2001-03-22,250776.98859548746
2001-03-23,250776.98859548746
2001-03-26,250776.98859548746
2001-03-27,250776.98859548746
2001-03-28,250776.98859548746
2001-03-29,250776.98859548746
2001-03-30,250776.98859548746
2001-04-02,250776.98859548746
2001-04-03,250776.98859548746
2001-04-04,250776.98859548746
2001-04-05,250776.98859548746
2001-04-06,250776.98859548746
2001-04-09,250776.98859548746
2001-04-10,250776.98859548746
2001-04-11,250776.98859548746
2001-04-12,250776.98859548746
2001-04-16,250776.98859548746
2001-04-17,250776.98859548746
2001-04-18,250776.98859548746
2001-04-19,250776.98859548746
2001-04-20,250776.98859548746
2001-04-23,250776.98859548746
2001-04-24,250776.98859548746
2001-04-25,250776.98859548746
2001-04-26,250776.98859548746
2001-04-27,250776.98859548746
2001-04-30,250776.98859548746
2001-05-01,250776.98859548746
2001-05-02,250776.98859548746
2001-05-03,250776.98859548746
2001-05-04,250776.98859548746
2001-05-07,250776.98859548746
2001-05-08,250776.98859548746
2001-05-09,250776.98859548746
2001-05-10,250776.98859548746
2001-05-11,250776.98859548746
2001-05-14,250776.98859548746
2001-05-15,250776.98859548746
2001-05-16,250776.98859548746
2001-05-17,250776.98859548746
2001-05-18,250776.98859548746
2001-05-21,250776.98859548746
2001-05-22,250776.98859548746
2001-05-23,250776.98859548746
2001-05-24,250776.98859548746
2001-05-25,250776.98859548746
2001-05-29,250776.98859548746
2001-05-30,250776.98859548746
2001-05-31,250776.98859548746
2001-06-01,250776.98859548746
2001-06-04,250776.98859548746
2001-06-05,250776.98859548746
2001-06-06,250776.98859548746
2001-06-07,250776.98859548746
2001-06-08,250776.98859548746
2001-06-11,250776.98859548746
2001-06-12,250776.98859548746
2001-06-13,250776.98859548746
2001-06-14,250776.98859548746
2001-06-15,250776.98859548746
2001-06-18,250776.98859548746
2001-06-19,250776.98859548746
2001-06-20,250776.98859548746
2001-06-21,250776.98859548746
2001-06-22,250776.98859548746
2001-06-25,250776.98859548746
2001-06-26,250776.98859548746
2001-06-27,250776.98859548746
2001-06-28,250776.98859548746
2001-06-29,250776.98859548746
2001-07-02,250776.98859548746
2001-07-03,250776.98859548746
2001-07-05,250776.98859548746
2001-07-06,250776.98859548746
2001-07-09,250776.98859548746
2001-07-10,250776.98859548746
2001-07-11,250776.98859548746
2001-07-12,250776.98859548746
2001-07-13,250776.98859548746
2001-07-16,250776.98859548746
2001-07-17,250776.98859548746
2001-07-18,250776.98859548746
2001-07-19,250776.98859548746
2001-07-20,250776.98859548746
2001-07-23,250776.98859548746
2001-07-24,250776.98859548746
2001-07-25,250776.98859548746
2001-07-26,250776.98859548746
2001-07-27,250776.98859548746
2001-07-30,250776.98859548746
2001-07-31,250776.98859548746
2001-08-01,250776.98859548746
2001-08-02,250776.98859548746
2001-08-03,250776.98859548746
2001-08-06,250776.98859548746
2001-08-07,250776.98859548746
2001-08-08,250776.98859548746
2001-08-09,250776.98859548746
2001-08-10,250776.98859548746
2001-08-13,250776.98859548746
2001-08-14,250776.98859548746
2001-08-15,250776.98859548746
2001-08-16,250776.98859548746
2001-08-17,250776.98859548746
2001-08-20,250776.98859548746
2001-08-21,250776.98859548746
2001-08-22,250776.98859548746
2001-08-23,250776.98859548746
2001-08-24,250776.98859548746
2001-08-27,250776.98859548746
2001-08-28,250776.98859548746
2001-08-29,250776.98859548746
2001-08-30,250776.98859548746
2001-08-31,250776.98859548746
2001-09-04,250776.98859548746
2001-09-05,250776.98859548746
2001-09-06,250776.98859548746
2001-09-07,250776.98859548746
2001-09-10,250776.98859548746
2001-09-17,250776.98859548746
2001-09-18,250776.98859548746
2001-09-19,250776.98859548746
2001-09-20,250776.98859548746
2001-09-21,250776.98859548746
2001-09-24,250776.98859548746
2001-09-25,250776.98859548746
2001-09-26,250776.98859548746
2001-09-27,250776.98859548746
2001-09-28,250776.98859548746
2001-10-01,250776.98859548746
2001-10-02,250776.98859548746
2001-10-03,250776.98859548746
2001-10-04,250776.98859548746
2001-10-05,250776.98859548746
2001-10-08,250776.98859548746
2001-10-09,250776.98859548746
2001-10-10,250776.98859548746
2001-10-11,250776.98859548746
2001-10-12,250776.98859548746
2001-10-15,250776.98859548746
2001-10-16,250776.98859548746
2001-10-17,250776.98859548746
2001-10-18,250776.98859548746
2001-10-19,250776.98859548746
2001-10-22,250776.98859548746
2001-10-23,250776.98859548746
2001-10-24,250776.98859548746
2001-10-25,250776.98859548746
2001-10-26,250776.98859548746
2001-10-29,250776.98859548746
2001-10-30,250776.98859548746
2001-10-31,250776.98859548746
2001-11-01,250776.98859548746
2001-11-02,250776.98859548746
2001-11-05,250776.98859548746
2001-11-06,250776.98859548746
2001-11-07,250776.98859548746
2001-11-08,250776.98859548746
2001-11-09,250776.98859548746
2001-11-12,250776.98859548746
2001-11-13,250776.98859548746
2001-11-14,250776.98859548746
2001-11-15,250776.98859548746
2001-11-16,250776.98859548746
2001-11-19,250776.98859548746
2001-11-20,250776.98859548746
2001-11-21,250776.98859548746
2001-11-23,250776.98859548746
2001-11-26,250776.98859548746
2001-11-27,250776.98859548746
2001-11-28,250776.98859548746
2001-11-29,250776.98859548746
2001-11-30,250776.98859548746
2001-12-03,250776.98859548746
2001-12-04,250776.98859548746
2001-12-05,250776.98859548746
2001-12-06,250776.98859548746
2001-12-07,250776.98859548746
2001-12-10,250776.98859548746
2001-12-11,250776.98859548746
2001-12-12,250776.98859548746
2001-12-13,250776.98859548746
2001-12-14,250776.98859548746
2001-12-17,250776.98859548746
2001-12-18,250776.98859548746
2001-12-19,250776.98859548746
2001-12-20,250776.98859548746
2001-12-21,250776.98859548746
2001-12-24,250776.98859548746
2001-12-26,250776.98859548746
2001-12-27,250776.98859548746
2001-12-28,250776.98859548746
2001-12-31,250776.98859548746
2002-01-02,250776.98859548746
2002-01-03,250776.98859548746
2002-01-04,250776.98859548746
2002-01-07,250776.98859548746
2002-01-08,250776.98859548746
2002-01-09,250776.98859548746
2002-01-10,250776.98859548746
2002-01-11,250776.98859548746
2002-01-14,250776.98859548746
2002-01-15,250776.98859548746
2002-01-16,250776.98859548746
2002-01-17,250776.98859548746
2002-01-18,250776.98859548746
2002-01-22,250776.98859548746
2002-01-23,250776.98859548746
2002-01-24,250776.98859548746
2002-01-25,250776.98859548746
2002-01-28,250776.98859548746
2002-01-29,250776.98859548746
2002-01-30,250776.98859548746
2002-01-31,250776.98859548746
2002-02-01,250776.98859548746
2002-02-04,250776.98859548746
2002-02-05,250776.98859548746
2002-02-06,250776.98859548746
2002-02-07,250776.98859548746
2002-02-08,250776.98859548746
2002-02-11,250776.98859548746
2002-02-12,250776.98859548746
2002-02-13,250776.98859548746
2002-02-14,250776.98859548746
2002-02-15,250776.98859548746
2002-02-19,250776.98859548746
2002-02-20,250776.98859548746
2002-02-21,250776.98859548746
2002-02-22,250776.98859548746
2002-02-25,250776.98859548746
2002-02-26,250776.98859548746
2002-02-27,250776.98859548746
2002-02-28,250776.98859548746
2002-03-01,250776.98859548746
2002-03-04,250776.98859548746
2002-03-05,250776.98859548746
2002-03-06,250776.98859548746
2002-03-07,250776.98859548746
2002-03-08,250776.98859548746
2002-03-11,250776.98859548746
2002-03-12,250776.98859548746
2002-03-13,250776.98859548746
2002-03-14,250776.98859548746
2002-03-15,250776.98859548746
2002-03-18,250776.98859548746
2002-03-19,250776.98859548746
2002-03-20,250776.98859548746
2002-03-21,250776.98859548746
2002-03-22,250776.98859548746
2002-03-25,250776.98859548746
2002-03-26,250776.98859548746
2002-03-27,250776.98859548746
2002-03-28,250776.98859548746
2002-04-01,250776.98859548746
2002-04-02,249595.2136569118
2002-04-03,248449.9488626757
2002-04-04,252375.01867988557
2002-04-05,255682.58556001264
2002-04-08,257240.75605666998
2002-04-09,260851.72116276628
2002-04-10,264856.70956088096
2002-04-11,262079.1702247319
2002-04-12,263081.7976380999
2002-04-15,262486.52976203064
2002-04-16,262492.6304632934
2002-04-17,257561.8839136182
2002-04-18,258541.92598432902
2002-04-19,258522.19716324803
2002-04-22,256442.32616617353
2002-04-23,257662.18104988764
2002-04-24,257371.2245298427
2002-04-25,257388.04401098017
2002-04-26,255956.98946121457
2002-04-29,252961.86388784362
2002-04-30,257109.2993348482
2002-05-01,257506.71966550004
2002-05-02,259052.39473036746
2002-05-03,259052.39473036746
2002-05-06,259052.39473036746
2002-05-07,259052.39473036746
2002-05-08,259052.39473036746
2002-05-09,259052.39473036746
2002-05-10,259052.39473036746
2002-05-13,259052.39473036746
2002-05-14,259052.39473036746
2002-05-15,259052.39473036746
2002-05-16,259052.39473036746
2002-05-17,259052.39473036746
2002-05-20,259052.39473036746
2002-05-21,259052.39473036746
2002-05-22,259052.39473036746
2002-05-23,259052.39473036746
2002-05-24,259052.39473036746
2002-05-28,259052.39473036746
2002-05-29,259052.39473036746
2002-05-30,259052.39473036746
2002-05-31,259052.39473036746
2002-06-03,259052.39473036746
2002-06-04,259052.39473036746
2002-06-05,259052.39473036746
2002-06-06,259052.39473036746
2002-06-07,259052.39473036746
2002-06-10,259052.39473036746
2002-06-11,259052.39473036746
2002-06-12,259052.39473036746
2002-06-13,259052.39473036746
2002-06-14,259052.39473036746
2002-06-17,259052.39473036746
2002-06-18,259052.39473036746
2002-06-19,259052.39473036746
2002-06-20,259052.39473036746
2002-06-21,259052.39473036746
2002-06-24,259052.39473036746
2002-06-25,259052.39473036746
2002-06-26,259052.39473036746
2002-06-27,259052.39473036746
2002-06-28,259052.39473036746
2002-07-01,259052.39473036746
2002-07-02,259052.39473036746
2002-07-03,259052.39473036746
2002-07-05,259052.39473036746
2002-07-08,259052.39473036746
2002-07-09,259052.39473036746
2002-07-10,259052.39473036746
2002-07-11,259052.39473036746
2002-07-12,259052.39473036746
2002-07-15,259052.39473036746
2002-07-16,259052.39473036746
2002-07-17,259052.39473036746
2002-07-18,259052.39473036746
2002-07-19,259052.39473036746
2002-07-22,259052.39473036746
2002-07-23,259052.39473036746
2002-07-24,259052.39473036746
2002-07-25,259052.39473036746
2002-07-26,259052.39473036746
2002-07-29,259052.39473036746
2002-07-30,259052.39473036746
2002-07-31,259052.39473036746
2002-08-01,259052.39473036746
2002-08-02,259052.39473036746
2002-08-05,259052.39473036746
2002-08-06,259052.39473036746
2002-08-07,259052.39473036746
2002-08-08,259052.39473036746
2002-08-09,259052.39473036746
2002-08-12,259052.39473036746
2002-08-13,259052.39473036746
2002-08-14,259052.39473036746
2002-08-15,259052.39473036746
2002-08-16,259052.39473036746
2002-08-19,259052.39473036746
2002-08-20,259052.39473036746
2002-08-21,259052.39473036746
2002-08-22,259052.39473036746
2002-08-23,259052.39473036746
2002-08-26,259052.39473036746
2002-08-27,259052.39473036746
2002-08-28,259052.39473036746
2002-08-29,259052.39473036746
2002-08-30,259052.39473036746
2002-09-03,259052.39473036746
2002-09-04,259052.39473036746
2002-09-05,259052.39473036746
2002-09-06,259052.39473036746
2002-09-09,259052.39473036746
2002-09-10,259052.39473036746
2002-09-11,259052.39473036746
2002-09-12,259052.39473036746
2002-09-13,259052.39473036746
2002-09-16,259052.39473036746
2002-09-17,259052.39473036746
2002-09-18,259052.39473036746
2002-09-19,259052.39473036746
2002-09-20,259052.39473036746
2002-09-23,259052.39473036746
2002-09-24,259052.39473036746
2002-09-25,259052.39473036746
2002-09-26,259052.39473036746
2002-09-27,259052.39473036746
2002-09-30,259052.39473036746
2002-10-01,259052.39473036746
2002-10-02,259052.39473036746
2002-10-03,259052.39473036746
2002-10-04,259052.39473036746
2002-10-07,259052.39473036746
2002-10-08,259052.39473036746
2002-10-09,259052.39473036746
2002-10-10,259052.39473036746
2002-10-11,259052.39473036746
2002-10-14,259052.39473036746
2002-10-15,259052.39473036746
2002-10-16,259052.39473036746
2002-10-17,259052.39473036746
2002-10-18,259052.39473036746
2002-10-21,259052.39473036746
2002-10-22,259052.39473036746
2002-10-23,259052.39473036746
2002-10-24,259052.39473036746
2002-10-25,259052.39473036746
2002-10-28,259052.39473036746
2002-10-29,259052.39473036746
2002-10-30,259052.39473036746
2002-10-31,259052.39473036746
2002-11-01,259052.39473036746
2002-11-04,259052.39473036746
2002-11-05,259052.39473036746
2002-11-06,259052.39473036746
2002-11-07,259052.39473036746
2002-11-08,259052.39473036746
2002-11-11,259052.39473036746
2002-11-12,259052.39473036746
2002-11-13,259052.39473036746
2002-11-14,259052.39473036746
2002-11-15,259052.39473036746
2002-11-18,259052.39473036746
2002-11-19,259052.39473036746
2002-11-20,259052.39473036746
2002-11-21,259052.39473036746
2002-11-22,259052.39473036746
2002-11-25,259052.39473036746
2002-11-26,259052.39473036746
2002-11-27,259052.39473036746
2002-11-29,259052.39473036746
2002-12-02,259052.39473036746
2002-12-03,259052.39473036746
2002-12-04,259052.39473036746
2002-12-05,259052.39473036746
2002-12-06,259052.39473036746
2002-12-09,259052.39473036746
2002-12-10,259052.39473036746
2002-12-11,259052.39473036746
2002-12-12,259052.39473036746
2002-12-13,259052.39473036746
2002-12-16,259052.39473036746
2002-12-17,259052.39473036746
2002-12-18,259052.39473036746
2002-12-19,259052.39473036746
2002-12-20,259052.39473036746
2002-12-23,259052.39473036746
2002-12-24,259052.39473036746
2002-12-26,259052.39473036746
2002-12-27,259052.39473036746
2002-12-30,259052.39473036746
2002-12-31,259052.39473036746
2003-01-02,259052.39473036746
2003-01-03,259052.39473036746
2003-01-06,259052.39473036746
2003-01-07,259052.39473036746
2003-01-08,259052.39473036746
2003-01-09,259052.39473036746
2003-01-10,259052.39473036746
2003-01-13,259052.39473036746
2003-01-14,259052.39473036746
2003-01-15,259052.39473036746
2003-01-16,259052.39473036746
2003-01-17,259052.39473036746
2003-01-21,259052.39473036746
2003-01-22,259052.39473036746
2003-01-23,259052.39473036746
2003-01-24,259052.39473036746
2003-01-27,259052.39473036746
2003-01-28,259052.39473036746
2003-01-29,259052.39473036746
2003-01-30,259052.39473036746
2003-01-31,259052.39473036746
2003-02-03,259052.39473036746
2003-02-04,259052.39473036746
2003-02-05,259052.39473036746
2003-02-06,259052.39473036746
2003-02-07,259052.39473036746
2003-02-10,259052.39473036746
2003-02-11,259052.39473036746
2003-02-12,259052.39473036746
2003-02-13,259052.39473036746
2003-02-14,259052.39473036746
2003-02-18,259052.39473036746
2003-02-19,259052.39473036746
2003-02-20,259052.39473036746
2003-02-21,259052.39473036746
2003-02-24,259052.39473036746
2003-02-25,259052.39473036746
2003-02-26,259052.39473036746
2003-02-27,259052.39473036746
2003-02-28,259052.39473036746
2003-03-03,259052.39473036746
2003-03-04,259052.39473036746
2003-03-05,259052.39473036746
2003-03-06,259052.39473036746
2003-03-07,259052.39473036746
2003-03-10,259052.39473036746
2003-03-11,259052.39473036746
2003-03-12,259052.39473036746
2003-03-13,259052.39473036746
2003-03-14,259052.39473036746
2003-03-17,259052.39473036746
2003-03-18,259052.39473036746
2003-03-19,259052.39473036746
2003-03-20,259052.39473036746
2003-03-21,259052.39473036746
2003-03-24,259052.39473036746
2003-03-25,259052.39473036746
2003-03-26,259052.39473036746
2003-03-27,259052.39473036746
2003-03-28,259052.39473036746
2003-03-31,259052.39473036746
2003-04-01,259052.39473036746
2003-04-02,259052.39473036746
2003-04-03,259052.39473036746
2003-04-04,259052.39473036746
2003-04-07,259052.39473036746
2003-04-08,259052.39473036746
2003-04-09,259052.39473036746
2003-04-10,259052.39473036746
2003-04-11,259052.39473036746
2003-04-14,259052.39473036746
2003-04-15,259052.39473036746
2003-04-16,259052.39473036746
2003-04-17,259052.39473036746
2003-04-21,259052.39473036746
2003-04-22,259052.39473036746
2003-04-23,259052.39473036746
2003-04-24,259052.39473036746
2003-04-25,259052.39473036746
2003-04-28,259052.39473036746
2003-04-29,259052.39473036746
2003-04-30,259052.39473036746
2003-05-01,259052.39473036746
2003-05-02,264717.07803864195
2003-05-05,264697.98503137723
2003-05-06,267929.01820329425
2003-05-07,264624.7719657406
2003-05-08,261895.2312104409
2003-05-09,262810.0734413428
2003-05-12,265799.6604045936
2003-05-13,268894.3923466082
2003-05-14,268123.6668645263
2003-05-15,270797.61892805353
2003-05-16,270698.90604510705
2003-05-19,263003.8180304774
2003-05-20,262044.20735532464
2003-05-21,265233.24832822825
2003-05-22,269167.17347069
2003-05-23,269861.6418901162
2003-05-27,276503.7723871043
2003-05-28,275066.21432714537
2003-05-29,276968.2359585839
2003-05-30,279858.7006178615
2003-06-02,275492.0043201777
2003-06-03,276522.1443543134
2003-06-04,283054.7766940382
2003-06-05,285252.98484038946
2003-06-06,281443.06060531276
2003-06-09,278870.39256965084
2003-06-10,281640.9467850279
2003-06-11,290714.57764362195
2003-06-12,293610.0906211313
2003-06-13,291418.85813932464
2003-06-16,300032.9789185126
2003-06-17,299268.07873294805
2003-06-18,299670.4063220773
2003-06-19,289171.3013990981
2003-06-20,288107.94767954526
2003-06-23,284858.8224795145
2003-06-24,285575.0568608732
2003-06-25,284789.8439863817
2003-06-26,290681.7269113017
2003-06-27,288055.42768561596
2003-06-30,286536.48692005494
2003-07-01,291345.62151397037
2003-07-02,298260.6533148357
2003-07-03,297961.00895012583
2003-07-07,303440.4781363779
2003-07-08,306898.44266811735
2003-07-09,307188.87564301986
2003-07-10,299302.77336546604
2003-07-11,301449.6150059892
2003-07-14,302844.9221914755
2003-07-15,303262.0261997085
2003-07-16,295383.7283524307
2003-07-17,286848.29722555313
2003-07-18,287722.9555653971
2003-07-21,284144.6811785111
2003-07-22,291377.6402715807
2003-07-23,295376.19755262823
2003-07-24,289354.27220443496
2003-07-25,291771.50701476424
2003-07-28,292698.5848310005
2003-07-29,291052.67483881355
2003-07-30,287638.7950611479
2003-07-31,287353.34317622334
2003-08-01,285641.9604693123
2003-08-04,283351.521058733
2003-08-05,277731.0044246769
2003-08-06,274301.683266115
2003-08-07,272384.3079072669
2003-08-08,268160.838663917
2003-08-11,271585.3503735708
2003-08-12,279135.62549263565
2003-08-13,280004.85196134483
2003-08-14,280390.3030998107
2003-08-15,279268.4203738059
2003-08-18,284556.6923125428
2003-08-19,287745.8081705187
2003-08-20,296067.30180999095
2003-08-21,301258.68110820197
2003-08-22,296619.78393450775
2003-08-25,293207.7241280294
2003-08-26,293832.14081112295
2003-08-27,298018.9913331683
2003-08-28,298965.618709832
2003-08-29,302807.468695633
2003-09-02,306694.4448221062
2003-09-03,306741.2021662131
2003-09-04,309833.1376350238
2003-09-05,309722.9818851048
2003-09-08,315427.495334137
2003-09-09,308360.55116297
2003-09-10,299437.9508442817
2003-09-11,301788.4442260058
2003-09-12,303398.82427961915
2003-09-15,306874.2378648786
2003-09-16,318692.1608073696
2003-09-17,321349.0253819715
2003-09-18,329621.4344400434
2003-09-19,330295.00026069477
2003-09-22,322410.9319252025
2003-09-23,326166.1228347531
2003-09-24,314685.90703573066
2003-09-25,309336.9733529474
2003-09-26,302711.14933898905
2003-09-29,312121.24243674485
2003-09-30,306685.0117623642
2003-10-01,312805.1307988443
2003-10-02,316829.3583983264
2003-10-03,329434.6779330568
2003-10-06,334682.71527374757
2003-10-07,340027.2122430204
2003-10-08,339914.98680855037
2003-10-09,343731.6692102856
2003-10-10,344530.8150520475
2003-10-13,348938.1042889991
2003-10-14,350686.28599245567
2003-10-15,344868.67192472465
2003-10-16,346746.15580840985
2003-10-17,339309.14311483776
2003-10-20,341841.4038214621
2003-10-21,343175.4897967863
2003-10-22,338798.4912841072
2003-10-23,334199.84971389716
2003-10-24,332741.34188159043
2003-10-27,338640.9121468783
2003-10-28,350883.30244208255
2003-10-29,351935.3919400476
2003-10-30,352182.1794195566
2003-10-31,349510.19096894603
2003-11-03,359648.1247112493
2003-11-04,362468.14257667516
2003-11-05,361324.5273930213
2003-11-06,359678.958002186
2003-11-07,359850.89841083507
2003-11-10,352179.8813904053
2003-11-11,350095.7498721565
2003-11-12,360125.1136730426
2003-11-13,360350.8972569587
2003-11-14,352356.0095776102
2003-11-17,343804.1912720782
2003-11-18,338061.16905457154
2003-11-19,341242.7441196558
2003-11-20,337118.23423299467
2003-11-21,339634.67871509993
2003-11-24,351433.5711636176
2003-11-25,355430.1352406392
2003-11-26,360444.02603447344
2003-11-28,362577.97435809596
2003-12-01,367370.05940917507
2003-12-02,362002.4826021787
2003-12-03,355549.78759195725
2003-12-04,353479.27009246906
2003-12-05,346050.5540830848
2003-12-08,347448.0791921138
2003-12-09,338001.6931469505
2003-12-10,332725.63705433044
2003-12-11,347167.6355858939
2003-12-12,349194.2586619755
2003-12-15,345006.13691352424
2003-12-16,344112.97377693513
2003-12-17,344217.44813876355
2003-12-18,351861.8838346444
2003-12-19,349364.9943748244
2003-12-22,347753.00964853365
2003-12-23,350916.7666380682
2003-12-24,351766.6676552995
2003-12-26,352672.20093098446
2003-12-29,358512.87750789954
2003-12-30,359625.12785016163
2003-12-31,357911.53012346843
2004-01-02,358251.9597025378
2004-01-05,371872.9747708191
2004-01-06,375710.0830261259
2004-01-07,378556.63733060675
2004-01-08,386140.9516185062
2004-01-09,385593.0208462751
2004-01-12,391390.3062953201
2004-01-13,382186.76017202984
2004-01-14,382223.53287987463
2004-01-15,382020.5104044045
2004-01-16,397481.12398864113
2004-01-20,406172.8005878552
2004-01-21,398424.12967663363
2004-01-22,390811.649517003
2004-01-23,386616.5204700335
2004-01-26,394919.82358613814
2004-01-27,390211.43197889975
2004-01-28,381066.5683702404
2004-01-29,368963.0661562391
2004-01-30,376094.16280065477
2004-02-02,370762.5687218905
2004-02-03,371364.4065194788
2004-02-04,356972.61102291226
2004-02-05,358145.7168399627
2004-02-06,374494.4416130647
2004-02-09,376264.34007187805
2004-02-10,382159.0001066558
2004-02-11,389135.7900141787
2004-02-12,384650.30260131403
2004-02-13,376892.7453103223
2004-02-17,391367.318287485
2004-02-18,394974.7160859031
2004-02-19,388996.8377330558
2004-02-20,382667.10460770846
2004-02-23,371554.57648263406
2004-02-24,367463.5350425271
2004-02-25,373874.79174988327
2004-02-26,378325.7361355839
2004-02-27,380224.00451682386
2004-03-01,385876.75752826256
2004-03-02,385255.21988855145
2004-03-03,379856.4933822581
2004-03-04,386901.74256550893
2004-03-05,382476.4290833883
2004-03-08,370836.92079699354
2004-03-09,361661.7511205931
2004-03-10,352839.9436066872
2004-03-11,346024.973083243
2004-03-12,356699.6923950883
2004-03-15,347056.9047555842
2004-03-16,350304.8563797591
2004-03-17,365453.0398194539
2004-03-18,362023.4519074545
2004-03-19,358883.0980204825
2004-03-22,348957.7763973302
2004-03-23,346537.4677399971
2004-03-24,346575.9245083006
2004-03-25,357213.47474296874
2004-03-26,359738.43809409504
2004-03-29,366790.92062671937
2004-03-30,370686.2095883178
2004-03-31,371593.83721010824
2004-04-01,376903.6135292111
2004-04-02,388419.6815453391
2004-04-05,391828.5896444805
2004-04-06,388187.88866122754
2004-04-07,386054.58145625546
2004-04-08,383972.0424577166
2004-04-12,387707.1701347633
2004-04-13,372383.0311206989
2004-04-14,368749.049956415
2004-04-15,366121.1674348469
2004-04-16,365636.079520722
2004-04-19,365742.5000380738
2004-04-20,353986.56178337795
2004-04-21,357531.3486953457
2004-04-22,369090.6350760976
2004-04-23,365797.62881862314
2004-04-26,363740.820657118
2004-04-27,360258.0171632407
2004-04-28,347286.84671304974
2004-04-29,340110.86612448166
2004-04-30,331564.69860764523
2004-05-03,334847.6394189483
2004-05-04,342041.7481057754
2004-05-05,341922.62141890806
2004-05-06,335621.61295486294
2004-05-07,325658.05603071017
2004-05-10,324333.8578584392
2004-05-11,330401.31541087665
2004-05-12,327848.8434269116
2004-05-13,327765.141325362
2004-05-14,321869.21469271346
2004-05-17,317431.4342720495
2004-05-18,326636.40356340224
2004-05-19,329824.14631326986
2004-05-20,329490.1320364683
2004-05-21,336125.96026791615
2004-05-24,336425.3522675697
2004-05-25,345739.6047250663
2004-05-26,347493.72643353353
2004-05-27,351041.16086072545
2004-05-28,351011.5724938975
2004-06-01,352059.7089255603
2004-06-02,354815.1141657301
2004-06-03,350989.5069410202
2004-06-04,354672.7022469352
2004-06-07,363403.0262181515
2004-06-08,363789.3541821249
2004-06-09,356313.44283646677
2004-06-10,358971.84890760167
2004-06-14,352519.53705369815
2004-06-15,354463.8367108011
2004-06-16,353794.8857218259
2004-06-17,353187.25706459495
2004-06-18,351472.4737325508
2004-06-21,350376.9546270435
2004-06-22,355115.99384006805
2004-06-23,360650.14959053864
2004-06-24,359448.61674664414
2004-06-25,362713.856298501
2004-06-28,363580.63323436
2004-06-29,365222.61854176683
2004-06-30,368832.06895131903
2004-07-01,364267.6630402916
2004-07-02,360019.3736505581
2004-07-06,354069.02376255905
2004-07-07,358160.0780401688
2004-07-08,349267.21352321224
2004-07-09,350731.15553395695
2004-07-12,351108.03925004374
2004-07-13,352316.7567215641
2004-07-14,349893.0557958338
2004-07-15,348958.56954862544
2004-07-16,342876.75181147305
2004-07-19,340849.0624046659
2004-07-20,348996.80864704086
2004-07-21,337922.81347728363
2004-07-22,340945.0260075136
2004-07-23,336574.3900997207
2004-07-26,333934.9101547913
2004-07-27,342929.1707868435
2004-07-28,348499.657063449
2004-07-29,355770.9437976635
2004-07-30,357811.7105347795
2004-08-02,357069.1689878447
2004-08-03,349149.79868019157
2004-08-04,346446.49643184873
2004-08-05,334847.7558396846
2004-08-06,322332.0027760397
2004-08-09,326613.8288798453
2004-08-10,335393.6637755711
2004-08-11,326735.30279080616
2004-08-12,319961.5219714864
2004-08-13,320826.53080824664
2004-08-16,328301.1952185213
2004-08-17,327222.9911986999
2004-08-18,332598.5769280501
2004-08-19,333412.9864056642
2004-08-20,336394.72137257573
2004-08-23,334884.6341428076
2004-08-24,331171.8642494702
2004-08-25,336153.7616893318
2004-08-26,334149.94096957444
2004-08-27,337202.74555085844
2004-08-30,332216.6316156434
2004-08-31,334366.9915583262
2004-09-01,334751.152144979
2004-09-02,341365.04242568166
2004-09-03,339770.1051017754
2004-09-07,342720.937011887
2004-09-08,342633.54263677896
2004-09-09,348164.5826174236
2004-09-10,347132.150078524
2004-09-13,349448.3719065324
2004-09-14,351584.86529754126
2004-09-15,349864.0819317269
2004-09-16,349869.12561920687
2004-09-17,349447.0288172226
2004-09-20,347858.0961741318
2004-09-21,350356.3116556382
2004-09-22,344659.2144797614
2004-09-23,344397.68460979103
2004-09-24,344773.2840496913
2004-09-27,340176.61451464344
2004-09-28,346302.9550140209
2004-09-29,347623.645920805
2004-09-30,350247.7102150425
2004-10-01,354705.7235622902
2004-10-04,361154.7742747665
2004-10-05,360887.4629549276
2004-10-06,366618.7582542437
2004-10-07,361632.900833377
2004-10-08,354268.7322209378
2004-10-11,353887.2442078843
2004-10-12,351552.4960696453
2004-10-13,342261.61485536484
2004-10-14,342994.9162138491
2004-10-15,345912.445823257
2004-10-18,344650.77000333683
2004-10-19,338966.5148112446
2004-10-20,345053.9486640018
2004-10-21,350633.0092266632
2004-10-22,345077.92322450905
2004-10-25,346091.8273290384
2004-10-26,349842.2462146593
2004-10-27,352642.0170981181
2004-10-28,348659.6623385643
2004-10-29,350602.59937966306
2004-11-01,350328.2268695465
2004-11-02,349454.82676553156
2004-11-03,357563.1667203937
2004-11-04,361523.819366078
2004-11-05,362036.6602751855
2004-11-08,359120.82562667405
2004-11-09,361843.2222239172
2004-11-10,366638.8975018241
2004-11-11,370754.8890683511
2004-11-12,377291.79572069977
2004-11-15,374583.1389839043
2004-11-16,373345.33443781355
2004-11-17,378849.1383088653
2004-11-18,382110.3520488683
2004-11-19,384141.7576773483
2004-11-22,391515.6016802296
2004-11-23,391573.18919692875
2004-11-24,396820.27005736146
2004-11-26,404876.70506537205
2004-11-29,404262.30289258005
2004-11-30,402720.5145768338
2004-12-01,401371.26552265143
2004-12-02,396256.6422304312
2004-12-03,399587.27246210387
2004-12-06,402467.1284188599
2004-12-07,390602.63579858263
2004-12-08,392449.2325848468
2004-12-09,393715.0060427247
2004-12-10,394035.79551791475
2004-12-13,403556.05110257893
2004-12-14,396633.4642332345
2004-12-15,402799.0851254947
2004-12-16,398216.5044756489
2004-12-17,399465.4185384477
2004-12-20,396583.01922686375
2004-12-21,406427.0238604293
2004-12-22,404671.52640987176
2004-12-23,404093.0053584709
2004-12-27,398540.1896165065
2004-12-28,404713.03556450177
2004-12-29,404696.7017493743
2004-12-30,403144.54436988273
2004-12-31,403495.7606569057
2005-01-03,393888.56469879625
2005-01-04,384853.169748605
2005-01-05,384312.5628007591
2005-01-06,380055.0814127554
2005-01-07,382989.63517570694
2005-01-10,383745.5810096169
2005-01-11,374351.2435157668
2005-01-12,377821.7675091537
2005-01-13,379516.73955120344
2005-01-14,385587.95057656907
2005-01-18,390028.82526056253
2005-01-19,385958.2280476643
2005-01-20,374682.255753787
2005-01-21,374884.929982595
2005-01-24,362231.77512877184
2005-01-25,366205.88685117394
2005-01-26,371070.76166001114
2005-01-27,373037.305350121
2005-01-28,370182.3612396199
2005-01-31,378869.6493165931
2005-02-01,382938.4322642037
2005-02-02,389650.49275463435
2005-02-03,389826.30204359756
2005-02-04,391810.7369976041
2005-02-07,390616.65081731323
2005-02-08,394153.33438504866
2005-02-09,385312.38536985096
2005-02-10,389426.545195313
2005-02-11,393190.0318639131
2005-02-14,397759.6019277099
2005-02-15,398802.1559076616
2005-02-16,405943.7451656365
2005-02-17,399184.3900631655
2005-02-18,403924.8805573909
2005-02-22,400419.7660078172
2005-02-23,404109.29276444815
2005-02-24,414466.3939052768
2005-02-25,425050.2169710813
2005-02-28,421928.79087235965
2005-03-01,416764.58994006476
2005-03-02,420336.65287396597
2005-03-03,418754.29984218866
2005-03-04,430303.9605629655
2005-03-07,427944.0235533705
2005-03-08,421219.0690933108
2005-03-09,415439.19276710466
2005-03-10,407434.38495942316
2005-03-11,413636.63802252564
2005-03-14,412717.8313308158
2005-03-15,411148.2622123299
2005-03-16,405907.18548653234
2005-03-17,414600.4603775343
2005-03-18,414611.23854356766
2005-03-21,414401.5608272276
2005-03-22,412978.3717948232
2005-03-23,413666.4273884321
2005-03-24,416222.6413009933
2005-03-28,413498.4774566057
2005-03-29,403041.7834830179
2005-03-30,411186.92826392915
2005-03-31,416330.9065926289
2005-04-01,421975.04150514345
2005-04-04,421906.0968475138
2005-04-05,423561.98980160424
2005-04-06,432482.40911824733
2005-04-07,436090.05090436887
2005-04-08,431870.0849358459
2005-04-11,428127.27625401074
2005-04-12,430029.7917580416
2005-04-13,418484.19675828435
2005-04-14,400210.6249000948
2005-04-15,386335.7516710888
2005-04-18,394540.3455002207
2005-04-19,407972.2801397666
2005-04-20,400081.78299338557
2005-04-21,411178.5994992561
2005-04-22,407672.0436296492
2005-04-25,415893.31424852944
2005-04-26,401468.77059386636
2005-04-27,392185.5181843889
2005-04-28,384639.0473066163
2005-04-29,391367.03225635854
2005-05-02,395129.4161913622
2005-05-03,390575.6741591044
2005-05-04,397000.5737667831
2005-05-05,395478.6450226812
2005-05-06,399668.35911768134
2005-05-09,404489.12115699705
2005-05-10,398201.5416217639
2005-05-11,396411.41483272257
2005-05-12,376703.7984422565
2005-05-13,369686.9992430943
2005-05-16,369560.738581325
2005-05-17,375564.3011456667
2005-05-18,382283.4277150277
2005-05-19,387225.2493711644
2005-05-20,385823.66532001214
2005-05-23,390278.37571338844
2005-05-24,394292.44598113804
2005-05-25,393040.6096028247
2005-05-26,399532.9563482024
2005-05-27,403173.4991573
2005-05-31,399333.21311971376
2005-06-01,407123.2156156607
2005-06-02,407116.6266760761
2005-06-03,405270.0040274253
2005-06-06,407400.5343387358
2005-06-07,407956.79152615485
2005-06-08,405914.3989059033
2005-06-09,413268.58961697074
2005-06-10,410828.47400678555
2005-06-13,413777.0800459193
2005-06-14,417162.77053482714
2005-06-15,423602.98745483713
2005-06-16,426682.5405672516
2005-06-17,436179.1163373911
2005-06-20,433254.90734600247
2005-06-21,429162.4481246402
2005-06-22,430976.81834164786
2005-06-23,427351.4075831708
2005-06-24,421939.6022912158
2005-06-27,422625.8760610602
2005-06-28,425510.75493970135
2005-06-29,421461.46838482696
2005-06-30,422593.98643246474
2005-07-01,422701.215390172
2005-07-05,430920.12699418695
2005-07-06,429477.7529088109
2005-07-07,433202.69403080933
2005-07-08,433158.9249324296
2005-07-11,434932.670225856
2005-07-12,438185.08869931364
2005-07-13,435872.98664337106
2005-07-14,430943.3923722056
2005-07-15,436378.6912590548
2005-07-18,435064.4410222341
2005-07-19,439457.40165280114
2005-07-20,438546.67733879853
2005-07-21,429515.15016459645
2005-07-22,440271.74208912114
2005-07-25,437382.2204811408
2005-07-26,436515.61000393395
2005-07-27,434465.7643432331
2005-07-28,440950.1765248209
2005-07-29,436701.0877460479
2005-08-01,441723.63755683217
2005-08-02,446253.6796704339
2005-08-03,447607.50064979837
2005-08-04,449404.47191038396
2005-08-05,441326.2089265739
2005-08-08,437717.61699431617
2005-08-09,442603.5668509424
2005-08-10,445261.521433398
2005-08-11,450672.90054489835
2005-08-12,453072.55086898827
2005-08-15,455315.73601292353
2005-08-16,446761.9427377811
2005-08-17,442346.4611065426
2005-08-18,441353.7975397421
2005-08-19,446916.3607843174
2005-08-22,447827.0018677719
2005-08-23,445936.6964650085
2005-08-24,449559.51802028256
2005-08-25,450233.9705218556
2005-08-26,447235.3524822155
2005-08-29,449138.45335429953
2005-08-30,457975.89357784396
2005-08-31,476885.74022238253
2005-09-01,478287.59829505766
2005-09-02,474522.61452215514
2005-09-06,485574.3099727898
2005-09-07,492957.7707187876
2005-09-08,497713.06148009375
2005-09-09,506356.05844376766
2005-09-12,500066.30785029434
2005-09-13,499944.3864904485
2005-09-14,495917.9144962064
2005-09-15,494653.5169971122
2005-09-16,495277.86256394896
2005-09-19,496409.4422552652
2005-09-20,490277.20008599723
2005-09-21,491052.51600242476
2005-09-22,489553.15274662676
2005-09-23,491955.34792805795
2005-09-26,495924.0004217464
2005-09-27,496337.10506169306
2005-09-28,494936.69337018207
2005-09-29,498523.4322229792
2005-09-30,500190.20079176745
2005-10-03,507589.90603305463
2005-10-04,494249.8092426167
2005-10-05,473232.9681164545
2005-10-06,463727.8108091397
2005-10-07,469936.4754439497
2005-10-10,460386.3344848156
2005-10-11,465577.71976409387
2005-10-12,455819.86778317846
2005-10-13,451555.55875523516
2005-10-14,456839.51596856175
2005-10-17,463239.3251901867
2005-10-18,450225.72169834643
2005-10-19,455792.5985727803
2005-10-20,444450.7198211964
2005-10-21,449572.4419075451
2005-10-24,463724.46413644904
2005-10-25,462854.08114143374
2005-10-26,458761.0961880982
2005-10-27,444473.74945602554
2005-10-28,455579.22536773287
2005-10-31,471992.1921223079
2005-11-01,472550.72870249505
2005-11-02,484297.15495058073
2005-11-03,489591.40390029794
2005-11-04,478112.48678059597
2005-11-07,472274.83256650035
2005-11-08,469737.76762552623
2005-11-09,464792.78026268055
2005-11-10,458825.4738292975
2005-11-11,461072.612987378
2005-11-14,468301.6923861329
2005-11-15,467697.1370941839
2005-11-16,475331.9105160183
2005-11-17,481310.1437855913
2005-11-18,481544.48473306524
2005-11-21,490223.5758039764
2005-11-22,501550.8570205844
2005-11-23,498061.93064163544
2005-11-25,502180.6024212114
2005-11-28,488223.97657484375
2005-11-29,487547.9946375513
2005-11-30,490024.23415912676
2005-12-01,507435.7748811691
2005-12-02,510568.95156891923
2005-12-05,511164.30574916024
2005-12-06,516093.7924402386
2005-12-07,513781.8988141243
2005-12-08,519146.58716341504
2005-12-09,520877.6906376459
2005-12-12,525041.6407865393
2005-12-13,523579.102305067
2005-12-14,521395.13359074405
2005-12-15,516734.25832906936
2005-12-16,512698.9981029774
2005-12-19,505914.68918870087
2005-12-20,508561.7624895531
2005-12-21,515579.34758536983
2005-12-22,527082.5594024621
2005-12-23,526454.0850817241
2005-12-27,519998.68936383683
2005-12-28,523915.98317636794
2005-12-29,518298.61481149745
2005-12-30,516104.43219003035
2006-01-03,536842.8052708737
2006-01-04,545049.1784306901
2006-01-05,541205.8311197603
2006-01-06,551990.7229240127
2006-01-09,556522.6667617644
2006-01-10,569461.0416762941
2006-01-11,578356.2735026747
2006-01-12,572991.5439821059
2006-01-13,581422.2334018939
2006-01-17,584782.9376033909
2006-01-18,580936.8055338011
2006-01-19,585022.931867543
2006-01-20,579395.1191732736
2006-01-23,583533.5729717163
2006-01-24,581801.6889973637
2006-01-25,574357.6698931237
2006-01-26,575595.8480705686
2006-01-27,584568.3159980925
2006-01-30,601384.9807784355
2006-01-31,599188.2772207272
2006-02-01,590726.9903544455
2006-02-02,577047.3573663299
2006-02-03,576419.0375808727
2006-02-06,575169.0301773387
2006-02-07,565927.0981569564
2006-02-08,565881.8948572209
2006-02-09,546266.0752832687
2006-02-10,548122.5651176627
2006-02-13,543006.2362013188
2006-02-14,547753.3045283724
2006-02-15,553055.12929985
2006-02-16,568217.2993978865
2006-02-17,564937.3337482895
2006-02-21,565610.0801833607
2006-02-22,569787.4540361026
2006-02-23,568315.9784732012
2006-02-24,570181.9114254527
2006-02-27,566545.4996501702
2006-02-28,556103.6916952566
2006-03-01,568031.8332845861
2006-03-02,584095.9575629485
2006-03-03,580985.07672901
2006-03-06,571088.3602353305
2006-03-07,555029.8177786461
2006-03-08,556486.6195365582
2006-03-09,551200.7010459214
2006-03-10,558225.268108744
2006-03-13,561535.6174814493
2006-03-14,573541.8863595796
2006-03-15,586634.1971317681
2006-03-16,584513.6189920234
2006-03-17,582060.962992309
2006-03-20,580370.4708557115
2006-03-21,575342.3634211522
2006-03-22,575341.5963217437
2006-03-23,580467.0327434139
2006-03-24,589370.2399330594
2006-03-27,591452.2040290539
2006-03-28,590692.5254289227
2006-03-29,597737.0534745753
2006-03-30,596703.709367695
2006-03-31,591354.694071297
2006-04-03,594474.4251895259
2006-04-04,592408.4373762418
2006-04-05,596950.3055025631
2006-04-06,602538.1924533299
2006-04-07,593342.4751900873
2006-04-10,583782.6864495272
2006-04-11,572178.5377237938
2006-04-12,581047.3378022156
2006-04-13,577743.2661157448
2006-04-17,567933.0788283946
2006-04-18,582680.4206486784
2006-04-19,589791.164065332
2006-04-20,591339.8959161207
2006-04-21,593777.0020901907
2006-04-24,592008.3068410772
2006-04-25,584205.1515717332
2006-04-26,580898.999875045
2006-04-27,569603.6572003936
2006-04-28,567473.5781922593
2006-05-01,563453.4696100671
2006-05-02,569324.8386946324
2006-05-03,571609.2281469112
2006-05-04,576028.7042230818
2006-05-05,579292.0638196854
2006-05-08,585694.5282742999
2006-05-09,587371.7404113061
2006-05-10,586083.9542666693
2006-05-11,564696.5360233618
2006-05-12,546759.5331878363
2006-05-15,537423.1491450712
2006-05-16,537425.4575839966
2006-05-17,526253.6555030742
2006-05-18,519822.18665806437
2006-05-19,527492.9147646468
2006-05-22,506054.2601448473
2006-05-23,510791.9436841753
2006-05-24,505039.02074323274
2006-05-25,515906.11844532564
2006-05-26,524840.3172108604
2006-05-30,501841.564306551
2006-05-31,511571.2375951263
2006-06-01,521250.55907421105
2006-06-02,522888.49187943863
2006-06-05,502042.2846019729
2006-06-06,502668.4191433675
2006-06-07,487542.4256637282
2006-06-08,484710.710902767
2006-06-09,483074.2628429329
2006-06-12,460354.84202518524
2006-06-13,444379.8370348735
2006-06-14,454208.9570597919
2006-06-15,481741.4508073071
2006-06-16,476796.1588751014
2006-06-19,466422.8364141047
2006-06-20,467277.1512601989
2006-06-21,478683.88543985784
2006-06-22,475904.6088305557
2006-06-23,479126.20908734325
2006-06-26,481828.40895595815
2006-06-27,472169.2647437931
2006-06-28,476114.72658233333
2006-06-29,497077.3636102459
2006-06-30,494125.9163255967
2006-07-03,499831.31057995
2006-07-05,488244.62666365947
2006-07-06,486900.12420234235
2006-07-07,477853.5473020377
2006-07-10,465985.6035539001
2006-07-11,467760.18133493094
2006-07-12,458733.5084293671
2006-07-13,442780.3759289865
2006-07-14,438686.17322706047
2006-07-17,432686.81812118983
2006-07-18,438200.2252576182
2006-07-19,450585.64053447184
2006-07-20,430637.03286768345
2006-07-21,414264.09040262527
2006-07-24,429186.33639806
2006-07-25,446794.77064455184
2006-07-26,449754.7222480524
2006-07-27,441889.7792579441
2006-07-28,452451.1636690238
2006-07-31,457080.6772683697
2006-08-01,446655.6859584632
2006-08-02,450565.8545338283
2006-08-03,451594.76462800446
2006-08-04,444085.4151177313
2006-08-07,446323.4041949116
2006-08-08,441234.200542524
2006-08-09,441731.6183118921
2006-08-10,437067.3718420699
2006-08-11,429365.1309976139
2006-08-14,426077.08044854907
2006-08-15,438692.6552598327
2006-08-16,449128.20267592213
2006-08-17,446710.0219962537
2006-08-18,452657.9489424232
2006-08-21,449722.54339255666
2006-08-22,452377.65159126284
2006-08-23,444415.5076668068
2006-08-24,443577.5967403625
2006-08-25,446057.3327515935
2006-08-28,445382.66116863344
2006-08-29,445853.43149053265
2006-08-30,441102.5432768542
2006-08-31,432137.76907714456
2006-09-01,438974.94183084596
2006-09-05,443959.86519563076
2006-09-06,433635.53535512456
2006-09-07,430044.4014304759
2006-09-08,431144.370843017
2006-09-11,424570.99772923527
2006-09-12,431353.4557171246
2006-09-13,436349.9215886708
2006-09-14,436664.53924077976
2006-09-15,441041.91163623735
2006-09-18,448918.4765492321
2006-09-19,442922.445508414
2006-09-20,441568.72128615616
2006-09-21,441984.6576444498
2006-09-22,437440.43610358506
2006-09-25,435847.5931594652
2006-09-26,441874.6276288511
2006-09-27,443980.9514559093
2006-09-28,440650.2356024447
2006-09-29,442507.18991501763
2006-10-02,437998.81079612527
2006-10-03,434480.19073375117
2006-10-04,442006.5006886081
2006-10-05,447896.4469433743
2006-10-06,445637.61968256935
2006-10-09,453555.3815671964
2006-10-10,447759.6625705332
2006-10-11,446877.5515171101
2006-10-12,455074.9845690846
2006-10-13,460826.97854782647
2006-10-16,465532.4505283065
2006-10-17,460447.97679551324
2006-10-18,456370.68138633895
2006-10-19,460876.4179622201
2006-10-20,459418.919505249
2006-10-23,461537.17128718406
2006-10-24,469678.8051967398
2006-10-25,472163.90098967357
2006-10-26,478207.1301767464
2006-10-27,469217.2736537483
2006-10-30,468104.47664306127
2006-10-31,471069.64364364126
2006-11-01,457713.1197986846
2006-11-02,453558.2420548839
2006-11-03,451764.1571845933
2006-11-06,464986.4252752139
2006-11-07,463110.0673670746
2006-11-08,459083.9465516446
2006-11-09,459936.4509256173
2006-11-10,457251.51134399994
2006-11-13,462241.5481535914
2006-11-14,469232.07868540165
2006-11-15,470562.2264643925
2006-11-16,472318.33412536356
2006-11-17,473784.63713032875
2006-11-20,479770.0032367744
2006-11-21,486219.12014917994
2006-11-22,488847.5353953035
2006-11-24,489423.6244061273
2006-11-27,479366.51577762986
2006-11-28,480329.9999752301
2006-11-29,491734.9197540491
2006-11-30,495759.74667624163
2006-12-01,488743.71812287567
2006-12-04,506651.4453830153
2006-12-05,509436.6492663576
2006-12-06,508304.25544539513
2006-12-07,505868.88100108743
2006-12-08,508426.07234308985
2006-12-11,509511.17544376233
2006-12-12,494336.49258716416
2006-12-13,493212.2715464332
2006-12-14,495863.0430396869
2006-12-15,498012.21043980494
2006-12-18,494044.8195580023
2006-12-19,496317.3122667666
2006-12-20,492603.36818036996
2006-12-21,489997.3428155136
2006-12-22,487946.78237116203
2006-12-26,488143.4459705224
2006-12-27,495829.11909335107
2006-12-28,494814.77342636406
2006-12-29,491185.86167242593
2007-01-03,486788.0616524843
2007-01-04,486480.912369141
2007-01-05,478914.56205026864
2007-01-08,486740.8554057334
2007-01-09,485795.2524547729
2007-01-10,488980.9220519739
2007-01-11,496986.5569613197
2007-01-12,499600.2420682915
2007-01-16,502370.6421392047
2007-01-17,501872.0210217224
2007-01-18,493950.5610524313
2007-01-19,498438.3077965933
2007-01-22,496514.1918596205
2007-01-23,504098.87093735073
2007-01-24,516451.7644754473
2007-01-25,510269.4524910749
2007-01-26,512472.72212169046
2007-01-29,514597.4696016417
2007-01-30,519377.89218676987
2007-01-31,521820.9260036105
2007-02-01,526400.9811143256
2007-02-02,527265.0109510269
2007-02-05,526252.0914716336
2007-02-06,530206.2423206989
2007-02-07,533606.3021429948
2007-02-08,530428.9419979973
2007-02-09,516837.05570629623
2007-02-12,513926.44606404816
2007-02-13,521368.1624418956
2007-02-14,525377.6096523432
2007-02-15,533109.1151241646
2007-02-16,531116.3336530807
2007-02-20,534466.1479053403
2007-02-21,543501.1535148993
2007-02-22,539827.23513329
2007-02-23,541892.2379180483
2007-02-26,535876.7348815255
2007-02-27,508761.37225345074
2007-02-28,513457.20578882226
2007-03-01,507451.0210177343
2007-03-02,499188.1007497375
2007-03-05,490573.5220124404
2007-03-06,506710.359646976
2007-03-07,505970.91098056576
2007-03-08,518725.41201068764
2007-03-09,529476.6426632926
2007-03-12,533806.612093288
2007-03-13,515994.05538720055
2007-03-14,522937.127757806
2007-03-15,530034.4040422993
2007-03-16,526024.9083274788
2007-03-19,539528.4403038796
2007-03-20,543948.3430331558
2007-03-21,555261.529141242
2007-03-22,553837.4489442032
2007-03-23,556472.3230444319
2007-03-26,557189.6341883576
2007-03-27,550546.2130479262
2007-03-28,544968.0286410059
2007-03-29,548649.2085229006
2007-03-30,545890.337678325
2007-04-02,550555.9313715055
2007-04-03,556419.2432415213
2007-04-04,559893.953138746
2007-04-05,562318.0272970512
2007-04-09,564697.1851091053
2007-04-10,565235.8465151439
2007-04-11,560325.8474232764
2007-04-12,563750.257083538
2007-04-13,562086.8582255645
2007-04-16,569416.896236867
2007-04-17,568696.9015129954
2007-04-18,566078.7787745747
2007-04-19,563869.7319184043
2007-04-20,571353.5824843287
2007-04-23,576783.0818209586
2007-04-24,581312.5057603009
2007-04-25,580294.9122199435
2007-04-26,577652.73834605
2007-04-27,582155.795041351
2007-04-30,569787.4642093399
2007-05-01,567184.8508691839
2007-05-02,575976.9378007128
2007-05-03,578437.7029364142
2007-05-04,579286.0305489609
2007-05-07,581877.281624416
2007-05-08,583653.4756771897
2007-05-09,592557.8641904894
2007-05-10,583711.0597863761
2007-05-11,590959.8733436645
2007-05-14,589869.4210944659
2007-05-15,586537.5568216834
2007-05-16,586113.7759715517
2007-05-17,586070.6256052909
2007-05-18,589085.0419542296
2007-05-21,590751.6768801006
2007-05-22,589289.6213400539
2007-05-23,586813.127780781
2007-05-24,575720.5806975845
2007-05-25,581986.6652024973
2007-05-29,585406.5159943359
2007-05-30,593375.21667506
2007-05-31,590234.8604851094
2007-06-01,590944.0325920308
2007-06-04,592218.9989084644
2007-06-05,592717.1424274134
2007-06-06,585195.9948427109
2007-06-07,569837.1604541478
2007-06-08,574858.7347319311
2007-06-11,572376.3625509085
2007-06-12,562135.0190804714
2007-06-13,571173.2746991718
2007-06-14,576516.1418000197
2007-06-15,578912.9957153107
2007-06-18,573818.0510522942
2007-06-19,575632.5765356112
2007-06-20,565786.7723018233
2007-06-21,572872.3120728384
2007-06-22,565784.0758273939
2007-06-25,562246.6113322695
2007-06-26,555146.5870880304
2007-06-27,557682.1086755587
2007-06-28,562623.255635109
2007-06-29,562996.0874216794
2007-07-02,580493.3335350081
2007-07-03,582989.5848796442
2007-07-05,587465.7679857066
2007-07-06,591756.5396998811
2007-07-09,596405.5486638204
2007-07-10,585162.5132089818
2007-07-11,589355.2932522352
2007-07-12,600434.175921859
2007-07-13,602883.9838272224
2007-07-16,601331.2219598844
2007-07-17,599860.717962892
2007-07-18,596078.2508734806
2007-07-19,601118.3556402088
2007-07-20,591271.6514781401
2007-07-23,589209.889522809
2007-07-24,573883.4572938149
2007-07-25,579575.2409398174
2007-07-26,567229.0879839632
2007-07-27,554608.482953327
2007-07-30,567306.740702848
2007-07-31,552328.8845337129
2007-08-01,550328.4819595125
2007-08-02,556443.1772201693
2007-08-03,534652.6038501135
2007-08-06,546870.8765328318
2007-08-07,543989.1402057868
2007-08-08,549422.6126755627
2007-08-09,526251.1093220828
2007-08-10,528062.318286349
2007-08-13,540351.8149320788
2007-08-14,518933.29755233065
2007-08-15,503649.236877076
2007-08-16,496309.91807649273
2007-08-17,519220.5054472961
2007-08-20,524153.83707608446
2007-08-21,533145.3743415072
2007-08-22,550167.4397895421
2007-08-23,542904.025387404
2007-08-24,555422.6502097809
2007-08-27,548343.5523997226
2007-08-28,529501.9890412119
2007-08-29,548057.309544304
2007-08-30,546327.8642565514
2007-08-31,558351.2498140266
2007-09-04,568984.3279574375
2007-09-05,560815.151733387
2007-09-06,564010.7814315399
2007-09-07,546864.1702937762
2007-09-10,544346.7820252303
2007-09-11,556742.5307250806
2007-09-12,554346.6934373917
2007-09-13,554976.090811504
2007-09-14,556774.2647712366
2007-09-17,552682.1831197294
2007-09-18,583697.8330219911
2007-09-19,588572.863507745
2007-09-20,590096.7887225746
2007-09-21,601348.6509178879
2007-09-24,599021.3294234218
2007-09-25,608648.4686213374
2007-09-26,610983.485404632
2007-09-27,618075.3801417979
2007-09-28,614193.6348333532
2007-10-01,624391.7714444022
2007-10-02,624489.264418893
2007-10-03,615754.7403200541
2007-10-04,619781.0844534183
2007-10-05,632257.2367305956
2007-10-08,635639.626465328
2007-10-09,644292.3499600434
2007-10-10,640497.3195031596
2007-10-11,628856.0958892844
2007-10-12,638260.0102116015
2007-10-15,631111.2462548179
2007-10-16,626979.1026605628
2007-10-17,631402.4235790912
2007-10-18,633882.1326157172
2007-10-19,612830.0490808102
2007-10-22,612898.5230684339
2007-10-23,638373.7983143721
2007-10-24,627851.9477526651
2007-10-25,608149.0713623012
2007-10-26,610984.380597068
2007-10-29,618972.7897708982
2007-10-30,614887.1361544431
2007-10-31,627187.3430756547
2007-11-01,612794.4683991924
2007-11-02,617919.7100743862
2007-11-05,612970.4292144952
2007-11-06,630521.6140005899
2007-11-07,613132.1872232046
2007-11-08,600788.4295045328
2007-11-09,576863.7491692601
2007-11-12,549362.2205341115
2007-11-13,572888.0049022095
2007-11-14,570263.7030750206
2007-11-15,555207.6615358806
2007-11-16,561946.6491946683
2007-11-19,547220.6193069544
2007-11-20,552811.9614635372
2007-11-21,548520.3368058968
2007-11-23,558224.3021595482
2007-11-26,552286.0357147794
2007-11-27,560015.9515440734
2007-11-28,588259.7244947022
2007-11-29,590455.1068652284
2007-11-30,594461.4320370802
2007-12-03,599323.7153589061
2007-12-04,599246.4054369039
2007-12-05,612396.8667532122
2007-12-06,623782.0700814037
2007-12-07,622158.1573565223
2007-12-10,624685.5878711196
2007-12-11,603464.0584147129
2007-12-12,616930.8488892413
2007-12-13,620147.6112450039
2007-12-14,613952.4380005838
2007-12-17,590460.8939767461
2007-12-18,590624.8811586534
2007-12-19,591367.5615929464
2007-12-20,599692.3702235442
2007-12-21,615050.3289890906
2007-12-24,622043.5121000368
2007-12-26,626529.3115839564
2007-12-27,620441.2176866573
2007-12-28,619482.285799982
2007-12-31,615324.5034116359
2008-01-02,612718.3324964341
2008-01-03,617551.0921783337
2008-01-04,617551.0921783337
2008-01-07,617551.0921783337
2008-01-08,617551.0921783337
2008-01-09,617551.0921783337
2008-01-10,617551.0921783337
2008-01-11,617551.0921783337
2008-01-14,617551.0921783337
2008-01-15,617551.0921783337
2008-01-16,617551.0921783337
2008-01-17,617551.0921783337
2008-01-18,617551.0921783337
2008-01-22,617551.0921783337
2008-01-23,617551.0921783337
2008-01-24,617551.0921783337
2008-01-25,617551.0921783337
2008-01-28,617551.0921783337
2008-01-29,617551.0921783337
2008-01-30,617551.0921783337
2008-01-31,617551.0921783337
2008-02-01,617551.0921783337
2008-02-04,617551.0921783337
2008-02-05,617551.0921783337
2008-02-06,617551.0921783337
2008-02-07,617551.0921783337
2008-02-08,617551.0921783337
2008-02-11,617551.0921783337
2008-02-12,617551.0921783337
2008-02-13,617551.0921783337
2008-02-14,617551.0921783337
2008-02-15,617551.0921783337
2008-02-19,617551.0921783337
2008-02-20,617551.0921783337
2008-02-21,617551.0921783337
2008-02-22,617551.0921783337
2008-02-25,617551.0921783337
2008-02-26,617551.0921783337
2008-02-27,617551.0921783337
2008-02-28,617551.0921783337
2008-02-29,617551.0921783337
2008-03-03,617551.0921783337
2008-03-04,617551.0921783337
2008-03-05,617551.0921783337
2008-03-06,617551.0921783337
2008-03-07,617551.0921783337
2008-03-10,617551.0921783337
2008-03-11,617551.0921783337
2008-03-12,617551.0921783337
2008-03-13,617551.0921783337
2008-03-14,617551.0921783337
2008-03-17,617551.0921783337
2008-03-18,617551.0921783337
2008-03-19,617551.0921783337
2008-03-20,617551.0921783337
2008-03-24,617551.0921783337
2008-03-25,617551.0921783337
2008-03-26,617551.0921783337
2008-03-27,617551.0921783337
2008-03-28,617551.0921783337
2008-03-31,617551.0921783337
2008-04-01,617551.0921783337
2008-04-02,617551.0921783337
2008-04-03,617551.0921783337
2008-04-04,617551.0921783337
2008-04-07,617551.0921783337
2008-04-08,617551.0921783337
2008-04-09,617551.0921783337
2008-04-10,617551.0921783337
2008-04-11,617551.0921783337
2008-04-14,617551.0921783337
2008-04-15,617551.0921783337
2008-04-16,617551.0921783337
2008-04-17,617551.0921783337
2008-04-18,617551.0921783337
2008-04-21,617551.0921783337
2008-04-22,617551.0921783337
2008-04-23,617551.0921783337
2008-04-24,617551.0921783337
2008-04-25,617551.0921783337
2008-04-28,617551.0921783337
2008-04-29,617551.0921783337
2008-04-30,617551.0921783337
2008-05-01,617551.0921783337
2008-05-02,617551.0921783337
2008-05-05,617551.0921783337
2008-05-06,617551.0921783337
2008-05-07,617551.0921783337
2008-05-08,617551.0921783337
2008-05-09,617551.0921783337
2008-05-12,617551.0921783337
2008-05-13,617551.0921783337
2008-05-14,617551.0921783337
2008-05-15,617551.0921783337
2008-05-16,617551.0921783337
2008-05-19,617551.0921783337
2008-05-20,617551.0921783337
2008-05-21,617551.0921783337
2008-05-22,617551.0921783337
2008-05-23,617551.0921783337
2008-05-27,617551.0921783337
2008-05-28,617551.0921783337
2008-05-29,617551.0921783337
2008-05-30,617551.0921783337
2008-06-02,617551.0921783337
2008-06-03,617551.0921783337
2008-06-04,617551.0921783337
2008-06-05,617551.0921783337
2008-06-06,617551.0921783337
2008-06-09,617551.0921783337
2008-06-10,617551.0921783337
2008-06-11,617551.0921783337
2008-06-12,617551.0921783337
2008-06-13,617551.0921783337
2008-06-16,617551.0921783337
2008-06-17,617551.0921783337
2008-06-18,617551.0921783337
2008-06-19,617551.0921783337
2008-06-20,617551.0921783337
2008-06-23,617551.0921783337
2008-06-24,617551.0921783337
2008-06-25,617551.0921783337
2008-06-26,617551.0921783337
2008-06-27,617551.0921783337
2008-06-30,617551.0921783337
2008-07-01,617551.0921783337
2008-07-02,617551.0921783337
2008-07-03,617551.0921783337
2008-07-07,617551.0921783337
2008-07-08,617551.0921783337
2008-07-09,617551.0921783337
2008-07-10,617551.0921783337
2008-07-11,617551.0921783337
2008-07-14,617551.0921783337
2008-07-15,617551.0921783337
2008-07-16,617551.0921783337
2008-07-17,617551.0921783337
2008-07-18,617551.0921783337
2008-07-21,617551.0921783337
2008-07-22,617551.0921783337
2008-07-23,617551.0921783337
2008-07-24,617551.0921783337
2008-07-25,617551.0921783337
2008-07-28,617551.0921783337
2008-07-29,617551.0921783337
2008-07-30,617551.0921783337
2008-07-31,617551.0921783337
2008-08-01,617551.0921783337
2008-08-04,617551.0921783337
2008-08-05,617551.0921783337
2008-08-06,617551.0921783337
2008-08-07,617551.0921783337
2008-08-08,617551.0921783337
2008-08-11,617551.0921783337
2008-08-12,617551.0921783337
2008-08-13,617551.0921783337
2008-08-14,617551.0921783337
2008-08-15,617551.0921783337
2008-08-18,617551.0921783337
2008-08-19,617551.0921783337
2008-08-20,617551.0921783337
2008-08-21,617551.0921783337
2008-08-22,617551.0921783337
2008-08-25,617551.0921783337
2008-08-26,617551.0921783337
2008-08-27,617551.0921783337
2008-08-28,617551.0921783337
2008-08-29,617551.0921783337
2008-09-02,617551.0921783337
2008-09-03,617551.0921783337
2008-09-04,617551.0921783337
2008-09-05,617551.0921783337
2008-09-08,617551.0921783337
2008-09-09,617551.0921783337
2008-09-10,617551.0921783337
2008-09-11,617551.0921783337
2008-09-12,617551.0921783337
2008-09-15,617551.0921783337
2008-09-16,617551.0921783337
2008-09-17,617551.0921783337
2008-09-18,617551.0921783337
2008-09-19,617551.0921783337
2008-09-22,617551.0921783337
2008-09-23,617551.0921783337
2008-09-24,617551.0921783337
2008-09-25,617551.0921783337
2008-09-26,617551.0921783337
2008-09-29,617551.0921783337
2008-09-30,617551.0921783337
2008-10-01,617551.0921783337
2008-10-02,617551.0921783337
2008-10-03,617551.0921783337
2008-10-06,617551.0921783337
2008-10-07,617551.0921783337
2008-10-08,617551.0921783337
2008-10-09,617551.0921783337
2008-10-10,617551.0921783337
2008-10-13,617551.0921783337
2008-10-14,617551.0921783337
2008-10-15,617551.0921783337
2008-10-16,617551.0921783337
2008-10-17,617551.0921783337
2008-10-20,617551.0921783337
2008-10-21,617551.0921783337
2008-10-22,617551.0921783337
2008-10-23,617551.0921783337
2008-10-24,617551.0921783337
2008-10-27,617551.0921783337
2008-10-28,617551.0921783337
2008-10-29,617551.0921783337
2008-10-30,617551.0921783337
2008-10-31,617551.0921783337
2008-11-03,617551.0921783337
2008-11-04,617551.0921783337
2008-11-05,617551.0921783337
2008-11-06,617551.0921783337
2008-11-07,617551.0921783337
2008-11-10,617551.0921783337
2008-11-11,617551.0921783337
2008-11-12,617551.0921783337
2008-11-13,617551.0921783337
2008-11-14,617551.0921783337
2008-11-17,617551.0921783337
2008-11-18,617551.0921783337
2008-11-19,617551.0921783337
2008-11-20,617551.0921783337
2008-11-21,617551.0921783337
2008-11-24,617551.0921783337
2008-11-25,617551.0921783337
2008-11-26,617551.0921783337
2008-11-28,617551.0921783337
2008-12-01,617551.0921783337
2008-12-02,617551.0921783337
2008-12-03,617551.0921783337
2008-12-04,617551.0921783337
2008-12-05,617551.0921783337
2008-12-08,617551.0921783337
2008-12-09,617551.0921783337
2008-12-10,617551.0921783337
2008-12-11,617551.0921783337
2008-12-12,617551.0921783337
2008-12-15,617551.0921783337
2008-12-16,617551.0921783337
2008-12-17,617551.0921783337
2008-12-18,617551.0921783337
2008-12-19,617551.0921783337
2008-12-22,617551.0921783337
2008-12-23,617551.0921783337
2008-12-24,617551.0921783337
2008-12-26,617551.0921783337
2008-12-29,617551.0921783337
2008-12-30,617551.0921783337
2008-12-31,617551.0921783337
2009-01-02,617551.0921783337
2009-01-05,617551.0921783337
2009-01-06,617551.0921783337
2009-01-07,617551.0921783337
2009-01-08,617551.0921783337
2009-01-09,617551.0921783337
2009-01-12,617551.0921783337
2009-01-13,617551.0921783337
2009-01-14,617551.0921783337
2009-01-15,617551.0921783337
2009-01-16,617551.0921783337
2009-01-20,617551.0921783337
2009-01-21,617551.0921783337
2009-01-22,617551.0921783337
2009-01-23,617551.0921783337
2009-01-26,617551.0921783337
2009-01-27,617551.0921783337
2009-01-28,617551.0921783337
2009-01-29,617551.0921783337
2009-01-30,617551.0921783337
2009-02-02,617551.0921783337
2009-02-03,617551.0921783337
2009-02-04,617551.0921783337
2009-02-05,617551.0921783337
2009-02-06,617551.0921783337
2009-02-09,617551.0921783337
2009-02-10,617551.0921783337
2009-02-11,617551.0921783337
2009-02-12,617551.0921783337
2009-02-13,617551.0921783337
2009-02-17,617551.0921783337
2009-02-18,617551.0921783337
2009-02-19,617551.0921783337
2009-02-20,617551.0921783337
2009-02-23,617551.0921783337
2009-02-24,617551.0921783337
2009-02-25,617551.0921783337
2009-02-26,617551.0921783337
2009-02-27,617551.0921783337
2009-03-02,617551.0921783337
2009-03-03,617551.0921783337
2009-03-04,617551.0921783337
2009-03-05,617551.0921783337
2009-03-06,617551.0921783337
2009-03-09,617551.0921783337
2009-03-10,617551.0921783337
2009-03-11,617551.0921783337
2009-03-12,617551.0921783337
2009-03-13,617551.0921783337
2009-03-16,617551.0921783337
2009-03-17,617551.0921783337
2009-03-18,617551.0921783337
2009-03-19,617551.0921783337
2009-03-20,617551.0921783337
2009-03-23,617551.0921783337
2009-03-24,617551.0921783337
2009-03-25,617551.0921783337
2009-03-26,617551.0921783337
2009-03-27,617551.0921783337
2009-03-30,617551.0921783337
2009-03-31,617551.0921783337
2009-04-01,617551.0921783337
2009-04-02,617551.0921783337
2009-04-03,617551.0921783337
2009-04-06,617551.0921783337
2009-04-07,617551.0921783337
2009-04-08,617551.0921783337
2009-04-09,617551.0921783337
2009-04-13,617551.0921783337
2009-04-14,617551.0921783337
2009-04-15,617551.0921783337
2009-04-16,617551.0921783337
2009-04-17,617551.0921783337
2009-04-20,617551.0921783337
2009-04-21,617551.0921783337
2009-04-22,617551.0921783337
2009-04-23,617551.0921783337
2009-04-24,617551.0921783337
2009-04-27,617551.0921783337
2009-04-28,617551.0921783337
2009-04-29,617551.0921783337
2009-04-30,617551.0921783337
2009-05-01,617551.0921783337
2009-05-04,617551.0921783337
2009-05-05,617551.0921783337
2009-05-06,617551.0921783337
2009-05-07,617551.0921783337
2009-05-08,617551.0921783337
2009-05-11,617551.0921783337
2009-05-12,617551.0921783337
2009-05-13,617551.0921783337
2009-05-14,617551.0921783337
2009-05-15,617551.0921783337
2009-05-18,617551.0921783337
2009-05-19,617551.0921783337
2009-05-20,617551.0921783337
2009-05-21,617551.0921783337
2009-05-22,617551.0921783337
2009-05-26,617551.0921783337
2009-05-27,617551.0921783337
2009-05-28,617551.0921783337
2009-05-29,617551.0921783337
2009-06-01,617551.0921783337
2009-06-02,626768.5677425318
2009-06-03,623451.2078852039
2009-06-04,620313.1891151556
2009-06-05,617506.1856730337
2009-06-08,622353.7282823488
2009-06-09,624390.4633095022
2009-06-10,621208.8721781339
2009-06-11,612861.0157004764
2009-06-12,612991.7408583837
2009-06-15,603139.5033241785
2009-06-16,597541.790764652
2009-06-17,610654.2743051188
2009-06-18,616001.5861506887
2009-06-19,619028.226465161
2009-06-22,609040.9955017426
2009-06-23,601771.2818710505
2009-06-24,596803.8476249939
2009-06-25,616105.2047013869
2009-06-26,616925.2510882784
2009-06-29,621765.1232705718
2009-06-30,620773.9842179095
2009-07-01,622304.228562462
2009-07-02,606084.5853106412
2009-07-06,611633.8315776506
2009-07-07,599048.5524723637
2009-07-08,607201.284956381
2009-07-09,607773.8708562101
2009-07-10,604374.2390621793
2009-07-13,616836.473226808
2009-07-14,625004.8218201164
2009-07-15,638000.6981977306
2009-07-16,639544.9211278316
2009-07-17,634696.0039106631
2009-07-20,644402.6613606183
2009-07-21,638950.5475126186
2009-07-22,641676.3298566532
2009-07-23,650299.1188754844
2009-07-24,653617.4504657551
2009-07-27,658909.6195100258
2009-07-28,659125.0724833653
2009-07-29,657989.5849770433
2009-07-30,669644.4007504776
2009-07-31,671344.8611036808
2009-08-03,678862.7638369849
2009-08-04,675725.6427266372
2009-08-05,674340.8323680508
2009-08-06,667287.2377632379
2009-08-07,677378.9382846719
2009-08-10,664390.0799520588
2009-08-11,661338.6151901156
2009-08-12,662586.6585575361
2009-08-13,662567.5943554
2009-08-14,654210.8484543554
2009-08-17,642160.7743465947
2009-08-18,651361.8703691171
2009-08-19,656576.5104805434
2009-08-20,662449.5343075538
2009-08-21,668066.8593740384
2009-08-24,656115.4240135432
2009-08-25,666055.6502866358
2009-08-26,669171.16135363
2009-08-27,668891.7078648424
2009-08-28,668967.5215204532
2009-08-31,662531.68055222
2009-09-01,645300.3827389551
2009-09-02,636592.1491855201
2009-09-03,641474.2966005398
2009-09-04,651104.785479487
2009-09-08,662096.2718258195
2009-09-09,668336.4039497355
2009-09-10,676458.0486829049
2009-09-11,669703.5475216275
2009-09-14,674728.2087761741
2009-09-15,680226.8234526417
2009-09-16,690992.3556091676
2009-09-17,683260.1182412311
2009-09-18,686968.336978265
2009-09-21,686361.3824852547
2009-09-22,694854.6096425395
2009-09-23,687041.7796220036
2009-09-24,677857.0437559849
2009-09-25,671999.8809058877
2009-09-28,688847.179998239
2009-09-29,688430.6568460023
2009-09-30,689700.5183533485
2009-10-01,664762.597381311
2009-10-02,659798.6975624476
2009-10-05,679531.6672201335
2009-10-06,689725.8936725736
2009-10-07,692808.5028754472
2009-10-08,691249.1965527629
2009-10-09,701632.6388066495
2009-10-12,713729.6034971882
2009-10-13,714400.4742698413
2009-10-14,726439.5704652275
2009-10-15,723109.4500768206
2009-10-16,705373.1120611362
2009-10-19,718660.3347490961
2009-10-20,721253.9934353487
2009-10-21,717788.5545586045
2009-10-22,720629.7349503967
2009-10-23,706412.7835136874
2009-10-26,700131.4992441061
2009-10-27,680446.3820615988
2009-10-28,659208.7228207261
2009-10-29,675213.6599082141
2009-10-30,646824.8088372253
2009-11-02,654956.1139844937
2009-11-03,672468.134295533
2009-11-04,663705.2869358591
2009-11-05,669020.8656224948
2009-11-06,675362.5827071102
2009-11-09,698875.6010553805
2009-11-10,698071.7725880275
2009-11-11,704105.3375699647
2009-11-12,691557.5048139064
2009-11-13,696648.8539690195
2009-11-16,708187.6377079485
2009-11-17,714321.9986653901
2009-11-18,712906.3631592622
2009-11-19,696152.9545751029
2009-11-20,693020.0931659406
2009-11-23,701546.1655606836
2009-11-24,696797.8698870174
2009-11-25,703785.9122759921
2009-11-27,684557.123898512
2009-11-30,686561.7658052616
2009-12-01,698690.8277621742
2009-12-02,712192.7247159056
2009-12-03,704050.8419328983
2009-12-04,715373.958556248
2009-12-07,710435.6581720187
2009-12-08,700673.9461235394
2009-12-09,702598.1935160378
2009-12-10,703147.5696794986
2009-12-11,705366.8755125817
2009-12-14,725039.7453434656
2009-12-15,719818.5770509371
2009-12-16,733450.3812607124
2009-12-17,718985.8418504285
2009-12-18,722314.3073866396
2009-12-21,734616.5536412713
2009-12-22,750159.440396428
2009-12-23,755499.182659588
2009-12-24,760499.8778727239
2009-12-28,754008.2601490851
2009-12-29,750826.1397174523
2009-12-30,742608.3771200636
2009-12-31,735343.4268210209
2010-01-04,751100.7931773235
2010-01-05,772437.2030365464
2010-01-06,771030.7734379902
2010-01-07,769292.138550973
2010-01-08,773671.0424394986
2010-01-11,772596.8615358132
2010-01-12,746101.6546696837
2010-01-13,760462.7367029464
2010-01-14,761016.7602154631
2010-01-15,743722.6653829904
2010-01-19,748920.3459791073
2010-01-20,735158.2569131419
2010-01-21,722413.0943089423
2010-01-22,681900.4465339733
2010-01-25,694879.6238622145
2010-01-26,699809.1661545222
2010-01-27,705829.8714036559
2010-01-28,690326.6608736576
2010-01-29,677866.2062913992
2010-02-01,701976.7475799548
2010-02-02,717620.8619354736
2010-02-03,712643.3067386018
2010-02-04,672203.2100113787
2010-02-05,669505.3889730676
2010-02-08,668055.349779424
2010-02-09,684797.0198440719
2010-02-10,687436.1722998043
2010-02-11,704758.4059630008
2010-02-12,702561.5475912897
2010-02-16,720014.4136574031
2010-02-17,723543.7044566219
2010-02-18,734704.1451254225
2010-02-19,735925.1306389862
2010-02-22,737848.0519985678
2010-02-23,718694.6869613614
2010-02-24,730790.6915873077
2010-02-25,727319.8649409917
2010-02-26,732572.4956213373
2010-03-01,749674.0504455543
2010-03-02,756310.7234883156
2010-03-03,757670.9651523205
2010-03-04,761814.5967008019
2010-03-05,774232.1372692139
2010-03-08,774549.5056506636
2010-03-09,774083.4935245124
2010-03-10,776726.6142891526
2010-03-11,781633.0749172462
2010-03-12,782550.8493075809
2010-03-15,784251.4077302279
2010-03-16,795580.1327705779
2010-03-17,808953.3083532141
2010-03-18,801102.680011139
2010-03-19,784459.9657057341
2010-03-22,806690.4423939749
2010-03-23,812144.5614054819
2010-03-24,808721.8115425642
2010-03-25,803544.6449499886
2010-03-26,811547.5995914324
2010-03-29,818046.0735250933
2010-03-30,811438.2419216582
2010-03-31,810095.9621984328
2010-04-01,823848.1514553996
2010-04-05,835867.3959221422
2010-04-06,835950.939813338
2010-04-07,827369.5884093139
2010-04-08,835749.4519847196
2010-04-09,838359.3836560705
2010-04-12,843030.2539740998
2010-04-13,841283.4126995966
2010-04-14,861892.4677959994
2010-04-15,867619.0285021107
2010-04-16,839729.0258040096
2010-04-19,844230.2261865782
2010-04-20,864922.1186524787
2010-04-21,869836.8468787576
2010-04-22,876648.5430287757
2010-04-23,883197.278319004
2010-04-26,883244.2938060808
2010-04-27,829564.7724871399
2010-04-28,829454.2014049508
2010-04-29,852138.554863043
2010-04-30,825462.8005281931
2010-05-03,843742.1948656675
2010-05-04,806962.3192451303
2010-05-05,799802.9145947339
2010-05-06,744674.1632601813
2010-05-07,729710.4872359283
2010-05-10,794590.8192362522
2010-05-11,785592.2576411699
2010-05-12,802821.4056833787
2010-05-13,781607.470131841
2010-05-14,753225.4641220936
2010-05-17,747028.4016859139
2010-05-18,727477.4894742469
2010-05-19,720561.4777500546
2010-05-20,675230.6227156305
2010-05-21,700442.9944976413
2010-05-24,689895.0295410552
2010-05-25,700493.6564234793
2010-05-26,698639.1752732227
2010-05-27,742956.0890624953
2010-05-28,726188.6250591952
2010-06-01,692752.864457265
2010-06-02,700781.2320003584
2010-06-03,700781.2320003584
2010-06-04,700781.2320003584
2010-06-07,700781.2320003584
2010-06-08,700781.2320003584
2010-06-09,700781.2320003584
2010-06-10,700781.2320003584
2010-06-11,700781.2320003584
2010-06-14,700781.2320003584
2010-06-15,700781.2320003584
2010-06-16,700781.2320003584
2010-06-17,700781.2320003584
2010-06-18,700781.2320003584
2010-06-21,700781.2320003584
2010-06-22,700781.2320003584
2010-06-23,700781.2320003584
2010-06-24,700781.2320003584
2010-06-25,700781.2320003584
2010-06-28,700781.2320003584
2010-06-29,700781.2320003584
2010-06-30,700781.2320003584
2010-07-01,700781.2320003584
2010-07-02,700781.2320003584
2010-07-06,700781.2320003584
2010-07-07,700781.2320003584
2010-07-08,700781.2320003584
2010-07-09,700781.2320003584
2010-07-12,700781.2320003584
2010-07-13,700781.2320003584
2010-07-14,700781.2320003584
2010-07-15,700781.2320003584
2010-07-16,700781.2320003584
2010-07-19,700781.2320003584
2010-07-20,700781.2320003584
2010-07-21,700781.2320003584
2010-07-22,700781.2320003584
2010-07-23,700781.2320003584
2010-07-26,700781.2320003584
2010-07-27,700781.2320003584
2010-07-28,700781.2320003584
2010-07-29,700781.2320003584
2010-07-30,700781.2320003584
2010-08-02,700781.2320003584
2010-08-03,695722.3669526705
2010-08-04,696720.9449500854
2010-08-05,694663.0822506681
2010-08-06,693471.6362587945
2010-08-09,703000.4146708519
2010-08-10,691632.7581700176
2010-08-11,662852.6334026547
2010-08-12,660715.687645106
2010-08-13,657410.0654355887
2010-08-16,658206.7665466693
2010-08-17,670446.9182757131
2010-08-18,675350.0837562504
2010-08-19,660934.4249198701
2010-08-20,671622.9137491944
2010-08-23,663383.0581072968
2010-08-24,649415.3702070939
2010-08-25,655959.478064637
2010-08-26,644306.1556418567
2010-08-27,656614.9865592653
2010-08-30,641456.5222216072
2010-08-31,639050.9860704603
2010-09-01,667681.4913530138
2010-09-02,668889.1288451841
2010-09-03,668889.1288451841
2010-09-07,668889.1288451841
2010-09-08,668889.1288451841
2010-09-09,668889.1288451841
2010-09-10,668889.1288451841
2010-09-13,668889.1288451841
2010-09-14,668889.1288451841
2010-09-15,668889.1288451841
2010-09-16,668889.1288451841
2010-09-17,668889.1288451841
2010-09-20,668889.1288451841
2010-09-21,668889.1288451841
2010-09-22,668889.1288451841
2010-09-23,668889.1288451841
2010-09-24,668889.1288451841
2010-09-27,668889.1288451841
2010-09-28,668889.1288451841
2010-09-29,668889.1288451841
2010-09-30,668889.1288451841
2010-10-01,668889.1288451841
2010-10-04,658472.0348627884
2010-10-05,678760.1997802197
2010-10-06,663256.6087580875
2010-10-07,660583.6520548023
2010-10-08,675998.750363065
2010-10-11,669171.9161937938
2010-10-12,676769.212028531
2010-10-13,684603.1366201582
2010-10-14,681707.2152156872
2010-10-15,686485.1992443156
2010-10-18,679734.8470678703
2010-10-19,664246.1811194196
2010-10-20,674166.4030661854
2010-10-21,671830.8003297552
2010-10-22,679110.3292255251
2010-10-25,689470.0706199394
2010-10-26,668696.3419349502
2010-10-27,671614.4741827608
2010-10-28,668188.7465544271
2010-10-29,673510.20651025
2010-11-01,673213.6667880883
2010-11-02,682903.0751524766
2010-11-03,684985.879945365
2010-11-04,701679.8033577187
2010-11-05,709166.9408434385
2010-11-08,712384.9823505436
2010-11-09,703911.3341916704
2010-11-10,711925.4538990923
2010-11-11,710219.4577119596
2010-11-12,696579.1460174876
2010-11-15,686719.320876782
2010-11-16,671298.6235404655
2010-11-17,675792.416007303
2010-11-18,692505.6660061392
2010-11-19,713508.1283692366
2010-11-22,727439.7629431973
2010-11-23,717241.3433564769
2010-11-24,738048.8779155598
2010-11-26,737487.9495770195
2010-11-29,732075.4688054783
2010-11-30,722731.721826388
2010-12-01,746131.1428689954
2010-12-02,754687.1707624199
2010-12-03,758292.5195618835
2010-12-06,760696.5623599407
2010-12-07,761908.3722280223
2010-12-08,762317.9143797264
2010-12-09,758684.2243329053
2010-12-10,763817.8586282751
2010-12-13,757988.7840619535
2010-12-14,744949.6727845946
2010-12-15,737226.7941257335
2010-12-16,745076.777234782
2010-12-17,750161.6777231155
2010-12-20,751376.904360606
2010-12-21,765950.8194961409
2010-12-22,759004.1929196584
2010-12-23,755670.1203394635
2010-12-27,753200.5621581288
2010-12-28,750706.5141504264
2010-12-29,750686.3035833777
2010-12-30,752561.7033104524
2010-12-31,748210.457478024
2011-01-03,765002.6044795987
2011-01-04,756617.5425381606
2011-01-05,764497.6576087867
2011-01-06,759759.8378814416
2011-01-07,762807.109170532
2011-01-10,771398.7191546945
2011-01-11,767082.8197057225
2011-01-12,770352.1199015536
2011-01-13,781255.4434684819
2011-01-14,785815.6225615523
2011-01-18,786994.6793892604
2011-01-19,775066.1764730188
2011-01-20,745696.524170427
2011-01-21,739031.4799690839
2011-01-24,736256.520486559
2011-01-25,733595.4232734189
2011-01-26,738767.5426223689
2011-01-27,756394.4327930813
2011-01-28,747680.5373486181
2011-01-31,749536.257219552
2011-02-01,759900.0304285522
2011-02-02,761232.8234872082
2011-02-03,761784.6691786306
2011-02-04,774104.0228617231
2011-02-07,777428.4715284155
2011-02-08,780848.2601744671
2011-02-09,783220.1704776475
2011-02-10,799180.7941653982
2011-02-11,806420.2209429446
2011-02-14,820840.6155575877
2011-02-15,813476.789610203
2011-02-16,814467.3037711924
2011-02-17,812761.7234935435
2011-02-18,808776.3123234143
2011-02-22,776888.6533741743
2011-02-23,762361.8474819866
2011-02-24,781357.3461333902
2011-02-25,789359.0957351191
2011-02-28,778563.0856100875
2011-03-01,760764.7014104584
2011-03-02,763724.194721866
2011-03-03,777974.9978267539
2011-03-04,779456.1280859492
2011-03-07,766617.5575068304
2011-03-08,762626.0562547618
2011-03-09,761040.8269343673
2011-03-10,755013.0529271598
2011-03-11,760353.3433636328
2011-03-14,756428.6453079535
2011-03-15,761647.5908627175
2011-03-16,746413.3785513493
2011-03-17,752223.6408761571
2011-03-18,741825.2141100302
2011-03-21,761538.3349300823
2011-03-22,756899.405645091
2011-03-23,765085.637542806
2011-03-24,777870.7206229729
2011-03-25,782889.9636890449
2011-03-28,782908.2137060589
2011-03-29,791451.9293180034
2011-03-30,805534.0578013766
2011-03-31,803186.2005415087
2011-04-01,808249.7818027731
2011-04-04,808071.4064306173
2011-04-05,805989.2343029595
2011-04-06,799956.79885019
2011-04-07,796408.9797408445
2011-04-08,795273.1586379755
2011-04-11,787923.8050769874
2011-04-12,780394.0358562754
2011-04-13,791398.702029978
2011-04-14,787168.7227996767
2011-04-15,789860.4537800301
2011-04-18,778726.6315521615
2011-04-19,789882.1043440544
2011-04-20,810058.5443555766
2011-04-21,827921.1015158297
2011-04-25,826556.8135163692
2011-04-26,810788.2867516195
2011-04-27,820556.5042632379
2011-04-28,819361.6956428167
2011-04-29,821891.6955777869
2011-05-02,817004.1315434921
2011-05-03,805803.3118181436
2011-05-04,797866.9553057316
2011-05-05,790062.8075547466
2011-05-06,790911.8519435929
2011-05-09,804980.2844937347
2011-05-10,812707.0573822749
2011-05-11,797996.5382613993
2011-05-12,800179.668512011
2011-05-13,794904.9585510268
2011-05-16,784588.278410017
2011-05-17,783642.163214086
2011-05-18,805073.6903194592
2011-05-19,805915.9657141519
2011-05-20,800426.9420841429
2011-05-23,796660.5389138153
2011-05-24,793718.6800786658
2011-05-25,811421.0135996128
2011-05-26,821416.4330693431
2011-05-27,826305.6856485674
2011-05-31,830954.7331589921
2011-06-01,817041.6131489421
2011-06-02,826282.0804647271
2011-06-03,823539.044794041
2011-06-06,804012.9959613595
2011-06-07,805700.4666747645
2011-06-08,799024.522543713
2011-06-09,812623.7927582071
2011-06-10,795747.6204759595
2011-06-13,787123.7556963423
2011-06-14,804933.8069136136
2011-06-15,785158.7315926498
2011-06-16,769452.7156483178
2011-06-17,762238.9340664223
2011-06-20,771847.0404398218
2011-06-21,795261.0902635826
2011-06-22,788933.7461431212
2011-06-23,796441.3372044108
2011-06-24,784202.1517985499
2011-06-27,792217.4208374162
2011-06-28,815255.1546333925
2011-06-29,822600.613091595
2011-06-30,830032.7637418967
2011-07-01,840994.8273178968
2011-07-05,858419.0401505388
2011-07-06,864881.9572876258
2011-07-07,876922.1564840659
2011-07-08,878706.9449993947
2011-07-11,860088.8490345736
2011-07-12,855008.9505674329
2011-07-13,865366.628083633
2011-07-14,853448.8082132061
2011-07-15,864119.7108461328
2011-07-18,857934.2923500736
2011-07-19,877776.0823840646
2011-07-20,871690.9154309039
2011-07-21,877732.3733269317
2011-07-22,885378.7933799018
2011-07-25,884992.4190955968
2011-07-26,877942.3568267949
2011-07-27,856767.3267046706
2011-07-28,854767.9767774306
2011-07-29,853328.6210715048
2011-08-01,856167.4705046338
2011-08-02,801504.320710874
2011-08-03,804708.6878852525
2011-08-04,750009.0756177903
2011-08-05,755969.1656841867
2011-08-08,699702.2526142817
2011-08-09,743347.4904061774
2011-08-10,724169.7227261922
2011-08-11,756227.9461253957
2011-08-12,765032.3013703104
2011-08-15,779277.7124366998
2011-08-16,762579.0317442509
2011-08-17,753105.8086656164
2011-08-18,698560.1761652116
2011-08-19,680673.7777267214
2011-08-22,680731.3549006572
2011-08-23,720798.606586742
2011-08-24,725584.3889281417
2011-08-25,714144.6795699518
2011-08-26,738176.9936256331
2011-08-29,761699.204498873
2011-08-30,777143.8881638381
2011-08-31,777748.1400067479
2011-09-01,768010.7342697614
2011-09-02,742310.4749127058
2011-09-06,742310.4749127058
2011-09-07,742310.4749127058
2011-09-08,742310.4749127058
2011-09-09,742310.4749127058
2011-09-12,742310.4749127058
2011-09-13,742310.4749127058
2011-09-14,742310.4749127058
2011-09-15,742310.4749127058
2011-09-16,742310.4749127058
2011-09-19,742310.4749127058
2011-09-20,742310.4749127058
2011-09-21,742310.4749127058
2011-09-22,742310.4749127058
2011-09-23,742310.4749127058
2011-09-26,742310.4749127058
2011-09-27,742310.4749127058
2011-09-28,742310.4749127058
2011-09-29,742310.4749127058
2011-09-30,742310.4749127058
2011-10-03,742310.4749127058
2011-10-04,742310.4749127058
2011-10-05,742310.4749127058
2011-10-06,742310.4749127058
2011-10-07,742310.4749127058
2011-10-10,742310.4749127058
2011-10-11,742310.4749127058
2011-10-12,742310.4749127058
2011-10-13,742310.4749127058
2011-10-14,742310.4749127058
2011-10-17,742310.4749127058
2011-10-18,742310.4749127058
2011-10-19,742310.4749127058
2011-10-20,742310.4749127058
2011-10-21,742310.4749127058
2011-10-24,742310.4749127058
2011-10-25,742310.4749127058
2011-10-26,742310.4749127058
2011-10-27,742310.4749127058
2011-10-28,742310.4749127058
2011-10-31,742310.4749127058
2011-11-01,742310.4749127058
2011-11-02,742310.4749127058
2011-11-03,742310.4749127058
2011-11-04,742310.4749127058
2011-11-07,742310.4749127058
2011-11-08,742310.4749127058
2011-11-09,742310.4749127058
2011-11-10,742310.4749127058
2011-11-11,742310.4749127058
2011-11-14,742310.4749127058
2011-11-15,742310.4749127058
2011-11-16,742310.4749127058
2011-11-17,742310.4749127058
2011-11-18,742310.4749127058
2011-11-21,742310.4749127058
2011-11-22,742310.4749127058
2011-11-23,742310.4749127058
2011-11-25,742310.4749127058
2011-11-28,742310.4749127058
2011-11-29,742310.4749127058
2011-11-30,742310.4749127058
2011-12-01,742310.4749127058
2011-12-02,742310.4749127058
2011-12-05,742310.4749127058
2011-12-06,742310.4749127058
2011-12-07,742310.4749127058
2011-12-08,742310.4749127058
2011-12-09,742310.4749127058
2011-12-12,742310.4749127058
2011-12-13,742310.4749127058
2011-12-14,742310.4749127058
2011-12-15,742310.4749127058
2011-12-16,742310.4749127058
2011-12-19,742310.4749127058
2011-12-20,742310.4749127058
2011-12-21,742310.4749127058
2011-12-22,742310.4749127058
2011-12-23,742310.4749127058
2011-12-27,742310.4749127058
2011-12-28,742310.4749127058
2011-12-29,742310.4749127058
2011-12-30,742310.4749127058
2012-01-03,742310.4749127058
2012-01-04,745612.7461703403
2012-01-05,753821.9573095102
2012-01-06,747384.0489719091
2012-01-09,743682.2835663689
2012-01-10,745780.720173337
2012-01-11,731335.4788405225
2012-01-12,730281.9531009058
2012-01-13,729925.8819901797
2012-01-17,734295.1287512952
2012-01-18,741101.3871506436
2012-01-19,733840.0402635708
2012-01-20,723312.3850449733
2012-01-23,731475.6307243272
2012-01-24,726535.383989138
2012-01-25,738281.4986672149
2012-01-26,725248.8897869092
2012-01-27,726674.5624373502
2012-01-30,722826.1753522855
2012-01-31,724611.1712965827
2012-02-01,730739.6778148408
2012-02-02,735544.9237327103
2012-02-03,746905.5279736003
2012-02-06,749284.551292131
2012-02-07,754439.7573361553
2012-02-08,754216.2422005967
2012-02-09,762342.9859164533
2012-02-10,762006.2690908306
2012-02-13,770163.7765186526
2012-02-14,774665.1951300188
2012-02-15,769669.0743224629
2012-02-16,780164.8698954701
2012-02-17,783824.3390520775
2012-02-21,781767.4427835982
2012-02-22,781932.8577557908
2012-02-23,785597.3845831101
2012-02-24,790125.0011087894
2012-02-27,794280.0542342075
2012-02-28,794833.7452680527
2012-02-29,792693.8051454525
2012-03-01,798982.0605544053
2012-03-02,795720.9734198707
2012-03-05,799200.3187040687
2012-03-06,787991.7325607291
2012-03-07,795746.6913921442
2012-03-08,806061.6612241906
2012-03-09,811403.5098003594
2012-03-12,811049.0162068238
2012-03-13,818468.3660442749
2012-03-14,817537.1359262101
2012-03-15,818423.4372970599
2012-03-16,816244.2321208726
2012-03-19,818937.1576452994
2012-03-20,818321.0412743762
2012-03-21,824193.231927522
2012-03-22,825262.3029746054
2012-03-23,827094.1473215154
2012-03-26,841348.1556860461
2012-03-27,841014.1344296162
2012-03-28,834499.3600696952
2012-03-29,835555.51244877
2012-03-30,831290.8977412143
2012-04-02,842392.6426669809
2012-04-03,846209.3213194439
2012-04-04,840107.1999896637
2012-04-05,847444.9509332865
2012-04-09,839627.5767247947
2012-04-10,817637.450635477
2012-04-11,827642.0283546803
2012-04-12,834934.5373718913
2012-04-13,834355.894662304
2012-04-16,828828.924030427
2012-04-17,842333.2368301089
2012-04-18,842576.5614165429
2012-04-19,834669.0527881387
2012-04-20,835999.144182737
2012-04-23,823947.7777174577
2012-04-24,821206.8867259984
2012-04-25,844360.9588028697
2012-04-26,857839.2649902954
2012-04-27,868815.2535077772
2012-04-30,860170.6427599738
2012-05-01,862163.1138273329
2012-05-02,866425.5943699518
2012-05-03,856129.7493159414
2012-05-04,840856.5200780313
2012-05-07,838529.9209258656
2012-05-08,827827.525259627
2012-05-09,821248.6591069441
2012-05-10,827670.9761528603
2012-05-11,828296.6062982697
2012-05-14,810911.2928686495
2012-05-15,812640.1693868294
2012-05-16,812911.1452446795
2012-05-17,781734.6001220635
2012-05-18,777234.5304309223
2012-05-21,797472.4879236968
2012-05-22,800795.5623992234
2012-05-23,813870.7061890591
2012-05-24,816479.0409605327
2012-05-25,813702.8615107714
2012-05-29,826071.4777650712
2012-05-30,820117.293463118
2012-05-31,818590.7329806742
2012-06-01,792033.623235322
2012-06-04,801951.3944296979
2012-06-05,803698.8279667866
2012-06-06,820844.389011422
2012-06-07,816246.5435761103
2012-06-08,826741.095313147
2012-06-11,814171.6124243927
2012-06-12,828534.9210993856
2012-06-13,816120.6375503588
2012-06-14,827324.1077304917
2012-06-15,835404.6821922834
2012-06-18,850457.3253060625
2012-06-19,859134.527724522
2012-06-20,855703.292458583
2012-06-21,837366.3641712253
2012-06-22,847058.6747510532
2012-06-25,832530.3824997136
2012-06-26,839671.4471909297
2012-06-27,818734.3480936019
2012-06-28,803046.313572356
2012-06-29,823525.0974534648
2012-07-02,829240.6448372536
2012-07-03,828444.0311622213
2012-07-05,844274.4082133409
2012-07-06,841499.1306441972
2012-07-09,841185.0692302142
2012-07-10,833810.433606617
2012-07-11,826468.9182045504
2012-07-12,831706.366821963
2012-07-13,843354.3698483518
2012-07-16,840440.5347939583
2012-07-17,850394.6524925036
2012-07-18,856002.6499272864
2012-07-19,854100.7562496058
2012-07-20,838724.5454675008
2012-07-23,835005.7198028228
2012-07-24,829947.8553391284
2012-07-25,834996.2699162
2012-07-26,850214.667286963
2012-07-27,860236.3017244027
2012-07-30,857162.085586977
2012-07-31,850364.3598470282
2012-08-01,843759.3935697228
2012-08-02,857102.9424016088
2012-08-03,875339.2848956934
2012-08-06,874647.2636935378
2012-08-07,886206.7333606256
2012-08-08,889111.4720056325
2012-08-09,887895.5879634845
2012-08-10,880427.4934851173
2012-08-13,878447.9407478079
2012-08-14,890233.8897491746
2012-08-15,893099.300240972
2012-08-16,909189.8187773086
2012-08-17,915852.1178458142
2012-08-20,905599.4793319961
2012-08-21,899170.7299013584
2012-08-22,912486.5607268806
2012-08-23,902712.7301380504
2012-08-24,914989.7210820201
2012-08-27,910288.5605102023
2012-08-28,911037.3917403526
2012-08-29,915327.2522861545
2012-08-30,903187.890592894
2012-08-31,909508.3608012681
2012-09-04,911769.001596876
2012-09-05,908442.0215739853
2012-09-06,927528.9665627505
2012-09-07,923822.5941658901
2012-09-10,912592.890120536
2012-09-11,912706.6609122648
2012-09-12,925974.0862389607
2012-09-13,941515.9256199971
2012-09-14,951086.4069196695
2012-09-17,943821.3783007471
2012-09-18,936077.6360508518
2012-09-19,948286.1114093019
2012-09-20,954176.5176089306
2012-09-21,960651.3975200232
2012-09-24,954840.3841846813
2012-09-25,942911.3685956973
2012-09-26,925659.3950723701
2012-09-27,937856.7544400251
2012-09-28,931612.706077095
2012-10-01,933212.1066904821
2012-10-02,938696.7029088668
2012-10-03,963697.0282460644
2012-10-04,972056.6914396274
2012-10-05,972059.4009365861
2012-10-08,956838.4305320926
2012-10-09,934512.924507658
2012-10-10,928505.855593283
2012-10-11,922655.2616506583
2012-10-12,914096.8783471991
2012-10-15,933969.1782213757
2012-10-16,942080.8922373608
2012-10-17,958053.2427476977
2012-10-18,960869.4458649337
2012-10-19,954437.6058230933
2012-10-22,952623.3563733601
2012-10-23,929140.5776039044
2012-10-24,938819.8776572705
2012-10-25,923511.4723611954
2012-10-26,922989.9553293338
2012-10-31,926432.03213862
2012-11-01,946426.7196494892
2012-11-02,927886.8922236862
2012-11-05,943470.3725753905
2012-11-06,952737.5546149208
2012-11-07,939489.2769182306
2012-11-08,925386.03704393
2012-11-09,917447.0520435509
2012-11-12,907674.8501873779
2012-11-13,908685.6245669058
2012-11-14,881466.3174191848
2012-11-15,878530.6135268301
2012-11-16,896801.1222870445
2012-11-19,913474.667547046
2012-11-20,928499.6114374578
2012-11-21,930738.1101167129
2012-11-23,941629.7940152412
2012-11-26,939134.9635848664
2012-11-27,932018.4399561838
2012-11-28,934397.3784985461
2012-11-29,929679.9292684293
2012-11-30,928658.1257861436
2012-12-03,925838.8259074249
2012-12-04,916997.3572257874
2012-12-05,912239.1247100414
2012-12-06,910623.4108541545
2012-12-07,921141.3959970244
2012-12-10,916445.5467730105
2012-12-11,916408.2611548434
2012-12-12,932885.45792248
2012-12-13,925109.2621954015
2012-12-14,923899.1415167662
2012-12-17,949648.810290621
2012-12-18,965772.0904807395
2012-12-19,957016.5536336051
2012-12-20,960919.9033025756
2012-12-21,946972.5639638723
2012-12-24,946572.4351706376
2012-12-26,941017.2589421044
2012-12-27,941782.4068364811
2012-12-28,931169.0746341393
2012-12-31,956628.8236221959
2013-01-02,989029.3637477416
2013-01-03,980961.2322501467
2013-01-04,987965.6938186907
2013-01-07,982572.5860228562
2013-01-08,990189.641514286
2013-01-09,985182.5007122487
2013-01-10,989262.6007456683
2013-01-11,985457.8200867841
2013-01-14,983257.2753130319
2013-01-15,991434.4511144643
2013-01-16,991336.4426353314
2013-01-17,1006266.3889898522
2013-01-18,999247.5527708697
2013-01-22,1005001.9306710133
2013-01-23,1015598.3327917533
2013-01-24,1027392.6587507952
2013-01-25,1043671.7874774043
2013-01-28,1031065.0475603308
2013-01-29,1046999.4043770186
2013-01-30,1042297.5984468788
2013-01-31,1046661.7194134129
2013-02-01,1056203.0282209173
2013-02-04,1038579.183356052
2013-02-05,1050279.5914265674
2013-02-06,1049197.2760814491
2013-02-07,1045873.7576347395
2013-02-08,1053687.9865297936
2013-02-11,1050135.5464061995
2013-02-12,1067312.8030255022
2013-02-13,1069090.6133996735
2013-02-14,1108749.2067657784
2013-02-15,1107259.3830081432
2013-02-19,1108702.2892989437
2013-02-20,1061090.3055459019
2013-02-21,1066011.7844190644
2013-02-22,1078807.7094709016
2013-02-25,1048479.7015120292
2013-02-26,1074249.7275967468
2013-02-27,1091855.1414903225
2013-02-28,1092655.8553279422
2013-03-01,1104900.7759439454
2013-03-04,1126804.1819120555
2013-03-05,1137274.332036862
2013-03-06,1131693.3179419006
2013-03-07,1134728.1198527645
2013-03-08,1142226.1348288425
2013-03-11,1133740.5378868512
2013-03-12,1135663.2577411176
2013-03-13,1129377.6902028627
2013-03-14,1147549.328149273
2013-03-15,1147668.2246999214
2013-03-18,1150068.2396170618
2013-03-19,1145030.7548448916
2013-03-20,1169029.667736653
2013-03-21,1152355.8061496697
2013-03-22,1159886.0220047126
2013-03-25,1154452.5956652255
2013-03-26,1163596.4884221284
2013-03-27,1164680.6052742158
2013-03-28,1167997.3489682733
2013-04-01,1157857.2236554113
2013-04-02,1145092.5307616699
2013-04-03,1104162.6762060428
2013-04-04,1108690.644223521
2013-04-05,1115144.7564924897
2013-04-08,1127697.480536361
2013-04-09,1134085.1558116348
2013-04-10,1132219.3707053207
2013-04-11,1133125.7037830236
2013-04-12,1121539.257375765
2013-04-15,1069318.209244308
2013-04-16,1094772.0279469034
2013-04-17,1073002.8681775485
2013-04-18,1066617.2197113538
2013-04-19,1087558.153214977
2013-04-22,1098753.7292796192
2013-04-23,1121949.2460203364
2013-04-24,1123665.3790487617
2013-04-25,1133177.553102659
2013-04-26,1124103.114430448
2013-04-29,1130509.7114939212
2013-04-30,1127585.311823165
2013-05-01,1100929.1140705282
2013-05-02,1136576.3412991976
2013-05-03,1158720.5540292622
2013-05-06,1168352.3854050264
2013-05-07,1165126.0032273603
2013-05-08,1159696.9739430912
2013-05-09,1155578.9733669392
2013-05-10,1158069.4359413572
2013-05-13,1169404.9336024178
2013-05-14,1196038.0790407406
2013-05-15,1202938.740771444
2013-05-16,1192846.7642606092
2013-05-17,1222018.2843127232
2013-05-20,1224766.104579101
2013-05-21,1215716.9737706927
2013-05-22,1197362.8680384764
2013-05-23,1200255.1811465665
2013-05-24,1202856.2284597605
2013-05-28,1212089.2090923416
2013-05-29,1201144.3699298345
2013-05-30,1212399.3476591296
2013-05-31,1197873.2368444642
2013-06-03,1187161.1621505832
2013-06-04,1166530.4698687822
2013-06-05,1143603.5227640031
2013-06-06,1168011.9009226921
2013-06-07,1181811.5731371497
2013-06-10,1178025.1310846356
2013-06-11,1151504.8961179124
2013-06-12,1128964.8504829218
2013-06-13,1151133.8080292095
2013-06-14,1140991.476473743
2013-06-17,1152101.174596205
2013-06-18,1157782.5205258464
2013-06-19,1138925.708786176
2013-06-20,1087856.8456053927
2013-06-21,1074375.3492341777
2013-06-24,1067879.7622648918
2013-06-25,1092100.2608113263
2013-06-26,1105416.8599740013
2013-06-27,1106354.2212469308
2013-06-28,1100812.0427389878
2013-07-01,1113442.633719199
2013-07-02,1100691.3925695806
2013-07-03,1091611.360891161
2013-07-05,1098272.512693908
2013-07-08,1101607.4053759044
2013-07-09,1121139.1175215975
2013-07-10,1117892.423164655
2013-07-11,1145478.8207175918
2013-07-12,1162575.2552570705
2013-07-15,1163022.2021826827
2013-07-16,1156358.8461036487
2013-07-17,1158545.563480482
2013-07-18,1153674.4807826607
2013-07-19,1162055.9676918346
2013-07-22,1170364.8618751923
2013-07-23,1159403.7207501805
2013-07-24,1140046.3702808656
2013-07-25,1124207.782423227
2013-07-26,1126113.1689065152
2013-07-29,1128610.4992536274
2013-07-30,1135750.5484680242
2013-07-31,1143752.7282909097
2013-08-01,1157010.2038442234
2013-08-02,1155299.1310221301
2013-08-05,1161292.3684949784
2013-08-06,1146534.0595233208
2013-08-07,1119323.0912640486
2013-08-08,1124317.2292555992
2013-08-09,1127286.032377894
2013-08-12,1126421.387685176
2013-08-13,1135096.841034982
2013-08-14,1129682.4801895798
2013-08-15,1099041.466469551
2013-08-16,1104056.1415195125
2013-08-19,1090206.187451712
2013-08-20,1111450.408088061
2013-08-21,1104270.2495194105
2013-08-22,1129430.568213415
2013-08-23,1133416.0915922287
2013-08-26,1136209.6441079671
2013-08-27,1097012.4501375146
2013-08-28,1107499.996060372
2013-08-29,1121985.347373552
2013-08-30,1107537.667274949
2013-09-03,1122982.252306183
2013-09-04,1142049.2354502205
2013-09-05,1153729.7235535167
2013-09-06,1141472.603781863
2013-09-09,1154315.213102443
2013-09-10,1171159.2742936977
2013-09-11,1166922.4929503081
2013-09-12,1156730.8666289025
2013-09-13,1170357.5356878296
2013-09-16,1172223.2223882668
2013-09-17,1176910.9596108915
2013-09-18,1188925.509563026
2013-09-19,1187284.8113203049
2013-09-20,1178401.942597216
2013-09-23,1154638.894454661
2013-09-24,1164428.047317616
2013-09-25,1164606.2292427416
2013-09-26,1179444.6172575105
2013-09-27,1180378.9454848315
2013-09-30,1174304.612808396
2013-10-01,1198803.68371372
2013-10-02,1193393.924651533
2013-10-03,1185858.1519716727
2013-10-04,1203851.580352358
2013-10-07,1181194.0320591433
2013-10-08,1148619.9027048866
2013-10-09,1147726.2121680982
2013-10-10,1185839.2038876482
2013-10-11,1172254.2198404043
2013-10-14,1188477.4823518873
2013-10-15,1180432.2694585614
2013-10-16,1195926.301641389
2013-10-17,1212213.093940807
2013-10-18,1219874.6095409559
2013-10-21,1228893.2458216776
2013-10-22,1226439.3330963154
2013-10-23,1221668.1517765482
2013-10-24,1228226.568904683
2013-10-25,1228130.4880319335
2013-10-28,1222104.1916801694
2013-10-29,1247433.8557192942
2013-10-30,1250810.554371725
2013-10-31,1259967.6454338946
2013-11-01,1267138.7318336673
2013-11-04,1286044.9567922961
2013-11-05,1301014.7093976121
2013-11-06,1269095.5657536034
2013-11-07,1243058.6282002144
2013-11-08,1272867.4671509906
2013-11-11,1285058.779384957
2013-11-12,1291359.7301977111
2013-11-13,1296887.835479297
2013-11-14,1311157.7241568612
2013-11-15,1311074.3698812255
2013-11-18,1297780.4600595848
2013-11-19,1279054.1031470255
2013-11-20,1276676.9823252407
2013-11-21,1291679.085868292
2013-11-22,1311545.555663601
2013-11-25,1310054.3927695171
2013-11-26,1312763.405772406
2013-11-27,1323566.6456658156
2013-11-29,1325733.5689679775
2013-12-02,1329606.9636073525
2013-12-03,1325997.2974607726
2013-12-04,1319474.2297795066
2013-12-05,1308818.0449010043
2013-12-06,1322285.8483635345
2013-12-09,1331405.8709558113
2013-12-10,1338670.0746648035
2013-12-11,1314295.4611868311
2013-12-12,1324132.0045813299
2013-12-13,1330219.564056385
2013-12-16,1333306.9818637108
2013-12-17,1334718.3312579342
2013-12-18,1334316.2822309316
2013-12-19,1335432.3181604948
2013-12-20,1339066.2254688567
2013-12-23,1343178.722183939
2013-12-24,1346280.4045350754
2013-12-26,1348812.353675194
2013-12-27,1327257.9734916328
2013-12-30,1327014.7589075249
2013-12-31,1335043.5404313016
2014-01-02,1328539.5516096884
2014-01-03,1333312.5243952188
2014-01-06,1318548.8690605566
2014-01-07,1322285.7226019169
2014-01-08,1350501.330188912
2014-01-09,1350205.6463838175
2014-01-10,1361486.5348058362
2014-01-13,1338387.97387375
2014-01-14,1358625.8130481292
2014-01-15,1354562.8340457822
2014-01-16,1328309.9029860913
2014-01-17,1306660.5308339712
2014-01-21,1325720.7619502041
2014-01-22,1345169.2119223364
2014-01-23,1359846.8128003867
2014-01-24,1326223.876000987
2014-01-27,1300604.4306732889
2014-01-28,1328276.2054489155
2014-01-29,1307234.6442556118
2014-01-30,1344019.4349211678
2014-01-31,1335937.4497065046
2014-02-03,1300496.4605752912
2014-02-04,1312760.634859279
2014-02-05,1311993.1938622394
2014-02-06,1336152.519908594
2014-02-07,1370897.3375833977
2014-02-10,1382610.0725503587
2014-02-11,1391629.8117169936
2014-02-12,1388236.65824219
2014-02-13,1397565.2448779137
2014-02-14,1397901.4051098686
2014-02-18,1420287.0061773383
2014-02-19,1413131.1679656347
2014-02-20,1434003.7834809877
2014-02-21,1421218.7882111473
2014-02-24,1442633.447988088
2014-02-25,1457462.6118756756
2014-02-26,1444973.4026679273
2014-02-27,1456431.4755231312
2014-02-28,1451600.82051635
2014-03-03,1443083.7251191796
2014-03-04,1485433.7468583316
2014-03-05,1489479.6359671543
2014-03-06,1483765.5101244324
2014-03-07,1474851.5486452058
2014-03-10,1468241.0158255454
2014-03-11,1453442.2350132293
2014-03-12,1457642.4316363283
2014-03-13,1430699.169260192
2014-03-14,1430811.289992582
2014-03-17,1443674.3789970104
2014-03-18,1462849.1276512004
2014-03-19,1483392.969364548
2014-03-20,1491156.8227879212
2014-03-21,1472763.431367436
2014-03-24,1448862.4295727366
2014-03-25,1445846.740648143
2014-03-26,1409791.3227366353
2014-03-27,1398653.4544794515
2014-03-28,1389338.0204082823
2014-03-31,1417640.3671704773
2014-04-01,1451252.573167095
2014-04-02,1455864.760332554
2014-04-03,1416776.6786888011
2014-04-04,1366520.993645471
2014-04-07,1336538.366407508
2014-04-08,1361899.311654928
2014-04-09,1406064.2636410045
2014-04-10,1340748.209800991
2014-04-11,1315978.332961009
2014-04-14,1323413.8832549658
2014-04-15,1331378.2233693784
2014-04-16,1362096.7368304064
2014-04-17,1377321.2174884963
2014-04-21,1409759.0979658754
2014-04-22,1453182.1992590297
2014-04-23,1446821.388182843
2014-04-24,1447077.612778871
2014-04-25,1402061.1858509332
2014-04-28,1371575.8711920527
2014-04-29,1392826.7313058958
2014-04-30,1422585.18852073
2014-05-01,1437507.3131133833
2014-05-02,1431672.0634779665
2014-05-05,1446060.1077290364
2014-05-06,1427218.2038522845
2014-05-07,1412579.6666756275
2014-05-08,1421415.4027343143
2014-05-09,1427550.061319789
2014-05-12,1470353.7859199056
2014-05-13,1484682.7056676801
2014-05-14,1460096.9192593882
2014-05-15,1434773.5972836476
2014-05-16,1441376.085429803
2014-05-19,1455095.8992264087
2014-05-20,1439714.1758992046
2014-05-21,1459710.727733842
2014-05-22,1470476.5934333059
2014-05-23,1482002.3170953386
2014-05-27,1503550.3618520836
2014-05-28,1501888.7970766295
2014-05-29,1506824.294795696
2014-05-30,1499443.0754934829
2014-06-02,1508900.8757873455
2014-06-03,1507051.5973221501
2014-06-04,1517647.6283506097
2014-06-05,1516375.1596164736
2014-06-06,1533999.5520520178
2014-06-09,1531782.9046619069
2014-06-10,1536117.0119341805
2014-06-11,1540294.7060723167
2014-06-12,1508663.8202124725
2014-06-13,1519998.2647878267
2014-06-16,1524244.863559759
2014-06-17,1548458.290429625
2014-06-18,1554402.3457707807
2014-06-19,1546950.9901743494
2014-06-20,1549960.572953957
2014-06-23,1540340.8458129566
2014-06-24,1543195.2896430374
2014-06-25,1560126.711590904
2014-06-26,1560512.7928085518
2014-06-27,1560278.5956906832
2014-06-30,1566213.2033468916
2014-07-01,1598720.1328846589
2014-07-02,1579478.7827231083
2014-07-03,1585948.0713577075
2014-07-07,1553128.7929503927
2014-07-08,1535905.727322859
2014-07-09,1554085.3512658356
2014-07-10,1550896.0396092674
2014-07-11,1556130.6486662054
2014-07-14,1579798.8527724114
2014-07-15,1577396.560971886
2014-07-16,1587229.9920972125
2014-07-17,1547294.796404305
2014-07-18,1567144.0543364366
2014-07-21,1570029.6954962714
2014-07-22,1578353.866895109
2014-07-23,1593562.6813052846
2014-07-24,1595706.5610592272
2014-07-25,1586090.0290669398
2014-07-28,1573459.2143350255
2014-07-29,1560437.4870217775
2014-07-30,1574792.3084261648
2014-07-31,1528422.7902200974
2014-08-01,1531537.590725327
2014-08-04,1553616.6856913385
2014-08-05,1528071.2737880573
2014-08-06,1530967.108063126
2014-08-07,1514591.5293777417
2014-08-08,1529486.6143889432
2014-08-11,1542772.201563944
2014-08-12,1533692.619698588
2014-08-13,1551343.39542242
2014-08-14,1544653.5014401532
2014-08-15,1557435.8722991003
2014-08-18,1573671.6546582622
2014-08-19,1580089.5836018808
2014-08-20,1595188.8563899656
2014-08-21,1598971.7100143405
2014-08-22,1594031.3000298545
2014-08-25,1604235.458946769
2014-08-26,1609900.3116722954
2014-08-27,1607901.3596523902
2014-08-28,1605295.9752465528
2014-08-29,1623854.1287870172
2014-09-02,1619946.3434936327
2014-09-03,1613671.0484935215
2014-09-04,1616123.5847174
2014-09-05,1629900.046855452
2014-09-08,1625568.11098668
2014-09-09,1603669.4371777405
2014-09-10,1616839.857010095
2014-09-11,1620244.4226643164
2014-09-12,1605997.949546079
2014-09-15,1577966.2995136187
2014-09-16,1607733.4695336272
2014-09-17,1609422.4548018845
2014-09-18,1623586.863415937
2014-09-19,1604453.7579060928
2014-09-22,1569910.1392019577
2014-09-23,1576671.370063217
2014-09-24,1603740.2133636225
2014-09-25,1575392.0945396265
2014-09-26,1608721.2308738548
2014-09-29,1611748.1083310673
2014-09-30,1607091.360483036
2014-10-01,1563456.2987749788
2014-10-02,1566824.6233252112
2014-10-03,1593022.3420543545
2014-10-06,1580423.2922553609
2014-10-07,1550799.9343673305
2014-10-08,1579236.7608147652
2014-10-09,1531373.9066593214
2014-10-10,1468188.2578407153
2014-10-13,1428964.909695884
2014-10-14,1440217.0418917984
2014-10-15,1446595.4326733544
2014-10-16,1476798.3071533283
2014-10-17,1499111.6180015367
2014-10-20,1525795.979358336
2014-10-21,1579079.214558967
2014-10-22,1556312.8666414567
2014-10-23,1559494.572961184
2014-10-24,1572761.1202958417
2014-10-27,1582822.734373494
2014-10-28,1605075.8965406609
2014-10-29,1595954.599204218
2014-10-30,1592037.2377552642
2014-10-31,1620159.9428686183
2014-11-03,1632519.7422941911
2014-11-04,1629838.5745130174
2014-11-05,1636682.2464778845
2014-11-06,1658245.4754202978
2014-11-07,1648543.547246453
2014-11-10,1666850.3634593936
2014-11-11,1670716.035151968
2014-11-12,1665330.6648388703
2014-11-13,1657045.0355684247
2014-11-14,1658792.829273277
2014-11-17,1655851.4213958154
2014-11-18,1676867.6852016002
2014-11-19,1664591.9782186663
2014-11-20,1653906.5686218033
2014-11-21,1651250.6735070786
2014-11-24,1669496.4941101212
2014-11-25,1679522.4629355744
2014-11-26,1701249.5211133012
2014-11-28,1709153.1021431966
2014-12-01,1660953.3648927005
2014-12-02,1677526.8895315472
2014-12-03,1692822.6211558331
2014-12-04,1705613.8991721638
2014-12-05,1707564.5772295422
2014-12-08,1704768.156983837
2014-12-09,1703161.314315778
2014-12-10,1691757.1787773287
2014-12-11,1703899.0400545641
2014-12-12,1682456.4320849145
2014-12-15,1668011.1873713692
2014-12-16,1646546.8926199034
2014-12-17,1670378.516793395
2014-12-18,1700199.0781200083
2014-12-19,1709440.928841445
2014-12-22,1719170.1632755108
2014-12-23,1702487.6928126598
2014-12-24,1710395.8505400673
2014-12-26,1717055.418730657
2014-12-29,1718141.9734517622
2014-12-30,1708217.4764726101
2014-12-31,1704953.3968264023
2015-01-02,1707967.9197417872
2015-01-05,1680781.6502970553
2015-01-06,1653462.9349329632
2015-01-07,1676112.180464959
2015-01-08,1721915.4321710567
2015-01-09,1716356.305498799
2015-01-12,1692537.5211064105
2015-01-13,1687941.6424186698
2015-01-14,1667731.4689157119
2015-01-15,1648362.6819996666
2015-01-16,1669277.462007698
2015-01-20,1691563.4948415805
2015-01-21,1710733.3383880293
2015-01-22,1747321.16601854
2015-01-23,1749959.6634975576
2015-01-26,1753395.0106088896
2015-01-27,1729309.5871676216
2015-01-28,1736168.3157955543
2015-01-29,1754131.0563454598
2015-01-30,1705481.4354664094
2015-02-02,1697482.9609056104
2015-02-03,1693351.9697078057
2015-02-04,1716074.853240863
2015-02-05,1744677.3457880996
2015-02-06,1734405.7015582048
2015-02-09,1704175.502337816
2015-02-10,1731846.8692583365
2015-02-11,1734138.7080585703
2015-02-12,1754669.1042760157
2015-02-13,1756832.552235115
2015-02-17,1752079.226758132
2015-02-18,1766718.267578841
2015-02-19,1762012.252356773
2015-02-20,1766513.106247165
2015-02-23,1774034.976271868
2015-02-24,1774471.438522155
2015-02-25,1764915.7263638163
2015-02-26,1792768.5292647304
2015-02-27,1772883.2046922892
2015-03-02,1796844.3377283316
2015-03-03,1780470.8304125853
2015-03-04,1783495.6941238805
2015-03-05,1804863.0851263131
2015-03-06,1783892.2959114148
2015-03-09,1791441.9414473681
2015-03-10,1768341.112211837
2015-03-11,1770288.2456243348
2015-03-12,1799388.6446656773
2015-03-13,1792117.3174751261
2015-03-16,1836688.7908748428
2015-03-17,1839489.6530349075
2015-03-18,1851856.465225106
2015-03-19,1858289.8486539202
2015-03-20,1863525.6054070818
2015-03-23,1857096.9617176037
2015-03-24,1852291.9556154185
2015-03-25,1802163.2442772125
2015-03-26,1801207.9684179025
2015-03-27,1829008.5871605736
2015-03-30,1849793.005732168
2015-03-31,1825541.0095524609
2015-04-01,1804796.5064249379
2015-04-02,1799973.6297691658
2015-04-06,1788754.2299040062
2015-04-07,1794911.024284347
2015-04-08,1817746.4669287575
2015-04-09,1821279.3226891665
2015-04-10,1832583.8340229883
2015-04-13,1820969.777269799
2015-04-14,1805672.55963531
2015-04-15,1805087.3305559563
2015-04-16,1805207.9145733416
2015-04-17,1782428.2707615169
2015-04-20,1801803.224764132
2015-04-21,1820560.674055216
2015-04-22,1828965.969836609
2015-04-23,1832115.0375068532
2015-04-24,1812729.9519009385
2015-04-27,1784129.3965244112
2015-04-28,1767838.5984203937
2015-04-29,1756463.3376070322
2015-04-30,1737882.1174952087
2015-05-01,1782477.6914555004
2015-05-04,1780588.682390445
2015-05-05,1762311.5593174868
2015-05-06,1765782.8143716836
2015-05-07,1788465.4695323084
2015-05-08,1794673.191284249
2015-05-11,1802330.3130688674
2015-05-12,1787076.6783312564
2015-05-13,1772057.317043709
2015-05-14,1801706.3008788864
2015-05-15,1799642.4690681573
2015-05-18,1824195.1649555794
2015-05-19,1818239.9782475703
2015-05-20,1795366.8732545576
2015-05-21,1800405.4563304477
2015-05-22,1797707.1981237242
2015-05-26,1782259.1421594452
2015-05-27,1825004.3655150665
2015-05-28,1821233.3541920218
2015-05-29,1826068.6506942904
2015-06-01,1831113.9798192538
2015-06-02,1815748.118005961
2015-06-03,1816545.6973626676
2015-06-04,1813634.4228561753
2015-06-05,1818321.2390517076
2015-06-08,1795663.472288344
2015-06-09,1795493.9362478086
2015-06-10,1816944.362317349
2015-06-11,1817878.6156003023
2015-06-12,1812643.8735759854
2015-06-15,1809398.7509087005
2015-06-16,1829654.5796075345
2015-06-17,1840682.9732780496
2015-06-18,1869846.2373701108
2015-06-19,1874418.1151014029
2015-06-22,1881610.4240399685
2015-06-23,1883844.9602277656
2015-06-24,1874025.2894287868
2015-06-25,1881831.8483325425
2015-06-26,1876865.7727331477
2015-06-29,1831050.7835730077
2015-06-30,1839286.602544867
2015-07-01,1858732.6823783794
2015-07-02,1855673.2380472582
2015-07-06,1850616.2879276224
2015-07-07,1856161.5062035343
2015-07-08,1823001.0825895101
2015-07-09,1822645.2805046383
2015-07-10,1861089.6604081243
2015-07-13,1871036.3605369984
2015-07-14,1884069.9142301246
2015-07-15,1882246.5110929504
2015-07-16,1894699.6304396736
2015-07-17,1895420.3712743719
2015-07-20,1911814.3432328894
2015-07-21,1911969.2205370816
2015-07-22,1905342.9179951432
2015-07-23,1907344.8266734355
2015-07-24,1883807.6336804708
2015-07-27,1867208.7778505005
2015-07-28,1883568.4909350264
2015-07-29,1880608.9158599265
2015-07-30,1882303.6143049237
2015-07-31,1881868.7779807185
2015-08-03,1877259.6022314865
2015-08-04,1853580.0500525883
2015-08-05,1877883.8822594765
2015-08-06,1841591.5243204213
2015-08-07,1851867.4018001566
2015-08-10,1864586.1637769681
2015-08-11,1848369.516469155
2015-08-12,1844069.5308682758
2015-08-13,1845957.0735505463
2015-08-14,1847076.1961221767
2015-08-17,1862333.8369437072
2015-08-18,1848122.559355022
2015-08-19,1832986.4848919036
2015-08-20,1779640.976703359
2015-08-21,1744601.8935486216
2015-08-24,1710511.0630298173
2015-08-25,1696740.7931426847
2015-08-26,1753986.4549847133
2015-08-27,1788358.8030580431
2015-08-28,1792104.3646484076
2015-08-31,1774357.4818019867
2015-09-01,1734332.4005809908
2015-09-02,1751485.3159418027
2015-09-03,1751485.3159418027
2015-09-04,1751485.3159418027
2015-09-08,1751485.3159418027
2015-09-09,1751485.3159418027
2015-09-10,1751485.3159418027
2015-09-11,1751485.3159418027
2015-09-14,1751485.3159418027
2015-09-15,1751485.3159418027
2015-09-16,1751485.3159418027
2015-09-17,1751485.3159418027
2015-09-18,1751485.3159418027
2015-09-21,1751485.3159418027
2015-09-22,1751485.3159418027
2015-09-23,1751485.3159418027
2015-09-24,1751485.3159418027
2015-09-25,1751485.3159418027
2015-09-28,1751485.3159418027
2015-09-29,1751485.3159418027
2015-09-30,1751485.3159418027
2015-10-01,1751485.3159418027
2015-10-02,1751485.3159418027
2015-10-05,1751485.3159418027
2015-10-06,1751485.3159418027
2015-10-07,1751485.3159418027
2015-10-08,1751485.3159418027
2015-10-09,1751485.3159418027
2015-10-12,1751485.3159418027
2015-10-13,1751485.3159418027
2015-10-14,1751485.3159418027
2015-10-15,1751485.3159418027
2015-10-16,1751485.3159418027
2015-10-19,1751485.3159418027
2015-10-20,1751485.3159418027
2015-10-21,1751485.3159418027
2015-10-22,1751485.3159418027
2015-10-23,1751485.3159418027
2015-10-26,1751485.3159418027
2015-10-27,1751485.3159418027
2015-10-28,1751485.3159418027
2015-10-29,1751485.3159418027
2015-10-30,1751485.3159418027
2015-11-02,1751485.3159418027
2015-11-03,1764481.0641066665
2015-11-04,1786894.7792497436
2015-11-05,1799556.5246247367
2015-11-06,1786057.2507937145
2015-11-09,1760043.8263546939
2015-11-10,1766449.0343736594
2015-11-11,1774260.2974162255
2015-11-12,1757509.5470276067
2015-11-13,1722010.1158783634
2015-11-16,1746555.0762403654
2015-11-17,1751565.2216597474
2015-11-18,1780753.422412596
2015-11-19,1789010.332591439
2015-11-20,1810343.6636851025
2015-11-23,1806036.8681843823
2015-11-24,1790521.2384169584
2015-11-25,1798857.9415363066
2015-11-27,1796017.5688684986
2015-11-30,1780921.5238927419
2015-12-01,1798998.7396420904
2015-12-02,1800457.6124063113
2015-12-03,1771034.3806877227
2015-12-04,1809802.3815978614
2015-12-07,1796971.6121472279
2015-12-08,1805452.5863937235
2015-12-09,1777943.5997817824
2015-12-10,1775631.4069733946
2015-12-11,1744947.2340774692
2015-12-14,1766339.372404388
2015-12-15,1779225.9008090682
2015-12-16,1803234.8041781306
2015-12-17,1783686.127162395
2015-12-18,1754528.7070218674
2015-12-21,1758431.5200366373
2015-12-22,1767216.23662793
2015-12-23,1770356.0620580285
2015-12-24,1770560.3425233166
2015-12-28,1774231.110781796
2015-12-29,1791972.4682399791
2015-12-30,1782163.603847196
2015-12-31,1763278.8389123953
2016-01-04,1717811.9744210579
2016-01-05,1725043.0694233296
2016-01-06,1725043.0694233296
2016-01-07,1725043.0694233296
2016-01-08,1725043.0694233296
2016-01-11,1725043.0694233296
2016-01-12,1725043.0694233296
2016-01-13,1725043.0694233296
2016-01-14,1725043.0694233296
2016-01-15,1725043.0694233296
2016-01-19,1725043.0694233296
2016-01-20,1725043.0694233296
2016-01-21,1725043.0694233296
2016-01-22,1725043.0694233296
2016-01-25,1725043.0694233296
2016-01-26,1725043.0694233296
2016-01-27,1725043.0694233296
2016-01-28,1725043.0694233296
2016-01-29,1725043.0694233296
2016-02-01,1725043.0694233296
2016-02-02,1725043.0694233296
2016-02-03,1725043.0694233296
2016-02-04,1725043.0694233296
2016-02-05,1725043.0694233296
2016-02-08,1725043.0694233296
2016-02-09,1725043.0694233296
2016-02-10,1725043.0694233296
2016-02-11,1725043.0694233296
2016-02-12,1725043.0694233296
2016-02-16,1725043.0694233296
2016-02-17,1725043.0694233296
2016-02-18,1725043.0694233296
2016-02-19,1725043.0694233296
2016-02-22,1725043.0694233296
2016-02-23,1725043.0694233296
2016-02-24,1725043.0694233296
2016-02-25,1725043.0694233296
2016-02-26,1725043.0694233296
2016-02-29,1725043.0694233296
2016-03-01,1725043.0694233296
2016-03-02,1725043.0694233296
2016-03-03,1725043.0694233296
2016-03-04,1725043.0694233296
2016-03-07,1725043.0694233296
2016-03-08,1725043.0694233296
2016-03-09,1725043.0694233296
2016-03-10,1725043.0694233296
2016-03-11,1725043.0694233296
2016-03-14,1725043.0694233296
2016-03-15,1725043.0694233296
2016-03-16,1725043.0694233296
2016-03-17,1725043.0694233296
2016-03-18,1725043.0694233296
2016-03-21,1725043.0694233296
2016-03-22,1725043.0694233296
2016-03-23,1725043.0694233296
2016-03-24,1725043.0694233296
2016-03-28,1725043.0694233296
2016-03-29,1725043.0694233296
2016-03-30,1725043.0694233296
2016-03-31,1725043.0694233296
2016-04-01,1725043.0694233296
2016-04-04,1711098.6259777602
2016-04-05,1699016.0714507373
2016-04-06,1708526.2407876167
2016-04-07,1696711.3431345678
2016-04-08,1697176.501660234
2016-04-11,1693706.7957064214
2016-04-12,1706145.5230007865
2016-04-13,1707680.8625648832
2016-04-14,1705939.9107015005
2016-04-15,1718500.8004930862
2016-04-18,1717497.2195294022
2016-04-19,1688401.1482754138
2016-04-20,1682838.1412162886
2016-04-21,1663652.335343547
2016-04-22,1666344.9813674318
2016-04-25,1669972.0490703261
2016-04-26,1667801.5228066982
2016-04-27,1669774.6130693972
2016-04-28,1658509.0960361592
2016-04-29,1670448.3332800712
2016-05-02,1689694.175387758
2016-05-03,1682804.7566449668
2016-05-04,1689622.4938104122
2016-05-05,1694683.1473584378
2016-05-06,1721252.6307723117
2016-05-09,1728869.8042615259
2016-05-10,1735745.8007613549
2016-05-11,1731460.5072845162
2016-05-12,1742030.9257008475
2016-05-13,1764661.5862050974
2016-05-16,1775309.4289653802
2016-05-17,1746730.9262401764
2016-05-18,1735359.2592197082
2016-05-19,1727879.6928884422
2016-05-20,1720457.681203187
2016-05-23,1719938.6254836197
2016-05-24,1738446.8966480652
2016-05-25,1734867.9447357028
2016-05-26,1744238.865608681
2016-05-27,1747112.269386681
2016-05-31,1742574.296105504
2016-06-01,1744963.7406884008
2016-06-02,1748907.9436311983
2016-06-03,1749760.2338787
2016-06-06,1744264.8807910392
2016-06-07,1746968.8207998036
2016-06-08,1749954.4657629703
2016-06-09,1761890.931262694
2016-06-10,1746926.34852193
2016-06-13,1741637.6354663547
2016-06-14,1745940.5186082788
2016-06-15,1741528.2667118115
2016-06-16,1752658.9206141615
2016-06-17,1741846.7497800686
2016-06-20,1748598.5238828678
2016-06-21,1754491.6312931455
2016-06-22,1753792.3114916997
2016-06-23,1769807.4640906209
2016-06-24,1742297.1182647434
2016-06-27,1740169.465431926
2016-06-28,1756212.3231751008
2016-06-29,1770369.2601968383
2016-06-30,1789978.9592937068
2016-07-01,1785718.9574105777
2016-07-05,1795244.8850238172
2016-07-06,1804137.943120035
2016-07-07,1803271.798952643
2016-07-08,1829262.6591128847
2016-07-11,1839006.7674787964
2016-07-12,1840538.6490380906
2016-07-13,1837229.103717752
2016-07-14,1841565.317984652
2016-07-15,1836603.9715576551
2016-07-18,1838631.1620733575
2016-07-19,1843377.9947675783
2016-07-20,1845135.5209738286
2016-07-21,1835993.9128894522
2016-07-22,1855256.1755503677
2016-07-25,1865729.1820965854
2016-07-26,1863067.3937102149
2016-07-27,1851708.8311764963
2016-07-28,1861743.4903413192
2016-07-29,1866568.7182404967
2016-08-01,1871068.6135393074
2016-08-02,1860768.428566303
2016-08-03,1851499.663903264
2016-08-04,1860105.1571104026
2016-08-05,1851405.0059748979
2016-08-08,1852643.3468472154
2016-08-09,1862854.3610349004
2016-08-10,1863848.544093909
2016-08-11,1868979.6797033658
2016-08-12,1887970.70754188
2016-08-15,1883110.2215549455
2016-08-16,1860800.9755604628
2016-08-17,1860880.3398482713
2016-08-18,1868100.6994631847
2016-08-19,1865647.6080628722
2016-08-22,1868344.2324267093
2016-08-23,1868173.725414802
2016-08-24,1846134.954274983
2016-08-25,1847535.9635775406
2016-08-26,1846280.6707640179
2016-08-29,1858756.4235248335
2016-08-30,1841356.6866167486
2016-08-31,1838231.4036259744
2016-09-01,1853190.3558758772
2016-09-02,1859539.401781829
2016-09-06,1875190.702195321
2016-09-07,1866770.0011110932
2016-09-08,1859556.1541656544
2016-09-09,1805672.4968132083
2016-09-12,1828731.9865017002
2016-09-13,1807737.1401976238
2016-09-14,1807485.4833650694
2016-09-15,1825494.2884920747
2016-09-16,1822637.2433770597
2016-09-19,1835602.8245835172
2016-09-20,1832679.1191354422
2016-09-21,1867645.8162516379
2016-09-22,1873272.3677017752
2016-09-23,1859676.1837734338
2016-09-26,1853187.7460575372
2016-09-27,1863166.7990516142
2016-09-28,1870627.2172079608
2016-09-29,1861724.3027586464
2016-09-30,1869796.4502550852
2016-10-03,1857771.2024363093
2016-10-04,1828406.9599417238
2016-10-05,1832293.6357153945
2016-10-06,1826359.5484160471
2016-10-07,1804261.0760260257
2016-10-10,1813670.9765525262
2016-10-11,1798011.3024786545
2016-10-12,1806043.201448151
2016-10-13,1799104.0371855088
2016-10-14,1799661.0423144626
2016-10-17,1800919.1531276929
2016-10-18,1817892.4717943028
2016-10-19,1819055.106114286
2016-10-20,1833658.7448278293
2016-10-21,1830041.8488418765
2016-10-24,1855354.019157394
2016-10-25,1859383.79302105
2016-10-26,1853995.5983609536
2016-10-27,1830271.6321149045
2016-10-28,1835383.9254202768
2016-10-31,1851538.5810368315
2016-11-01,1836746.2954412727
2016-11-02,1824664.1120621613
2016-11-03,1819519.364590476
2016-11-04,1801429.526538628
2016-11-07,1844539.7901945843
2016-11-08,1853163.7326045001
2016-11-09,1847702.2299111255
2016-11-10,1812589.5518696827
2016-11-11,1897081.426858977
2016-11-14,1884458.3577176216
2016-11-15,1911407.262689064
2016-11-16,1937622.6995852843
2016-11-17,1936358.6288611616
2016-11-18,1941676.9155047862
2016-11-21,1931507.70400181
2016-11-22,1945039.9842227518
2016-11-23,1946210.6708916614
2016-11-25,1947780.1143883888
2016-11-28,1945794.9884542788
2016-11-29,1947693.1117785398
2016-11-30,1942019.1737940032
2016-12-01,1896580.2748546852
2016-12-02,1918975.9623620766
2016-12-05,1955738.3949702035
2016-12-06,1959644.2336435704
2016-12-07,1989326.1942889497
2016-12-08,1991388.0387757272
2016-12-09,1969350.266800605
2016-12-12,1947390.3191577233
2016-12-13,1959546.666091709
2016-12-14,1973624.341587714
2016-12-15,1981392.2469478846
2016-12-16,1982335.8321094196
2016-12-19,1987600.8158150653
2016-12-20,2008655.176275406
2016-12-21,2009599.694083326
2016-12-22,2007790.9696750217
2016-12-23,2026420.8258970808
2016-12-27,2067825.5578226375
2016-12-28,2019069.200999482
2016-12-29,2040316.7301032054
2016-12-30,2003989.1599644457
2017-01-03,1988168.6932086467
2017-01-04,2015782.8526308686
2017-01-05,2005681.486167135
2017-01-06,2005773.827858783
2017-01-09,2021008.0841465313
2017-01-10,2028350.3401852143
2017-01-11,2031030.7490233565
2017-01-12,2009157.628332409
2017-01-13,2013284.142557421
2017-01-17,1995693.9506957536
2017-01-18,2013179.6664560752
2017-01-19,2022049.3214921
2017-01-20,2025005.116324894
2017-01-23,2034178.086648224
2017-01-24,2084014.4687979866
2017-01-25,2077952.7289294337
2017-01-26,2070585.8394234274
2017-01-27,2090224.2709228757
2017-01-30,2072549.5012355724
2017-01-31,2077780.967837522
2017-02-01,2101454.2250947864
2017-02-02,2117120.869192222
2017-02-03,2111289.0031982646
2017-02-06,2112876.4212536956
2017-02-07,2105047.333177531
2017-02-08,2096850.7451710242
2017-02-09,2097818.0534261256
2017-02-10,2096043.4981768448
2017-02-13,2074583.5926132107
2017-02-14,2086429.4522686054
2017-02-15,2078800.813603106
2017-02-16,2052913.6841917995
2017-02-17,2046801.2018227107
2017-02-21,2060962.8744572967
2017-02-22,2043686.900388843
2017-02-23,1978288.5821312189
2017-02-24,1974511.9607104983
2017-02-27,1996366.6107457078
2017-02-28,1979514.477587366
2017-03-01,2021722.7552152446
2017-03-02,1974298.9042029695
2017-03-03,1975448.0470437868
2017-03-06,1970516.902039299
2017-03-07,1964998.6713781704
2017-03-08,1936746.894469258
2017-03-09,1937679.4945196796
2017-03-10,1940519.3861216742
2017-03-13,1963505.0803585968
2017-03-14,1945169.1972255453
2017-03-15,1975008.7215195312
2017-03-16,1979445.1603550022
2017-03-17,1980728.160643432
2017-03-20,1991990.5397318534
2017-03-21,1944710.2817920481
2017-03-22,1960924.3692399627
2017-03-23,1958838.432908356
2017-03-24,1969054.819118191
2017-03-27,1959302.4735832587
2017-03-28,1978712.3611609282
2017-03-29,1998520.0119859988
2017-03-30,2023728.8076249298
2017-03-31,2026535.4955714368
2017-04-03,2018655.851004003
2017-04-04,1986858.9879399575
2017-04-05,1973054.814490617
2017-04-06,1976600.9302646052
2017-04-07,1977454.9298812132
2017-04-10,1960588.926393759
2017-04-11,1959288.4436229693
2017-04-12,1938791.0689207423
2017-04-13,1914119.3583579555
2017-04-14,1914119.3583579555
2017-04-17,1946552.5979451083
2017-04-18,1952310.4184899144
2017-04-19,1948775.5531763104
2017-04-20,1954259.4029056225
2017-04-21,1947393.775736213
2017-04-24,1963045.3591335015
2017-04-25,1985930.0525647134
2017-04-26,1983351.0181756252
2017-04-27,1982756.9778503594
2017-04-28,1970140.6843084828
2017-05-01,1989628.181668018
2017-05-02,1929618.4095946208
2017-05-03,1938256.819505714
2017-05-04,1932696.315915457
2017-05-05,1946964.7340494487
2017-05-08,1939002.2542097128
2017-05-09,1941579.3004205092
2017-05-10,2045247.6956636854
2017-05-11,2070676.656824987
2017-05-12,2079123.450063644
2017-05-15,2117254.0695754024
2017-05-16,2146429.586201891
2017-05-17,2048347.1322506818
2017-05-18,2078266.1414022418
2017-05-19,2102844.1284192395
2017-05-22,2117870.4887177567
2017-05-23,2107340.719056317
2017-05-24,2117750.1212895927
2017-05-25,2121494.2940976964
2017-05-26,2137708.1568247555
2017-05-30,2158971.2092707017
2017-05-31,2151263.4839441874
2017-06-01,2149024.009582867
2017-06-02,2145952.4512799983
2017-06-05,2159388.420496984
2017-06-06,2168002.5252502416
2017-06-07,2182656.6735450826
2017-06-08,2246416.5683062393
2017-06-09,2164802.162770935
2017-06-12,2157862.1632404453
2017-06-13,2177338.2157067414
2017-06-14,2163832.7549283295
2017-06-15,2162893.8009344023
2017-06-16,2157837.731378849
2017-06-19,2203695.2462711064
2017-06-20,2204163.8301849114
2017-06-21,2244554.206902997
2017-06-22,2245983.3727434915
2017-06-23,2232737.318359955
2017-06-26,2221746.6396965124
2017-06-27,2167295.960570716
2017-06-28,2205403.2215495096
2017-06-29,2154652.9779267935
2017-06-30,2137628.88104579
2017-07-03,2097370.9955104687
2017-07-05,2144407.5278798332
2017-07-06,2141892.909646428
2017-07-07,2169895.9891490573
2017-07-10,2214204.2681386285
2017-07-11,2228374.718780932
2017-07-12,2285068.1744701765
2017-07-13,2261588.704782656
2017-07-14,2295676.347158488
2017-07-17,2285404.068885569
2017-07-18,2289052.36560423
2017-07-19,2273835.305648811
2017-07-20,2281853.316056017
2017-07-21,2287212.1836560154
2017-07-24,2278154.905983609
2017-07-25,2274451.1642137542
2017-07-26,2297627.774391531
2017-07-27,2243986.3721769787
2017-07-28,2237181.407149541
2017-07-31,2218472.0421090554
2017-08-01,2229189.7515974278
2017-08-02,2214469.278333037
2017-08-03,2225223.418691832
2017-08-04,2219951.9807799906
2017-08-07,2253827.7776957587
2017-08-08,2238761.1427133675
2017-08-09,2241595.2392902905
2017-08-10,2180719.658157823
2017-08-11,2151823.356388615
2017-08-14,2230496.0252003353
2017-08-15,2233696.5630680453
2017-08-16,2223812.396119187
2017-08-17,2178815.999001466
2017-08-18,2182716.886645856
2017-08-21,2170482.567980016
2017-08-22,2202990.235107684
2017-08-23,2218071.2642456144
2017-08-24,2213439.662022328
2017-08-25,2222116.7792198965
2017-08-28,2221048.7173685944
2017-08-29,2218606.4496101094
2017-08-30,2236122.6627708203
2017-08-31,2255783.7937625386
2017-09-01,2266104.8072051406
2017-09-05,2226900.3819315326
2017-09-06,2224925.5138651375
2017-09-07,2230558.1397221126
2017-09-08,2206982.330549472
2017-09-11,2241437.134243296
2017-09-12,2243539.952329794
2017-09-13,2237801.7077430338
2017-09-14,2231884.328160822
2017-09-15,2294470.322262987
2017-09-18,2346970.752573805
2017-09-19,2354554.8535531457
2017-09-20,2349475.1371506774
2017-09-21,2320105.524819519
2017-09-22,2311492.238280604
2017-09-25,2257993.986497448
2017-09-26,2267729.525269484
2017-09-27,2304076.0544669605
2017-09-28,2299236.418700206
2017-09-29,2321614.2312271656
2017-10-02,2310628.227346771
2017-10-03,2321711.726343572
2017-10-04,2325969.7645457904
2017-10-05,2326855.85626367
2017-10-06,2330447.237050387
2017-10-09,2356861.9666249724
2017-10-10,2377391.3511784673
2017-10-11,2391786.410004508
2017-10-12,2398609.347144747
2017-10-13,2417830.509239357
2017-10-16,2441166.5977422134
2017-10-17,2434069.865761833
2017-10-18,2432077.085925366
2017-10-19,2430180.9348327164
2017-10-20,2431334.095842519
2017-10-23,2426315.057628006
2017-10-24,2443654.7636580905
2017-10-25,2380522.3638185454
2017-10-26,2383311.6252522613
2017-10-27,2459980.748816809
2017-10-30,2454234.119008317
2017-10-31,2469631.7016729307
2017-11-01,2459160.1318320394
2017-11-02,2467174.628572271
2017-11-03,2512878.3322690353
2017-11-06,2538184.770927183
2017-11-07,2558861.7383428616
2017-11-08,2540288.9046269213
2017-11-09,2508444.3920473177
2017-11-10,2565403.128134053
2017-11-13,2555869.347132461
2017-11-14,2564485.9928345988
2017-11-15,2543719.7707707915
2017-11-16,2561274.462054372
2017-11-17,2559577.180385111
2017-11-20,2570938.367416933
2017-11-21,2585592.7365873414
2017-11-22,2576674.0931899026
2017-11-24,2585161.4712317446
2017-11-27,2582939.1710650553
2017-11-28,2564914.8752851402
2017-11-29,2476901.300479362
2017-11-30,2501508.1508682705
2017-12-01,2472319.218000067
2017-12-04,2363448.8224593117
2017-12-05,2371157.310752896
2017-12-06,2391590.119122287
2017-12-07,2422983.65319845
2017-12-08,2425337.3354899767
2017-12-11,2442594.2242326206
2017-12-12,2423367.2201164044
2017-12-13,2403798.9491648
2017-12-14,2397491.59210024
2017-12-15,2429800.7606362696
2017-12-18,2460467.6488766964
2017-12-19,2444070.6941259354
2017-12-20,2441097.111091908
2017-12-21,2427709.7437497843
2017-12-22,2436378.5120370802
2017-12-26,2450032.071706677
2017-12-27,2447633.2214978733
2017-12-28,2449863.6376761
2017-12-29,2427209.7254848625
2018-01-02,2466775.1628474235
2018-01-03,2547776.8872092636
2018-01-04,2552336.0645004767
2018-01-05,2581682.294008277
2018-01-08,2629333.189842526
2018-01-09,2627574.942040623
2018-01-10,2626706.866022795
2018-01-11,2641549.140069855
2018-01-12,2645656.498457976
2018-01-16,2627006.268630245
2018-01-17,2664799.53630404
2018-01-18,2655825.356367973
2018-01-19,2686531.7924122843
2018-01-22,2706830.715157601
2018-01-23,2745232.9564432483
2018-01-24,2730077.789016528
2018-01-25,2736104.7636960126
2018-01-26,2786048.726455955
2018-01-29,2779870.4488799255
2018-01-30,2743355.9520278666
2018-01-31,2753870.1466966677
2018-02-01,2707312.95320208
2018-02-02,2658531.725298309
2018-02-05,2517148.043626384
2018-02-06,2585056.032154801
2018-02-07,2586591.7170280176
2018-02-08,2486878.9640450804
2018-02-09,2579869.332549209
2018-02-12,2568496.2398801004
2018-02-13,2591201.3828210463
2018-02-14,2661287.7428310155
2018-02-15,2703858.3309864146
2018-02-16,2690178.7720142165
2018-02-20,2719279.694283894
2018-02-21,2667947.9273405797
2018-02-22,2685744.645885712
2018-02-23,2735976.106666254
2018-02-26,2742165.060756228
2018-02-27,2728677.374571321
2018-02-28,2704239.0114557818
2018-03-01,2644861.427237274
2018-03-02,2695391.1478174687
2018-03-05,2709996.1198969935
2018-03-06,2745812.6873244247
2018-03-07,2751561.957462876
2018-03-08,2755075.8183454718
2018-03-09,2800248.4356392324
2018-03-12,2816860.6598216556
2018-03-13,2792304.6907339357
2018-03-14,2814547.8166876775
2018-03-15,2812779.789879345
2018-03-16,2812734.5697882287
2018-03-19,2745572.25385901
2018-03-20,2798623.585607598
2018-03-21,2791892.280159784
2018-03-22,2720222.4943746347
2018-03-23,2649457.490861701
2018-03-26,2746522.422871044
2018-03-27,2607319.2588249217
2018-03-28,2565823.5768536553
2018-03-29,2637261.23951901
2018-04-02,2552540.3686604337
2018-04-03,2573598.63871458
2018-04-04,2594773.868984936
2018-04-05,2590130.5631486294
2018-04-06,2515702.0665267375
2018-04-09,2549143.946715372
2018-04-10,2630492.290669518
2018-04-11,2625183.385495531
2018-04-12,2682291.0409688056
2018-04-13,2661129.383102533
2018-04-16,2652495.477581259
2018-04-17,2723082.490141609
2018-04-18,2720902.0143738505
2018-04-19,2648465.1371805514
2018-04-20,2625739.227104696
2018-04-23,2592186.056106137
2018-04-24,2547977.145646628
2018-04-25,2525518.3831956484
2018-04-26,2602385.9531507343
2018-04-27,2596777.284044935
2018-04-30,2581420.7360975957
2018-05-01,2598834.6756536383
2018-05-02,2593303.8980910243
2018-05-03,2642028.982498378
2018-05-04,2682101.096531685
2018-05-07,2750753.2044540616
2018-05-08,2756748.904432333
2018-05-09,2792345.9190232065
2018-05-10,2827871.2025498822
2018-05-11,2814336.643311446
2018-05-14,2822251.479953044
2018-05-15,2766831.4137145733
2018-05-16,2781524.103331367
2018-05-17,2778718.7847844567
2018-05-18,2786458.1642221143
2018-05-21,2787297.2218697234
2018-05-22,2773506.941318438
2018-05-23,2820892.9529909226
2018-05-24,2844311.043786196
2018-05-25,2850596.2195274606
2018-05-29,2850219.704271951
2018-05-30,2891151.5965231927
2018-05-31,2880855.8527617194
2018-06-01,2930488.4975744504
2018-06-04,2886822.6660378585
2018-06-05,2910816.515889967
2018-06-06,2928783.5410438264
2018-06-07,2894688.8876867746
2018-06-08,2905668.438042536
2018-06-11,2907982.750202796
2018-06-12,2933972.7956713974
2018-06-13,2950251.314476496
2018-06-14,2960852.4684367455
2018-06-15,2963733.451175814
2018-06-18,2972612.0867286143
2018-06-19,2954660.636069084
2018-06-20,2974722.0851605544
2018-06-21,2942024.5918479
2018-06-22,2870548.499737222
2018-06-25,2810712.960231701
2018-06-26,2835728.9538609064
2018-06-27,2774756.9801578526
2018-06-28,2789602.8035781453
2018-06-29,2781008.822323389
2018-07-02,2795657.799559348
2018-07-03,2752272.827394892
2018-07-05,2769361.392263596
2018-07-06,2804384.3564581764
2018-07-09,2806441.0290994397
2018-07-10,2812751.248175385
2018-07-11,2792263.1048744093
2018-07-12,2832703.627128408
2018-07-13,2822733.505493305
2018-07-16,2830330.5792680434
2018-07-17,2837980.672558428
2018-07-18,2835393.0298821717
2018-07-19,2818402.0660303924
2018-07-20,2810171.4301044964
2018-07-23,2809000.4890585793
2018-07-24,2773175.855320994
2018-07-25,2822473.334212364
2018-07-26,2787436.810249808
2018-07-27,2706907.7539324844
2018-07-30,2652259.6600837233
2018-07-31,2670400.6388736297
2018-08-01,2661236.0941503337
2018-08-02,2699785.977431303
2018-08-03,2693884.9571501366
2018-08-06,2721477.116254432
2018-08-07,2722632.081791902
2018-08-08,2724817.802784743
2018-08-09,2712198.5338494666
2018-08-10,2699593.6450449154
2018-08-13,2686917.0983596845
2018-08-14,2715613.7086923444
2018-08-15,2656564.820592905
2018-08-16,2653062.4917643126
2018-08-17,2654090.7168249516
2018-08-20,2679580.060892851
2018-08-21,2712819.509597358
2018-08-22,2733841.673825598
2018-08-23,2738712.251754693
2018-08-24,2772529.518257709
2018-08-27,2811848.7628970416
2018-08-28,2821159.533396763
2018-08-29,2832876.3290494056
2018-08-30,2830394.6478816736
2018-08-31,2823799.697122205
2018-09-04,2808407.088244802
2018-09-05,2722369.3155129193
2018-09-06,2702456.01580253
2018-09-07,2693454.193264285
2018-09-10,2717304.330299761
2018-09-11,2750027.5858507645
2018-09-12,2740363.9465864366
2018-09-13,2735269.540531282
2018-09-14,2746648.5553570613
2018-09-17,2675821.6022631982
2018-09-18,2714773.5124760605
2018-09-19,2703925.901395495
2018-09-20,2720771.6564907846
2018-09-21,2720193.2745668897
2018-09-24,2750164.1294823326
2018-09-25,2771448.4855882498
2018-09-26,2777002.8777412935
2018-09-27,2776952.9230977534
2018-09-28,2773474.168705154
2018-10-01,2768491.39274172
2018-10-02,2715827.3244822198
2018-10-03,2718238.093691952
2018-10-04,2659309.718713393
2018-10-05,2635771.15723505
2018-10-08,2591394.017485643
2018-10-09,2596383.9504319713
2018-10-10,2462939.192755102
2018-10-11,2437669.5703774495
2018-10-12,2511580.8136391207
2018-10-15,2490876.927529179
2018-10-16,2536756.550106126
2018-10-17,2547223.5030448968
2018-10-18,2500831.316357234
2018-10-19,2429520.8562251735
2018-10-22,2443036.9223750085
2018-10-23,2431567.2625917527
2018-10-24,2317875.0596661484
2018-10-25,2275292.256975046
2018-10-26,2233227.795900604
2018-10-29,2195571.7025044295
2018-10-30,2248374.8561298368
2018-10-31,2293125.958765375
2018-11-01,2370528.626163201
2018-11-02,2390050.012869655
2018-11-05,2390050.012869655
2018-11-06,2390050.012869655
2018-11-07,2390050.012869655
2018-11-08,2390050.012869655
2018-11-09,2390050.012869655
2018-11-12,2390050.012869655
2018-11-13,2390050.012869655
2018-11-14,2390050.012869655
2018-11-15,2390050.012869655
2018-11-16,2390050.012869655
2018-11-19,2390050.012869655
2018-11-20,2390050.012869655
2018-11-21,2390050.012869655
2018-11-23,2390050.012869655
2018-11-26,2390050.012869655
2018-11-27,2390050.012869655
2018-11-28,2390050.012869655
2018-11-29,2390050.012869655
2018-11-30,2390050.012869655
2018-12-03,2390050.012869655
2018-12-04,2320386.2321119523
2018-12-06,2351753.183394234
2018-12-07,2273469.3272084985
2018-12-10,2277268.599495512
2018-12-11,2278361.2788896714
2018-12-12,2267389.217873579
2018-12-13,2226274.0208772877
2018-12-14,2209740.042571769
2018-12-17,2132830.157220052
2018-12-18,2165298.5401913594
2018-12-19,2119308.7688067923
2018-12-20,2063589.592553562
2018-12-21,2004329.779472956
2018-12-24,1970605.1293716277
2018-12-26,2071701.582618274
2018-12-27,2081135.302463323
2018-12-28,2079140.6011942623
2018-12-31,2108018.257862815
2019-01-02,2104576.676569573
2019-01-03,2090395.690302465
2019-01-04,2090395.690302465
2019-01-07,2090395.690302465
2019-01-08,2090395.690302465
2019-01-09,2090395.690302465
2019-01-10,2090395.690302465
2019-01-11,2090395.690302465
2019-01-14,2090395.690302465
2019-01-15,2090395.690302465
2019-01-16,2090395.690302465
2019-01-17,2090395.690302465
2019-01-18,2090395.690302465
2019-01-22,2090395.690302465
2019-01-23,2090395.690302465
2019-01-24,2090395.690302465
2019-01-25,2090395.690302465
2019-01-28,2090395.690302465
2019-01-29,2090395.690302465
2019-01-30,2090395.690302465
2019-01-31,2090395.690302465
2019-02-01,2090395.690302465
2019-02-04,2090395.690302465
2019-02-05,2090395.690302465
2019-02-06,2090395.690302465
2019-02-07,2090395.690302465
2019-02-08,2090395.690302465
2019-02-11,2090395.690302465
2019-02-12,2090395.690302465
2019-02-13,2090395.690302465
2019-02-14,2090395.690302465
2019-02-15,2090395.690302465
2019-02-19,2090395.690302465
2019-02-20,2090395.690302465
2019-02-21,2090395.690302465
2019-02-22,2090395.690302465
2019-02-25,2090395.690302465
2019-02-26,2090395.690302465
2019-02-27,2090395.690302465
2019-02-28,2090395.690302465
2019-03-01,2090395.690302465
2019-03-04,2065367.4848963139
2019-03-05,2071726.702196133
2019-03-06,2055002.7461502114
2019-03-07,2048246.6342170618
2019-03-08,2048212.1701478234
2019-03-11,2066979.161255859
2019-03-12,2084864.7603002656
2019-03-13,2088092.8303913872
2019-03-14,2080870.6019464666
2019-03-15,2090344.0242442416
2019-03-18,2093588.6035384396
2019-03-19,2122711.8410647283
2019-03-20,2125891.8727937387
2019-03-21,2168051.651533828
2019-03-22,2136950.2119637877
2019-03-25,2139686.214314992
2019-03-26,2152295.63735765
2019-03-27,2136532.927542711
2019-03-28,2144069.6805352354
2019-03-29,2150300.0213825717
2019-04-01,2157955.0672854553
2019-04-02,2159441.3845198746
2019-04-03,2180200.829769216
2019-04-04,2168324.4246430695
2019-04-05,2180567.291524751
2019-04-08,2177674.568105792
2019-04-09,2164505.581177925
2019-04-10,2178481.3486277745
2019-04-11,2174169.9143302436
2019-04-12,2176524.2546846215
2019-04-15,2177147.8188147056
2019-04-16,2168699.4688172443
2019-04-17,2145028.8357550097
2019-04-18,2147778.838197579
2019-04-22,2155157.5192230814
2019-04-23,2175650.2061548857
2019-04-24,2192983.1559093823
2019-04-25,2122278.6508125355
2019-04-26,2129347.621639072
2019-04-29,2121112.7881688382
2019-04-30,2129287.4869475183
2019-05-01,2105140.5862320443
2019-05-02,2137274.3024264793
2019-05-03,2139813.356021667
2019-05-06,2133100.28146013
2019-05-07,2104592.0723789874
2019-05-08,2111147.8010664764
2019-05-09,2106638.7043132395
2019-05-10,2115093.777122252
2019-05-13,2058406.4728615456
2019-05-14,2087430.0597960686
2019-05-15,2097282.907899048
2019-05-16,2099232.0761212134
2019-05-17,2081567.7460537606
2019-05-20,2036931.1932997925
2019-05-21,2065964.960795309
2019-05-22,2066623.3517914994
2019-05-23,2026574.7649362807
2019-05-24,2028502.7474402052
2019-05-28,2054457.6038704775
2019-05-29,2035308.2357204931
2019-05-30,2067302.9955861701
2019-05-31,2033780.0109309591
2019-06-03,2020837.8166398413
2019-06-04,2040492.4973663369
2019-06-05,2040492.4973663369
2019-06-06,2040492.4973663369
2019-06-07,2040492.4973663369
2019-06-10,2040492.4973663369
2019-06-11,2040492.4973663369
2019-06-12,2040492.4973663369
2019-06-13,2040492.4973663369
2019-06-14,2040492.4973663369
2019-06-17,2040492.4973663369
2019-06-18,2040492.4973663369
2019-06-19,2040492.4973663369
2019-06-20,2040492.4973663369
2019-06-21,2040492.4973663369
2019-06-24,2040492.4973663369
2019-06-25,2040492.4973663369
2019-06-26,2040492.4973663369
2019-06-27,2040492.4973663369
2019-06-28,2040492.4973663369
2019-07-01,2040492.4973663369
2019-07-02,2046118.487514771
2019-07-03,2063292.6043142166
2019-07-05,2067564.341690456
2019-07-08,2070623.815623939
2019-07-09,2080155.1425250778
2019-07-10,2087928.8308377992
2019-07-11,2089213.9520593525
2019-07-12,2100760.447297434
2019-07-15,2115675.1975074653
2019-07-16,2114055.798668739
2019-07-17,2103431.297569303
2019-07-18,2118926.034179546
2019-07-19,2105257.8764534486
2019-07-22,2112798.564533068
2019-07-23,2119548.178810384
2019-07-24,2132451.347184875
2019-07-25,2119624.4035013863
2019-07-26,2135682.433707545
2019-07-29,2130804.5546304653
2019-07-30,2126780.8889320674
2019-07-31,2084386.5357928448
2019-08-01,2084505.9077623552
2019-08-02,2073788.2756126637
2019-08-05,2031484.0715854769
2019-08-06,2054483.971537226
2019-08-07,2059848.075399427
2019-08-08,2121197.886433278
2019-08-09,2118530.345125787
2019-08-12,2093948.4306385552
2019-08-13,2117629.2137112063
2019-08-14,2065147.8945382687
2019-08-15,2077516.9747899242
2019-08-16,2106132.1244187346
2019-08-19,2117457.780133712
2019-08-20,2107132.061901306
2019-08-21,2129406.006417378
2019-08-22,2151199.1220312943
2019-08-23,2097328.3673004336
2019-08-26,2122552.519803166
2019-08-27,2125801.5778829334
2019-08-28,2141734.8458517194
2019-08-29,2156171.9834571024
2019-08-30,2153470.7507584346
2019-09-03,2137472.688090443
2019-09-04,2157756.48431859
2019-09-05,2147330.9218820157
2019-09-06,2145990.338717878
2019-09-09,2087957.6753037034
2019-09-10,2027299.5342381378
2019-09-11,2028116.6158670553
2019-09-12,2047431.2794371
2019-09-13,2022552.120996348
2019-09-16,2021581.4278159046
2019-09-17,2061554.0751300615
2019-09-18,2063304.021893925
2019-09-19,2062308.0425943504
2019-09-20,2064821.2378335446
2019-09-23,2067911.8576562
2019-09-24,2063188.8273742935
2019-09-25,2048759.1890571367
2019-09-26,2051592.1894181953
2019-09-27,2026279.2989238969
2019-09-30,2042430.1594390688
2019-10-01,2023522.370010916
2019-10-02,1999907.3878963531
2019-10-03,2019156.6205768397
2019-10-04,2035618.5382146945
2019-10-07,2029384.142229844
2019-10-08,2018746.1366514068
2019-10-09,2037641.428137005
2019-10-10,2045112.9304912395
2019-10-11,2042212.741749359
2019-10-14,2044868.5486315838
2019-10-15,2035228.565913406
2019-10-16,2020383.2055275864
2019-10-17,2037043.825817451
2019-10-18,2049902.245798004
2019-10-21,2044745.5305123483
2019-10-22,2013283.8463872222
2019-10-23,1999060.2219706902
2019-10-24,2002044.1822426901
2019-10-25,1989101.145118166
2019-10-28,1989419.0052547504
2019-10-29,1994600.353929772
2019-10-30,2009793.1891626555
2019-10-31,2006673.5882104489
2019-11-01,1990895.4590861618
2019-11-04,1963086.9164683698
2019-11-05,1945584.7477918614
2019-11-06,1954563.0880014915
2019-11-07,1944416.0781167306
2019-11-08,1944711.5187956651
2019-11-11,1961957.9593727968
2019-11-12,1968102.405644161
2019-11-13,1979201.564860425
2019-11-14,1993083.0728275569
2019-11-15,2004947.685761936
2019-11-18,2016077.3189340841
2019-11-19,2015536.5323929593
2019-11-20,2010559.1283403274
2019-11-21,1985460.7212932461
2019-11-22,1978238.4674664175
2019-11-25,2000385.2758939352
2019-11-26,2018127.7170592563
2019-11-27,2027550.0740583842
2019-11-29,2014575.9762216173
2019-12-02,1994747.8984495958
2019-12-03,1982290.5734448698
2019-12-04,1990383.3331185658
2019-12-05,1988117.357420101
2019-12-06,1999726.6040569013
2019-12-09,1990148.8999816456
2019-12-10,1991110.8157717753
2019-12-11,2008346.5304699834
2019-12-12,2024424.594570854
2019-12-13,2027141.1983423533
2019-12-16,2030062.0961915469
2019-12-17,2041406.7215817722
2019-12-18,2031494.4069959396
2019-12-19,2037024.6295046885
2019-12-20,2045031.6026308974
2019-12-23,2034994.6091619395
2019-12-24,2039293.8458609285
2019-12-26,2044461.1795489304
2019-12-27,2042700.0672113406
2019-12-30,2038960.6035563354
2019-12-31,2041404.0766708676
2020-01-02,2062616.729901099
2020-01-03,2048885.824878826
2020-01-06,2033670.659817949
2020-01-07,2041748.8395220616
2020-01-08,2041841.3087015485
2020-01-09,2051251.0892625337
2020-01-10,2042310.9588245777
2020-01-13,2056284.119648857
2020-01-14,2058145.7368485592
2020-01-15,2047980.6603751597
2020-01-16,2065723.4513499814
2020-01-17,2068402.9809348453
2020-01-21,2059003.253763844
2020-01-22,2068994.0892469117
2020-01-23,2074144.7247722126
2020-01-24,2054023.2891697057
2020-01-27,2029570.9563861995
2020-01-28,2059721.1721417804
2020-01-29,2049038.7322138345
2020-01-30,2072607.1744544453
2020-01-31,2030898.2496586065
2020-02-03,2051919.1692981096
2020-02-04,2095057.5497702167
2020-02-05,2082634.996661543
2020-02-06,2070158.4441253867
2020-02-07,2047235.4308195517
2020-02-10,2061833.763223538
2020-02-11,2070987.648337546
2020-02-12,2090419.3930273214
2020-02-13,2099834.938958615
2020-02-14,2100296.4103327803
2020-02-18,2078503.9550054707
2020-02-19,2103108.613074272
2020-02-20,2067332.8702218612
2020-02-21,2027389.9448800026
2020-02-24,1975949.1564339239
2020-02-25,1928894.7755438292
2020-02-26,1934788.9522826502
2020-02-27,1882145.0787784015
2020-02-28,1892487.852439291
2020-03-02,1954479.6090650337
2020-03-03,1922064.4229824997
2020-03-04,1987459.9351295843
2020-03-05,1932418.6103241928
2020-03-06,1886548.4363029972
2020-03-09,1779036.953886798
2020-03-10,1851285.4640053858
2020-03-11,1773587.7760438838
2020-03-12,1627319.1526637948
2020-03-13,1725525.1110184963
2020-03-16,1545173.733649813
2020-03-17,1593783.6536959908
2020-03-18,1482456.510604552
2020-03-19,1510467.2672285805
2020-03-20,1446064.9084817588
2020-03-23,1435160.0090743373
2020-03-24,1557533.332274207
2020-03-25,1582307.403006719
2020-03-26,1666804.651532726
2020-03-27,1603417.478744049
2020-03-30,1627097.2137563736
2020-03-31,1580224.891913219
2020-04-01,1512925.0090938804
2020-04-02,1501187.4352793493
2020-04-03,1501187.4352793493
2020-04-06,1501187.4352793493
2020-04-07,1501187.4352793493
2020-04-08,1501187.4352793493
2020-04-09,1501187.4352793493
2020-04-13,1501187.4352793493
2020-04-14,1501187.4352793493
2020-04-15,1501187.4352793493
2020-04-16,1501187.4352793493
2020-04-17,1501187.4352793493
2020-04-20,1501187.4352793493
2020-04-21,1501187.4352793493
2020-04-22,1501187.4352793493
2020-04-23,1501187.4352793493
2020-04-24,1501187.4352793493
2020-04-27,1501187.4352793493
2020-04-28,1501187.4352793493
2020-04-29,1501187.4352793493
2020-04-30,1501187.4352793493
2020-05-01,1501187.4352793493
2020-05-04,1501187.4352793493
2020-05-05,1501187.4352793493
2020-05-06,1501187.4352793493
2020-05-07,1501187.4352793493
2020-05-08,1501187.4352793493
2020-05-11,1501187.4352793493
2020-05-12,1501187.4352793493
2020-05-13,1501187.4352793493
2020-05-14,1501187.4352793493
2020-05-15,1501187.4352793493
2020-05-18,1501187.4352793493
2020-05-19,1501187.4352793493
2020-05-20,1501187.4352793493
2020-05-21,1501187.4352793493
2020-05-22,1501187.4352793493
2020-05-26,1501187.4352793493
2020-05-27,1501187.4352793493
2020-05-28,1501187.4352793493
2020-05-29,1501187.4352793493
2020-06-01,1501187.4352793493
2020-06-02,1496085.1258668816
2020-06-03,1476899.4850493653
2020-06-04,1474685.767174303
2020-06-05,1493618.222610013
2020-06-08,1500001.0376035369
2020-06-09,1513502.0155167053
2020-06-10,1525984.136890669
2020-06-11,1471398.3696613442
2020-06-12,1471635.7200491547
2020-06-15,1497119.6474598923
2020-06-16,1492086.118435497
2020-06-17,1497900.0291745632
2020-06-18,1493274.588344447
2020-06-19,1516761.5056515685
2020-06-22,1520197.503778558
2020-06-23,1517702.959516929
2020-06-24,1490622.650352533
2020-06-25,1497359.3707310278
2020-06-26,1474787.351237991
2020-06-29,1487503.9087740916
2020-06-30,1515587.5375731783
2020-07-01,1512866.11905538
2020-07-02,1519822.036311578
2020-07-06,1533290.360060066
2020-07-07,1533229.801987301
2020-07-08,1556036.0961183093
2020-07-09,1579525.1695324865
2020-07-10,1568154.3881739615
2020-07-13,1517263.9306225213
2020-07-14,1537498.8419916455
2020-07-15,1534785.5753534187
2020-07-16,1527582.5407222896
2020-07-17,1540286.2673452364
2020-07-20,1570795.7032754796
2020-07-21,1556601.1967698622
2020-07-22,1575646.2230774418
2020-07-23,1562636.867796482
2020-07-24,1577704.5255766993
2020-07-27,1593711.4219232998
2020-07-28,1573022.4400017764
2020-07-29,1613670.151016202
2020-07-30,1622758.8497600732
2020-07-31,1629529.127200536
2020-08-03,1648700.6944353846
2020-08-04,1676556.9396040451
2020-08-05,1680621.1660388797
2020-08-06,1681829.7739569603
2020-08-07,1676409.2407611718
2020-08-10,1650443.0857706454
2020-08-11,1605698.460969797
2020-08-12,1643297.0223778486
2020-08-13,1650856.276537162
2020-08-14,1645636.8162742308
2020-08-17,1682353.5511102225
2020-08-18,1674784.5872794718
2020-08-19,1664810.9574200404
2020-08-20,1673462.0704367904
2020-08-21,1677134.3078042034
2020-08-24,1678776.5144974412
2020-08-25,1695201.1612046622
2020-08-26,1701375.5299624223
2020-08-27,1692252.8244939742
2020-08-28,1704050.3031889058
2020-08-31,1725674.5206962007
2020-09-01,1735696.9554629046
2020-09-02,1761000.426806828
2020-09-03,1667321.6363201698
2020-09-04,1638166.3376404252
2020-09-08,1586681.8882888958
2020-09-09,1632027.292609806
2020-09-10,1602720.3176225752
2020-09-11,1585729.8507075254
2020-09-14,1616229.483810963
2020-09-15,1635792.6421704816
2020-09-16,1611987.6331990312
2020-09-17,1605038.8248904834
2020-09-18,1593191.2602446212
2020-09-21,1615581.3460017964
2020-09-22,1631848.1620188241
2020-09-23,1596990.8957813692
2020-09-24,1604554.2431621356
2020-09-25,1636182.4905739068
2020-09-28,1651384.1152913775
2020-09-29,1667680.908292143
2020-09-30,1671775.0287111152
2020-10-01,1694325.7424429771
2020-10-02,1652936.54279239
2020-10-05,1696108.0703461815
2020-10-06,1675347.4730074368
2020-10-07,1715052.7395297817
2020-10-08,1705620.5760858443
2020-10-09,1709104.9513059244
2020-10-12,1727487.272122654
2020-10-13,1749914.9907590423
2020-10-14,1729693.8073417116
2020-10-15,1724744.151391878
2020-10-16,1720578.8329419051
2020-10-19,1704013.6436502968
2020-10-20,1697469.632455167
2020-10-21,1668570.725975832
2020-10-22,1666378.0562901958
2020-10-23,1686519.8764121227
2020-10-26,1681904.3719733898
2020-10-27,1672114.229167688
2020-10-28,1623076.1531461503
2020-10-29,1624836.6181780125
2020-10-30,1572563.7897232424
2020-11-02,1579273.039926575
2020-11-03,1601454.0146406735
2020-11-04,1664925.0540021074
2020-11-05,1701665.619641465
2020-11-06,1720008.245631361
2020-11-09,1634414.5805826387
2020-11-10,1593635.752372392
2020-11-11,1644896.095142412
2020-11-12,1636090.1917635151
2020-11-13,1630518.0808547032
2020-11-16,1642167.321807836
2020-11-17,1641039.4231598498
2020-11-18,1627733.6026655955
2020-11-19,1648539.8105640565
2020-11-20,1644504.3749399341
2020-11-23,1656787.5981342143
2020-11-24,1644945.9039206218
2020-11-25,1670664.9457912317
2020-11-27,1695568.0288483337
2020-11-30,1717976.1745451037
2020-12-01,1716062.5789249998
2020-12-02,1707769.15673652
2020-12-03,1698386.2316979629
2020-12-04,1706722.6269351416
2020-12-07,1715333.2509649117
2020-12-08,1722321.7619170486
2020-12-09,1689401.8567700968
2020-12-10,1708695.302053839
2020-12-11,1717154.4446684741
2020-12-14,1739340.7448360943
2020-12-15,1757867.5898856088
2020-12-16,1773888.1496649778
2020-12-17,1792579.0614255008
2020-12-18,1800864.8976744134
2020-12-21,1787264.2271441526
2020-12-22,1807960.2748106464
2020-12-23,1781855.9600007464
2020-12-24,1782925.1605196109
2020-12-28,1758172.165069886
2020-12-29,1752700.4676190862
2020-12-30,1771028.1529252792
2020-12-31,1766928.6374567472
2021-01-04,1746336.2381007257
2021-01-05,1763394.4514373306
2021-01-06,1737273.4778344322
2021-01-07,1784016.1449556982
2021-01-08,1806864.9992311927
2021-01-11,1808176.3295486062
2021-01-12,1841472.3356505823
2021-01-13,1842284.330401383
2021-01-14,1838862.064599957
2021-01-15,1808080.6911115695
2021-01-19,1844272.0599003504
2021-01-20,1840700.0030573495
2021-01-21,1854746.0703181196
2021-01-22,1858978.848920051
2021-01-25,1861005.0252390895
2021-01-26,1846231.1015408286
2021-01-27,1788719.1094469859
2021-01-28,1797143.2476593007
2021-01-29,1768533.813451137
2021-02-01,1803766.4598758337
2021-02-02,1841127.8640076597
2021-02-03,1836821.5069035422
2021-02-04,1862018.669000763
2021-02-05,1872256.2505431059
2021-02-08,1913440.163887699
2021-02-09,1906127.6946005938
2021-02-10,1902991.38212202
2021-02-11,1913596.9056304167
2021-02-12,1939716.9894935633
2021-02-16,1920079.1570740473
2021-02-17,1891666.4172455035
2021-02-18,1866204.7465217882
2021-02-19,1886331.6196039582
2021-02-22,1803228.7308606424
2021-02-23,1787407.3935204383
2021-02-24,1818771.6690502502
2021-02-25,1735499.589740258
2021-02-26,1787827.1065765226
2021-03-01,1853433.8772793238
2021-03-02,1810845.916338403
2021-03-03,1722229.8282018595
2021-03-04,1654690.1024738078
2021-03-05,1653713.1576124923
2021-03-08,1586815.0073037155
2021-03-09,1677678.7482308147
2021-03-10,1678145.4584715625
2021-03-11,1739392.1135245885
2021-03-12,1731247.740610991
2021-03-15,1753672.9934793771
2021-03-16,1726993.9614999508
2021-03-17,1740516.01158329
2021-03-18,1681661.5724139505
2021-03-19,1703758.2200393917
2021-03-22,1730874.7026576549
2021-03-23,1711070.4610714086
2021-03-24,1653445.4110867647
2021-03-25,1651885.9054113324
2021-03-26,1676895.0003765651
2021-03-29,1650968.2321189065
2021-03-30,1673553.3347744683
2021-03-31,1711481.13046699
2021-04-01,1728230.0803113608
2021-04-05,1696059.7721521237
2021-04-06,1721180.9487916268
2021-04-07,1707661.454147329
2021-04-08,1737347.95221303
2021-04-09,1736510.885443894
2021-04-12,1726426.7109491047
2021-04-13,1753694.3130857232
2021-04-14,1731889.6718935652
2021-04-15,1725801.8651207834
2021-04-16,1730854.155548584
2021-04-19,1682436.9738662967
2021-04-20,1670432.4669293219
2021-04-21,1715014.1202822637
2021-04-22,1711700.6290694498
2021-04-23,1734952.1740896772
2021-04-26,1731874.4343175981
2021-04-27,1744847.52346398
2021-04-28,1722171.98678535
2021-04-29,1701675.8881463213
2021-04-30,1682819.693876673
2021-05-03,1663643.8811108982
2021-05-04,1638031.958399257
2021-05-05,1651116.095021876
2021-05-06,1597989.6127895012
2021-05-07,1629044.4316543562
2021-05-10,1599516.4098473706
2021-05-11,1595727.7234989747
2021-05-12,1532008.7557622301
2021-05-13,1529794.196949305
2021-05-14,1573824.760186149
2021-05-17,1575504.209242783
2021-05-18,1578719.921086374
2021-05-19,1567957.021805304
2021-05-20,1596662.0583635194
2021-05-21,1588452.6868207515
2021-05-24,1607746.081641848
2021-05-25,1612418.3967298244
2021-05-26,1633520.2245595623
2021-05-27,1641510.174637363
2021-05-28,1637480.277614565
2021-06-01,1634058.327664227
2021-06-02,1612431.7404001267
2021-06-03,1596749.0012182323
2021-06-04,1605446.0565050715
2021-06-07,1616455.8831070163
2021-06-08,1628048.6136764933
2021-06-09,1612818.5198126393
2021-06-10,1610933.799174145
2021-06-11,1623778.1843762698
2021-06-14,1602905.5951097135
2021-06-15,1596480.4211587189
2021-06-16,1601935.5613596789
2021-06-17,1577962.642960837
2021-06-18,1565872.4356140948
2021-06-21,1592175.8998403985
2021-06-22,1607278.3461531391
2021-06-23,1622661.863460668
2021-06-24,1629710.2146523409
2021-06-25,1626188.8441298495
2021-06-28,1621950.4471860395
2021-06-29,1622764.892752319
2021-06-30,1641859.413511845
2021-07-01,1638512.1322457371
2021-07-02,1637280.4092187851
2021-07-06,1615474.5472026358
2021-07-07,1599195.887369879
2021-07-08,1594514.4722078326
2021-07-09,1627632.7081108578
2021-07-12,1650745.717986167
2021-07-13,1632740.8859643152
2021-07-14,1605500.6903096733
2021-07-15,1590658.4732868525
2021-07-16,1566585.9322581864
2021-07-19,1545288.3625850643
2021-07-20,1581712.079144822
2021-07-21,1609511.3518342152
2021-07-22,1600469.0777209485
2021-07-23,1597873.1164542625
2021-07-26,1613136.3346986156
2021-07-27,1600426.7097805345
2021-07-28,1610307.2523104935
2021-07-29,1631949.6166969147
2021-07-30,1639542.9892535005
2021-08-02,1629620.500573585
2021-08-03,1669135.253898084
2021-08-04,1664176.3541077063
2021-08-05,1685049.1114277088
2021-08-06,1683546.5456955377
2021-08-09,1713784.7947675772
2021-08-10,1712224.479995837
2021-08-11,1690747.4630799738
2021-08-12,1697405.6071020977
2021-08-13,1675606.1719209617
2021-08-16,1648164.534205978
2021-08-17,1628963.1837327285
2021-08-18,1625897.0352772297
2021-08-19,1615584.2464386541
2021-08-20,1636439.8483094843
2021-08-23,1685299.9734040033
2021-08-24,1705168.6195677412
2021-08-25,1721690.149803686
2021-08-26,1719480.4380677538
2021-08-27,1738880.9116407086
2021-08-30,1722592.9111416598
2021-08-31,1711689.1555714284
2021-09-01,1709012.2245980904
2021-09-02,1714866.2670579762
2021-09-03,1716091.481676966
2021-09-07,1716402.2182845583
2021-09-08,1687905.6755529814
2021-09-09,1710325.6419199728
2021-09-10,1702333.7584020875
2021-09-13,1700373.8265993814
2021-09-14,1687597.5096497647
2021-09-15,1714338.1234732016
2021-09-16,1727511.0837664031
2021-09-17,1718706.426456155
2021-09-20,1674754.5551233601
2021-09-21,1687593.1727042801
2021-09-22,1718406.6026002546
2021-09-23,1757864.6654933305
2021-09-24,1743923.3616261836
2021-09-27,1758097.9646972064
2021-09-28,1731830.0249499704
2021-09-29,1723778.064122251
2021-09-30,1696942.8990092422
2021-10-01,1705311.064999543
2021-10-04,1708915.457652962
2021-10-05,1735355.926053284
2021-10-06,1702883.2932239997
2021-10-07,1716060.5440171782
2021-10-08,1728509.4397060086
2021-10-11,1722666.1587715615
2021-10-12,1730783.4342003642
2021-10-13,1739473.4627276035
2021-10-14,1765522.8884774668
2021-10-15,1759315.253143338
2021-10-18,1779253.225688425
2021-10-19,1777798.9581352791
2021-10-20,1788009.8390572811
2021-10-21,1779831.7520687561
2021-10-22,1782306.4935172303
2021-10-25,1812853.3654884498
2021-10-26,1816896.7278343777
2021-10-27,1774521.1934489505
2021-10-28,1804655.2989951677
2021-10-29,1800350.2000506222
2021-11-01,1834128.4225128365
2021-11-02,1832245.0199895934
2021-11-03,1814167.202237024
2021-11-04,1790371.1205162427
2021-11-05,1795415.585460573
2021-11-08,1811657.8186810247
2021-11-09,1799630.8984987591
2021-11-10,1750601.1842171452
2021-11-11,1763032.8000414649
2021-11-12,1774076.3067667694
2021-11-15,1778690.4086138438
2021-11-16,1777547.2388881696
2021-11-17,1746826.1804678107
2021-11-18,1750043.900858182
2021-11-19,1709401.148131861
2021-11-22,1725393.1333075024
2021-11-23,1767291.7478655395
2021-11-24,1787169.0972170173
2021-11-26,1751817.0112613325
2021-11-29,1791751.4513563756
2021-11-30,1745243.3058430194
2021-12-01,1691019.3699023174
2021-12-02,1717473.3621341349
2021-12-03,1700298.1362261246
2021-12-06,1685536.0814989978
2021-12-07,1736554.071602573
2021-12-08,1734894.892801169
2021-12-09,1702351.0306337154
2021-12-10,1710736.7513015724
2021-12-13,1676594.1175290276
2021-12-14,1661504.0671104738
2021-12-15,1674907.2982922723
2021-12-16,1676544.6963183852
2021-12-17,1665572.4026898844
2021-12-20,1630209.5273014056
2021-12-21,1676848.8619787022
2021-12-22,1688220.0834277247
2021-12-23,1688068.2464157338
2021-12-27,1733623.7116684052
2021-12-28,1724895.3323334323
2021-12-29,1726427.3148111126
2021-12-30,1715111.2492900363
2021-12-31,1719286.729040083
2022-01-03,1729988.4444893082
2022-01-04,1770597.4875787245
2022-01-05,1725412.7409985403
2022-01-06,1763240.2656688136
2022-01-07,1755156.9452418298
2022-01-10,1749738.0468301517
2022-01-11,1774394.6855906034
2022-01-12,1780629.3432246267
2022-01-13,1760705.6506364543
2022-01-14,1780800.864690037
2022-01-18,1751361.6624705445
2022-01-19,1717140.8877929086
2022-01-20,1690557.7979315857
2022-01-21,1647448.1933260278
2022-01-24,1667951.5824793933
2022-01-25,1693582.978211601
2022-01-26,1702183.2130034151
2022-01-27,1695836.388464281
2022-01-28,1711257.8409898984
2022-01-31,1719983.7939293585
2022-02-01,1756913.639036931
2022-02-02,1773519.6655930316
2022-02-03,1749498.911959152
2022-02-04,1751274.9649432155
2022-02-07,1749511.8139438557
2022-02-08,1732495.0015982294
2022-02-09,1765149.787789159
2022-02-10,1750958.5681277032
2022-02-11,1762237.0155911876
2022-02-14,1732546.716659231
2022-02-15,1737495.8893634735
2022-02-16,1759939.90595219
2022-02-17,1755481.9291853684
2022-02-18,1754214.3730834818
2022-02-22,1723346.4063998836
2022-02-23,1720224.402309399
2022-02-24,1724280.4994595805
2022-02-25,1762766.2967365084
2022-02-28,1796004.4810434894
2022-03-01,1783444.7424153443
2022-03-02,1804352.4453070608
2022-03-03,1804352.4453070608
2022-03-04,1804352.4453070608
2022-03-07,1804352.4453070608
2022-03-08,1804352.4453070608
2022-03-09,1804352.4453070608
2022-03-10,1804352.4453070608
2022-03-11,1804352.4453070608
2022-03-14,1804352.4453070608
2022-03-15,1804352.4453070608
2022-03-16,1804352.4453070608
2022-03-17,1804352.4453070608
2022-03-18,1804352.4453070608
2022-03-21,1804352.4453070608
2022-03-22,1804352.4453070608
2022-03-23,1804352.4453070608
2022-03-24,1804352.4453070608
2022-03-25,1804352.4453070608
2022-03-28,1804352.4453070608
2022-03-29,1804352.4453070608
2022-03-30,1804352.4453070608
2022-03-31,1804352.4453070608
2022-04-01,1804352.4453070608
2022-04-04,1792664.373949303
2022-04-05,1760747.9781818953
2022-04-06,1754307.1576486002
2022-04-07,1782597.7873053097
2022-04-08,1835671.0667691242
2022-04-11,1784433.9551279638
2022-04-12,1821521.3632391402
2022-04-13,1835513.3901574768
2022-04-14,1831072.5541704136
2022-04-18,1853543.4113251113
2022-04-19,1838468.4756025737
2022-04-20,1855878.587860732
2022-04-21,1788735.1641123118
2022-04-22,1738288.8532011234
2022-04-25,1694688.6152929533
2022-04-26,1692506.1814195418
2022-04-27,1718760.0270923544
2022-04-28,1754641.2243855433
2022-04-29,1724555.8991371042
2022-05-02,1735330.8354935958
2022-05-03,1746709.7938711806
2022-05-04,1746709.7938711806
2022-05-05,1746709.7938711806
2022-05-06,1746709.7938711806
2022-05-09,1746709.7938711806
2022-05-10,1746709.7938711806
2022-05-11,1746709.7938711806
2022-05-12,1746709.7938711806
2022-05-13,1746709.7938711806
2022-05-16,1746709.7938711806
2022-05-17,1746709.7938711806
2022-05-18,1746709.7938711806
2022-05-19,1746709.7938711806
2022-05-20,1746709.7938711806
2022-05-23,1746709.7938711806
2022-05-24,1746709.7938711806
2022-05-25,1746709.7938711806
2022-05-26,1746709.7938711806
2022-05-27,1746709.7938711806
2022-05-31,1746709.7938711806
2022-06-01,1746709.7938711806
2022-06-02,1746709.7938711806
2022-06-03,1746709.7938711806
2022-06-06,1746709.7938711806
2022-06-07,1746709.7938711806
2022-06-08,1746709.7938711806
2022-06-09,1746709.7938711806
2022-06-10,1746709.7938711806
2022-06-13,1746709.7938711806
2022-06-14,1746709.7938711806
2022-06-15,1746709.7938711806
2022-06-16,1746709.7938711806
2022-06-17,1746709.7938711806
2022-06-21,1746709.7938711806
2022-06-22,1746709.7938711806
2022-06-23,1746709.7938711806
2022-06-24,1746709.7938711806
2022-06-27,1746709.7938711806
2022-06-28,1746709.7938711806
2022-06-29,1746709.7938711806
2022-06-30,1746709.7938711806
2022-07-01,1746709.7938711806
2022-07-05,1746709.7938711806
2022-07-06,1746709.7938711806
2022-07-07,1746709.7938711806
2022-07-08,1746709.7938711806
2022-07-11,1746709.7938711806
2022-07-12,1746709.7938711806
2022-07-13,1746709.7938711806
2022-07-14,1746709.7938711806
2022-07-15,1746709.7938711806
2022-07-18,1746709.7938711806
2022-07-19,1746709.7938711806
2022-07-20,1746709.7938711806
2022-07-21,1746709.7938711806
2022-07-22,1746709.7938711806
2022-07-25,1746709.7938711806
2022-07-26,1746709.7938711806
2022-07-27,1746709.7938711806
2022-07-28,1746709.7938711806
2022-07-29,1746709.7938711806
2022-08-01,1746709.7938711806
2022-08-02,1746709.7938711806
2022-08-03,1746709.7938711806
2022-08-04,1746709.7938711806
2022-08-05,1746709.7938711806
2022-08-08,1746709.7938711806
2022-08-09,1746709.7938711806
2022-08-10,1746709.7938711806
2022-08-11,1746709.7938711806
2022-08-12,1746709.7938711806
2022-08-15,1746709.7938711806
2022-08-16,1746709.7938711806
2022-08-17,1746709.7938711806
2022-08-18,1746709.7938711806
2022-08-19,1746709.7938711806
2022-08-22,1746709.7938711806
2022-08-23,1746709.7938711806
2022-08-24,1746709.7938711806
2022-08-25,1746709.7938711806
2022-08-26,1746709.7938711806
2022-08-29,1746709.7938711806
2022-08-30,1746709.7938711806
2022-08-31,1746709.7938711806
2022-09-01,1746709.7938711806
2022-09-02,1746709.7938711806
2022-09-06,1746709.7938711806
2022-09-07,1746709.7938711806
2022-09-08,1746709.7938711806
2022-09-09,1746709.7938711806
2022-09-12,1746709.7938711806
2022-09-13,1746709.7938711806
2022-09-14,1746709.7938711806
2022-09-15,1746709.7938711806
2022-09-16,1746709.7938711806
2022-09-19,1746709.7938711806
2022-09-20,1746709.7938711806
2022-09-21,1746709.7938711806
2022-09-22,1746709.7938711806
2022-09-23,1746709.7938711806
2022-09-26,1746709.7938711806
2022-09-27,1746709.7938711806
2022-09-28,1746709.7938711806
2022-09-29,1746709.7938711806
2022-09-30,1746709.7938711806
2022-10-03,1746709.7938711806
2022-10-04,1746709.7938711806
2022-10-05,1746709.7938711806
2022-10-06,1746709.7938711806
2022-10-07,1746709.7938711806
2022-10-10,1746709.7938711806
2022-10-11,1746709.7938711806
2022-10-12,1746709.7938711806
2022-10-13,1746709.7938711806
2022-10-14,1746709.7938711806
2022-10-17,1746709.7938711806
2022-10-18,1746709.7938711806
2022-10-19,1746709.7938711806
2022-10-20,1746709.7938711806
2022-10-21,1746709.7938711806
2022-10-24,1746709.7938711806
2022-10-25,1746709.7938711806
2022-10-26,1746709.7938711806
2022-10-27,1746709.7938711806
2022-10-28,1746709.7938711806
2022-10-31,1746709.7938711806
2022-11-01,1746709.7938711806
2022-11-02,1746709.7938711806
2022-11-03,1746709.7938711806
2022-11-04,1746709.7938711806
2022-11-07,1746709.7938711806
2022-11-08,1746709.7938711806
2022-11-09,1746709.7938711806
2022-11-10,1746709.7938711806
2022-11-11,1746709.7938711806
2022-11-14,1746709.7938711806
2022-11-15,1746709.7938711806
2022-11-16,1746709.7938711806
2022-11-17,1746709.7938711806
2022-11-18,1746709.7938711806
2022-11-21,1746709.7938711806
2022-11-22,1746709.7938711806
2022-11-23,1746709.7938711806
2022-11-25,1746709.7938711806
2022-11-28,1746709.7938711806
2022-11-29,1746709.7938711806
2022-11-30,1746709.7938711806
2022-12-01,1746709.7938711806
2022-12-02,1735816.0726088034
2022-12-05,1686408.8754025
2022-12-06,1653869.945606314
2022-12-07,1652953.4897155128
2022-12-08,1637134.3579421616
2022-12-09,1613294.095674388
2022-12-12,1652138.4429532208
2022-12-13,1662438.8709881827
2022-12-14,1659707.7883992596
2022-12-15,1659506.9412413575
2022-12-16,1642887.749576539
2022-12-19,1637346.8303269048
2022-12-20,1647266.6026633168
2022-12-21,1671062.6420705204
2022-12-22,1634516.842772698
2022-12-23,1674939.3231093884
2022-12-27,1687147.4660162083
2022-12-28,1646731.5224682265
2022-12-29,1656841.4720187117
2022-12-30,1663835.0502534288
2023-01-03,1607207.4279420634
2023-01-04,1586181.9823987845
2023-01-05,1586181.9823987845
2023-01-06,1586181.9823987845
2023-01-09,1586181.9823987845
2023-01-10,1586181.9823987845
2023-01-11,1586181.9823987845
2023-01-12,1586181.9823987845
2023-01-13,1586181.9823987845
2023-01-17,1586181.9823987845
2023-01-18,1586181.9823987845
2023-01-19,1586181.9823987845
2023-01-20,1586181.9823987845
2023-01-23,1586181.9823987845
2023-01-24,1586181.9823987845
2023-01-25,1586181.9823987845
2023-01-26,1586181.9823987845
2023-01-27,1586181.9823987845
2023-01-30,1586181.9823987845
2023-01-31,1586181.9823987845
2023-02-01,1586181.9823987845
2023-02-02,1569558.8840185036
2023-02-03,1557122.4284785476
2023-02-06,1543573.7327975493
2023-02-07,1568412.7105153431
2023-02-08,1553435.9922866235
2023-02-09,1542727.8530261102
2023-02-10,1568465.0422558133
2023-02-13,1568708.9028782572
2023-02-14,1572612.0473469656
2023-02-15,1572794.7815982464
2023-02-16,1559684.277381389
2023-02-17,1545640.0533482218
2023-02-21,1523880.5444018396
2023-02-22,1524189.5076638933
2023-02-23,1535240.9170345906
2023-02-24,1537027.6577727257
2023-02-27,1547126.3051425638
2023-02-28,1542721.1149847691
2023-03-01,1580615.8436973952
2023-03-02,1591769.5266719249
2023-03-03,1620185.7740908705
2023-03-06,1618282.95087465
2023-03-07,1605714.380575548
2023-03-08,1607819.1661023234
2023-03-09,1590619.5071332592
2023-03-10,1563807.552428026
2023-03-13,1541635.2840268898
2023-03-14,1555635.5687700468
2023-03-15,1505410.049995132
2023-03-16,1530391.230037437
2023-03-17,1512631.5770000154
2023-03-20,1527671.6745518977
2023-03-21,1547300.2511284207
2023-03-22,1524935.4477103741
2023-03-23,1527883.0857203589
2023-03-24,1526169.9941785487
2023-03-27,1548185.930919689
2023-03-28,1558141.9634659458
2023-03-29,1572633.1627323297
2023-03-30,1578121.7161105422
2023-03-31,1590978.6643647652
2023-04-03,1597774.2194836927
2023-04-04,1570630.401148111
2023-04-05,1570189.7121276425
2023-04-06,1569659.9257255115
2023-04-10,1584827.724793998
2023-04-11,1584247.2462630253
2023-04-12,1580374.516582913
2023-04-13,1590796.707546423
2023-04-14,1587734.0238415804
2023-04-17,1595072.0516473516
2023-04-18,1601944.6758952732
2023-04-19,1595601.3032747288
2023-04-20,1609859.0868274178
2023-04-21,1613246.3025926326
2023-04-24,1613845.2722757142
2023-04-25,1598212.5027974776
2023-04-26,1582499.7089087868
2023-04-27,1595444.3941155681
2023-04-28,1586350.7689842868
2023-05-01,1593849.6154284028
2023-05-02,1574011.800515515
2023-05-03,1560697.8458771945
2023-05-04,1541678.4227077088
2023-05-05,1554754.0811718325
2023-05-08,1566030.3179046835
2023-05-09,1571355.9077985391
2023-05-10,1580856.8046057778
2023-05-11,1579897.9887965028
2023-05-12,1613496.526529892
2023-05-15,1606395.656645144
2023-05-16,1587022.644604871
2023-05-17,1594584.6460906349
2023-05-18,1618686.2299684642
2023-05-19,1611557.5441461485
2023-05-22,1606646.6409257546
2023-05-23,1583596.9631032948
2023-05-24,1584588.0276715944
2023-05-25,1585750.805384702
2023-05-26,1599839.860061322
2023-05-30,1601950.3411146738
2023-05-31,1595553.4964903719
2023-06-01,1611395.59551738
2023-06-02,1623399.4108459558
2023-06-05,1617142.9319021848
2023-06-06,1615400.7559573967
2023-06-07,1605541.0037390972
2023-06-08,1608386.1086400084
2023-06-09,1618066.047237411
2023-06-12,1630115.423577361
2023-06-13,1637758.9612941123
2023-06-14,1634920.2243261428
2023-06-15,1639396.45937255
2023-06-16,1631722.5006619478
2023-06-20,1628521.1487789867
2023-06-21,1618190.6523312954
2023-06-22,1619022.7317410829
2023-06-23,1605475.570092341
2023-06-26,1595773.185393971
2023-06-27,1607253.220819858
2023-06-28,1618324.1247280028
2023-06-29,1622771.2917153211
2023-06-30,1644024.2666608782
2023-07-03,1640069.6529904979
2023-07-05,1635785.6622329762
2023-07-06,1619186.966728819
2023-07-07,1628967.7310148394
2023-07-10,1642385.4959607203
2023-07-11,1641078.7800684813
2023-07-12,1651233.25886903
2023-07-13,1662656.870194773
2023-07-14,1650241.9235761398
2023-07-17,1679345.3220880006
2023-07-18,1690320.593181542
2023-07-19,1684620.912559085
2023-07-20,1661028.9139000122
2023-07-21,1647336.960227778
2023-07-24,1646027.9892194956
2023-07-25,1663236.2140594302
2023-07-26,1649622.9090992985
2023-07-27,1659400.2513398542
2023-07-28,1675437.6063894366
2023-07-31,1686747.708265533
2023-08-01,1674980.5286708497
2023-08-02,1644913.6192997098
2023-08-03,1645733.5814198668
2023-08-04,1643516.19797595
2023-08-07,1667287.3446085085
2023-08-08,1655440.2420203115
2023-08-09,1654206.2114969925
2023-08-10,1660931.093047842
2023-08-11,1650556.2949055983
2023-08-14,1670093.4444803256
2023-08-15,1651688.2733889958
2023-08-16,1629393.7673942521
2023-08-17,1602216.9418766694
2023-08-18,1603187.5703159228
2023-08-21,1618489.021284498
2023-08-22,1611921.1360236977
2023-08-23,1641151.9255874415
2023-08-24,1609953.2834184712
2023-08-25,1618039.0421008428
2023-08-28,1622002.7395514317
2023-08-29,1650773.6421559278
2023-08-30,1656656.9025175432
2023-08-31,1661156.2170751898
2023-09-01,1657489.0733938497
2023-09-05,1656669.0779746105
2023-09-06,1652462.9403296062
2023-09-07,1640179.3069477282
2023-09-08,1636858.5648729305
2023-09-11,1643632.7152401386
2023-09-12,1634341.8361191393
2023-09-13,1620806.0312922809
2023-09-14,1632297.671267338
2023-09-15,1609658.7558431723
2023-09-18,1608459.4448331066
2023-09-19,1612324.7519511376
2023-09-20,1590160.6765584091
2023-09-21,1571092.171217301
2023-09-22,1564912.126693337
2023-09-25,1569533.7060980713
2023-09-26,1555045.4975840766
2023-09-27,1564281.9905363894
2023-09-28,1578286.032163422
2023-09-29,1565118.7203452396
2023-10-02,1568236.775876451
2023-10-03,1535968.8295668222
2023-10-04,1556270.8482873957
2023-10-05,1559179.730598933
2023-10-06,1581229.2579931926
2023-10-09,1580363.2788499328
2023-10-10,1586174.3091369076
2023-10-11,1603468.3460359448
2023-10-12,1606139.7832697602
2023-10-13,1585848.788037073
2023-10-16,1592275.8411847863
2023-10-17,1590950.9817913715
2023-10-18,1573671.185674752
2023-10-19,1568070.1172349981
2023-10-20,1543733.9237722468
2023-10-23,1559284.596797754
2023-10-24,1562131.5945423308
2023-10-25,1530699.420895605
2023-10-26,1515949.8650001988
2023-10-27,1518608.0205384076
2023-10-30,1537509.6792239556
2023-10-31,1536053.7749262694
2023-11-01,1555524.7401919512
2023-11-02,1576780.757682353
2023-11-03,1603376.6651602602
2023-11-06,1604549.0153000634
2023-11-07,1615760.8004276105
2023-11-08,1627651.9637483011
2023-11-09,1625514.540421
2023-11-10,1661587.0490932276
2023-11-13,1665323.5769431985
2023-11-14,1696073.2926458023
2023-11-15,1689294.6790347232
2023-11-16,1697745.0087344192
2023-11-17,1707245.9899651604
2023-11-20,1718171.0406411607
2023-11-21,1709562.0106232276
2023-11-22,1710470.8983129773
2023-11-24,1708718.493592446
2023-11-27,1708445.4092133713
2023-11-28,1701597.6127137805
2023-11-29,1704880.8622208624
2023-11-30,1703931.3872931744
2023-12-01,1721116.59032004
2023-12-04,1708076.0384843869
2023-12-05,1709543.4761334097
2023-12-06,1695637.2455879748
2023-12-07,1705428.231832086
2023-12-08,1726844.739761124
2023-12-11,1739843.2185957879
2023-12-12,1761195.5406128715
2023-12-13,1762378.7651439097
2023-12-14,1740658.3257650665
2023-12-15,1750263.3825501227
2023-12-18,1770149.7207910696
2023-12-19,1771496.460027655
2023-12-20,1746563.616368962
2023-12-21,1761636.9418908716
2023-12-22,1760388.6235964324
2023-12-26,1763795.0042523232
2023-12-27,1766908.9629093206
2023-12-28,1766756.7169652414
2023-12-29,1764672.746842429
2024-01-02,1748737.3996299414
2024-01-03,1733734.9514497176
2024-01-04,1733937.7366614074
2024-01-05,1747751.9774075758
2024-01-08,1787620.8435963707
2024-01-09,1796209.5526319107
2024-01-10,1812247.3972622876
2024-01-11,1817254.7718003604
2024-01-12,1806810.3241227132
2024-01-16,1826385.4106035752
2024-01-17,1821473.7908839558
2024-01-18,1839018.1566500494
2024-01-19,1875045.5090755175
2024-01-22,1871383.951383793
2024-01-23,1856802.9529718247
2024-01-24,1867745.5874883363
2024-01-25,1869397.3460957028
2024-01-26,1857713.7671456428
2024-01-29,1892277.0650071695
2024-01-30,1886101.363746098
2024-01-31,1862285.0070717658
2024-02-01,1883164.0736847345
2024-02-02,1908852.5363019677
2024-02-05,1915854.7244291967
2024-02-06,1900189.69376682
2024-02-07,1922495.9454506817
2024-02-08,1936638.7786537195
2024-02-09,1947446.750749293
2024-02-12,1939808.0536152914
2024-02-13,1921131.308028619
2024-02-14,1972331.6099255334
2024-02-15,1975722.9819931572
2024-02-16,1951685.7828561543
2024-02-20,1919733.4331189245
2024-02-21,1896351.6669510514
2024-02-22,1998122.9563698315
2024-02-23,1993251.5516350432
2024-02-26,2000206.2999455903
2024-02-27,2008647.3787872943
2024-02-28,1998298.9596640996
2024-02-29,2032652.2162731313
2024-03-01,2086368.0495572507
2024-03-04,2102403.5636026897
2024-03-05,2078000.2814674734
2024-03-06,2098905.8485416784
2024-03-07,2132279.5748580615
2024-03-08,2074641.8018857348
2024-03-11,2035728.580719837
2024-03-12,2085513.4109446106
2024-03-13,2069550.8715653156
2024-03-14,2045938.6826545498
2024-03-15,2034522.0327055233
2024-03-18,2045191.2037903094
2024-03-19,2049395.0128682854
2024-03-20,2076098.558986259
2024-03-21,2103527.996036332
2024-03-22,2116656.5964299734
2024-03-25,2113496.990551968
2024-03-26,2089816.7765685658
2024-03-27,2079546.6170580103
2024-03-28,2077609.956224362
2024-04-01,2080737.8007962639
2024-04-02,2064849.2341801499
2024-04-03,2076190.6955277238
2024-04-04,2024046.5875276504
2024-04-05,2054016.2374208686
2024-04-08,2034125.438218425
2024-04-09,2017679.3859171923
2024-04-10,2006015.7647130939
2024-04-11,2044096.3915674093
2024-04-12,2010243.7960117331
2024-04-15,1979442.9428776172
2024-04-16,2004234.7705165655
2024-04-17,1963548.218583919
2024-04-18,1958855.9595424877
2024-04-19,1857453.853312184
2024-04-22,1877552.073343004
2024-04-23,1922695.2133208818
2024-04-24,1903330.5065187742
2024-04-25,1920063.6752510404
2024-04-26,1965938.4392864434
2024-04-29,1968281.3176946167
2024-04-30,1953200.626542217
2024-05-01,1904005.32134178
2024-05-02,1925610.67026408
2024-05-03,1961234.5434424556
2024-05-06,2008369.3614288787
2024-05-07,1943661.0871500224
2024-05-08,1942858.2431543553
2024-05-09,1955815.90724169
2024-05-10,1962988.9813290641
2024-05-13,1956836.4112630833
2024-05-14,1973194.2206987112
2024-05-15,2027999.9848225734
2024-05-16,2004828.3822850168
2024-05-17,1990186.5089134516
2024-05-20,2007802.625890662
2024-05-21,2010841.725244946
2024-05-22,1997873.0855969167
2024-05-23,2021096.751753
2024-05-24,2062078.5798009133
2024-05-28,2075255.7267736215
2024-05-29,2063216.2016615577
2024-05-30,2044515.9450539553
2024-05-31,2021589.2114399762
2024-06-03,2025006.9336759497
2024-06-04,2019022.4102895705
2024-06-05,2067301.9170752421
2024-06-06,2028921.5511446197
2024-06-07,2030812.2282415843
2024-06-10,2050972.3972937518
2024-06-11,2044370.9826850423
2024-06-12,2059374.4245816842
2024-06-13,2078361.2843778802
2024-06-14,2075506.879770994
2024-06-17,2081318.31591034
2024-06-18,2125691.448692899
2024-06-20,2110779.3200367037
2024-06-21,2088255.0781838486
2024-06-24,2049440.9276777937
2024-06-25,2083938.20518523
2024-06-26,2064331.7442803606
2024-06-27,2063805.5877375694
2024-06-28,2050019.4096527263
2024-07-01,2052540.6796288756
2024-07-02,2056459.1981175342
2024-07-03,2099584.125781188
2024-07-05,2071762.55466336
2024-07-08,2103762.6502353917
2024-07-09,2111319.4487107843
2024-07-10,2130367.4597058035
2024-07-11,2086348.426810365
2024-07-12,2097511.022756976
2024-07-15,2070723.206293628
2024-07-16,2057244.505012481
2024-07-17,1960816.3713822812
2024-07-18,1967860.4414214867
2024-07-19,1935423.046121271
2024-07-22,1950461.107040122
2024-07-23,1960416.8197166813
2024-07-24,1872911.0612618194
2024-07-25,1852737.7760094292
2024-07-26,1871373.0244343686
2024-07-29,1864929.0156806028
2024-07-30,1800720.499515337
2024-07-31,1894498.9834163138
2024-08-01,1835695.3068296842
2024-08-02,1782304.8387204795
2024-08-05,1739079.46967534
2024-08-06,1778044.4517080556
2024-08-07,1730951.642200916
2024-08-08,1811706.125072398
2024-08-09,1827210.068792379
2024-08-12,1845686.2840445815
2024-08-13,1901059.6919091465
2024-08-14,1921593.6799714775
2024-08-15,1964190.904891607
2024-08-16,1966502.0071657891
2024-08-19,1990727.7844984697
2024-08-20,1980256.0995392862
2024-08-21,1999410.437971054
2024-08-22,1970723.2035206317
2024-08-23,2003328.5363229339
2024-08-26,1973819.738058987
2024-08-27,1979251.8527606155
2024-08-28,1931424.663015459
2024-08-29,1915916.9837910314
2024-08-30,1937398.6889925245
2024-09-03,1842319.5894656254
2024-09-04,1839703.0530573854
2024-09-05,1837071.2422286773
2024-09-06,1796464.7759368932
2024-09-09,1832289.9504250179
2024-09-10,1843844.024976114
2024-09-11,1901641.5639516425
2024-09-12,1915619.8677412206
2024-09-13,1941162.3352990793
2024-09-16,1943549.6262498426
2024-09-17,1939539.0051626943
2024-09-18,1936733.6014049873
2024-09-19,1967208.608152652
2024-09-20,2011167.2415390324
2024-09-23,2028511.0102624418
2024-09-24,2045929.8953253422
2024-09-25,2072498.916370742
2024-09-26,2055711.8135679602
2024-09-27,2057686.2130960962
2024-09-30,2065787.8554764767
2024-10-01,2056318.165485009
2024-10-02,2072369.9330116992
2024-10-03,2103666.12229646
2024-10-04,2131016.1290459335
2024-10-07,2128373.006222068
2024-10-08,2143700.286512506
2024-10-09,2129425.1187636727
2024-10-10,2126313.774444673
2024-10-11,2145469.180723328
2024-10-14,2176820.615878
2024-10-15,2138093.307521168
2024-10-16,2178679.931517165
2024-10-17,2153454.0578814563
2024-10-18,2158318.800214661
2024-10-21,2181301.3487339644
2024-10-22,2149086.9384930283
2024-10-23,2143812.5389609123
2024-10-24,2144774.0909860847
2024-10-25,2142959.1872839443
2024-10-28,2148173.13885296
2024-10-29,2147086.6459854003
2024-10-30,2135282.2690315736
2024-10-31,2099658.6047755023
2024-11-01,2089714.2768124498
2024-11-04,2087651.338473689
2024-11-05,2144383.690882028
2024-11-06,2220709.5847205073
2024-11-07,2264941.3384529175
2024-11-08,2301689.1495190877
2024-11-11,2302239.093667618
2024-11-12,2297500.6980786812
2024-11-13,2295282.5644395645
2024-11-14,2273760.8423507633
2024-11-15,2262665.220283975
2024-11-18,2266585.801576559
2024-11-19,2323238.732985208
2024-11-20,2323689.3763642125
2024-11-21,2358926.931961378
2024-11-22,2337526.329656907
2024-11-25,2284291.5409624707
2024-11-26,2339367.868202329
2024-11-27,2303478.8347363654
2024-11-29,2340787.3801702536
2024-12-02,2316244.167244919
2024-12-03,2333648.2980345776
2024-12-04,2343613.3938486152
2024-12-05,2338911.198024684
2024-12-06,2324789.26005924
2024-12-09,2254943.524428041
2024-12-10,2211324.357098256
2024-12-11,2235289.2099337075
2024-12-12,2219333.21162163
2024-12-13,2208635.7828519936
2024-12-16,2201042.971734302
2024-12-17,2168290.7631532294
2024-12-18,2106971.1298587113
2024-12-19,2125746.482783419
2024-12-20,2171012.979986697
2024-12-23,2197019.817433738
2024-12-24,2215364.7826140863
2024-12-26,2217113.7475854717
2024-12-27,2183444.770750224
2024-12-30,2175457.578431249
2024-12-31,2151632.690565795
2025-01-02,2211543.1032420956
2025-01-03,2282423.332264467
2025-01-06,2290829.336896115
2025-01-07,2248794.190967609
2025-01-08,2259417.4048113753
2025-01-10,2252788.725158069
2025-01-13,2236905.9270863826
2025-01-14,2270612.275695168
2025-01-15,2303094.2703651744
2025-01-16,2317781.6360022724
2025-01-17,2342424.135168371
2025-01-21,2396769.339459145
2025-01-22,2422758.1085738717
2025-01-23,2439080.051182171
2025-01-24,2408767.707037832
2025-01-27,2161470.2626612205
2025-01-28,2259980.2999137114
2025-01-29,2252111.5535251405
2025-01-30,2314870.7862284537
2025-01-31,2273273.899049665
2025-02-03,2274054.896228154
2025-02-04,2307312.8368340023
2025-02-05,2354929.1700205067
2025-02-06,2365829.783599299
2025-02-07,2364491.0490997923
2025-02-10,2398099.1666498785
2025-02-11,2382477.3662868687
2025-02-12,2370640.898716991
2025-02-13,2389634.1029755664
2025-02-14,2429873.030846539
2025-02-18,2466989.695168308
2025-02-19,2414571.369214163
2025-02-20,2376359.3650431093
2025-02-21,2277631.1462305607
2025-02-24,2217964.0795613504
2025-02-25,2186479.781520644
2025-02-26,2271018.2211081292
2025-02-27,2168124.30505761
2025-02-28,2217665.571296059
2025-03-03,2126319.5271803313
2025-03-04,2100873.8730041133
2025-03-05,2110705.737700037
2025-03-06,2015271.3445684656
2025-03-07,2032663.6390791268
2025-03-10,1985004.0013865812
2025-03-11,2013117.9295231553
2025-03-12,2067194.4993538356
2025-03-13,2019453.710778319
2025-03-14,2084145.3897546136
2025-03-17,2108430.0795070147
2025-03-18,2073442.723457763
2025-03-19,2128906.9888925087
2025-03-20,2130092.599511248
2025-03-21,2117210.9576895684
2025-03-24,2172644.383416216
2025-03-25,2169479.1605790453
2025-03-26,2121663.605821343
2025-03-27,2087871.1501928337
2025-03-28,2056970.4897477538
2025-03-31,2054958.5425227582
2025-04-01,2087396.433446342
2025-04-02,2054444.787419547
2025-04-03,2054444.787419547
2025-04-04,2054444.787419547
2025-04-07,2054444.787419547
2025-04-08,2054444.787419547
2025-04-09,2054444.787419547
2025-04-10,2054444.787419547
2025-04-11,2054444.787419547
2025-04-14,2054444.787419547
2025-04-15,2054444.787419547
2025-04-16,2054444.787419547
2025-04-17,2054444.787419547
2025-04-21,2054444.787419547
2025-04-22,2054444.787419547
2025-04-23,2054444.787419547
2025-04-24,2054444.787419547
2025-04-25,2054444.787419547
2025-04-28,2054444.787419547
2025-04-29,2054444.787419547
2025-04-30,2054444.787419547
2025-05-01,2054444.787419547
2025-05-02,2054444.787419547
2025-05-05,2054444.787419547
2025-05-06,2054444.787419547
2025-05-07,2054444.787419547
2025-05-08,2054444.787419547
2025-05-09,2054444.787419547
2025-05-12,2054444.787419547
2025-05-13,2054444.787419547
2025-05-14,2054444.787419547
2025-05-15,2054444.787419547
2025-05-16,2054444.787419547
2025-05-19,2054444.787419547
2025-05-20,2054444.787419547
2025-05-21,2054444.787419547
2025-05-22,2054444.787419547
2025-05-23,2054444.787419547
2025-05-27,2054444.787419547
2025-05-28,2054444.787419547
2025-05-29,2054444.787419547
2025-05-30,2054444.787419547
2025-06-02,2054444.787419547
2025-06-03,2056418.8415482934
2025-06-04,2055014.31744779
2025-06-05,2039534.5961250772
2025-06-06,2060816.9369961757
2025-06-09,2052992.0571296844
2025-06-10,2031784.707308861
2025-06-11,2059511.4942694367
2025-06-12,2058258.0358522576
2025-06-13,2064162.0595069004
2025-06-16,2072940.3192462143
2025-06-17,2066314.9420486705
2025-06-18,2061778.8192643665
2025-06-20,2061927.8202002211
2025-06-23,2084808.0247423842
2025-06-24,2106942.688909652
2025-06-25,2086057.6649725884
2025-06-26,2110831.855803185
2025-06-27,2108708.9498581565
2025-06-30,2133832.206247673
2025-07-01,2074927.617750596
2025-07-02,2075678.5475043424
2025-07-03,2105930.2481955336
2025-07-07,2131128.965562167
2025-07-08,2107000.289799128
2025-07-09,2128683.1402910985
2025-07-10,2103175.822026719
2025-07-11,2103366.1975534917
2025-07-14,2134316.738890863
2025-07-15,2121466.8089501313
2025-07-16,2117874.70116265
2025-07-17,2130249.181463028
2025-07-18,2152028.674994768
2025-07-21,2142682.6505741323
2025-07-22,2103286.526074359
2025-07-23,2159991.0021266392
2025-07-24,2152987.2045216123
2025-07-25,2178975.089289689
2025-07-28,2175686.4963295707
2025-07-29,2171538.345603013
2025-07-30,2211392.213847219
2025-07-31,2206483.7874780535
2025-08-01,2198200.0144548384
2025-08-04,2233583.727761567
2025-08-05,2263010.3856586204
2025-08-06,2250897.3306999328
2025-08-07,2254955.6427312954
2025-08-08,2236941.841407978
2025-08-11,2221668.9721508464
2025-08-12,2247873.1725547444
2025-08-13,2217526.0077444445
2025-08-14,2190042.3836412667
2025-08-15,2177243.3315536208
2025-08-18,2198636.181920006
2025-08-19,2143121.1400957876
2025-08-20,2136601.3715665643
2025-08-21,2129967.135772304
2025-08-22,2150466.293374494
2025-08-25,2142135.1001996407
2025-08-26,2171860.277014254
2025-08-27,2168877.495927631
2025-08-28,2195811.8300730055
2025-08-29,2154776.1732730353
2025-09-02,2126777.7900165957
2025-09-03,2126808.740712559
2025-09-04,2145632.625116237
2025-09-05,2133110.5131140375
2025-09-08,2153676.414652678
2025-09-09,2174152.876028324
2025-09-10,2232527.7364081247
2025-09-11,2223509.2594969706
2025-09-12,2236748.9557060543
2025-09-15,2240894.4088717517
2025-09-16,2228815.084504938
2025-09-17,2223930.0808116468
2025-09-18,2257409.7619109997
2025-09-19,2274564.556694411
2025-09-22,2292990.14100148
2025-09-23,2284747.2273633596
2025-09-24,2234585.7720626737
2025-09-25,2207621.2052780646
2025-09-26,2217474.376632047
2025-09-29,2220196.9248996656
2025-09-30,2223352.087497815
2025-10-01,2212363.5518696965
2025-10-02,2222924.7243473986
2025-10-03,2195502.3403438968
2025-10-06,2180621.1659794436
2025-10-07,2196987.300694032
2025-10-08,2217808.6584270387
2025-10-09,2223132.6184914834
2025-10-10,2142330.082965015
2025-10-13,2184495.3322655302
2025-10-14,2191499.3750329656
2025-10-15,2165665.40925342
2025-10-16,2135483.084953448
2025-10-17,2136882.229848975
2025-10-20,2149999.0336650237
2025-10-21,2152740.4794165385
2025-10-22,2123572.3706148644
2025-10-23,2166224.158294686
2025-10-24,2196995.5399412834
2025-10-27,2227885.03899435
2025-10-28,2193089.2400300032
2025-10-29,2205131.4517076737
2025-10-30,2174556.023984032
2025-10-31,2210946.325388936
2025-11-03,2214801.588258955
2025-11-04,2135405.234107274
2025-11-05,2182057.158777647
2025-11-06,2138524.496148448
2025-11-07,2159207.2748480546
2025-11-10,2235555.217354028
2025-11-11,2195067.467610041
2025-11-12,2166111.2110580713
2025-11-13,2081225.1755967892
2025-11-14,2100906.1822993243
2025-11-17,2086485.4517799385
2025-11-18,2054214.0394717962
2025-11-19,2078054.929764042
2025-11-20,1988621.9471854265
2025-11-21,1985692.1804740117
2025-11-24,2064583.0932761342
2025-11-25,2078544.3765226884
2025-11-26,2141188.5177203976
2025-11-28,2167346.5729595367
2025-12-01,2146151.150899279
2025-12-02,2157711.7060081908
2025-12-03,2159133.420518941
2025-12-04,2176192.8201977164
2025-12-05,2219527.229908336
2025-12-08,2252887.5733792903
2025-12-09,2277397.2466065288
2025-12-10,2341163.366098889
2025-12-11,2341360.11570606
2025-12-12,2274963.548182296
2025-12-15,2254688.6675179317
2025-12-16,2257769.5131207826
2025-12-17,2202973.5071483655
2025-12-18,2257198.387480819
2025-12-19,2310924.0286177006
2025-12-22,2324174.122932603
2025-12-23,2329083.554184478
2025-12-24,2342877.829119757
2025-12-26,2331426.9372265814
2025-12-29,2310747.986405588
2025-12-30,2301066.5406022156
2025-12-31,2270427.6125541693
2026-01-02,2317401.694613694
2026-01-05,2340769.101237876
2026-01-06,2464951.11134563
2026-01-07,2416558.491667326
2026-01-08,2350785.968126279
2026-01-09,2421615.44909193
2026-01-12,2460058.268342283
2026-01-13,2472575.069849044
2026-01-14,2462843.2895892137
2026-01-15,2463478.2406043718
2026-01-16,2476167.655479147
2026-01-20,2483022.0973021137
2026-01-21,2556215.5455209115
2026-01-22,2573602.042640611
2026-01-23,2559350.244989729
2026-01-26,2557531.4066909086
2026-01-27,2602121.034757606
2026-01-28,2725460.3853684994
2026-01-29,2699983.0830080123
2026-01-30,2561209.1592773683
2026-02-02,2622672.9486292982
2026-02-03,2663924.8954127496
2026-02-04,2526088.756227689
2026-02-05,2455402.1918282285
2026-02-06,2568777.246068372
2026-02-09,2593486.714287012
2026-02-10,2529565.7956484486
2026-02-11,2577616.9865979156
2026-02-12,2580006.0066662347
2026-02-13,2600002.5506537063
2026-02-17,2587254.3538205195
2026-02-18,2638076.7945792386
2026-02-19,2607776.6442941697
2026-02-20,2616094.4285973064
2026-02-23,2590000.7039237577
2026-02-24,2569028.4414734747
2026-02-25,2642588.5521728145
2026-02-26,2616416.69924209
2026-02-27,2602754.1336886217
2026-03-02,2575581.388719754
2026-03-03,2448073.3609577348
2026-03-04,2530710.7123760288
2026-03-05,2462388.6746233655
2026-03-06,2381618.1751855365
2026-03-09,2494234.8460431863
2026-03-10,2550854.7422250058
2026-03-11,2581719.332824474
2026-03-12,2520841.5936399726
2026-03-13,2564130.54714849
2026-03-16,2650294.7852761988
2026-03-17,2736835.0958583383
2026-03-18,2730495.270185681
2026-03-19,2771015.7631695187
2026-03-20,2642257.281139334
2026-03-23,2643457.886640132
2026-03-24,2681908.754840895
2026-03-25,2672175.711097735
2026-03-26,2500125.7044226835
2026-03-27,2524650.202644862
2026-03-30,2398606.8094625114
2026-03-31,2524842.599862524
2026-04-01,2677331.951576714
2026-04-02,2559052.9073057757
2026-04-06,2559052.9073057757
2026-04-07,2559052.9073057757
2026-04-08,2559052.9073057757
2026-04-09,2559052.9073057757
2026-04-10,2559052.9073057757
2026-04-13,2559052.9073057757
2026-04-14,2559052.9073057757
2026-04-15,2559052.9073057757
2026-04-16,2559052.9073057757
2026-04-17,2559052.9073057757
2026-04-20,2559052.9073057757
2026-04-21,2559052.9073057757
2026-04-22,2559052.9073057757
2026-04-23,2559052.9073057757
2026-04-24,2559052.9073057757
2026-04-27,2559052.9073057757
2026-04-28,2559052.9073057757
2026-04-29,2559052.9073057757
2026-04-30,2559052.9073057757
2026-05-01,2559052.9073057757
2026-05-04,2561876.6775913048
2026-05-05,2664250.302986079
2026-05-06,2731331.8062859327
2026-05-07,2627517.576280933
2026-05-08,2758418.278876463
2026-05-11,2886122.9543644534
2026-05-12,2804009.9198015598
2026-05-13,2851875.4857799844
2026-05-14,2816186.41854491
2026-05-15,2752594.1102018934
2026-05-18,2631526.091231944
2026-05-19,2654579.862075496
2026-05-20,2708350.8555755597
2026-05-21,2812619.1857727836
2026-05-22,2782257.9519912037
2026-05-26,2927155.989478381
2026-05-27,2931386.580187457
2026-05-28,2949303.1725578727
2026-05-29,2973473.667549835
2026-06-01,3041576.096562582
2026-06-02,3133934.787725461
2026-06-03,3166833.664661692
2026-06-04,3065533.465675624
2026-06-05,2796139.558327375
2026-06-08,2886333.017689615
2026-06-09,2823181.839950392
2026-06-10,2762923.193503338
2026-06-11,2968415.4491755785
2026-06-12,3022705.786990542
2026-06-15,3231933.0674499865
2026-06-16,3145018.2938666944
2026-06-17,3160086.1618800117
2026-06-18,3279259.8793410906
2026-06-22,3373636.924611187
2026-06-23,3124125.1160305697
2026-06-24,3085170.8101561097
2026-06-25,3323582.272607085
2026-06-26,3096524.998147644
2026-06-29,3192200.481938298
2026-06-30,3258566.993050946
2026-07-01,3036782.326816839
2026-07-02,2799121.4167460245
2026-07-06,2849657.4869600898
2026-07-07,2715577.084785591
2026-07-08,2780913.9797097347
2026-07-09,2898492.320620176
2026-07-10,2911461.216131415
2026-07-13,2769946.422499709
2026-07-14,2845049.692857794
2026-07-15,2697250.7357846
2026-07-16,2521218.9751909114
2026-07-17,2529307.9194313884
2026-07-20,2572153.39284758
2026-07-21,2804400.90357665
2026-07-22,2795133.1050974936
2026-07-23,2821995.0438364567
2026-07-24,2654549.4787675166
2026-07-27,2552113.544432579
2026-07-28,2389003.594859809
2026-07-29,2309084.185494832
2026-07-30,2583863.5911092553
2026-07-31,2561717.3127351324
2026-08-03,2590183.8630003165
2026-08-04,2740853.0348366546
2026-08-05,2687872.7096630493
2026-08-06,2624099.9023883305
2026-08-07,2606002.193458399
2026-08-10,2551970.3017826425
2026-08-11,2581637.4617008585
2026-08-12,2719717.334303904
2026-08-13,2814451.1621010136
2026-08-14,2886326.8674261356
2026-08-17,2997440.6505409437
2026-08-18,2790882.7414844697
2026-08-19,2692379.7093543382
2026-08-20,2738078.562307947
2026-08-21,2716909.6397941895
2026-08-24,2601987.7512483685
2026-08-25,2651599.8157455004
2026-08-26,2697874.301717728
2026-08-27,2706250.904361093
2026-08-28,2653804.180728711
2026-08-31,2680952.8018037095
2026-09-01,2624653.769300945
2026-09-02,2650132.558830233
2026-09-03,2637311.4082841384
2026-09-04,2758996.6829388095
2026-09-08,2833380.2509658304
2026-09-09,2853492.498399203
2026-09-10,2751064.648029553
2026-09-11,2762852.2893120144
2026-09-14,2633275.089126713
2026-09-15,2623180.0347000496
2026-09-16,2670054.902695893
2026-09-17,2748553.1107483907
2026-09-18,2833329.1607995136
2026-09-21,2895261.941720397
2026-09-22,2956907.6760319946
2026-09-23,2927397.9054213483
2026-09-24,2898987.6919778944
2026-09-25,2922062.9869561926
2026-09-28,2859049.3195789643
2026-09-29,2881790.1255342127
2026-09-30,2892845.207516515
