,equity
1999-01-04,100000.0
1999-01-05,101279.32059235543
1999-01-06,103762.60654806624
1999-01-07,104628.0742275195
1999-01-08,104639.85417914022
1999-01-11,106082.89298369894
1999-01-12,103499.26973508597
1999-01-13,102691.5408656279
1999-01-14,101301.9976957977
1999-01-15,103897.62116715044
1999-01-19,105895.56168348646
1999-01-20,106212.03787168975
1999-01-21,103908.74146869082
1999-01-22,103606.24228765669
1999-01-25,104908.32053885404
1999-01-26,108095.74445651232
1999-01-27,107707.63741469014
1999-01-28,111044.58046204744
1999-01-29,112938.85332925976
1999-02-01,113473.04163634397
1999-02-02,111557.72983357965
1999-02-03,112771.51089149622
1999-02-04,108793.95908637713
1999-02-05,106244.52114064492
1999-02-08,107165.62255172817
1999-02-09,102865.88559115714
1999-02-10,103694.35596500934
1999-02-11,107273.71996364996
1999-02-12,103619.8912348643
1999-02-16,104751.97488697401
1999-02-17,102166.92951832314
1999-02-18,102851.55911909608
1999-02-19,103128.35686622528
1999-02-22,105745.07800347352
1999-02-23,106841.21647386151
1999-02-24,104833.92062091349
1999-02-25,104182.42736626422
1999-02-26,104146.13242258922
1999-03-01,104052.6212466935
1999-03-02,101558.41993761012
1999-03-03,101685.37311517543
1999-03-04,104213.75109093924
1999-03-05,108098.69625700683
1999-03-08,110317.45269654982
1999-03-09,110033.47769460107
1999-03-10,110424.8198798995
1999-03-11,111318.77549688787
1999-03-12,107583.89556913628
1999-03-15,111412.11179678279
1999-03-16,112002.92247516979
1999-03-17,111867.44258089509
1999-03-18,114061.79016064966
1999-03-19,113275.95017500132
1999-03-22,113662.73908806371
1999-03-23,109773.8969963557
1999-03-24,110482.30709907055
1999-03-25,114742.67631758587
1999-03-26,114251.29630552957
1999-03-29,118169.82454685195
1999-03-30,120204.41098680999
1999-03-31,119557.61371699793
1999-04-01,120532.69238857791
1999-04-05,126352.5743356021
1999-04-06,127644.04773535585
1999-04-07,128245.31939910844
1999-04-08,129374.05662076705
1999-04-09,130169.80886185374
1999-04-12,131532.62588862545
1999-04-13,132150.8426493881
1999-04-14,126264.5423432375
1999-04-15,120743.83100166218
1999-04-16,115801.83972869877
1999-04-19,105929.36546462498
1999-04-20,111422.07682150241
1999-04-21,116396.82724114133
1999-04-22,118906.62676543434
1999-04-23,119575.66497023092
1999-04-26,122784.27019695111
1999-04-27,121129.81673508942
1999-04-28,116473.86425143863
1999-04-29,114734.57462476003
1999-04-30,115354.15645908746
1999-05-03,114330.57727570385
1999-05-04,110479.30613165868
1999-05-05,111871.76981339464
1999-05-06,108248.84119950577
1999-05-07,108534.21390046619
1999-05-10,110754.54643494851
1999-05-11,114677.63105460227
1999-05-12,115881.34771411832
1999-05-13,114051.26144906836
1999-05-14,110310.17260715221
1999-05-17,111901.6321144753
1999-05-18,112526.83743622547
1999-05-19,113081.4890512639
1999-05-20,111709.0109074531
1999-05-21,110873.46651867275
1999-05-24,108527.88196682643
1999-05-25,104799.89792556335
1999-05-26,108673.7878377076
1999-05-27,106890.84745124225
1999-05-28,108444.53911745585
1999-06-01,106181.01679980393
1999-06-02,105945.50062603208
1999-06-03,103674.3716335447
1999-06-04,108894.55482414861
1999-06-07,110698.10466405666
1999-06-08,107353.88685347803
1999-06-09,108813.76316800488
1999-06-10,106326.7851692622
1999-06-11,104595.18227507889
1999-06-14,100702.16070151297
1999-06-15,102438.42380192739
1999-06-16,107399.18654210202
1999-06-17,108705.49915462158
1999-06-18,110196.19360339436
1999-06-21,114255.16612751795
1999-06-22,110518.13384745097
1999-06-23,112287.3979648553
1999-06-24,109311.00260824026
1999-06-25,108752.13086469259
1999-06-28,110470.39903893667
1999-06-29,111698.79933191599
1999-06-30,114841.60049913387
1999-07-01,114620.33460299327
1999-07-02,116299.839655232
1999-07-06,117881.99429278006
1999-07-07,119168.62914215808
1999-07-08,120663.51374372323
1999-07-09,122698.03112150646
1999-07-12,120743.05946182288
1999-07-13,121783.34090624576
1999-07-14,124370.23599173047
1999-07-15,125808.1453845492
1999-07-16,124889.08227461732
1999-07-19,121797.31166351287
1999-07-20,115698.72633007039
1999-07-21,117515.46047882475
1999-07-22,113740.73239157564
1999-07-23,114905.24959893076
1999-07-26,111018.59865171935
1999-07-27,113457.05847769491
1999-07-28,116876.87245992509
1999-07-29,113683.33092077858
1999-07-30,113399.73959803928
1999-08-02,112322.11209723998
1999-08-03,109161.09688511181
1999-08-04,107148.94493297645
1999-08-05,108607.37347605266
1999-08-06,107609.64499796175
1999-08-09,105596.99003889911
1999-08-10,103473.77846869927
1999-08-11,106593.82285820054
1999-08-12,105873.07139055284
1999-08-13,108643.25979804024
1999-08-16,109195.22899708335
1999-08-17,110551.8013700025
1999-08-18,109127.62062448698
1999-08-19,108342.33024401554
1999-08-20,109304.05930685172
1999-08-23,111255.13641058592
1999-08-24,111703.59729437542
1999-08-25,112537.81045127017
1999-08-26,111016.25913909532
1999-08-27,110590.59836664496
1999-08-30,108807.48623209575
1999-08-31,109517.8960134034
1999-09-01,109454.54835009301
1999-09-02,109521.46704001453
1999-09-03,114207.83417621179
1999-09-07,115279.78953008022
1999-09-08,113952.96483285478
1999-09-09,114797.31341012359
1999-09-10,115160.41541321475
1999-09-13,111395.77709909815
1999-09-14,115109.38470188297
1999-09-15,111228.35384619726
1999-09-16,112658.63821405204
1999-09-17,115190.80094018788
1999-09-20,114966.01134078005
1999-09-21,112402.46695561743
1999-09-22,114540.33961489092
1999-09-23,111655.03827389744
1999-09-24,113233.58696993758
1999-09-27,115369.55190265692
1999-09-28,116167.87505829202
1999-09-29,115142.41901637347
1999-09-30,114252.61456559275
1999-10-01,115536.88753831755
1999-10-04,116311.98791367606
1999-10-05,116311.98791367606
1999-10-06,116311.98791367606
1999-10-07,116311.98791367606
1999-10-08,116311.98791367606
1999-10-11,116311.98791367606
1999-10-12,116311.98791367606
1999-10-13,116311.98791367606
1999-10-14,116311.98791367606
1999-10-15,116311.98791367606
1999-10-18,116311.98791367606
1999-10-19,116311.98791367606
1999-10-20,116311.98791367606
1999-10-21,116311.98791367606
1999-10-22,116311.98791367606
1999-10-25,116311.98791367606
1999-10-26,116311.98791367606
1999-10-27,116311.98791367606
1999-10-28,116311.98791367606
1999-10-29,116311.98791367606
1999-11-01,116311.98791367606
1999-11-02,116719.9297276899
1999-11-03,121873.6352788123
1999-11-04,122802.02785227353
1999-11-05,126089.99255215022
1999-11-08,126923.59365536665
1999-11-09,127339.37526937698
1999-11-10,130152.45551835062
1999-11-11,135220.58795818617
1999-11-12,137079.83861751313
1999-11-15,135408.69249040546
1999-11-16,138892.92298685497
1999-11-17,139373.21783736188
1999-11-18,141884.98942162778
1999-11-19,142479.57471363747
1999-11-22,142548.28370120522
1999-11-23,142452.65889116895
1999-11-24,145105.9846598698
1999-11-26,148072.93008786358
1999-11-29,147714.19894488534
1999-11-30,140115.20262235406
1999-12-01,144466.50265824317
1999-12-02,151672.88945678616
1999-12-03,151982.81785895064
1999-12-06,157949.63037568354
1999-12-07,155867.10056328663
1999-12-08,153665.46981120674
1999-12-09,151500.33853512976
1999-12-10,149904.49188610952
1999-12-13,151291.69732215197
1999-12-14,144077.8309792016
1999-12-15,144346.71700232493
1999-12-16,147214.1483464023
1999-12-17,148774.3808218225
1999-12-20,149758.47732833892
1999-12-21,153746.731297887
1999-12-22,152417.34586261032
1999-12-23,151502.576399257
1999-12-27,154035.52449628865
1999-12-28,153489.44362356444
1999-12-29,162618.98501082114
1999-12-30,160972.92119280156
1999-12-31,164227.33852966022
2000-01-03,166255.59346865705
2000-01-04,155847.22152457148
2000-01-05,154704.67994593372
2000-01-06,147778.0580289177
2000-01-07,151458.01043031906
2000-01-10,157700.06223385528
2000-01-11,151831.71019992
2000-01-12,152178.3431454732
2000-01-13,153868.09489613248
2000-01-14,157346.1628939791
2000-01-18,156175.35336571166
2000-01-19,159022.93482519782
2000-01-20,160701.7840059923
2000-01-21,159655.29410475292
2000-01-24,156365.45826061897
2000-01-25,161032.40461228497
2000-01-26,153365.58879467176
2000-01-27,151897.98506549673
2000-01-28,146998.11005845937
2000-01-31,150939.88515810942
2000-02-01,154869.50744231127
2000-02-02,157790.81747819952
2000-02-03,165850.50407476464
2000-02-04,171926.93372538907
2000-02-07,175331.7747959039
2000-02-08,180773.73242658336
2000-02-09,179658.70570505603
2000-02-10,185186.8854728685
2000-02-11,182179.21588661088
2000-02-14,183071.69253823388
2000-02-15,183673.0164167965
2000-02-16,188488.14491590316
2000-02-17,196219.52236022952
2000-02-18,191962.4488316934
2000-02-22,192508.84129707966
2000-02-23,201931.0551877662
2000-02-24,209711.7474434276
2000-02-25,206182.8697043098
2000-02-28,204558.64678103477
2000-02-29,210698.12580345466
2000-03-01,213342.78680500697
2000-03-02,200586.3334516728
2000-03-03,212838.01815172637
2000-03-06,219141.8044394289
2000-03-07,210414.21142739907
2000-03-08,211136.91516197755
2000-03-09,216759.726124892
2000-03-10,218462.1282132417
2000-03-13,210083.8453163382
2000-03-14,195855.2384881767
2000-03-15,189212.23883094927
2000-03-16,203609.51728025847
2000-03-17,206110.21290281753
2000-03-20,202469.86869217036
2000-03-21,209121.29844817237
2000-03-22,220525.9124015032
2000-03-23,225175.0907924692
2000-03-24,224138.2217475893
2000-03-27,226179.38183968622
2000-03-28,221150.45889197642
2000-03-29,218420.36280338885
2000-03-30,201304.48514773833
2000-03-31,206066.04843199564
2000-04-03,194029.15292341757
2000-04-04,189559.9659567664
2000-04-05,192808.83180141597
2000-04-06,198585.38045381225
2000-04-07,210760.92632467355
2000-04-10,195571.18986392647
2000-04-11,189364.04752897497
2000-04-12,175071.91633274904
2000-04-13,176365.8018812752
2000-04-14,160639.78494037266
2000-04-17,176037.6822667645
2000-04-18,181120.6801180992
2000-04-19,177699.75240642662
2000-04-20,174083.5824065884
2000-04-24,167454.91101506838
2000-04-25,184497.5619513306
2000-04-26,177454.11901977018
2000-04-27,188508.94421203324
2000-04-28,193861.9348471432
2000-05-01,196474.2818561365
2000-05-02,186663.06956223515
2000-05-03,182140.43791756354
2000-05-04,182553.80458297994
2000-05-05,188391.46857863915
2000-05-08,176978.6011504524
2000-05-09,173797.1500354684
2000-05-10,164408.6563355928
2000-05-11,169463.73717437853
2000-05-12,171127.40930813964
2000-05-15,175017.66164378444
2000-05-16,186098.67703589436
2000-05-17,185118.19425517757
2000-05-18,181006.73797527447
2000-05-19,173334.78697021387
2000-05-22,171982.02100800883
2000-05-23,164252.95721963543
2000-05-24,165486.02370580897
2000-05-25,164453.64625012683
2000-05-26,161701.79851959215
2000-05-30,176542.66825594078
2000-05-31,173788.16557560852
2000-06-01,181660.75116353203
2000-06-02,190094.1162987585
2000-06-05,189900.32049531175
2000-06-06,183317.925001641
2000-06-07,187156.05129219394
2000-06-08,193852.17352355478
2000-06-09,194761.84356624138
2000-06-12,192537.55814912383
2000-06-13,199699.07678909556
2000-06-14,187571.99081497497
2000-06-15,189153.80430820395
2000-06-16,189030.26665043892
2000-06-19,197710.70063221394
2000-06-20,196704.41727475505
2000-06-21,197146.43125291725
2000-06-22,191875.22783740892
2000-06-23,186633.5035207188
2000-06-26,192481.91732295233
2000-06-27,187991.54556145018
2000-06-28,190173.06041313292
2000-06-29,185687.3371884121
2000-06-30,187511.31817445857
2000-07-03,189175.57192758945
2000-07-05,178607.48504529693
2000-07-06,183325.5561116197
2000-07-07,188269.91672591292
2000-07-10,186106.91533238525
2000-07-11,186473.5474181837
2000-07-12,193787.7348637608
2000-07-13,199489.10411497272
2000-07-14,204144.5857194901
2000-07-17,206776.53295304524
2000-07-18,202894.3862376651
2000-07-19,199405.88127083174
2000-07-20,204974.7457231494
2000-07-21,200692.9481733754
2000-07-24,191174.84973327862
2000-07-25,195359.62139809658
2000-07-26,190332.36355973445
2000-07-27,178688.1432874894
2000-07-28,172183.6293314777
2000-07-31,175851.77995839657
2000-08-01,170891.74111512763
2000-08-02,172310.06958491643
2000-08-03,176324.82787122877
2000-08-04,182171.83784963933
2000-08-07,187723.5172189977
2000-08-08,191795.23664362534
2000-08-09,188972.69913944547
2000-08-10,183252.1207451163
2000-08-11,188003.61031862447
2000-08-14,193605.8556923505
2000-08-15,193634.75918658864
2000-08-16,199822.31543988164
2000-08-17,203310.47252233193
2000-08-18,203796.61428080758
2000-08-21,204165.33780001124
2000-08-22,203922.88745315457
2000-08-23,205756.1512644545
2000-08-24,207818.64167399285
2000-08-25,206676.26497594288
2000-08-28,208243.94168007912
2000-08-29,208995.15186510433
2000-08-30,209310.79030100245
2000-08-31,214635.52675040238
2000-09-01,217456.3125644588
2000-09-05,210727.7760552018
2000-09-06,202115.41113799653
2000-09-07,210228.14734455827
2000-09-08,205469.45343315782
2000-09-11,200661.52671508433
2000-09-12,197416.39564391173
2000-09-13,198731.81087455022
2000-09-14,202988.1888473177
2000-09-15,200285.27723158116
2000-09-18,200910.98392411196
2000-09-19,205132.8085421542
2000-09-20,209836.95849356992
2000-09-21,204498.26973218797
2000-09-22,213051.5644137106
2000-09-25,208051.52078049135
2000-09-26,208056.6777298486
2000-09-27,206811.30468079034
2000-09-28,209391.8448929952
2000-09-29,204796.88938848546
2000-10-02,202328.8788301393
2000-10-03,203865.93178531918
2000-10-04,203865.93178531918
2000-10-05,203865.93178531918
2000-10-06,203865.93178531918
2000-10-09,203865.93178531918
2000-10-10,203865.93178531918
2000-10-11,203865.93178531918
2000-10-12,203865.93178531918
2000-10-13,203865.93178531918
2000-10-16,203865.93178531918
2000-10-17,203865.93178531918
2000-10-18,203865.93178531918
2000-10-19,203865.93178531918
2000-10-20,203865.93178531918
2000-10-23,203865.93178531918
2000-10-24,203865.93178531918
2000-10-25,203865.93178531918
2000-10-26,203865.93178531918
2000-10-27,203865.93178531918
2000-10-30,203865.93178531918
2000-10-31,203865.93178531918
2000-11-01,203865.93178531918
2000-11-02,203865.93178531918
2000-11-03,203865.93178531918
2000-11-06,203865.93178531918
2000-11-07,203865.93178531918
2000-11-08,203865.93178531918
2000-11-09,203865.93178531918
2000-11-10,203865.93178531918
2000-11-13,203865.93178531918
2000-11-14,203865.93178531918
2000-11-15,203865.93178531918
2000-11-16,203865.93178531918
2000-11-17,203865.93178531918
2000-11-20,203865.93178531918
2000-11-21,203865.93178531918
2000-11-22,203865.93178531918
2000-11-24,203865.93178531918
2000-11-27,203865.93178531918
2000-11-28,203865.93178531918
2000-11-29,203865.93178531918
2000-11-30,203865.93178531918
2000-12-01,203865.93178531918
2000-12-04,203865.93178531918
2000-12-05,203865.93178531918
2000-12-06,203865.93178531918
2000-12-07,203865.93178531918
2000-12-08,203865.93178531918
2000-12-11,203865.93178531918
2000-12-12,203865.93178531918
2000-12-13,203865.93178531918
2000-12-14,203865.93178531918
2000-12-15,203865.93178531918
2000-12-18,203865.93178531918
2000-12-19,203865.93178531918
2000-12-20,203865.93178531918
2000-12-21,203865.93178531918
2000-12-22,203865.93178531918
2000-12-26,203865.93178531918
2000-12-27,203865.93178531918
2000-12-28,203865.93178531918
2000-12-29,203865.93178531918
2001-01-02,203865.93178531918
2001-01-03,203865.93178531918
2001-01-04,203865.93178531918
2001-01-05,203865.93178531918
2001-01-08,203865.93178531918
2001-01-09,203865.93178531918
2001-01-10,203865.93178531918
2001-01-11,203865.93178531918
2001-01-12,203865.93178531918
2001-01-16,203865.93178531918
2001-01-17,203865.93178531918
2001-01-18,203865.93178531918
2001-01-19,203865.93178531918
2001-01-22,203865.93178531918
2001-01-23,203865.93178531918
2001-01-24,203865.93178531918
2001-01-25,203865.93178531918
2001-01-26,203865.93178531918
2001-01-29,203865.93178531918
2001-01-30,203865.93178531918
2001-01-31,203865.93178531918
2001-02-01,203865.93178531918
2001-02-02,203865.93178531918
2001-02-05,203865.93178531918
2001-02-06,203865.93178531918
2001-02-07,203865.93178531918
2001-02-08,203865.93178531918
2001-02-09,203865.93178531918
2001-02-12,203865.93178531918
2001-02-13,203865.93178531918
2001-02-14,203865.93178531918
2001-02-15,203865.93178531918
2001-02-16,203865.93178531918
2001-02-20,203865.93178531918
2001-02-21,203865.93178531918
2001-02-22,203865.93178531918
2001-02-23,203865.93178531918
2001-02-26,203865.93178531918
2001-02-27,203865.93178531918
2001-02-28,203865.93178531918
2001-03-01,203865.93178531918
2001-03-02,203865.93178531918
2001-03-05,203865.93178531918
2001-03-06,203865.93178531918
2001-03-07,203865.93178531918
2001-03-08,203865.93178531918
2001-03-09,203865.93178531918
2001-03-12,203865.93178531918
2001-03-13,203865.93178531918
2001-03-14,203865.93178531918
2001-03-15,203865.93178531918
2001-03-16,203865.93178531918
2001-03-19,203865.93178531918
2001-03-20,203865.93178531918
2001-03-21,203865.93178531918
2001-03-22,203865.93178531918
2001-03-23,203865.93178531918
2001-03-26,203865.93178531918
2001-03-27,203865.93178531918
2001-03-28,203865.93178531918
2001-03-29,203865.93178531918
2001-03-30,203865.93178531918
2001-04-02,203865.93178531918
2001-04-03,203865.93178531918
2001-04-04,203865.93178531918
2001-04-05,203865.93178531918
2001-04-06,203865.93178531918
2001-04-09,203865.93178531918
2001-04-10,203865.93178531918
2001-04-11,203865.93178531918
2001-04-12,203865.93178531918
2001-04-16,203865.93178531918
2001-04-17,203865.93178531918
2001-04-18,203865.93178531918
2001-04-19,203865.93178531918
2001-04-20,203865.93178531918
2001-04-23,203865.93178531918
2001-04-24,203865.93178531918
2001-04-25,203865.93178531918
2001-04-26,203865.93178531918
2001-04-27,203865.93178531918
2001-04-30,203865.93178531918
2001-05-01,203865.93178531918
2001-05-02,203865.93178531918
2001-05-03,203865.93178531918
2001-05-04,203865.93178531918
2001-05-07,203865.93178531918
2001-05-08,203865.93178531918
2001-05-09,203865.93178531918
2001-05-10,203865.93178531918
2001-05-11,203865.93178531918
2001-05-14,203865.93178531918
2001-05-15,203865.93178531918
2001-05-16,203865.93178531918
2001-05-17,203865.93178531918
2001-05-18,203865.93178531918
2001-05-21,203865.93178531918
2001-05-22,203865.93178531918
2001-05-23,203865.93178531918
2001-05-24,203865.93178531918
2001-05-25,203865.93178531918
2001-05-29,203865.93178531918
2001-05-30,203865.93178531918
2001-05-31,203865.93178531918
2001-06-01,203865.93178531918
2001-06-04,203865.93178531918
2001-06-05,203865.93178531918
2001-06-06,203865.93178531918
2001-06-07,203865.93178531918
2001-06-08,203865.93178531918
2001-06-11,203865.93178531918
2001-06-12,203865.93178531918
2001-06-13,203865.93178531918
2001-06-14,203865.93178531918
2001-06-15,203865.93178531918
2001-06-18,203865.93178531918
2001-06-19,203865.93178531918
2001-06-20,203865.93178531918
2001-06-21,203865.93178531918
2001-06-22,203865.93178531918
2001-06-25,203865.93178531918
2001-06-26,203865.93178531918
2001-06-27,203865.93178531918
2001-06-28,203865.93178531918
2001-06-29,203865.93178531918
2001-07-02,203865.93178531918
2001-07-03,203865.93178531918
2001-07-05,203865.93178531918
2001-07-06,203865.93178531918
2001-07-09,203865.93178531918
2001-07-10,203865.93178531918
2001-07-11,203865.93178531918
2001-07-12,203865.93178531918
2001-07-13,203865.93178531918
2001-07-16,203865.93178531918
2001-07-17,203865.93178531918
2001-07-18,203865.93178531918
2001-07-19,203865.93178531918
2001-07-20,203865.93178531918
2001-07-23,203865.93178531918
2001-07-24,203865.93178531918
2001-07-25,203865.93178531918
2001-07-26,203865.93178531918
2001-07-27,203865.93178531918
2001-07-30,203865.93178531918
2001-07-31,203865.93178531918
2001-08-01,203865.93178531918
2001-08-02,203865.93178531918
2001-08-03,203865.93178531918
2001-08-06,203865.93178531918
2001-08-07,203865.93178531918
2001-08-08,203865.93178531918
2001-08-09,203865.93178531918
2001-08-10,203865.93178531918
2001-08-13,203865.93178531918
2001-08-14,203865.93178531918
2001-08-15,203865.93178531918
2001-08-16,203865.93178531918
2001-08-17,203865.93178531918
2001-08-20,203865.93178531918
2001-08-21,203865.93178531918
2001-08-22,203865.93178531918
2001-08-23,203865.93178531918
2001-08-24,203865.93178531918
2001-08-27,203865.93178531918
2001-08-28,203865.93178531918
2001-08-29,203865.93178531918
2001-08-30,203865.93178531918
2001-08-31,203865.93178531918
2001-09-04,203865.93178531918
2001-09-05,203865.93178531918
2001-09-06,203865.93178531918
2001-09-07,203865.93178531918
2001-09-10,203865.93178531918
2001-09-17,203865.93178531918
2001-09-18,203865.93178531918
2001-09-19,203865.93178531918
2001-09-20,203865.93178531918
2001-09-21,203865.93178531918
2001-09-24,203865.93178531918
2001-09-25,203865.93178531918
2001-09-26,203865.93178531918
2001-09-27,203865.93178531918
2001-09-28,203865.93178531918
2001-10-01,203865.93178531918
2001-10-02,203865.93178531918
2001-10-03,203865.93178531918
2001-10-04,203865.93178531918
2001-10-05,203865.93178531918
2001-10-08,203865.93178531918
2001-10-09,203865.93178531918
2001-10-10,203865.93178531918
2001-10-11,203865.93178531918
2001-10-12,203865.93178531918
2001-10-15,203865.93178531918
2001-10-16,203865.93178531918
2001-10-17,203865.93178531918
2001-10-18,203865.93178531918
2001-10-19,203865.93178531918
2001-10-22,203865.93178531918
2001-10-23,203865.93178531918
2001-10-24,203865.93178531918
2001-10-25,203865.93178531918
2001-10-26,203865.93178531918
2001-10-29,203865.93178531918
2001-10-30,203865.93178531918
2001-10-31,203865.93178531918
2001-11-01,203865.93178531918
2001-11-02,203865.93178531918
2001-11-05,203865.93178531918
2001-11-06,203865.93178531918
2001-11-07,203865.93178531918
2001-11-08,203865.93178531918
2001-11-09,203865.93178531918
2001-11-12,203865.93178531918
2001-11-13,203865.93178531918
2001-11-14,203865.93178531918
2001-11-15,203865.93178531918
2001-11-16,203865.93178531918
2001-11-19,203865.93178531918
2001-11-20,203865.93178531918
2001-11-21,203865.93178531918
2001-11-23,203865.93178531918
2001-11-26,203865.93178531918
2001-11-27,203865.93178531918
2001-11-28,203865.93178531918
2001-11-29,203865.93178531918
2001-11-30,203865.93178531918
2001-12-03,203865.93178531918
2001-12-04,203865.93178531918
2001-12-05,203865.93178531918
2001-12-06,203865.93178531918
2001-12-07,203865.93178531918
2001-12-10,203865.93178531918
2001-12-11,203865.93178531918
2001-12-12,203865.93178531918
2001-12-13,203865.93178531918
2001-12-14,203865.93178531918
2001-12-17,203865.93178531918
2001-12-18,203865.93178531918
2001-12-19,203865.93178531918
2001-12-20,203865.93178531918
2001-12-21,203865.93178531918
2001-12-24,203865.93178531918
2001-12-26,203865.93178531918
2001-12-27,203865.93178531918
2001-12-28,203865.93178531918
2001-12-31,203865.93178531918
2002-01-02,203865.93178531918
2002-01-03,203865.93178531918
2002-01-04,203865.93178531918
2002-01-07,203865.93178531918
2002-01-08,203865.93178531918
2002-01-09,203865.93178531918
2002-01-10,203865.93178531918
2002-01-11,203865.93178531918
2002-01-14,203865.93178531918
2002-01-15,203865.93178531918
2002-01-16,203865.93178531918
2002-01-17,203865.93178531918
2002-01-18,203865.93178531918
2002-01-22,203865.93178531918
2002-01-23,203865.93178531918
2002-01-24,203865.93178531918
2002-01-25,203865.93178531918
2002-01-28,203865.93178531918
2002-01-29,203865.93178531918
2002-01-30,203865.93178531918
2002-01-31,203865.93178531918
2002-02-01,203865.93178531918
2002-02-04,203865.93178531918
2002-02-05,203865.93178531918
2002-02-06,203865.93178531918
2002-02-07,203865.93178531918
2002-02-08,203865.93178531918
2002-02-11,203865.93178531918
2002-02-12,203865.93178531918
2002-02-13,203865.93178531918
2002-02-14,203865.93178531918
2002-02-15,203865.93178531918
2002-02-19,203865.93178531918
2002-02-20,203865.93178531918
2002-02-21,203865.93178531918
2002-02-22,203865.93178531918
2002-02-25,203865.93178531918
2002-02-26,203865.93178531918
2002-02-27,203865.93178531918
2002-02-28,203865.93178531918
2002-03-01,203865.93178531918
2002-03-04,203865.93178531918
2002-03-05,203865.93178531918
2002-03-06,203865.93178531918
2002-03-07,203865.93178531918
2002-03-08,203865.93178531918
2002-03-11,203865.93178531918
2002-03-12,203865.93178531918
2002-03-13,203865.93178531918
2002-03-14,203865.93178531918
2002-03-15,203865.93178531918
2002-03-18,203865.93178531918
2002-03-19,203865.93178531918
2002-03-20,203865.93178531918
2002-03-21,203865.93178531918
2002-03-22,203865.93178531918
2002-03-25,203865.93178531918
2002-03-26,203865.93178531918
2002-03-27,203865.93178531918
2002-03-28,203865.93178531918
2002-04-01,203865.93178531918
2002-04-02,202695.32112024637
2002-04-03,201938.3147881576
2002-04-04,204357.43143729185
2002-04-05,206836.1343608132
2002-04-08,207920.67810223735
2002-04-09,210515.42580314277
2002-04-10,214335.171547971
2002-04-11,211778.36311599368
2002-04-12,212896.56571648328
2002-04-15,212120.86882342942
2002-04-16,212599.02071520002
2002-04-17,208702.4699784196
2002-04-18,209638.20911779444
2002-04-19,209638.12366074827
2002-04-22,207679.72775992224
2002-04-23,208441.00135265695
2002-04-24,208295.03557739517
2002-04-25,207856.85178312752
2002-04-26,207185.6448642565
2002-04-29,205127.13306960533
2002-04-30,208096.77481756578
2002-05-01,209084.46353031605
2002-05-02,210053.268823245
2002-05-03,210053.268823245
2002-05-06,210053.268823245
2002-05-07,210053.268823245
2002-05-08,210053.268823245
2002-05-09,210053.268823245
2002-05-10,210053.268823245
2002-05-13,210053.268823245
2002-05-14,210053.268823245
2002-05-15,210053.268823245
2002-05-16,210053.268823245
2002-05-17,210053.268823245
2002-05-20,210053.268823245
2002-05-21,210053.268823245
2002-05-22,210053.268823245
2002-05-23,210053.268823245
2002-05-24,210053.268823245
2002-05-28,210053.268823245
2002-05-29,210053.268823245
2002-05-30,210053.268823245
2002-05-31,210053.268823245
2002-06-03,210053.268823245
2002-06-04,210053.268823245
2002-06-05,210053.268823245
2002-06-06,210053.268823245
2002-06-07,210053.268823245
2002-06-10,210053.268823245
2002-06-11,210053.268823245
2002-06-12,210053.268823245
2002-06-13,210053.268823245
2002-06-14,210053.268823245
2002-06-17,210053.268823245
2002-06-18,210053.268823245
2002-06-19,210053.268823245
2002-06-20,210053.268823245
2002-06-21,210053.268823245
2002-06-24,210053.268823245
2002-06-25,210053.268823245
2002-06-26,210053.268823245
2002-06-27,210053.268823245
2002-06-28,210053.268823245
2002-07-01,210053.268823245
2002-07-02,210053.268823245
2002-07-03,210053.268823245
2002-07-05,210053.268823245
2002-07-08,210053.268823245
2002-07-09,210053.268823245
2002-07-10,210053.268823245
2002-07-11,210053.268823245
2002-07-12,210053.268823245
2002-07-15,210053.268823245
2002-07-16,210053.268823245
2002-07-17,210053.268823245
2002-07-18,210053.268823245
2002-07-19,210053.268823245
2002-07-22,210053.268823245
2002-07-23,210053.268823245
2002-07-24,210053.268823245
2002-07-25,210053.268823245
2002-07-26,210053.268823245
2002-07-29,210053.268823245
2002-07-30,210053.268823245
2002-07-31,210053.268823245
2002-08-01,210053.268823245
2002-08-02,210053.268823245
2002-08-05,210053.268823245
2002-08-06,210053.268823245
2002-08-07,210053.268823245
2002-08-08,210053.268823245
2002-08-09,210053.268823245
2002-08-12,210053.268823245
2002-08-13,210053.268823245
2002-08-14,210053.268823245
2002-08-15,210053.268823245
2002-08-16,210053.268823245
2002-08-19,210053.268823245
2002-08-20,210053.268823245
2002-08-21,210053.268823245
2002-08-22,210053.268823245
2002-08-23,210053.268823245
2002-08-26,210053.268823245
2002-08-27,210053.268823245
2002-08-28,210053.268823245
2002-08-29,210053.268823245
2002-08-30,210053.268823245
2002-09-03,210053.268823245
2002-09-04,210053.268823245
2002-09-05,210053.268823245
2002-09-06,210053.268823245
2002-09-09,210053.268823245
2002-09-10,210053.268823245
2002-09-11,210053.268823245
2002-09-12,210053.268823245
2002-09-13,210053.268823245
2002-09-16,210053.268823245
2002-09-17,210053.268823245
2002-09-18,210053.268823245
2002-09-19,210053.268823245
2002-09-20,210053.268823245
2002-09-23,210053.268823245
2002-09-24,210053.268823245
2002-09-25,210053.268823245
2002-09-26,210053.268823245
2002-09-27,210053.268823245
2002-09-30,210053.268823245
2002-10-01,210053.268823245
2002-10-02,210053.268823245
2002-10-03,210053.268823245
2002-10-04,210053.268823245
2002-10-07,210053.268823245
2002-10-08,210053.268823245
2002-10-09,210053.268823245
2002-10-10,210053.268823245
2002-10-11,210053.268823245
2002-10-14,210053.268823245
2002-10-15,210053.268823245
2002-10-16,210053.268823245
2002-10-17,210053.268823245
2002-10-18,210053.268823245
2002-10-21,210053.268823245
2002-10-22,210053.268823245
2002-10-23,210053.268823245
2002-10-24,210053.268823245
2002-10-25,210053.268823245
2002-10-28,210053.268823245
2002-10-29,210053.268823245
2002-10-30,210053.268823245
2002-10-31,210053.268823245
2002-11-01,210053.268823245
2002-11-04,210053.268823245
2002-11-05,210053.268823245
2002-11-06,210053.268823245
2002-11-07,210053.268823245
2002-11-08,210053.268823245
2002-11-11,210053.268823245
2002-11-12,210053.268823245
2002-11-13,210053.268823245
2002-11-14,210053.268823245
2002-11-15,210053.268823245
2002-11-18,210053.268823245
2002-11-19,210053.268823245
2002-11-20,210053.268823245
2002-11-21,210053.268823245
2002-11-22,210053.268823245
2002-11-25,210053.268823245
2002-11-26,210053.268823245
2002-11-27,210053.268823245
2002-11-29,210053.268823245
2002-12-02,210053.268823245
2002-12-03,210053.268823245
2002-12-04,210053.268823245
2002-12-05,210053.268823245
2002-12-06,210053.268823245
2002-12-09,210053.268823245
2002-12-10,210053.268823245
2002-12-11,210053.268823245
2002-12-12,210053.268823245
2002-12-13,210053.268823245
2002-12-16,210053.268823245
2002-12-17,210053.268823245
2002-12-18,210053.268823245
2002-12-19,210053.268823245
2002-12-20,210053.268823245
2002-12-23,210053.268823245
2002-12-24,210053.268823245
2002-12-26,210053.268823245
2002-12-27,210053.268823245
2002-12-30,210053.268823245
2002-12-31,210053.268823245
2003-01-02,210053.268823245
2003-01-03,210053.268823245
2003-01-06,210053.268823245
2003-01-07,210053.268823245
2003-01-08,210053.268823245
2003-01-09,210053.268823245
2003-01-10,210053.268823245
2003-01-13,210053.268823245
2003-01-14,210053.268823245
2003-01-15,210053.268823245
2003-01-16,210053.268823245
2003-01-17,210053.268823245
2003-01-21,210053.268823245
2003-01-22,210053.268823245
2003-01-23,210053.268823245
2003-01-24,210053.268823245
2003-01-27,210053.268823245
2003-01-28,210053.268823245
2003-01-29,210053.268823245
2003-01-30,210053.268823245
2003-01-31,210053.268823245
2003-02-03,210053.268823245
2003-02-04,210053.268823245
2003-02-05,210053.268823245
2003-02-06,210053.268823245
2003-02-07,210053.268823245
2003-02-10,210053.268823245
2003-02-11,210053.268823245
2003-02-12,210053.268823245
2003-02-13,210053.268823245
2003-02-14,210053.268823245
2003-02-18,210053.268823245
2003-02-19,210053.268823245
2003-02-20,210053.268823245
2003-02-21,210053.268823245
2003-02-24,210053.268823245
2003-02-25,210053.268823245
2003-02-26,210053.268823245
2003-02-27,210053.268823245
2003-02-28,210053.268823245
2003-03-03,210053.268823245
2003-03-04,210053.268823245
2003-03-05,210053.268823245
2003-03-06,210053.268823245
2003-03-07,210053.268823245
2003-03-10,210053.268823245
2003-03-11,210053.268823245
2003-03-12,210053.268823245
2003-03-13,210053.268823245
2003-03-14,210053.268823245
2003-03-17,210053.268823245
2003-03-18,210053.268823245
2003-03-19,210053.268823245
2003-03-20,210053.268823245
2003-03-21,210053.268823245
2003-03-24,210053.268823245
2003-03-25,210053.268823245
2003-03-26,210053.268823245
2003-03-27,210053.268823245
2003-03-28,210053.268823245
2003-03-31,210053.268823245
2003-04-01,210053.268823245
2003-04-02,210053.268823245
2003-04-03,210053.268823245
2003-04-04,210053.268823245
2003-04-07,210053.268823245
2003-04-08,210053.268823245
2003-04-09,210053.268823245
2003-04-10,210053.268823245
2003-04-11,210053.268823245
2003-04-14,210053.268823245
2003-04-15,210053.268823245
2003-04-16,210053.268823245
2003-04-17,210053.268823245
2003-04-21,210053.268823245
2003-04-22,210053.268823245
2003-04-23,210053.268823245
2003-04-24,210053.268823245
2003-04-25,210053.268823245
2003-04-28,210053.268823245
2003-04-29,210053.268823245
2003-04-30,210053.268823245
2003-05-01,210053.268823245
2003-05-02,214646.53051310297
2003-05-05,214630.3995733758
2003-05-06,217250.51284680894
2003-05-07,214571.78676673386
2003-05-08,212358.3812948779
2003-05-09,213100.3675560085
2003-05-12,215525.06243214445
2003-05-13,218033.52150515566
2003-05-14,217408.82710132163
2003-05-15,219577.80113839073
2003-05-16,219495.92064766175
2003-05-19,213255.8947205005
2003-05-20,212478.1121976982
2003-05-21,215063.44976037877
2003-05-22,218251.89932758868
2003-05-23,218814.89570762296
2003-05-27,224201.54521632113
2003-05-28,223036.7600460702
2003-05-29,224579.9101189776
2003-05-30,226923.7794278328
2003-06-02,223384.19725246154
2003-06-03,224219.473353133
2003-06-04,229515.57211901012
2003-06-05,231295.28149956855
2003-06-06,228205.41250078043
2003-06-09,226118.99159627943
2003-06-10,228366.35380109525
2003-06-11,235722.16288061294
2003-06-12,238068.66317925174
2003-06-13,236291.31222685098
2003-06-16,243276.58212742276
2003-06-17,242654.37776413
2003-06-18,242981.84686071888
2003-06-19,234471.79141530054
2003-06-20,233609.26363981396
2003-06-23,230973.75320689462
2003-06-24,231461.9430190145
2003-06-25,230934.46059724738
2003-06-26,235538.94205426972
2003-06-27,233471.1661980182
2003-06-30,232454.94584241128
2003-07-01,236644.86682622606
2003-07-02,242149.74520471884
2003-07-03,241900.17019087877
2003-07-07,246352.21643722305
2003-07-08,249159.52540175786
2003-07-09,249397.08468877483
2003-07-10,242995.65743875466
2003-07-11,244737.78053996825
2003-07-14,245879.1404243458
2003-07-15,246223.32568764556
2003-07-16,239818.61308151978
2003-07-17,233273.588578742
2003-07-18,233911.73056484206
2003-07-21,231319.69834466605
2003-07-22,236445.36644497485
2003-07-23,239839.71594672764
2003-07-24,234391.908815375
2003-07-25,235932.51155449342
2003-07-28,236421.39436684977
2003-07-29,234735.69363976258
2003-07-30,232001.87822479403
2003-07-31,231999.561669294
2003-08-01,230521.37578130892
2003-08-04,228743.11497499316
2003-08-05,224311.83380008003
2003-08-06,221023.41627848917
2003-08-07,219850.57620120587
2003-08-08,217170.4301528903
2003-08-11,219150.08800414007
2003-08-12,223143.41824682002
2003-08-13,223730.50927962785
2003-08-14,223942.4713201249
2003-08-15,223718.14028235953
2003-08-18,226924.11371438715
2003-08-19,228666.2490004504
2003-08-20,233692.4481879066
2003-08-21,237599.68546899484
2003-08-22,234081.50970363445
2003-08-25,233232.0168501718
2003-08-26,234069.78444061743
2003-08-27,235716.91926520926
2003-08-28,236028.51267933496
2003-08-29,237823.5742882728
2003-09-02,240871.9690257317
2003-09-03,240634.1778803898
2003-09-04,243129.2327627636
2003-09-05,243030.60899265576
2003-09-08,247620.57066551992
2003-09-09,242006.34253397185
2003-09-10,234833.02718879166
2003-09-11,236637.79816235366
2003-09-12,237872.72212932786
2003-09-15,240378.50698697564
2003-09-16,249860.88789084324
2003-09-17,251943.50995209988
2003-09-18,258549.4865629667
2003-09-19,259110.08286377578
2003-09-22,252839.02779920385
2003-09-23,255982.5689632111
2003-09-24,246858.79219480781
2003-09-25,242695.0564717208
2003-09-26,237861.50730983287
2003-09-29,245172.95826349212
2003-09-30,241167.20972130692
2003-10-01,245105.53547458843
2003-10-02,248535.65333652456
2003-10-03,258256.49354458434
2003-10-06,262283.214840703
2003-10-07,266140.57730348135
2003-10-08,266085.89016045124
2003-10-09,269260.7079132073
2003-10-10,269409.1509307331
2003-10-13,272948.11131411616
2003-10-14,274086.351543036
2003-10-15,269671.133513928
2003-10-16,271044.92611702695
2003-10-17,265281.6392856257
2003-10-20,267045.63285627455
2003-10-21,268095.0338275119
2003-10-22,264853.9624443556
2003-10-23,261172.44450430662
2003-10-24,260031.8339589034
2003-10-27,264753.3098926095
2003-10-28,273917.9622705466
2003-10-29,274253.9680594194
2003-10-30,274531.49162612954
2003-10-31,272898.5219089392
2003-11-03,280310.8842482784
2003-11-04,282672.01146856503
2003-11-05,281825.6624894525
2003-11-06,280558.78721724334
2003-11-07,280654.3710804408
2003-11-10,274682.105204235
2003-11-11,273027.27110367565
2003-11-12,280756.21489910514
2003-11-13,280930.02771324984
2003-11-14,274681.4532705715
2003-11-17,268015.6294692739
2003-11-18,263476.39892042463
2003-11-19,265932.42755424726
2003-11-20,262598.2603109219
2003-11-21,264132.9056518651
2003-11-24,273386.266552951
2003-11-25,276022.4541637634
2003-11-26,279777.57684202155
2003-11-28,281387.7346985009
2003-12-01,284295.1029356569
2003-12-02,280027.2382474694
2003-12-03,274972.6408461919
2003-12-04,273456.41062636906
2003-12-05,267528.46705173835
2003-12-08,268765.3154484416
2003-12-09,262526.0998665954
2003-12-10,258585.253434152
2003-12-11,268306.76296061114
2003-12-12,268898.5869089015
2003-12-15,265965.93314110447
2003-12-16,264859.93108358386
2003-12-17,265025.98975851375
2003-12-18,269591.9965066553
2003-12-19,267199.4251115409
2003-12-22,266159.4012125533
2003-12-23,267599.5836489488
2003-12-24,268315.75977086526
2003-12-26,268819.7624208733
2003-12-29,271322.4088238383
2003-12-30,271164.33837803744
2003-12-31,270480.7975024701
2004-01-02,270572.09051093436
2004-01-05,280433.28593130625
2004-01-06,283548.01813636115
2004-01-07,285568.023216698
2004-01-08,291984.3269479089
2004-01-09,291570.015784817
2004-01-12,295234.00645306526
2004-01-13,287782.1781437416
2004-01-14,287517.9100564171
2004-01-15,287719.9020919966
2004-01-16,299590.4266889742
2004-01-20,304094.3262043245
2004-01-21,298028.5978688856
2004-01-22,291998.79829052323
2004-01-23,289591.1131407649
2004-01-26,294678.86420049815
2004-01-27,290822.2573244427
2004-01-28,285003.1582416474
2004-01-29,277004.20185468404
2004-01-30,281399.5278448048
2004-02-02,278272.3349700074
2004-02-03,277813.87262809864
2004-02-04,267250.8270485139
2004-02-05,267908.8270043525
2004-02-06,279857.16419949377
2004-02-09,281298.4910173078
2004-02-10,285736.5586606413
2004-02-11,290432.92992862384
2004-02-12,286954.4118738014
2004-02-13,280959.5934837774
2004-02-17,291848.73021776084
2004-02-18,294622.04881103546
2004-02-19,289810.313543815
2004-02-20,285153.46681521164
2004-02-23,276542.9710693065
2004-02-24,273729.6803813914
2004-02-25,276505.8997961567
2004-02-26,279125.9379691667
2004-02-27,279609.9901594412
2004-03-01,283206.269753535
2004-03-02,282553.17462887254
2004-03-03,278715.1984339245
2004-03-04,284279.9399454718
2004-03-05,281308.56968682696
2004-03-08,272815.9069446558
2004-03-09,266474.48734000616
2004-03-10,260513.80438134822
2004-03-11,254904.53578395088
2004-03-12,260250.37025262136
2004-03-15,254471.14351210036
2004-03-16,254677.18542952114
2004-03-17,261869.41193171253
2004-03-18,261238.06925961195
2004-03-19,259270.94385250725
2004-03-22,254069.00883754162
2004-03-23,254440.66046988507
2004-03-24,254205.4918206314
2004-03-25,258835.99247910004
2004-03-26,259711.2503561083
2004-03-29,263060.0329563628
2004-03-30,264811.2924264701
2004-03-31,263997.7296723641
2004-04-01,267801.6606183921
2004-04-02,272687.5755756267
2004-04-05,275114.8090185326
2004-04-06,272164.47617513756
2004-04-07,271188.47847151454
2004-04-08,270937.09264657553
2004-04-12,273355.32601955795
2004-04-13,263137.89941785263
2004-04-14,261175.6480494861
2004-04-15,258877.70521586205
2004-04-16,256999.06725903624
2004-04-19,258133.87297155673
2004-04-20,251409.62975876778
2004-04-21,255019.8345598273
2004-04-22,261161.91084330226
2004-04-23,259937.30405734875
2004-04-26,258692.4801670144
2004-04-27,256843.4754961792
2004-04-28,251431.0878612846
2004-04-29,248597.74581658773
2004-04-30,244862.50783002045
2004-05-03,246424.73437287475
2004-05-04,250706.73215189125
2004-05-05,251080.2857950027
2004-05-06,244991.58718534643
2004-05-07,237212.214995624
2004-05-10,232969.5654105657
2004-05-11,237053.94225012066
2004-05-12,235782.33803430386
2004-05-13,234611.31095124994
2004-05-14,230993.67683100328
2004-05-17,229015.3848889678
2004-05-18,232236.45975724046
2004-05-19,233339.6641879863
2004-05-20,234466.59148861916
2004-05-21,237210.98348587583
2004-05-24,238898.03905738477
2004-05-25,243261.3123497344
2004-05-26,243713.05220592755
2004-05-27,244307.53105860754
2004-05-28,245234.59513732838
2004-06-01,244577.31224329286
2004-06-02,245186.47723808055
2004-06-03,242674.6043520176
2004-06-04,245181.63395401416
2004-06-07,251550.9318343302
2004-06-08,250756.54302389093
2004-06-09,245195.40654245377
2004-06-10,246670.37785757563
2004-06-14,242593.43910281517
2004-06-15,244593.83824132686
2004-06-16,243422.08589555474
2004-06-17,243059.74254696904
2004-06-18,242709.15339266625
2004-06-21,240520.93543918876
2004-06-22,242789.12257272133
2004-06-23,244363.66042771668
2004-06-24,243390.475100509
2004-06-25,245768.0330576699
2004-06-28,246255.38539545625
2004-06-29,249059.77239612347
2004-06-30,252203.7543013451
2004-07-01,248012.99079817967
2004-07-02,246006.2596620257
2004-07-06,242459.51107790292
2004-07-07,244952.92509154024
2004-07-08,239709.74372053446
2004-07-09,239747.59147310042
2004-07-12,238943.49920980656
2004-07-13,239317.993930699
2004-07-14,238503.0642387204
2004-07-15,237617.90605181258
2004-07-16,234681.24331081472
2004-07-19,234945.80562305744
2004-07-20,237760.1416691463
2004-07-21,233743.2247509898
2004-07-22,234409.70226851298
2004-07-23,233383.94837049555
2004-07-26,232337.23248199673
2004-07-27,235851.20011534015
2004-07-28,237136.7618341608
2004-07-29,240640.5932268976
2004-07-30,241364.00652801886
2004-08-02,241703.96911814387
2004-08-03,236274.46691670234
2004-08-04,235185.90658120567
2004-08-05,229361.49611256347
2004-08-06,222515.8521474003
2004-08-09,224328.63615891352
2004-08-10,228092.06950598804
2004-08-11,226340.0366161305
2004-08-12,224317.526314595
2004-08-13,224545.45241796953
2004-08-16,227652.26048402084
2004-08-17,227437.9224709295
2004-08-18,229366.14538017218
2004-08-19,229098.69565023336
2004-08-20,234307.76265094584
2004-08-23,234119.00450984185
2004-08-24,233893.73754566285
2004-08-25,235289.62498105265
2004-08-26,234534.08092883148
2004-08-27,235787.55683401917
2004-08-30,234290.74437582598
2004-08-31,235341.01562088495
2004-09-01,234970.1340910613
2004-09-02,239363.0406964787
2004-09-03,238149.09502496992
2004-09-07,240886.36638396472
2004-09-08,240589.24719592862
2004-09-09,244811.02582078948
2004-09-10,244010.18580304086
2004-09-13,245833.67379045454
2004-09-14,247160.5839841162
2004-09-15,246187.47839267683
2004-09-16,246661.45274415184
2004-09-17,246699.93909303422
2004-09-20,246228.72595848845
2004-09-21,249291.11001882164
2004-09-22,245337.92148665912
2004-09-23,244636.0666027108
2004-09-24,245039.78094484957
2004-09-27,241910.68944408934
2004-09-28,245569.48379412654
2004-09-29,246681.64088576805
2004-09-30,248582.1963215903
2004-10-01,251647.771857988
2004-10-04,256605.17756985506
2004-10-05,256364.3503686012
2004-10-06,261152.3803002601
2004-10-07,257321.61220014415
2004-10-08,251750.82385316925
2004-10-11,251397.1600189036
2004-10-12,249533.06683758387
2004-10-13,245676.12620071115
2004-10-14,249608.09465865683
2004-10-15,250082.88915439617
2004-10-18,250567.37745532198
2004-10-19,248749.3629016092
2004-10-20,250905.92080639183
2004-10-21,253654.66592286347
2004-10-22,250388.86413501552
2004-10-25,251246.47586941562
2004-10-26,252366.2091012437
2004-10-27,254177.23438738467
2004-10-28,252912.76507948665
2004-10-29,254503.6318905023
2004-11-01,254681.85036580788
2004-11-02,253431.4864581518
2004-11-03,259225.56602171884
2004-11-04,261813.17138443142
2004-11-05,262273.54233668116
2004-11-08,260050.5773046714
2004-11-09,262161.83171387215
2004-11-10,265717.37050633156
2004-11-11,268927.38175360597
2004-11-12,273587.67661964364
2004-11-15,271489.8170407719
2004-11-16,270662.3970838031
2004-11-17,274671.8859527193
2004-11-18,277256.33492948115
2004-11-19,278438.0750766136
2004-11-22,283686.9170041419
2004-11-23,283682.2165158327
2004-11-24,287628.4471970764
2004-11-26,293484.8111846076
2004-11-29,293002.5025624944
2004-11-30,291905.35098602466
2004-12-01,291128.1636636119
2004-12-02,287029.0997708477
2004-12-03,289692.1578189862
2004-12-06,291847.3381770917
2004-12-07,283303.2419135388
2004-12-08,284741.3486312857
2004-12-09,285423.18586803036
2004-12-10,285693.95395173144
2004-12-13,292726.52849695424
2004-12-14,287560.71112326503
2004-12-15,292247.1036875032
2004-12-16,289078.156854429
2004-12-17,289753.0039294481
2004-12-20,288850.8400410872
2004-12-21,295228.53102808417
2004-12-22,293192.72376452765
2004-12-23,293100.0384693333
2004-12-27,288911.2131044655
2004-12-28,293635.27178496507
2004-12-29,293671.38630316785
2004-12-30,291863.27280292194
2004-12-31,291917.37122694304
2005-01-03,284268.65583822015
2005-01-04,277648.3862665996
2005-01-05,277246.00509319984
2005-01-06,273900.9419827471
2005-01-07,275804.14201658126
2005-01-10,276431.6444195777
2005-01-11,269965.1113586882
2005-01-12,271814.0200807438
2005-01-13,273685.3542575781
2005-01-14,276475.1701114926
2005-01-18,278145.410574487
2005-01-19,276281.37376427115
2005-01-20,274360.6119361846
2005-01-21,274892.70247558807
2005-01-24,268580.27766098245
2005-01-25,272233.2118681312
2005-01-26,273382.5874339711
2005-01-27,276033.3946393861
2005-01-28,274364.21906543465
2005-01-31,279569.8484032444
2005-02-01,283393.5126076988
2005-02-02,287130.70611419657
2005-02-03,286771.2776808836
2005-02-04,287492.15177139203
2005-02-07,286397.5422878318
2005-02-08,288961.83524518425
2005-02-09,283208.06701711915
2005-02-10,286631.5078229676
2005-02-11,289428.5252642432
2005-02-14,293101.3277084686
2005-02-15,293737.33886718325
2005-02-16,299001.4597558408
2005-02-17,294388.4897170185
2005-02-18,297708.41223865264
2005-02-22,295009.0454301317
2005-02-23,297705.3786111912
2005-02-24,304647.51640149887
2005-02-25,312236.0903404406
2005-02-28,309853.6721422632
2005-03-01,305661.2322773658
2005-03-02,308196.6769693586
2005-03-03,307128.0502523876
2005-03-04,315567.48565804475
2005-03-07,313827.5171183703
2005-03-08,308820.9469714056
2005-03-09,304558.96510318475
2005-03-10,298580.6515614924
2005-03-11,303131.6561111523
2005-03-14,302623.9528000028
2005-03-15,301433.9238847049
2005-03-16,297593.0518606758
2005-03-17,304010.46910586604
2005-03-18,304037.7320159607
2005-03-21,303900.8334875923
2005-03-22,302803.8939970874
2005-03-23,303221.27588753065
2005-03-24,305199.82195119903
2005-03-28,303197.54637936765
2005-03-29,295465.5244268741
2005-03-30,301036.69802146795
2005-03-31,305061.7238376316
2005-04-01,309756.70253404573
2005-04-04,309455.96089926886
2005-04-05,310756.0898066714
2005-04-06,317159.75831605174
2005-04-07,319701.11348949536
2005-04-08,316510.942706979
2005-04-11,313804.6317064341
2005-04-12,315157.77632112504
2005-04-13,306768.5959202893
2005-04-14,293385.0134309662
2005-04-15,284333.6283931804
2005-04-18,287348.9630551999
2005-04-19,294492.9323618572
2005-04-20,289857.23816062283
2005-04-21,295032.70319320046
2005-04-22,292220.66301376803
2005-04-25,295507.07784882426
2005-04-26,290935.48348470766
2005-04-27,287232.22983695334
2005-04-28,283751.961162069
2005-04-29,288406.64732570434
2005-05-02,289589.37914420944
2005-05-03,286003.55466890684
2005-05-04,290777.4541651123
2005-05-05,289673.8409049746
2005-05-06,292746.7854963423
2005-05-09,296316.57300960226
2005-05-10,291680.64981309895
2005-05-11,290423.75012209115
2005-05-12,275779.8027221513
2005-05-13,272701.626762078
2005-05-16,272740.53483903257
2005-05-17,276685.46342230914
2005-05-18,280180.31186765566
2005-05-19,283849.2460772129
2005-05-20,282722.4190614234
2005-05-23,286278.68470174423
2005-05-24,287987.08974749054
2005-05-25,287952.68301972665
2005-05-26,291974.5513946539
2005-05-27,294524.16163938487
2005-05-31,291223.5088105438
2005-06-01,296543.84705909726
2005-06-02,297113.64451090957
2005-06-03,295777.65751253685
2005-06-06,297307.55473423953
2005-06-07,297838.77262076346
2005-06-08,296294.16880108824
2005-06-09,301609.6170068837
2005-06-10,299915.7086746758
2005-06-13,302092.68643869355
2005-06-14,304566.96365738945
2005-06-15,309322.1019277107
2005-06-16,311623.8998857062
2005-06-17,318549.4914836055
2005-06-20,316364.6886207419
2005-06-21,313351.8356159191
2005-06-22,314609.18991330656
2005-06-23,311905.7756406385
2005-06-24,308454.308534473
2005-06-27,308927.4549381887
2005-06-28,310539.6332310072
2005-06-29,307949.4390781265
2005-06-30,308792.93723397114
2005-07-01,309219.1102563191
2005-07-05,315065.0849665104
2005-07-06,314010.9045002635
2005-07-07,316658.50928325055
2005-07-08,316684.64767229016
2005-07-11,318021.3123340092
2005-07-12,320557.6273905788
2005-07-13,318870.4937233364
2005-07-14,315291.1246177946
2005-07-15,319239.59832139564
2005-07-18,318281.8839968791
2005-07-19,321521.68000472005
2005-07-20,320987.94109062664
2005-07-21,314242.81196994975
2005-07-22,322131.65089159884
2005-07-25,319971.3821334812
2005-07-26,319286.7596278094
2005-07-27,317679.5097210167
2005-07-28,322460.03047094593
2005-07-29,319317.1989352559
2005-08-01,322986.042835755
2005-08-02,326488.2415147632
2005-08-03,327530.4663780571
2005-08-04,328858.4527220848
2005-08-05,322864.43307738693
2005-08-08,320271.43009203265
2005-08-09,324104.9667358717
2005-08-10,326281.87175831187
2005-08-11,330309.6288569295
2005-08-12,332581.9100609232
2005-08-15,334132.4096887231
2005-08-16,328174.8526100774
2005-08-17,325393.97375947266
2005-08-18,324674.2767377394
2005-08-19,329284.35898871056
2005-08-22,329914.6930812777
2005-08-23,328694.99470141
2005-08-24,331102.1987827861
2005-08-25,331753.9125362669
2005-08-26,330112.4430402566
2005-08-29,331966.8171202682
2005-08-30,337912.1670745042
2005-08-31,349855.66473677015
2005-09-01,350680.28391583887
2005-09-02,346945.1820357535
2005-09-06,353195.34185650246
2005-09-07,357485.9049626319
2005-09-08,359891.4459622067
2005-09-09,367718.5658368324
2005-09-12,362247.6974151212
2005-09-13,361598.11953447707
2005-09-14,359624.49119227816
2005-09-15,358802.1581868031
2005-09-16,360204.6951558584
2005-09-19,363763.45515988517
2005-09-20,360098.0930541567
2005-09-21,361690.64143678296
2005-09-22,359142.6164067471
2005-09-23,359351.03509248
2005-09-26,363713.6601423516
2005-09-27,363461.22908495186
2005-09-28,363213.4847437943
2005-09-29,365232.3992522673
2005-09-30,364311.4392553235
2005-10-03,368701.2938689712
2005-10-04,358258.3128617707
2005-10-05,343031.1581702617
2005-10-06,336751.62662132544
2005-10-07,340610.2134188838
2005-10-10,334583.7290606017
2005-10-11,337548.4549967714
2005-10-12,331738.7352866161
2005-10-13,331020.5857460288
2005-10-14,334132.14429442317
2005-10-17,336437.64906722726
2005-10-18,329780.7601147826
2005-10-19,334120.27851429465
2005-10-20,328671.395808612
2005-10-21,329337.2622508038
2005-10-24,334497.262051329
2005-10-25,334557.5782885379
2005-10-26,332490.6692055774
2005-10-27,326156.73022492137
2005-10-28,329372.55054056534
2005-10-31,337658.84527815564
2005-11-01,336975.9997691619
2005-11-02,345610.6526703885
2005-11-03,350658.30009751505
2005-11-04,341836.8005626631
2005-11-07,336765.60408397525
2005-11-08,335040.04650350264
2005-11-09,331682.08592232224
2005-11-10,325831.9728149702
2005-11-11,326656.7312762407
2005-11-14,330969.3676470629
2005-11-15,330169.3284623746
2005-11-16,334478.8499837723
2005-11-17,337427.9843454049
2005-11-18,337716.51257204375
2005-11-21,342531.5971412185
2005-11-22,349431.7402092542
2005-11-23,347403.1340346928
2005-11-25,350260.6082856454
2005-11-28,343197.74490339553
2005-11-29,342139.7910739596
2005-11-30,343374.6593926519
2005-12-01,354460.5213298158
2005-12-02,356527.82389923383
2005-12-05,357435.9112526621
2005-12-06,360845.5692721733
2005-12-07,358969.36854081124
2005-12-08,363056.3096851501
2005-12-09,364141.48184215993
2005-12-12,367161.12984101643
2005-12-13,366079.4397609872
2005-12-14,364821.6954483194
2005-12-15,361321.8457230995
2005-12-16,358127.089556137
2005-12-19,353354.0934373965
2005-12-20,355137.0129642365
2005-12-21,359786.1963208108
2005-12-22,368207.33090161823
2005-12-23,367623.17498415016
2005-12-27,362978.1074759136
2005-12-28,365866.24747827137
2005-12-29,361648.00523129635
2005-12-30,360082.2627493908
2006-01-03,375338.7434109737
2006-01-04,380674.4835366639
2006-01-05,377792.6031376113
2006-01-06,385471.91467855114
2006-01-09,388019.62217161036
2006-01-10,396311.57116167975
2006-01-11,402226.1135342409
2006-01-12,398759.80370618793
2006-01-13,403869.7685706707
2006-01-17,406715.3309310371
2006-01-18,403565.6585923929
2006-01-19,406512.77284406265
2006-01-20,402494.8753065172
2006-01-23,405706.87675435934
2006-01-24,404151.9686302569
2006-01-25,398394.23613277194
2006-01-26,398701.3607005107
2006-01-27,404091.2785255786
2006-01-30,415852.7171298218
2006-01-31,414036.7730459394
2006-02-01,407941.2132581601
2006-02-02,398466.6531529766
2006-02-03,398057.0866241437
2006-02-06,397011.26048932876
2006-02-07,390438.9308354383
2006-02-08,390319.84638818103
2006-02-09,376365.03878404817
2006-02-10,377642.6773711769
2006-02-13,374404.0195619782
2006-02-14,377122.8075629969
2006-02-15,380659.24799467536
2006-02-16,391165.3575737037
2006-02-17,389843.88155839685
2006-02-21,390720.68455158477
2006-02-22,394072.5443835181
2006-02-23,391544.00751777645
2006-02-24,393113.4155264275
2006-02-27,390344.1747712377
2006-02-28,382907.65448669234
2006-03-01,391342.43362558034
2006-03-02,402450.0388211978
2006-03-03,400297.6438692101
2006-03-06,393344.76157952327
2006-03-07,382209.85740608256
2006-03-08,383954.3802634309
2006-03-09,381101.08066930063
2006-03-10,385565.4586274205
2006-03-13,390581.223321734
2006-03-14,397272.2078974261
2006-03-15,405441.3054848696
2006-03-16,406205.927014381
2006-03-17,404417.75330219814
2006-03-20,403195.22937981214
2006-03-21,399346.1794873199
2006-03-22,400113.76750326075
2006-03-23,403182.3456718588
2006-03-24,408674.70155974396
2006-03-27,410899.8459431566
2006-03-28,412408.0488940227
2006-03-29,415967.3000277491
2006-03-30,416179.6993319086
2006-03-31,413069.6731840333
2006-04-03,413721.9546296212
2006-04-04,411339.25003265654
2006-04-05,414933.331151505
2006-04-06,418775.6584682265
2006-04-07,412144.0199203964
2006-04-10,405468.3954582761
2006-04-11,397358.05024718604
2006-04-12,403697.7382349821
2006-04-13,399995.3289451855
2006-04-17,395314.47221014777
2006-04-18,402545.3455716933
2006-04-19,406393.6390465214
2006-04-20,406780.22060705704
2006-04-21,409031.20426501933
2006-04-24,407698.6800086019
2006-04-25,401970.1125833255
2006-04-26,401653.50653860875
2006-04-27,393383.9850815221
2006-04-28,392687.1607475495
2006-05-01,390959.175417702
2006-05-02,393831.49896234623
2006-05-03,395274.08681370196
2006-05-04,397466.99759668444
2006-05-05,398858.32364815596
2006-05-08,402552.4206067685
2006-05-09,403893.3555166498
2006-05-10,402590.4346024266
2006-05-11,387516.6904287558
2006-05-12,377022.32924710243
2006-05-15,371676.8333061638
2006-05-16,370383.59120107384
2006-05-17,365901.2392079478
2006-05-18,364126.933212996
2006-05-19,366736.8307671627
2006-05-22,357680.80536406767
2006-05-23,358373.66821278166
2006-05-24,356428.9777747308
2006-05-25,358467.74018133554
2006-05-26,361071.3193761495
2006-05-30,354818.28592103
2006-05-31,355989.427992666
2006-06-01,358121.4253334776
2006-06-02,353126.26371136523
2006-06-05,338779.3399496751
2006-06-06,338515.845363292
2006-06-07,331243.3359638504
2006-06-08,331789.9189947046
2006-06-09,331570.4754654272
2006-06-12,326526.2008045459
2006-06-13,324691.5774986226
2006-06-14,326314.85272723716
2006-06-15,329510.7781309854
2006-06-16,329851.47325370985
2006-06-19,327350.63201850903
2006-06-20,328104.50929359155
2006-06-21,330402.38463365583
2006-06-22,330170.4228205848
2006-06-23,330184.9180143492
2006-06-26,330409.6294653351
2006-06-27,330025.4432309117
2006-06-28,330634.34644672694
2006-06-29,333613.60926703725
2006-06-30,333055.4475250061
2006-07-03,333120.68972296047
2006-07-05,328145.35871112946
2006-07-06,327315.6160640391
2006-07-07,321142.9955025987
2006-07-10,314197.94039023115
2006-07-11,312384.77476080507
2006-07-12,309226.6448709558
2006-07-13,301775.2266327106
2006-07-14,301033.10894446954
2006-07-17,298197.4297312646
2006-07-18,299106.3529529027
2006-07-19,302460.86084026156
2006-07-20,298485.15723035944
2006-07-21,296133.56398602616
2006-07-24,299516.6903702549
2006-07-25,303422.1012576621
2006-07-26,304030.11498773197
2006-07-27,302392.35145351867
2006-07-28,303305.76087521086
2006-07-31,304496.3435102767
2006-08-01,303043.2565603346
2006-08-02,303993.38249983086
2006-08-03,305027.0314253803
2006-08-04,300560.45860759745
2006-08-07,301609.0468698509
2006-08-08,298118.52493776445
2006-08-09,298998.45684079046
2006-08-10,295628.54472780257
2006-08-11,290027.95774183894
2006-08-14,288071.7234966871
2006-08-15,295655.8447746027
2006-08-16,302905.61276618385
2006-08-17,300343.4782866786
2006-08-18,304718.83873158356
2006-08-21,302343.2349946493
2006-08-22,304198.4848165731
2006-08-23,299888.24742240197
2006-08-24,299405.3597926778
2006-08-25,301489.1894508323
2006-08-28,302544.28789760603
2006-08-29,303228.406306371
2006-08-30,300726.05792566796
2006-08-31,293250.3733188883
2006-09-01,297671.97040763864
2006-09-05,302537.89757618395
2006-09-06,294915.91248828464
2006-09-07,293178.1330253215
2006-09-08,294032.82058320986
2006-09-11,290034.78077332873
2006-09-12,296695.195925185
2006-09-13,298251.36669618735
2006-09-14,299266.8919652847
2006-09-15,301639.97370527254
2006-09-18,303791.70990438946
2006-09-19,301448.6685221252
2006-09-20,302599.34466140595
2006-09-21,302151.77226528665
2006-09-22,299554.71437543735
2006-09-25,300967.303154941
2006-09-26,302331.3748895284
2006-09-27,301995.1093986875
2006-09-28,299271.6283802674
2006-09-29,300079.5381674706
2006-10-02,296618.49502480676
2006-10-03,295522.2093854658
2006-10-04,300640.9190905264
2006-10-05,303732.35692605155
2006-10-06,302124.7047053226
2006-10-09,307310.3564425552
2006-10-10,303442.36694398266
2006-10-11,302326.2516108422
2006-10-12,307331.32102615864
2006-10-13,311536.31585190987
2006-10-16,314690.7957777408
2006-10-17,311492.7921498559
2006-10-18,308664.635850421
2006-10-19,311514.75749756757
2006-10-20,310719.3828519735
2006-10-23,311315.60188220476
2006-10-24,315013.689779951
2006-10-25,316687.1726789142
2006-10-26,320308.7947049087
2006-10-27,315116.5927715301
2006-10-30,314361.10171773785
2006-10-31,316865.372663758
2006-11-01,307829.7855113767
2006-11-02,305401.03985740367
2006-11-03,303295.4195916442
2006-11-06,310891.1464436523
2006-11-07,309697.9980074432
2006-11-08,307359.10579366237
2006-11-09,307770.74692047975
2006-11-10,306387.2331643766
2006-11-13,308650.25777560007
2006-11-14,316440.1888119768
2006-11-15,316840.62315073167
2006-11-16,316089.0250220498
2006-11-17,317868.6481398264
2006-11-20,321964.51918312034
2006-11-21,325525.9360695835
2006-11-22,326171.9921432353
2006-11-24,326829.54892693774
2006-11-27,321127.05633568484
2006-11-28,321537.7935046002
2006-11-29,329824.3491872557
2006-11-30,331787.73657566065
2006-12-01,328122.37893034634
2006-12-04,339219.9595302451
2006-12-05,340890.11388564267
2006-12-06,339665.18975519104
2006-12-07,337705.10643913166
2006-12-08,339580.11371410836
2006-12-11,340014.4916690523
2006-12-12,330241.6525689283
2006-12-13,329242.949061983
2006-12-14,330485.5395729202
2006-12-15,331861.59741218534
2006-12-18,329088.7104580513
2006-12-19,331265.5421227193
2006-12-20,328572.5010340475
2006-12-21,326440.69805550727
2006-12-22,325201.74260545557
2006-12-26,325472.9448055137
2006-12-27,330429.3228301578
2006-12-28,329846.08081489033
2006-12-29,327669.2149770113
2007-01-03,324729.1971326156
2007-01-04,324256.24446163775
2007-01-05,318823.88156569697
2007-01-08,323579.41995719034
2007-01-09,322789.37060316146
2007-01-10,325450.0382179711
2007-01-11,330165.4594815722
2007-01-12,331686.3537015295
2007-01-16,333960.09785596794
2007-01-17,333980.68068010965
2007-01-18,328293.72262319905
2007-01-19,331293.5710433671
2007-01-22,330192.61650677066
2007-01-23,335240.9404388513
2007-01-24,343713.5033155025
2007-01-25,339684.2967897611
2007-01-26,341094.26964179886
2007-01-29,342285.0953059215
2007-01-30,345499.29048843496
2007-01-31,347492.28705557203
2007-02-01,350430.0091058422
2007-02-02,351191.8018641143
2007-02-05,350037.1392720684
2007-02-06,352936.08731192973
2007-02-07,355185.6409071753
2007-02-08,352655.58805829036
2007-02-09,343886.2252097833
2007-02-12,341653.59423051466
2007-02-13,346843.5378896443
2007-02-14,349404.1789583097
2007-02-15,354676.0129256528
2007-02-16,353363.1204735376
2007-02-20,355710.4979381666
2007-02-21,361500.7361068131
2007-02-22,359172.99339996494
2007-02-23,360086.61280504
2007-02-26,356068.443793522
2007-02-27,338233.2701606136
2007-02-28,341098.93741783197
2007-03-01,337476.1420026544
2007-03-02,332291.8641291949
2007-03-05,326494.8667364497
2007-03-06,337507.4979845094
2007-03-07,336748.10026984295
2007-03-08,345230.529951821
2007-03-09,349674.1703997813
2007-03-12,351911.91468472924
2007-03-13,340655.59098218323
2007-03-14,344184.20716307114
2007-03-15,348181.753649793
2007-03-16,345729.6738207644
2007-03-19,354374.11566751444
2007-03-20,357111.19690578926
2007-03-21,364559.2410045831
2007-03-22,363509.5470516244
2007-03-23,364741.11298409424
2007-03-26,365425.1473854251
2007-03-27,361084.3530389378
2007-03-28,357534.07561481284
2007-03-29,359741.65154679434
2007-03-30,358788.0888392791
2007-04-02,361335.7802215556
2007-04-03,364944.8039955505
2007-04-04,366851.8436528439
2007-04-05,368118.2905840072
2007-04-09,369669.53383786156
2007-04-10,369786.3238466852
2007-04-11,367720.1598590409
2007-04-12,369982.9539746029
2007-04-13,369295.92209499306
2007-04-16,374056.8467972532
2007-04-17,373805.73396048544
2007-04-18,372199.6753163838
2007-04-19,370411.9800126907
2007-04-20,375747.91598563385
2007-04-23,379496.62842572795
2007-04-24,382377.4399458164
2007-04-25,381292.3185561561
2007-04-26,379536.11743096693
2007-04-27,382533.4177671229
2007-04-30,374661.46476462035
2007-05-01,373093.42689552956
2007-05-02,378492.1872744732
2007-05-03,379860.05399990745
2007-05-04,380366.28999036853
2007-05-07,382204.53621492605
2007-05-08,383155.06652931427
2007-05-09,388767.1294879676
2007-05-10,382822.3559358797
2007-05-11,387763.5773441191
2007-05-14,387580.4807424954
2007-05-15,385755.08550181304
2007-05-16,385484.0929067538
2007-05-17,385639.72415789496
2007-05-18,387235.9632232409
2007-05-21,388205.8872859449
2007-05-22,387059.66066516394
2007-05-23,385186.37107627344
2007-05-24,377679.65053619497
2007-05-25,381464.25115717645
2007-05-29,383186.5016487389
2007-05-30,387851.72161402105
2007-05-31,388726.7814046924
2007-06-01,389277.4850476201
2007-06-04,389822.4921699934
2007-06-05,391287.76925293484
2007-06-06,385907.15019434964
2007-06-07,376155.97872913856
2007-06-08,379366.58207610314
2007-06-11,377403.33679918636
2007-06-12,370667.139640434
2007-06-13,376651.49185858
2007-06-14,380225.24071873026
2007-06-15,382085.2389327483
2007-06-18,378736.9700503694
2007-06-19,379922.1483719067
2007-06-20,373916.3820649429
2007-06-21,378182.7586460552
2007-06-22,373771.8701964045
2007-06-25,371905.6336322733
2007-06-26,367159.3770294883
2007-06-27,368207.62826293963
2007-06-28,371308.79338330205
2007-06-29,372018.0369075427
2007-07-02,382739.9121401566
2007-07-03,384289.8363840404
2007-07-05,387331.85334423557
2007-07-06,389593.58218578575
2007-07-09,393466.200630669
2007-07-10,386260.67215039616
2007-07-11,389123.11528681684
2007-07-12,396131.76770926476
2007-07-13,398442.149074618
2007-07-16,398022.9244644904
2007-07-17,397204.13222857425
2007-07-18,394644.73714352737
2007-07-19,397746.63317812
2007-07-20,391212.19277762715
2007-07-23,389818.25203617604
2007-07-24,379635.84715619613
2007-07-25,386128.97146575025
2007-07-26,378032.4856983165
2007-07-27,371619.62767258566
2007-07-30,378183.50053468713
2007-07-31,370310.41510991077
2007-08-01,367012.6705092269
2007-08-02,372124.7922590548
2007-08-03,358150.91541862657
2007-08-06,365198.9511434008
2007-08-07,363499.7912132501
2007-08-08,366911.805712568
2007-08-09,352085.20728485106
2007-08-10,350433.19979402417
2007-08-13,357320.5009635205
2007-08-14,346196.01089502126
2007-08-15,337926.0464483412
2007-08-16,333832.6794082887
2007-08-17,348294.9123314879
2007-08-20,350330.36101902317
2007-08-21,355512.82737893466
2007-08-22,364149.6424494556
2007-08-23,360450.64166965894
2007-08-24,366643.77464606485
2007-08-27,363445.87414449354
2007-08-28,353507.6272960081
2007-08-29,362701.6020048283
2007-08-30,361197.8886546179
2007-08-31,366175.67393746646
2007-09-04,372659.99509786576
2007-09-05,368641.90768867586
2007-09-06,371113.07587759517
2007-09-07,359698.8503695291
2007-09-10,358025.3099669098
2007-09-11,366906.06653582805
2007-09-12,365262.9884970528
2007-09-13,365456.2779317943
2007-09-14,366387.64532381995
2007-09-17,363773.05011474516
2007-09-18,383389.85270702175
2007-09-19,386385.2007222108
2007-09-20,387803.37600346375
2007-09-21,394394.36599057436
2007-09-24,392278.96250027395
2007-09-25,397449.7463448057
2007-09-26,399117.3850019283
2007-09-27,403180.8045299074
2007-09-28,400812.50863172894
2007-10-01,406422.75101733895
2007-10-02,406028.1320351514
2007-10-03,400402.87558148644
2007-10-04,402809.74212989205
2007-10-05,410932.0557099404
2007-10-08,413671.26491467585
2007-10-09,419024.08978942427
2007-10-10,416561.5152423663
2007-10-11,407965.1161318326
2007-10-12,414541.2498167963
2007-10-15,409737.0697735809
2007-10-16,407165.5301653302
2007-10-17,410100.92617429234
2007-10-18,411544.92799683113
2007-10-19,397882.0105527561
2007-10-22,398193.2073923712
2007-10-23,416218.7492069475
2007-10-24,407438.748176422
2007-10-25,394278.0731994366
2007-10-26,396472.41400711425
2007-10-29,401777.8644249286
2007-10-30,398867.206243095
2007-10-31,406825.81870268384
2007-11-01,397719.6442119317
2007-11-02,400750.56580631115
2007-11-05,397337.0550643926
2007-11-06,408930.3164523806
2007-11-07,397783.2006499987
2007-11-08,389181.3667792373
2007-11-09,373960.7708095491
2007-11-12,356836.9971315982
2007-11-13,369135.9841446772
2007-11-14,367640.4782505182
2007-11-15,359421.1666454477
2007-11-16,361925.7391475587
2007-11-19,355359.7919686204
2007-11-20,357761.5838090234
2007-11-21,355670.98109183495
2007-11-23,360247.31656614196
2007-11-26,358954.1326413421
2007-11-27,361427.7009595355
2007-11-28,371467.24905586726
2007-11-29,373180.40691862814
2007-11-30,373559.2906832403
2007-12-03,375247.77425327944
2007-12-04,376568.6847595266
2007-12-05,384357.7685585147
2007-12-06,391797.6646881564
2007-12-07,391059.2709806995
2007-12-10,392214.6803807051
2007-12-11,378729.9769924839
2007-12-12,387316.91698212776
2007-12-13,389560.2094948569
2007-12-14,385165.6130279393
2007-12-17,369193.4576041461
2007-12-18,369661.19770381664
2007-12-19,370999.83446980966
2007-12-20,376375.31142607745
2007-12-21,386013.1609801477
2007-12-24,390095.26178232365
2007-12-26,392764.5675842336
2007-12-27,389257.05282006215
2007-12-28,388953.3070155301
2007-12-31,385955.3638270253
2008-01-02,384813.85352272005
2008-01-03,387752.96377720084
2008-01-04,387752.96377720084
2008-01-07,387752.96377720084
2008-01-08,387752.96377720084
2008-01-09,387752.96377720084
2008-01-10,387752.96377720084
2008-01-11,387752.96377720084
2008-01-14,387752.96377720084
2008-01-15,387752.96377720084
2008-01-16,387752.96377720084
2008-01-17,387752.96377720084
2008-01-18,387752.96377720084
2008-01-22,387752.96377720084
2008-01-23,387752.96377720084
2008-01-24,387752.96377720084
2008-01-25,387752.96377720084
2008-01-28,387752.96377720084
2008-01-29,387752.96377720084
2008-01-30,387752.96377720084
2008-01-31,387752.96377720084
2008-02-01,387752.96377720084
2008-02-04,387752.96377720084
2008-02-05,387752.96377720084
2008-02-06,387752.96377720084
2008-02-07,387752.96377720084
2008-02-08,387752.96377720084
2008-02-11,387752.96377720084
2008-02-12,387752.96377720084
2008-02-13,387752.96377720084
2008-02-14,387752.96377720084
2008-02-15,387752.96377720084
2008-02-19,387752.96377720084
2008-02-20,387752.96377720084
2008-02-21,387752.96377720084
2008-02-22,387752.96377720084
2008-02-25,387752.96377720084
2008-02-26,387752.96377720084
2008-02-27,387752.96377720084
2008-02-28,387752.96377720084
2008-02-29,387752.96377720084
2008-03-03,387752.96377720084
2008-03-04,387752.96377720084
2008-03-05,387752.96377720084
2008-03-06,387752.96377720084
2008-03-07,387752.96377720084
2008-03-10,387752.96377720084
2008-03-11,387752.96377720084
2008-03-12,387752.96377720084
2008-03-13,387752.96377720084
2008-03-14,387752.96377720084
2008-03-17,387752.96377720084
2008-03-18,387752.96377720084
2008-03-19,387752.96377720084
2008-03-20,387752.96377720084
2008-03-24,387752.96377720084
2008-03-25,387752.96377720084
2008-03-26,387752.96377720084
2008-03-27,387752.96377720084
2008-03-28,387752.96377720084
2008-03-31,387752.96377720084
2008-04-01,387752.96377720084
2008-04-02,387752.96377720084
2008-04-03,387752.96377720084
2008-04-04,387752.96377720084
2008-04-07,387752.96377720084
2008-04-08,387752.96377720084
2008-04-09,387752.96377720084
2008-04-10,387752.96377720084
2008-04-11,387752.96377720084
2008-04-14,387752.96377720084
2008-04-15,387752.96377720084
2008-04-16,387752.96377720084
2008-04-17,387752.96377720084
2008-04-18,387752.96377720084
2008-04-21,387752.96377720084
2008-04-22,387752.96377720084
2008-04-23,387752.96377720084
2008-04-24,387752.96377720084
2008-04-25,387752.96377720084
2008-04-28,387752.96377720084
2008-04-29,387752.96377720084
2008-04-30,387752.96377720084
2008-05-01,387752.96377720084
2008-05-02,387752.96377720084
2008-05-05,387752.96377720084
2008-05-06,387752.96377720084
2008-05-07,387752.96377720084
2008-05-08,387752.96377720084
2008-05-09,387752.96377720084
2008-05-12,387752.96377720084
2008-05-13,387752.96377720084
2008-05-14,387752.96377720084
2008-05-15,387752.96377720084
2008-05-16,387752.96377720084
2008-05-19,387752.96377720084
2008-05-20,387752.96377720084
2008-05-21,387752.96377720084
2008-05-22,387752.96377720084
2008-05-23,387752.96377720084
2008-05-27,387752.96377720084
2008-05-28,387752.96377720084
2008-05-29,387752.96377720084
2008-05-30,387752.96377720084
2008-06-02,387752.96377720084
2008-06-03,387752.96377720084
2008-06-04,387752.96377720084
2008-06-05,387752.96377720084
2008-06-06,387752.96377720084
2008-06-09,387752.96377720084
2008-06-10,387752.96377720084
2008-06-11,387752.96377720084
2008-06-12,387752.96377720084
2008-06-13,387752.96377720084
2008-06-16,387752.96377720084
2008-06-17,387752.96377720084
2008-06-18,387752.96377720084
2008-06-19,387752.96377720084
2008-06-20,387752.96377720084
2008-06-23,387752.96377720084
2008-06-24,387752.96377720084
2008-06-25,387752.96377720084
2008-06-26,387752.96377720084
2008-06-27,387752.96377720084
2008-06-30,387752.96377720084
2008-07-01,387752.96377720084
2008-07-02,387752.96377720084
2008-07-03,387752.96377720084
2008-07-07,387752.96377720084
2008-07-08,387752.96377720084
2008-07-09,387752.96377720084
2008-07-10,387752.96377720084
2008-07-11,387752.96377720084
2008-07-14,387752.96377720084
2008-07-15,387752.96377720084
2008-07-16,387752.96377720084
2008-07-17,387752.96377720084
2008-07-18,387752.96377720084
2008-07-21,387752.96377720084
2008-07-22,387752.96377720084
2008-07-23,387752.96377720084
2008-07-24,387752.96377720084
2008-07-25,387752.96377720084
2008-07-28,387752.96377720084
2008-07-29,387752.96377720084
2008-07-30,387752.96377720084
2008-07-31,387752.96377720084
2008-08-01,387752.96377720084
2008-08-04,387752.96377720084
2008-08-05,387752.96377720084
2008-08-06,387752.96377720084
2008-08-07,387752.96377720084
2008-08-08,387752.96377720084
2008-08-11,387752.96377720084
2008-08-12,387752.96377720084
2008-08-13,387752.96377720084
2008-08-14,387752.96377720084
2008-08-15,387752.96377720084
2008-08-18,387752.96377720084
2008-08-19,387752.96377720084
2008-08-20,387752.96377720084
2008-08-21,387752.96377720084
2008-08-22,387752.96377720084
2008-08-25,387752.96377720084
2008-08-26,387752.96377720084
2008-08-27,387752.96377720084
2008-08-28,387752.96377720084
2008-08-29,387752.96377720084
2008-09-02,387752.96377720084
2008-09-03,387752.96377720084
2008-09-04,387752.96377720084
2008-09-05,387752.96377720084
2008-09-08,387752.96377720084
2008-09-09,387752.96377720084
2008-09-10,387752.96377720084
2008-09-11,387752.96377720084
2008-09-12,387752.96377720084
2008-09-15,387752.96377720084
2008-09-16,387752.96377720084
2008-09-17,387752.96377720084
2008-09-18,387752.96377720084
2008-09-19,387752.96377720084
2008-09-22,387752.96377720084
2008-09-23,387752.96377720084
2008-09-24,387752.96377720084
2008-09-25,387752.96377720084
2008-09-26,387752.96377720084
2008-09-29,387752.96377720084
2008-09-30,387752.96377720084
2008-10-01,387752.96377720084
2008-10-02,387752.96377720084
2008-10-03,387752.96377720084
2008-10-06,387752.96377720084
2008-10-07,387752.96377720084
2008-10-08,387752.96377720084
2008-10-09,387752.96377720084
2008-10-10,387752.96377720084
2008-10-13,387752.96377720084
2008-10-14,387752.96377720084
2008-10-15,387752.96377720084
2008-10-16,387752.96377720084
2008-10-17,387752.96377720084
2008-10-20,387752.96377720084
2008-10-21,387752.96377720084
2008-10-22,387752.96377720084
2008-10-23,387752.96377720084
2008-10-24,387752.96377720084
2008-10-27,387752.96377720084
2008-10-28,387752.96377720084
2008-10-29,387752.96377720084
2008-10-30,387752.96377720084
2008-10-31,387752.96377720084
2008-11-03,387752.96377720084
2008-11-04,387752.96377720084
2008-11-05,387752.96377720084
2008-11-06,387752.96377720084
2008-11-07,387752.96377720084
2008-11-10,387752.96377720084
2008-11-11,387752.96377720084
2008-11-12,387752.96377720084
2008-11-13,387752.96377720084
2008-11-14,387752.96377720084
2008-11-17,387752.96377720084
2008-11-18,387752.96377720084
2008-11-19,387752.96377720084
2008-11-20,387752.96377720084
2008-11-21,387752.96377720084
2008-11-24,387752.96377720084
2008-11-25,387752.96377720084
2008-11-26,387752.96377720084
2008-11-28,387752.96377720084
2008-12-01,387752.96377720084
2008-12-02,387752.96377720084
2008-12-03,387752.96377720084
2008-12-04,387752.96377720084
2008-12-05,387752.96377720084
2008-12-08,387752.96377720084
2008-12-09,387752.96377720084
2008-12-10,387752.96377720084
2008-12-11,387752.96377720084
2008-12-12,387752.96377720084
2008-12-15,387752.96377720084
2008-12-16,387752.96377720084
2008-12-17,387752.96377720084
2008-12-18,387752.96377720084
2008-12-19,387752.96377720084
2008-12-22,387752.96377720084
2008-12-23,387752.96377720084
2008-12-24,387752.96377720084
2008-12-26,387752.96377720084
2008-12-29,387752.96377720084
2008-12-30,387752.96377720084
2008-12-31,387752.96377720084
2009-01-02,387752.96377720084
2009-01-05,387752.96377720084
2009-01-06,387752.96377720084
2009-01-07,387752.96377720084
2009-01-08,387752.96377720084
2009-01-09,387752.96377720084
2009-01-12,387752.96377720084
2009-01-13,387752.96377720084
2009-01-14,387752.96377720084
2009-01-15,387752.96377720084
2009-01-16,387752.96377720084
2009-01-20,387752.96377720084
2009-01-21,387752.96377720084
2009-01-22,387752.96377720084
2009-01-23,387752.96377720084
2009-01-26,387752.96377720084
2009-01-27,387752.96377720084
2009-01-28,387752.96377720084
2009-01-29,387752.96377720084
2009-01-30,387752.96377720084
2009-02-02,387752.96377720084
2009-02-03,387752.96377720084
2009-02-04,387752.96377720084
2009-02-05,387752.96377720084
2009-02-06,387752.96377720084
2009-02-09,387752.96377720084
2009-02-10,387752.96377720084
2009-02-11,387752.96377720084
2009-02-12,387752.96377720084
2009-02-13,387752.96377720084
2009-02-17,387752.96377720084
2009-02-18,387752.96377720084
2009-02-19,387752.96377720084
2009-02-20,387752.96377720084
2009-02-23,387752.96377720084
2009-02-24,387752.96377720084
2009-02-25,387752.96377720084
2009-02-26,387752.96377720084
2009-02-27,387752.96377720084
2009-03-02,387752.96377720084
2009-03-03,387752.96377720084
2009-03-04,387752.96377720084
2009-03-05,387752.96377720084
2009-03-06,387752.96377720084
2009-03-09,387752.96377720084
2009-03-10,387752.96377720084
2009-03-11,387752.96377720084
2009-03-12,387752.96377720084
2009-03-13,387752.96377720084
2009-03-16,387752.96377720084
2009-03-17,387752.96377720084
2009-03-18,387752.96377720084
2009-03-19,387752.96377720084
2009-03-20,387752.96377720084
2009-03-23,387752.96377720084
2009-03-24,387752.96377720084
2009-03-25,387752.96377720084
2009-03-26,387752.96377720084
2009-03-27,387752.96377720084
2009-03-30,387752.96377720084
2009-03-31,387752.96377720084
2009-04-01,387752.96377720084
2009-04-02,387752.96377720084
2009-04-03,387752.96377720084
2009-04-06,387752.96377720084
2009-04-07,387752.96377720084
2009-04-08,387752.96377720084
2009-04-09,387752.96377720084
2009-04-13,387752.96377720084
2009-04-14,387752.96377720084
2009-04-15,387752.96377720084
2009-04-16,387752.96377720084
2009-04-17,387752.96377720084
2009-04-20,387752.96377720084
2009-04-21,387752.96377720084
2009-04-22,387752.96377720084
2009-04-23,387752.96377720084
2009-04-24,387752.96377720084
2009-04-27,387752.96377720084
2009-04-28,387752.96377720084
2009-04-29,387752.96377720084
2009-04-30,387752.96377720084
2009-05-01,387752.96377720084
2009-05-04,387752.96377720084
2009-05-05,387752.96377720084
2009-05-06,387752.96377720084
2009-05-07,387752.96377720084
2009-05-08,387752.96377720084
2009-05-11,387752.96377720084
2009-05-12,387752.96377720084
2009-05-13,387752.96377720084
2009-05-14,387752.96377720084
2009-05-15,387752.96377720084
2009-05-18,387752.96377720084
2009-05-19,387752.96377720084
2009-05-20,387752.96377720084
2009-05-21,387752.96377720084
2009-05-22,387752.96377720084
2009-05-26,387752.96377720084
2009-05-27,387752.96377720084
2009-05-28,387752.96377720084
2009-05-29,387752.96377720084
2009-06-01,387752.96377720084
2009-06-02,393540.23215865117
2009-06-03,391457.75032791536
2009-06-04,389487.83122191863
2009-06-05,387725.66047004744
2009-06-08,390768.57892199646
2009-06-09,391700.94841950317
2009-06-10,390450.28125640017
2009-06-11,386097.4410106087
2009-06-12,385147.7465694671
2009-06-15,379709.79987251246
2009-06-16,377480.30087313795
2009-06-17,384999.75223967474
2009-06-18,388353.54530099645
2009-06-19,388603.9534066172
2009-06-22,382602.79222226125
2009-06-23,380086.40207769035
2009-06-24,377927.4184636849
2009-06-25,388855.75551042083
2009-06-26,389946.0098816936
2009-06-29,391521.08967756387
2009-06-30,392317.8522610561
2009-07-01,392311.9575163803
2009-07-02,382821.43847238965
2009-07-06,385223.49811625335
2009-07-07,378232.49057395343
2009-07-08,383732.2318091909
2009-07-09,382800.9093304955
2009-07-10,380788.4478326256
2009-07-13,384467.9757808328
2009-07-14,387946.1848566851
2009-07-15,391886.12579391233
2009-07-16,392765.5581234746
2009-07-17,392347.96351794794
2009-07-20,394654.2471528115
2009-07-21,394341.0873223499
2009-07-22,395692.0032382405
2009-07-23,395192.3996931078
2009-07-24,396949.63371922215
2009-07-27,394423.27014352137
2009-07-28,396201.82924366
2009-07-29,398292.8226693028
2009-07-30,402177.5296417355
2009-07-31,399190.46393138496
2009-08-03,398338.68860835757
2009-08-04,396530.6563789083
2009-08-05,395370.45391279954
2009-08-06,391730.89661291894
2009-08-07,398128.8309961105
2009-08-10,390468.5136559082
2009-08-11,387808.86213828065
2009-08-12,389171.77890607645
2009-08-13,387721.86228430725
2009-08-14,382900.10320040537
2009-08-17,377797.96387215104
2009-08-18,380470.36144463124
2009-08-19,383344.6842469693
2009-08-20,386479.5337381754
2009-08-21,389218.5221034503
2009-08-24,384457.22637597506
2009-08-25,389800.8346602584
2009-08-26,391705.40759971057
2009-08-27,391437.62345585565
2009-08-28,391171.4785268824
2009-08-31,388225.88004029513
2009-09-01,380537.8952508233
2009-09-02,375948.08726500353
2009-09-03,377858.54708197364
2009-09-04,383594.58593041135
2009-09-08,390170.04293448327
2009-09-09,393645.03778892657
2009-09-10,398343.8931051875
2009-09-11,394211.79061676003
2009-09-14,397036.79727706744
2009-09-15,400519.36709556
2009-09-16,406909.58133998915
2009-09-17,402343.3231986753
2009-09-18,404558.80781586224
2009-09-21,404433.064377215
2009-09-22,409234.21910538437
2009-09-23,404184.0835115884
2009-09-24,398757.4076002656
2009-09-25,395355.23787433567
2009-09-28,405109.0029994728
2009-09-29,404813.5913967038
2009-09-30,405879.8908142083
2009-10-01,391453.0801926537
2009-10-02,388594.8980854977
2009-10-05,400084.67173937894
2009-10-06,406030.13339995034
2009-10-07,407871.51533564297
2009-10-08,406906.5721807419
2009-10-09,413064.4438988943
2009-10-12,419757.5470203356
2009-10-13,420156.19433139823
2009-10-14,427384.2351114145
2009-10-15,425457.06063618785
2009-10-16,415217.8366014297
2009-10-19,423047.4747157898
2009-10-20,424423.0939469386
2009-10-21,422315.8140800391
2009-10-22,424098.6123535498
2009-10-23,415758.9028104346
2009-10-26,412141.7859965239
2009-10-27,400505.3016829634
2009-10-28,388249.1560992768
2009-10-29,397358.04859310435
2009-10-30,380805.6026042302
2009-11-02,385096.9530033283
2009-11-03,395592.5621888422
2009-11-04,390613.92538198
2009-11-05,393553.9145496577
2009-11-06,395592.04681717505
2009-11-09,408786.74507485726
2009-11-10,408152.46913436544
2009-11-11,412060.4170552013
2009-11-12,405657.8917764089
2009-11-13,408354.3359900578
2009-11-16,415502.9517814018
2009-11-17,419228.80101708206
2009-11-18,418953.49471054465
2009-11-19,408341.94105007313
2009-11-20,407260.7325847912
2009-11-23,411757.84453952394
2009-11-24,409200.056025274
2009-11-25,413266.43802281556
2009-11-27,402694.2352532339
2009-11-30,404047.39239852724
2009-12-01,410706.85892755253
2009-12-02,418663.4776330295
2009-12-03,413761.2047202601
2009-12-04,420608.17415152834
2009-12-07,417587.70397098904
2009-12-08,411627.3079232326
2009-12-09,412974.172363868
2009-12-10,413454.3489642428
2009-12-11,414900.20398558304
2009-12-14,426698.04844454944
2009-12-15,423797.48026476864
2009-12-16,431820.6885629787
2009-12-17,423181.58285408927
2009-12-18,424989.82869822846
2009-12-21,432431.55919828435
2009-12-22,442024.5392929097
2009-12-23,445071.0948265271
2009-12-24,447970.74603747315
2009-12-28,444206.4794702722
2009-12-29,442261.0800867514
2009-12-30,437226.7778809704
2009-12-31,432824.35899221123
2010-01-04,442239.4100111814
2010-01-05,454775.9947996481
2010-01-06,453946.5632234684
2010-01-07,452920.3329922849
2010-01-08,455495.94487799745
2010-01-11,454864.7062005152
2010-01-12,439275.1252596718
2010-01-13,445328.808880755
2010-01-14,447179.0468881469
2010-01-15,438271.1837193658
2010-01-19,440538.8558776736
2010-01-20,433955.81262865086
2010-01-21,426949.150405113
2010-01-22,411513.4496230218
2010-01-25,418080.6386123332
2010-01-26,419403.7293471757
2010-01-27,420313.6474524451
2010-01-28,416256.43845985027
2010-01-29,415140.42689172557
2010-02-01,420307.8870844019
2010-02-02,429385.70671731763
2010-02-03,425868.17912318866
2010-02-04,401557.3754645084
2010-02-05,400098.9600572285
2010-02-08,398772.3876575363
2010-02-09,408689.2397212349
2010-02-10,409358.7281289558
2010-02-11,419526.67896395177
2010-02-12,419115.4501018921
2010-02-16,428255.65379676415
2010-02-17,430266.0678199721
2010-02-18,436081.47829907964
2010-02-19,436004.4875170106
2010-02-22,435872.79517237743
2010-02-23,425205.07071428356
2010-02-24,431262.07950665546
2010-02-25,430826.05914643
2010-02-26,433713.02883607795
2010-03-01,443337.0397619624
2010-03-02,447236.25324168557
2010-03-03,448008.808908179
2010-03-04,450481.9548249863
2010-03-05,457860.5189223436
2010-03-08,458049.4058821154
2010-03-09,457812.7686473765
2010-03-10,459406.810989261
2010-03-11,462365.573570171
2010-03-12,462841.38933236286
2010-03-15,464020.03146935516
2010-03-16,470666.2764123683
2010-03-17,478224.8558715561
2010-03-18,473666.21606560523
2010-03-19,463874.74418826343
2010-03-22,476937.01287909417
2010-03-23,480182.42173592665
2010-03-24,478153.30074362195
2010-03-25,475372.9127124752
2010-03-26,480121.0206018293
2010-03-29,483980.0884563296
2010-03-30,480007.7188930232
2010-03-31,479536.82987088204
2010-04-01,487551.19874533627
2010-04-05,493160.19847265515
2010-04-06,493643.02669330477
2010-04-07,488944.9178873847
2010-04-08,494068.3833190107
2010-04-09,496842.2239392411
2010-04-12,498981.12185068795
2010-04-13,497759.17796036793
2010-04-14,510470.6246276912
2010-04-15,513765.11084713973
2010-04-16,496468.49453019566
2010-04-19,498065.97445945116
2010-04-20,510324.03814293427
2010-04-21,514425.4181390118
2010-04-22,519284.37836365256
2010-04-23,523346.4512881208
2010-04-26,522584.068414295
2010-04-27,491575.70539515803
2010-04-28,493157.39973068563
2010-04-29,506463.2968510592
2010-04-30,492497.25542393664
2010-05-03,502554.19277177285
2010-05-04,479721.6854885043
2010-05-05,475570.2436927657
2010-05-06,444715.5978791031
2010-05-07,437909.74178514257
2010-05-10,460473.35069477453
2010-05-11,460015.36997928424
2010-05-12,464716.99178557226
2010-05-13,459562.57784611266
2010-05-14,449764.33756681514
2010-05-17,448948.3412066252
2010-05-18,441324.63832561445
2010-05-19,438022.7216025103
2010-05-20,428421.97743982007
2010-05-21,434143.3480638538
2010-05-24,432652.1761794974
2010-05-25,433909.20297260355
2010-05-26,433781.2661060133
2010-05-27,443306.7961705595
2010-05-28,440224.326853497
2010-06-01,427171.27166086284
2010-06-02,429715.0584025529
2010-06-03,429715.0584025529
2010-06-04,429715.0584025529
2010-06-07,429715.0584025529
2010-06-08,429715.0584025529
2010-06-09,429715.0584025529
2010-06-10,429715.0584025529
2010-06-11,429715.0584025529
2010-06-14,429715.0584025529
2010-06-15,429715.0584025529
2010-06-16,429715.0584025529
2010-06-17,429715.0584025529
2010-06-18,429715.0584025529
2010-06-21,429715.0584025529
2010-06-22,429715.0584025529
2010-06-23,429715.0584025529
2010-06-24,429715.0584025529
2010-06-25,429715.0584025529
2010-06-28,429715.0584025529
2010-06-29,429715.0584025529
2010-06-30,429715.0584025529
2010-07-01,429715.0584025529
2010-07-02,429715.0584025529
2010-07-06,429715.0584025529
2010-07-07,429715.0584025529
2010-07-08,429715.0584025529
2010-07-09,429715.0584025529
2010-07-12,429715.0584025529
2010-07-13,429715.0584025529
2010-07-14,429715.0584025529
2010-07-15,429715.0584025529
2010-07-16,429715.0584025529
2010-07-19,429715.0584025529
2010-07-20,429715.0584025529
2010-07-21,429715.0584025529
2010-07-22,429715.0584025529
2010-07-23,429715.0584025529
2010-07-26,429715.0584025529
2010-07-27,429715.0584025529
2010-07-28,429715.0584025529
2010-07-29,429715.0584025529
2010-07-30,429715.0584025529
2010-08-02,429715.0584025529
2010-08-03,426004.81718576833
2010-08-04,427000.74704824784
2010-08-05,425574.1486652343
2010-08-06,423069.9995080678
2010-08-09,429484.05091085855
2010-08-10,423009.76850816555
2010-08-11,410135.05184062873
2010-08-12,408604.2599559459
2010-08-13,406979.9510631708
2010-08-16,406131.69258919265
2010-08-17,411310.2316008968
2010-08-18,412926.95354097575
2010-08-19,411246.6442292455
2010-08-20,419843.0820473908
2010-08-23,417688.31399033533
2010-08-24,414115.66479896393
2010-08-25,415619.7321010852
2010-08-26,413144.1410779209
2010-08-27,417753.2340916301
2010-08-30,412584.525758535
2010-08-31,411490.4709507397
2010-09-01,419046.89806623274
2010-09-02,419193.9478565076
2010-09-03,419193.9478565076
2010-09-07,419193.9478565076
2010-09-08,419193.9478565076
2010-09-09,419193.9478565076
2010-09-10,419193.9478565076
2010-09-13,419193.9478565076
2010-09-14,419193.9478565076
2010-09-15,419193.9478565076
2010-09-16,419193.9478565076
2010-09-17,419193.9478565076
2010-09-20,419193.9478565076
2010-09-21,419193.9478565076
2010-09-22,419193.9478565076
2010-09-23,419193.9478565076
2010-09-24,419193.9478565076
2010-09-27,419193.9478565076
2010-09-28,419193.9478565076
2010-09-29,419193.9478565076
2010-09-30,419193.9478565076
2010-10-01,419193.9478565076
2010-10-04,412667.7793708035
2010-10-05,425380.8853766878
2010-10-06,415665.2330299675
2010-10-07,413638.108556892
2010-10-08,422557.1238934214
2010-10-11,419734.48669580976
2010-10-12,420987.2004645486
2010-10-13,425163.8440351644
2010-10-14,423222.36409054743
2010-10-15,424985.6559620394
2010-10-18,422721.9825026426
2010-10-19,414083.00843608455
2010-10-20,419905.29493306554
2010-10-21,417332.0650861788
2010-10-22,420093.3847312599
2010-10-25,424004.1440975233
2010-10-26,411267.95856905374
2010-10-27,409940.16622827033
2010-10-28,407999.816712524
2010-10-29,410102.36668619706
2010-11-01,410825.79709744384
2010-11-02,415804.2851770553
2010-11-03,417031.59327469516
2010-11-04,426660.3905767475
2010-11-05,431301.11183222936
2010-11-08,433565.04780457844
2010-11-09,428659.41738035576
2010-11-10,434065.8680283093
2010-11-11,432789.98511880566
2010-11-12,425731.9019994447
2010-11-15,420773.0423580727
2010-11-16,412467.10802278086
2010-11-17,414426.3593888869
2010-11-18,423084.58456198213
2010-11-19,435090.1353956237
2010-11-22,443314.1017766358
2010-11-23,438875.48242760403
2010-11-24,448954.9222931736
2010-11-26,448938.92446512263
2010-11-29,445045.73371925217
2010-11-30,439315.105131753
2010-12-01,451224.2806284423
2010-12-02,455930.3402207064
2010-12-03,458199.1344165618
2010-12-06,459699.3705103352
2010-12-07,460427.7761008868
2010-12-08,459999.6136162328
2010-12-09,457938.99471341475
2010-12-10,461200.2929258199
2010-12-13,457052.6301125435
2010-12-14,449462.2088111573
2010-12-15,444925.6331390528
2010-12-16,449505.86635123135
2010-12-17,453112.79379424837
2010-12-20,453186.12066155195
2010-12-21,462174.65797660407
2010-12-22,457833.96811052726
2010-12-23,456402.4310275562
2010-12-27,454572.5884413561
2010-12-28,453174.9875031698
2010-12-29,452984.8415132703
2010-12-30,453879.0128735694
2010-12-31,451816.69805532985
2011-01-03,460977.7803479247
2011-01-04,455502.27583496604
2011-01-05,460585.6537379823
2011-01-06,458155.9973973974
2011-01-07,460613.1852021544
2011-01-10,465163.33692301676
2011-01-11,463415.7783174804
2011-01-12,465458.6039561906
2011-01-13,471550.3068073984
2011-01-14,474942.52430916444
2011-01-18,475483.64129018516
2011-01-19,468583.8010084627
2011-01-20,449618.07862402196
2011-01-21,446885.6305973877
2011-01-24,446590.86584477103
2011-01-25,445547.8268470698
2011-01-26,447731.2968192754
2011-01-27,456720.2810194032
2011-01-28,452962.48098582454
2011-01-31,454086.83699503215
2011-02-01,459380.2991884555
2011-02-02,461044.2476938443
2011-02-03,462714.1973885273
2011-02-04,472193.1439523466
2011-02-07,472128.2260651076
2011-02-08,474517.88804605743
2011-02-09,477162.5481016061
2011-02-10,487492.5040857697
2011-02-11,492561.87716598745
2011-02-14,501732.112794975
2011-02-15,496622.48250484664
2011-02-16,499268.4705294451
2011-02-17,497928.117179021
2011-02-18,496103.6251545922
2011-02-22,476148.4058612746
2011-02-23,466276.6893558342
2011-02-24,478587.7444272142
2011-02-25,486205.4389153719
2011-02-28,481371.38074370346
2011-03-01,470769.36474808474
2011-03-02,472173.28180528677
2011-03-03,481855.0141367865
2011-03-04,482509.07351615484
2011-03-07,473879.2695148749
2011-03-08,471804.0476030151
2011-03-09,470814.7800876577
2011-03-10,465495.85152562766
2011-03-11,467144.8744305897
2011-03-14,463568.31619917846
2011-03-15,466182.61629617057
2011-03-16,457897.6762987108
2011-03-17,461105.3299034139
2011-03-18,455149.18943890213
2011-03-21,466023.8297787792
2011-03-22,464584.3930884062
2011-03-23,468700.76072123565
2011-03-24,477064.7488674497
2011-03-25,479703.0002472482
2011-03-28,480489.75653735094
2011-03-29,484718.24084661936
2011-03-30,492362.43169211724
2011-03-31,491314.23471206566
2011-04-01,497659.36844334647
2011-04-04,497169.9421820024
2011-04-05,495757.81396545103
2011-04-06,492436.59540770826
2011-04-07,490160.63152441266
2011-04-08,489537.6601465129
2011-04-11,484968.3028509228
2011-04-12,480380.7839337796
2011-04-13,487388.44073267985
2011-04-14,484758.8664258172
2011-04-15,485202.46252197097
2011-04-18,478580.56256612594
2011-04-19,485076.40120538225
2011-04-20,497234.6115588221
2011-04-21,508365.9285867751
2011-04-25,506675.65611575014
2011-04-26,498619.94390184165
2011-04-27,504218.18974562536
2011-04-28,502032.67983603635
2011-04-29,503311.5873669837
2011-05-02,500666.02447900374
2011-05-03,493525.44496677414
2011-05-04,489843.3479299128
2011-05-05,486106.8294809333
2011-05-06,486778.29194903537
2011-05-09,491758.0842503129
2011-05-10,495200.55757215736
2011-05-11,492079.2229919529
2011-05-12,494966.0848202857
2011-05-13,492829.4168712229
2011-05-16,486996.3062473261
2011-05-17,488078.82356618356
2011-05-18,496995.20581420884
2011-05-19,497432.6326130403
2011-05-20,494327.92281155253
2011-05-23,495336.96732231684
2011-05-24,493209.1795706658
2011-05-25,500916.0227020695
2011-05-26,506352.11319861235
2011-05-27,508323.35486191197
2011-05-31,510482.35979182564
2011-06-01,505432.54031456553
2011-06-02,509340.4406109495
2011-06-03,508123.76200213813
2011-06-06,495111.18834145967
2011-06-07,496226.5469420862
2011-06-08,492968.3620393821
2011-06-09,501874.36402323813
2011-06-10,493385.37685705017
2011-06-13,488066.71887514676
2011-06-14,496148.88500030205
2011-06-15,486257.23686150037
2011-06-16,477807.23951869196
2011-06-17,471926.6161767452
2011-06-20,477030.57073838485
2011-06-21,489147.5023274481
2011-06-22,486088.73911811895
2011-06-23,489383.1221543853
2011-06-24,485975.373103357
2011-06-27,490162.1907257748
2011-06-28,501782.31336941174
2011-06-29,506145.3742398729
2011-06-30,508235.0973780431
2011-07-01,512998.3654633683
2011-07-05,523576.5469460441
2011-07-06,527695.4907447111
2011-07-07,535409.7832959712
2011-07-08,536869.1617930173
2011-07-11,524901.4904703432
2011-07-12,521769.2151272062
2011-07-13,528155.6087254571
2011-07-14,520589.80691183615
2011-07-15,527964.9225846906
2011-07-18,523553.96776678396
2011-07-19,536359.5163598126
2011-07-20,532788.7273394895
2011-07-21,537439.5809441168
2011-07-22,541723.6031459337
2011-07-25,541733.3150992114
2011-07-26,537721.5282047004
2011-07-27,524281.56456013874
2011-07-28,523193.15970185015
2011-07-29,521513.95026761503
2011-08-01,523699.83933219535
2011-08-02,497290.1115283192
2011-08-03,500370.279924326
2011-08-04,469819.30247847235
2011-08-05,475400.81924734847
2011-08-08,459589.1414511029
2011-08-09,469897.6139113564
2011-08-10,463560.3674748648
2011-08-11,469692.69506764656
2011-08-12,472091.2856854495
2011-08-15,474985.57655331504
2011-08-16,469454.2144444493
2011-08-17,464516.6279415345
2011-08-18,448238.5801567914
2011-08-19,443001.92188200576
2011-08-22,442682.12199012307
2011-08-23,449993.66604894516
2011-08-24,450185.93104657764
2011-08-25,449899.3942201996
2011-08-26,453854.7773534327
2011-08-29,456785.1755315211
2011-08-30,461359.04386975954
2011-08-31,461285.53715071524
2011-09-01,459942.71831304865
2011-09-02,452407.4046179778
2011-09-06,452407.4046179778
2011-09-07,452407.4046179778
2011-09-08,452407.4046179778
2011-09-09,452407.4046179778
2011-09-12,452407.4046179778
2011-09-13,452407.4046179778
2011-09-14,452407.4046179778
2011-09-15,452407.4046179778
2011-09-16,452407.4046179778
2011-09-19,452407.4046179778
2011-09-20,452407.4046179778
2011-09-21,452407.4046179778
2011-09-22,452407.4046179778
2011-09-23,452407.4046179778
2011-09-26,452407.4046179778
2011-09-27,452407.4046179778
2011-09-28,452407.4046179778
2011-09-29,452407.4046179778
2011-09-30,452407.4046179778
2011-10-03,452407.4046179778
2011-10-04,452407.4046179778
2011-10-05,452407.4046179778
2011-10-06,452407.4046179778
2011-10-07,452407.4046179778
2011-10-10,452407.4046179778
2011-10-11,452407.4046179778
2011-10-12,452407.4046179778
2011-10-13,452407.4046179778
2011-10-14,452407.4046179778
2011-10-17,452407.4046179778
2011-10-18,452407.4046179778
2011-10-19,452407.4046179778
2011-10-20,452407.4046179778
2011-10-21,452407.4046179778
2011-10-24,452407.4046179778
2011-10-25,452407.4046179778
2011-10-26,452407.4046179778
2011-10-27,452407.4046179778
2011-10-28,452407.4046179778
2011-10-31,452407.4046179778
2011-11-01,452407.4046179778
2011-11-02,452407.4046179778
2011-11-03,452407.4046179778
2011-11-04,452407.4046179778
2011-11-07,452407.4046179778
2011-11-08,452407.4046179778
2011-11-09,452407.4046179778
2011-11-10,452407.4046179778
2011-11-11,452407.4046179778
2011-11-14,452407.4046179778
2011-11-15,452407.4046179778
2011-11-16,452407.4046179778
2011-11-17,452407.4046179778
2011-11-18,452407.4046179778
2011-11-21,452407.4046179778
2011-11-22,452407.4046179778
2011-11-23,452407.4046179778
2011-11-25,452407.4046179778
2011-11-28,452407.4046179778
2011-11-29,452407.4046179778
2011-11-30,452407.4046179778
2011-12-01,452407.4046179778
2011-12-02,452407.4046179778
2011-12-05,452407.4046179778
2011-12-06,452407.4046179778
2011-12-07,452407.4046179778
2011-12-08,452407.4046179778
2011-12-09,452407.4046179778
2011-12-12,452407.4046179778
2011-12-13,452407.4046179778
2011-12-14,452407.4046179778
2011-12-15,452407.4046179778
2011-12-16,452407.4046179778
2011-12-19,452407.4046179778
2011-12-20,452407.4046179778
2011-12-21,452407.4046179778
2011-12-22,452407.4046179778
2011-12-23,452407.4046179778
2011-12-27,452407.4046179778
2011-12-28,452407.4046179778
2011-12-29,452407.4046179778
2011-12-30,452407.4046179778
2012-01-03,452407.4046179778
2012-01-04,454420.8653683256
2012-01-05,459422.53855743806
2012-01-06,455498.73829960247
2012-01-09,453242.98819815216
2012-01-10,454520.6941327514
2012-01-11,445717.0482598498
2012-01-12,446621.6029179141
2012-01-13,446560.92247270496
2012-01-17,449399.8781370267
2012-01-18,451585.00245207443
2012-01-19,451350.4496368024
2012-01-20,446101.5571124503
2012-01-23,445181.9152867596
2012-01-24,444076.7696460809
2012-01-25,447818.06846172246
2012-01-26,443735.5171535346
2012-01-27,443002.22824893764
2012-01-30,440903.4719177513
2012-01-31,442811.62514273403
2012-02-01,445029.5396982668
2012-02-02,447940.21887111844
2012-02-03,454912.86319789395
2012-02-06,456562.7924589528
2012-02-07,459797.6258891325
2012-02-08,459477.6296998223
2012-02-09,464334.31940842903
2012-02-10,464317.040882631
2012-02-13,469373.07899556385
2012-02-14,472293.42320095625
2012-02-15,469186.78916491935
2012-02-16,475730.34182848386
2012-02-17,478172.44642768597
2012-02-21,476803.3007160215
2012-02-22,476726.15603318874
2012-02-23,479029.8088802044
2012-02-24,481836.8272153535
2012-02-27,484333.1903880236
2012-02-28,484658.9482683493
2012-02-29,483251.5552546606
2012-03-01,487283.8077020259
2012-03-02,485251.016172699
2012-03-05,487371.9996363584
2012-03-06,480541.6277378471
2012-03-07,485268.8100550745
2012-03-08,491554.4015908612
2012-03-09,494810.82956581085
2012-03-12,494593.47780712333
2012-03-13,499114.3878764198
2012-03-14,498547.9878223819
2012-03-15,499087.7585287125
2012-03-16,497759.7682602293
2012-03-19,499401.0776168151
2012-03-20,499025.72170430946
2012-03-21,502603.0761869706
2012-03-22,503256.0730608401
2012-03-23,504372.0026646455
2012-03-26,513058.32041969156
2012-03-27,512854.39416235517
2012-03-28,508885.09131785796
2012-03-29,509527.7419483756
2012-03-30,506930.2248545001
2012-04-02,513695.81349186494
2012-04-03,516024.1013905595
2012-04-04,512304.61248627893
2012-04-05,516778.0351846763
2012-04-09,512013.7385281591
2012-04-10,498609.1638467344
2012-04-11,504708.4235957883
2012-04-12,509155.4914030034
2012-04-13,508802.70358857006
2012-04-16,505433.16679531994
2012-04-17,513665.2029653103
2012-04-18,513814.790132733
2012-04-19,508994.3805934061
2012-04-20,509803.82771968114
2012-04-23,502324.5377118612
2012-04-24,501582.8406226214
2012-04-25,511653.90395018924
2012-04-26,520059.21239664487
2012-04-27,527132.7365971212
2012-04-30,523409.692721309
2012-05-01,524775.4381801924
2012-05-02,527516.2991953971
2012-05-03,521217.03215248336
2012-05-04,511796.66770502174
2012-05-07,510407.825575669
2012-05-08,503877.34592699097
2012-05-09,499875.66917704296
2012-05-10,503105.36786228605
2012-05-11,503757.16919299687
2012-05-14,493466.9508811298
2012-05-15,494532.576104104
2012-05-16,494166.74525723915
2012-05-17,476516.93564864155
2012-05-18,475769.88709695154
2012-05-21,479779.4188805695
2012-05-22,481562.1657293905
2012-05-23,485313.30896993086
2012-05-24,486423.4318261145
2012-05-25,485873.68422128615
2012-05-29,489089.55710771633
2012-05-30,487077.16209712834
2012-05-31,487401.1016181933
2012-06-01,479248.01688100223
2012-06-04,485040.3887800886
2012-06-05,486255.95881128265
2012-06-06,496680.0460451935
2012-06-07,493864.76058230555
2012-06-08,500295.9482906115
2012-06-11,492608.4864390546
2012-06-12,501388.1380235692
2012-06-13,493955.66430957196
2012-06-14,500678.2650290848
2012-06-15,505601.43291535944
2012-06-18,514731.1272504182
2012-06-19,519932.1830712003
2012-06-20,517792.88774879824
2012-06-21,506693.60471239535
2012-06-22,512618.4312745484
2012-06-25,503817.96078251547
2012-06-26,508134.92172651505
2012-06-27,495478.1337797392
2012-06-28,485942.2411808674
2012-06-29,498420.5016763763
2012-07-02,502023.9585883262
2012-07-03,501505.80970719695
2012-07-05,511174.4493240826
2012-07-06,509497.9445952135
2012-07-09,509213.6875115869
2012-07-10,504801.5897404521
2012-07-11,500341.07967309415
2012-07-12,503529.97639225837
2012-07-13,510545.993967352
2012-07-16,508759.4409895518
2012-07-17,514723.10575026716
2012-07-18,518039.2372498971
2012-07-19,516941.34314964863
2012-07-20,509441.41119085666
2012-07-23,506421.2634481623
2012-07-24,503825.75240095024
2012-07-25,506078.85684913717
2012-07-26,514123.1152710632
2012-07-27,519945.74981916865
2012-07-30,518035.1652059295
2012-07-31,515169.35859229055
2012-08-01,512157.3269778987
2012-08-02,519827.3523386486
2012-08-03,529701.8388715046
2012-08-06,530103.697963359
2012-08-07,536820.231715892
2012-08-08,538715.3029699025
2012-08-09,537152.8306336367
2012-08-10,531106.8585638716
2012-08-13,530108.7385001805
2012-08-14,533945.0694746632
2012-08-15,534890.469026399
2012-08-16,543922.4455909084
2012-08-17,547060.366555618
2012-08-20,541158.9355778226
2012-08-21,537912.8017099277
2012-08-22,545490.201049197
2012-08-23,540789.2491671891
2012-08-24,547703.3007100113
2012-08-27,545041.6104186217
2012-08-28,545110.7101674831
2012-08-29,548290.2899215843
2012-08-30,541810.6004798203
2012-08-31,545434.0675248636
2012-09-04,548457.2574197924
2012-09-05,546313.6397894599
2012-09-06,558062.5079827713
2012-09-07,555585.1062586493
2012-09-10,549710.8343822788
2012-09-11,549731.0325471081
2012-09-12,555123.053120218
2012-09-13,564166.382834274
2012-09-14,569012.5790600643
2012-09-17,565164.293312241
2012-09-18,560728.4311256494
2012-09-19,567780.9534097746
2012-09-20,570343.0049281296
2012-09-21,572828.4987473252
2012-09-24,569500.6722178084
2012-09-25,563444.5246782987
2012-09-26,554803.5403117457
2012-09-27,561741.6767994924
2012-09-28,558472.4407740973
2012-10-01,559716.0669623158
2012-10-02,562595.885601677
2012-10-03,573323.7418826665
2012-10-04,579197.3166528542
2012-10-05,577694.913210114
2012-10-08,571718.9443089935
2012-10-09,558682.131366754
2012-10-10,553558.7546961389
2012-10-11,551696.5262106934
2012-10-12,546414.4570703658
2012-10-15,556868.9770824625
2012-10-16,561230.6394977884
2012-10-17,570510.674891917
2012-10-18,570463.9904740753
2012-10-19,567160.0382099268
2012-10-22,566601.1858004199
2012-10-23,554072.4457422936
2012-10-24,559651.096036198
2012-10-25,550281.8039089185
2012-10-26,551230.6194930183
2012-10-31,553319.1783454741
2012-11-01,564141.5695613972
2012-11-02,552667.0928934056
2012-11-05,559320.5080030354
2012-11-06,565496.0941591087
2012-11-07,556190.0019197058
2012-11-08,548685.497254135
2012-11-09,544749.428297138
2012-11-12,541569.6279904229
2012-11-13,542340.0513314545
2012-11-14,526216.634440741
2012-11-15,522890.6470168655
2012-11-16,533308.605422181
2012-11-19,543840.7245124688
2012-11-20,551616.1004531094
2012-11-21,552355.271770501
2012-11-23,558758.6317515915
2012-11-26,557296.1133651071
2012-11-27,552044.2410677125
2012-11-28,554833.6570777441
2012-11-29,552720.2010444029
2012-11-30,552446.9819627197
2012-12-03,550586.1150680663
2012-12-04,546990.3573038457
2012-12-05,547074.4869668076
2012-12-06,547704.4723356295
2012-12-07,553228.3223394675
2012-12-10,552786.3427011969
2012-12-11,552032.6885295121
2012-12-12,558778.6403050971
2012-12-13,555245.2362657117
2012-12-14,554313.3125547809
2012-12-17,567662.7564114031
2012-12-18,578206.3398136056
2012-12-19,575218.7212581378
2012-12-20,578781.0339436521
2012-12-21,572205.4976357103
2012-12-24,571988.0348530046
2012-12-26,570580.3423261751
2012-12-27,570306.0727958739
2012-12-28,564333.6310724544
2012-12-31,577324.6492460677
2013-01-02,596100.9333597072
2013-01-03,587454.61190804
2013-01-04,591870.8299274642
2013-01-07,586346.2872002529
2013-01-08,589847.1611677803
2013-01-09,586870.0420769183
2013-01-10,587953.5813296249
2013-01-11,586999.5397523172
2013-01-14,584035.4694154477
2013-01-15,588291.1183260949
2013-01-16,588129.622332076
2013-01-17,595496.0625079802
2013-01-18,591976.2850903454
2013-01-22,594686.3627590301
2013-01-23,598123.6550064918
2013-01-24,606792.0184992262
2013-01-25,615964.4756539834
2013-01-28,607397.7358070267
2013-01-29,612626.851917023
2013-01-30,611597.8199370288
2013-01-31,613816.1610062652
2013-02-01,620473.0804360083
2013-02-04,609842.6973246055
2013-02-05,618957.2811593098
2013-02-06,618558.4264487396
2013-02-07,617254.9382467904
2013-02-08,622218.4423777711
2013-02-11,621492.0518262037
2013-02-12,629394.1861132428
2013-02-13,630666.5242932242
2013-02-14,654516.5049644196
2013-02-15,655180.6068136417
2013-02-19,656843.3701178628
2013-02-20,631980.1352751689
2013-02-21,633039.923138292
2013-02-22,640761.4802492798
2013-02-25,623150.2165768765
2013-02-26,637159.4650202482
2013-02-27,646854.8684895574
2013-02-28,648190.8258082382
2013-03-01,655579.8617340741
2013-03-04,668391.4762022772
2013-03-05,674317.2696362471
2013-03-06,669746.6382809129
2013-03-07,671594.5233053075
2013-03-08,676157.0303973126
2013-03-11,671002.0854090299
2013-03-12,672840.9158212248
2013-03-13,669786.3513262079
2013-03-14,680321.1868656792
2013-03-15,680277.6478370602
2013-03-18,681949.5573213937
2013-03-19,679273.2126150143
2013-03-20,692723.398531712
2013-03-21,683011.2468162124
2013-03-22,687501.5075999703
2013-03-25,684745.5298838015
2013-03-26,689471.6906646371
2013-03-27,690334.8896945306
2013-03-28,692556.2387327364
2013-04-01,687030.1525121551
2013-04-02,679751.4220918778
2013-04-03,658081.78835292
2013-04-04,659606.1131888282
2013-04-05,662723.5591300803
2013-04-08,670020.1239551357
2013-04-09,673051.3371823938
2013-04-10,671491.9781506206
2013-04-11,674427.8292698559
2013-04-12,668068.2446011895
2013-04-15,639935.4408019065
2013-04-16,653878.7404663875
2013-04-17,642919.3436127476
2013-04-18,638422.449905958
2013-04-19,650213.0163141197
2013-04-22,656117.1049754586
2013-04-23,668339.8733871621
2013-04-24,667464.4930522485
2013-04-25,674118.5592563871
2013-04-26,669479.6212586617
2013-04-29,672240.1428923688
2013-04-30,671295.9228194273
2013-05-01,658718.4590242015
2013-05-02,677343.552664017
2013-05-03,690565.07620711
2013-05-06,696232.9215337948
2013-05-07,694260.192227108
2013-05-08,690990.4300939477
2013-05-09,688601.1985092879
2013-05-10,690198.597189317
2013-05-13,696886.9381472112
2013-05-14,712809.0121554775
2013-05-15,716999.3235665525
2013-05-16,710901.4085302055
2013-05-17,728309.8856930771
2013-05-20,729847.5634943722
2013-05-21,724445.1157806454
2013-05-22,713446.8710071534
2013-05-23,715152.2075784993
2013-05-24,716733.874123344
2013-05-28,722241.4296406618
2013-05-29,715684.9894004269
2013-05-30,722382.6062328856
2013-05-31,713652.2966938859
2013-06-03,707229.1108405995
2013-06-04,694918.246422773
2013-06-05,681273.0008280681
2013-06-06,695902.6797425998
2013-06-07,704089.6668990786
2013-06-10,701930.6820216904
2013-06-11,685991.8458681665
2013-06-12,672384.6129079671
2013-06-13,685046.2757437832
2013-06-14,680365.0061252476
2013-06-17,686291.0118718782
2013-06-18,688960.5266742298
2013-06-19,679350.7644717249
2013-06-20,651849.7122675333
2013-06-21,644550.6306592837
2013-06-24,640827.582701821
2013-06-25,651483.3926425776
2013-06-26,658603.37367266
2013-06-27,659941.9227392708
2013-06-28,656254.1028858179
2013-07-01,662041.3498083383
2013-07-02,654494.2707674595
2013-07-03,649234.2764552705
2013-07-05,653314.622307342
2013-07-08,655131.2791678747
2013-07-09,666566.7700199488
2013-07-10,664653.4811436374
2013-07-11,681486.5614213228
2013-07-12,691867.0933952905
2013-07-15,692730.9316132737
2013-07-16,688478.8295774006
2013-07-17,689845.5816852727
2013-07-18,686939.3926046945
2013-07-19,691787.6819427485
2013-07-22,696814.3438041558
2013-07-23,690029.8379155077
2013-07-24,678166.9005746625
2013-07-25,668739.4867392468
2013-07-26,669841.0125617762
2013-07-29,671237.4854454052
2013-07-30,675709.3049061632
2013-07-31,680626.5224919342
2013-08-01,688222.9548408223
2013-08-02,686988.3197835537
2013-08-05,690773.4178522574
2013-08-06,681780.3492058949
2013-08-07,664137.9617582074
2013-08-08,667556.7665950845
2013-08-09,668745.435197329
2013-08-12,668730.4367332482
2013-08-13,675863.9330202567
2013-08-14,672757.1309846091
2013-08-15,656149.5649981484
2013-08-16,658275.5732854252
2013-08-19,650889.1692413779
2013-08-20,661015.8082571664
2013-08-21,655995.3222170355
2013-08-22,668971.513631096
2013-08-23,671745.3732083896
2013-08-26,672803.5385390675
2013-08-27,653683.158851658
2013-08-28,658007.9736783141
2013-08-29,665382.7005941549
2013-08-30,658481.2862181347
2013-09-03,666729.0538757478
2013-09-04,678200.2375190563
2013-09-05,685148.5886924282
2013-09-06,677852.2812187398
2013-09-09,685469.181861526
2013-09-10,695516.3971439169
2013-09-11,692986.2890125478
2013-09-12,686910.8066003444
2013-09-13,695012.5675198967
2013-09-16,696124.2737997668
2013-09-17,698913.4830200947
2013-09-18,706035.9160828158
2013-09-19,705059.3757074643
2013-09-20,699801.6150090136
2013-09-23,685686.2783788425
2013-09-24,691514.4155834976
2013-09-25,691639.3684180462
2013-09-26,700444.2492992361
2013-09-27,700975.4356828359
2013-09-30,697366.693410531
2013-10-01,711952.5815553915
2013-10-02,708755.5867795929
2013-10-03,704267.7079845758
2013-10-04,714971.2901937409
2013-10-07,701495.9731416072
2013-10-08,682122.3614499092
2013-10-09,681557.4166540116
2013-10-10,701503.332551495
2013-10-11,694686.405507533
2013-10-14,704675.0517179036
2013-10-15,701474.0662687483
2013-10-16,710045.281933583
2013-10-17,718926.2733301363
2013-10-18,722227.1009191872
2013-10-21,728981.3543961659
2013-10-22,725592.5739446785
2013-10-23,724347.8672209063
2013-10-24,727987.3450298306
2013-10-25,727888.6115442533
2013-10-28,724079.7163788103
2013-10-29,740918.2409873146
2013-10-30,738161.4845757596
2013-10-31,742978.0307088896
2013-11-01,748818.939475063
2013-11-04,760043.061423907
2013-11-05,768919.1822236241
2013-11-06,750108.7366524251
2013-11-07,734646.9800318987
2013-11-08,752261.2827280861
2013-11-11,759507.924168309
2013-11-12,763228.4362317935
2013-11-13,766531.228544222
2013-11-14,774993.1849260713
2013-11-15,774951.5175596969
2013-11-18,767027.9889103395
2013-11-19,755825.661513572
2013-11-20,754389.850122517
2013-11-21,763256.0413720377
2013-11-22,774921.9359386689
2013-11-25,774037.386231502
2013-11-26,775683.806472263
2013-11-27,782168.4008275166
2013-11-29,783467.8803556212
2013-12-02,785727.3663555285
2013-12-03,783552.8080345981
2013-12-04,779776.3312460341
2013-12-05,773609.1178687668
2013-12-06,781503.3340232983
2013-12-09,786975.0495247144
2013-12-10,791266.3609534022
2013-12-11,776809.459422864
2013-12-12,782614.9793208921
2013-12-13,786253.0218391872
2013-12-16,788146.5871141287
2013-12-17,788998.7258128015
2013-12-18,788714.058545583
2013-12-19,789375.9202943771
2013-12-20,791485.4641471448
2013-12-23,793976.7259027108
2013-12-24,795805.2725467847
2013-12-26,797282.0610236267
2013-12-27,784486.6411864561
2013-12-30,784317.578869222
2013-12-31,789104.6630518525
2014-01-02,785257.9198805072
2014-01-03,788021.3493752955
2014-01-06,779234.32944975
2014-01-07,781351.5628108432
2014-01-08,798082.8033162988
2014-01-09,797864.2728212625
2014-01-10,804522.5323449303
2014-01-13,790902.7141528624
2014-01-14,802832.8958696733
2014-01-15,800352.8697221957
2014-01-16,784718.3019061178
2014-01-17,776608.1205127285
2014-01-21,787754.8606740254
2014-01-22,796458.3526277182
2014-01-23,805283.7126282387
2014-01-24,787314.4359472237
2014-01-27,773014.9752663741
2014-01-28,785583.3159849852
2014-01-29,775441.0892954691
2014-01-30,787928.1589698297
2014-01-31,784802.9321154394
2014-02-03,768695.010056855
2014-02-04,774385.7501019579
2014-02-05,774612.7802487018
2014-02-06,789510.339258334
2014-02-07,810148.3774942606
2014-02-10,818013.2739887384
2014-02-11,822819.7171655158
2014-02-12,820391.7302754662
2014-02-13,825258.0561146729
2014-02-14,825434.7406366164
2014-02-18,838569.3626834595
2014-02-19,834404.6175371584
2014-02-20,846146.6856916443
2014-02-21,838647.2508990295
2014-02-24,851679.1151626733
2014-02-25,861254.9122302699
2014-02-26,854554.6439643727
2014-02-27,860517.1948697688
2014-02-28,859257.4437760353
2014-03-03,853766.6541444594
2014-03-04,876993.2793069625
2014-03-05,879867.7785200493
2014-03-06,876556.099795885
2014-03-07,867542.716989312
2014-03-10,866333.4163018556
2014-03-11,857839.3023504902
2014-03-12,860957.9133288425
2014-03-13,844559.2932074425
2014-03-14,845742.235753347
2014-03-17,854639.6648324346
2014-03-18,865622.3271531183
2014-03-19,877999.5829741432
2014-03-20,880296.7406649556
2014-03-21,864132.9508039396
2014-03-24,849353.8015214164
2014-03-25,849340.014192321
2014-03-26,829086.6115778425
2014-03-27,822706.8879802176
2014-03-28,816970.8042754616
2014-03-31,832754.5698138314
2014-04-01,848398.8617480823
2014-04-02,846807.9298017286
2014-04-03,823010.9696456331
2014-04-04,795084.485035799
2014-04-07,778981.0500701473
2014-04-08,788554.7566110747
2014-04-09,805724.0383702395
2014-04-10,776018.9065571174
2014-04-11,764137.6674878799
2014-04-14,769224.0292486254
2014-04-15,770847.9547679804
2014-04-16,786696.5889492257
2014-04-17,796926.8288070547
2014-04-21,812383.7903834853
2014-04-22,831510.3436092398
2014-04-23,829728.4350784919
2014-04-24,827856.0641905032
2014-04-25,806722.2808483306
2014-04-28,794772.6301936334
2014-04-29,797919.7987903742
2014-04-30,810445.813838559
2014-05-01,819152.5439015592
2014-05-02,812528.1948478401
2014-05-05,821431.3625389122
2014-05-06,810784.1974162781
2014-05-07,805250.4249940026
2014-05-08,810734.8742631647
2014-05-09,813215.7409884837
2014-05-12,835920.3348212673
2014-05-13,844389.5272969834
2014-05-14,831950.9394254595
2014-05-15,819541.7957865918
2014-05-16,821383.4242601894
2014-05-19,830289.6088802647
2014-05-20,823211.2644188809
2014-05-21,831851.6173534103
2014-05-22,837786.9078783921
2014-05-23,843303.9993714246
2014-05-27,856357.6352408406
2014-05-28,857662.2664522758
2014-05-29,859610.0713589694
2014-05-30,856986.281477949
2014-06-02,862718.2243249079
2014-06-03,860665.0618155556
2014-06-04,864987.6321444869
2014-06-05,863165.221448411
2014-06-06,871095.6711404407
2014-06-09,866559.7321352301
2014-06-10,868584.4630152308
2014-06-11,870256.9445478808
2014-06-12,853769.8034646355
2014-06-13,861257.1114159406
2014-06-16,863309.7078115476
2014-06-17,879011.8768297244
2014-06-18,881085.6163691899
2014-06-19,876188.6391247263
2014-06-20,877301.7500538456
2014-06-23,871831.6027318867
2014-06-24,874455.1485375543
2014-06-25,882818.9660598276
2014-06-26,880660.1408056887
2014-06-27,880973.2233488974
2014-06-30,885088.4181116495
2014-07-01,902692.1688478553
2014-07-02,889592.4968207368
2014-07-03,893283.1799151947
2014-07-07,874276.7204342316
2014-07-08,864983.5109742206
2014-07-09,873242.2068973295
2014-07-10,871208.1487125416
2014-07-11,871873.2378007208
2014-07-14,885565.1033734691
2014-07-15,885674.3726552452
2014-07-16,891869.9360323607
2014-07-17,867595.7291333203
2014-07-18,880771.0256318814
2014-07-21,883435.843005037
2014-07-22,887916.673305405
2014-07-23,896387.0283430091
2014-07-24,897890.3244062392
2014-07-25,892403.278530348
2014-07-28,885738.0927076925
2014-07-29,878063.4180274071
2014-07-30,884389.3798518908
2014-07-31,861895.2178079826
2014-08-01,864157.3539268236
2014-08-04,872143.3145249616
2014-08-05,857841.6160222582
2014-08-06,857319.8161854384
2014-08-07,851067.7296534478
2014-08-08,860098.4461801158
2014-08-11,868123.5664382804
2014-08-12,864214.940591314
2014-08-13,874802.3994336021
2014-08-14,875464.5499902996
2014-08-15,883016.1775466292
2014-08-18,893932.1930790887
2014-08-19,897698.354321453
2014-08-20,907548.3161493086
2014-08-21,908885.5444983552
2014-08-22,907181.6983709419
2014-08-25,912287.9903675233
2014-08-26,913254.7399242098
2014-08-27,912929.4131754182
2014-08-28,910439.43217258
2014-08-29,921185.5983175735
2014-09-02,925324.309268623
2014-09-03,916056.415559637
2014-09-04,920058.5551473824
2014-09-05,928107.6311417473
2014-09-08,927316.9066284837
2014-09-09,915572.382124253
2014-09-10,922566.9338984422
2014-09-11,923008.1020288775
2014-09-12,918109.3814780589
2014-09-15,900128.1193864224
2014-09-16,915416.8285579877
2014-09-17,917609.5963086607
2014-09-18,928103.2060595194
2014-09-19,917920.801677022
2014-09-22,901738.4403961466
2014-09-23,904483.1784010262
2014-09-24,919009.7968475687
2014-09-25,903914.3279120042
2014-09-26,922279.3674837775
2014-09-29,924141.1426130765
2014-09-30,923206.468870678
2014-10-01,900827.3352357058
2014-10-02,904092.4939459657
2014-10-03,918460.5342877259
2014-10-06,911349.5295114786
2014-10-07,893781.2742707981
2014-10-08,907369.303816668
2014-10-09,882437.1128909132
2014-10-10,844640.3133045647
2014-10-13,827624.2398177115
2014-10-14,835267.4561822962
2014-10-15,837114.0934903002
2014-10-16,848188.7581430249
2014-10-17,856320.7656930703
2014-10-20,870903.2254908601
2014-10-21,894718.6713990486
2014-10-22,886103.9456405337
2014-10-23,887810.3654885237
2014-10-24,893711.4011780482
2014-10-27,899670.0707815868
2014-10-28,911580.306988741
2014-10-29,909181.4735016425
2014-10-30,905052.9197863947
2014-10-31,919069.5792500641
2014-11-03,925186.7041159588
2014-11-04,925233.4272701149
2014-11-05,929200.7476598258
2014-11-06,941562.4612190736
2014-11-07,934352.2372241953
2014-11-10,945687.2865706951
2014-11-11,947662.2661320888
2014-11-12,945549.5318857922
2014-11-13,941434.8535653867
2014-11-14,942904.8843752227
2014-11-17,940522.5875001485
2014-11-18,953547.0942143829
2014-11-19,945397.8502459198
2014-11-20,939404.7520939924
2014-11-21,938329.3740142977
2014-11-24,949375.9436597992
2014-11-25,954975.122916687
2014-11-26,968657.2082422554
2014-11-28,975801.7175820717
2014-12-01,948241.5927708253
2014-12-02,957432.312578558
2014-12-03,967225.8980409965
2014-12-04,978224.381309878
2014-12-05,980718.6526854319
2014-12-08,980228.834070741
2014-12-09,979517.4506746118
2014-12-10,973604.2690176142
2014-12-11,981390.5712296297
2014-12-12,970147.6620615134
2014-12-15,962207.4522035681
2014-12-16,950001.5694635627
2014-12-17,962410.0937438511
2014-12-18,979389.5176616646
2014-12-19,982773.3270593261
2014-12-22,989307.5995206166
2014-12-23,979766.8436755772
2014-12-24,984433.6373364386
2014-12-26,988068.0594530528
2014-12-29,989044.4958645918
2014-12-30,983398.8808430827
2014-12-31,982072.4048188751
2015-01-02,983268.5891363429
2015-01-05,968015.4124334247
2015-01-06,951873.0286799194
2015-01-07,965688.5626884543
2015-01-08,993245.1832598272
2015-01-09,991083.244083238
2015-01-12,976707.7219167363
2015-01-13,976728.0797023032
2015-01-14,968384.0657030646
2015-01-15,958952.7892310953
2015-01-16,971256.1144231192
2015-01-20,976215.3809319157
2015-01-21,985088.3225376344
2015-01-22,1001674.0534047845
2015-01-23,1004161.7111377869
2015-01-26,1006557.7519196939
2015-01-27,997688.7220184052
2015-01-28,1004619.414905822
2015-01-29,1010404.2007972375
2015-01-30,988318.655091389
2015-02-02,987475.887278499
2015-02-03,988828.7704613148
2015-02-04,1002792.0832523823
2015-02-05,1018177.6152836387
2015-02-06,1013728.761779142
2015-02-09,996858.8914122211
2015-02-10,1013499.24968069
2015-02-11,1014662.8313407731
2015-02-12,1028143.7903484146
2015-02-13,1029592.1324315524
2015-02-17,1028844.9597649641
2015-02-18,1035274.3330107459
2015-02-19,1030978.256108109
2015-02-20,1033732.1685470283
2015-02-23,1037133.9520668848
2015-02-24,1035830.2353012998
2015-02-25,1029566.2524479694
2015-02-26,1052082.9520582429
2015-02-27,1041433.3081291353
2015-03-02,1051693.534822294
2015-03-03,1043152.078722166
2015-03-04,1045214.9091168933
2015-03-05,1059193.1524676615
2015-03-06,1045960.1706999232
2015-03-09,1049884.7767758148
2015-03-10,1036688.7533220146
2015-03-11,1038215.8039597162
2015-03-12,1055021.1649337502
2015-03-13,1051064.8129587115
2015-03-16,1077088.856447885
2015-03-17,1077563.177094466
2015-03-18,1085414.7865987357
2015-03-19,1089921.915008465
2015-03-20,1094835.0331842352
2015-03-23,1090871.9557991691
2015-03-24,1087381.9346083882
2015-03-25,1055403.9885668072
2015-03-26,1054601.4797294217
2015-03-27,1072590.6120042705
2015-03-30,1084169.9791188966
2015-03-31,1069494.6284110772
2015-04-01,1057129.8884686371
2015-04-02,1051426.9256899604
2015-04-06,1044977.511267577
2015-04-07,1047049.7461600679
2015-04-08,1058939.9965964577
2015-04-09,1060134.3613090627
2015-04-10,1064975.1759783044
2015-04-13,1056306.5580984121
2015-04-14,1046723.0699724432
2015-04-15,1047224.586427981
2015-04-16,1047063.5608604478
2015-04-17,1034624.1809383472
2015-04-20,1045904.6092851299
2015-04-21,1053390.3199100778
2015-04-22,1059882.5046717958
2015-04-23,1058411.6193243186
2015-04-24,1046970.2982327775
2015-04-27,1034552.6755736982
2015-04-28,1025362.4272972492
2015-04-29,1019520.4576666821
2015-04-30,1009436.3776548817
2015-05-01,1036450.5752210468
2015-05-04,1035108.7916597327
2015-05-05,1022999.9394322982
2015-05-06,1024408.6324412599
2015-05-07,1041069.7911582069
2015-05-08,1044077.0003974308
2015-05-11,1045248.7338752972
2015-05-12,1038769.1694804115
2015-05-13,1032201.2229875658
2015-05-14,1048652.7556273153
2015-05-15,1047773.5899120054
2015-05-18,1063420.778995764
2015-05-19,1060857.8891029193
2015-05-20,1048062.5765452089
2015-05-21,1050621.5586878436
2015-05-22,1051551.918491981
2015-05-26,1044224.2518054167
2015-05-27,1070818.4291471243
2015-05-28,1069557.6455915559
2015-05-29,1076747.4147871365
2015-06-01,1079137.849724774
2015-06-02,1069435.5516389809
2015-06-03,1069142.73279277
2015-06-04,1066241.1388181353
2015-06-05,1070890.2075332957
2015-06-08,1056264.624471057
2015-06-09,1056873.4367760553
2015-06-10,1070280.2859944133
2015-06-11,1070493.923983752
2015-06-12,1066884.4833449547
2015-06-15,1066271.3676993584
2015-06-16,1077969.1764261958
2015-06-17,1083829.4338534668
2015-06-18,1101279.0087517467
2015-06-19,1104121.3786232285
2015-06-22,1107715.3888937694
2015-06-23,1107923.855952571
2015-06-24,1101849.2734312967
2015-06-25,1106327.8644587009
2015-06-26,1101373.3647243204
2015-06-29,1074476.1463466452
2015-06-30,1079272.659074904
2015-07-01,1091475.5283293973
2015-07-02,1091134.906693167
2015-07-06,1086703.284158863
2015-07-07,1090085.3776530155
2015-07-08,1070210.9847332647
2015-07-09,1068327.4841672222
2015-07-10,1092726.3097491884
2015-07-13,1098414.2220697145
2015-07-14,1107065.452760321
2015-07-15,1106109.0273590172
2015-07-16,1113450.029118427
2015-07-17,1113682.8532286955
2015-07-20,1122380.4620989305
2015-07-21,1122438.232541302
2015-07-22,1115743.4069741245
2015-07-23,1118312.752511098
2015-07-24,1103516.9074925366
2015-07-27,1092240.3080039483
2015-07-28,1104321.4040998975
2015-07-29,1103341.1668827077
2015-07-30,1103854.2369418794
2015-07-31,1102157.0812175584
2015-08-03,1100638.8386317536
2015-08-04,1084650.679548006
2015-08-05,1098580.1319801367
2015-08-06,1084503.1006117852
2015-08-07,1086404.1878341504
2015-08-10,1089648.535010995
2015-08-11,1081873.23943567
2015-08-12,1080849.8112385091
2015-08-13,1084179.7894455115
2015-08-14,1084017.7462792855
2015-08-17,1092042.7499428326
2015-08-18,1088770.8690529035
2015-08-19,1079898.9843227048
2015-08-20,1056660.3333460838
2015-08-21,1039019.1986000969
2015-08-24,1022673.3484119407
2015-08-25,1016769.0732648398
2015-08-26,1041041.2587812252
2015-08-27,1058279.2213201204
2015-08-28,1061673.7960391373
2015-08-31,1055258.1021348292
2015-09-01,1035548.7066129093
2015-09-02,1043200.1735014127
2015-09-03,1043200.1735014127
2015-09-04,1043200.1735014127
2015-09-08,1043200.1735014127
2015-09-09,1043200.1735014127
2015-09-10,1043200.1735014127
2015-09-11,1043200.1735014127
2015-09-14,1043200.1735014127
2015-09-15,1043200.1735014127
2015-09-16,1043200.1735014127
2015-09-17,1043200.1735014127
2015-09-18,1043200.1735014127
2015-09-21,1043200.1735014127
2015-09-22,1043200.1735014127
2015-09-23,1043200.1735014127
2015-09-24,1043200.1735014127
2015-09-25,1043200.1735014127
2015-09-28,1043200.1735014127
2015-09-29,1043200.1735014127
2015-09-30,1043200.1735014127
2015-10-01,1043200.1735014127
2015-10-02,1043200.1735014127
2015-10-05,1043200.1735014127
2015-10-06,1043200.1735014127
2015-10-07,1043200.1735014127
2015-10-08,1043200.1735014127
2015-10-09,1043200.1735014127
2015-10-12,1043200.1735014127
2015-10-13,1043200.1735014127
2015-10-14,1043200.1735014127
2015-10-15,1043200.1735014127
2015-10-16,1043200.1735014127
2015-10-19,1043200.1735014127
2015-10-20,1043200.1735014127
2015-10-21,1043200.1735014127
2015-10-22,1043200.1735014127
2015-10-23,1043200.1735014127
2015-10-26,1043200.1735014127
2015-10-27,1043200.1735014127
2015-10-28,1043200.1735014127
2015-10-29,1043200.1735014127
2015-10-30,1043200.1735014127
2015-11-02,1043200.1735014127
2015-11-03,1050942.9747775616
2015-11-04,1065101.6525213683
2015-11-05,1072749.0286498195
2015-11-06,1068971.8892508163
2015-11-09,1052614.4174826236
2015-11-10,1053020.7985690278
2015-11-11,1056715.3111118902
2015-11-12,1044275.8446580474
2015-11-13,1022347.2350956736
2015-11-16,1034423.9037679586
2015-11-17,1044389.7481888499
2015-11-18,1061753.1659205311
2015-11-19,1062757.1084430355
2015-11-20,1072953.493486107
2015-11-23,1069590.5571636427
2015-11-24,1061959.960735069
2015-11-25,1067340.5574138297
2015-11-27,1069435.32178381
2015-11-30,1064987.6261211133
2015-12-01,1075280.969339939
2015-12-02,1074553.1791071186
2015-12-03,1054872.0403979358
2015-12-04,1077155.5861007918
2015-12-07,1068592.4282693826
2015-12-08,1075423.226871952
2015-12-09,1055537.1879450178
2015-12-10,1056233.0843424147
2015-12-11,1035667.1818305458
2015-12-14,1049452.7826355805
2015-12-15,1060401.4924970486
2015-12-16,1071745.8416778964
2015-12-17,1056607.439232434
2015-12-18,1039085.4827075724
2015-12-21,1042347.9676078558
2015-12-22,1045812.7975151489
2015-12-23,1047203.7377414557
2015-12-24,1047002.7465392663
2015-12-28,1047973.2122283261
2015-12-29,1058926.9686509885
2015-12-30,1052606.1768125796
2015-12-31,1041485.7104831194
2016-01-04,1015993.0199018996
2016-01-05,1019428.6901792642
2016-01-06,1019428.6901792642
2016-01-07,1019428.6901792642
2016-01-08,1019428.6901792642
2016-01-11,1019428.6901792642
2016-01-12,1019428.6901792642
2016-01-13,1019428.6901792642
2016-01-14,1019428.6901792642
2016-01-15,1019428.6901792642
2016-01-19,1019428.6901792642
2016-01-20,1019428.6901792642
2016-01-21,1019428.6901792642
2016-01-22,1019428.6901792642
2016-01-25,1019428.6901792642
2016-01-26,1019428.6901792642
2016-01-27,1019428.6901792642
2016-01-28,1019428.6901792642
2016-01-29,1019428.6901792642
2016-02-01,1019428.6901792642
2016-02-02,1019428.6901792642
2016-02-03,1019428.6901792642
2016-02-04,1019428.6901792642
2016-02-05,1019428.6901792642
2016-02-08,1019428.6901792642
2016-02-09,1019428.6901792642
2016-02-10,1019428.6901792642
2016-02-11,1019428.6901792642
2016-02-12,1019428.6901792642
2016-02-16,1019428.6901792642
2016-02-17,1019428.6901792642
2016-02-18,1019428.6901792642
2016-02-19,1019428.6901792642
2016-02-22,1019428.6901792642
2016-02-23,1019428.6901792642
2016-02-24,1019428.6901792642
2016-02-25,1019428.6901792642
2016-02-26,1019428.6901792642
2016-02-29,1019428.6901792642
2016-03-01,1019428.6901792642
2016-03-02,1019428.6901792642
2016-03-03,1019428.6901792642
2016-03-04,1019428.6901792642
2016-03-07,1019428.6901792642
2016-03-08,1019428.6901792642
2016-03-09,1019428.6901792642
2016-03-10,1019428.6901792642
2016-03-11,1019428.6901792642
2016-03-14,1019428.6901792642
2016-03-15,1019428.6901792642
2016-03-16,1019428.6901792642
2016-03-17,1019428.6901792642
2016-03-18,1019428.6901792642
2016-03-21,1019428.6901792642
2016-03-22,1019428.6901792642
2016-03-23,1019428.6901792642
2016-03-24,1019428.6901792642
2016-03-28,1019428.6901792642
2016-03-29,1019428.6901792642
2016-03-30,1019428.6901792642
2016-03-31,1019428.6901792642
2016-04-01,1019428.6901792642
2016-04-04,1011036.5628977561
2016-04-05,1003511.6533771812
2016-04-06,1009393.0037524581
2016-04-07,1002094.1099848527
2016-04-08,1002281.3838565046
2016-04-11,1000370.3251934907
2016-04-12,1007998.9171423526
2016-04-13,1010107.5308927979
2016-04-14,1010105.4415127654
2016-04-15,1016981.1806935169
2016-04-18,1016569.7082171208
2016-04-19,999485.2199993108
2016-04-20,995559.582258295
2016-04-21,988173.1838392932
2016-04-22,986244.7930740062
2016-04-25,989612.1539738236
2016-04-26,988214.1095251625
2016-04-27,989670.1359719612
2016-04-28,985883.9026016395
2016-04-29,994171.6600673184
2016-05-02,1001439.2276072312
2016-05-03,1000385.6357329924
2016-05-04,1005196.8123155729
2016-05-05,1006553.9964487158
2016-05-06,1015311.3120385158
2016-05-09,1022885.5847009809
2016-05-10,1029554.8950450938
2016-05-11,1023379.8750599367
2016-05-12,1028683.066527748
2016-05-13,1040570.1420080692
2016-05-16,1044388.8359782777
2016-05-17,1029438.0374472901
2016-05-18,1020249.8982969077
2016-05-19,1016831.4392989102
2016-05-20,1015197.8273243082
2016-05-23,1014426.4739780986
2016-05-24,1022668.9000906307
2016-05-25,1021333.7319446742
2016-05-26,1026092.1286107862
2016-05-27,1027626.3126353198
2016-05-31,1026066.6151859042
2016-06-01,1029337.4667329908
2016-06-02,1031119.0097184826
2016-06-03,1031172.0628996297
2016-06-06,1027685.4273420087
2016-06-07,1028898.1990067322
2016-06-08,1032206.9265738165
2016-06-09,1037021.6165951008
2016-06-10,1029268.8133299019
2016-06-13,1027314.3070093418
2016-06-14,1029317.8527655961
2016-06-15,1026652.3148969619
2016-06-16,1031291.6909732624
2016-06-17,1025065.0808109818
2016-06-20,1028996.2778795371
2016-06-21,1030518.2213186342
2016-06-22,1029542.2177629058
2016-06-23,1037822.7110663228
2016-06-24,1021611.0273674596
2016-06-27,1017822.1770982386
2016-06-28,1028195.9568059779
2016-06-29,1036063.1869531259
2016-06-30,1043601.2537780342
2016-07-01,1042244.540758677
2016-07-05,1047269.4584791819
2016-07-06,1051736.9659629504
2016-07-07,1050216.7947439544
2016-07-08,1067349.7051772457
2016-07-11,1074996.5741985657
2016-07-12,1076401.770277225
2016-07-13,1073901.0890773204
2016-07-14,1075464.6951689578
2016-07-15,1073160.780539342
2016-07-18,1074181.5459411303
2016-07-19,1074741.8188861806
2016-07-20,1079289.8522145294
2016-07-21,1071909.325526021
2016-07-22,1082951.744290519
2016-07-25,1088204.0948976558
2016-07-26,1087197.8193822098
2016-07-27,1077988.5653166939
2016-07-28,1084435.1353046445
2016-07-29,1083692.9074687643
2016-08-01,1083363.6817794384
2016-08-02,1078334.796350274
2016-08-03,1072096.7156677211
2016-08-04,1076347.5759324715
2016-08-05,1069807.611472861
2016-08-08,1069804.8994149347
2016-08-09,1075387.1703928956
2016-08-10,1076026.3197938462
2016-08-11,1079173.3966015251
2016-08-12,1089188.240314007
2016-08-15,1085542.4493115155
2016-08-16,1073085.9259894553
2016-08-17,1073962.8791754935
2016-08-18,1077992.9060019904
2016-08-19,1075798.8660737898
2016-08-22,1076901.1513652238
2016-08-23,1077071.8488344005
2016-08-24,1064687.1613490395
2016-08-25,1063930.1718092933
2016-08-26,1062953.5444980208
2016-08-29,1066664.710873378
2016-08-30,1061705.4087791042
2016-08-31,1060729.8767234322
2016-09-01,1066484.440160454
2016-09-02,1066664.3537426698
2016-09-06,1077505.0117331892
2016-09-07,1073237.3900723488
2016-09-08,1070069.9488915834
2016-09-09,1040198.3230853839
2016-09-12,1051999.0250132363
2016-09-13,1041295.8819838127
2016-09-14,1042676.1385900185
2016-09-15,1052943.2519115421
2016-09-16,1051510.0812045664
2016-09-19,1056682.5287016225
2016-09-20,1054331.4362833786
2016-09-21,1073322.570362669
2016-09-22,1073132.4252727325
2016-09-23,1065298.324267916
2016-09-26,1061979.6890676378
2016-09-27,1069832.9313743375
2016-09-28,1071108.2498124298
2016-09-29,1068276.4785062927
2016-09-30,1074774.4847928714
2016-10-03,1068999.1891110209
2016-10-04,1052603.7945450814
2016-10-05,1053371.9336997187
2016-10-06,1050382.0758363153
2016-10-07,1046925.4678629115
2016-10-10,1048313.4430568444
2016-10-11,1038223.8905086955
2016-10-12,1041087.9896483293
2016-10-13,1035316.5451581714
2016-10-14,1037076.50789672
2016-10-17,1036965.2075641009
2016-10-18,1043491.2612717339
2016-10-19,1042776.9299566414
2016-10-20,1051878.001689292
2016-10-21,1051461.9504094142
2016-10-24,1065195.713759277
2016-10-25,1068117.9864713727
2016-10-26,1066573.017122102
2016-10-27,1055239.6138384885
2016-10-28,1056326.889473967
2016-10-31,1058857.714475089
2016-11-01,1048023.1040009147
2016-11-02,1040047.2765735511
2016-11-03,1037649.4312685315
2016-11-04,1029968.4558654985
2016-11-07,1052959.1369139391
2016-11-08,1057082.65370555
2016-11-09,1055217.8506446467
2016-11-10,1038758.6718933778
2016-11-11,1094228.836815043
2016-11-14,1080931.6548636586
2016-11-15,1093710.3849843044
2016-11-16,1109078.0228763903
2016-11-17,1114532.4172927304
2016-11-18,1116933.049816881
2016-11-21,1125649.40884925
2016-11-22,1131758.0930023114
2016-11-23,1136863.6384482197
2016-11-25,1135250.3212516024
2016-11-28,1131817.3648988795
2016-11-29,1131092.0987313297
2016-11-30,1134119.4828112472
2016-12-01,1107990.639757837
2016-12-02,1119736.987818789
2016-12-05,1138300.797330596
2016-12-06,1139151.4649281604
2016-12-07,1155402.2150319694
2016-12-08,1154529.546466311
2016-12-09,1143998.8029155384
2016-12-12,1133361.1942624957
2016-12-13,1143922.2200595627
2016-12-14,1151117.6704712452
2016-12-15,1158210.1150581695
2016-12-16,1160720.5967669885
2016-12-19,1165089.3955487565
2016-12-20,1176543.3642269375
2016-12-21,1178307.6707866201
2016-12-22,1180639.9360171529
2016-12-23,1192609.2900669056
2016-12-27,1216817.5492826342
2016-12-28,1187305.361394934
2016-12-29,1200876.8102587601
2016-12-30,1179415.5593463634
2017-01-03,1170472.718701555
2017-01-04,1185781.6212219833
2017-01-05,1180768.6191167042
2017-01-06,1181503.7300134848
2017-01-09,1190914.8015796002
2017-01-10,1194188.9206915884
2017-01-11,1195433.6609806097
2017-01-12,1183036.0814032955
2017-01-13,1185043.21226538
2017-01-17,1175687.1865188011
2017-01-18,1184780.1626877906
2017-01-19,1189392.7862202837
2017-01-20,1190911.7539501744
2017-01-23,1196442.3071535677
2017-01-24,1223314.5473130227
2017-01-25,1217746.2805061887
2017-01-26,1213307.2843932232
2017-01-27,1225376.922824837
2017-01-30,1215762.4505091563
2017-01-31,1221177.2006721527
2017-02-01,1234618.4182726648
2017-02-02,1244129.5791226604
2017-02-03,1238039.5846684757
2017-02-06,1241508.9633687488
2017-02-07,1241521.327776914
2017-02-08,1236358.998207988
2017-02-09,1234274.7819325677
2017-02-10,1230640.4460311804
2017-02-13,1218365.4198784707
2017-02-14,1220769.08863999
2017-02-15,1218129.2214597852
2017-02-16,1207161.4030733602
2017-02-17,1204298.5863019174
2017-02-21,1214527.596028492
2017-02-22,1207162.5712414195
2017-02-23,1171124.0181187636
2017-02-24,1169523.095725461
2017-02-27,1184902.6995778421
2017-02-28,1177253.2695317226
2017-03-01,1203745.2742027508
2017-03-02,1180138.7834711014
2017-03-03,1184619.0513218495
2017-03-06,1181637.5975686465
2017-03-07,1181505.2816001433
2017-03-08,1171753.5186422355
2017-03-09,1168269.2894522126
2017-03-10,1169859.1053537757
2017-03-13,1179934.1495879444
2017-03-14,1172612.6148406847
2017-03-15,1182932.2964225246
2017-03-16,1185865.7229082703
2017-03-17,1189299.3943231078
2017-03-20,1199673.3315674737
2017-03-21,1172806.5973879786
2017-03-22,1183159.7255094643
2017-03-23,1181748.5290627233
2017-03-24,1192022.4457133594
2017-03-27,1193465.7437869296
2017-03-28,1197239.2456246237
2017-03-29,1199244.9391923426
2017-03-30,1210008.674329251
2017-03-31,1209369.8857805752
2017-04-03,1205187.6820848428
2017-04-04,1184187.8849717346
2017-04-05,1175948.748597142
2017-04-06,1177388.141705361
2017-04-07,1177127.0444722222
2017-04-10,1163812.3224307976
2017-04-11,1161389.2077546723
2017-04-12,1150330.7899170013
2017-04-13,1140576.327280372
2017-04-14,1140576.327280372
2017-04-17,1156625.7594094058
2017-04-18,1158096.033384288
2017-04-19,1157776.4681800476
2017-04-20,1160968.5406802031
2017-04-21,1157849.682758803
2017-04-24,1161779.351547063
2017-04-25,1171208.4014901659
2017-04-26,1169613.6398508945
2017-04-27,1173911.8688084416
2017-04-28,1169367.8987524768
2017-05-01,1180505.3747164437
2017-05-02,1158158.223684777
2017-05-03,1163946.3015122132
2017-05-04,1162562.2354756591
2017-05-05,1169964.2932889017
2017-05-08,1163469.2408500558
2017-05-09,1166128.4678923453
2017-05-10,1221626.2115258959
2017-05-11,1233269.4094213864
2017-05-12,1238525.357123235
2017-05-15,1257663.4055511046
2017-05-16,1266802.8209536222
2017-05-17,1221369.0232814627
2017-05-18,1238658.5150051399
2017-05-19,1249872.2225195
2017-05-22,1261894.4725779367
2017-05-23,1256963.0768523512
2017-05-24,1265920.7131672918
2017-05-25,1268135.3621849602
2017-05-26,1278789.3727853356
2017-05-30,1293977.7438738446
2017-05-31,1290988.3457751505
2017-06-01,1290599.3440581465
2017-06-02,1289964.1102388639
2017-06-05,1299444.4558422868
2017-06-06,1308125.703987177
2017-06-07,1320535.0861427248
2017-06-08,1360213.1672966646
2017-06-09,1308382.1190144094
2017-06-12,1308673.1748594607
2017-06-13,1318792.2218179796
2017-06-14,1309606.721609104
2017-06-15,1306505.4133052595
2017-06-16,1301443.6729716265
2017-06-19,1332070.4809902415
2017-06-20,1333823.4758708782
2017-06-21,1365939.6259919007
2017-06-22,1367565.0864101404
2017-06-23,1357891.0807693223
2017-06-26,1354039.5853849822
2017-06-27,1318582.6433597915
2017-06-28,1340039.1665175539
2017-06-29,1308310.3135066712
2017-06-30,1291532.9819507545
2017-07-03,1265440.2652939248
2017-07-05,1299250.4987947573
2017-07-06,1295280.2680856825
2017-07-07,1311653.8979131174
2017-07-10,1340933.3507375736
2017-07-11,1354038.1431629828
2017-07-12,1384740.3398362643
2017-07-13,1367628.8588814586
2017-07-14,1391010.4693922421
2017-07-17,1384999.558428285
2017-07-18,1387179.760739621
2017-07-19,1384204.400020319
2017-07-20,1393307.5161216403
2017-07-21,1396648.1793429388
2017-07-24,1392769.6391192568
2017-07-25,1384711.6103220151
2017-07-26,1398902.9727432688
2017-07-27,1370504.785095513
2017-07-28,1362074.2153111163
2017-07-31,1347930.3732480172
2017-08-01,1356779.8717856612
2017-08-02,1349135.8991849143
2017-08-03,1351026.665466683
2017-08-04,1347332.6943929614
2017-08-07,1370399.362858234
2017-08-08,1361633.7529065008
2017-08-09,1361878.0398992538
2017-08-10,1322662.8729733923
2017-08-11,1305032.8420224197
2017-08-14,1352153.25177677
2017-08-15,1354355.5841276862
2017-08-16,1348179.902626726
2017-08-17,1325474.8606534947
2017-08-18,1329310.5640025565
2017-08-21,1317144.9967473878
2017-08-22,1334989.6861928173
2017-08-23,1345665.6192214403
2017-08-24,1342533.9825372358
2017-08-25,1343504.0114758683
2017-08-28,1344682.1493299294
2017-08-29,1344833.8752921799
2017-08-30,1357169.2117287756
2017-08-31,1373758.67740322
2017-09-01,1379730.8542522686
2017-09-05,1356143.076886064
2017-09-06,1353285.7214786354
2017-09-07,1355692.5954254935
2017-09-08,1341719.7941882813
2017-09-11,1362598.9932943298
2017-09-12,1362417.5657189086
2017-09-13,1360205.323075644
2017-09-14,1357360.4134867818
2017-09-15,1394407.4690272354
2017-09-18,1423928.2014406747
2017-09-19,1424029.2145424583
2017-09-20,1427172.6972691328
2017-09-21,1408840.3102869582
2017-09-22,1404117.3366632247
2017-09-25,1372558.0978285717
2017-09-26,1373590.1621763753
2017-09-27,1390870.1481709206
2017-09-28,1388620.336411037
2017-09-29,1397927.1552205612
2017-10-02,1394178.4262322672
2017-10-03,1402509.935522692
2017-10-04,1404654.5256262668
2017-10-05,1405959.721967011
2017-10-06,1405978.5558721283
2017-10-09,1422184.6637040616
2017-10-10,1436230.642974625
2017-10-11,1445783.3857102615
2017-10-12,1451072.729522657
2017-10-13,1462925.7965064016
2017-10-16,1475622.1839461708
2017-10-17,1470650.6410713885
2017-10-18,1469593.013958124
2017-10-19,1467968.246523249
2017-10-20,1469230.5606790744
2017-10-23,1468979.8118063028
2017-10-24,1480437.291549037
2017-10-25,1437378.4447682942
2017-10-26,1439847.2432476915
2017-10-27,1480777.2277923573
2017-10-30,1474816.5977036927
2017-10-31,1486036.377265697
2017-11-01,1481346.4214000078
2017-11-02,1485742.6716318885
2017-11-03,1510737.8960193566
2017-11-06,1529675.8944052863
2017-11-07,1541317.889197081
2017-11-08,1531405.7223887632
2017-11-09,1509729.6643078877
2017-11-10,1543208.2190603383
2017-11-13,1537738.0878075
2017-11-14,1542986.166396713
2017-11-15,1530219.869223915
2017-11-16,1541860.09198723
2017-11-17,1541355.7743755828
2017-11-20,1550021.6826062435
2017-11-21,1559033.6568874414
2017-11-22,1552153.6526911033
2017-11-24,1557599.5557219945
2017-11-27,1555767.4108564497
2017-11-28,1544931.0771967294
2017-11-29,1493958.595116884
2017-11-30,1509767.2862692391
2017-12-01,1492947.61281527
2017-12-04,1427161.2084561733
2017-12-05,1431483.2402640781
2017-12-06,1445942.7300745894
2017-12-07,1466843.617379354
2017-12-08,1462671.1457421214
2017-12-11,1472724.8774975387
2017-12-12,1457780.417747023
2017-12-13,1443361.687527127
2017-12-14,1441250.0073798068
2017-12-15,1460056.7148327339
2017-12-18,1481185.9065794754
2017-12-19,1470304.3493974758
2017-12-20,1471120.5709684275
2017-12-21,1457756.6737714226
2017-12-22,1463522.0976932466
2017-12-26,1470073.26616713
2017-12-27,1468908.4727903528
2017-12-28,1470647.207844141
2017-12-29,1457056.2177450475
2018-01-02,1481889.5321129477
2018-01-03,1527686.4070521186
2018-01-04,1531996.740727899
2018-01-05,1549276.0555090525
2018-01-08,1577436.465175703
2018-01-09,1575506.9704350505
2018-01-10,1577194.4823399973
2018-01-11,1585149.3564661434
2018-01-12,1587486.614069154
2018-01-16,1576881.0142046416
2018-01-17,1598378.589249369
2018-01-18,1594075.9177300343
2018-01-19,1611465.1223667096
2018-01-22,1623856.2076155262
2018-01-23,1648368.4043946108
2018-01-24,1640126.6429415136
2018-01-25,1644639.3554709689
2018-01-26,1675244.4547183444
2018-01-29,1672918.717887593
2018-01-30,1650539.2303839477
2018-01-31,1656411.6707409709
2018-02-01,1632860.5507201038
2018-02-02,1603476.5702108964
2018-02-05,1517830.8096796495
2018-02-06,1557753.9730879993
2018-02-07,1557176.6388966178
2018-02-08,1499031.8656883645
2018-02-09,1554584.3075128524
2018-02-12,1546723.0609361806
2018-02-13,1560900.803813293
2018-02-14,1602536.009053149
2018-02-15,1629108.751878567
2018-02-16,1620464.5956066179
2018-02-20,1638491.2136325699
2018-02-21,1607384.4493893005
2018-02-22,1618229.364887111
2018-02-23,1650213.9990681468
2018-02-26,1655306.9630000533
2018-02-27,1646987.8619501572
2018-02-28,1634026.6655239419
2018-03-01,1598484.634732347
2018-03-02,1629702.670114566
2018-03-05,1639059.5090245486
2018-03-06,1658927.2130107044
2018-03-07,1662853.376971979
2018-03-08,1664981.1975648887
2018-03-09,1692317.8937515542
2018-03-12,1702855.808841151
2018-03-13,1687310.4991183528
2018-03-14,1699896.6086899436
2018-03-15,1699856.6452718286
2018-03-16,1700746.2569253002
2018-03-19,1660166.3291496502
2018-03-20,1691504.91576185
2018-03-21,1687167.3902552358
2018-03-22,1647407.541766979
2018-03-23,1604393.854441049
2018-03-26,1663541.788138512
2018-03-27,1580767.04156099
2018-03-28,1555686.8216449525
2018-03-29,1598761.0692774341
2018-04-02,1547536.2675604222
2018-04-03,1559738.0616463935
2018-04-04,1572981.1429383461
2018-04-05,1569868.0298729541
2018-04-06,1522955.3059920394
2018-04-09,1547979.1919947083
2018-04-10,1594060.996587524
2018-04-11,1590878.930900713
2018-04-12,1625247.6385619307
2018-04-13,1610998.819772033
2018-04-16,1601891.0574398339
2018-04-17,1642913.926302744
2018-04-18,1640832.0031312625
2018-04-19,1596928.697835326
2018-04-20,1587004.812895087
2018-04-23,1568001.6633654123
2018-04-24,1543856.8260350956
2018-04-25,1532802.5031966253
2018-04-26,1574846.3228098087
2018-04-27,1572072.9715651174
2018-04-30,1563334.436648446
2018-05-01,1571444.45538162
2018-05-02,1570770.0908006008
2018-05-03,1594611.0594856993
2018-05-04,1611947.0386980707
2018-05-07,1652372.7034604666
2018-05-08,1655690.3812804755
2018-05-09,1675165.4273142805
2018-05-10,1694642.862048187
2018-05-11,1688513.2940963937
2018-05-14,1694203.145909894
2018-05-15,1664615.7909584253
2018-05-16,1674492.7532148475
2018-05-17,1668388.3076399565
2018-05-18,1678418.122215526
2018-05-21,1677018.4397044776
2018-05-22,1666380.096087087
2018-05-23,1695256.8411804894
2018-05-24,1704960.091558486
2018-05-25,1708839.2734239378
2018-05-29,1706858.7549842033
2018-05-30,1732492.4646613535
2018-05-31,1728101.4695173418
2018-06-01,1765862.2094807434
2018-06-04,1709117.341850293
2018-06-05,1722677.5641430768
2018-06-06,1728324.247459866
2018-06-07,1716199.8617152497
2018-06-08,1721940.0944319398
2018-06-11,1725708.9444055741
2018-06-12,1739456.8463521756
2018-06-13,1748109.5719695736
2018-06-14,1752011.4987445544
2018-06-15,1752753.5329407852
2018-06-18,1758122.716398669
2018-06-19,1749535.6737888723
2018-06-20,1760362.0369885154
2018-06-21,1742950.4836730852
2018-06-22,1705776.936403
2018-06-25,1677519.559752067
2018-06-26,1693451.9870432548
2018-06-27,1668682.3400358132
2018-06-28,1673379.6208441777
2018-06-29,1667394.0870437294
2018-07-02,1673772.704967245
2018-07-03,1644616.6093048172
2018-07-05,1652619.1882666845
2018-07-06,1672434.8408892334
2018-07-09,1673991.8135696917
2018-07-10,1674429.8131270902
2018-07-11,1663549.5592954804
2018-07-12,1688063.9445937865
2018-07-13,1682516.8910186475
2018-07-16,1684263.5436661611
2018-07-17,1687740.009182333
2018-07-18,1684694.2157251902
2018-07-19,1676552.48702409
2018-07-20,1669949.348376274
2018-07-23,1672529.6571771924
2018-07-24,1646518.637228106
2018-07-25,1680935.8998753566
2018-07-26,1661339.6470269896
2018-07-27,1614670.6275531037
2018-07-30,1594373.6772646264
2018-07-31,1608534.6858357808
2018-08-01,1603454.1599712847
2018-08-02,1632338.5312996071
2018-08-03,1625263.445468199
2018-08-06,1645378.3495813697
2018-08-07,1642209.4012750033
2018-08-08,1644666.6809881164
2018-08-09,1655339.0784465796
2018-08-10,1649413.9185671348
2018-08-13,1642318.6878240088
2018-08-14,1655955.0257357482
2018-08-15,1616684.337360946
2018-08-16,1622234.8338612674
2018-08-17,1619279.2398485034
2018-08-20,1631387.5334270606
2018-08-21,1649565.702313916
2018-08-22,1662358.4920896678
2018-08-23,1666815.6771544493
2018-08-24,1684592.5110217696
2018-08-27,1707281.016903174
2018-08-28,1712897.4794306937
2018-08-29,1723764.8956262413
2018-08-30,1724959.6161658056
2018-08-31,1721332.4271362592
2018-09-04,1728130.7463513466
2018-09-05,1676670.636130527
2018-09-06,1660635.1158905986
2018-09-07,1651750.9714164806
2018-09-10,1668805.4943850988
2018-09-11,1682278.8489454493
2018-09-12,1673858.349340195
2018-09-13,1670422.8829898008
2018-09-14,1668775.3586604684
2018-09-17,1624830.526722385
2018-09-18,1645985.6923931076
2018-09-19,1634232.208937974
2018-09-20,1643951.2465849994
2018-09-21,1650250.5471946339
2018-09-24,1673690.7925582798
2018-09-25,1685211.0112081938
2018-09-26,1686273.833665973
2018-09-27,1689499.3440650883
2018-09-28,1691720.6488895554
2018-10-01,1678557.5138376378
2018-10-02,1649984.7317255635
2018-10-03,1647487.4676855619
2018-10-04,1610389.0472794862
2018-10-05,1601105.4623271294
2018-10-08,1580004.7428592683
2018-10-09,1580847.1783058455
2018-10-10,1504548.3354781563
2018-10-11,1489192.8851336373
2018-10-12,1529302.5771348593
2018-10-15,1522105.425243678
2018-10-16,1551528.4984930067
2018-10-17,1562660.7766196185
2018-10-18,1545300.3637789444
2018-10-19,1519524.581302254
2018-10-22,1498240.6213823927
2018-10-23,1490392.0567302918
2018-10-24,1454246.175453811
2018-10-25,1479525.8991670744
2018-10-26,1467763.153911308
2018-10-29,1460608.7480843533
2018-10-30,1477067.9445066378
2018-10-31,1493609.6008476783
2018-11-01,1502549.965295501
2018-11-02,1503370.3441420002
2018-11-05,1503370.3441420002
2018-11-06,1503370.3441420002
2018-11-07,1503370.3441420002
2018-11-08,1503370.3441420002
2018-11-09,1503370.3441420002
2018-11-12,1503370.3441420002
2018-11-13,1503370.3441420002
2018-11-14,1503370.3441420002
2018-11-15,1503370.3441420002
2018-11-16,1503370.3441420002
2018-11-19,1503370.3441420002
2018-11-20,1503370.3441420002
2018-11-21,1503370.3441420002
2018-11-23,1503370.3441420002
2018-11-26,1503370.3441420002
2018-11-27,1503370.3441420002
2018-11-28,1503370.3441420002
2018-11-29,1503370.3441420002
2018-11-30,1503370.3441420002
2018-12-03,1503370.3441420002
2018-12-04,1459646.0833477792
2018-12-06,1472572.629600208
2018-12-07,1434973.5402885438
2018-12-10,1431143.9613731839
2018-12-11,1434126.612285783
2018-12-12,1419226.0300564682
2018-12-13,1410906.27465714
2018-12-14,1404120.8075263528
2018-12-17,1375751.1275845654
2018-12-18,1380369.6190793666
2018-12-19,1376824.2490793667
2018-12-20,1360891.9690793667
2018-12-21,1360855.7677222057
2018-12-24,1360855.7677222057
2018-12-26,1360855.7677222057
2018-12-27,1360855.7677222057
2018-12-28,1360855.7677222057
2018-12-31,1360855.7677222057
2019-01-02,1360855.7677222057
2019-01-03,1360855.7677222057
2019-01-04,1360855.7677222057
2019-01-07,1360855.7677222057
2019-01-08,1360855.7677222057
2019-01-09,1360855.7677222057
2019-01-10,1360855.7677222057
2019-01-11,1360855.7677222057
2019-01-14,1360855.7677222057
2019-01-15,1360855.7677222057
2019-01-16,1360855.7677222057
2019-01-17,1360855.7677222057
2019-01-18,1360855.7677222057
2019-01-22,1360855.7677222057
2019-01-23,1360855.7677222057
2019-01-24,1360855.7677222057
2019-01-25,1360855.7677222057
2019-01-28,1360855.7677222057
2019-01-29,1360855.7677222057
2019-01-30,1360855.7677222057
2019-01-31,1360855.7677222057
2019-02-01,1360855.7677222057
2019-02-04,1360855.7677222057
2019-02-05,1360855.7677222057
2019-02-06,1360855.7677222057
2019-02-07,1360855.7677222057
2019-02-08,1360855.7677222057
2019-02-11,1360855.7677222057
2019-02-12,1360855.7677222057
2019-02-13,1360855.7677222057
2019-02-14,1360855.7677222057
2019-02-15,1360855.7677222057
2019-02-19,1360855.7677222057
2019-02-20,1360855.7677222057
2019-02-21,1360855.7677222057
2019-02-22,1360855.7677222057
2019-02-25,1360855.7677222057
2019-02-26,1360855.7677222057
2019-02-27,1360855.7677222057
2019-02-28,1360855.7677222057
2019-03-01,1360855.7677222057
2019-03-04,1344586.0851763068
2019-03-05,1348753.6165813357
2019-03-06,1337817.9027749936
2019-03-07,1333490.5608690323
2019-03-08,1333457.0786770834
2019-03-11,1345807.9913079783
2019-03-12,1357486.059757995
2019-03-13,1359634.8721884966
2019-03-14,1354979.502668479
2019-03-15,1361091.8117655693
2019-03-18,1363064.479248539
2019-03-19,1381975.3319485679
2019-03-20,1384068.6760450632
2019-03-21,1411709.8883567895
2019-03-22,1391479.692431323
2019-03-25,1393315.1629960197
2019-03-26,1401552.564509667
2019-03-27,1391232.1686738362
2019-03-28,1396184.439598323
2019-03-29,1400150.5852469928
2019-04-01,1405082.8127552108
2019-04-02,1405934.43344446
2019-04-03,1419509.5115886014
2019-04-04,1411768.422201234
2019-04-05,1419805.390157745
2019-04-08,1417938.3683834241
2019-04-09,1409244.2190506083
2019-04-10,1418381.1862194317
2019-04-11,1415570.7698811258
2019-04-12,1416995.5313004116
2019-04-15,1417578.901279881
2019-04-16,1412097.4386712534
2019-04-17,1400169.7115639765
2019-04-18,1403242.457958425
2019-04-22,1407692.4476456596
2019-04-23,1418997.8023664556
2019-04-24,1429831.156591666
2019-04-25,1383499.6920022871
2019-04-26,1382773.1802753655
2019-04-29,1379499.0803981333
2019-04-30,1384165.972407899
2019-05-01,1370678.7996003716
2019-05-02,1391226.2336996784
2019-05-03,1392570.700537205
2019-05-06,1388141.576187486
2019-05-07,1369644.6193664225
2019-05-08,1374032.1044311156
2019-05-09,1370908.1553852581
2019-05-10,1376394.0894709986
2019-05-13,1339133.6377873167
2019-05-14,1358173.3703182542
2019-05-15,1364590.1651689194
2019-05-16,1364966.7658805607
2019-05-17,1353156.8530062682
2019-05-20,1328156.7953104163
2019-05-21,1342097.9306381128
2019-05-22,1342949.4968739608
2019-05-23,1322946.1451184882
2019-05-24,1325146.1276846617
2019-05-28,1342293.2494928173
2019-05-29,1330410.4611068128
2019-05-30,1336731.410396854
2019-05-31,1325075.153697268
2019-06-03,1318636.094231618
2019-06-04,1328726.062776601
2019-06-05,1328726.062776601
2019-06-06,1328726.062776601
2019-06-07,1328726.062776601
2019-06-10,1328726.062776601
2019-06-11,1328726.062776601
2019-06-12,1328726.062776601
2019-06-13,1328726.062776601
2019-06-14,1328726.062776601
2019-06-17,1328726.062776601
2019-06-18,1328726.062776601
2019-06-19,1328726.062776601
2019-06-20,1328726.062776601
2019-06-21,1328726.062776601
2019-06-24,1328726.062776601
2019-06-25,1328726.062776601
2019-06-26,1328726.062776601
2019-06-27,1328726.062776601
2019-06-28,1328726.062776601
2019-07-01,1328726.062776601
2019-07-02,1332536.1966475134
2019-07-03,1343877.618604138
2019-07-05,1346727.9123058876
2019-07-08,1348714.1150044887
2019-07-09,1354948.7270281618
2019-07-10,1360144.8023212925
2019-07-11,1361086.2657863246
2019-07-12,1368683.3576920712
2019-07-15,1378448.4333507307
2019-07-16,1377440.8814910927
2019-07-17,1370619.6491845346
2019-07-18,1380806.6455850736
2019-07-19,1371787.0878458493
2019-07-22,1376767.0652577141
2019-07-23,1381109.8274494237
2019-07-24,1388829.5792564643
2019-07-25,1380673.4185941538
2019-07-26,1391207.828121021
2019-07-29,1387807.8009393776
2019-07-30,1385168.3449576448
2019-07-31,1357579.3205201023
2019-08-01,1357717.9949875837
2019-08-02,1350743.8831674766
2019-08-05,1323066.3589985059
2019-08-06,1339037.942238963
2019-08-07,1342038.6194837594
2019-08-08,1356950.155224526
2019-08-09,1360364.2289830076
2019-08-12,1352894.3686263543
2019-08-13,1366164.7963019747
2019-08-14,1343384.8975297743
2019-08-15,1353099.6663752345
2019-08-16,1363633.198652049
2019-08-19,1368240.0372990996
2019-08-20,1366790.2236037948
2019-08-21,1376396.4138872346
2019-08-22,1391597.637072227
2019-08-23,1370094.2863193632
2019-08-26,1382653.5389036254
2019-08-27,1387028.3494885075
2019-08-28,1394310.638234092
2019-08-29,1397786.794717296
2019-08-30,1395491.1767499761
2019-09-03,1391418.2201697933
2019-09-04,1399236.0901715274
2019-09-05,1397819.128283105
2019-09-06,1396891.7254176459
2019-09-09,1360098.4946932031
2019-09-10,1317698.5236869433
2019-09-11,1317673.998363256
2019-09-12,1326844.8764447754
2019-09-13,1311964.345653237
2019-09-16,1310645.349841012
2019-09-17,1333929.2017456768
2019-09-18,1335924.8775719537
2019-09-19,1332963.8352006304
2019-09-20,1329602.106782339
2019-09-23,1332141.8496277328
2019-09-24,1328108.2850447178
2019-09-25,1325874.0929325959
2019-09-26,1327822.704302171
2019-09-27,1315597.4934677198
2019-09-30,1324318.6632684912
2019-10-01,1313517.011037539
2019-10-02,1297334.8357463584
2019-10-03,1312703.700227605
2019-10-04,1324829.3482715068
2019-10-07,1321821.3468981998
2019-10-08,1312252.6609053588
2019-10-09,1325166.6793068836
2019-10-10,1330950.1021120334
2019-10-11,1326988.5587298889
2019-10-14,1329346.212311296
2019-10-15,1325637.5129709893
2019-10-16,1316985.561501614
2019-10-17,1327170.3926849125
2019-10-18,1333308.4665307177
2019-10-21,1334598.1394516951
2019-10-22,1309299.282034913
2019-10-23,1301460.2655040864
2019-10-24,1302731.3799592478
2019-10-25,1295745.151663341
2019-10-28,1292281.5031974674
2019-10-29,1293130.5091034777
2019-10-30,1301903.460689722
2019-10-31,1297884.2219814877
2019-11-01,1289161.2989967125
2019-11-04,1276173.7778384993
2019-11-05,1265687.651658793
2019-11-06,1269269.5480687253
2019-11-07,1265122.494495025
2019-11-08,1266006.0464640683
2019-11-11,1272732.7638894368
2019-11-12,1277789.8578062416
2019-11-13,1283971.5243196702
2019-11-14,1291067.3292123151
2019-11-15,1300992.3942564593
2019-11-18,1305032.7748833834
2019-11-19,1305246.7888218723
2019-11-20,1304473.9365727056
2019-11-21,1288030.0313355802
2019-11-22,1280692.2896486826
2019-11-25,1295012.8558452458
2019-11-26,1302645.7613826336
2019-11-27,1305532.5352822125
2019-11-29,1299795.963516602
2019-12-02,1288421.2867061286
2019-12-03,1286701.6628359072
2019-12-04,1294507.0216965203
2019-12-05,1292810.5456087715
2019-12-06,1298937.2364404148
2019-12-09,1291512.8391024508
2019-12-10,1293933.993982001
2019-12-11,1305463.9019453372
2019-12-12,1325852.2653188535
2019-12-13,1322264.8030231588
2019-12-16,1326773.925472305
2019-12-17,1336177.446351579
2019-12-18,1330141.9630504204
2019-12-19,1337717.5816766662
2019-12-20,1346134.0401983652
2019-12-23,1345636.086026162
2019-12-24,1351218.9309953966
2019-12-26,1355457.0312448482
2019-12-27,1352181.2126197459
2019-12-30,1347579.458088009
2019-12-31,1350016.7763199625
2020-01-02,1373435.9027777747
2020-01-03,1364826.5957712783
2020-01-06,1353389.1704979243
2020-01-07,1358185.4188207116
2020-01-08,1355318.816275704
2020-01-09,1364252.0499115863
2020-01-10,1355998.7496664254
2020-01-13,1365135.560035755
2020-01-14,1365871.2783806953
2020-01-15,1360678.2891529524
2020-01-16,1374082.382869251
2020-01-17,1378832.538179991
2020-01-21,1373058.8909105053
2020-01-22,1380051.241868677
2020-01-23,1383954.6139267155
2020-01-24,1367036.7931401338
2020-01-27,1347991.3310540675
2020-01-28,1370357.6652339797
2020-01-29,1352542.745110476
2020-01-30,1368398.2426962126
2020-01-31,1338075.821764894
2020-02-03,1352071.4996918845
2020-02-04,1378824.3257431071
2020-02-05,1376555.748226982
2020-02-06,1376707.072066459
2020-02-07,1362053.8682756776
2020-02-10,1378332.0327924031
2020-02-11,1390474.9557227078
2020-02-12,1402848.9820356658
2020-02-13,1408522.4639994374
2020-02-14,1407740.358942195
2020-02-18,1397559.910906163
2020-02-19,1417002.9888813286
2020-02-20,1396365.590300527
2020-02-21,1361473.7712850233
2020-02-24,1316923.6209494642
2020-02-25,1284682.247024022
2020-02-26,1286835.694453865
2020-02-27,1260218.5162216949
2020-02-28,1267556.3033357712
2020-03-02,1290661.4547261205
2020-03-03,1263264.1733571452
2020-03-04,1310638.2192681355
2020-03-05,1274110.3799931677
2020-03-06,1250539.1170029973
2020-03-09,1172710.6487250882
2020-03-10,1200944.8536586408
2020-03-11,1196997.9026550427
2020-03-12,1157496.776784828
2020-03-13,1180692.8225386408
2020-03-16,1163773.4145796564
2020-03-17,1174107.6210463312
2020-03-18,1165110.01408222
2020-03-19,1167392.0165694025
2020-03-20,1166707.4195540217
2020-03-23,1173325.2155745295
2020-03-24,1188256.0215437678
2020-03-25,1183072.6210463312
2020-03-26,1192428.8175642756
2020-03-27,1189429.6235335139
2020-03-30,1193602.4195540217
2020-03-31,1185843.616071966
2020-04-01,1179910.417066839
2020-04-02,1178926.6682757256
2020-04-03,1178926.6682757256
2020-04-06,1178926.6682757256
2020-04-07,1178926.6682757256
2020-04-08,1178926.6682757256
2020-04-09,1178926.6682757256
2020-04-13,1178926.6682757256
2020-04-14,1178926.6682757256
2020-04-15,1178926.6682757256
2020-04-16,1178926.6682757256
2020-04-17,1178926.6682757256
2020-04-20,1178926.6682757256
2020-04-21,1178926.6682757256
2020-04-22,1178926.6682757256
2020-04-23,1178926.6682757256
2020-04-24,1178926.6682757256
2020-04-27,1178926.6682757256
2020-04-28,1178926.6682757256
2020-04-29,1178926.6682757256
2020-04-30,1178926.6682757256
2020-05-01,1178926.6682757256
2020-05-04,1178926.6682757256
2020-05-05,1178926.6682757256
2020-05-06,1178926.6682757256
2020-05-07,1178926.6682757256
2020-05-08,1178926.6682757256
2020-05-11,1178926.6682757256
2020-05-12,1178926.6682757256
2020-05-13,1178926.6682757256
2020-05-14,1178926.6682757256
2020-05-15,1178926.6682757256
2020-05-18,1178926.6682757256
2020-05-19,1178926.6682757256
2020-05-20,1178926.6682757256
2020-05-21,1178926.6682757256
2020-05-22,1178926.6682757256
2020-05-26,1178926.6682757256
2020-05-27,1178926.6682757256
2020-05-28,1178926.6682757256
2020-05-29,1178926.6682757256
2020-06-01,1178926.6682757256
2020-06-02,1176010.8531185167
2020-06-03,1160464.1608024952
2020-06-04,1158033.450479971
2020-06-05,1166487.1950759816
2020-06-08,1168572.3377762982
2020-06-09,1174053.394543689
2020-06-10,1180531.5169195125
2020-06-11,1146838.7844213576
2020-06-12,1145824.796593299
2020-06-15,1155162.6000775862
2020-06-16,1156019.9109174784
2020-06-17,1158670.1436670222
2020-06-18,1155241.2608936
2020-06-19,1170964.2942743406
2020-06-22,1172489.2008970103
2020-06-23,1170061.2975734465
2020-06-24,1151478.945751698
2020-06-25,1156717.9798332583
2020-06-26,1142500.2137512995
2020-06-29,1146872.2958191966
2020-06-30,1161477.1357628603
2020-07-01,1161105.6409200032
2020-07-02,1167002.9342192074
2020-07-06,1178839.2163993877
2020-07-07,1179487.3952457423
2020-07-08,1197839.635055718
2020-07-09,1216312.9255347704
2020-07-10,1206335.1117029523
2020-07-13,1167125.8403678322
2020-07-14,1184953.5179377468
2020-07-15,1182524.1433237854
2020-07-16,1176412.6075314926
2020-07-17,1185115.6931086313
2020-07-20,1205758.1272914335
2020-07-21,1194363.407984985
2020-07-22,1208170.0506528285
2020-07-23,1194194.2891071604
2020-07-24,1207256.776688063
2020-07-27,1218982.009226845
2020-07-28,1204719.1698552105
2020-07-29,1233941.0722096576
2020-07-30,1241694.4882441463
2020-07-31,1250638.1392428437
2020-08-03,1267098.669546141
2020-08-04,1290225.3937122826
2020-08-05,1292097.3537035699
2020-08-06,1294873.1867499896
2020-08-07,1288280.4369370167
2020-08-10,1269195.1136417717
2020-08-11,1233002.9604540481
2020-08-12,1267103.6163850538
2020-08-13,1271247.8379197828
2020-08-14,1268018.5105251656
2020-08-17,1288308.5267673372
2020-08-18,1284073.3202197338
2020-08-19,1280449.6272758818
2020-08-20,1285404.4977915105
2020-08-21,1294134.7534440602
2020-08-24,1295481.8391171503
2020-08-25,1308958.9420228126
2020-08-26,1312583.243382079
2020-08-27,1306430.8693730058
2020-08-28,1311610.4083700515
2020-08-31,1331010.0633275341
2020-09-01,1340218.6083975574
2020-09-02,1359480.6797700133
2020-09-03,1281655.143040528
2020-09-04,1262083.248362334
2020-09-08,1224102.143078382
2020-09-09,1255776.6097958547
2020-09-10,1232498.5961327087
2020-09-11,1219421.1448522932
2020-09-14,1238285.480508422
2020-09-15,1242967.4621466845
2020-09-16,1226273.048553431
2020-09-17,1219654.778256639
2020-09-18,1211885.7614115595
2020-09-21,1225138.5571777055
2020-09-22,1228990.6923321316
2020-09-23,1209791.5532229696
2020-09-24,1214524.5831201682
2020-09-25,1234297.0068292306
2020-09-28,1240347.7945396379
2020-09-29,1247874.8901938228
2020-09-30,1256161.7393087586
2020-10-01,1264449.0941358202
2020-10-02,1243229.0680278325
2020-10-05,1279023.7054624134
2020-10-06,1261641.9909670064
2020-10-07,1288737.882227205
2020-10-08,1282597.2419035216
2020-10-09,1285127.4300032207
2020-10-12,1303475.8824319544
2020-10-13,1317388.222980206
2020-10-14,1303360.0347978962
2020-10-15,1297697.1406190093
2020-10-16,1296930.3292205452
2020-10-19,1280797.2916539256
2020-10-20,1277384.332632123
2020-10-21,1262489.5817278915
2020-10-22,1260005.1067473479
2020-10-23,1274678.4367491265
2020-10-26,1270755.3426997089
2020-10-27,1264196.7710506716
2020-10-28,1222400.2373074621
2020-10-29,1227546.0977590368
2020-10-30,1191965.1888567992
2020-11-02,1198285.4847251722
2020-11-03,1215946.1096668201
2020-11-04,1265581.7881698536
2020-11-05,1294451.124904921
2020-11-06,1307272.9269054034
2020-11-09,1243172.398917528
2020-11-10,1214150.3689840273
2020-11-11,1253246.3361688165
2020-11-12,1243137.9897108325
2020-11-13,1239862.1093821777
2020-11-16,1250680.2498646677
2020-11-17,1244897.3339618847
2020-11-18,1233110.2789867513
2020-11-19,1247408.1728361784
2020-11-20,1240741.7474719253
2020-11-23,1248224.9479549865
2020-11-24,1243721.412138417
2020-11-25,1263549.4195581102
2020-11-27,1280207.3602516241
2020-11-30,1297764.8608979506
2020-12-01,1298570.3425932736
2020-12-02,1291207.0553330716
2020-12-03,1284445.0285515785
2020-12-04,1292679.7061725897
2020-12-07,1295764.054428585
2020-12-08,1299849.597680699
2020-12-09,1273848.7370503969
2020-12-10,1289671.6795544159
2020-12-11,1296363.9519352925
2020-12-14,1318382.4641207082
2020-12-15,1335540.7394652679
2020-12-16,1346264.9348990351
2020-12-17,1362261.8507886329
2020-12-18,1367041.4131865976
2020-12-21,1358458.9594192088
2020-12-22,1373607.1512998166
2020-12-23,1355138.1750955766
2020-12-24,1355351.7670719498
2020-12-28,1337786.8334073483
2020-12-29,1333078.808621309
2020-12-30,1346759.7799324277
2020-12-31,1343764.9149322168
2021-01-04,1331255.780977658
2021-01-05,1346239.66889535
2021-01-06,1327688.1620387528
2021-01-07,1366541.2038093396
2021-01-08,1384583.13139151
2021-01-11,1383668.1047169382
2021-01-12,1409623.7314561883
2021-01-13,1410280.259729567
2021-01-14,1407718.2477414699
2021-01-15,1383301.9582339183
2021-01-19,1412645.3375709795
2021-01-20,1408625.968476921
2021-01-21,1419400.1753367782
2021-01-22,1422435.9534634205
2021-01-25,1424431.650510427
2021-01-26,1412136.6532078325
2021-01-27,1365602.7163084268
2021-01-28,1371902.3062684897
2021-01-29,1348820.525273798
2021-02-01,1377449.4850494012
2021-02-02,1407325.634662464
2021-02-03,1402572.4924147022
2021-02-04,1422086.8310683598
2021-02-05,1430156.6714583524
2021-02-08,1464374.5158983087
2021-02-09,1458250.6374137215
2021-02-10,1455462.328605099
2021-02-11,1464877.511440121
2021-02-12,1486935.0826089918
2021-02-16,1472611.8761376464
2021-02-17,1449064.3083231733
2021-02-18,1425518.448294866
2021-02-19,1443522.6172303872
2021-02-22,1379196.349142124
2021-02-23,1357901.612267267
2021-02-24,1376826.8431717341
2021-02-25,1319023.7348922952
2021-02-26,1354240.705402246
2021-03-01,1397422.2595081788
2021-03-02,1364489.643206334
2021-03-03,1294888.7220811306
2021-03-04,1259723.6050177403
2021-03-05,1262887.4723529376
2021-03-08,1245121.7642929803
2021-03-09,1270535.9932064975
2021-03-10,1270034.5023032902
2021-03-11,1291679.4278320468
2021-03-12,1289757.9536346518
2021-03-15,1291478.2179912943
2021-03-16,1284103.353575778
2021-03-17,1287846.6118586238
2021-03-18,1271228.5121629816
2021-03-19,1278535.8473364655
2021-03-22,1284456.7932608977
2021-03-23,1283783.1517026732
2021-03-24,1258481.5010109479
2021-03-25,1255670.6594422325
2021-03-26,1265767.2753087408
2021-03-29,1256615.384366126
2021-03-30,1259595.2852850202
2021-03-31,1266201.747821902
2021-04-01,1275335.5136999364
2021-04-05,1237247.8924873471
2021-04-06,1251829.6282560201
2021-04-07,1247429.986553427
2021-04-08,1267863.2388868178
2021-04-09,1268824.395088656
2021-04-12,1261405.0699841005
2021-04-13,1280933.077549097
2021-04-14,1266137.373250087
2021-04-15,1269935.039682303
2021-04-16,1271578.9547842476
2021-04-19,1251632.260806318
2021-04-20,1244424.0217552916
2021-04-21,1260480.4867665684
2021-04-22,1257617.0979895128
2021-04-23,1268511.028578762
2021-04-26,1261306.7402162072
2021-04-27,1266183.4350206796
2021-04-28,1268755.201377989
2021-04-29,1257035.1536914678
2021-04-30,1249906.5603966257
2021-05-03,1239920.6403728316
2021-05-04,1223494.7722859944
2021-05-05,1232802.0795162965
2021-05-06,1190877.4583485967
2021-05-07,1215547.4706829104
2021-05-10,1197016.601827398
2021-05-11,1178261.7983156662
2021-05-12,1146777.3106790455
2021-05-13,1150136.2169697597
2021-05-14,1169333.1618391904
2021-05-17,1176355.0403715293
2021-05-18,1175927.6200203816
2021-05-19,1164500.8613683202
2021-05-20,1171465.127117995
2021-05-21,1166642.0209585996
2021-05-24,1174160.3347685914
2021-05-25,1179353.8862921437
2021-05-26,1183269.6482800117
2021-05-27,1186314.2469930474
2021-05-28,1184631.0851603898
2021-06-01,1188224.1018993289
2021-06-02,1171890.5144588826
2021-06-03,1159053.321073393
2021-06-04,1166094.8806833294
2021-06-07,1174450.1036212603
2021-06-08,1183578.245510898
2021-06-09,1172090.8804685762
2021-06-10,1171244.813438342
2021-06-11,1182032.6830721807
2021-06-14,1171336.5837498016
2021-06-15,1166380.4393500525
2021-06-16,1172337.8938964768
2021-06-17,1161579.6004323019
2021-06-18,1154575.7538138288
2021-06-21,1167509.9459336025
2021-06-22,1178161.6115210494
2021-06-23,1190182.349410249
2021-06-24,1193984.0475770244
2021-06-25,1190775.1462916243
2021-06-28,1193324.1206645318
2021-06-29,1193231.0165485793
2021-06-30,1200503.249721313
2021-07-01,1201403.6855817053
2021-07-02,1199711.7552905441
2021-07-06,1180795.9470220988
2021-07-07,1168908.3989037592
2021-07-08,1165789.3484173906
2021-07-09,1191962.2082009707
2021-07-12,1211048.1904104508
2021-07-13,1194827.2627392923
2021-07-14,1177850.5226622233
2021-07-15,1170309.1919034077
2021-07-16,1154172.4371704503
2021-07-19,1136273.7325468867
2021-07-20,1154053.7718330272
2021-07-21,1158652.4848127677
2021-07-22,1157661.2115212004
2021-07-23,1159872.799103059
2021-07-26,1160699.2792783072
2021-07-27,1156232.1353146303
2021-07-28,1157927.4392380728
2021-07-29,1169005.601966965
2021-07-30,1168414.5409481577
2021-08-02,1170937.5155608724
2021-08-03,1196846.2314891585
2021-08-04,1187756.180657484
2021-08-05,1198095.9430678764
2021-08-06,1198605.1090971131
2021-08-09,1221758.5806771477
2021-08-10,1220598.9192740312
2021-08-11,1206515.0288758674
2021-08-12,1209201.1942565693
2021-08-13,1192261.0010350444
2021-08-16,1176952.3982901804
2021-08-17,1165269.8853593334
2021-08-18,1158751.9586988909
2021-08-19,1153068.8191294824
2021-08-20,1166911.8917075796
2021-08-23,1198725.5062033734
2021-08-24,1211798.7657723797
2021-08-25,1221820.4986693605
2021-08-26,1218881.052597184
2021-08-27,1231546.9106427862
2021-08-30,1217258.4746844124
2021-08-31,1211961.5490909868
2021-09-01,1207526.5460504552
2021-09-02,1213481.297038581
2021-09-03,1214634.921309532
2021-09-07,1213820.9609232894
2021-09-08,1193676.7951363493
2021-09-09,1211400.437693901
2021-09-10,1206753.9691442733
2021-09-13,1204661.34073425
2021-09-14,1200138.814448334
2021-09-15,1221378.4750883128
2021-09-16,1226951.1911761581
2021-09-17,1225109.3421906314
2021-09-20,1191153.2280904963
2021-09-21,1198488.9290807978
2021-09-22,1218881.4529213954
2021-09-23,1242786.2127292135
2021-09-24,1238027.740872987
2021-09-27,1246777.3729355305
2021-09-28,1230792.3008821777
2021-09-29,1228994.9504974803
2021-09-30,1212667.4265312823
2021-10-01,1212869.656488369
2021-10-04,1214424.5742021045
2021-10-05,1234864.6244003414
2021-10-06,1209513.4412173321
2021-10-07,1215933.9786397927
2021-10-08,1227540.8960325706
2021-10-11,1222814.4858423565
2021-10-12,1225551.2463131454
2021-10-13,1229704.2461079278
2021-10-14,1244675.0245080856
2021-10-15,1243191.239638046
2021-10-18,1256935.5134499602
2021-10-19,1257059.794979173
2021-10-20,1266834.278467635
2021-10-21,1255729.779662462
2021-10-22,1263009.2535458507
2021-10-25,1282258.2217793332
2021-10-26,1289991.5225481812
2021-10-27,1259147.9140707438
2021-10-28,1277755.1582699658
2021-10-29,1277765.4483909702
2021-11-01,1302780.117101418
2021-11-02,1306608.4240530357
2021-11-03,1299205.4075905313
2021-11-04,1280774.1380844698
2021-11-05,1284096.580940194
2021-11-08,1295737.5551065702
2021-11-09,1287052.9822446846
2021-11-10,1252869.4797661449
2021-11-11,1262382.8631165007
2021-11-12,1264634.0201877947
2021-11-15,1267005.1273936809
2021-11-16,1269872.8992241116
2021-11-17,1247628.690217255
2021-11-18,1253697.6152965059
2021-11-19,1221410.6671733838
2021-11-22,1227611.2922554035
2021-11-23,1257275.7276678875
2021-11-24,1273988.1862782186
2021-11-26,1234165.148172546
2021-11-29,1252216.305040268
2021-11-30,1228460.1618576862
2021-12-01,1203452.2298556294
2021-12-02,1222377.1685262714
2021-12-03,1209528.8525071412
2021-12-06,1192825.3084937136
2021-12-07,1230341.1544546285
2021-12-08,1225394.5867530722
2021-12-09,1210196.626182419
2021-12-10,1220638.3917444125
2021-12-13,1191982.621249569
2021-12-14,1183031.3437375054
2021-12-15,1181504.4677888826
2021-12-16,1184937.5565432843
2021-12-17,1173277.4357891707
2021-12-20,1158743.5154795842
2021-12-21,1185749.6902024467
2021-12-22,1193392.2402979105
2021-12-23,1192152.0000409458
2021-12-27,1213444.612562229
2021-12-28,1211383.288693799
2021-12-29,1209439.5843153526
2021-12-30,1203864.032377365
2021-12-31,1206702.277433005
2022-01-03,1221253.7132105636
2022-01-04,1250545.2929368024
2022-01-05,1217326.9074847002
2022-01-06,1237060.5958842996
2022-01-07,1237627.951300316
2022-01-10,1238324.4435524836
2022-01-11,1251238.28662387
2022-01-12,1253732.376474263
2022-01-13,1247462.4797351046
2022-01-14,1260729.5281883557
2022-01-18,1252915.7315376222
2022-01-19,1232664.5252335053
2022-01-20,1219994.4864184158
2022-01-21,1194463.601089829
2022-01-24,1203652.0263235753
2022-01-25,1234052.507867919
2022-01-26,1237818.4482113712
2022-01-27,1240689.9431481252
2022-01-28,1239789.9442141086
2022-01-31,1229856.8950295928
2022-02-01,1252604.4900569727
2022-02-02,1262773.387215797
2022-02-03,1246943.736119151
2022-02-04,1262317.7469087078
2022-02-07,1259270.7383147816
2022-02-08,1254161.8047619003
2022-02-09,1285234.954984816
2022-02-10,1280547.8410834367
2022-02-11,1281302.1963107036
2022-02-14,1260166.453954947
2022-02-15,1270457.7252593734
2022-02-16,1288542.6377665661
2022-02-17,1284910.0259923793
2022-02-18,1279913.28018194
2022-02-22,1253220.4520836577
2022-02-23,1253090.0196220388
2022-02-24,1260930.0382192458
2022-02-25,1294821.9395139737
2022-02-28,1334818.2904706842
2022-03-01,1331655.6582339932
2022-03-02,1343267.4920727476
2022-03-03,1343267.4920727476
2022-03-04,1343267.4920727476
2022-03-07,1343267.4920727476
2022-03-08,1343267.4920727476
2022-03-09,1343267.4920727476
2022-03-10,1343267.4920727476
2022-03-11,1343267.4920727476
2022-03-14,1343267.4920727476
2022-03-15,1343267.4920727476
2022-03-16,1343267.4920727476
2022-03-17,1343267.4920727476
2022-03-18,1343267.4920727476
2022-03-21,1343267.4920727476
2022-03-22,1343267.4920727476
2022-03-23,1343267.4920727476
2022-03-24,1343267.4920727476
2022-03-25,1343267.4920727476
2022-03-28,1343267.4920727476
2022-03-29,1343267.4920727476
2022-03-30,1343267.4920727476
2022-03-31,1343267.4920727476
2022-04-01,1343267.4920727476
2022-04-04,1334478.986844318
2022-04-05,1311312.547468904
2022-04-06,1307651.4577630074
2022-04-07,1330617.247805908
2022-04-08,1372012.3955843193
2022-04-11,1333887.9098097372
2022-04-12,1362774.4119164348
2022-04-13,1372877.2553915523
2022-04-14,1370350.9444059718
2022-04-18,1388773.2878501872
2022-04-19,1377429.213037017
2022-04-20,1388616.5476124466
2022-04-21,1332813.6531687377
2022-04-22,1293676.0517971604
2022-04-25,1258601.7479801981
2022-04-26,1261168.1215906253
2022-04-27,1270357.8848417765
2022-04-28,1280271.0646296814
2022-04-29,1266687.9872604378
2022-05-02,1273568.4130835736
2022-05-03,1268085.3471405795
2022-05-04,1268085.3471405795
2022-05-05,1268085.3471405795
2022-05-06,1268085.3471405795
2022-05-09,1268085.3471405795
2022-05-10,1268085.3471405795
2022-05-11,1268085.3471405795
2022-05-12,1268085.3471405795
2022-05-13,1268085.3471405795
2022-05-16,1268085.3471405795
2022-05-17,1268085.3471405795
2022-05-18,1268085.3471405795
2022-05-19,1268085.3471405795
2022-05-20,1268085.3471405795
2022-05-23,1268085.3471405795
2022-05-24,1268085.3471405795
2022-05-25,1268085.3471405795
2022-05-26,1268085.3471405795
2022-05-27,1268085.3471405795
2022-05-31,1268085.3471405795
2022-06-01,1268085.3471405795
2022-06-02,1268085.3471405795
2022-06-03,1268085.3471405795
2022-06-06,1268085.3471405795
2022-06-07,1268085.3471405795
2022-06-08,1268085.3471405795
2022-06-09,1268085.3471405795
2022-06-10,1268085.3471405795
2022-06-13,1268085.3471405795
2022-06-14,1268085.3471405795
2022-06-15,1268085.3471405795
2022-06-16,1268085.3471405795
2022-06-17,1268085.3471405795
2022-06-21,1268085.3471405795
2022-06-22,1268085.3471405795
2022-06-23,1268085.3471405795
2022-06-24,1268085.3471405795
2022-06-27,1268085.3471405795
2022-06-28,1268085.3471405795
2022-06-29,1268085.3471405795
2022-06-30,1268085.3471405795
2022-07-01,1268085.3471405795
2022-07-05,1268085.3471405795
2022-07-06,1268085.3471405795
2022-07-07,1268085.3471405795
2022-07-08,1268085.3471405795
2022-07-11,1268085.3471405795
2022-07-12,1268085.3471405795
2022-07-13,1268085.3471405795
2022-07-14,1268085.3471405795
2022-07-15,1268085.3471405795
2022-07-18,1268085.3471405795
2022-07-19,1268085.3471405795
2022-07-20,1268085.3471405795
2022-07-21,1268085.3471405795
2022-07-22,1268085.3471405795
2022-07-25,1268085.3471405795
2022-07-26,1268085.3471405795
2022-07-27,1268085.3471405795
2022-07-28,1268085.3471405795
2022-07-29,1268085.3471405795
2022-08-01,1268085.3471405795
2022-08-02,1268085.3471405795
2022-08-03,1268085.3471405795
2022-08-04,1268085.3471405795
2022-08-05,1268085.3471405795
2022-08-08,1268085.3471405795
2022-08-09,1268085.3471405795
2022-08-10,1268085.3471405795
2022-08-11,1268085.3471405795
2022-08-12,1268085.3471405795
2022-08-15,1268085.3471405795
2022-08-16,1268085.3471405795
2022-08-17,1268085.3471405795
2022-08-18,1268085.3471405795
2022-08-19,1268085.3471405795
2022-08-22,1268085.3471405795
2022-08-23,1268085.3471405795
2022-08-24,1268085.3471405795
2022-08-25,1268085.3471405795
2022-08-26,1268085.3471405795
2022-08-29,1268085.3471405795
2022-08-30,1268085.3471405795
2022-08-31,1268085.3471405795
2022-09-01,1268085.3471405795
2022-09-02,1268085.3471405795
2022-09-06,1268085.3471405795
2022-09-07,1268085.3471405795
2022-09-08,1268085.3471405795
2022-09-09,1268085.3471405795
2022-09-12,1268085.3471405795
2022-09-13,1268085.3471405795
2022-09-14,1268085.3471405795
2022-09-15,1268085.3471405795
2022-09-16,1268085.3471405795
2022-09-19,1268085.3471405795
2022-09-20,1268085.3471405795
2022-09-21,1268085.3471405795
2022-09-22,1268085.3471405795
2022-09-23,1268085.3471405795
2022-09-26,1268085.3471405795
2022-09-27,1268085.3471405795
2022-09-28,1268085.3471405795
2022-09-29,1268085.3471405795
2022-09-30,1268085.3471405795
2022-10-03,1268085.3471405795
2022-10-04,1268085.3471405795
2022-10-05,1268085.3471405795
2022-10-06,1268085.3471405795
2022-10-07,1268085.3471405795
2022-10-10,1268085.3471405795
2022-10-11,1268085.3471405795
2022-10-12,1268085.3471405795
2022-10-13,1268085.3471405795
2022-10-14,1268085.3471405795
2022-10-17,1268085.3471405795
2022-10-18,1268085.3471405795
2022-10-19,1268085.3471405795
2022-10-20,1268085.3471405795
2022-10-21,1268085.3471405795
2022-10-24,1268085.3471405795
2022-10-25,1268085.3471405795
2022-10-26,1268085.3471405795
2022-10-27,1268085.3471405795
2022-10-28,1268085.3471405795
2022-10-31,1268085.3471405795
2022-11-01,1268085.3471405795
2022-11-02,1268085.3471405795
2022-11-03,1268085.3471405795
2022-11-04,1268085.3471405795
2022-11-07,1268085.3471405795
2022-11-08,1268085.3471405795
2022-11-09,1268085.3471405795
2022-11-10,1268085.3471405795
2022-11-11,1268085.3471405795
2022-11-14,1268085.3471405795
2022-11-15,1268085.3471405795
2022-11-16,1268085.3471405795
2022-11-17,1268085.3471405795
2022-11-18,1268085.3471405795
2022-11-21,1268085.3471405795
2022-11-22,1268085.3471405795
2022-11-23,1268085.3471405795
2022-11-25,1268085.3471405795
2022-11-28,1268085.3471405795
2022-11-29,1268085.3471405795
2022-11-30,1268085.3471405795
2022-12-01,1268085.3471405795
2022-12-02,1260273.70862214
2022-12-05,1223189.5062381292
2022-12-06,1198889.3051376534
2022-12-07,1197991.2840023322
2022-12-08,1195513.808812402
2022-12-09,1184870.1914154482
2022-12-12,1188404.947621084
2022-12-13,1189154.9531918245
2022-12-14,1188639.1901877534
2022-12-15,1187978.6677801132
2022-12-16,1187499.6861995845
2022-12-19,1187803.9027623297
2022-12-20,1188787.7522817713
2022-12-21,1189674.5057351023
2022-12-22,1188263.46216668
2022-12-23,1190075.8134256983
2022-12-27,1191053.188886414
2022-12-28,1189881.6311699962
2022-12-29,1190412.3904055536
2022-12-30,1191124.3887176206
2023-01-03,1188671.243916002
2023-01-04,1187499.3047736187
2023-01-05,1187499.3047736187
2023-01-06,1187499.3047736187
2023-01-09,1187499.3047736187
2023-01-10,1187499.3047736187
2023-01-11,1187499.3047736187
2023-01-12,1187499.3047736187
2023-01-13,1187499.3047736187
2023-01-17,1187499.3047736187
2023-01-18,1187499.3047736187
2023-01-19,1187499.3047736187
2023-01-20,1187499.3047736187
2023-01-23,1187499.3047736187
2023-01-24,1187499.3047736187
2023-01-25,1187499.3047736187
2023-01-26,1187499.3047736187
2023-01-27,1187499.3047736187
2023-01-30,1187499.3047736187
2023-01-31,1187499.3047736187
2023-02-01,1187499.3047736187
2023-02-02,1174309.000557721
2023-02-03,1164363.0150842043
2023-02-06,1152580.092504163
2023-02-07,1173563.9159683597
2023-02-08,1161930.6940643587
2023-02-09,1153639.6953903513
2023-02-10,1174296.664917346
2023-02-13,1172934.6571340328
2023-02-14,1179494.39836775
2023-02-15,1168758.332797553
2023-02-16,1171002.7266133656
2023-02-17,1158194.9924676444
2023-02-21,1146325.7375461026
2023-02-22,1143897.638156766
2023-02-23,1149310.4341707157
2023-02-24,1156234.685902934
2023-02-27,1156779.357777578
2023-02-28,1155164.297418821
2023-03-01,1168479.0130734264
2023-03-02,1178035.38211381
2023-03-03,1198770.2100807226
2023-03-06,1196411.691343899
2023-03-07,1188259.076283656
2023-03-08,1188206.7777231382
2023-03-09,1176246.851309053
2023-03-10,1157519.4706353783
2023-03-13,1142020.3331365688
2023-03-14,1156337.111992862
2023-03-15,1125229.6920538705
2023-03-16,1130286.1913424577
2023-03-17,1121028.5547160064
2023-03-20,1129383.6992877796
2023-03-21,1134946.5048073065
2023-03-22,1127898.8246728575
2023-03-23,1127195.9181816923
2023-03-24,1127369.0385771592
2023-03-27,1135966.0408089224
2023-03-28,1140231.8497013068
2023-03-29,1147487.530333466
2023-03-30,1147915.51364231
2023-03-31,1156279.8564428994
2023-04-03,1148225.668862997
2023-04-04,1123127.7527648788
2023-04-05,1123625.4779087133
2023-04-06,1124305.9648748254
2023-04-10,1133829.4771009416
2023-04-11,1132829.9115797568
2023-04-12,1128411.305378373
2023-04-13,1136994.2433839592
2023-04-14,1134634.7980226695
2023-04-17,1136391.7193229338
2023-04-18,1137800.7948373463
2023-04-19,1133088.0172320937
2023-04-20,1139279.3263644131
2023-04-21,1142803.653746012
2023-04-24,1143283.27163767
2023-04-25,1136450.545249601
2023-04-26,1127587.4208814085
2023-04-27,1133155.479307722
2023-04-28,1126601.505230442
2023-05-01,1129882.049005561
2023-05-02,1115254.0507176085
2023-05-03,1105491.8274333845
2023-05-04,1101202.7311703826
2023-05-05,1103768.491234472
2023-05-08,1109753.6854335507
2023-05-09,1110217.6832409198
2023-05-10,1111823.82036646
2023-05-11,1111129.4056712135
2023-05-12,1106725.17053084
2023-05-15,1109721.2492230737
2023-05-16,1104609.7307574172
2023-05-17,1111054.2049007313
2023-05-18,1126463.542977124
2023-05-19,1123864.5807006692
2023-05-22,1121200.8807210522
2023-05-23,1104702.4577008425
2023-05-24,1107278.8584791846
2023-05-25,1106198.2630066604
2023-05-26,1118086.1987882666
2023-05-30,1119675.1934726303
2023-05-31,1121168.4295219765
2023-06-01,1129436.3368390878
2023-06-02,1135008.8406234172
2023-06-05,1130798.8327826115
2023-06-06,1130532.13640941
2023-06-07,1124374.9778974592
2023-06-08,1126349.2226560786
2023-06-09,1132499.6091092664
2023-06-12,1138947.188335911
2023-06-13,1146014.0725357784
2023-06-14,1146154.509700325
2023-06-15,1149478.682963101
2023-06-16,1144833.5621172606
2023-06-20,1144214.444900268
2023-06-21,1136503.6846434304
2023-06-22,1135794.1405689854
2023-06-23,1126989.6464440855
2023-06-26,1126228.878634469
2023-06-27,1132006.1831681775
2023-06-28,1136637.2376030465
2023-06-29,1138737.6412961597
2023-06-30,1148800.2145435663
2023-07-03,1146974.883919475
2023-07-05,1143528.219893799
2023-07-06,1131393.5644375226
2023-07-07,1137799.1673781974
2023-07-10,1148308.529225457
2023-07-11,1147220.3306627912
2023-07-12,1154221.4440279352
2023-07-13,1162348.6395714846
2023-07-14,1152369.8442134892
2023-07-17,1172943.3531610225
2023-07-18,1180407.7325709364
2023-07-19,1176026.5000154185
2023-07-20,1158765.819736873
2023-07-21,1149003.0171123536
2023-07-24,1148397.0057034497
2023-07-25,1161727.0121676135
2023-07-26,1151668.2474226288
2023-07-27,1160045.99358735
2023-07-28,1170043.6997026547
2023-07-31,1178015.659501099
2023-08-01,1171374.1112536963
2023-08-02,1149797.7616165017
2023-08-03,1150469.0494731695
2023-08-04,1148259.0453772165
2023-08-07,1165586.5669032845
2023-08-08,1158947.4211653506
2023-08-09,1145936.2007942856
2023-08-10,1149189.5797576613
2023-08-11,1139148.4000724708
2023-08-14,1155085.0026216551
2023-08-15,1143940.699130823
2023-08-16,1129844.8654363232
2023-08-17,1115921.1222167145
2023-08-18,1115938.5520473702
2023-08-21,1127146.0308882718
2023-08-22,1122023.266593777
2023-08-23,1136233.1624409056
2023-08-24,1122995.4144504168
2023-08-25,1124870.377142895
2023-08-28,1128329.0786605687
2023-08-29,1141476.2470824695
2023-08-30,1141500.813458841
2023-08-31,1141568.8861496297
2023-09-01,1139854.9740704072
2023-09-05,1143120.9352595417
2023-09-06,1139684.2517070784
2023-09-07,1132484.4050774483
2023-09-08,1129852.8835562828
2023-09-11,1138005.2885431247
2023-09-12,1131652.509453995
2023-09-13,1122224.1020090317
2023-09-14,1130109.0521295422
2023-09-15,1113263.9863814556
2023-09-18,1113651.8152761213
2023-09-19,1117354.3236698434
2023-09-20,1101740.6919650673
2023-09-21,1089392.1327950405
2023-09-22,1087769.0148180157
2023-09-25,1089815.5322127705
2023-09-26,1082071.5434956185
2023-09-27,1085358.3300308194
2023-09-28,1090695.2683263447
2023-09-29,1086559.509218828
2023-10-02,1090847.0295625546
2023-10-03,1071151.3729782095
2023-10-04,1086005.4379117647
2023-10-05,1087425.174789487
2023-10-06,1104582.8881180359
2023-10-09,1102795.8660852367
2023-10-10,1108308.232277208
2023-10-11,1120802.1066297588
2023-10-12,1117412.4144951722
2023-10-13,1101926.3561245752
2023-10-16,1106217.0643997658
2023-10-17,1108388.598020137
2023-10-18,1092595.6669375538
2023-10-19,1090083.6905748737
2023-10-20,1076335.9434639057
2023-10-23,1086513.663488734
2023-10-24,1086801.2935847752
2023-10-25,1064308.0206732105
2023-10-26,1051896.9290782274
2023-10-27,1054351.9544985062
2023-10-30,1066929.7265120167
2023-10-31,1065945.0910085475
2023-11-01,1080195.3687581345
2023-11-02,1090402.8705234274
2023-11-03,1109492.2927673515
2023-11-06,1111490.04275128
2023-11-07,1116095.992793851
2023-11-08,1120751.0353196028
2023-11-09,1121281.1393163556
2023-11-10,1143465.257690319
2023-11-13,1144186.8381204351
2023-11-14,1167558.4477177514
2023-11-15,1160529.8931723137
2023-11-16,1168006.313929198
2023-11-17,1172966.751302647
2023-11-20,1179789.2162638365
2023-11-21,1174077.0080744
2023-11-22,1177841.1401325937
2023-11-24,1175496.1474854345
2023-11-27,1175604.034331937
2023-11-28,1172649.2901169446
2023-11-29,1173724.3182750589
2023-11-30,1172606.474586793
2023-12-01,1183271.7150356292
2023-12-04,1174863.1044992094
2023-12-05,1175808.218024607
2023-12-06,1171974.0385820807
2023-12-07,1183941.8385528172
2023-12-08,1199354.2597447247
2023-12-11,1195140.0196414227
2023-12-12,1206998.1981254015
2023-12-13,1210318.280564594
2023-12-14,1208536.006648702
2023-12-15,1211566.2887138566
2023-12-18,1224425.6995422314
2023-12-19,1229059.985131885
2023-12-20,1215227.6389015012
2023-12-21,1226115.3643703097
2023-12-22,1226092.3827410284
2023-12-26,1229298.6263919799
2023-12-27,1234544.2189052235
2023-12-28,1233884.104944381
2023-12-29,1230937.8059982045
2024-01-02,1216873.1262506822
2024-01-03,1210419.4463185056
2024-01-04,1210152.1731853597
2024-01-05,1221272.4021309083
2024-01-08,1245515.4592042086
2024-01-09,1254107.4627820249
2024-01-10,1276974.7452831878
2024-01-11,1283292.7212757315
2024-01-12,1281103.975240786
2024-01-16,1285765.825376624
2024-01-17,1281522.80528032
2024-01-18,1297452.1297937848
2024-01-19,1316976.590021636
2024-01-22,1326964.120805796
2024-01-23,1311017.679516074
2024-01-24,1311156.9213271278
2024-01-25,1326557.957456922
2024-01-26,1320884.904833155
2024-01-29,1341651.9030076433
2024-01-30,1340300.8462957204
2024-01-31,1324838.4388919252
2024-02-01,1340406.2665699113
2024-02-02,1380710.522387156
2024-02-05,1378925.4631758519
2024-02-06,1372391.1936384747
2024-02-07,1395036.273699433
2024-02-08,1402287.3895194724
2024-02-09,1406858.750849617
2024-02-12,1406328.7226665788
2024-02-13,1391608.781183401
2024-02-14,1428071.6664612058
2024-02-15,1435061.8743677817
2024-02-16,1416159.6236585223
2024-02-20,1403612.5505448775
2024-02-21,1354991.8141767909
2024-02-22,1413141.1306762623
2024-02-23,1414302.4017479164
2024-02-26,1414307.0693513402
2024-02-27,1422362.296793358
2024-02-28,1414603.7883437942
2024-02-29,1429891.9756652415
2024-03-01,1455995.9152648035
2024-03-04,1462569.280063882
2024-03-05,1446926.5477825697
2024-03-06,1458497.7117891114
2024-03-07,1485841.9306612122
2024-03-08,1458071.4852392732
2024-03-11,1430888.5733533227
2024-03-12,1468550.0461465293
2024-03-13,1467106.0854922223
2024-03-14,1446639.4441018132
2024-03-15,1427676.5058188739
2024-03-18,1434285.6470782217
2024-03-19,1445906.8804859777
2024-03-20,1464591.6417874503
2024-03-21,1478433.3916127447
2024-03-22,1486923.4150093747
2024-03-25,1482777.4667982052
2024-03-26,1469677.7203681986
2024-03-27,1468247.9323122513
2024-03-28,1465975.9786995444
2024-04-01,1458969.5971744896
2024-04-02,1455513.846575375
2024-04-03,1464093.9068297318
2024-04-04,1438241.880822216
2024-04-05,1464205.3080489447
2024-04-08,1447298.8060385138
2024-04-09,1431870.2607512677
2024-04-10,1425243.6460779617
2024-04-11,1442866.6782951644
2024-04-12,1427720.3587142595
2024-04-15,1406065.3863872213
2024-04-16,1409604.3647346224
2024-04-17,1391306.003524029
2024-04-18,1394604.4190812171
2024-04-19,1350190.4203545277
2024-04-22,1361694.6385928467
2024-04-23,1388106.7185008419
2024-04-24,1375550.6899120214
2024-04-25,1364241.661254433
2024-04-26,1380747.548148944
2024-04-29,1373301.9405156518
2024-04-30,1361061.0140635103
2024-05-01,1358054.8628532444
2024-05-02,1372105.9876691252
2024-05-03,1401709.1890334631
2024-05-06,1436848.9474605466
2024-05-07,1395748.5710703859
2024-05-08,1398285.5353770922
2024-05-09,1411720.9887465993
2024-05-10,1414290.6883140488
2024-05-13,1405471.4207578367
2024-05-14,1419147.1917172591
2024-05-15,1467050.0007586505
2024-05-16,1442054.0419592771
2024-05-17,1430969.5998798679
2024-05-20,1438393.8427462042
2024-05-21,1441490.890141907
2024-05-22,1433836.8602720979
2024-05-23,1448897.278035339
2024-05-24,1485372.1388305011
2024-05-28,1493377.6628506752
2024-05-29,1479168.5942815987
2024-05-30,1467764.895355475
2024-05-31,1448227.1532313998
2024-06-03,1446960.4045471183
2024-06-04,1441251.3407838973
2024-06-05,1479145.2758280677
2024-06-06,1448350.4963668012
2024-06-07,1446395.0068957713
2024-06-10,1464414.4892942188
2024-06-11,1456288.3574979831
2024-06-12,1467664.522276084
2024-06-13,1491994.8112012628
2024-06-14,1486942.1507014553
2024-06-17,1497768.7338778712
2024-06-18,1529704.6737884823
2024-06-20,1517837.1832268536
2024-06-21,1500828.1014286529
2024-06-24,1463739.4329412733
2024-06-25,1490438.90368456
2024-06-26,1476489.7729973716
2024-06-27,1474895.7358356456
2024-06-28,1461001.0536817026
2024-07-01,1462905.3626811393
2024-07-02,1466518.7949802603
2024-07-03,1496446.552262005
2024-07-05,1481617.329209662
2024-07-08,1510911.028409542
2024-07-09,1515387.2594668455
2024-07-10,1526792.6722377914
2024-07-11,1498626.6570389704
2024-07-12,1505224.1622997322
2024-07-15,1485361.7230185869
2024-07-16,1473073.1984147916
2024-07-17,1397558.707574313
2024-07-18,1404851.9177724249
2024-07-19,1381638.7918805338
2024-07-22,1401643.121267786
2024-07-23,1406004.2690957815
2024-07-24,1350587.7185268023
2024-07-25,1340317.4940535817
2024-07-26,1352929.0656859602
2024-07-29,1348868.1854790694
2024-07-30,1322182.153769931
2024-07-31,1375654.5500722942
2024-08-01,1352460.9615062692
2024-08-02,1326522.4739563125
2024-08-05,1301252.391113914
2024-08-06,1339850.0623402444
2024-08-07,1298121.5699681595
2024-08-08,1352446.5000248393
2024-08-09,1361958.9975112122
2024-08-12,1368119.4811507966
2024-08-13,1403797.622843589
2024-08-14,1412457.1517485585
2024-08-15,1435434.385808034
2024-08-16,1436321.710050305
2024-08-19,1456936.2277462217
2024-08-20,1448187.674776059
2024-08-21,1466140.3579846234
2024-08-22,1449376.04417565
2024-08-23,1473552.6683422455
2024-08-26,1460995.5297503914
2024-08-27,1468795.3403181082
2024-08-28,1446809.6519114461
2024-08-29,1437304.3690338235
2024-08-30,1454354.4805183257
2024-09-03,1377636.7501273633
2024-09-04,1374013.1708378764
2024-09-05,1367940.2657726728
2024-09-06,1332777.2216320604
2024-09-09,1356874.307064233
2024-09-10,1360883.3921614166
2024-09-11,1399632.371240041
2024-09-12,1408640.4049338768
2024-09-13,1421186.9459630419
2024-09-16,1420933.831540454
2024-09-17,1423369.6696504306
2024-09-18,1419983.7278980922
2024-09-19,1445012.934716847
2024-09-20,1476320.8188215839
2024-09-23,1485805.4782126527
2024-09-24,1497902.257434942
2024-09-25,1519823.392582385
2024-09-26,1512284.716672362
2024-09-27,1512527.9012597997
2024-09-30,1517413.72456153
2024-10-01,1511545.2382349207
2024-10-02,1526654.1020250178
2024-10-03,1551364.533186387
2024-10-04,1573486.5649073224
2024-10-07,1568496.1628568892
2024-10-08,1580662.2638133375
2024-10-09,1570894.570284073
2024-10-10,1570289.3739419312
2024-10-11,1582925.3113901156
2024-10-14,1606204.4400330964
2024-10-15,1574336.2013207027
2024-10-16,1605459.8158835128
2024-10-17,1588091.7912792934
2024-10-18,1593599.6607570306
2024-10-21,1604791.8340002203
2024-10-22,1588476.8722679191
2024-10-23,1581718.3859303459
2024-10-24,1583922.3849123404
2024-10-25,1582167.9083899935
2024-10-28,1587223.4982648815
2024-10-29,1591290.183894191
2024-10-30,1581416.644179932
2024-10-31,1548600.0551229385
2024-11-01,1538737.206979263
2024-11-04,1535128.3187915883
2024-11-05,1570874.2302480135
2024-11-06,1625663.7434665675
2024-11-07,1661263.7457662195
2024-11-08,1680337.3629059012
2024-11-11,1683971.3821728667
2024-11-12,1681349.897150665
2024-11-13,1679026.497851395
2024-11-14,1664149.73967295
2024-11-15,1651401.2257194535
2024-11-18,1662519.9648304693
2024-11-19,1706304.4488347094
2024-11-20,1709520.8891068317
2024-11-21,1745400.2956891747
2024-11-22,1727564.5300563616
2024-11-25,1689272.4229580997
2024-11-26,1734284.424156688
2024-11-27,1702858.7545912222
2024-11-29,1729070.0912837856
2024-12-02,1710200.222389558
2024-12-03,1717403.8560394559
2024-12-04,1728215.2369795332
2024-12-05,1729403.0264352444
2024-12-06,1716038.8820853168
2024-12-09,1661685.5306585915
2024-12-10,1630810.217716778
2024-12-11,1658472.629237331
2024-12-12,1648489.5922053251
2024-12-13,1639315.178851953
2024-12-16,1632666.4291542487
2024-12-17,1610099.6033540478
2024-12-18,1580176.2679981494
2024-12-19,1595445.1031887725
2024-12-20,1616271.5096826556
2024-12-23,1634043.8709828903
2024-12-24,1644150.2000299187
2024-12-26,1644623.826455111
2024-12-27,1624877.5126404308
2024-12-30,1625682.2130901814
2024-12-31,1607700.4689922575
2025-01-02,1652679.7284370854
2025-01-03,1705192.3026396271
2025-01-06,1719374.0639631106
2025-01-07,1692171.224069513
2025-01-08,1697111.0911648187
2025-01-10,1719374.9107580245
2025-01-13,1699111.1723703907
2025-01-14,1729490.8991581437
2025-01-15,1756613.7909966095
2025-01-16,1773957.3551654415
2025-01-17,1789840.6919432974
2025-01-21,1833895.8706329893
2025-01-22,1852448.2327220973
2025-01-23,1868625.4514816357
2025-01-24,1846067.9747485975
2025-01-27,1629682.6209818788
2025-01-28,1700991.2239468326
2025-01-29,1702385.1339188698
2025-01-30,1758064.7203750156
2025-01-31,1722119.2902124182
2025-02-03,1725689.6945287862
2025-02-04,1732611.8627244625
2025-02-05,1766485.282722488
2025-02-06,1762404.4555208278
2025-02-07,1757381.800976542
2025-02-10,1774608.0449835267
2025-02-11,1764669.2879019598
2025-02-12,1751188.7713441504
2025-02-13,1764038.3719934216
2025-02-14,1793120.0738236122
2025-02-18,1817099.8729206359
2025-02-19,1788866.2833658897
2025-02-20,1764991.359469714
2025-02-21,1702933.3061354046
2025-02-24,1669731.275827037
2025-02-25,1649609.6610220717
2025-02-26,1693395.446339685
2025-02-27,1632576.8637938208
2025-02-28,1669953.626811086
2025-03-03,1602640.5149914215
2025-03-04,1587319.8989329773
2025-03-05,1594119.480464474
2025-03-06,1521216.8014023616
2025-03-07,1532764.421337571
2025-03-10,1486475.0016794563
2025-03-11,1502804.2646338819
2025-03-12,1534573.9986610753
2025-03-13,1501129.0864326549
2025-03-14,1537047.9928295156
2025-03-17,1549137.0796561767
2025-03-18,1538281.3195712613
2025-03-19,1567018.8595889085
2025-03-20,1564626.059744066
2025-03-21,1547051.1132645519
2025-03-24,1575857.5866023833
2025-03-25,1574882.7405006913
2025-03-26,1552269.8904198841
2025-03-27,1531613.0518842437
2025-03-28,1518437.6956536947
2025-03-31,1519283.3318163771
2025-04-01,1538507.2044412293
2025-04-02,1520463.677189932
2025-04-03,1520463.677189932
2025-04-04,1520463.677189932
2025-04-07,1520463.677189932
2025-04-08,1520463.677189932
2025-04-09,1520463.677189932
2025-04-10,1520463.677189932
2025-04-11,1520463.677189932
2025-04-14,1520463.677189932
2025-04-15,1520463.677189932
2025-04-16,1520463.677189932
2025-04-17,1520463.677189932
2025-04-21,1520463.677189932
2025-04-22,1520463.677189932
2025-04-23,1520463.677189932
2025-04-24,1520463.677189932
2025-04-25,1520463.677189932
2025-04-28,1520463.677189932
2025-04-29,1520463.677189932
2025-04-30,1520463.677189932
2025-05-01,1520463.677189932
2025-05-02,1520463.677189932
2025-05-05,1520463.677189932
2025-05-06,1520463.677189932
2025-05-07,1520463.677189932
2025-05-08,1520463.677189932
2025-05-09,1520463.677189932
2025-05-12,1520463.677189932
2025-05-13,1520463.677189932
2025-05-14,1520463.677189932
2025-05-15,1520463.677189932
2025-05-16,1520463.677189932
2025-05-19,1520463.677189932
2025-05-20,1520463.677189932
2025-05-21,1520463.677189932
2025-05-22,1520463.677189932
2025-05-23,1520463.677189932
2025-05-27,1520463.677189932
2025-05-28,1520463.677189932
2025-05-29,1520463.677189932
2025-05-30,1520463.677189932
2025-06-02,1520463.677189932
2025-06-03,1522184.7343054737
2025-06-04,1520517.9426308079
2025-06-05,1510018.4028272536
2025-06-06,1521842.0820125288
2025-06-09,1509766.1435229755
2025-06-10,1493041.448576452
2025-06-11,1509753.9442087386
2025-06-12,1510014.00822464
2025-06-13,1511385.0453916609
2025-06-16,1514072.7903606975
2025-06-17,1513203.8415467506
2025-06-18,1506893.9832440873
2025-06-20,1509531.3932938166
2025-06-23,1525173.5442975764
2025-06-24,1538480.7011188567
2025-06-25,1522994.6689506567
2025-06-26,1539901.6097401013
2025-06-27,1553215.6861319344
2025-06-30,1566814.2794024018
2025-07-01,1527961.912986909
2025-07-02,1527574.6159936055
2025-07-03,1551226.8012529656
2025-07-07,1570334.418330187
2025-07-08,1551761.1557600587
2025-07-09,1569440.5764021503
2025-07-10,1550342.333945874
2025-07-11,1550647.3509444594
2025-07-14,1573371.5658237375
2025-07-15,1563124.4206488314
2025-07-16,1558920.6073639633
2025-07-17,1567698.8896091871
2025-07-18,1586224.6518262476
2025-07-21,1578331.6914949652
2025-07-22,1549340.1479516376
2025-07-23,1592291.930086958
2025-07-24,1589218.374565984
2025-07-25,1607758.8112327636
2025-07-28,1608738.481495368
2025-07-29,1601928.4527243597
2025-07-30,1633864.990576632
2025-07-31,1628981.57847994
2025-08-01,1623500.6155938609
2025-08-04,1650764.4589925676
2025-08-05,1671802.5204675533
2025-08-06,1661159.2429202541
2025-08-07,1665141.3822083909
2025-08-08,1651165.9955808125
2025-08-11,1639313.331309924
2025-08-12,1660884.298646223
2025-08-13,1637568.9708303665
2025-08-14,1616011.9092801898
2025-08-15,1605562.913814924
2025-08-18,1621644.2358023082
2025-08-19,1579080.7447695534
2025-08-20,1574122.5792038124
2025-08-21,1568648.583272839
2025-08-22,1581806.5585771624
2025-08-25,1576114.9065679335
2025-08-26,1599742.0399301709
2025-08-27,1595561.7907188241
2025-08-28,1609084.8717351425
2025-08-29,1583594.4368154197
2025-09-02,1565873.396313421
2025-09-03,1566722.9920098565
2025-09-04,1581043.957267683
2025-09-05,1571316.8416226949
2025-09-08,1586583.6268104375
2025-09-09,1603100.286466654
2025-09-10,1649632.6064287536
2025-09-11,1641856.1033566168
2025-09-12,1652985.1986179606
2025-09-15,1656997.1811693604
2025-09-16,1647156.2668017868
2025-09-17,1643266.5606947718
2025-09-18,1668706.37408839
2025-09-19,1681794.0359715412
2025-09-22,1696776.658229209
2025-09-23,1687859.6023151895
2025-09-24,1650172.9626325343
2025-09-25,1626884.8497048304
2025-09-26,1636040.423638812
2025-09-29,1634744.59170806
2025-09-30,1636463.2062139886
2025-10-01,1634904.8813537708
2025-10-02,1640903.6530275056
2025-10-03,1620327.4734011283
2025-10-06,1610068.496081458
2025-10-07,1613457.515763695
2025-10-08,1630129.728948907
2025-10-09,1641650.5258679143
2025-10-10,1586419.0828434024
2025-10-13,1614054.7108149715
2025-10-14,1620194.2538595716
2025-10-15,1596822.5217002681
2025-10-16,1571501.2930107254
2025-10-17,1570593.0231457565
2025-10-20,1583135.173699145
2025-10-21,1587810.5717858751
2025-10-22,1568833.6445373727
2025-10-23,1583487.328912227
2025-10-24,1590212.0540242146
2025-10-27,1598235.6364746597
2025-10-28,1573571.5484201086
2025-10-29,1582691.318564373
2025-10-30,1569549.8141861092
2025-10-31,1583001.3626822645
2025-11-03,1593389.9453858873
2025-11-04,1549681.468476601
2025-11-05,1583490.8094009138
2025-11-06,1552023.4302340571
2025-11-07,1559758.0971526222
2025-11-10,1610594.6374836697
2025-11-11,1583837.680415396
2025-11-12,1561440.8525157585
2025-11-13,1510962.305162465
2025-11-14,1518536.560305458
2025-11-17,1519422.7492957928
2025-11-18,1500590.0310045583
2025-11-19,1513372.3126118144
2025-11-20,1463368.8404282965
2025-11-21,1459897.6861089764
2025-11-24,1493045.6939818936
2025-11-25,1499179.8231820993
2025-11-26,1521939.6849444497
2025-11-28,1532402.7060444455
2025-12-01,1516655.624319757
2025-12-02,1521408.911954945
2025-12-03,1526518.199616212
2025-12-04,1534684.9439826952
2025-12-05,1568198.8437986388
2025-12-08,1597774.3237456607
2025-12-09,1610650.4332005202
2025-12-10,1657709.3618788382
2025-12-11,1648791.5171246177
2025-12-12,1594235.6201124
2025-12-15,1579715.0210499582
2025-12-16,1580594.8652615035
2025-12-17,1535209.331478586
2025-12-18,1582293.8588266508
2025-12-19,1618522.8634786713
2025-12-22,1624078.5766060138
2025-12-23,1628125.8958457676
2025-12-24,1640269.9075318738
2025-12-26,1633028.378057662
2025-12-29,1626381.810412723
2025-12-30,1616742.2176788268
2025-12-31,1598965.8083701772
2026-01-02,1638695.85828698
2026-01-05,1660165.4687493122
2026-01-06,1748942.3814808426
2026-01-07,1710777.34081456
2026-01-08,1664748.329178494
2026-01-09,1724643.051317215
2026-01-12,1748993.0942691544
2026-01-13,1747996.7131315237
2026-01-14,1735153.8917358548
2026-01-15,1740902.0860224634
2026-01-16,1755388.660208332
2026-01-20,1750146.2683523996
2026-01-21,1802118.0341222212
2026-01-22,1802410.392281076
2026-01-23,1792074.0281276635
2026-01-26,1794537.2387104786
2026-01-27,1839535.6273132497
2026-01-28,1917303.7646286213
2026-01-29,1917242.771081386
2026-01-30,1831537.9293645963
2026-02-02,1886048.6082028148
2026-02-03,1897204.9677861633
2026-02-04,1783518.166750273
2026-02-05,1752929.2892451193
2026-02-06,1823420.76223223
2026-02-09,1823003.1669094765
2026-02-10,1776160.4848090403
2026-02-11,1821216.6807152913
2026-02-12,1835935.2965393795
2026-02-13,1836009.7866271674
2026-02-17,1831768.1524882133
2026-02-18,1868636.3114143035
2026-02-19,1841764.3770602797
2026-02-20,1859263.125788557
2026-02-23,1841621.7606218073
2026-02-24,1825644.1432402877
2026-02-25,1875682.1208193628
2026-02-26,1843868.9069460905
2026-02-27,1830883.6443591344
2026-03-02,1814076.537945956
2026-03-03,1735263.359613347
2026-03-04,1786555.079068892
2026-03-05,1741631.2296407998
2026-03-06,1675831.63245777
2026-03-09,1722645.931015201
2026-03-10,1745036.622907871
2026-03-11,1761579.1046640256
2026-03-12,1727348.177131133
2026-03-13,1755978.6593990033
2026-03-16,1796831.2703569678
2026-03-17,1855165.6684982155
2026-03-18,1834467.2896831096
2026-03-19,1861171.0843313562
2026-03-20,1805202.1667743928
2026-03-23,1795941.3704119637
2026-03-24,1813142.5743421302
2026-03-25,1788782.4362534087
2026-03-26,1708742.1002656315
2026-03-27,1712473.8176049292
2026-03-30,1647862.0525537252
2026-03-31,1708689.510931981
2026-04-01,1779482.8702899332
2026-04-02,1716874.4965358528
2026-04-06,1716874.4965358528
2026-04-07,1716874.4965358528
2026-04-08,1716874.4965358528
2026-04-09,1716874.4965358528
2026-04-10,1716874.4965358528
2026-04-13,1716874.4965358528
2026-04-14,1716874.4965358528
2026-04-15,1716874.4965358528
2026-04-16,1716874.4965358528
2026-04-17,1716874.4965358528
2026-04-20,1716874.4965358528
2026-04-21,1716874.4965358528
2026-04-22,1716874.4965358528
2026-04-23,1716874.4965358528
2026-04-24,1716874.4965358528
2026-04-27,1716874.4965358528
2026-04-28,1716874.4965358528
2026-04-29,1716874.4965358528
2026-04-30,1716874.4965358528
2026-05-01,1716874.4965358528
2026-05-04,1717915.8597286162
2026-05-05,1786828.7576975299
2026-05-06,1832425.742260124
2026-05-07,1761471.7062538331
2026-05-08,1852232.6162540214
2026-05-11,1913967.518978471
2026-05-12,1869335.9497019816
2026-05-13,1896358.2970435987
2026-05-14,1877592.28158115
2026-05-15,1839127.7090751128
2026-05-18,1772028.2118575745
2026-05-19,1786060.806880855
2026-05-20,1826314.315180555
2026-05-21,1880200.1236982448
2026-05-22,1862975.425325757
2026-05-26,1966742.6628148812
2026-05-27,1970987.2452568612
2026-05-28,1990137.8284159172
2026-05-29,2006496.9509126022
2026-06-01,2043333.250993234
2026-06-02,2100796.9791045906
2026-06-03,2124916.4742075535
2026-06-04,2057012.6498165508
2026-06-05,1875842.6781904413
2026-06-08,1944220.6818595715
2026-06-09,1909914.9131851355
2026-06-10,1866975.391644181
2026-06-11,1995707.4297173948
2026-06-12,2027532.006407426
2026-06-15,2157666.358627947
2026-06-16,2122336.9819804523
2026-06-17,2131308.5778648173
2026-06-18,2219002.638794051
2026-06-22,2270317.7492891834
2026-06-23,2115708.399560746
2026-06-24,2092008.9497179897
2026-06-25,2246099.4987738742
2026-06-26,2101830.015423174
2026-06-29,2155952.3791751964
2026-06-30,2195032.210157458
2026-07-01,2064384.000413483
2026-07-02,1901084.2860498552
2026-07-06,1940548.8846813513
2026-07-07,1845359.6336384744
2026-07-08,1889023.1547728437
2026-07-09,1953721.3774191914
2026-07-10,1961767.9969280763
2026-07-13,1876052.4670580467
2026-07-14,1916118.715767917
2026-07-15,1822713.6636699967
2026-07-16,1717890.534266163
2026-07-17,1714371.0902139996
2026-07-20,1737523.694965879
2026-07-21,1862176.4922936275
2026-07-22,1864806.6427793023
2026-07-23,1879830.4256301806
2026-07-24,1793012.9820452332
2026-07-27,1740340.977720474
2026-07-28,1653588.063714366
2026-07-29,1634214.8273598729
2026-07-30,1746521.4655525791
2026-07-31,1737214.849319213
2026-08-03,1725644.3066150974
2026-08-04,1792375.0056799639
2026-08-05,1757259.6239110527
2026-08-06,1715982.1504632384
2026-08-07,1706012.8229060266
2026-08-10,1663443.5313288285
2026-08-11,1679038.1674517093
2026-08-12,1760301.9744761125
2026-08-13,1796098.645362254
2026-08-14,1831169.1723802777
2026-08-17,1884635.9681021133
2026-08-18,1767700.3110879643
2026-08-19,1706756.4480852562
2026-08-20,1735647.8241775292
2026-08-21,1719878.9645730832
2026-08-24,1658177.1237180696
2026-08-25,1697320.859686498
2026-08-26,1721693.9945438104
2026-08-27,1726350.5040320172
2026-08-28,1698954.08011663
2026-08-31,1704949.6548693776
2026-09-01,1677421.543479729
2026-09-02,1685417.01131451
2026-09-03,1663381.6014933672
2026-09-04,1739998.8627231233
2026-09-08,1788830.113651403
2026-09-09,1803397.9023733214
2026-09-10,1742699.8000610918
2026-09-11,1728618.9430358373
2026-09-14,1658521.3932311248
2026-09-15,1644926.3824589697
2026-09-16,1673501.205845628
2026-09-17,1716456.5070266973
2026-09-18,1773646.3050431581
2026-09-21,1816421.6277517965
2026-09-22,1862358.26808275
2026-09-23,1847666.8256006557
2026-09-24,1837094.242903207
2026-09-25,1841068.7374253017
2026-09-28,1806967.4053330165
2026-09-29,1821382.3284210903
2026-09-30,1832284.4429993373
