,strategy,spy
1999-07-01,104897.34,104897.34
1999-07-02,104910.42,105942.28
1999-07-06,104962.73,105918.53
1999-07-07,104819.34,106061.02
1999-07-08,104883.07,106144.14
1999-07-09,105733.90,106773.48
1999-07-12,105333.07,106298.51
1999-07-13,105089.70,105918.53
1999-07-14,105102.88,106512.24
1999-07-15,105116.10,107189.08
1999-07-16,105129.26,107770.92
1999-07-19,105168.58,107058.46
1999-07-20,105181.60,104861.72
1999-07-21,105194.60,104742.98
1999-07-22,105207.45,103365.56
1999-07-23,105220.36,103163.70
1999-07-26,105259.45,102403.74
1999-07-27,105272.66,103258.69
1999-07-28,105285.84,103591.17
1999-07-29,105299.05,102142.51
1999-07-30,105312.30,100883.84
1999-08-02,105352.29,101121.32
1999-08-03,105365.71,100646.35
1999-08-04,105379.28,99268.94
1999-08-05,105392.70,100171.38
1999-08-06,105406.01,99078.95
1999-08-09,105446.38,98865.21
1999-08-10,105460.13,97772.78
1999-08-11,105474.03,98960.20
1999-08-12,105487.82,98900.83
1999-08-13,105501.28,101192.57
1999-08-16,105541.17,101643.79
1999-08-17,105554.53,102308.75
1999-08-18,105568.09,101572.55
1999-08-19,105581.49,100741.35
1999-08-20,105594.85,101762.53
1999-08-23,105635.64,103709.91
1999-08-24,105649.47,104089.89
1999-08-25,105663.51,105158.58
1999-08-26,105677.38,103899.90
1999-08-27,105691.25,102641.23
1999-08-30,105733.29,100741.35
1999-08-31,105747.34,100361.37
1999-09-01,105761.36,101596.29
1999-09-02,105775.36,100396.99
1999-09-03,105789.21,103329.94
1999-09-07,105844.63,102949.96
1999-09-08,105858.23,102451.24
1999-09-09,105871.83,102403.74
1999-09-10,105885.41,103258.69
1999-09-13,105925.61,102558.11
1999-09-14,105939.08,101881.28
1999-09-15,105952.69,100266.37
1999-09-16,105966.10,100658.23
1999-09-17,105979.37,101930.07
1999-09-20,106018.92,101787.17
1999-09-21,106032.16,99643.78
1999-09-22,106045.70,99536.61
1999-09-23,106059.32,97452.76
1999-09-24,106072.95,97357.50
1999-09-27,106113.49,98000.52
1999-09-28,106127.10,97810.00
1999-09-29,106140.79,96643.04
1999-09-30,106154.43,98119.60
1999-10-01,106168.22,97905.26
1999-10-04,106209.58,99643.78
1999-10-05,106223.23,99548.52
1999-10-06,106236.96,101072.71
1999-10-07,106250.58,100501.14
1999-10-08,106264.27,102025.33
1999-10-11,106305.14,101858.62
1999-10-12,106318.77,100286.80
1999-10-13,106332.55,97690.92
1999-10-14,106346.65,97667.10
1999-10-15,106360.87,95166.48
1999-10-18,106403.70,95857.13
1999-10-19,106418.10,96785.93
1999-10-20,106432.68,97738.55
1999-10-21,106447.26,98310.12
1999-10-22,106461.81,99143.66
1999-10-25,106504.87,98643.54
1999-10-26,106519.13,97405.13
1999-10-27,106533.73,99167.48
1999-10-28,106690.31,102549.27
1999-10-29,107310.71,104406.87
1999-11-01,106669.26,103311.36
1999-11-02,107391.19,102573.08
1999-11-03,107742.93,103263.73
1999-11-04,108138.89,104049.64
1999-11-05,108997.02,105073.70
1999-11-08,110489.49,105168.96
1999-11-09,109284.80,104180.62
1999-11-10,109624.59,104954.63
1999-11-11,109784.04,105550.01
1999-11-12,109503.81,106502.63
1999-11-15,109328.50,106752.69
1999-11-16,109657.24,107645.77
1999-11-17,109501.27,107931.56
1999-11-18,109640.26,108693.65
1999-11-19,109655.52,108598.39
1999-11-22,109701.31,108574.57
1999-11-23,109716.57,107621.95
1999-11-24,109732.00,108193.53
1999-11-26,109762.90,107788.66
1999-11-29,109809.27,107407.62
1999-11-30,109824.83,106145.40
1999-12-01,109840.32,107002.75
1999-12-02,109855.73,107645.77
1999-12-03,109871.08,109622.45
1999-12-06,109917.13,108812.73
1999-12-07,109932.46,107931.56
1999-12-08,109947.73,107240.91
1999-12-09,109963.00,107764.85
1999-12-10,109978.37,108122.08
1999-12-13,110404.61,108312.60
1999-12-14,110562.84,107264.72
1999-12-15,110652.39,107836.29
1999-12-16,111296.43,108312.60
1999-12-17,111896.54,109008.19
1999-12-20,112249.72,108220.35
1999-12-21,113052.92,109867.65
1999-12-22,112767.81,110154.14
1999-12-23,112285.91,111908.87
1999-12-27,113575.14,111753.69
1999-12-28,113315.94,111682.07
1999-12-29,118276.35,112159.55
1999-12-30,117624.54,112028.24
1999-12-31,119579.76,112207.29
2000-01-03,118339.10,111109.09
2000-01-04,116144.86,106764.05
2000-01-05,115569.08,106955.04
2000-01-06,113865.59,105236.12
2000-01-07,113230.33,111347.83
2000-01-10,113278.91,111729.82
2000-01-11,113295.17,110392.88
2000-01-12,113311.53,109294.68
2000-01-13,113327.95,110774.86
2000-01-14,113344.25,112278.92
2000-01-18,113409.47,111395.58
2000-01-19,113425.75,112302.79
2000-01-20,113442.37,110583.87
2000-01-21,113458.91,110345.13
2000-01-24,113508.43,107217.65
2000-01-25,113524.97,108435.22
2000-01-26,113541.77,107575.76
2000-01-27,113558.59,107146.03
2000-01-28,113575.46,103803.68
2000-01-31,113626.61,106620.80
2000-02-01,113643.83,107671.25
2000-02-02,113661.08,107766.75
2000-02-03,113678.17,109390.17
2000-02-04,113695.18,108936.57
2000-02-07,113746.57,108769.45
2000-02-08,113763.62,110249.63
2000-02-09,113780.83,107933.87
2000-02-10,113797.94,108148.73
2000-02-11,113815.09,105952.33
2000-02-14,113866.44,106573.06
2000-02-15,113883.51,107778.69
2000-02-16,114394.03,106191.07
2000-02-17,116241.83,105641.97
2000-02-18,115543.81,103373.95
2000-02-22,116680.93,103111.34
2000-02-23,117046.00,104328.91
2000-02-24,118301.00,102228.01
2000-02-25,117915.31,101857.96
2000-02-28,117289.99,103994.67
2000-02-29,118013.17,104997.38
2000-03-01,118413.86,105761.34
2000-03-02,117937.59,105832.96
2000-03-03,118943.56,107814.50
2000-03-06,120625.82,106764.05
2000-03-07,119076.22,104698.95
2000-03-08,119465.56,104567.65
2000-03-09,121744.78,107623.51
2000-03-10,121379.94,107050.53
2000-03-13,120380.23,105880.71
2000-03-14,119849.64,104376.66
2000-03-15,119868.39,106811.79
2000-03-16,119887.07,111801.44
2000-03-17,119905.80,112540.35
2000-03-20,119962.17,111965.92
2000-03-21,119981.03,114263.63
2000-03-22,119999.90,114957.74
2000-03-23,120018.77,116920.37
2000-03-24,120037.61,117614.47
2000-03-27,119826.46,116369.88
2000-03-28,120142.64,115699.71
2000-03-29,120208.84,115819.38
2000-03-30,121675.44,113880.68
2000-03-31,121335.02,115173.15
2000-04-03,122253.39,115843.32
2000-04-04,122003.73,114981.67
2000-04-05,122220.81,114263.63
2000-04-06,121871.15,115256.92
2000-04-07,121821.65,115986.92
2000-04-10,121506.51,115532.17
2000-04-11,121411.20,115197.08
2000-04-12,121430.06,112037.72
2000-04-13,121448.92,110481.97
2000-04-14,121467.72,104163.25
2000-04-17,121524.13,107801.30
2000-04-18,121542.94,110649.51
2000-04-19,121561.76,109620.33
2000-04-20,121580.57,110146.89
2000-04-24,121655.59,108950.16
2000-04-25,121674.29,113473.79
2000-04-26,121693.05,112193.29
2000-04-27,121711.69,111822.31
2000-04-28,121730.33,111128.21
2000-05-01,121786.96,112636.08
2000-05-02,121805.88,110386.23
2000-05-03,121825.07,107801.30
2000-05-04,121844.23,108615.08
2000-05-05,121863.35,109931.48
2000-05-08,121921.35,109105.73
2000-05-09,121940.96,108232.12
2000-05-10,121960.87,105790.80
2000-05-11,121980.78,108208.19
2000-05-12,122000.70,109380.98
2000-05-15,122060.46,111271.81
2000-05-16,122080.33,112348.87
2000-05-17,122100.46,111176.08
2000-05-18,122120.13,109811.80
2000-05-19,122139.37,108088.52
2000-05-22,122196.69,107274.74
2000-05-23,122215.81,105695.06
2000-05-24,122235.36,107418.35
2000-05-25,122254.62,105575.39
2000-05-26,122273.64,105695.06
2000-05-30,122349.35,109141.64
2000-05-31,122368.12,109380.98
2000-06-01,122386.50,111295.75
2000-06-02,122405.17,113234.45
2000-06-05,122462.52,112683.95
2000-06-06,122481.71,112181.33
2000-06-07,122501.24,112959.20
2000-06-08,122520.54,112516.41
2000-06-09,122539.81,112277.07
2000-06-12,122597.72,110960.66
2000-06-13,122616.83,113042.97
2000-06-14,122636.05,113234.45
2000-06-15,122655.06,113473.79
2000-06-16,122674.12,112541.41
2000-06-19,122731.18,113980.87
2000-06-20,122750.15,113573.02
2000-06-21,122769.08,113525.04
2000-06-22,122788.09,111797.69
2000-06-23,122807.16,110838.06
2000-06-26,122864.59,112265.51
2000-06-27,122883.65,111437.83
2000-06-28,122902.74,111749.71
2000-06-29,122921.76,110694.11
2000-06-30,122940.89,111533.79
2000-07-03,122998.59,113069.21
2000-07-05,123037.34,111029.98
2000-07-06,123733.79,111893.66
2000-07-07,124179.60,113692.97
2000-07-10,123875.18,113501.05
2000-07-11,124398.27,113740.96
2000-07-12,124808.80,114484.68
2000-07-13,124517.57,114988.48
2000-07-14,124806.45,116116.06
2000-07-17,124974.74,115924.13
2000-07-18,124930.33,114976.49
2000-07-19,124793.99,114052.84
2000-07-20,124354.86,115636.24
2000-07-21,124375.30,113381.09
2000-07-24,124436.13,112733.34
2000-07-25,124456.51,113093.20
2000-07-26,124477.04,111989.62
2000-07-27,124497.50,111605.76
2000-07-28,124518.10,109086.72
2000-07-31,124579.71,109782.45
2000-08-01,124600.30,110454.20
2000-08-02,124621.02,111005.99
2000-08-03,124641.74,111773.70
2000-08-04,124662.40,112373.47
2000-08-07,124724.39,113716.97
2000-08-08,124745.10,114148.80
2000-08-09,124765.88,113189.17
2000-08-10,124786.63,112637.37
2000-08-11,124807.38,113165.17
2000-08-14,124870.06,114604.63
2000-08-15,124890.89,114508.67
2000-08-16,124911.76,114100.82
2000-08-17,124932.60,115300.37
2000-08-18,124953.45,114916.51
2000-08-21,125015.99,115540.28
2000-08-22,125036.85,115348.35
2000-08-23,125057.75,115804.18
2000-08-24,125078.68,116164.04
2000-08-25,125099.62,116116.06
2000-08-28,125833.32,116511.91
2000-08-29,125661.84,116535.90
2000-08-30,127714.32,115420.32
2000-08-31,127548.24,116955.74
2000-09-01,128384.52,117075.69
2000-09-05,127653.23,116140.05
2000-09-06,126605.91,114820.55
2000-09-07,126665.93,115804.18
2000-09-08,126686.82,115012.48
2000-09-11,126748.99,114844.54
2000-09-12,126769.65,114004.86
2000-09-13,126790.21,114304.74
2000-09-14,126810.77,114880.53
2000-09-15,126831.52,112367.18
2000-09-18,126893.75,111332.97
2000-09-19,126914.50,112343.12
2000-09-20,126935.33,111513.36
2000-09-21,126956.13,109817.75
2000-09-22,126976.93,111814.00
2000-09-25,127039.44,111020.31
2000-09-26,127060.29,109601.29
2000-09-27,127081.18,110178.52
2000-09-28,127102.14,111597.54
2000-09-29,127123.28,110539.28
2000-10-02,127186.49,110707.64
2000-10-03,127207.50,109673.44
2000-10-04,127228.62,110587.39
2000-10-05,127249.74,110972.21
2000-10-06,127270.91,108567.09
2000-10-09,127334.30,107749.35
2000-10-10,127355.44,105969.56
2000-10-11,127376.55,105079.66
2000-10-12,127397.66,102458.08
2000-10-13,127418.64,105873.35
2000-10-16,127481.68,106354.38
2000-10-17,127502.85,103708.75
2000-10-18,127524.23,103323.93
2000-10-19,127545.61,107220.22
2000-10-20,127567.07,107677.19
2000-10-23,127631.34,108158.22
2000-10-24,127652.88,107436.68
2000-10-25,127674.46,104911.31
2000-10-26,127696.14,105199.92
2000-10-27,127717.77,107196.17
2000-10-30,127782.53,108158.22
2000-10-31,127804.20,110022.18
2000-11-01,127825.88,109649.39
2000-11-02,127847.52,109829.77
2000-11-03,127869.20,109889.90
2000-11-06,127934.36,110659.54
2000-11-07,127956.24,110635.49
2000-11-08,127978.08,108182.27
2000-11-09,127999.88,107773.40
2000-11-10,128021.66,105151.82
2000-11-13,128086.80,104334.08
2000-11-14,128108.52,107075.91
2000-11-15,128130.21,107412.63
2000-11-16,128151.94,105729.05
2000-11-17,128173.60,105163.84
2000-11-20,128238.60,103660.64
2000-11-21,128260.31,104189.77
2000-11-22,128282.03,101700.47
2000-11-24,128325.47,103780.90
2000-11-27,128390.65,104694.84
2000-11-28,128412.25,102891.01
2000-11-29,128433.71,102698.60
2000-11-30,128455.03,101808.70
2000-12-01,128476.26,101760.60
2000-12-04,128540.14,102626.44
2000-12-05,128561.27,105993.61
2000-12-06,128582.09,104298.00
2000-12-07,128602.94,102866.95
2000-12-08,128623.87,103107.47
2000-12-11,128686.46,106691.09
2000-12-12,128707.29,106234.12
2000-12-13,128728.06,104779.02
2000-12-14,128748.84,103444.18
2000-12-15,128769.61,101107.73
2000-12-18,128831.53,102458.73
2000-12-19,128851.93,100371.92
2000-12-20,128872.26,97464.86
2000-12-21,128892.25,98140.36
2000-12-22,128910.75,101083.60
2000-12-26,128983.22,102169.23
2000-12-27,129003.05,102917.10
2000-12-28,129022.80,103230.73
2000-12-29,129042.99,101276.60
2001-01-02,129124.02,99443.11
2001-01-03,129144.15,104219.85
2001-01-04,129163.72,103098.04
2001-01-05,129182.22,99732.61
2001-01-08,129235.21,100504.60
2001-01-09,129253.12,100239.23
2001-01-10,129271.18,102000.35
2001-01-11,129289.42,102096.85
2001-01-12,129307.73,101903.85
2001-01-16,129381.28,102555.23
2001-01-17,129399.78,103025.66
2001-01-18,129418.29,104050.97
2001-01-19,129436.51,103459.91
2001-01-22,129490.77,104147.47
2001-01-23,130100.42,104967.72
2001-01-24,129997.82,105281.35
2001-01-25,128800.83,105015.97
2001-01-26,128943.21,104895.35
2001-01-29,129561.09,105455.05
2001-01-30,130710.42,106381.45
2001-01-31,129587.97,105779.29
2001-02-01,130168.67,106481.80
2001-02-02,128260.72,104065.45
2001-02-05,128257.59,104829.72
2001-02-06,128292.87,104520.93
2001-02-07,128125.63,103980.53
2001-02-08,128289.53,102768.49
2001-02-09,128306.93,101780.33
2001-02-12,128358.92,102946.06
2001-02-13,128376.25,102104.57
2001-02-14,128393.56,101950.17
2001-02-15,128410.93,102938.33
2001-02-16,128428.35,100668.65
2001-02-20,128497.17,99116.94
2001-02-21,128514.49,96978.50
2001-02-22,128531.71,97125.18
2001-02-23,128548.90,96468.98
2001-02-26,128599.29,98522.50
2001-02-27,128615.89,97611.54
2001-02-28,128632.45,95689.26
2001-03-01,128649.12,96191.06
2001-03-02,128665.76,95426.78
2001-03-05,128715.67,96299.14
2001-03-06,128732.25,97333.62
2001-03-07,128748.72,98028.42
2001-03-08,128764.84,98136.50
2001-03-09,128780.92,95233.78
2001-03-12,128829.72,91157.63
2001-03-13,128845.74,92655.30
2001-03-14,128861.77,90825.67
2001-03-15,128877.41,90848.83
2001-03-16,128892.98,89026.65
2001-03-19,128939.91,90837.99
2001-03-20,128955.53,88399.64
2001-03-21,128971.00,86897.94
2001-03-22,128985.88,86015.49
2001-03-23,129000.58,88616.39
2001-03-26,129045.00,89746.54
2001-03-27,129059.82,91581.10
2001-03-28,129074.81,89049.87
2001-03-29,129089.77,89390.47
2001-03-30,129104.69,90327.10
2001-04-02,129149.26,88399.64
2001-04-03,129163.84,85450.41
2001-04-04,129178.17,85806.49
2001-04-05,129192.33,89057.62
2001-04-06,129206.52,87702.98
2001-04-09,129247.41,88678.31
2001-04-10,129261.00,90296.14
2001-04-11,129274.64,90358.07
2001-04-12,129288.73,91999.11
2001-04-16,129344.27,91031.51
2001-04-17,129358.63,92316.48
2001-04-18,129372.87,95985.61
2001-04-19,129386.41,97262.84
2001-04-20,129399.81,96372.65
2001-04-23,129438.95,94623.23
2001-04-24,129451.93,94112.34
2001-04-25,129465.09,95343.12
2001-04-26,129478.39,95768.87
2001-04-27,129491.66,97363.46
2001-04-30,129531.68,98044.66
2001-05-01,129545.37,98346.54
2001-05-02,129558.97,98168.50
2001-05-03,129572.46,96922.24
2001-05-04,129544.19,98571.02
2001-05-07,129123.62,97719.54
2001-05-08,129545.99,97673.10
2001-05-09,129273.82,97262.84
2001-05-10,129143.97,97549.24
2001-05-11,129450.42,96875.80
2001-05-14,129225.58,97069.32
2001-05-15,130436.41,97518.28
2001-05-16,132498.05,99817.29
2001-05-17,134235.85,99972.10
2001-05-18,135291.80,100428.82
2001-05-21,135337.24,101907.29
2001-05-22,132841.58,101775.70
2001-05-23,131916.39,100049.51
2001-05-24,131066.36,100343.67
2001-05-25,131079.36,99159.33
2001-05-29,131130.79,98369.77
2001-05-30,131143.83,96991.91
2001-05-31,131156.76,97495.05
2001-06-01,131169.52,98098.84
2001-06-04,131208.22,98571.02
2001-06-05,131221.16,99701.18
2001-06-06,131233.93,98872.92
2001-06-07,131246.65,99228.99
2001-06-08,131259.42,98307.84
2001-06-11,131297.82,97611.17
2001-06-12,131310.49,97440.87
2001-06-13,131323.01,96604.87
2001-06-14,131335.49,94437.45
2001-06-15,131348.01,94589.60
2001-06-18,131385.15,94131.60
2001-06-19,131397.53,94543.03
2001-06-20,131409.88,95039.84
2001-06-21,131422.16,96118.87
2001-06-22,131434.51,95365.88
2001-06-25,131470.91,94488.69
2001-06-26,131483.09,94356.72
2001-06-27,131495.26,94302.38
2001-06-28,131507.66,94822.49
2001-06-29,131520.48,95171.81
2001-07-02,131559.07,96359.52
2001-07-03,131572.01,96336.23
2001-07-05,131597.82,94457.63
2001-07-06,131610.70,92416.02
2001-07-09,131649.10,92920.60
2001-07-10,131661.97,91802.76
2001-07-11,131674.78,91895.91
2001-07-12,131687.40,94077.26
2001-07-13,131700.10,94892.35
2001-07-16,131738.42,93704.64
2001-07-17,131751.27,94581.84
2001-07-18,131764.01,93937.53
2001-07-19,131776.51,94760.38
2001-07-20,131789.03,94193.70
2001-07-23,131826.40,92338.39
2001-07-24,131838.97,91445.67
2001-07-25,131851.54,92454.83
2001-07-26,131864.11,93425.18
2001-07-27,131876.69,93782.27
2001-07-30,131914.30,93813.32
2001-07-31,131926.91,94201.46
2001-08-01,131939.42,94791.44
2001-08-02,131951.89,95179.57
2001-08-03,131964.36,94659.47
2001-08-06,132001.67,93386.37
2001-08-07,132014.11,93751.22
2001-08-08,132026.55,92012.35
2001-08-09,132038.89,92284.05
2001-08-10,132051.12,92602.33
2001-08-13,132087.58,92625.62
2001-08-14,132099.78,92586.80
2001-08-15,132111.90,91787.23
2001-08-16,132124.03,92105.51
2001-08-17,132136.05,90630.58
2001-08-20,132171.78,91468.96
2001-08-21,132183.87,89908.64
2001-08-22,132195.86,90840.17
2001-08-23,132207.85,90514.14
2001-08-24,132219.91,92392.73
2001-08-27,132256.31,91841.57
2001-08-28,132268.53,90498.61
2001-08-29,132280.59,89691.28
2001-08-30,132292.70,87967.94
2001-08-31,132304.62,88612.25
2001-09-04,132352.47,88045.57
2001-09-05,132364.65,88262.93
2001-09-06,132376.73,85988.43
2001-09-07,132388.59,84397.06
2001-09-10,132423.41,85429.51
2001-09-17,132504.42,80965.91
2001-09-18,132513.64,80771.84
2001-09-19,132522.47,79141.65
2001-09-20,132530.27,76626.50
2001-09-21,132538.19,75799.78
2001-09-24,132562.26,78464.62
2001-09-25,132570.72,79282.77
2001-09-26,132579.26,79002.26
2001-09-27,132587.72,79687.95
2001-09-28,132596.19,81378.80
2001-10-01,132621.80,81246.33
2001-10-02,132630.23,82267.08
2001-10-03,132638.29,83646.24
2001-10-04,132646.25,83716.37
2001-10-05,132654.14,83552.74
2001-10-08,132677.58,83007.31
2001-10-09,132685.39,82563.17
2001-10-10,132693.32,84402.06
2001-10-11,132701.24,85711.10
2001-10-12,132709.35,85321.51
2001-10-15,132733.46,85165.67
2001-10-16,132741.50,85703.31
2001-10-17,130054.50,83880.00
2001-10-18,129756.82,83700.79
2001-10-19,130612.72,83646.24
2001-10-22,130863.34,85298.13
2001-10-23,130506.39,84861.79
2001-10-24,130520.17,84635.82
2001-10-25,131650.98,86155.24
2001-10-26,131255.18,85960.44
2001-10-29,130940.89,83724.16
2001-10-30,130585.17,82719.01
2001-10-31,130592.36,82438.50
2001-11-01,130599.55,84550.11
2001-11-02,130606.78,85126.71
2001-11-05,130627.92,86240.95
2001-11-06,130634.98,87581.16
2001-11-07,130704.08,87464.28
2001-11-08,130298.26,87737.00
2001-11-09,130304.72,87830.51
2001-11-12,130323.99,87292.86
2001-11-13,130330.42,89256.43
2001-11-14,130336.88,89342.14
2001-11-15,130086.52,89505.77
2001-11-16,129812.05,89108.38
2001-11-19,130118.07,90207.04
2001-11-20,129518.51,89451.23
2001-11-21,129525.28,88859.04
2001-11-23,129538.91,90136.91
2001-11-26,129559.25,90331.71
2001-11-27,129566.13,89942.11
2001-11-28,129572.81,88313.60
2001-11-29,129579.34,89505.77
2001-11-30,129585.62,88866.83
2001-12-03,129604.26,88336.98
2001-12-04,129610.48,89833.03
2001-12-05,129616.55,91477.12
2001-12-06,129622.73,91430.37
2001-12-07,129628.83,90822.60
2001-12-10,129646.52,89123.96
2001-12-11,129652.49,88944.75
2001-12-12,129172.74,89046.04
2001-12-13,128322.82,87316.24
2001-12-14,128328.66,88149.97
2001-12-17,128346.59,89061.63
2001-12-18,128352.60,89591.48
2001-12-19,128358.51,90222.62
2001-12-20,128364.35,89334.35
2001-12-21,128370.18,89876.18
2001-12-24,128387.91,89704.17
2001-12-26,128399.80,90196.75
2001-12-27,128405.85,90744.06
2001-12-28,128411.86,90697.15
2001-12-31,128429.70,89367.97
2002-01-02,128441.74,90329.67
2002-01-03,128447.75,91353.92
2002-01-04,128453.73,91963.78
2002-01-07,128471.58,91314.83
2002-01-08,128477.42,91103.72
2002-01-09,128483.23,90360.94
2002-01-10,128489.04,90759.70
2002-01-11,128494.84,89868.37
2002-01-14,128511.21,89305.42
2002-01-15,128516.67,90032.56
2002-01-16,128522.20,88210.79
2002-01-17,128527.76,88875.38
2002-01-18,128533.43,88468.81
2002-01-22,128555.83,87858.95
2002-01-23,128561.68,88531.36
2002-01-24,128567.59,88805.02
2002-01-25,128573.55,88781.56
2002-01-28,128591.41,89023.94
2002-01-29,128597.39,86224.84
2002-01-30,128603.35,87468.02
2002-01-31,128609.41,88492.27
2002-02-01,128615.51,88077.88
2002-02-04,128633.79,85888.63
2002-02-05,128639.93,85356.96
2002-02-06,128646.02,84989.48
2002-02-07,128652.05,84457.81
2002-02-08,128658.04,86076.28
2002-02-11,128676.02,87131.81
2002-02-12,128682.01,86858.15
2002-02-13,128688.08,87780.76
2002-02-14,128694.17,87616.57
2002-02-15,128700.24,86701.78
2002-02-19,128724.36,85036.40
2002-02-20,128730.39,86467.22
2002-02-21,128736.49,84676.74
2002-02-22,128742.59,85724.44
2002-02-25,128760.90,87139.63
2002-02-26,128767.04,86959.80
2002-02-27,128773.17,87296.01
2002-02-28,128779.31,86905.07
2002-03-01,128785.52,88930.12
2002-03-04,128803.94,90501.68
2002-03-05,128810.15,90212.38
2002-03-06,128816.40,91283.55
2002-03-07,128822.57,91088.08
2002-03-08,128921.81,91471.20
2002-03-11,128918.54,91666.67
2002-03-12,128128.42,91611.94
2002-03-13,127546.07,90728.42
2002-03-14,127552.33,90603.32
2002-03-15,127558.69,91466.63
2002-03-18,127577.77,91482.31
2002-03-19,127507.64,92093.92
2002-03-20,127850.08,90361.03
2002-03-21,128919.80,90400.24
2002-03-22,127923.53,90204.21
2002-03-25,127909.64,89082.93
2002-03-26,127674.47,89600.44
2002-03-27,127680.70,89835.68
2002-03-28,127686.92,89796.47
2002-04-01,127711.55,89835.68
2002-04-02,127717.68,89341.69
2002-04-03,127723.87,88714.40
2002-04-04,127730.03,88345.86
2002-04-05,127736.15,88361.55
2002-04-08,127754.31,88549.73
2002-04-09,127760.33,87930.29
2002-04-10,127766.29,88926.11
2002-04-11,127772.17,86714.91
2002-04-12,127778.08,87365.72
2002-04-15,127795.73,86699.23
2002-04-16,127801.61,88761.44
2002-04-17,127807.60,88573.26
2002-04-18,127813.55,88189.04
2002-04-19,127819.47,88510.53
2002-04-22,127837.33,87036.40
2002-04-23,127843.24,86660.02
2002-04-24,127849.20,85789.66
2002-04-25,127855.12,85836.71
2002-04-26,127861.11,84205.75
2002-04-29,127879.18,83790.18
2002-04-30,127885.28,84574.29
2002-05-01,127891.38,85609.32
2002-05-02,127897.47,85279.99
2002-05-03,127903.57,84354.74
2002-05-06,127921.76,82700.26
2002-05-07,127927.82,82410.14
2002-05-08,127933.88,85476.02
2002-05-09,127939.95,84488.04
2002-05-10,127946.05,82896.29
2002-05-13,127964.35,84582.13
2002-05-14,127970.45,86424.79
2002-05-15,127976.58,86087.62
2002-05-16,127982.65,86534.57
2002-05-17,127988.68,86957.99
2002-05-20,128006.88,86017.05
2002-05-21,128012.91,85232.94
2002-05-22,128018.94,85421.13
2002-05-23,128024.94,86330.70
2002-05-24,128030.94,85225.10
2002-05-28,128054.93,84762.47
2002-05-29,128061.00,84135.19
2002-05-30,128067.03,83899.95
2002-05-31,128073.07,84072.46
2002-06-03,128091.07,81837.74
2002-06-04,128097.10,82041.60
2002-06-05,128103.18,82810.04
2002-06-06,128109.21,81124.20
2002-06-07,128115.21,81030.10
2002-06-10,128133.22,81343.75
2002-06-11,128139.26,79948.03
2002-06-12,128145.30,80434.18
2002-06-13,128151.30,79626.55
2002-06-14,128157.23,79508.93
2002-06-17,128174.93,81641.71
2002-06-18,128180.90,82308.21
2002-06-19,128186.87,80387.13
2002-06-20,128192.77,79359.94
2002-06-21,128198.74,78119.07
2002-06-24,128216.55,78528.24
2002-06-25,128222.52,76765.68
2002-06-26,128228.49,76891.58
2002-06-27,128234.36,78237.10
2002-06-28,128240.23,77867.28
2002-07-01,128257.83,76348.65
2002-07-02,128263.73,74727.72
2002-07-03,128269.67,75152.63
2002-07-05,128281.55,78142.68
2002-07-08,128299.37,77166.98
2002-07-09,128305.34,75223.44
2002-07-10,128311.28,72485.19
2002-07-11,128317.23,73075.33
2002-07-12,128323.17,72272.73
2002-07-15,128340.89,72658.29
2002-07-16,128346.79,71257.69
2002-07-17,128352.74,71399.32
2002-07-18,128358.68,69085.97
2002-07-19,128364.62,66654.58
2002-07-22,128382.35,64679.57
2002-07-23,128388.26,62909.14
2002-07-24,128394.13,66662.45
2002-07-25,128399.97,66095.91
2002-07-26,128405.84,67354.88
2002-07-29,128423.36,70636.07
2002-07-30,128429.31,71556.70
2002-07-31,128435.26,71729.80
2002-08-01,128441.17,69857.08
2002-08-02,128446.97,68291.24
2002-08-05,128463.87,65914.93
2002-08-06,128469.53,68133.87
2002-08-07,128475.23,69322.02
2002-08-08,128480.72,71564.56
2002-08-09,128486.32,71832.09
2002-08-12,128503.11,71304.90
2002-08-13,128508.89,70006.59
2002-08-14,128514.52,72563.87
2002-08-15,128520.19,73571.04
2002-08-16,128525.79,73350.73
2002-08-19,128542.58,75066.07
2002-08-20,128548.32,74271.35
2002-08-21,128590.01,75341.47
2002-08-22,128348.66,76073.25
2002-08-23,127738.18,74436.59
2002-08-26,127905.49,74955.91
2002-08-27,127911.24,74090.37
2002-08-28,127917.02,72469.45
2002-08-29,127922.77,72500.92
2002-08-30,127928.55,72217.65
2002-09-03,127951.83,69463.66
2002-09-04,127957.47,70455.10
2002-09-05,127963.08,69857.08
2002-09-06,127968.62,70817.05
2002-09-09,127985.76,71336.38
2002-09-10,127991.58,72154.70
2002-09-11,127997.37,71706.19
2002-09-12,128003.19,70384.28
2002-09-13,128009.01,70557.38
2002-09-16,128026.48,70730.49
2002-09-17,128032.37,69109.57
2002-09-18,128038.23,68417.14
2002-09-19,128044.02,66646.71
2002-09-20,128049.70,66668.84
2002-09-23,128066.75,66123.48
2002-09-24,128072.43,65056.46
2002-09-25,128078.12,66668.84
2002-09-26,128083.84,67759.57
2002-09-27,128089.52,65404.23
2002-09-30,128106.37,64645.46
2002-10-01,128111.77,67751.67
2002-10-02,128117.25,65720.38
2002-10-03,128122.69,65056.46
2002-10-04,128128.09,63862.98
2002-10-07,128144.73,62543.04
2002-10-08,128150.35,63523.12
2002-10-09,128155.90,61728.94
2002-10-10,128161.30,63728.61
2002-10-11,128166.75,66518.67
2002-10-14,128183.08,66890.15
2002-10-15,128188.52,70107.01
2002-10-16,128194.31,68407.69
2002-10-17,128200.04,69767.14
2002-10-18,128205.80,70059.59
2002-10-21,128223.08,71268.87
2002-10-22,128228.98,70755.12
2002-10-23,128234.81,71292.58
2002-10-24,127774.67,69838.28
2002-10-25,127484.16,71292.58
2002-10-28,127501.03,70826.26
2002-10-29,127506.48,70004.26
2002-10-30,127511.65,70683.99
2002-10-31,127516.82,69964.74
2002-11-01,127521.79,71347.91
2002-11-04,127516.68,72027.64
2002-11-05,127225.56,72596.72
2002-11-06,128571.71,73537.27
2002-11-07,128078.70,71735.20
2002-11-08,127418.08,70857.88
2002-11-11,127430.65,69759.24
2002-11-12,127434.84,70312.51
2002-11-13,127439.03,70383.65
2002-11-14,127443.18,71711.49
2002-11-15,127447.37,72241.05
2002-11-18,127459.94,71513.90
2002-11-19,127464.17,71419.05
2002-11-20,127468.33,73007.72
2002-11-21,128129.34,74367.17
2002-11-22,127891.72,73837.62
2002-11-25,127757.85,73885.05
2002-11-26,126969.07,72478.16
2002-11-27,127334.25,74517.35
2002-11-29,127156.17,74280.24
2002-12-02,126348.18,74398.79
2002-12-03,124454.94,73402.91
2002-12-04,124459.07,73070.95
2002-12-05,124463.16,72264.76
2002-12-06,124467.25,72738.99
2002-12-09,124479.42,70739.32
2002-12-10,124483.55,71687.77
2002-12-11,124487.61,71751.01
2002-12-12,124491.67,71743.10
2002-12-13,124495.73,70612.85
2002-12-16,124507.90,72438.64
2002-12-17,124512.03,71806.33
2002-12-18,124516.13,70976.43
2002-12-19,124520.18,70470.59
2002-12-20,124524.24,71476.13
2002-12-23,124536.42,71499.95
2002-12-24,124540.42,70967.80
2002-12-26,124548.40,70999.57
2002-12-27,124552.36,69403.09
2002-12-30,124564.03,69982.91
2002-12-31,124568.12,70078.22
2003-01-02,124576.31,72333.94
2003-01-03,124580.41,72556.33
2003-01-06,124592.70,73835.10
2003-01-07,124596.76,73652.42
2003-01-08,124600.75,72588.10
2003-01-09,124604.75,73715.96
2003-01-10,124608.78,73914.53
2003-01-13,124620.86,73890.70
2003-01-14,125204.61,74128.98
2003-01-15,126204.94,73390.31
2003-01-16,126806.53,73088.49
2003-01-17,127009.31,72008.29
2003-01-21,126683.70,70888.37
2003-01-22,125351.05,70030.56
2003-01-23,125355.00,70459.47
2003-01-24,125358.95,68608.82
2003-01-27,125370.70,67671.59
2003-01-28,125374.65,68171.98
2003-01-29,125378.63,68688.25
2003-01-30,125382.62,67060.00
2003-01-31,125386.60,68354.66
2003-02-03,125398.55,68489.69
2003-02-04,125402.54,67814.55
2003-02-05,125406.46,67393.59
2003-02-06,125410.44,67075.88
2003-02-07,125414.39,66257.79
2003-02-10,125426.25,66726.41
2003-02-11,125430.20,66265.73
2003-02-12,125434.19,65209.36
2003-02-13,125438.17,65407.92
2003-02-14,125442.12,66837.61
2003-02-18,125458.07,68013.12
2003-02-19,125462.09,67655.70
2003-02-20,125466.08,66980.58
2003-02-21,125470.10,67655.70
2003-02-24,125482.17,66559.62
2003-02-25,125486.26,67091.77
2003-02-26,125490.32,66114.82
2003-02-27,125494.41,66988.51
2003-02-28,125498.50,67433.31
2003-03-03,125510.67,66789.95
2003-03-04,125514.73,65725.63
2003-03-05,125518.75,66281.62
2003-03-06,125522.74,65725.63
2003-03-07,125526.73,66178.36
2003-03-10,125538.08,64589.83
2003-03-11,125541.72,63954.41
2003-03-12,125545.44,64383.32
2003-03-13,125549.15,66607.27
2003-03-14,125552.94,66821.72
2003-03-17,125564.39,68926.53
2003-03-18,125568.28,69331.61
2003-03-19,125572.13,69863.77
2003-03-20,125576.05,70014.68
2003-03-21,125580.01,71509.13
2003-03-24,125591.98,69132.68
2003-03-25,125595.94,69794.57
2003-03-26,125599.93,69443.69
2003-03-27,125603.92,69499.51
2003-03-28,125607.85,69148.62
2003-03-31,125619.41,67577.61
2003-04-01,125623.26,68614.32
2003-04-02,125627.05,70273.06
2003-04-03,125630.87,69938.12
2003-04-04,125634.62,70352.80
2003-04-07,125645.88,70217.24
2003-04-08,125649.84,70328.88
2003-04-09,125653.73,69403.81
2003-04-10,125797.02,69786.60
2003-04-11,126114.49,69499.51
2003-04-14,126124.81,70934.95
2003-04-15,126096.93,71596.86
2003-04-16,125762.93,70376.73
2003-04-17,125766.89,71421.41
2003-04-21,125782.88,71493.19
2003-04-22,125786.87,72840.91
2003-04-23,125790.87,73510.79
2003-04-24,125794.84,72856.86
2003-04-25,125798.73,71955.72
2003-04-28,125810.31,73199.77
2003-04-29,125814.17,73454.96
2003-04-30,125818.07,73295.47
2003-05-01,125821.89,73287.49
2003-05-02,125825.62,74332.18
2003-05-05,125836.99,74188.63
2003-05-06,125840.82,74890.41
2003-05-07,125844.54,74475.72
2003-05-08,125848.30,73726.10
2003-05-09,125851.99,74746.87
2003-05-12,125648.43,75663.95
2003-05-13,125470.19,75528.38
2003-05-14,125196.39,75368.89
2003-05-15,124926.90,75847.37
2003-05-16,125013.50,75655.98
2003-05-19,124438.70,73885.60
2003-05-20,124469.78,73734.08
2003-05-21,124473.26,73885.60
2003-05-22,124476.80,74619.27
2003-05-23,124480.42,74770.79
2003-05-27,124494.88,76078.64
2003-05-28,124498.53,76293.95
2003-05-29,124502.28,76094.59
2003-05-30,124505.96,77314.71
2003-06-02,123673.35,77633.70
2003-06-03,123416.31,77952.69
2003-06-04,123419.89,79077.13
2003-06-05,123423.38,79467.89
2003-06-06,123426.83,79156.87
2003-06-09,123437.28,78351.43
2003-06-10,123440.69,79148.90
2003-06-11,123443.90,79986.24
2003-06-12,123447.02,80233.46
2003-06-13,123450.06,79396.11
2003-06-16,123458.58,81070.80
2003-06-17,123461.46,81070.80
2003-06-18,123464.43,80999.03
2003-06-19,123467.38,79762.95
2003-06-20,123470.08,79586.87
2003-06-23,123478.30,78770.51
2003-06-24,123481.11,78850.55
2003-06-25,123483.85,78058.20
2003-06-26,123486.90,79074.65
2003-06-27,123489.91,78162.25
2003-06-30,123498.53,78138.24
2003-07-01,123501.55,78858.55
2003-07-02,123504.49,79850.99
2003-07-03,123507.37,79026.63
2003-07-07,123518.87,80595.31
2003-07-08,123521.92,80955.47
2003-07-09,123524.96,80499.27
2003-07-10,123527.94,79474.83
2003-07-11,123530.88,80227.15
2003-07-14,123035.08,80619.33
2003-07-15,122876.08,80443.25
2003-07-16,122745.04,79971.04
2003-07-17,122748.03,78834.54
2003-07-18,122750.99,79642.90
2003-07-21,122759.97,78658.47
2003-07-22,122763.03,79370.78
2003-07-23,122766.09,79426.80
2003-07-24,122769.15,78826.54
2003-07-25,122772.21,80219.15
2003-07-28,122781.39,79923.02
2003-07-29,122784.59,79554.86
2003-07-30,122787.85,79362.78
2003-07-31,122791.08,79546.85
2003-08-01,122794.24,78842.55
2003-08-04,122803.63,78842.55
2003-08-05,122806.83,77169.81
2003-08-06,122809.99,77618.01
2003-08-07,122813.12,78434.37
2003-08-08,122816.25,78658.47
2003-08-11,122825.74,78954.60
2003-08-12,122828.90,79674.91
2003-08-13,122832.03,79266.73
2003-08-14,122835.19,79482.83
2003-08-15,122838.35,79730.94
2003-08-18,122847.74,80419.24
2003-08-19,122850.91,80723.37
2003-08-20,122854.07,80395.22
2003-08-21,122857.24,80651.34
2003-08-22,122860.43,79850.99
2003-08-25,122870.13,79979.04
2003-08-26,122873.49,80123.11
2003-08-27,122876.83,80147.12
2003-08-28,122880.13,80643.34
2003-08-29,122883.39,81187.58
2003-09-02,122896.32,82276.05
2003-09-03,123243.55,82724.25
2003-09-04,123950.74,82764.27
2003-09-05,123652.43,82300.06
2003-09-08,125027.82,82980.36
2003-09-09,124257.35,82436.12
2003-09-10,123092.31,81603.76
2003-09-11,123095.48,81843.86
2003-09-12,123098.65,81995.93
2003-09-15,123108.16,81707.80
2003-09-16,123111.33,82900.33
2003-09-17,123114.40,82740.25
2003-09-18,123117.54,83716.68
2003-09-19,123120.71,83290.87
2003-09-22,123130.12,82391.04
2003-09-23,123133.29,82704.37
2003-09-24,123136.39,81234.11
2003-09-25,123139.53,80567.26
2003-09-26,123142.63,80302.13
2003-09-29,123151.95,81089.49
2003-09-30,123155.15,80302.13
2003-10-01,123158.29,82013.43
2003-10-02,123161.43,82310.69
2003-10-03,123164.53,83065.91
2003-10-06,123173.84,83443.52
2003-10-07,123176.95,83764.89
2003-10-08,123179.99,83556.00
2003-10-09,123182.99,83780.96
2003-10-10,123185.99,84013.95
2003-10-13,123195.11,84279.08
2003-10-14,123198.14,84576.34
2003-10-15,122703.58,84351.38
2003-10-16,123060.60,84688.83
2003-10-17,122447.67,83764.89
2003-10-20,122456.83,84391.56
2003-10-21,122459.95,84246.94
2003-10-22,122463.00,83186.42
2003-10-23,122466.16,83033.77
2003-10-24,122469.31,83218.56
2003-10-27,122478.67,83258.73
2003-10-28,122481.90,84391.56
2003-10-29,122485.05,84504.04
2003-10-30,122488.20,84680.79
2003-10-31,122491.36,84600.45
2003-11-03,122500.82,85154.81
2003-11-04,122503.98,84970.02
2003-11-05,122507.10,85034.29
2003-11-06,122510.25,85484.21
2003-11-07,122513.41,84849.51
2003-11-10,122522.87,84504.04
2003-11-11,122526.06,84479.94
2003-11-12,122529.25,85427.98
2003-11-13,122532.37,85452.08
2003-11-14,122535.46,84728.99
2003-11-17,122544.83,84303.18
2003-11-18,122547.98,83427.45
2003-11-19,122551.14,84134.46
2003-11-20,122554.26,83379.24
2003-11-21,122557.39,83724.72
2003-11-24,122566.65,84833.44
2003-11-25,122569.81,85154.81
2003-11-26,122572.93,85460.11
2003-11-28,122579.11,85524.38
2003-12-01,122588.28,86448.32
2003-12-02,122591.40,86231.40
2003-12-03,122594.49,86094.82
2003-12-04,122597.58,86448.32
2003-12-05,122600.64,85845.75
2003-12-08,122609.71,86424.22
2003-12-09,122612.77,85757.38
2003-12-10,122615.82,85749.35
2003-12-11,122618.88,86713.45
2003-12-12,122621.84,86882.17
2003-12-15,122630.81,86448.32
2003-12-16,122633.80,86898.24
2003-12-17,122636.79,87171.40
2003-12-18,122639.74,88151.58
2003-12-19,122642.67,87906.18
2003-12-22,122651.34,88519.67
2003-12-23,122654.33,88576.18
2003-12-24,122657.28,88487.38
2003-12-26,122663.20,88551.96
2003-12-29,122400.15,89730.50
2003-12-30,122693.27,89746.64
2003-12-31,122525.91,89827.36
2004-01-02,122433.64,89787.01
2004-01-05,123377.64,90763.74
2004-01-06,123963.36,90852.54
2004-01-07,124176.48,91159.28
2004-01-08,124600.17,91522.52
2004-01-09,124262.38,90723.38
2004-01-12,124642.12,91393.37
2004-01-13,124142.38,90860.60
2004-01-14,124387.82,91619.39
2004-01-15,124633.23,91845.41
2004-01-16,126498.63,92208.66
2004-01-20,127026.78,92184.44
2004-01-21,125101.44,92910.94
2004-01-22,124326.28,92668.78
2004-01-23,124453.13,92370.11
2004-01-26,124462.13,93532.50
2004-01-27,124465.17,92571.91
2004-01-28,124468.20,91514.46
2004-01-29,124471.34,91603.25
2004-01-30,124474.48,91603.25
2004-02-02,124483.69,91998.79
2004-02-03,124486.86,91845.41
2004-02-04,124490.00,91094.70
2004-02-05,124493.13,91361.08
2004-02-06,124496.27,92386.25
2004-02-09,124505.58,92410.47
2004-02-10,124508.75,92709.14
2004-02-11,124511.93,93693.95
2004-02-12,124515.03,93354.91
2004-02-13,124518.14,92935.16
2004-02-17,124530.42,93774.67
2004-02-18,124533.59,93362.99
2004-02-19,124536.73,93015.88
2004-02-20,124539.87,92733.35
2004-02-23,124549.29,92499.26
2004-02-24,124552.53,92337.82
2004-02-25,124555.77,92725.28
2004-02-26,124558.98,92781.79
2004-02-27,124562.18,92846.36
2004-03-01,124571.81,93766.60
2004-03-02,124575.05,93217.69
2004-03-03,124578.29,93387.20
2004-03-04,124581.54,93629.37
2004-03-05,124584.74,93944.18
2004-03-08,124594.27,92797.93
2004-03-09,124597.51,92426.61
2004-03-10,124600.72,90876.75
2004-03-11,124603.93,89698.21
2004-03-12,124607.17,90876.75
2004-03-15,124616.80,89762.79
2004-03-16,124620.04,90239.05
2004-03-17,124623.25,91248.07
2004-03-18,124626.39,91272.29
2004-03-19,124629.53,89964.06
2004-03-22,124638.96,88821.89
2004-03-23,124642.17,88667.98
2004-03-24,124645.34,88740.89
2004-03-25,124648.48,89915.46
2004-03-26,124651.63,89939.76
2004-03-29,124661.15,91203.43
2004-03-30,124664.40,91511.25
2004-03-31,124667.61,91616.56
2004-04-01,124670.79,92167.39
2004-04-02,124673.93,92864.03
2004-04-05,124683.46,93374.36
2004-04-06,124686.63,93074.65
2004-04-07,124689.78,92855.93
2004-04-08,124692.95,92645.32
2004-04-12,124705.53,93009.84
2004-04-13,124708.70,91705.66
2004-04-14,124711.88,91851.47
2004-04-15,124715.09,91503.15
2004-04-16,124718.27,92207.90
2004-04-19,124727.70,92207.90
2004-04-20,124730.95,90660.70
2004-04-21,124734.23,91268.24
2004-04-22,124737.58,92548.12
2004-04-23,124740.82,92637.22
2004-04-26,124750.67,92507.61
2004-04-27,124754.02,92588.62
2004-04-28,124757.33,91389.74
2004-04-29,124760.61,90587.80
2004-04-30,124763.86,89883.05
2004-05-03,124773.70,90847.01
2004-05-04,124777.09,90774.11
2004-05-05,124780.47,91357.34
2004-05-06,124783.79,90571.59
2004-05-07,124787.14,89073.00
2004-05-10,124797.91,88157.65
2004-05-11,124801.57,88902.89
2004-05-12,124805.12,89469.93
2004-05-13,124808.61,89097.30
2004-05-14,124811.96,89137.81
2004-05-17,124821.91,88376.36
2004-05-18,124825.50,88821.89
2004-05-19,124829.06,88514.07
2004-05-20,124832.55,88797.59
2004-05-21,124836.00,88951.49
2004-05-24,124846.37,89324.12
2004-05-25,124849.99,90604.00
2004-05-26,124853.62,90919.91
2004-05-27,124857.24,91430.25
2004-05-28,124860.80,91422.15
2004-06-01,124875.31,91300.64
2004-06-02,124879.24,91640.86
2004-06-03,124883.17,90798.41
2004-06-04,124887.11,91519.36
2004-06-07,124899.22,92912.63
2004-06-08,124903.43,93042.25
2004-06-09,124907.71,92175.49
2004-06-10,124911.99,92629.12
2004-06-14,124929.37,91713.77
2004-06-15,126360.19,92361.80
2004-06-16,126425.10,92345.60
2004-06-17,125935.03,92207.90
2004-06-18,127233.61,92381.88
2004-06-21,126883.62,92032.28
2004-06-22,127216.57,92495.70
2004-06-23,128235.07,93292.44
2004-06-24,128087.95,92999.76
2004-06-25,128064.20,92552.61
2004-06-28,130571.04,92235.53
2004-06-29,131617.14,92617.65
2004-06-30,131415.43,93113.58
2004-07-01,131076.45,91820.91
2004-07-02,130654.88,91772.12
2004-07-06,130628.59,90967.25
2004-07-07,131002.68,91235.54
2004-07-08,130896.72,90601.40
2004-07-09,131106.06,90837.17
2004-07-12,130623.38,90877.82
2004-07-13,130617.70,90942.86
2004-07-14,130622.43,90666.43
2004-07-15,130627.15,90081.07
2004-07-16,130631.87,90007.90
2004-07-19,130646.05,89625.79
2004-07-20,130650.81,90764.00
2004-07-21,130655.60,89089.20
2004-07-22,130660.36,89333.10
2004-07-23,130665.16,88585.14
2004-07-26,130679.66,88414.41
2004-07-27,130684.78,89243.67
2004-07-28,130689.93,89511.97
2004-07-29,130695.06,89894.08
2004-07-30,130700.14,90113.59
2004-08-02,130715.39,90300.58
2004-08-03,130720.69,89601.40
2004-08-04,130725.92,89593.26
2004-08-05,130731.15,88129.86
2004-08-06,130736.35,86869.70
2004-08-09,130751.50,86991.65
2004-08-10,130756.83,88113.59
2004-08-11,130762.14,87934.74
2004-08-12,130767.22,86975.39
2004-08-13,130772.27,87146.12
2004-08-16,130787.43,88048.56
2004-08-17,130792.70,88544.49
2004-08-18,130797.93,89455.05
2004-08-19,130803.16,89194.89
2004-08-20,130808.36,89820.91
2004-08-23,130824.05,89593.26
2004-08-24,130829.50,89715.22
2004-08-25,130834.95,90324.97
2004-08-26,130840.40,90324.97
2004-08-27,130845.85,90609.52
2004-08-30,130862.30,89861.56
2004-08-31,130868.00,90333.10
2004-09-01,130873.63,90503.83
2004-09-02,130879.19,91528.22
2004-09-03,130884.82,91154.24
2004-09-07,130908.06,91755.86
2004-09-08,130913.94,91528.22
2004-09-09,130919.75,91446.92
2004-09-10,130925.52,91918.46
2004-09-13,130943.06,92219.28
2004-09-14,130948.95,92406.27
2004-09-15,130954.79,91707.09
2004-09-16,130960.68,91983.50
2004-09-17,130966.56,92374.56
2004-09-20,130984.65,91819.41
2004-09-21,130990.75,92219.44
2004-09-22,130996.81,91068.33
2004-09-23,131002.84,90578.49
2004-09-24,131008.91,90994.86
2004-09-27,131027.21,90415.22
2004-09-28,131033.39,90847.90
2004-09-29,131039.45,91305.08
2004-09-30,131045.52,91239.77
2004-10-01,131051.55,92782.75
2004-10-04,131069.54,92937.86
2004-10-05,131075.61,92986.85
2004-10-06,131081.64,93623.63
2004-10-07,131087.68,92619.47
2004-10-08,131093.67,91852.07
2004-10-11,131111.67,92227.61
2004-10-12,131117.67,91868.39
2004-10-13,131123.74,91060.17
2004-10-14,131129.81,90325.42
2004-10-15,131135.95,90831.58
2004-10-18,131154.49,91174.46
2004-10-19,131160.89,90407.05
2004-10-20,131167.32,90227.45
2004-10-21,133007.98,90815.25
2004-10-22,132248.39,89794.76
2004-10-25,133247.72,89688.63
2004-10-26,133253.20,91060.17
2004-10-27,133760.29,92154.13
2004-10-28,133474.77,92431.70
2004-10-29,133699.31,92415.37
2004-11-01,133207.00,92668.46
2004-11-02,132193.03,92701.11
2004-11-03,133056.81,93868.55
2004-11-04,133063.81,95150.28
2004-11-05,133070.88,95746.25
2004-11-08,133092.64,95607.46
2004-11-09,133100.08,95419.69
2004-11-10,133107.52,95493.17
2004-11-11,133114.96,96219.75
2004-11-12,133122.40,96979.00
2004-11-15,133144.72,97217.27
2004-11-16,133152.35,96521.28
2004-11-17,133160.01,97094.45
2004-11-18,133167.63,97225.46
2004-11-19,133175.26,96144.63
2004-11-22,133198.24,96603.17
2004-11-23,133206.13,96750.55
2004-11-24,133213.97,96979.82
2004-11-26,133229.59,96906.12
2004-11-29,133253.25,96463.96
2004-11-30,133261.28,96529.47
2004-12-01,133269.27,97626.68
2004-12-02,133277.23,97708.56
2004-12-03,133285.19,97643.05
2004-12-06,133308.96,97610.30
2004-12-07,133317.07,96701.42
2004-12-08,133325.14,97266.40
2004-12-09,133333.18,97610.30
2004-12-10,133341.22,97708.56
2004-12-13,133365.44,98560.12
2004-12-14,133373.51,98904.02
2004-12-15,133381.48,98977.71
2004-12-16,133389.41,98920.39
2004-12-17,133397.30,98260.61
2004-12-20,133420.98,98285.29
2004-12-21,133428.99,99042.15
2004-12-22,133436.92,99280.73
2004-12-23,133444.78,99354.77
2004-12-27,133476.22,99149.10
2004-12-28,133484.42,99692.07
2004-12-29,133492.53,99840.15
2004-12-30,133500.54,99650.93
2004-12-31,133508.52,99437.04
2005-01-03,133532.44,98968.11
2005-01-04,133540.82,97758.78
2005-01-05,133549.23,97084.18
2005-01-06,133557.61,97577.79
2005-01-07,133565.92,97437.93
2005-01-10,133590.95,97898.63
2005-01-11,133599.47,97224.03
2005-01-12,133607.93,97544.88
2005-01-13,133616.35,96763.34
2005-01-14,133624.81,97273.39
2005-01-18,133658.78,98285.29
2005-01-19,133667.42,97256.94
2005-01-20,133675.95,96664.61
2005-01-21,133684.41,96072.28
2005-01-24,133709.80,95883.07
2005-01-25,133718.37,96154.55
2005-01-26,133727.01,96442.49
2005-01-27,133735.70,96607.03
2005-01-28,133744.49,96607.03
2005-01-31,133770.98,97207.58
2005-02-01,133780.07,97824.59
2005-02-02,133789.12,98120.75
2005-02-03,133798.18,97865.72
2005-02-04,133807.12,98910.52
2005-02-07,133833.85,98778.89
2005-02-08,133842.94,98894.07
2005-02-09,133852.03,98153.66
2005-02-10,133861.09,98507.41
2005-02-11,133870.15,99354.77
2005-02-14,133897.66,99280.73
2005-02-15,133907.01,99650.93
2005-02-16,133916.37,99716.75
2005-02-17,133925.65,98910.52
2005-02-18,133934.93,99042.15
2005-02-22,133972.51,97569.56
2005-02-23,133982.16,98268.83
2005-02-24,133991.82,98918.75
2005-02-25,134001.51,99897.74
2005-02-28,134031.14,99239.59
2005-03-01,134041.12,99733.20
2005-03-02,134051.04,99683.84
2005-03-03,134060.88,99724.97
2005-03-04,134070.80,100967.22
2005-03-07,134100.55,101016.58
2005-03-08,134110.51,100638.15
2005-03-09,133076.01,99519.30
2005-03-10,132911.21,99741.42
2005-03-11,132921.00,99042.15
2005-03-14,132950.50,99659.16
2005-03-15,132960.52,98836.48
2005-03-16,132970.54,97997.35
2005-03-17,132980.52,98194.79
2005-03-18,132990.46,97903.25
2005-03-21,133020.52,97539.85
2005-03-22,133030.73,96548.76
2005-03-23,133041.04,96631.35
2005-03-24,133051.14,96746.97
2005-03-28,133091.67,96887.38
2005-03-29,133101.85,96243.17
2005-03-30,133111.99,97605.92
2005-03-31,133122.09,97424.22
2005-04-01,133132.04,96986.49
2005-04-04,133162.03,97151.67
2005-04-05,133172.06,97614.18
2005-04-06,133182.06,97952.80
2005-04-07,133191.94,98481.38
2005-04-08,133201.83,97457.26
2005-04-11,133231.72,97531.58
2005-04-12,133241.61,98035.39
2005-04-13,133251.51,96879.12
2005-04-14,133261.44,95615.48
2005-04-15,133271.37,94277.51
2005-04-18,133301.27,94566.57
2005-04-19,133311.68,95318.15
2005-04-20,133322.09,93988.44
2005-04-21,133332.35,95813.70
2005-04-22,133342.65,95450.30
2005-04-25,133374.11,96077.99
2005-04-26,133384.63,95144.71
2005-04-27,133395.08,95516.37
2005-04-28,133405.43,94318.80
2005-04-29,133415.73,95598.96
2005-05-02,133446.88,96135.80
2005-05-03,133457.40,96300.98
2005-05-04,133467.83,97044.30
2005-05-05,133478.10,97011.26
2005-05-06,133488.16,96705.68
2005-05-09,133518.88,97308.59
2005-05-10,133529.34,96300.98
2005-05-11,133539.73,96829.56
2005-05-12,133550.01,95764.14
2005-05-13,133560.33,95574.18
2005-05-16,133590.63,96466.17
2005-05-17,133601.02,97110.38
2005-05-18,133611.34,98109.72
2005-05-19,133621.59,98522.68
2005-05-20,133631.88,98382.28
2005-05-23,133662.96,98927.37
2005-05-24,133673.62,98696.12
2005-05-25,133684.17,98621.79
2005-05-26,133694.75,99150.37
2005-05-27,133705.30,99315.55
2005-05-31,133747.79,98679.60
2005-06-01,133758.53,99522.03
2005-06-02,133769.19,99736.77
2005-06-03,133779.86,99232.96
2005-06-06,133812.19,99142.11
2005-06-07,133823.04,99216.44
2005-06-08,133833.89,99034.75
2005-06-09,133844.74,99505.51
2005-06-10,133855.49,99274.25
2005-06-13,133887.83,99588.10
2005-06-14,133898.73,99819.36
2005-06-15,133909.55,100009.31
2005-06-16,133920.34,100265.35
2005-06-17,133931.01,100636.85
2005-06-20,133963.16,100670.02
2005-06-21,133974.02,100728.06
2005-06-22,133984.88,100810.99
2005-06-23,133995.79,99392.98
2005-06-24,134006.80,98663.25
2005-06-27,134040.06,98804.22
2005-06-28,134051.41,99633.47
2005-06-29,134062.72,99368.11
2005-06-30,134073.96,98829.10
2005-07-01,134085.20,99119.33
2005-07-05,134130.75,99915.40
2005-07-06,134142.33,99077.87
2005-07-07,134153.80,99467.61
2005-07-08,134165.12,100603.68
2005-07-11,134199.30,101117.81
2005-07-12,134210.81,101383.17
2005-07-13,134222.35,101524.14
2005-07-14,134233.94,101922.18
2005-07-15,134245.56,101864.12
2005-07-18,134280.65,101457.80
2005-07-19,134292.53,102013.39
2005-07-20,134304.45,102361.67
2005-07-21,134316.34,101764.62
2005-07-22,134328.37,102444.60
2005-07-25,134364.80,102154.36
2005-07-26,134377.21,102278.74
2005-07-27,134389.58,102651.91
2005-07-28,134401.84,103298.71
2005-07-29,134414.10,102610.44
2005-08-01,134451.00,102535.81
2005-08-02,134463.56,103149.45
2005-08-03,134476.12,103423.10
2005-08-04,134488.58,102593.86
2005-08-05,134501.07,101897.29
2005-08-08,134539.10,101706.57
2005-08-09,134551.89,102320.21
2005-08-10,134564.57,102270.46
2005-08-11,134577.21,102676.78
2005-08-12,134589.86,102046.56
2005-08-15,134627.91,102676.78
2005-08-16,134640.71,101341.70
2005-08-17,134653.48,101333.41
2005-08-18,134666.17,101325.12
2005-08-19,134678.79,101557.31
2005-08-22,134716.86,101557.31
2005-08-23,134729.63,101366.58
2005-08-24,134742.41,100462.71
2005-08-25,134755.14,100827.57
2005-08-26,134767.92,100139.30
2005-08-29,134806.35,100910.50
2005-08-30,134819.17,100379.78
2005-08-31,134831.95,101648.52
2005-09-01,134844.66,101573.89
2005-09-02,134857.22,101391.45
2005-09-06,134907.17,102577.27
2005-09-07,134919.92,102751.42
2005-09-08,134932.53,102411.43
2005-09-09,134945.10,103323.59
2005-09-12,134982.92,103116.28
2005-09-13,134995.64,102544.11
2005-09-14,135008.21,102170.94
2005-09-15,135020.60,102121.19
2005-09-16,135033.07,102847.37
2005-09-19,135071.03,102505.93
2005-09-20,135084.02,101639.85
2005-09-21,135097.12,100690.49
2005-09-22,135109.48,101048.58
2005-09-23,135122.03,101131.86
2005-09-26,135159.79,101248.45
2005-09-27,135172.60,101223.46
2005-09-28,135185.27,101323.39
2005-09-29,135197.82,102147.84
2005-09-30,135210.64,102464.29
2005-10-03,135249.20,102097.87
2005-10-04,135262.32,100948.65
2005-10-05,135275.47,99624.54
2005-10-06,135288.45,99266.45
2005-10-07,135301.49,99607.88
2005-10-10,135340.86,98766.78
2005-10-11,135353.99,98625.21
2005-10-12,135367.52,97850.73
2005-10-13,135380.95,97792.44
2005-10-14,135394.52,98825.08
2005-10-17,135435.59,99191.50
2005-10-18,135449.61,98117.22
2005-10-19,135463.60,99749.45
2005-10-20,135477.59,97992.30
2005-10-21,135491.55,98375.38
2005-10-24,135533.53,99899.35
2005-10-25,135547.79,99699.49
2005-10-26,135562.05,99408.02
2005-10-27,135576.20,98350.40
2005-10-28,135590.28,99766.11
2005-10-31,135632.96,100040.92
2005-11-01,135647.42,100340.72
2005-11-02,135661.80,101390.02
2005-11-03,135676.11,101823.06
2005-11-04,135690.42,101689.82
2005-11-07,135733.69,101789.75
2005-11-08,135748.09,101789.75
2005-11-09,135762.48,101922.99
2005-11-10,135776.99,102714.12
2005-11-11,135791.42,103063.89
2005-11-14,135834.72,103005.60
2005-11-15,135849.35,102630.85
2005-11-16,135863.94,102839.04
2005-11-17,135878.49,103796.73
2005-11-18,135893.09,104204.78
2005-11-21,135936.76,104729.44
2005-11-22,135951.32,105179.13
2005-11-23,135965.62,105787.05
2005-11-25,135994.38,105870.33
2005-11-28,136037.53,105120.84
2005-11-29,136052.02,105004.25
2005-11-30,136066.52,104437.97
2005-12-01,136080.91,105503.91
2005-12-02,136095.38,105637.15
2005-12-05,136139.00,105412.31
2005-12-06,136153.74,105612.17
2005-12-07,136168.47,104995.92
2005-12-08,136183.17,104929.30
2005-12-09,136197.53,105204.11
2005-12-12,136240.63,105304.04
2005-12-13,136254.93,106020.23
2005-12-14,136269.23,106436.61
2005-12-15,136283.45,106128.49
2005-12-16,136297.79,105786.92
2005-12-19,136340.81,105242.75
2005-12-20,136355.34,105343.21
2005-12-21,136369.83,105510.65
2005-12-22,136384.40,106063.19
2005-12-23,136398.94,106121.79
2005-12-27,136457.23,105041.82
2005-12-28,136471.81,105276.23
2005-12-29,136486.28,104807.41
2005-12-30,136500.94,104238.12
2006-01-03,136560.63,106071.56
2006-01-04,136575.86,106573.88
2006-01-05,136591.16,106640.85
2006-01-06,136606.50,107528.27
2006-01-09,136652.76,107804.54
2006-01-10,136668.26,107913.37
2006-01-11,136683.95,108256.62
2006-01-12,136699.68,107829.66
2006-01-13,136715.48,107729.19
2006-01-17,136778.86,107436.18
2006-01-18,136794.90,107009.21
2006-01-19,136810.83,107419.43
2006-01-20,136826.76,105460.42
2006-01-23,136874.55,105837.15
2006-01-24,136890.60,105945.99
2006-01-25,136906.73,106038.08
2006-01-26,136922.93,106624.11
2006-01-27,136939.21,107611.98
2006-01-30,136988.06,107528.27
2006-01-31,137004.50,106741.31
2006-02-01,137020.90,107486.41
2006-02-02,137037.31,106239.00
2006-02-03,137053.71,105711.57
2006-02-06,137102.94,105987.84
2006-02-07,137119.39,105050.20
2006-02-08,137135.89,106004.59
2006-02-09,137152.42,105828.78
2006-02-10,137168.99,106021.33
2006-02-13,137218.82,105828.78
2006-02-14,137235.55,106950.61
2006-02-15,137252.28,107327.34
2006-02-16,137268.98,108131.04
2006-02-17,137285.67,107838.02
2006-02-21,137352.32,107570.13
2006-02-22,137369.11,108223.14
2006-02-23,137385.89,108064.07
2006-02-24,137402.76,108340.34
2006-02-27,137453.46,108382.20
2006-02-28,137470.45,107352.45
2006-03-01,137487.43,108306.85
2006-03-02,137504.35,108298.48
2006-03-03,137521.30,107796.16
2006-03-06,137572.16,107302.22
2006-03-07,137589.09,107134.79
2006-03-08,137606.01,107360.83
2006-03-09,137622.86,106640.85
2006-03-10,137639.75,107653.84
2006-03-13,137690.66,107854.77
2006-03-14,137707.64,108984.97
2006-03-15,137724.54,109470.54
2006-03-16,137741.56,109696.58
2006-03-17,137758.54,109788.19
2006-03-20,137809.72,109611.69
2006-03-21,137826.90,108922.46
2006-03-22,137844.15,109586.48
2006-03-23,137861.41,109359.53
2006-03-24,137878.60,109443.59
2006-03-27,137930.05,109283.89
2006-03-28,137947.09,108611.48
2006-03-29,137964.21,109292.29
2006-03-30,137981.26,109098.98
2006-03-31,137998.27,109124.19
2006-04-03,138049.54,109040.13
2006-04-04,138066.75,109737.76
2006-04-05,138083.99,110115.99
2006-04-06,138101.21,109998.32
2006-04-07,138118.46,108880.43
2006-04-10,138170.34,109048.55
2006-04-11,138187.68,108123.97
2006-04-12,138205.02,108325.70
2006-04-13,138222.36,108182.82
2006-04-17,138291.74,108140.79
2006-04-18,138309.20,109855.44
2006-04-19,138326.67,110065.56
2006-04-20,138344.14,110216.86
2006-04-21,138361.61,110233.67
2006-04-24,138414.27,110031.95
2006-04-25,138431.86,109578.06
2006-04-26,138449.58,109603.28
2006-04-27,138467.29,110132.81
2006-04-28,138484.97,110502.64
2006-05-01,138537.90,109603.28
2006-05-02,138555.73,110426.99
2006-05-03,138573.54,110015.14
2006-05-04,138591.38,110410.18
2006-05-05,138609.15,111385.18
2006-05-08,138662.70,111250.70
2006-05-09,138680.74,111469.22
2006-05-10,138698.83,111410.40
2006-05-11,138716.92,110065.56
2006-05-12,138734.78,108628.29
2006-05-15,138788.60,108846.82
2006-05-16,138806.62,108687.12
2006-05-17,138824.53,106619.45
2006-05-18,138842.45,106081.52
2006-05-19,138860.36,106829.58
2006-05-22,138914.01,106014.28
2006-05-23,138931.93,105207.38
2006-05-24,138949.90,106047.90
2006-05-25,138967.79,107359.11
2006-05-26,138985.68,107905.45
2006-05-30,139057.58,105989.06
2006-05-31,139075.56,107174.19
2006-06-01,139093.62,108199.62
2006-06-02,139111.57,108426.56
2006-06-05,139165.19,106846.39
2006-06-06,139183.23,106585.83
2006-06-07,139201.30,105787.34
2006-06-08,139219.38,105694.88
2006-06-09,139237.46,105358.68
2006-06-12,139291.82,104215.57
2006-06-13,139310.17,103005.24
2006-06-14,139328.38,103803.72
2006-06-15,139346.59,106005.88
2006-06-16,139364.61,105233.40
2006-06-19,139419.02,104406.06
2006-06-20,139437.39,104760.63
2006-06-21,139455.73,105537.33
2006-06-22,139474.03,105073.00
2006-06-23,139492.33,105056.12
2006-06-26,139547.82,105520.44
2006-06-27,139566.59,104608.68
2006-06-28,139585.41,105317.83
2006-06-29,139604.07,107445.29
2006-06-30,139622.74,107453.73
2006-07-03,139678.62,107892.73
2006-07-05,139716.58,107276.44
2006-07-06,139735.26,107588.81
2006-07-07,139753.91,106888.10
2006-07-10,139810.08,107090.71
2006-07-11,139828.96,107563.48
2006-07-12,139847.81,106415.33
2006-07-13,139866.70,104684.65
2006-07-14,139885.55,104279.42
2006-07-17,139942.23,104127.46
2006-07-18,139961.33,104659.33
2006-07-19,139980.50,106111.41
2006-07-20,139999.60,105385.37
2006-07-21,140018.59,104642.44
2006-07-24,140075.67,106550.40
2006-07-25,140094.74,106930.31
2006-07-26,140113.93,107073.83
2006-07-27,140133.05,106972.52
2006-07-28,140152.13,108044.70
2006-07-31,140209.04,107934.94
2006-08-01,140228.13,107403.08
2006-08-02,140247.30,108129.12
2006-08-03,140266.39,108416.15
2006-08-04,140285.53,108230.42
2006-08-07,140342.72,107977.16
2006-08-08,140361.91,107563.48
2006-08-09,140381.02,107200.46
2006-08-10,140400.02,107529.71
2006-08-11,140418.95,107225.79
2006-08-14,140475.96,107310.21
2006-08-15,140495.17,108593.45
2006-08-16,140514.30,109496.77
2006-08-17,140533.31,109775.37
2006-08-18,140552.41,110332.56
2006-08-21,140609.82,109859.79
2006-08-22,140629.01,109851.34
2006-08-23,140648.16,109547.42
2006-08-24,140667.27,109454.55
2006-08-25,140686.39,109589.63
2006-08-28,140743.97,110113.05
2006-08-29,140763.14,110239.70
2006-08-30,140782.19,110307.24
2006-08-31,140801.16,110290.35
2006-09-01,140820.14,110948.85
2006-09-05,140895.61,111159.90
2006-09-06,140914.41,110180.59
2006-09-07,140933.09,109674.06
2006-09-08,140951.78,109986.42
2006-09-11,141007.39,110096.18
2006-09-12,141025.97,111176.79
2006-09-13,141044.44,111624.23
2006-09-14,141062.95,111632.67
2006-09-15,141081.58,111894.70
2006-09-18,141137.58,112047.32
2006-09-19,141156.22,111767.50
2006-09-20,141174.86,112361.05
2006-09-21,141193.47,111818.37
2006-09-22,141212.00,111479.20
2006-09-25,141267.71,112335.62
2006-09-26,141286.13,113268.36
2006-09-27,141304.55,113404.03
2006-09-28,141322.98,113361.63
2006-09-29,141341.37,113268.36
2006-10-02,141396.79,112844.39
2006-10-03,141415.23,113081.81
2006-10-04,141433.75,114404.60
2006-10-05,141452.35,114625.06
2006-10-06,141470.99,114480.91
2006-10-09,141527.03,114548.75
2006-10-10,141545.72,114701.39
2006-10-11,141564.61,114565.71
2006-10-12,141583.57,115557.81
2006-10-13,141602.70,115854.59
2006-10-16,141659.96,116032.65
2006-10-17,141679.21,115668.04
2006-10-18,141698.46,115820.67
2006-10-19,141717.72,116007.22
2006-10-20,141737.01,116032.65
2006-10-23,141794.80,116566.86
2006-10-24,141814.18,116914.52
2006-10-25,141833.61,117313.06
2006-10-26,141853.00,117677.67
2006-10-27,141872.39,116939.96
2006-10-30,141930.46,116855.16
2006-10-31,141949.79,116838.20
2006-11-01,141969.04,116049.62
2006-11-02,141988.25,115981.78
2006-11-03,142007.47,115778.27
2006-11-06,142065.36,117084.11
2006-11-07,142084.67,117533.52
2006-11-08,142103.94,117787.90
2006-11-09,142123.29,117168.90
2006-11-10,142142.60,117219.78
2006-11-13,142200.66,117508.08
2006-11-14,142219.99,118389.94
2006-11-15,142239.31,118729.12
2006-11-16,142258.64,119034.38
2006-11-17,142277.97,119068.29
2006-11-20,142335.98,119136.13
2006-11-21,143266.41,119254.84
2006-11-22,142830.26,119492.27
2006-11-24,142639.25,119008.94
2006-11-27,141924.04,117372.41
2006-11-28,141926.58,117881.18
2006-11-29,141945.67,119110.69
2006-11-30,141964.77,119161.57
2006-12-01,141983.83,118898.71
2006-12-04,142041.01,119806.00
2006-12-05,142060.00,120323.25
2006-12-06,142078.92,120221.50
2006-12-07,142097.83,119695.78
2006-12-08,142116.72,119916.24
2006-12-11,142173.25,120263.90
2006-12-12,142191.99,120170.62
2006-12-13,142210.72,120297.81
2006-12-14,142229.50,121357.74
2006-12-15,142248.33,121368.83
2006-12-18,142304.33,121036.29
2006-12-19,142323.20,121266.51
2006-12-20,142342.07,121198.30
2006-12-21,142360.95,120754.90
2006-12-22,142379.82,120013.09
2006-12-26,142455.66,120720.80
2006-12-27,142474.66,121513.78
2006-12-28,142493.59,121257.99
2006-12-29,142512.61,120754.90
2007-01-03,142608.07,120541.74
2007-01-04,142627.29,120797.54
2007-01-05,142646.48,119834.02
2007-01-08,142704.16,120388.26
2007-01-09,142723.52,120285.95
2007-01-10,142742.87,120686.69
2007-01-11,142762.27,121215.35
2007-01-12,142781.75,122136.24
2007-01-16,142859.36,121897.49
2007-01-17,142878.85,121948.65
2007-01-18,142898.38,121539.36
2007-01-19,142917.92,121778.12
2007-01-22,142976.77,121402.94
2007-01-23,142996.36,121761.06
2007-01-24,143015.98,122741.62
2007-01-25,143035.57,121300.61
2007-01-26,143055.21,121189.77
2007-01-29,143114.00,121121.56
2007-01-30,143133.64,121752.52
2007-01-31,143153.25,122571.09
2007-02-01,143172.82,123304.39
2007-02-02,143192.43,123474.92
2007-02-05,143251.40,123509.03
2007-02-06,143271.10,123543.13
2007-02-07,143290.76,123815.99
2007-02-08,143310.47,123653.98
2007-02-09,143330.22,122733.10
2007-02-12,143389.36,122315.29
2007-02-13,143409.16,123347.02
2007-02-14,143428.92,124157.06
2007-02-15,143448.65,124319.06
2007-02-16,143468.42,124259.37
2007-02-20,143547.66,124523.70
2007-02-21,143567.52,124472.54
2007-02-22,143587.34,124378.74
2007-02-23,143607.21,123892.73
2007-02-26,143666.82,123781.88
2007-02-27,143686.69,118947.25
2007-02-28,143706.34,120166.56
2007-03-01,143726.06,119808.44
2007-03-02,143745.75,118239.53
2007-03-05,143804.59,117114.02
2007-03-06,143824.17,119117.78
2007-03-07,143843.83,118998.41
2007-03-08,143863.42,120004.56
2007-03-09,143882.93,120038.67
2007-03-12,143941.58,120217.73
2007-03-13,143961.14,117881.42
2007-03-14,143980.63,118759.66
2007-03-15,144000.04,118921.67
2007-03-16,144019.41,118588.67
2007-03-19,144077.41,120018.27
2007-03-20,144096.87,120677.43
2007-03-21,144116.29,122663.46
2007-03-22,144135.68,122569.30
2007-03-23,144155.11,122749.07
2007-03-26,144213.64,122586.42
2007-03-27,144233.12,122295.37
2007-03-28,144252.60,121405.08
2007-03-29,144272.04,121533.48
2007-03-30,144291.45,121559.16
2007-04-02,144349.56,121696.13
2007-04-03,144368.98,123005.89
2007-04-04,144388.40,123142.86
2007-04-05,144407.87,123476.72
2007-04-09,144485.41,123647.93
2007-04-10,144504.77,123793.45
2007-04-11,144524.13,123288.39
2007-04-12,144543.53,123836.26
2007-04-13,144562.89,124401.26
2007-04-16,144620.88,125582.60
2007-04-17,144640.21,125916.46
2007-04-18,144659.51,126070.55
2007-04-19,144678.77,126036.30
2007-04-20,144698.00,127226.21
2007-04-23,144755.68,126746.83
2007-04-24,144774.91,126798.19
2007-04-25,144794.11,127962.42
2007-04-26,144813.27,128107.94
2007-04-27,144832.39,128005.22
2007-04-30,144889.65,126943.71
2007-05-01,144908.67,127269.02
2007-05-02,144927.56,128013.78
2007-05-03,144946.50,128707.19
2007-05-04,144965.41,129195.13
2007-05-07,145022.12,129220.81
2007-05-08,145041.07,129049.60
2007-05-09,145059.99,129400.59
2007-05-10,145078.83,128048.03
2007-05-11,145097.63,129143.77
2007-05-14,145154.04,128861.27
2007-05-15,145172.85,128895.52
2007-05-16,145191.54,129777.25
2007-05-17,145209.92,129520.43
2007-05-18,145228.54,130650.41
2007-05-21,145284.64,130581.93
2007-05-22,145303.59,130479.21
2007-05-23,145322.65,130496.33
2007-05-24,145341.65,129314.98
2007-05-25,145360.64,129854.29
2007-05-29,145436.31,130325.12
2007-05-30,145455.27,131386.62
2007-05-31,145474.04,131249.66
2007-06-01,145492.38,131900.25
2007-06-04,145548.10,131917.38
2007-06-05,145566.77,131395.19
2007-06-06,145585.51,129982.70
2007-06-07,145604.14,127637.13
2007-06-08,145622.77,129297.85
2007-06-11,145678.30,129520.43
2007-06-12,145696.66,128107.94
2007-06-13,145714.98,130025.50
2007-06-14,145733.07,130855.87
2007-06-15,145751.11,131600.41
2007-06-18,145804.18,131445.65
2007-06-19,145822.20,131772.36
2007-06-20,145840.26,129941.11
2007-06-21,145858.68,130663.28
2007-06-22,145876.94,129433.86
2007-06-25,145931.97,128814.85
2007-06-26,145950.72,127490.84
2007-06-27,145969.48,129304.89
2007-06-28,145988.03,129287.71
2007-06-29,146006.59,129330.68
2007-07-02,146062.76,130499.93
2007-07-03,146082.00,130972.79
2007-07-05,146120.51,130835.23
2007-07-06,146139.76,131523.02
2007-07-09,146197.54,131626.20
2007-07-10,146216.88,129751.96
2007-07-11,146236.15,130671.89
2007-07-12,146255.42,132735.26
2007-07-13,146274.78,133130.75
2007-07-16,146332.85,133113.55
2007-07-17,146352.25,133044.77
2007-07-18,146371.58,132804.04
2007-07-19,146390.90,133319.89
2007-07-20,146410.32,131970.09
2007-07-23,146468.44,132374.17
2007-07-24,146488.02,130078.67
2007-07-25,146507.61,130345.19
2007-07-26,146527.08,127258.72
2007-07-27,146546.26,124756.87
2007-07-30,146603.12,126708.49
2007-07-31,146622.48,125281.32
2007-08-01,146641.84,125891.72
2007-08-02,146660.92,126897.63
2007-08-03,146680.01,123630.62
2007-08-06,146736.91,125702.59
2007-08-07,146755.97,127043.79
2007-08-08,146775.27,128814.85
2007-08-09,146794.61,124997.60
2007-08-10,146813.39,124412.98
2007-08-13,146866.97,124860.04
2007-08-14,146885.52,122951.42
2007-08-15,146903.67,121257.73
2007-08-16,146920.17,122169.06
2007-08-17,146935.02,124412.98
2007-08-20,146979.10,124352.80
2007-08-21,146991.50,124602.11
2007-08-22,147005.64,126080.87
2007-08-23,147020.06,125969.11
2007-08-24,147035.32,127525.24
2007-08-27,147085.23,126338.79
2007-08-28,147103.37,123561.84
2007-08-29,147120.62,125986.30
2007-08-30,147136.26,125651.00
2007-08-31,147151.33,126889.03
2007-09-04,147214.39,128170.04
2007-09-05,147231.93,127060.97
2007-09-06,147249.03,127353.29
2007-09-07,147265.90,125582.23
2007-09-10,147313.83,125341.49
2007-09-11,147329.41,126803.06
2007-09-12,147153.71,127129.75
2007-09-13,148688.46,128023.89
2007-09-14,148154.20,128015.28
2007-09-17,148016.54,127327.50
2007-09-18,149287.50,131075.97
2007-09-19,149712.04,131849.73
2007-09-20,150112.03,130921.21
2007-09-21,150330.48,131274.51
2007-09-24,150190.21,131032.65
2007-09-25,149737.01,130773.50
2007-09-26,149507.56,131464.55
2007-09-27,150059.93,132241.99
2007-09-28,149716.35,131801.44
2007-10-01,149895.78,133287.21
2007-10-02,149911.51,133105.80
2007-10-03,149927.36,132838.02
2007-10-04,149943.22,133045.34
2007-10-05,149959.03,134626.13
2007-10-08,150006.98,133909.16
2007-10-09,150022.97,135170.33
2007-10-10,150039.24,134945.74
2007-10-11,150055.48,134297.88
2007-10-12,150071.97,135040.76
2007-10-15,150122.41,133900.52
2007-10-16,150139.65,132838.02
2007-10-17,150156.68,133244.02
2007-10-18,150172.76,132760.28
2007-10-19,150187.82,129287.73
2007-10-22,150234.11,130039.25
2007-10-23,150250.16,131093.11
2007-10-24,150266.14,130851.24
2007-10-25,150281.57,131162.21
2007-10-26,150297.38,132699.81
2007-10-29,150345.07,133140.36
2007-10-30,150361.17,132216.07
2007-10-31,150377.07,133589.54
2007-11-01,150392.89,130462.52
2007-11-02,150408.18,130609.37
2007-11-05,150451.70,129615.98
2007-11-06,150466.62,131360.90
2007-11-07,150481.71,127767.41
2007-11-08,150495.72,127119.55
2007-11-09,150509.33,125374.63
2007-11-12,150548.79,124130.73
2007-11-13,150561.95,127914.26
2007-11-14,150576.02,127560.09
2007-11-15,150589.75,125720.15
2007-11-16,150603.04,125936.11
2007-11-19,150644.13,124182.56
2007-11-20,150657.84,124942.72
2007-11-21,150670.92,122385.81
2007-11-23,150695.85,124502.18
2007-11-26,150734.87,121755.23
2007-11-27,150747.51,123154.62
2007-11-28,150760.23,127093.63
2007-11-29,150772.54,127136.81
2007-11-30,150784.60,128415.28
2007-12-03,150822.77,127568.72
2007-12-04,150835.12,126428.49
2007-12-05,150847.52,128544.84
2007-12-06,150859.92,130384.78
2007-12-07,150872.40,130358.87
2007-12-10,150910.10,131369.53
2007-12-11,150922.42,127767.41
2007-12-12,150934.29,129028.58
2007-12-13,150945.91,128760.80
2007-12-14,150957.49,127128.18
2007-12-17,150992.35,125314.17
2007-12-18,151004.80,126013.86
2007-12-19,151017.13,126013.86
2007-12-20,151028.92,126808.57
2007-12-21,151040.72,128636.56
2007-12-24,151076.97,129591.80
2007-12-26,151103.95,129869.69
2007-12-27,151117.37,128237.09
2007-12-28,151130.16,127915.79
2007-12-31,151168.67,126969.23
2008-01-02,151195.92,125857.66
2008-01-03,151209.09,125796.88
2008-01-04,151222.18,122714.05
2008-01-07,151260.96,122609.84
2008-01-08,151274.18,120629.88
2008-01-09,151287.32,121897.75
2008-01-10,151300.33,122696.68
2008-01-11,151313.43,121706.70
2008-01-14,151350.99,122688.00
2008-01-15,151363.89,119987.26
2008-01-16,151376.70,118953.86
2008-01-17,151389.39,115871.03
2008-01-18,151401.84,114681.32
2008-01-22,151448.13,113517.66
2008-01-23,151457.67,116244.45
2008-01-24,151466.63,117225.75
2008-01-25,151476.26,115532.35
2008-01-28,151504.27,117442.85
2008-01-29,151513.78,118024.68
2008-01-30,151523.04,117156.27
2008-01-31,151532.00,119292.54
2008-02-01,151539.97,121211.71
2008-02-04,151565.63,119683.33
2008-02-05,151574.85,116478.92
2008-02-06,151583.74,115541.04
2008-02-07,151592.25,116305.23
2008-02-08,151601.06,115558.41
2008-02-11,151628.22,116148.92
2008-02-12,151637.57,117225.75
2008-02-13,151646.91,118424.13
2008-02-14,151656.14,117382.05
2008-02-15,151665.53,117356.00
2008-02-19,151701.43,117686.00
2008-02-20,151710.70,118033.35
2008-02-21,151719.84,117052.05
2008-02-22,151728.78,117772.83
2008-02-25,151755.59,119257.81
2008-02-26,151764.53,120152.26
2008-02-27,151773.22,120030.68
2008-02-28,151781.29,118858.33
2008-02-29,151789.02,116209.72
2008-03-03,151811.60,115931.82
2008-03-04,151818.55,115488.94
2008-03-05,151825.33,116218.40
2008-03-06,151831.57,113812.91
2008-03-07,151837.27,112640.58
2008-03-10,151854.99,111155.60
2008-03-11,151860.52,115150.26
2008-03-12,151866.55,114073.44
2008-03-13,151872.59,114325.27
2008-03-14,151878.12,112553.73
2008-03-17,151892.60,111416.13
2008-03-18,151897.14,116044.72
2008-03-19,151900.92,113170.30
2008-03-20,151903.42,115266.53
2008-03-24,151913.74,117570.46
2008-03-25,151918.86,117683.92
2008-03-26,151924.15,116243.95
2008-03-27,151929.43,115877.42
2008-03-28,152017.62,114769.08
2008-03-31,152874.25,115170.53
2008-04-01,153635.77,119219.87
2008-04-02,153813.01,119298.41
2008-04-03,154188.42,119595.13
2008-04-04,153636.26,119464.23
2008-04-07,153184.20,119525.32
2008-04-08,152961.27,119403.15
2008-04-09,152281.80,118539.17
2008-04-10,152577.45,118704.98
2008-04-11,152282.52,116401.05
2008-04-14,152255.88,116008.32
2008-04-15,152267.44,116278.87
2008-04-16,157634.62,119429.33
2008-04-17,155850.99,119603.86
2008-04-18,157654.06,120851.82
2008-04-21,159010.01,120912.92
2008-04-22,156749.21,120380.57
2008-04-23,154872.43,120188.57
2008-04-24,152551.48,120712.20
2008-04-25,152668.94,121829.26
2008-04-28,152685.38,121855.44
2008-04-29,152691.32,121375.45
2008-04-30,152697.34,120659.83
2008-05-01,152703.24,123155.75
2008-05-02,152709.18,123496.11
2008-05-05,152727.63,122902.68
2008-05-06,152733.95,123967.37
2008-05-07,152740.65,121759.44
2008-05-08,152747.51,121445.27
2008-05-09,152754.33,121218.35
2008-05-12,152775.17,122579.78
2008-05-13,153793.32,122597.23
2008-05-14,152374.25,122850.32
2008-05-15,154875.23,124386.27
2008-05-16,157554.68,124499.72
2008-05-19,157721.13,124840.08
2008-05-20,158539.82,123827.74
2008-05-21,157614.41,121733.26
2008-05-22,157168.76,121750.70
2008-05-23,156496.16,120118.75
2008-05-27,156552.10,121008.91
2008-05-28,156349.35,121567.44
2008-05-29,156189.67,122178.33
2008-05-30,156197.67,122483.78
2008-06-02,156221.42,121218.35
2008-06-03,156229.21,120511.47
2008-06-04,156237.00,120450.39
2008-06-05,156244.75,122859.04
2008-06-06,156252.54,118940.60
2008-06-09,156275.79,119228.59
2008-06-10,156283.75,118635.16
2008-06-11,156292.23,116889.76
2008-06-12,156300.45,117334.83
2008-06-13,156308.84,118818.42
2008-06-16,156333.90,118888.24
2008-06-17,156342.63,118312.27
2008-06-18,156351.03,117160.29
2008-06-19,156359.12,117308.65
2008-06-20,156367.14,115404.54
2008-06-23,156390.65,115290.52
2008-06-24,156398.58,115062.49
2008-06-25,156406.29,115606.26
2008-06-26,156413.92,112466.36
2008-06-27,156421.21,111852.42
2008-06-30,156442.29,112247.10
2008-07-01,156450.31,112597.93
2008-07-02,156458.19,110668.38
2008-07-03,156465.87,110782.39
2008-07-07,156496.90,109650.97
2008-07-08,156504.79,111598.06
2008-07-09,156512.64,109449.25
2008-07-10,156520.31,109896.56
2008-07-11,156527.35,108616.03
2008-07-14,156547.67,107633.72
2008-07-15,156554.11,106116.39
2008-07-16,156559.98,108721.28
2008-07-17,156565.77,109808.85
2008-07-18,156571.78,110492.96
2008-07-21,156590.44,110554.36
2008-07-22,156596.70,111808.57
2008-07-23,156603.22,112413.74
2008-07-24,156609.92,110080.74
2008-07-25,156616.87,110054.43
2008-07-28,156638.88,108440.62
2008-07-29,156646.17,110756.08
2008-07-30,156653.43,112729.48
2008-07-31,156660.60,111238.47
2008-08-01,156667.68,110650.84
2008-08-04,156688.67,109624.66
2008-08-05,156696.05,112580.38
2008-08-06,156703.43,113080.30
2008-08-07,156710.35,111396.34
2008-08-08,157879.66,113466.22
2008-08-11,158591.06,114641.50
2008-08-12,157333.55,113448.68
2008-08-13,157680.68,112764.57
2008-08-14,159228.07,113615.32
2008-08-15,160582.33,114167.87
2008-08-18,160918.28,112606.69
2008-08-19,159411.56,111378.80
2008-08-20,159055.84,111896.27
2008-08-21,158448.97,112089.23
2008-08-22,159066.46,113711.79
2008-08-25,158911.17,111405.11
2008-08-26,158724.97,111729.63
2008-08-27,159837.27,112817.19
2008-08-28,161098.34,114185.42
2008-08-29,161121.78,112957.52
2008-09-02,162629.86,112255.87
2008-09-03,164525.68,112159.39
2008-09-04,160906.08,108782.68
2008-09-05,160106.31,109124.73
2008-09-08,161225.56,111378.80
2008-09-09,161387.40,108072.26
2008-09-10,160986.62,108510.79
2008-09-11,160095.22,110080.74
2008-09-12,159659.11,110589.44
2008-09-15,159678.27,105327.03
2008-09-16,159682.77,107089.94
2008-09-17,159686.45,102274.84
2008-09-18,159686.58,105309.49
2008-09-19,159687.59,109491.74
2008-09-22,159700.32,107012.91
2008-09-23,159705.96,104578.20
2008-09-24,159709.51,104913.41
2008-09-25,159711.69,106554.20
2008-09-26,159714.98,106607.13
2008-09-29,159726.27,98253.22
2008-09-30,159730.47,102319.90
2008-10-01,159734.40,102381.65
2008-10-02,159738.08,98667.83
2008-10-03,159740.79,97335.79
2008-10-06,159747.36,92378.14
2008-10-07,159749.72,88240.88
2008-10-08,159753.27,86017.88
2008-10-09,159756.20,80010.48
2008-10-10,159758.74,78069.76
2008-10-13,159761.89,89405.31
2008-10-14,159762.94,88082.10
2008-10-15,159764.43,79410.62
2008-10-16,159765.39,82718.66
2008-10-17,159767.36,82224.66
2008-10-20,159777.87,87164.67
2008-10-21,159783.29,84562.34
2008-10-22,159788.07,79957.55
2008-10-23,159792.58,80883.80
2008-10-24,159796.78,76781.83
2008-10-27,159808.07,74056.00
2008-10-28,159811.75,82709.84
2008-10-29,159815.08,82109.98
2008-10-30,159817.75,84950.49
2008-10-31,159819.50,85418.02
2008-11-03,159825.28,85665.02
2008-11-04,159827.43,88576.10
2008-11-05,159829.53,84853.45
2008-11-06,159831.24,80151.62
2008-11-07,159832.59,82798.06
2008-11-10,159836.53,81713.02
2008-11-11,159837.80,79190.08
2008-11-12,159839.07,75705.62
2008-11-13,159839.86,80425.09
2008-11-14,159840.78,76411.33
2008-11-17,159842.62,75396.87
2008-11-18,159843.15,76817.12
2008-11-19,159843.67,71894.75
2008-11-20,159843.98,66557.78
2008-11-21,159844.11,70148.10
2008-11-24,159844.37,75008.72
2008-11-25,159844.94,75564.48
2008-11-26,159845.38,78484.37
2008-11-28,159845.82,79472.37
2008-12-01,159845.95,72432.86
2008-12-02,159846.26,75220.43
2008-12-03,159846.52,77028.83
2008-12-04,159846.61,75246.90
2008-12-05,159846.69,77566.94
2008-12-08,159846.96,80275.12
2008-12-09,159847.09,78951.91
2008-12-10,159847.22,79490.01
2008-12-11,159847.22,77575.76
2008-12-12,159847.26,78502.01
2008-12-15,159847.53,77408.15
2008-12-16,159847.70,81051.41
2008-12-17,159648.93,80266.30
2008-12-18,159545.78,78766.66
2008-12-19,159442.41,78427.83
2008-12-22,159005.92,77422.91
2008-12-23,159005.96,76622.54
2008-12-24,159006.05,77067.20
2008-12-26,159006.05,77511.85
2008-12-29,159006.44,77289.52
2008-12-30,159006.70,79121.49
2008-12-31,159007.14,80250.90
2009-01-02,159994.69,82669.82
2009-01-05,157935.46,82571.99
2009-01-06,157858.09,83123.36
2009-01-07,156173.36,80633.31
2009-01-08,156012.76,80962.35
2009-01-09,156013.14,79228.20
2009-01-12,156014.04,77325.09
2009-01-13,155676.40,77467.38
2009-01-14,154955.90,75030.69
2009-01-15,154956.41,75057.37
2009-01-16,154956.88,75644.30
2009-01-20,154958.92,71651.32
2009-01-21,154959.47,74746.11
2009-01-22,154959.93,73590.01
2009-01-23,154960.36,73910.16
2009-01-26,154961.76,74417.06
2009-01-27,154962.40,75172.97
2009-01-28,154962.95,77716.39
2009-01-29,154963.76,75190.76
2009-01-30,154964.73,73661.16
2009-02-02,154967.79,73438.83
2009-02-03,154968.94,74470.42
2009-02-04,154970.29,74105.81
2009-02-05,154971.57,75208.55
2009-02-06,154972.80,77351.77
2009-02-09,154976.37,77458.49
2009-02-10,154977.72,73910.16
2009-02-11,154979.04,74345.92
2009-02-12,154980.31,74399.28
2009-02-13,154981.55,73598.90
2009-02-17,154986.47,70450.76
2009-02-18,154987.83,70281.79
2009-02-19,154989.15,69525.89
2009-02-20,154990.42,68850.01
2009-02-23,154993.86,66386.64
2009-02-24,154995.13,68903.37
2009-02-25,154996.49,68360.90
2009-02-26,154997.77,67249.27
2009-02-27,154998.91,65746.34
2009-03-02,155002.23,62784.95
2009-03-03,155003.41,62313.62
2009-03-04,155004.56,63789.87
2009-03-05,155005.66,61184.20
2009-03-06,155006.51,61290.92
2009-03-09,155009.06,60570.58
2009-03-10,155010.04,64181.16
2009-03-11,155011.06,64599.13
2009-03-12,155012.04,67142.55
2009-03-13,155012.93,67667.23
2009-03-16,155015.35,67462.70
2009-03-17,155016.37,69525.89
2009-03-18,155017.39,71082.17
2009-03-19,155018.28,70201.76
2009-03-20,155019.13,68706.88
2009-03-23,155021.80,73642.03
2009-03-24,155022.74,72191.04
2009-03-25,155023.63,72952.36
2009-03-26,155024.44,74439.17
2009-03-27,155025.07,73095.67
2009-03-30,155026.73,70569.88
2009-03-31,155027.49,71223.71
2009-04-01,155028.39,72603.05
2009-04-02,154761.57,74725.79
2009-04-03,153999.04,75469.20
2009-04-06,154001.70,74878.05
2009-04-07,154002.54,73131.50
2009-04-08,153384.96,73919.68
2009-04-09,157720.90,76857.48
2009-04-13,156434.48,76875.40
2009-04-14,155682.88,75549.80
2009-04-15,157009.24,76355.91
2009-04-16,158336.59,77475.50
2009-04-17,158194.52,77994.99
2009-04-20,153921.33,74725.79
2009-04-21,153702.20,76185.73
2009-04-22,153702.83,75719.98
2009-04-23,153703.42,76463.39
2009-04-24,153703.84,77618.81
2009-04-27,153705.11,76884.35
2009-04-28,153705.65,76642.52
2009-04-29,152962.26,78272.64
2009-04-30,151428.32,78299.51
2009-05-01,150471.51,78720.48
2009-05-04,151839.65,81398.53
2009-05-05,151026.80,81120.88
2009-05-06,150971.18,82527.08
2009-05-07,150971.96,81380.62
2009-05-08,150972.71,83279.44
2009-05-11,150974.94,81720.97
2009-05-12,150975.73,81479.15
2009-05-13,150976.51,79428.06
2009-05-14,150977.22,80108.77
2009-05-15,150977.88,79454.93
2009-05-18,150979.99,81712.02
2009-05-19,150980.77,81613.50
2009-05-20,150981.52,81067.14
2009-05-21,150982.26,79902.76
2009-05-22,150983.05,79732.58
2009-05-26,150986.03,81774.72
2009-05-27,149855.07,80314.77
2009-05-28,149966.77,81434.36
2009-05-29,149885.03,82876.39
2009-06-01,150692.55,84882.69
2009-06-02,150002.12,84954.34
2009-06-03,148821.52,83879.54
2009-06-04,149115.25,84667.73
2009-06-05,148027.11,84685.65
2009-06-08,147572.17,84336.34
2009-06-09,147572.94,84766.25
2009-06-10,147573.71,84551.30
2009-06-11,147647.70,84927.48
2009-06-12,147252.03,85160.35
2009-06-15,146373.19,83207.79
2009-06-16,146799.99,82079.24
2009-06-17,146800.68,81998.64
2009-06-18,146801.36,82598.73
2009-06-19,146802.09,82903.18
2009-06-22,146804.26,80417.16
2009-06-23,146805.06,80480.21
2009-06-24,146805.87,81173.78
2009-06-25,146806.63,82939.21
2009-06-26,146807.36,82723.03
2009-06-29,147183.90,83497.66
2009-06-30,146932.39,82822.11
2009-07-01,146589.12,83164.39
2009-07-02,146093.18,80894.55
2009-07-06,146095.90,80885.55
2009-07-07,146096.66,79318.27
2009-07-08,146097.42,79264.23
2009-07-09,146098.14,79417.35
2009-07-10,146098.90,79228.20
2009-07-13,146101.06,81155.76
2009-07-14,146101.79,81615.14
2009-07-15,146102.51,84002.07
2009-07-16,146103.23,83866.96
2009-07-17,146103.99,84785.70
2009-07-20,146106.03,85686.43
2009-07-21,146106.79,86082.76
2009-07-22,146107.55,86064.74
2009-07-23,146108.31,87965.28
2009-07-24,146109.07,88325.57
2009-07-27,146111.23,88586.78
2009-07-28,146111.99,88172.45
2009-07-29,146112.75,87956.27
2009-07-30,146113.51,88875.02
2009-07-31,146114.23,89001.12
2009-08-03,146784.98,90469.31
2009-08-04,146807.78,90703.50
2009-08-05,146166.62,90442.29
2009-08-06,146233.64,89973.91
2009-08-07,145827.07,91153.86
2009-08-10,146500.31,90964.71
2009-08-11,145559.58,89829.79
2009-08-12,146081.00,90793.58
2009-08-13,146203.48,91487.13
2009-08-14,146204.16,90784.57
2009-08-17,146206.32,88550.75
2009-08-18,146207.04,89253.32
2009-08-19,146207.77,90036.96
2009-08-20,146208.45,90964.71
2009-08-21,146956.54,92748.16
2009-08-24,146755.69,92739.15
2009-08-25,147295.76,92919.30
2009-08-26,147482.03,92928.30
2009-08-27,147640.81,93135.47
2009-08-28,147772.20,93117.45
2009-08-31,147620.20,92288.78
2009-09-01,146501.16,90253.13
2009-09-02,146501.72,89910.86
2009-09-03,146502.28,90658.46
2009-09-04,146502.88,91928.49
2009-09-08,146505.13,92721.14
2009-09-09,146505.69,93432.71
2009-09-10,146506.25,94387.49
2009-09-11,146506.82,94369.47
2009-09-14,146508.50,94828.84
2009-09-15,146185.11,95225.16
2009-09-16,146664.76,96666.33
2009-09-17,145507.24,96522.22
2009-09-18,146839.14,96583.76
2009-09-21,148148.50,96339.40
2009-09-22,147236.33,96900.51
2009-09-23,148140.16,96095.05
2009-09-24,147326.34,95036.17
2009-09-25,146093.51,94529.36
2009-09-28,146094.71,96221.75
2009-09-29,146095.15,95932.14
2009-09-30,146095.67,95561.08
2009-10-01,146096.23,93189.93
2009-10-02,146096.63,92755.52
2009-10-05,146097.83,94140.20
2009-10-06,146098.15,95488.68
2009-10-07,146098.47,95751.14
2009-10-08,146098.83,96484.20
2009-10-09,146099.07,97072.47
2009-10-12,146099.91,97452.58
2009-10-13,146100.19,97253.47
2009-10-14,146100.47,98927.76
2009-10-15,146100.75,99289.77
2009-10-16,146101.03,98547.65
2009-10-19,146365.49,99362.17
2009-10-20,146755.19,98837.26
2009-10-21,146219.96,97950.34
2009-10-22,145976.79,98945.86
2009-10-23,146103.12,97814.59
2009-10-26,146103.96,96755.71
2009-10-27,146104.28,96312.25
2009-10-28,146104.60,94493.16
2009-10-29,146104.88,96520.41
2009-10-30,146105.12,93723.89
2009-11-02,146105.72,94411.71
2009-11-03,146105.96,94710.37
2009-11-04,146106.20,94954.72
2009-11-05,146106.40,96701.41
2009-11-06,146106.56,96954.81
2009-11-09,146107.28,99163.06
2009-11-10,146107.56,99181.16
2009-11-11,146107.84,99687.98
2009-11-12,146108.12,98674.35
2009-11-13,146108.40,99208.32
2009-11-16,146648.58,100647.30
2009-11-17,146863.08,100764.95
2009-11-18,147503.48,100701.60
2009-11-19,145543.05,99389.32
2009-11-20,145070.17,99036.36
2009-11-23,145070.41,100294.34
2009-11-24,145070.61,100448.19
2009-11-25,145070.81,100801.15
2009-11-27,145071.21,99163.06
2009-11-30,145071.56,99497.92
2009-12-01,145071.80,100728.75
2009-12-02,145072.04,100683.50
2009-12-03,145072.24,99896.13
2009-12-04,145072.48,100466.29
2009-12-07,145073.19,100312.44
2009-12-08,145073.35,99199.27
2009-12-09,145073.47,99570.32
2009-12-10,145073.59,100131.43
2009-12-11,145073.67,100556.80
2009-12-14,145074.03,101244.61
2009-12-15,145074.19,100774.00
2009-12-16,145074.39,100927.85
2009-12-17,145074.54,99715.13
2009-12-18,145074.70,100279.26
2009-12-21,145075.30,101298.34
2009-12-22,145075.62,101662.30
2009-12-23,145075.94,101862.47
2009-12-24,145076.21,102344.72
2009-12-28,145077.01,102563.09
2009-12-29,145077.45,102417.50
2009-12-30,145077.84,102381.11
2009-12-31,145078.04,101398.43
2010-01-04,145079.00,103118.13
2010-01-05,145079.31,103391.09
2010-01-06,145079.59,103463.88
2010-01-07,145079.83,103900.63
2010-01-08,145080.03,104246.39
2010-01-11,145080.63,104391.98
2010-01-12,145080.78,103418.39
2010-01-13,145080.98,104291.89
2010-01-14,145081.22,104573.95
2010-01-15,145081.42,103400.19
2010-01-19,145082.37,104692.24
2010-01-20,145082.61,103627.66
2010-01-21,145082.81,101635.00
2010-01-22,145083.05,99369.37
2010-01-25,145083.77,99878.90
2010-01-26,145084.00,99460.35
2010-01-27,145084.28,99933.50
2010-01-28,145084.60,98787.04
2010-01-29,145084.92,97713.36
2010-02-01,145085.87,99232.88
2010-02-02,145086.27,100433.94
2010-02-03,145086.67,99933.50
2010-02-04,145087.07,96848.97
2010-02-05,145087.42,97049.14
2010-02-08,145088.62,96348.52
2010-02-09,145089.09,97558.68
2010-02-10,145089.57,97367.61
2010-02-11,145090.01,98386.68
2010-02-12,145090.44,98304.79
2010-02-16,145092.03,99851.61
2010-02-17,145092.43,100324.76
2010-02-18,145092.83,100916.19
2010-02-19,145093.23,101125.46
2010-02-22,145094.54,101143.66
2010-02-23,145094.98,99915.30
2010-02-24,145095.45,100834.29
2010-02-25,145095.93,100697.81
2010-02-26,145096.45,100761.50
2010-03-01,145098.00,101807.88
2010-03-02,145098.51,102089.94
2010-03-03,143820.40,102180.94
2010-03-04,144376.07,102490.30
2010-03-05,145198.25,103955.23
2010-03-08,144933.08,103973.42
2010-03-09,144720.99,104146.30
2010-03-10,144721.63,104610.35
2010-03-11,144722.22,105047.09
2010-03-12,146024.57,105056.19
2010-03-15,145469.06,105083.49
2010-03-16,146929.82,105920.60
2010-03-17,146537.19,106548.42
2010-03-18,146299.44,106493.83
2010-03-19,146128.08,105954.78
2010-03-22,146514.20,106521.23
2010-03-23,147915.04,107270.42
2010-03-24,148553.17,106749.64
2010-03-25,147700.33,106576.05
2010-03-26,148397.85,106512.10
2010-03-29,148896.29,107188.19
2010-03-30,148396.69,107261.28
2010-03-31,148303.47,106895.83
2010-04-01,148741.63,107626.74
2010-04-05,149525.27,108503.83
2010-04-06,149415.04,108759.65
2010-04-07,151641.74,108138.38
2010-04-08,150391.52,108512.97
2010-04-09,151279.87,109225.61
2010-04-12,152727.37,109399.20
2010-04-13,152053.35,109481.43
2010-04-14,152469.10,110723.98
2010-04-15,152072.50,110815.34
2010-04-16,151401.45,109052.02
2010-04-19,151374.31,109463.15
2010-04-20,152597.61,110440.75
2010-04-21,152246.78,110239.75
2010-04-22,153378.58,110568.65
2010-04-23,153923.13,111290.43
2010-04-26,153987.45,110870.16
2010-04-27,150550.93,108248.02
2010-04-28,151106.43,109070.29
2010-04-29,151107.09,110422.48
2010-04-30,151107.80,108549.51
2010-05-03,151109.79,109956.52
2010-05-04,151110.49,107370.92
2010-05-05,151111.15,106731.37
2010-05-06,151111.77,103186.45
2010-05-07,151112.23,101651.54
2010-05-10,151113.84,106128.37
2010-05-11,151114.51,105826.87
2010-05-12,151115.17,107306.96
2010-05-13,151115.83,105973.05
2010-05-14,151116.49,104054.41
2010-05-17,151118.48,104109.22
2010-05-18,151119.14,102693.09
2010-05-19,151119.85,102108.36
2010-05-20,151120.55,98252.80
2010-05-21,151121.25,99687.21
2010-05-24,151123.37,98408.11
2010-05-25,151124.07,98508.62
2010-05-26,151124.77,97914.75
2010-05-27,151125.48,101194.72
2010-05-28,151126.18,99924.76
2010-06-01,151128.83,98243.66
2010-06-02,151129.49,100801.85
2010-06-03,151130.16,101149.03
2010-06-04,151130.74,97594.98
2010-06-07,151132.47,96379.83
2010-06-08,151132.97,97412.25
2010-06-09,151133.47,96891.48
2010-06-10,151133.88,99723.76
2010-06-11,151134.30,100207.99
2010-06-14,151135.29,100052.67
2010-06-15,151135.58,102327.63
2010-06-16,151135.95,102291.08
2010-06-17,151136.37,102455.54
2010-06-18,151136.74,102566.62
2010-06-21,148547.66,102272.86
2010-06-22,147787.99,100583.76
2010-06-23,147788.52,100271.65
2010-06-24,147789.05,98610.09
2010-06-25,147789.57,99023.19
2010-06-28,147791.15,98711.07
2010-06-29,147791.84,95663.36
2010-06-30,147792.45,94754.55
2010-07-01,147793.18,94332.28
2010-07-02,147793.86,93818.20
2010-07-06,147796.62,94433.26
2010-07-07,147797.31,97407.53
2010-07-08,147797.95,98371.42
2010-07-09,147798.56,99105.81
2010-07-12,147800.51,99170.06
2010-07-13,147801.15,100666.39
2010-07-14,147801.76,100657.20
2010-07-15,147802.37,100684.74
2010-07-16,147802.98,97912.43
2010-07-19,147804.80,98490.76
2010-07-20,147805.49,99583.16
2010-07-21,147806.13,98288.80
2010-07-22,147806.78,100482.79
2010-07-23,147807.43,101354.88
2010-07-26,147809.37,102410.56
2010-07-27,147810.02,102401.38
2010-07-28,147810.63,101740.43
2010-07-29,147811.24,101244.72
2010-07-30,147811.84,101226.35
2010-08-02,147813.67,103512.14
2010-08-03,147814.31,103016.43
2010-08-04,147814.96,103704.92
2010-08-05,147815.61,103594.76
2010-08-06,147816.22,103172.49
2010-08-09,147818.04,103723.28
2010-08-10,147818.65,103163.30
2010-08-11,147819.25,100335.91
2010-08-12,147819.86,99720.85
2010-08-13,147820.51,99427.10
2010-08-16,147822.33,99381.20
2010-08-17,147822.98,100602.12
2010-08-18,147823.67,100785.72
2010-08-19,147824.32,99032.37
2010-08-20,147824.97,98711.07
2010-08-23,147826.79,98334.70
2010-08-24,147827.44,96875.10
2010-08-25,147828.08,97251.48
2010-08-26,147828.73,96599.71
2010-08-27,147829.38,98096.02
2010-08-30,147831.20,96673.14
2010-08-31,147831.77,96673.14
2010-09-01,147832.34,99564.80
2010-09-02,147832.86,100491.97
2010-09-03,147833.43,101795.51
2010-09-07,147835.70,100648.02
2010-09-08,147836.27,101354.88
2010-09-09,147836.83,101823.04
2010-09-10,147837.40,102337.12
2010-09-13,147839.10,103475.42
2010-09-14,147839.71,103411.16
2010-09-15,147840.32,103805.90
2010-09-16,147840.92,103778.36
2010-09-17,147841.57,103817.12
2010-09-20,147843.52,105404.51
2010-09-21,147844.20,105192.24
2010-09-22,147844.89,104675.42
2010-09-23,147845.54,103826.35
2010-09-24,147846.19,105967.48
2010-09-27,147848.01,105459.88
2010-09-28,147848.66,105829.04
2010-09-29,147849.31,105644.46
2010-09-30,147849.96,105330.67
2010-10-01,147850.60,105773.67
2010-10-04,147852.55,104979.97
2010-10-05,147853.07,107093.42
2010-10-06,147853.56,107084.19
2010-10-07,147854.09,106954.98
2010-10-08,147854.61,107554.87
2010-10-11,147856.07,107656.39
2010-10-12,147856.56,107988.63
2010-10-13,147857.09,108828.47
2010-10-14,147857.61,108403.94
2010-10-15,147858.18,108625.43
2010-10-18,147859.88,109160.71
2010-10-19,147860.49,107730.22
2010-10-20,147861.06,108782.33
2010-10-21,147861.62,109022.28
2010-10-22,147862.15,109225.32
2010-10-25,147863.73,109548.33
2010-10-26,147864.30,109566.79
2010-10-27,147864.86,109253.00
2010-10-28,147865.43,109271.46
2010-10-29,147865.96,109354.52
2010-11-01,147867.42,109391.44
2010-11-02,147867.94,110258.97
2010-11-03,147868.47,110701.96
2010-11-04,147869.00,112833.86
2010-11-05,147869.52,113258.40
2010-11-08,147871.10,113046.13
2010-11-09,147871.63,112233.98
2010-11-10,147872.16,112686.19
2010-11-11,147872.68,112261.66
2010-11-12,147873.21,110932.68
2010-11-15,147874.79,110775.79
2010-11-16,147875.36,109049.97
2010-11-17,147875.96,109105.34
2010-11-18,147876.53,110711.19
2010-11-19,147877.14,111015.75
2010-11-22,147878.84,110923.46
2010-11-23,147879.45,109317.61
2010-11-24,147880.06,110932.68
2010-11-26,147881.35,109640.63
2010-11-29,147883.30,109972.87
2010-11-30,147884.03,109354.52
2010-12-01,147884.71,111680.24
2010-12-02,147885.36,113110.73
2010-12-03,147886.01,113415.29
2010-12-06,147887.71,113295.31
2010-12-07,148540.36,113359.92
2010-12-08,148746.41,113775.22
2010-12-09,148489.89,114218.21
2010-12-10,148426.09,114882.70
2010-12-13,148815.76,114956.53
2010-12-14,148944.84,115058.05
2010-12-15,148722.54,114532.00
2010-12-16,149117.25,115196.49
2010-12-17,149074.86,115319.88
2010-12-20,148690.37,115598.20
2010-12-21,148696.50,116331.13
2010-12-22,148697.07,116692.95
2010-12-23,148697.64,116525.96
2010-12-27,148699.92,116572.35
2010-12-28,148700.61,116739.34
2010-12-29,148701.23,116822.84
2010-12-30,148563.78,116637.29
2010-12-31,148974.34,116665.12
2011-01-03,149334.37,117871.21
2011-01-04,149129.74,117806.26
2011-01-05,149630.96,118418.58
2011-01-06,149392.16,118186.64
2011-01-07,148695.91,117954.70
2011-01-10,148697.62,117806.26
2011-01-11,148698.23,118223.75
2011-01-12,148698.84,119290.67
2011-01-13,148699.45,119095.83
2011-01-14,148700.06,119958.65
2011-01-18,148702.51,120162.76
2011-01-19,148703.16,118984.51
2011-01-20,148703.81,118826.79
2011-01-21,148704.46,119095.83
2011-01-24,148706.42,119773.11
2011-01-25,148707.07,119838.04
2011-01-26,148707.72,120301.92
2011-01-27,148708.37,120598.81
2011-01-28,148708.98,118492.80
2011-01-31,148710.82,119383.44
2011-02-01,148711.43,121294.62
2011-02-02,148712.04,121062.68
2011-02-03,148712.69,121331.73
2011-02-04,148713.26,121674.99
2011-02-07,148715.10,122435.76
2011-02-08,148715.75,122992.41
2011-02-09,148716.36,122714.08
2011-02-10,148716.93,122760.48
2011-02-11,148717.42,123493.40
2011-02-14,148718.88,123790.27
2011-02-15,148719.41,123400.61
2011-02-16,148719.94,124179.94
2011-02-17,148720.43,124551.03
2011-02-18,148720.80,124810.80
2011-02-22,148722.43,122305.87
2011-02-23,148722.92,121554.39
2011-02-24,148723.41,121470.88
2011-02-25,148723.94,122769.75
2011-02-28,148725.53,123530.50
2011-03-01,148726.14,121470.88
2011-03-02,148726.71,121730.67
2011-03-03,148727.24,123827.39
2011-03-04,148727.77,122899.63
2011-03-07,148729.23,121934.76
2011-03-08,148729.68,123001.69
2011-03-09,148730.13,122825.41
2011-03-10,148730.54,120552.42
2011-03-11,148730.86,121387.39
2011-03-14,148731.84,120654.47
2011-03-15,148732.21,119272.11
2011-03-16,148732.62,117064.06
2011-03-17,148733.02,118613.40
2011-03-18,148733.35,119044.82
2011-03-21,148734.21,120889.76
2011-03-22,148734.61,120470.45
2011-03-23,148735.02,120815.22
2011-03-24,148735.39,121970.62
2011-03-25,148735.75,122343.34
2011-03-28,148736.85,122045.17
2011-03-29,148737.30,122865.14
2011-03-30,148737.71,123713.07
2011-03-31,148738.12,123545.34
2011-04-01,148738.48,124067.14
2011-04-04,148739.34,124169.63
2011-04-05,148739.58,124151.01
2011-04-06,148739.87,124542.36
2011-04-07,148740.11,124225.55
2011-04-08,148740.28,123796.93
2011-04-11,148740.77,123424.22
2011-04-12,148740.97,122501.75
2011-04-13,148741.17,122492.43
2011-04-14,148741.42,122585.60
2011-04-15,148741.70,123032.86
2011-04-18,148742.56,121653.82
2011-04-19,148742.84,122352.66
2011-04-20,148743.09,124020.56
2011-04-21,148743.33,124654.17
2011-04-25,148744.31,124523.72
2011-04-26,148744.60,125595.26
2011-04-27,148744.88,126415.24
2011-04-28,148745.13,126825.23
2011-04-29,148745.29,127123.39
2011-05-02,148745.78,126927.72
2011-05-03,148745.98,126471.14
2011-05-04,148746.10,125632.54
2011-05-05,148746.23,124495.76
2011-05-06,148746.31,125045.51
2011-05-09,148746.55,125530.05
2011-05-10,148746.67,126601.59
2011-05-11,148746.80,125269.15
2011-05-12,148746.92,125865.49
2011-05-13,148747.00,124896.42
2011-05-16,148747.37,124104.42
2011-05-17,148747.53,124085.78
2011-05-18,148747.69,125194.60
2011-05-19,148747.90,125492.77
2011-05-20,148748.10,124495.76
2011-05-23,148748.71,123051.49
2011-05-24,148748.96,122949.00
2011-05-25,148749.20,123358.99
2011-05-26,148749.45,123927.37
2011-05-27,148749.65,124402.58
2011-05-31,148750.46,125697.76
2011-06-01,148750.71,122874.45
2011-06-02,148750.91,122744.00
2011-06-03,148751.08,121523.37
2011-06-06,148751.57,120237.50
2011-06-07,148751.77,120162.97
2011-06-08,148751.97,119659.80
2011-06-09,148752.14,120572.94
2011-06-10,148752.34,118895.74
2011-06-13,148752.95,118988.91
2011-06-14,148753.15,120498.41
2011-06-15,148753.36,118355.30
2011-06-16,148753.56,118616.20
2011-06-17,148753.77,118970.17
2011-06-20,148754.25,119578.82
2011-06-21,148754.38,121217.53
2011-06-22,148754.50,120487.14
2011-06-23,148754.58,120140.67
2011-06-24,148754.62,118745.42
2011-06-27,148754.87,119803.56
2011-06-28,148754.95,121367.36
2011-06-29,148755.07,122406.77
2011-06-30,148755.15,123577.27
2011-07-01,148755.27,125403.26
2011-07-05,148755.60,125300.25
2011-07-06,148755.68,125450.08
2011-07-07,148755.72,126751.68
2011-07-08,148755.84,125852.73
2011-07-11,148756.21,123577.27
2011-07-12,148756.33,123043.52
2011-07-13,148756.46,123455.54
2011-07-14,148756.50,122603.40
2011-07-15,148756.54,123315.08
2011-07-18,148756.78,122303.76
2011-07-19,148756.86,124288.93
2011-07-20,148756.99,124214.02
2011-07-21,148757.07,125937.02
2011-07-22,148757.27,126021.29
2011-07-25,148757.88,125318.99
2011-07-26,148758.09,124850.78
2011-07-27,148758.37,122294.40
2011-07-28,148758.70,121938.57
2011-07-29,148758.98,121105.17
2011-08-01,148760.21,120590.14
2011-08-02,148760.61,117509.37
2011-08-03,148760.86,118146.13
2011-08-04,148760.94,112611.98
2011-08-05,148761.02,112443.43
2011-08-08,148761.14,105120.75
2011-08-09,148761.35,110008.78
2011-08-10,148761.47,105148.84
2011-08-11,148761.55,109868.31
2011-08-12,148761.67,110608.07
2011-08-15,148761.92,112949.09
2011-08-16,148762.00,111984.58
2011-08-17,148762.12,112059.50
2011-08-18,148762.16,107227.65
2011-08-19,148762.20,105476.58
2011-08-22,148762.45,105560.86
2011-08-23,148762.49,109034.92
2011-08-24,148762.53,110570.62
2011-08-25,148762.61,108885.09
2011-08-26,148762.65,110467.61
2011-08-29,148762.77,113642.02
2011-08-30,148762.85,113941.67
2011-08-31,148762.90,114447.33
2011-09-01,148762.98,113248.73
2011-09-02,148763.06,110355.24
2011-09-06,148763.38,109549.93
2011-09-07,148763.47,112640.07
2011-09-08,148763.55,111469.57
2011-09-09,148763.63,108547.98
2011-09-12,148763.75,109250.28
2011-09-13,148763.79,110252.24
2011-09-14,148763.83,111778.58
2011-09-15,148763.87,113707.57
2011-09-16,148763.91,114380.56
2011-09-19,148764.04,113241.65
2011-09-20,148764.08,113109.88
2011-09-21,148764.12,109777.85
2011-09-22,148764.16,106229.35
2011-09-23,148764.16,106869.40
2011-09-26,148764.28,109410.77
2011-09-27,148764.36,110634.39
2011-09-28,148764.40,108375.40
2011-09-29,148764.48,109231.93
2011-09-30,148764.57,106502.31
2011-10-03,148764.81,103471.49
2011-10-04,148764.89,105739.90
2011-10-05,148764.93,107697.69
2011-10-06,148764.93,109646.08
2011-10-07,148764.97,108911.91
2011-10-10,148765.10,112554.54
2011-10-11,148765.14,112667.49
2011-10-12,148765.22,113655.80
2011-10-13,148765.30,113429.90
2011-10-14,148765.38,115368.87
2011-10-17,148765.63,113166.36
2011-10-18,148765.79,115378.29
2011-10-19,148765.95,114013.47
2011-10-20,148766.07,114512.34
2011-10-21,148467.56,116686.62
2011-10-24,148061.87,118117.32
2011-10-25,148061.95,115820.68
2011-10-26,148061.99,116997.24
2011-10-27,148062.07,121072.85
2011-10-28,148062.16,121044.61
2011-10-31,148062.28,118126.73
2011-11-01,148062.32,114832.36
2011-11-02,148062.36,116705.45
2011-11-03,148062.40,118832.67
2011-11-04,148062.44,118107.91
2011-11-07,148062.56,118842.09
2011-11-08,148062.60,120366.90
2011-11-09,148062.64,115924.22
2011-11-10,148062.68,117016.06
2011-11-11,148518.22,119218.59
2011-11-14,148439.78,118089.08
2011-11-15,147978.43,118672.66
2011-11-16,147557.17,116790.16
2011-11-17,147557.21,114935.90
2011-11-18,147557.29,114813.54
2011-11-21,147557.41,112629.84
2011-11-22,147557.50,112187.46
2011-11-23,147557.58,109711.97
2011-11-25,147557.74,109504.89
2011-11-28,147557.98,112676.90
2011-11-29,147558.10,112996.93
2011-11-30,147558.18,117646.70
2011-12-01,147558.22,117627.87
2011-12-02,147558.26,117524.34
2011-12-05,147558.51,118804.43
2011-12-06,147558.55,118842.09
2011-12-07,147558.59,119284.47
2011-12-08,147558.67,116667.80
2011-12-09,147558.71,118644.42
2011-12-12,147558.83,116912.52
2011-12-13,147558.87,115820.68
2011-12-14,147558.91,114587.64
2011-12-15,147558.95,115001.79
2011-12-16,147558.95,115172.28
2011-12-19,147558.95,113940.90
2011-12-20,147558.99,117388.78
2011-12-21,147559.03,117616.11
2011-12-22,147559.07,118658.05
2011-12-23,147559.11,119718.93
2011-12-27,147559.27,119813.66
2011-12-28,147559.36,118241.28
2011-12-29,147559.40,119463.19
2011-12-30,147559.48,118875.91
2012-01-03,147047.23,120770.35
2012-01-04,146932.82,120959.79
2012-01-05,146932.90,121281.84
2012-01-06,146932.98,120969.26
2012-01-09,146933.23,121262.91
2012-01-10,146933.27,122314.32
2012-01-11,146780.55,122380.62
2012-01-12,146871.16,122674.25
2012-01-13,147016.15,122039.62
2012-01-17,147242.90,122513.23
2012-01-18,148240.93,123867.76
2012-01-19,149431.93,124521.34
2012-01-20,149579.27,124985.47
2012-01-23,149692.22,124663.42
2012-01-24,149926.11,124521.34
2012-01-25,150307.72,125563.27
2012-01-26,149426.36,124919.17
2012-01-27,149302.25,124862.34
2012-01-30,149508.12,124436.08
2012-01-31,149550.54,124388.73
2012-02-01,149641.30,125478.02
2012-02-02,149605.28,125676.93
2012-02-03,150112.68,127438.76
2012-02-06,150361.01,127353.51
2012-02-07,150681.25,127675.56
2012-02-08,150753.96,128054.46
2012-02-09,151969.62,128215.49
2012-02-10,151110.28,127268.27
2012-02-13,152263.01,128215.49
2012-02-14,152102.65,128054.46
2012-02-15,151209.19,127457.71
2012-02-16,151354.45,128869.07
2012-02-17,151445.34,129210.07
2012-02-21,150921.32,129266.90
2012-02-22,150767.73,128850.12
2012-02-23,150768.10,129418.46
2012-02-24,150768.47,129702.61
2012-02-27,150769.71,129920.48
2012-02-28,150770.21,130299.36
2012-02-29,150770.62,129787.87
2012-03-01,150770.95,130460.39
2012-03-02,150771.28,130062.56
2012-03-05,150772.15,129532.12
2012-03-06,150772.48,127637.68
2012-03-07,150772.81,128528.07
2012-03-08,150773.14,129806.81
2012-03-09,150773.47,130308.84
2012-03-12,150774.59,130318.31
2012-03-13,150774.96,132667.41
2012-03-14,150775.29,132525.33
2012-03-15,150775.66,133292.58
2012-03-16,150775.99,133477.14
2012-03-19,150777.11,134000.40
2012-03-20,150777.52,133610.34
2012-03-21,150777.93,133391.52
2012-03-22,150778.30,132430.63
2012-03-23,150778.64,132858.74
2012-03-26,150779.63,134723.44
2012-03-27,150780.00,134304.83
2012-03-28,150780.37,133638.87
2012-03-29,150780.74,133410.54
2012-03-30,150781.03,133962.34
2012-04-02,150781.90,134942.25
2012-04-03,150782.23,134390.45
2012-04-04,150782.56,133058.54
2012-04-05,150782.89,132991.94
2012-04-09,150784.21,131498.29
2012-04-10,150784.58,129291.11
2012-04-11,150784.96,130337.62
2012-04-12,150785.33,132040.57
2012-04-13,150785.70,130470.81
2012-04-16,150786.81,130385.19
2012-04-17,150787.15,132316.47
2012-04-18,150787.48,131869.33
2012-04-19,150787.76,131022.61
2012-04-20,150788.05,131241.42
2012-04-23,150789.05,130137.83
2012-04-24,150789.38,130632.54
2012-04-25,150789.75,132421.12
2012-04-26,150790.12,133343.95
2012-04-27,150790.49,133562.76
2012-04-30,150791.61,133068.05
2012-05-01,150792.02,133895.75
2012-05-02,150792.39,133496.18
2012-05-03,150792.72,132478.20
2012-05-04,150793.09,130337.62
2012-05-07,150793.96,130432.76
2012-05-08,150794.37,129909.51
2012-05-09,150794.75,129138.90
2012-05-10,150795.12,129405.28
2012-05-11,150795.53,129015.22
2012-05-14,150796.77,127588.16
2012-05-15,150797.18,126855.61
2012-05-16,150797.56,126370.41
2012-05-17,150797.97,124496.21
2012-05-18,150798.38,123430.68
2012-05-21,150799.37,125552.23
2012-05-22,150799.75,125771.05
2012-05-23,150800.12,125837.65
2012-05-24,150800.49,126085.00
2012-05-25,150800.90,125675.92
2012-05-29,150802.39,127198.10
2012-05-30,150802.76,125352.44
2012-05-31,150803.05,125076.55
2012-06-01,150803.34,121927.52
2012-06-04,150804.21,121870.44
2012-06-05,150804.54,122793.27
2012-06-06,150804.87,125552.23
2012-06-07,150805.24,125628.35
2012-06-08,150805.61,126627.29
2012-06-11,150806.73,125019.47
2012-06-12,150807.10,126456.03
2012-06-13,150807.51,125647.38
2012-06-14,150807.93,126979.29
2012-06-15,150808.38,128277.94
2012-06-18,150809.50,128526.57
2012-06-19,150809.91,129769.76
2012-06-20,150810.28,129559.38
2012-06-21,150810.65,126652.24
2012-06-22,151396.02,127627.66
2012-06-25,150207.91,125581.19
2012-06-26,150208.32,126212.33
2012-06-27,150208.73,127350.33
2012-06-28,150209.10,126986.93
2012-06-29,150209.47,130152.29
2012-07-02,150210.58,130544.36
2012-07-03,150211.00,131405.04
2012-07-05,150211.74,130812.13
2012-07-06,150212.07,129568.95
2012-07-09,150213.05,129406.38
2012-07-10,150213.42,128277.94
2012-07-11,150213.79,128297.07
2012-07-12,150214.21,127675.47
2012-07-13,150214.62,129817.58
2012-07-16,150215.85,129511.56
2012-07-17,150216.26,130400.93
2012-07-18,150216.68,131366.78
2012-07-19,150217.05,131711.05
2012-07-20,150217.42,130506.12
2012-07-23,150218.53,129186.42
2012-07-24,150218.94,128077.11
2012-07-25,150219.35,128105.81
2012-07-26,150219.76,130219.23
2012-07-27,150220.21,132619.53
2012-07-30,150221.57,132619.53
2012-07-31,150222.03,131691.93
2012-08-01,150222.48,131577.17
2012-08-02,150222.89,130668.69
2012-08-03,150223.26,133260.26
2012-08-06,150224.37,133518.45
2012-08-07,150224.78,134187.88
2012-08-08,150225.24,134350.44
2012-08-09,150225.69,134465.20
2012-08-10,150226.14,134685.14
2012-08-13,150227.38,134618.21
2012-08-14,150227.83,134637.32
2012-08-15,150228.28,134790.33
2012-08-16,151770.79,135784.89
2012-08-17,151262.81,135966.58
2012-08-20,149779.41,135976.15
2012-08-21,149779.86,135564.93
2012-08-22,149780.31,135622.32
2012-08-23,149780.76,134513.01
2012-08-24,149781.21,135325.86
2012-08-27,149782.44,135354.55
2012-08-28,149782.90,135220.67
2012-08-29,149783.31,135325.86
2012-08-30,149783.80,134350.44
2012-08-31,149784.21,134991.16
2012-09-04,149785.69,134866.84
2012-09-05,149786.10,134752.09
2012-09-06,149786.55,137487.10
2012-09-07,149787.00,138022.63
2012-09-10,149788.35,137238.46
2012-09-11,149788.76,137620.99
2012-09-12,149789.17,138080.00
2012-09-13,149789.59,140183.86
2012-09-14,149790.00,140805.46
2012-09-17,149791.35,140327.31
2012-09-18,149791.80,140212.55
2012-09-19,149792.21,140289.05
2012-09-20,149792.66,140298.63
2012-09-21,149793.11,140239.97
2012-09-24,149794.47,140028.46
2012-09-25,149794.92,138538.29
2012-09-26,149795.37,137759.55
2012-09-27,149795.82,139057.45
2012-09-28,149796.19,138413.31
2012-10-01,149797.42,138778.65
2012-10-02,149797.79,138922.85
2012-10-03,149798.16,139490.07
2012-10-04,149798.53,140489.94
2012-10-05,149798.94,140499.55
2012-10-08,149800.30,140018.85
2012-10-09,149800.75,138634.43
2012-10-10,149801.16,137749.94
2012-10-11,149801.57,137826.85
2012-10-12,149801.98,137374.99
2012-10-15,149803.33,138519.06
2012-10-16,149803.79,139922.70
2012-10-17,149804.15,140557.23
2012-10-18,149804.61,140191.91
2012-10-19,149805.02,137855.69
2012-10-22,149806.25,137874.92
2012-10-23,149806.66,135961.72
2012-10-24,149807.11,135577.17
2012-10-25,149807.56,135971.33
2012-10-26,149808.01,135894.43
2012-10-31,149810.48,135894.43
2012-11-01,149810.93,137317.31
2012-11-02,149811.30,136096.32
2012-11-05,149812.40,136375.14
2012-11-06,149812.86,137442.29
2012-11-07,149813.27,134327.34
2012-11-08,149813.68,132712.18
2012-11-09,149814.09,132827.55
2012-11-12,149815.20,132933.31
2012-11-13,149815.56,132471.82
2012-11-14,149816.02,130683.61
2012-11-15,149816.43,130462.49
2012-11-16,149816.76,131106.63
2012-11-19,149817.49,133760.12
2012-11-20,149817.86,133817.80
2012-11-21,149818.19,134067.76
2012-11-23,149819.01,135894.43
2012-11-26,149820.24,135606.01
2012-11-27,149820.65,134913.80
2012-11-28,149821.06,136000.19
2012-11-29,149821.48,136634.70
2012-11-30,149821.84,136663.55
2012-12-03,149822.83,135990.57
2012-12-04,149823.24,135798.29
2012-12-05,149823.65,136038.64
2012-12-06,149824.06,136500.11
2012-12-07,149824.47,136913.52
2012-12-10,149825.58,136971.20
2012-12-11,149825.95,137903.76
2012-12-12,149826.28,137971.06
2012-12-13,149826.57,137125.03
2012-12-14,149826.81,136615.49
2012-12-17,149827.30,138221.03
2012-12-18,150088.56,139759.27
2012-12-19,150088.74,138720.95
2012-12-20,149301.36,139518.92
2012-12-21,149301.61,138252.48
2012-12-24,149302.34,137826.47
2012-12-26,149302.83,137245.53
2012-12-27,149303.20,137061.57
2012-12-28,149303.53,135580.19
2012-12-31,149303.65,137884.56
2013-01-02,149304.06,141418.57
2013-01-03,149304.39,141099.06
2013-01-04,149304.72,141718.72
2013-01-07,149305.58,141331.43
2013-01-08,149305.86,140924.78
2013-01-09,149306.15,141283.02
2013-01-10,149306.39,142406.16
2013-01-11,149306.64,142396.48
2013-01-14,149307.50,142299.66
2013-01-15,149307.83,142396.48
2013-01-16,149308.19,142377.12
2013-01-17,149308.52,143296.92
2013-01-18,149308.81,143616.44
2013-01-22,149310.12,144391.02
2013-01-23,149310.44,144623.38
2013-01-24,149310.77,144662.12
2013-01-25,149311.10,145475.43
2013-01-28,149312.08,145301.15
2013-01-29,149312.37,145872.40
2013-01-30,149312.65,145301.15
2013-01-31,149312.94,144942.90
2013-02-01,149313.22,146433.97
2013-02-04,149313.96,144787.98
2013-02-05,149314.25,146250.01
2013-02-06,149314.53,146356.51
2013-02-07,149314.82,146162.87
2013-02-08,149315.11,146976.17
2013-02-11,149315.97,146947.13
2013-02-12,149316.33,147189.18
2013-02-13,149316.70,147315.04
2013-02-14,149317.11,147450.59
2013-02-15,149317.56,147276.32
2013-02-19,149319.20,148380.09
2013-02-20,147795.67,146530.78
2013-02-21,147659.81,145640.02
2013-02-22,147660.33,147063.31
2013-02-25,147661.91,144265.15
2013-02-26,147662.40,145252.74
2013-02-27,147662.96,147082.68
2013-02-28,147663.41,146792.21
2013-03-01,147663.85,147276.32
2013-03-04,147665.19,148060.58
2013-03-05,147665.63,149387.04
2013-03-06,147665.96,149590.37
2013-03-07,147666.36,149861.47
2013-03-08,147666.76,150500.50
2013-03-11,147667.98,151071.75
2013-03-12,147668.38,150732.87
2013-03-13,147668.79,150945.88
2013-03-14,147669.15,151749.50
2013-03-15,147669.56,151549.17
2013-03-18,147670.65,150712.79
2013-03-19,147670.93,150362.68
2013-03-20,147671.22,151413.01
2013-03-21,147671.50,150119.55
2013-03-22,147671.78,151325.49
2013-03-25,147672.63,150693.34
2013-03-26,147672.95,151899.28
2013-03-27,147673.24,151899.28
2013-03-28,147673.60,152366.09
2013-04-01,147674.74,151763.13
2013-04-02,147675.06,152511.98
2013-04-03,147675.34,150965.64
2013-04-04,147675.58,151578.34
2013-04-05,147675.87,150897.58
2013-04-08,147676.72,151918.73
2013-04-09,147677.00,152443.89
2013-04-10,147677.24,154311.15
2013-04-11,147677.53,154816.87
2013-04-12,147677.81,154437.58
2013-04-15,147678.54,150858.67
2013-04-16,147678.78,153085.76
2013-04-17,147679.02,150848.95
2013-04-18,147679.27,149905.59
2013-04-19,147679.47,151208.78
2013-04-22,147680.08,151879.82
2013-04-23,147680.28,153445.60
2013-04-24,147680.48,153542.85
2013-04-25,147680.72,154165.27
2013-04-26,147680.93,153892.97
2013-04-29,147681.53,154923.84
2013-04-30,148030.70,155293.39
2013-05-01,147531.99,153931.86
2013-05-02,147532.23,155361.48
2013-05-03,147532.43,156936.97
2013-05-06,147614.31,157335.71
2013-05-07,146917.31,158133.19
2013-05-08,146917.47,158852.85
2013-05-09,146917.63,158405.50
2013-05-10,147345.11,158920.94
2013-05-13,148269.09,159047.36
2013-05-14,148570.96,160690.93
2013-05-15,147426.15,161556.48
2013-05-16,146985.91,160797.91
2013-05-17,146986.03,162353.96
2013-05-20,146986.51,162344.23
2013-05-21,146986.71,162577.64
2013-05-22,146986.87,161371.70
2013-05-23,146987.03,160904.89
2013-05-24,146987.23,160768.74
2013-05-28,146987.88,161731.55
2013-05-29,146988.08,160681.21
2013-05-30,146988.28,161274.46
2013-05-31,146988.44,158959.83
2013-06-03,146988.93,159835.12
2013-06-04,146989.13,159066.81
2013-06-05,146989.29,156839.73
2013-06-06,146989.49,158259.61
2013-06-07,146989.69,160272.75
2013-06-10,146990.17,160272.75
2013-06-11,146990.38,158619.46
2013-06-12,146990.58,157306.54
2013-06-13,146990.78,159698.96
2013-06-14,146990.98,158697.25
2013-06-17,146991.58,159922.64
2013-06-18,146991.79,161186.93
2013-06-19,146991.99,158959.83
2013-06-20,147455.89,155021.09
2013-06-21,147328.25,155518.74
2013-06-24,146625.86,153553.60
2013-06-25,146363.23,155029.90
2013-06-26,146363.47,156564.84
2013-06-27,146363.71,157483.86
2013-06-28,146363.95,156838.59
2013-07-01,146364.43,157757.61
2013-07-02,146364.59,157610.96
2013-07-03,146364.71,157679.39
2013-07-05,146365.11,159380.55
2013-07-08,146365.59,160289.78
2013-07-09,146365.79,161443.44
2013-07-10,146365.95,161502.10
2013-07-11,146366.11,163701.87
2013-07-12,146366.27,163770.30
2013-07-15,146366.76,164396.01
2013-07-16,146366.92,163780.09
2013-07-17,146367.04,164200.48
2013-07-18,146367.16,165099.94
2013-07-19,146367.28,165393.24
2013-07-22,146367.64,165715.88
2013-07-23,146367.80,165363.91
2013-07-24,146367.88,164757.76
2013-07-25,146368.00,165158.60
2013-07-26,146368.08,165334.59
2013-07-29,146368.44,164826.19
2013-07-30,146368.56,164826.19
2013-07-31,146368.72,164943.52
2013-08-01,146368.88,166849.98
2013-08-02,146369.04,167133.50
2013-08-05,146369.52,166889.09
2013-08-06,146369.72,165940.74
2013-08-07,146369.88,165403.02
2013-08-08,146370.08,166009.18
2013-08-09,146370.28,165530.12
2013-08-12,146370.89,165334.59
2013-08-13,146371.13,165823.42
2013-08-14,146371.37,164972.85
2013-08-15,146371.57,162665.54
2013-08-16,146371.77,162127.81
2013-08-19,146372.37,161091.48
2013-08-20,146372.61,161883.39
2013-08-21,146372.77,160886.16
2013-08-22,146372.93,162352.67
2013-08-23,146373.05,162900.17
2013-08-26,146373.41,162294.02
2013-08-27,146373.57,159683.63
2013-08-28,146373.77,160250.68
2013-08-29,146373.89,160504.87
2013-08-30,146373.97,159996.47
2013-09-03,146374.45,160719.96
2013-09-04,146374.54,162049.60
2013-09-05,146374.62,162254.92
2013-09-06,146374.70,162333.12
2013-09-09,146374.94,163887.63
2013-09-10,146375.02,165099.94
2013-09-11,146375.10,165618.10
2013-09-12,146375.18,165178.15
2013-09-13,146375.22,165549.68
2013-09-16,146375.34,166507.79
2013-09-17,146375.42,167250.83
2013-09-18,146375.46,169186.63
2013-09-19,146375.50,168903.09
2013-09-20,146375.54,167722.21
2013-09-23,146375.66,166946.07
2013-09-24,146375.74,166553.10
2013-09-25,146375.82,166071.70
2013-09-26,146375.90,166710.29
2013-09-27,146375.90,165943.99
2013-09-30,146376.14,165059.79
2013-10-01,146376.22,166366.43
2013-10-02,146376.30,166209.24
2013-10-03,146376.38,164676.64
2013-10-04,146376.50,165924.34
2013-10-07,146376.86,164489.97
2013-10-08,146376.98,162574.21
2013-10-09,146377.18,162692.12
2013-10-10,146377.38,166199.42
2013-10-11,146377.58,167270.28
2013-10-14,146378.55,167938.34
2013-10-15,146378.87,166720.11
2013-10-16,146379.43,169048.51
2013-10-17,146379.83,170178.31
2013-10-18,146380.03,171327.76
2013-10-21,146380.51,171337.58
2013-10-22,146380.67,172329.85
2013-10-23,146380.83,171504.61
2013-10-24,146380.99,172074.41
2013-10-25,146381.11,172860.36
2013-10-28,146381.59,173135.45
2013-10-29,146381.75,174058.94
2013-10-30,146381.91,173194.39
2013-10-31,146382.07,172703.17
2013-11-01,146382.24,173115.81
2013-11-04,146382.72,173724.92
2013-11-05,146382.92,173174.75
2013-11-06,146383.12,174058.94
2013-11-07,146383.32,171858.27
2013-11-08,146383.52,174176.83
2013-11-11,146384.24,174206.32
2013-11-12,146384.48,173852.64
2013-11-13,146384.80,175247.70
2013-11-14,146385.12,176122.07
2013-11-15,146847.33,176888.38
2013-11-18,146174.92,176269.43
2013-11-19,146175.28,175886.28
2013-11-20,146175.60,175336.12
2013-11-21,146175.92,176750.83
2013-11-22,146176.20,177635.03
2013-11-25,146177.04,177458.19
2013-11-26,146177.36,177507.30
2013-11-27,146177.64,177939.58
2013-11-29,146178.20,177821.69
2013-12-02,146178.92,177359.94
2013-12-03,146179.12,176593.64
2013-12-04,146179.36,176573.99
2013-12-05,146179.61,175797.87
2013-12-06,146179.85,177762.75
2013-12-09,146180.57,178214.66
2013-12-10,146180.85,177576.08
2013-12-11,146181.13,175581.73
2013-12-12,146181.41,175002.09
2013-12-13,146181.69,174982.44
2013-12-16,146182.53,176072.95
2013-12-17,146182.81,175512.95
2013-12-18,146183.09,178509.40
2013-12-19,146183.37,178303.09
2013-12-20,146183.61,179340.25
2013-12-23,146184.45,180298.39
2013-12-24,146184.73,180693.49
2013-12-26,146185.29,181612.13
2013-12-27,146185.57,181602.26
2013-12-30,146186.41,181572.63
2013-12-31,146186.69,182431.98
2014-01-02,146187.25,180683.62
2014-01-03,146187.53,180653.99
2014-01-06,146188.38,180130.47
2014-01-07,146188.58,181236.77
2014-01-08,146188.74,181276.29
2014-01-09,146188.94,181394.82
2014-01-10,146189.10,181888.71
2014-01-13,146189.70,179468.66
2014-01-14,146189.82,181424.45
2014-01-15,146189.98,182402.35
2014-01-16,146190.14,182165.28
2014-01-17,146190.30,181394.82
2014-01-21,146191.10,181928.21
2014-01-22,146191.26,182046.75
2014-01-23,146191.42,180555.20
2014-01-24,146191.58,176702.89
2014-01-27,146192.06,175833.65
2014-01-28,146192.26,176880.70
2014-01-29,146192.46,175181.73
2014-01-30,146192.62,177038.73
2014-01-31,146192.70,176001.57
2014-02-03,146192.94,172040.60
2014-02-04,146193.14,173245.68
2014-02-05,146193.38,173028.37
2014-02-06,146193.66,175310.13
2014-02-07,146193.94,177483.23
2014-02-10,146194.90,177809.19
2014-02-11,146195.18,179755.11
2014-02-12,146195.39,179844.02
2014-02-13,146195.59,180772.52
2014-02-14,146195.71,181770.18
2014-02-18,146196.03,181987.49
2014-02-19,146196.23,180782.40
2014-02-20,146196.47,181849.20
2014-02-21,146196.67,181641.76
2014-02-24,145915.70,182649.30
2014-02-25,145554.45,182580.14
2014-02-26,145554.65,182590.03
2014-02-27,145554.85,183548.17
2014-02-28,145555.01,184012.41
2014-03-03,145555.61,182718.43
2014-03-04,145555.81,185286.65
2014-03-05,145556.01,185454.57
2014-03-06,145556.25,185879.31
2014-03-07,145556.45,185958.33
2014-03-10,145557.16,185859.56
2014-03-11,145557.36,184940.92
2014-03-12,145557.56,184990.32
2014-03-13,145557.76,182915.98
2014-03-14,145557.96,182402.35
2014-03-17,145558.56,184051.93
2014-03-18,145558.80,185365.67
2014-03-19,145559.00,184377.90
2014-03-20,145559.24,185454.57
2014-03-21,145559.48,184735.27
2014-03-24,145560.19,183971.32
2014-03-25,145560.43,184844.41
2014-03-26,145560.63,183514.95
2014-03-27,145560.83,183128.02
2014-03-28,145560.99,184030.86
2014-03-31,145561.47,185538.90
2014-04-01,145561.67,186769.15
2014-04-02,145561.83,187394.20
2014-04-03,145561.91,187146.16
2014-04-04,145561.99,184933.69
2014-04-07,145562.35,182889.90
2014-04-08,145562.47,183643.93
2014-04-09,145562.59,185618.27
2014-04-10,145562.75,181719.19
2014-04-11,145562.91,180082.16
2014-04-14,145563.38,181500.92
2014-04-15,145563.54,182751.00
2014-04-16,145563.70,184665.83
2014-04-17,145563.86,184923.78
2014-04-21,145564.34,185568.66
2014-04-22,145564.50,186411.98
2014-04-23,145564.62,185975.44
2014-04-24,145564.70,186352.45
2014-04-25,145564.74,184824.56
2014-04-28,145565.10,185409.93
2014-04-29,145565.22,186273.08
2014-04-30,145565.30,186828.67
2014-05-01,145565.42,186848.52
2014-05-02,145565.54,186580.64
2014-05-05,145565.78,186937.81
2014-05-06,145565.90,185310.71
2014-05-07,145566.02,186402.06
2014-05-08,145566.14,186203.62
2014-05-09,145566.26,186481.44
2014-05-12,145566.62,188297.03
2014-05-13,145566.73,188465.70
2014-05-14,145566.85,187572.77
2014-05-15,145566.97,185925.83
2014-05-16,145567.09,186570.72
2014-05-19,145567.45,187255.30
2014-05-20,145567.57,186074.66
2014-05-21,145567.69,187642.23
2014-05-22,145567.85,188098.60
2014-05-23,145567.97,188852.63
2014-05-27,145568.61,190013.43
2014-05-28,145568.77,189874.53
2014-05-29,145568.93,190856.73
2014-05-30,145569.09,191164.29
2014-06-02,145569.57,191382.56
2014-06-03,145569.73,191283.36
2014-06-04,145569.89,191670.29
2014-06-05,145570.05,192920.37
2014-06-06,145570.20,193843.06
2014-06-09,145570.68,194041.49
2014-06-10,145570.84,194061.34
2014-06-11,145571.00,193386.68
2014-06-12,145571.16,192017.53
2014-06-13,145571.32,192602.90
2014-06-16,145571.80,192761.63
2014-06-17,145571.96,193297.39
2014-06-18,145572.12,194716.13
2014-06-19,145572.24,194934.40
2014-06-20,145572.32,195330.17
2014-06-23,145572.56,195270.36
2014-06-24,145572.68,194094.03
2014-06-25,145572.80,194971.29
2014-06-26,145572.92,194831.73
2014-06-27,145573.08,195210.55
2014-06-30,145573.44,195110.86
2014-07-01,145573.59,196416.78
2014-07-02,145573.67,196616.15
2014-07-03,145573.75,197583.13
2014-07-07,145573.91,196895.28
2014-07-08,145574.07,195629.24
2014-07-09,145574.19,196506.49
2014-07-10,145574.31,195728.92
2014-07-11,145574.39,195998.09
2014-07-14,145574.63,196985.01
2014-07-15,145574.75,196616.15
2014-07-16,145574.83,197343.89
2014-07-17,145574.91,195100.89
2014-07-18,145574.99,197094.67
2014-07-21,145575.23,196725.81
2014-07-22,145575.35,197583.13
2014-07-23,145575.47,198021.77
2014-07-24,145575.59,198031.73
2014-07-25,145575.71,197104.63
2014-07-28,145576.07,197184.39
2014-07-29,145576.23,196337.03
2014-07-30,145576.31,196366.93
2014-07-31,145576.47,192489.04
2014-08-01,145576.59,191900.88
2014-08-04,145576.94,193286.55
2014-08-05,145577.10,191412.40
2014-08-06,145577.22,191472.22
2014-08-07,145577.34,190435.45
2014-08-08,145577.46,192638.58
2014-08-11,145577.82,193196.83
2014-08-12,145577.98,192927.67
2014-08-13,145578.10,194233.59
2014-08-14,145578.26,195150.73
2014-08-15,145578.42,195110.86
2014-08-18,145578.78,196745.75
2014-08-19,145578.90,197772.55
2014-08-20,145579.02,198300.89
2014-08-21,145579.18,198879.09
2014-08-22,145579.26,198570.06
2014-08-25,145579.62,199576.91
2014-08-26,145579.78,199706.51
2014-08-27,145579.90,199626.76
2014-08-28,145580.06,199517.10
2014-08-29,145580.18,200085.33
2014-09-02,145580.65,199985.64
2014-09-03,145580.77,199875.98
2014-09-04,145580.89,199586.89
2014-09-05,145581.01,200484.08
2014-09-08,145581.37,199965.70
2014-09-09,145581.45,198699.66
2014-09-10,145581.53,199447.32
2014-09-11,145581.61,199676.60
2014-09-12,145581.69,198510.25
2014-09-15,145581.93,198360.71
2014-09-16,145582.01,199856.04
2014-09-17,145582.09,200125.20
2014-09-18,145582.17,201191.88
2014-09-19,145582.25,201010.59
2014-09-22,145582.49,199458.19
2014-09-23,145582.53,198316.42
2014-09-24,145582.57,199868.82
2014-09-25,145582.65,196643.84
2014-09-26,145582.69,198206.25
2014-09-29,145582.81,197845.69
2014-09-30,145582.89,197324.90
2014-10-01,145582.97,194650.77
2014-10-02,145583.05,194680.82
2014-10-03,145583.09,196824.13
2014-10-06,145583.21,196593.76
2014-10-07,145583.29,193559.07
2014-10-08,145583.37,196944.31
2014-10-09,145583.41,193038.28
2014-10-10,145583.45,190834.86
2014-10-13,145583.57,187700.03
2014-10-14,145583.61,187990.47
2014-10-15,145583.69,186718.50
2014-10-16,145583.77,186558.26
2014-10-17,145583.88,188761.67
2014-10-20,145584.12,190594.50
2014-10-21,145584.20,194370.34
2014-10-22,145584.28,192988.20
2014-10-23,145584.36,195231.65
2014-10-24,145584.40,196733.98
2014-10-27,145584.52,196463.57
2014-10-28,145584.60,198717.05
2014-10-29,145584.68,198416.58
2014-10-30,145584.80,199688.55
2014-10-31,145584.84,201972.08
2014-11-03,145584.96,202082.25
2014-11-04,145585.04,201381.17
2014-11-05,145585.16,202653.13
2014-11-06,145585.28,203464.38
2014-11-07,145585.40,203654.67
2014-11-10,145585.76,204295.66
2014-11-11,145585.84,204495.97
2014-11-12,145585.92,204275.64
2014-11-13,145586.00,204505.99
2014-11-14,145586.08,204556.07
2014-11-17,145586.32,204686.27
2014-11-18,145586.44,205868.10
2014-11-19,145586.52,205537.59
2014-11-20,145586.56,205898.14
2014-11-21,145586.64,206999.84
2014-11-24,145586.76,207580.74
2014-11-25,145586.84,207430.51
2014-11-26,145586.92,207961.33
2014-11-28,145587.08,207520.65
2014-12-01,145587.32,206078.42
2014-12-02,145587.43,207410.48
2014-12-03,145587.55,208211.72
2014-12-04,145587.59,207981.37
2014-12-05,145587.67,208321.89
2014-12-08,145587.91,206929.74
2014-12-09,145588.03,206789.52
2014-12-10,145588.19,203474.40
2014-12-11,145588.31,204505.99
2014-12-12,145588.43,201200.88
2014-12-15,145588.67,199818.74
2014-12-16,145588.83,198216.28
2014-12-17,145588.95,202102.27
2014-12-18,145589.07,207100.00
2014-12-19,145589.23,207981.20
2014-12-22,145589.71,208937.91
2014-12-23,145589.91,209219.89
2014-12-24,145590.03,209240.04
2014-12-26,145590.11,209914.78
2014-12-29,145590.23,210196.76
2014-12-30,145590.35,209068.84
2014-12-31,145590.47,206994.25
2015-01-02,145590.79,206883.47
2015-01-05,145591.02,203147.23
2015-01-06,145591.14,201233.79
2015-01-07,145591.26,203741.40
2015-01-08,145591.38,207356.80
2015-01-09,145591.50,205695.13
2015-01-12,145591.74,204083.80
2015-01-13,145591.86,203509.78
2015-01-14,145591.98,202281.15
2015-01-15,145592.14,200428.13
2015-01-16,145592.26,203056.60
2015-01-20,145592.74,203489.63
2015-01-21,145592.86,204516.85
2015-01-22,145592.98,207558.23
2015-01-23,145593.10,206420.23
2015-01-26,145593.34,206903.62
2015-01-27,145593.46,204174.45
2015-01-28,145593.54,201556.05
2015-01-29,145593.62,203419.15
2015-01-30,145593.74,200861.17
2015-02-02,145593.98,203348.64
2015-02-03,145594.06,206289.30
2015-02-04,145594.14,205503.78
2015-02-05,145594.18,207578.36
2015-02-06,145594.26,207004.33
2015-02-09,145594.49,206077.82
2015-02-10,145594.53,208273.24
2015-02-11,145594.57,208394.08
2015-02-12,145594.61,210398.17
2015-02-13,145594.69,211264.26
2015-02-17,145594.85,211596.59
2015-02-18,145594.93,211616.74
2015-02-19,145595.01,211465.67
2015-02-20,145595.09,212734.59
2015-02-23,145595.33,212704.38
2015-02-24,145595.41,213308.62
2015-02-25,145595.49,213127.35
2015-02-26,145595.57,212875.58
2015-02-27,145595.69,212150.49
2015-03-02,145595.93,213489.90
2015-03-03,145596.01,212613.73
2015-03-04,145596.09,211717.44
2015-03-05,145596.13,211949.07
2015-03-06,145596.21,208968.12
2015-03-09,145596.33,209834.21
2015-03-10,145596.41,206430.29
2015-03-11,145596.49,205946.90
2015-03-12,145596.61,208565.30
2015-03-13,145596.73,207286.31
2015-03-16,145597.09,210055.77
2015-03-17,145597.29,209431.39
2015-03-18,145597.49,211949.07
2015-03-19,145597.61,210982.28
2015-03-20,145597.73,212844.58
2015-03-23,145597.85,212429.83
2015-03-24,145597.97,211236.19
2015-03-25,145598.05,208140.77
2015-03-26,145598.20,207645.11
2015-03-27,145598.32,208120.55
2015-03-30,145598.80,210659.58
2015-03-31,145598.96,208818.52
2015-04-01,145599.08,208080.08
2015-04-02,145599.20,208828.64
2015-04-06,145599.52,210234.73
2015-04-07,145599.64,209678.36
2015-04-08,145599.72,210386.46
2015-04-09,145599.84,211317.10
2015-04-10,145599.96,212470.29
2015-04-13,145600.20,211509.30
2015-04-14,145600.32,211913.94
2015-04-15,145600.40,212864.80
2015-04-16,145600.48,212804.11
2015-04-17,145600.56,210356.11
2015-04-20,145600.68,212278.10
2015-04-21,145600.80,212025.21
2015-04-22,145600.92,213067.13
2015-04-23,145601.04,213603.26
2015-04-24,145601.16,214098.92
2015-04-27,145601.52,213208.75
2015-04-28,145601.60,213886.50
2015-04-29,145601.68,213006.44
2015-04-30,145601.71,210872.02
2015-05-01,145601.75,213158.16
2015-05-04,145601.87,213765.11
2015-05-05,145601.95,211317.10
2015-05-06,145601.99,210447.15
2015-05-07,145602.07,211286.75
2015-05-08,145602.11,214068.57
2015-05-11,145602.23,213046.89
2015-05-12,145602.31,212409.60
2015-05-13,145602.43,212450.07
2015-05-14,145602.51,214665.41
2015-05-15,145602.55,214898.07
2015-05-18,145602.79,215565.71
2015-05-19,145602.87,215494.89
2015-05-20,145602.95,215343.16
2015-05-21,145603.03,215970.33
2015-05-22,145603.11,215454.43
2015-05-26,145603.43,213137.93
2015-05-27,145603.51,215161.07
2015-05-28,145603.55,214918.30
2015-05-29,145603.59,213583.02
2015-06-01,145603.71,214018.01
2015-06-02,145603.79,213805.57
2015-06-03,145603.83,214372.05
2015-06-04,145603.91,212561.34
2015-06-05,145603.99,212197.18
2015-06-08,145604.35,210892.24
2015-06-09,145604.43,210861.90
2015-06-10,145604.51,213390.82
2015-06-11,145604.59,214078.70
2015-06-12,145604.63,212439.94
2015-06-15,145604.87,211529.54
2015-06-16,145604.95,212682.73
2015-06-17,145604.99,213026.66
2015-06-18,145605.03,215242.00
2015-06-19,145605.07,214286.50
2015-06-22,145605.19,215384.31
2015-06-23,145605.23,215536.77
2015-06-24,145605.27,213971.39
2015-06-25,145605.31,213320.83
2015-06-26,145605.35,213280.18
2015-06-29,145605.46,208807.61
2015-06-30,145605.54,209244.71
2015-07-01,145605.58,210921.91
2015-07-02,145605.62,210728.78
2015-07-06,145605.78,210129.05
2015-07-07,145605.86,211450.49
2015-07-08,145605.94,207902.93
2015-07-09,145606.02,208279.03
2015-07-10,145606.14,210901.58
2015-07-13,145606.26,213229.35
2015-07-14,145606.34,214154.35
2015-07-15,145606.38,214083.20
2015-07-16,145606.46,215801.07
2015-07-17,145606.54,215984.03
2015-07-20,145606.90,216095.85
2015-07-21,145607.06,215242.00
2015-07-22,145607.18,214855.73
2015-07-23,145607.34,213646.10
2015-07-24,145607.46,211430.16
2015-07-27,145607.94,210200.20
2015-07-28,145608.14,212782.09
2015-07-29,145608.34,214245.84
2015-07-30,145608.58,214296.67
2015-07-31,145608.86,213971.39
2015-08-03,145609.81,213249.67
2015-08-04,145610.13,212832.92
2015-08-05,145610.45,213534.30
2015-08-06,145610.77,211785.94
2015-08-07,145610.93,211379.33
2015-08-10,145611.65,214042.55
2015-08-11,145612.13,212111.20
2015-08-12,145612.53,212365.33
2015-08-13,145612.92,212101.05
2015-08-14,145613.32,212873.57
2015-08-17,145614.40,214062.87
2015-08-18,145614.80,213442.81
2015-08-19,145615.08,211755.44
2015-08-20,145615.28,207333.70
2015-08-21,145615.36,201092.44
2015-08-24,145615.72,192625.07
2015-08-25,145615.96,190358.30
2015-08-26,145616.24,197666.87
2015-08-27,145616.48,202556.19
2015-08-28,145616.71,202566.35
2015-08-31,145617.43,200929.80
2015-09-01,145617.75,194932.51
2015-09-02,145617.87,198632.54
2015-09-03,145617.99,198774.85
2015-09-04,145618.07,195766.03
2015-09-08,145618.39,200685.84
2015-09-09,145618.63,198002.30
2015-09-10,145618.75,199079.80
2015-09-11,145618.83,199984.47
2015-09-14,145619.31,199242.42
2015-09-15,145619.59,201732.84
2015-09-16,145619.87,203481.19
2015-09-17,145620.11,203023.77
2015-09-18,145620.15,199706.07
2015-09-21,145620.03,200738.07
2015-09-22,145620.07,198132.54
2015-09-23,145620.03,197815.79
2015-09-24,145620.07,197100.54
2015-09-25,145620.11,197049.46
2015-09-28,145619.99,192104.05
2015-09-29,145620.03,192216.45
2015-09-30,145620.07,195802.89
2015-10-01,145620.03,196313.78
2015-10-02,145619.95,199246.27
2015-10-05,145619.95,202791.83
2015-10-06,145619.99,202097.02
2015-10-07,145619.99,203752.31
2015-10-08,145619.99,205591.50
2015-10-09,145619.95,205714.11
2015-10-12,145620.07,205908.25
2015-10-13,145620.11,204610.59
2015-10-14,145620.15,203629.68
2015-10-15,145620.15,206756.33
2015-10-16,145620.19,207696.36
2015-10-19,145620.31,207798.53
2015-10-20,145620.39,207532.87
2015-10-21,145620.46,206245.44
2015-10-22,145620.50,209729.68
2015-10-23,145620.50,212028.68
2015-10-26,145620.62,211507.58
2015-10-27,145620.70,211098.88
2015-10-28,145620.82,213500.04
2015-10-29,145620.98,213377.43
2015-10-30,145621.26,212457.82
2015-11-02,145622.22,214971.40
2015-11-03,145622.54,215594.68
2015-11-04,145622.78,214940.75
2015-11-05,145622.98,214726.17
2015-11-06,145623.18,214613.77
2015-11-09,145624.14,212611.10
2015-11-10,145624.69,213101.55
2015-11-11,145625.21,212263.70
2015-11-12,145625.73,209300.54
2015-11-13,145626.29,206950.45
2015-11-16,145627.85,210097.52
2015-11-17,145628.44,209944.26
2015-11-18,145629.00,213275.25
2015-11-19,145629.48,213091.34
2015-11-20,145629.92,213867.88
2015-11-23,145631.24,213622.66
2015-11-24,145631.80,213908.76
2015-11-25,145632.43,213878.11
2015-11-27,145633.95,214123.32
2015-11-30,145635.99,213234.38
2015-12-01,145636.86,215267.71
2015-12-02,145637.70,213070.90
2015-12-03,145638.54,210087.31
2015-12-04,145639.38,214184.63
2015-12-07,145642.01,212886.98
2015-12-08,145643.17,211456.49
2015-12-09,145644.24,209811.43
2015-12-10,145645.28,210352.97
2015-12-11,145646.24,206276.09
2015-12-14,145648.87,207318.29
2015-12-15,145649.91,209494.68
2015-12-16,145650.91,212560.01
2015-12-17,145651.99,209320.98
2015-12-18,145652.90,205591.92
2015-12-21,145655.18,207287.88
2015-12-22,145656.14,209168.86
2015-12-23,145656.97,211759.06
2015-12-24,145657.77,211409.58
2015-12-28,145660.96,210926.50
2015-12-29,145661.88,213177.49
2015-12-30,145662.80,211666.54
2015-12-31,145663.64,209549.16
2016-01-04,145666.19,206619.78
2016-01-05,145667.07,206969.24
2016-01-06,145667.87,204358.49
2016-01-07,145668.71,199455.61
2016-01-08,145669.51,197266.27
2016-01-11,145671.90,197461.57
2016-01-12,145672.74,199054.75
2016-01-13,145673.58,194090.20
2016-01-14,145674.45,197276.55
2016-01-15,145675.45,193041.78
2016-01-19,145679.12,193298.75
2016-01-20,145680.16,190821.61
2016-01-21,145681.20,191890.59
2016-01-22,145682.32,195827.28
2016-01-25,145685.91,192867.05
2016-01-26,145687.15,195498.36
2016-01-27,145688.38,193370.70
2016-01-28,145689.66,194378.00
2016-01-29,145691.02,199116.42
2016-02-01,145694.85,199044.46
2016-02-02,145696.25,195457.25
2016-02-03,145697.60,196629.01
2016-02-04,145698.92,196937.37
2016-02-05,145700.08,193185.68
2016-02-08,145703.55,190585.20
2016-02-09,145704.83,190595.48
2016-02-10,145706.03,190431.03
2016-02-11,145707.26,187953.89
2016-02-12,145708.38,191828.92
2016-02-16,145713.01,195066.66
2016-02-17,145714.21,198253.02
2016-02-18,145715.41,197441.01
2016-02-19,145716.61,197348.50
2016-02-22,145720.20,200205.94
2016-02-23,145721.52,197677.43
2016-02-24,145722.79,198581.93
2016-02-25,145724.11,200987.11
2016-02-26,145903.33,200524.58
2016-02-29,145985.15,198951.96
2016-03-01,145397.83,203628.71
2016-03-02,148823.01,204543.50
2016-03-03,149842.71,205345.23
2016-03-04,149458.81,206013.33
2016-03-07,149780.04,206177.79
2016-03-08,147356.16,203926.78
2016-03-09,148026.27,204934.09
2016-03-10,148641.80,205098.54
2016-03-11,148574.68,208408.24
2016-03-14,149151.70,208141.00
2016-03-15,148197.21,207801.81
2016-03-16,147674.12,209004.40
2016-03-17,148108.61,210330.34
2016-03-18,149732.64,211156.87
2016-03-21,149702.17,211456.48
2016-03-22,149390.47,211342.83
2016-03-23,149421.13,209948.07
2016-03-24,149441.91,209855.08
2016-03-28,149426.12,209979.07
2016-03-29,149466.62,211921.39
2016-03-30,149536.56,212851.25
2016-03-31,149507.61,212334.67
2016-04-01,149488.57,213781.08
2016-04-04,149125.96,213088.87
2016-04-05,148624.72,210960.56
2016-04-06,148655.14,213264.50
2016-04-07,148734.95,210712.60
2016-04-08,148775.24,211280.84
2016-04-11,148906.01,210784.93
2016-04-12,149074.73,212747.92
2016-04-13,148986.56,214896.89
2016-04-14,148987.34,214907.22
2016-04-15,148938.70,214669.60
2016-04-18,148921.18,216178.02
2016-04-19,148902.17,216859.89
2016-04-20,149001.67,217066.53
2016-04-21,149022.21,215899.06
2016-04-22,149141.53,215899.06
2016-04-25,149084.60,215527.12
2016-04-26,149470.72,215847.40
2016-04-27,150337.33,216291.66
2016-04-28,149277.87,214328.65
2016-04-29,149099.22,213171.52
2016-05-02,149111.39,214865.90
2016-05-03,149022.76,212995.89
2016-05-04,148989.07,211807.75
2016-05-05,148989.84,211766.43
2016-05-06,148990.66,212541.29
2016-05-09,148992.99,212716.93
2016-05-10,148993.97,215361.81
2016-05-11,148994.95,213347.16
2016-05-12,148996.01,213409.14
2016-05-13,148997.11,211549.46
2016-05-16,149000.54,213636.44
2016-05-17,149001.68,211642.45
2016-05-18,149002.82,211704.44
2016-05-19,149004.05,210970.89
2016-05-20,149005.27,212303.67
2016-05-23,149009.19,212014.39
2016-05-24,149010.62,214762.58
2016-05-25,149012.05,216219.34
2016-05-26,149013.40,216281.32
2016-05-27,149014.62,217211.17
2016-05-31,149019.68,216797.90
2016-06-01,149021.07,217242.17
2016-06-02,149022.30,217903.39
2016-06-03,149023.44,217252.49
2016-06-06,149623.80,218357.98
2016-06-07,150426.93,218698.91
2016-06-08,149238.12,219411.79
2016-06-09,148727.57,219112.18
2016-06-10,148728.59,217035.54
2016-06-13,148731.65,215361.81
2016-06-14,148732.75,214938.21
2016-06-15,148733.85,214638.60
2016-06-16,148734.91,215279.16
2016-06-17,148736.01,214477.42
2016-06-20,148739.18,215858.67
2016-06-21,148740.33,216471.40
2016-06-22,148741.43,216118.30
2016-06-23,148742.53,218932.71
2016-06-24,148743.75,211071.04
2016-06-27,148746.93,207290.79
2016-06-28,148748.03,211029.49
2016-06-29,148749.09,214622.81
2016-06-30,148750.15,217551.46
2016-07-01,148751.21,218008.42
2016-07-05,148755.61,216440.24
2016-07-06,148756.75,217738.41
2016-07-07,148757.85,217603.39
2016-07-08,148759.03,220843.61
2016-07-11,148762.33,221622.50
2016-07-12,148763.60,223232.23
2016-07-13,148764.78,223201.07
2016-07-14,148766.04,224447.31
2016-07-15,148767.30,224146.14
2016-07-18,148771.10,224748.49
2016-07-19,148772.40,224520.01
2016-07-20,148773.66,225454.69
2016-07-21,148774.97,224603.10
2016-07-22,148776.23,225610.47
2016-07-25,148780.14,224997.73
2016-07-26,148781.45,225101.59
2016-07-27,148782.71,224862.73
2016-07-28,148783.98,225122.36
2016-07-29,148784.99,225485.84
2016-08-01,148788.30,225298.91
2016-08-02,148789.48,223855.35
2016-08-03,148790.66,224509.62
2016-08-04,148791.80,224748.49
2016-08-05,148792.86,226586.68
2016-08-08,148796.16,226451.68
2016-08-09,148797.43,226586.68
2016-08-10,148798.61,226025.88
2016-08-11,148799.75,227074.79
2016-08-12,148800.89,226877.48
2016-08-15,148804.32,227531.75
2016-08-16,148805.58,226358.22
2016-08-17,148806.68,226784.00
2016-08-18,148807.91,227292.89
2016-08-19,148809.09,226960.55
2016-08-22,148812.63,226950.17
2016-08-23,148813.82,227407.13
2016-08-24,148815.04,226243.98
2016-08-25,148816.30,226088.19
2016-08-26,148817.65,225662.39
2016-08-29,148821.69,226773.62
2016-08-30,148476.45,226399.75
2016-08-31,148059.51,225755.87
2016-09-01,148060.85,225766.25
2016-09-02,148062.19,226784.00
2016-09-06,148067.38,227469.44
2016-09-07,148068.68,227448.66
2016-09-08,148070.06,226929.40
2016-09-09,148071.44,221497.88
2016-09-12,148075.57,224675.79
2016-09-13,148077.08,221445.95
2016-09-14,148078.54,221362.87
2016-09-15,148079.87,223574.95
2016-09-16,148081.05,222710.70
2016-09-19,148084.58,222752.46
2016-09-20,148085.80,222762.89
2016-09-21,148087.02,225267.96
2016-09-22,148087.91,226687.48
2016-09-23,148088.64,225445.40
2016-09-26,148090.83,223618.79
2016-09-27,148091.84,225007.02
2016-09-28,148092.90,226123.85
2016-09-29,148093.99,224078.04
2016-09-30,148095.05,225768.97
2016-10-03,148098.46,225226.20
2016-10-04,148099.76,224078.04
2016-10-05,148101.09,225069.64
2016-10-06,148102.39,225226.20
2016-10-07,148103.69,224453.80
2016-10-10,148107.59,225622.84
2016-10-11,148108.88,222773.32
2016-10-12,148110.30,223065.59
2016-10-13,148111.77,222334.94
2016-10-14,148112.94,222449.75
2016-10-17,148116.72,221677.37
2016-10-18,148118.10,223065.59
2016-10-19,148119.48,223660.54
2016-10-20,148120.86,223243.03
2016-10-21,148122.24,223347.40
2016-10-24,148126.25,224297.24
2016-10-25,148127.59,223545.72
2016-10-26,148128.97,223096.90
2016-10-27,148130.31,222501.94
2016-10-28,148131.49,221844.36
2016-10-31,148135.02,221854.81
2016-11-01,148136.40,220247.38
2016-11-02,148137.82,218921.80
2016-11-03,148139.28,217919.76
2016-11-04,148140.78,217679.70
2016-11-07,148145.29,222481.06
2016-11-08,148146.95,223483.10
2016-11-09,148148.70,225852.47
2016-11-10,148150.48,226416.11
2016-11-11,148152.39,225894.22
2016-11-14,148158.11,226071.66
2016-11-15,148160.31,227835.64
2016-11-16,148162.33,227407.69
2016-11-17,148164.20,228576.73
2016-11-18,148165.95,228065.28
2016-11-21,148171.18,229787.50
2016-11-22,148173.05,230236.33
2016-11-23,147871.15,230361.58
2016-11-25,147948.55,231217.49
2016-11-28,147933.37,230131.95
2016-11-29,147372.44,230580.78
2016-11-30,147374.38,230027.58
2016-12-01,147376.31,229182.13
2016-12-02,147378.21,229296.93
2016-12-05,147384.03,230674.72
2016-12-06,147386.01,231405.36
2016-12-07,147387.98,234432.32
2016-12-08,147390.04,235006.39
2016-12-09,147392.06,236425.92
2016-12-12,147398.48,236154.55
2016-12-13,147400.54,237730.65
2016-12-14,147402.72,235768.36
2016-12-15,147404.90,236739.06
2016-12-16,147406.92,236276.04
2016-12-19,147412.98,236790.51
2016-12-20,147415.08,237703.94
2016-12-21,147417.18,237042.50
2016-12-22,147419.24,236633.03
2016-12-23,147421.26,236979.50
2016-12-27,147429.50,237567.46
2016-12-28,147431.56,235604.08
2016-12-29,147433.66,235551.60
2016-12-30,147435.52,234690.65
2017-01-03,147443.60,236486.04
2017-01-04,147445.74,237892.94
2017-01-05,147447.84,237703.94
2017-01-06,147449.90,238554.40
2017-01-09,147456.20,237766.95
2017-01-10,147458.22,237766.95
2017-01-11,147460.28,238438.91
2017-01-12,147462.34,237840.44
2017-01-13,147464.40,238386.41
2017-01-17,147472.81,237546.46
2017-01-18,147474.99,238071.42
2017-01-19,147477.09,237189.49
2017-01-20,147479.15,238060.93
2017-01-23,147485.09,237441.46
2017-01-24,147487.15,238963.87
2017-01-25,147489.17,241032.23
2017-01-26,147491.15,240780.24
2017-01-27,147493.17,240402.27
2017-01-30,147499.35,238911.37
2017-01-31,147501.41,238890.37
2017-02-01,147503.51,238984.86
2017-02-02,147505.54,239142.36
2017-02-03,147507.60,240790.74
2017-02-06,147513.66,240360.26
2017-02-07,147515.80,240370.77
2017-02-08,147517.94,240685.75
2017-02-09,147520.08,242113.66
2017-02-10,147522.23,243069.08
2017-02-13,147528.77,244392.00
2017-02-14,147530.88,245368.43
2017-02-15,147533.06,246649.34
2017-02-16,147535.20,246439.36
2017-02-17,147537.30,246827.83
2017-02-21,147545.71,248297.74
2017-02-22,147547.85,248077.25
2017-02-23,147549.95,248245.24
2017-02-24,147552.02,248560.22
2017-02-27,147558.20,248948.69
2017-02-28,147560.22,248276.74
2017-03-01,147562.37,251752.00
2017-03-02,147564.87,250166.61
2017-03-03,147567.54,250324.09
2017-03-06,147576.03,249578.65
2017-03-07,147578.98,248833.20
2017-03-08,147582.01,248371.23
2017-03-09,147584.93,248686.21
2017-03-10,147587.84,249557.65
2017-03-13,147596.69,249683.64
2017-03-14,147599.85,248728.20
2017-03-15,147602.96,250880.56
2017-03-16,147605.87,250387.09
2017-03-17,147608.78,249947.37
2017-03-20,147617.52,249673.20
2017-03-21,147620.55,246467.52
2017-03-22,147623.63,247047.50
2017-03-23,147626.70,246783.88
2017-03-24,147629.73,246604.61
2017-03-27,147639.08,246351.53
2017-03-28,147642.19,248144.19
2017-03-29,147645.31,248376.16
2017-03-30,147648.42,249167.03
2017-03-31,147651.53,248587.07
2017-04-03,147660.64,248154.72
2017-04-04,147663.79,248312.89
2017-04-05,147666.95,247574.75
2017-04-06,147670.14,248270.72
2017-04-07,147673.30,248017.63
2017-04-10,147683.13,248165.26
2017-04-11,147686.41,247870.01
2017-04-12,147689.69,246783.88
2017-04-13,147692.92,245181.04
2017-04-14,147696.16,245181.04
2017-04-17,147705.87,247353.31
2017-04-18,147709.19,246615.15
2017-04-19,147712.47,246161.73
2017-04-20,147715.71,248165.26
2017-04-21,147718.86,247374.39
2017-04-24,147728.33,250094.99
2017-04-25,147731.57,251550.21
2017-04-26,147734.85,251392.02
2017-04-27,147738.17,251602.93
2017-04-28,147741.41,251054.59
2017-05-01,147751.00,251687.28
2017-05-02,147754.32,251782.20
2017-05-03,147757.60,251476.38
2017-05-04,147761.00,251771.64
2017-05-05,147764.40,252762.87
2017-05-08,147775.09,252720.70
2017-05-09,147778.73,252488.71
2017-05-10,147782.37,252942.13
2017-05-11,147785.98,252425.44
2017-05-12,147789.50,252003.63
2017-05-15,147799.95,253395.57
2017-05-16,147803.55,253163.58
2017-05-17,147807.15,248671.43
2017-05-18,147810.76,249673.20
2017-05-19,147814.44,251297.12
2017-05-22,147825.38,252573.07
2017-05-23,147829.10,253131.95
2017-05-24,147832.79,253722.47
2017-05-25,147836.51,254935.13
2017-05-26,147840.24,254882.42
2017-05-30,147855.15,254660.97
2017-05-31,147858.87,254597.70
2017-06-01,147862.76,256622.33
2017-06-02,147866.65,257476.47
2017-06-05,147878.32,257286.67
2017-06-06,147882.17,256464.16
2017-06-07,147886.06,256938.68
2017-06-08,147890.03,257065.22
2017-06-09,147894.04,256675.06
2017-06-12,147906.07,256622.33
2017-06-13,147910.00,257877.19
2017-06-14,147914.02,257550.29
2017-06-15,147918.03,257054.68
2017-06-16,147922.08,257110.84
2017-06-19,147934.36,259251.31
2017-06-20,147938.45,257502.90
2017-06-21,147942.51,257439.32
2017-06-22,147946.44,257322.76
2017-06-23,147950.25,257630.06
2017-06-26,147961.80,257799.59
2017-06-27,147965.77,255722.71
2017-06-28,147969.79,258011.53
2017-06-29,147973.84,255743.91
2017-06-30,147977.97,256220.74
2017-07-03,147990.26,256655.20
2017-07-05,147998.69,257248.59
2017-07-06,148002.87,254896.19
2017-07-07,148007.00,256549.23
2017-07-10,148019.53,256824.73
2017-07-11,148023.71,256634.00
2017-07-12,148027.89,258562.54
2017-07-13,148032.07,258996.99
2017-07-14,148036.24,260204.98
2017-07-17,148048.65,260173.19
2017-07-18,148052.91,260310.95
2017-07-19,148057.17,261720.27
2017-07-20,148061.59,261836.83
2017-07-21,148066.18,261603.71
2017-07-24,148080.05,261540.14
2017-07-25,148084.72,262175.91
2017-07-26,148089.42,262186.50
2017-07-27,148093.93,261942.79
2017-07-28,148098.35,261635.50
2017-07-31,148111.25,261487.15
2017-08-01,148115.51,262069.95
2017-08-02,148119.81,262197.11
2017-08-03,148124.12,261688.48
2017-08-04,148128.42,262165.32
2017-08-07,148141.32,262652.74
2017-08-08,148145.42,262006.36
2017-08-09,148149.64,261995.77
2017-08-10,148153.86,258297.63
2017-08-11,148158.04,258679.10
2017-08-14,148170.34,261243.42
2017-08-15,148174.44,261211.63
2017-08-16,148178.58,261667.29
2017-08-17,148182.64,257587.67
2017-08-18,148186.62,257185.02
2017-08-21,148198.80,257386.34
2017-08-22,148202.82,260077.83
2017-08-23,148206.84,259145.34
2017-08-24,148210.82,258541.35
2017-08-25,148214.88,259145.34
2017-08-28,148227.19,259155.95
2017-08-29,148231.13,259452.64
2017-08-30,148235.23,260681.81
2017-08-31,148239.33,262250.09
2017-09-01,148243.35,262620.96
2017-09-05,148259.60,260734.80
2017-09-06,148263.70,261624.89
2017-09-07,148267.96,261593.10
2017-09-08,148272.15,261285.82
2017-09-11,148284.58,264072.67
2017-09-12,148288.80,264962.76
2017-09-13,148292.95,265089.92
2017-09-14,148297.09,265005.14
2017-09-15,148301.28,265361.89
2017-09-18,148313.83,265926.29
2017-09-19,148318.06,266192.51
2017-09-20,148322.24,266288.35
2017-09-21,148326.39,265574.87
2017-09-22,148330.53,265628.12
2017-09-25,148342.84,265085.01
2017-09-26,148347.07,265244.75
2017-09-27,148351.34,266277.70
2017-09-28,148355.61,266597.18
2017-09-29,148359.83,267534.28
2017-10-02,148372.52,268695.03
2017-10-03,148376.58,269270.06
2017-10-04,148380.85,269589.54
2017-10-05,148385.16,271186.88
2017-10-06,148389.43,270878.05
2017-10-09,148402.23,270430.80
2017-10-10,148406.50,271144.28
2017-10-11,148410.81,271570.25
2017-10-12,148415.20,271165.58
2017-10-13,148419.55,271495.70
2017-10-16,148432.61,271857.76
2017-10-17,148437.04,272049.45
2017-10-18,148441.39,272315.67
2017-10-19,148445.74,272390.21
2017-10-20,148450.14,273795.86
2017-10-23,148463.43,272730.97
2017-10-24,148467.83,273210.18
2017-10-25,148472.30,271857.76
2017-10-26,148476.78,272209.18
2017-10-27,148481.21,274434.81
2017-10-30,148494.39,273412.52
2017-10-31,148498.87,273838.47
2017-11-01,148503.46,274200.53
2017-11-02,148508.18,274307.03
2017-11-03,148512.86,275222.85
2017-11-06,148527.02,275648.81
2017-11-07,148531.78,275457.13
2017-11-08,148536.67,275925.66
2017-11-09,148541.59,274924.68
2017-11-10,148546.55,274839.47
2017-11-13,148561.33,275095.04
2017-11-14,148566.29,274456.13
2017-11-15,148571.34,273082.40
2017-11-16,148576.35,275403.87
2017-11-17,148581.44,274594.54
2017-11-20,148596.82,275063.09
2017-11-21,148602.03,276862.77
2017-11-22,148607.25,276617.87
2017-11-24,148617.59,277256.78
2017-11-27,148632.98,277118.37
2017-11-28,148638.07,279929.69
2017-11-29,148643.28,279759.30
2017-11-30,148648.45,282208.58
2017-12-01,148653.54,281622.87
2017-12-04,148668.82,281282.13
2017-12-05,148674.03,280270.46
2017-12-06,148679.24,280323.69
2017-12-07,148684.46,281207.58
2017-12-08,148689.63,282741.03
2017-12-11,148705.03,283592.94
2017-12-12,148710.37,284093.44
2017-12-13,148715.74,284061.49
2017-12-14,148720.96,282900.76
2017-12-15,148536.88,285256.59
2017-12-18,149595.18,287065.46
2017-12-19,149652.25,285963.02
2017-12-20,149474.30,285813.15
2017-12-21,149835.02,286401.83
2017-12-22,150174.65,286326.93
2017-12-26,149936.32,285984.41
2017-12-27,149307.01,286123.56
2017-12-28,149190.79,286712.23
2017-12-29,149181.51,285631.18
2018-01-02,149203.91,287675.53
2018-01-03,149209.71,289495.13
2018-01-04,149215.39,290715.30
2018-01-05,149221.08,292652.65
2018-01-08,149237.88,293187.82
2018-01-09,149243.73,293851.42
2018-01-10,149249.53,293401.87
2018-01-11,149255.26,295542.55
2018-01-12,149261.02,297469.18
2018-01-16,149284.09,296452.34
2018-01-17,149289.94,299278.03
2018-01-18,149295.74,298775.00
2018-01-19,149301.59,300134.32
2018-01-22,149319.02,302574.70
2018-01-23,149324.87,303216.91
2018-01-24,149330.68,303099.15
2018-01-25,149336.45,303227.59
2018-01-26,149342.17,306738.30
2018-01-29,149359.24,304704.66
2018-01-30,149365.09,301579.29
2018-01-31,149370.90,301729.12
2018-02-01,149376.79,301386.60
2018-02-02,149382.77,294825.44
2018-02-05,149400.69,282495.09
2018-02-06,149406.79,288060.87
2018-02-07,149412.93,286498.19
2018-02-08,149419.19,275751.95
2018-02-09,149425.46,279894.17
2018-02-12,149444.25,284004.27
2018-02-13,149450.84,284710.70
2018-02-14,149457.27,288553.22
2018-02-15,149463.66,292235.20
2018-02-16,149470.04,292320.81
2018-02-20,149496.09,290490.54
2018-02-21,149502.81,289045.57
2018-02-22,149509.44,289420.20
2018-02-23,149516.04,294033.36
2018-02-26,149535.82,297447.75
2018-02-27,149542.58,293733.67
2018-02-28,149549.30,290758.12
2018-03-01,149555.98,286530.29
2018-03-02,149562.53,288007.34
2018-03-05,149582.45,291336.12
2018-03-06,149589.29,292074.65
2018-03-07,149596.06,291967.61
2018-03-08,149602.82,293380.47
2018-03-09,149609.54,298485.98
2018-03-12,149629.71,298111.36
2018-03-13,149636.59,296184.76
2018-03-14,149643.56,294664.86
2018-03-15,149650.66,294343.77
2018-03-16,149657.79,294662.95
2018-03-19,149679.32,290676.06
2018-03-20,149686.57,291170.41
2018-03-21,149693.87,290611.58
2018-03-22,149700.89,283347.12
2018-03-23,149707.82,277307.68
2018-03-26,149728.86,284894.55
2018-03-27,149736.08,280048.00
2018-03-28,149743.22,279220.52
2018-03-29,149750.19,282788.29
2018-04-02,149778.09,276684.41
2018-04-03,149785.23,280230.67
2018-04-04,149792.29,283228.89
2018-04-05,149799.18,285464.14
2018-04-06,149806.12,279102.33
2018-04-09,149827.05,280477.85
2018-04-10,149834.15,284937.55
2018-04-11,149841.17,283443.83
2018-04-12,149848.15,285775.76
2018-04-13,149855.21,284937.55
2018-04-16,149876.52,287280.23
2018-04-17,149883.75,290353.68
2018-04-18,149891.02,290568.62
2018-04-19,149898.33,288956.68
2018-04-20,149905.68,286506.49
2018-04-23,149927.61,286463.53
2018-04-24,149935.17,282605.62
2018-04-25,149942.72,283304.12
2018-04-26,149950.20,286184.12
2018-04-27,149957.55,286452.78
2018-04-30,149979.49,284249.80
2018-05-01,149987.05,284754.88
2018-05-02,149994.53,282842.04
2018-05-03,150001.97,282218.74
2018-05-04,150009.37,285872.47
2018-05-07,150031.56,286839.66
2018-05-08,150039.08,286839.66
2018-05-09,150046.65,289612.18
2018-05-10,150054.25,292320.23
2018-05-11,150204.21,293212.19
2018-05-14,149293.91,293351.90
2018-05-15,149301.68,291331.60
2018-05-16,149309.41,292556.65
2018-05-17,149317.10,292309.51
2018-05-18,149324.80,291578.74
2018-05-21,149347.75,293770.99
2018-05-22,149355.52,292954.26
2018-05-23,149363.30,293760.23
2018-05-24,149370.99,293158.44
2018-05-25,150042.17,292459.94
2018-05-29,148983.78,289096.35
2018-05-30,148991.54,292954.26
2018-05-31,148999.30,291159.65
2018-06-01,149007.01,294018.16
2018-06-04,149030.04,295415.17
2018-06-05,149037.83,295630.11
2018-06-06,149045.63,298101.74
2018-06-07,149053.43,298069.50
2018-06-08,149061.19,298950.70
2018-06-11,149084.35,299348.31
2018-06-12,149092.15,299735.19
2018-06-13,149099.87,298778.76
2018-06-14,149107.63,299531.01
2018-06-15,149115.39,299148.88
2018-06-18,149138.68,298533.58
2018-06-19,149146.48,297389.36
2018-06-20,149154.29,297896.71
2018-06-21,149162.05,296029.24
2018-06-22,149169.82,296568.97
2018-06-25,149192.99,292531.82
2018-06-26,149200.75,293179.50
2018-06-27,149208.52,290750.73
2018-06-28,149216.25,292413.10
2018-06-29,149223.97,292834.07
2018-07-02,149247.15,293460.14
2018-07-03,149255.13,292423.87
2018-07-05,149270.99,294809.45
2018-07-06,149278.85,297303.02
2018-07-09,149302.53,299980.04
2018-07-10,149310.50,301059.50
2018-07-11,149318.48,298857.40
2018-07-12,149326.37,301566.84
2018-07-13,149334.31,301804.32
2018-07-16,148855.16,301534.46
2018-07-17,149389.69,302754.25
2018-07-18,149359.70,303391.12
2018-07-19,149111.13,302246.90
2018-07-20,148997.04,301901.47
2018-07-23,149020.92,302462.81
2018-07-24,149028.92,303984.81
2018-07-25,149037.01,306575.52
2018-07-26,149045.05,305852.27
2018-07-27,149053.01,303779.74
2018-07-30,149077.02,302192.94
2018-07-31,149085.23,303682.56
2018-08-01,149093.36,303175.22
2018-08-02,149101.49,304826.81
2018-08-03,149109.58,306132.94
2018-08-06,149133.72,307255.58
2018-08-07,149141.98,308270.24
2018-08-08,149150.23,308140.71
2018-08-09,149158.48,307719.74
2018-08-10,149166.74,305657.98
2018-08-13,149191.38,304513.76
2018-08-14,149199.68,306456.76
2018-08-15,149208.02,304168.33
2018-08-16,149216.32,306629.48
2018-08-17,149224.62,307708.93
2018-08-20,149249.27,308367.42
2018-08-21,149257.57,309090.63
2018-08-22,149265.91,308907.14
2018-08-23,149274.29,308496.95
2018-08-24,149282.64,310353.61
2018-08-27,149307.79,312803.95
2018-08-28,149316.30,312955.09
2018-08-29,149324.85,314639.04
2018-08-30,149333.40,313365.26
2018-08-31,149341.87,313376.06
2018-09-04,149375.75,312836.34
2018-09-05,149384.30,311994.36
2018-09-06,149392.89,311055.25
2018-09-07,149401.45,310450.75
2018-09-10,149427.24,310990.48
2018-09-11,149435.87,312015.94
2018-09-12,149444.51,312091.51
2018-09-13,149453.19,313937.37
2018-09-14,149461.83,313991.36
2018-09-17,149487.88,312328.99
2018-09-18,149496.60,314023.74
2018-09-19,149505.32,314358.37
2018-09-20,149514.01,316905.86
2018-09-21,149522.73,316616.35
2018-09-24,149549.03,315564.54
2018-09-25,149557.96,315271.78
2018-09-26,149566.85,314328.41
2018-09-27,149575.71,315206.72
2018-09-28,149584.48,315239.25
2018-10-01,149610.91,316334.44
2018-10-02,149619.89,316150.09
2018-10-03,149628.86,316323.59
2018-10-04,149637.84,313851.30
2018-10-05,149646.78,312094.67
2018-10-08,149673.59,312094.67
2018-10-09,149682.53,311639.23
2018-10-10,149691.59,301771.74
2018-10-11,149700.74,295124.76
2018-10-12,149709.84,299223.56
2018-10-15,149737.28,297542.82
2018-10-16,149746.60,304048.86
2018-10-17,149755.87,304103.09
2018-10-18,149765.18,299711.50
2018-10-19,149774.50,299548.85
2018-10-22,149802.32,298204.28
2018-10-23,149811.76,296686.18
2018-10-24,149821.16,287697.03
2018-10-25,149830.56,292858.46
2018-10-26,149839.96,287707.85
2018-10-29,149868.04,286113.87
2018-10-30,149877.48,290353.64
2018-10-31,149886.88,293454.87
2018-11-01,149896.29,296577.77
2018-11-02,149905.61,294821.15
2018-11-05,149933.70,296447.66
2018-11-06,149943.23,298323.54
2018-11-07,149952.72,304710.32
2018-11-08,149962.25,304157.30
2018-11-09,149971.70,301186.22
2018-11-12,150000.18,295558.49
2018-11-13,150009.67,295005.47
2018-11-14,150019.29,292988.61
2018-11-15,150028.86,296046.42
2018-11-16,150038.40,296816.33
2018-11-19,150066.88,291795.83
2018-11-20,150076.51,286395.81
2018-11-21,150086.13,287371.70
2018-11-23,150105.54,285452.44
2018-11-26,150134.65,290060.88
2018-11-27,150144.40,291036.78
2018-11-28,150154.11,297737.99
2018-11-29,150163.78,297087.41
2018-11-30,150173.32,298898.24
2018-12-03,150201.96,302856.07
2018-12-04,150211.59,293042.81
2018-12-06,150231.17,292598.23
2018-12-07,150240.89,285799.43
2018-12-10,150269.91,286341.60
2018-12-11,150279.66,286406.66
2018-12-12,150289.42,287848.82
2018-12-13,150299.26,287751.23
2018-12-14,150309.06,282437.97
2018-12-17,150338.34,276897.00
2018-12-18,150348.06,276593.38
2018-12-19,150357.70,272451.20
2018-12-20,150367.38,268016.25
2018-12-21,150377.02,262524.72
2018-12-24,150405.94,255588.04
2018-12-26,150425.81,268501.59
2018-12-27,150435.66,270562.98
2018-12-28,150445.38,270213.96
2018-12-31,150474.44,272580.71
2019-01-02,150494.23,272864.28
2019-01-03,150504.00,266352.99
2019-01-04,150513.73,275274.67
2019-01-07,150543.05,277445.12
2019-01-08,150552.99,280051.80
2019-01-09,150562.93,281360.62
2019-01-10,150572.83,282353.14
2019-01-11,150582.65,282462.21
2019-01-14,150612.11,280738.93
2019-01-15,150622.01,283956.43
2019-01-16,150631.91,284643.56
2019-01-17,151003.84,286803.07
2019-01-18,150694.24,290620.42
2019-01-22,149461.93,286693.99
2019-01-23,149471.68,287293.88
2019-01-24,149481.34,287446.56
2019-01-25,150347.20,289878.77
2019-01-28,148748.77,287675.62
2019-01-29,148758.43,287293.88
2019-01-30,148768.09,291841.96
2019-01-31,148777.75,294405.05
2019-02-01,148787.37,294546.84
2019-02-04,148816.11,296619.11
2019-02-05,148825.77,297862.49
2019-02-06,148835.44,297469.84
2019-02-07,148845.10,294634.12
2019-02-08,148854.76,294994.02
2019-02-11,148883.88,295157.62
2019-02-12,148893.67,298953.17
2019-02-13,148903.38,299923.85
2019-02-14,148913.13,299258.55
2019-02-15,148922.84,302519.65
2019-02-19,148961.68,303043.19
2019-02-20,148971.52,303653.96
2019-02-21,148981.31,302574.21
2019-02-22,148991.11,304450.16
2019-02-25,149020.62,304864.59
2019-02-26,149030.50,304646.48
2019-02-27,148397.33,304515.60
2019-02-28,148238.85,303948.43
2019-03-01,148475.64,305846.22
2019-03-04,148504.80,304733.71
2019-03-05,148514.61,304319.25
2019-03-06,148524.41,302476.02
2019-03-07,148534.22,299945.68
2019-03-08,148543.99,299345.79
2019-03-11,148573.41,303686.68
2019-03-12,148583.22,304831.87
2019-03-13,148593.03,306849.62
2019-03-14,148602.80,306653.31
2019-03-15,148612.57,308168.34
2019-03-18,148641.89,309285.72
2019-03-19,148651.62,309362.41
2019-03-20,148661.44,308431.25
2019-03-21,148671.29,311914.89
2019-03-22,148681.19,305911.67
2019-03-25,148710.64,305681.63
2019-03-26,148720.46,307960.20
2019-03-27,148730.28,306349.85
2019-03-28,148740.02,307511.05
2019-03-29,148749.72,309450.07
2019-04-01,148778.45,313119.88
2019-04-02,148788.15,313273.27
2019-04-03,148797.81,313766.24
2019-04-04,148807.56,314598.78
2019-04-05,148817.30,316121.51
2019-04-08,148846.53,316362.52
2019-04-09,148856.24,314741.20
2019-04-10,148865.90,315814.78
2019-04-11,148875.61,315727.12
2019-04-12,148885.32,317863.31
2019-04-15,148914.56,317655.17
2019-04-16,148924.27,317863.31
2019-04-17,148933.99,317085.53
2019-04-18,148943.74,317709.93
2019-04-22,148982.42,317983.80
2019-04-23,148992.18,320843.01
2019-04-24,149001.97,320130.96
2019-04-25,149011.73,319933.75
2019-04-26,149021.45,321423.61
2019-04-29,149050.48,321927.52
2019-04-30,149060.24,322091.83
2019-05-01,149069.96,319670.84
2019-05-02,149079.68,318980.69
2019-05-03,149089.52,322102.80
2019-05-06,149118.68,320777.28
2019-05-07,149128.45,315420.39
2019-05-08,149138.17,314982.21
2019-05-09,149147.90,314029.15
2019-05-10,149157.62,315606.64
2019-05-13,149186.80,307675.37
2019-05-14,149196.44,310457.88
2019-05-15,149206.09,312276.38
2019-05-16,149215.78,315168.45
2019-05-17,149225.39,313130.85
2019-05-20,149254.09,311060.42
2019-05-21,149263.66,313864.83
2019-05-22,149273.22,312900.81
2019-05-23,149282.75,309077.61
2019-05-24,149292.24,309778.70
2019-05-28,149329.87,306897.59
2019-05-29,149339.36,304838.09
2019-05-30,149348.86,305670.66
2019-05-31,149358.39,301551.66
2019-06-03,149386.62,300784.85
2019-06-04,149396.04,307313.87
2019-06-05,149405.45,309975.87
2019-06-06,149414.87,311991.54
2019-06-07,149424.20,315113.66
2019-06-10,149451.59,316559.69
2019-06-11,149460.76,316483.00
2019-06-12,149469.85,315924.33
2019-06-13,149478.82,317227.92
2019-06-14,149487.58,316877.39
2019-06-17,149514.00,316997.88
2019-06-18,149522.93,320317.17
2019-06-19,149531.82,321040.19
2019-06-20,149540.54,324107.51
2019-06-21,149549.11,323636.38
2019-06-24,149574.55,323240.10
2019-06-25,149583.07,320069.78
2019-06-26,149591.56,319750.54
2019-06-27,149600.16,320884.37
2019-06-28,149608.73,322535.57
2019-07-01,149634.31,325463.72
2019-07-02,149643.16,326311.32
2019-07-03,149651.98,328920.22
2019-07-05,149669.69,328545.95
2019-07-08,149696.51,326740.65
2019-07-09,149705.57,327147.95
2019-07-10,149714.63,328711.07
2019-07-11,149723.45,329481.64
2019-07-12,149732.15,330956.72
2019-07-15,149757.99,331066.81
2019-07-16,149766.65,329999.02
2019-07-17,149775.27,327753.37
2019-07-18,149783.84,328953.25
2019-07-19,149792.09,327125.94
2019-07-22,149816.96,327929.51
2019-07-23,149825.34,330274.22
2019-07-24,149833.63,331826.36
2019-07-25,149842.04,330241.20
2019-07-26,149850.50,332453.83
2019-07-29,149876.12,331848.37
2019-07-30,149884.62,331033.78
2019-07-31,149892.99,327412.13
2019-08-01,149901.37,324561.05
2019-08-02,149909.71,322117.26
2019-08-05,149934.60,312430.20
2019-08-06,149942.81,316811.38
2019-08-07,149951.07,316998.53
2019-08-08,149959.21,323218.07
2019-08-09,149967.34,321016.46
2019-08-12,149991.50,317108.62
2019-08-13,149999.55,322040.20
2019-08-14,150007.61,312518.25
2019-08-15,150015.50,313343.85
2019-08-16,150023.18,317967.24
2019-08-19,150045.75,321798.02
2019-08-20,150053.56,319332.23
2019-08-21,150061.37,321930.15
2019-08-22,150069.31,321831.04
2019-08-23,150077.36,313564.03
2019-08-26,150101.17,317031.55
2019-08-27,150109.23,315787.64
2019-08-28,150117.21,318011.29
2019-08-29,150125.23,322073.22
2019-08-30,150133.25,321930.15
2019-09-03,150165.33,320047.75
2019-09-04,150173.32,323680.42
2019-09-05,150181.26,327841.46
2019-09-06,150189.20,328094.62
2019-09-09,150212.90,328259.77
2019-09-10,150220.80,328182.70
2019-09-11,150228.66,330516.40
2019-09-12,150236.56,331661.25
2019-09-13,150244.42,331441.07
2019-09-16,150268.13,330417.33
2019-09-17,150276.16,331253.96
2019-09-18,150284.19,331452.09
2019-09-19,150292.06,331430.06
2019-09-20,150299.84,329864.13
2019-09-23,150322.94,329786.71
2019-09-24,150330.76,327198.94
2019-09-25,150338.51,329134.24
2019-09-26,150346.13,328448.60
2019-09-27,150353.50,326679.17
2019-09-30,150375.25,328194.23
2019-10-01,150382.83,324290.45
2019-10-02,150390.16,318561.96
2019-10-03,150397.37,321171.87
2019-10-04,150404.26,325518.00
2019-10-07,150425.02,324113.50
2019-10-08,150432.07,319081.73
2019-10-09,150438.99,322111.85
2019-10-10,150445.84,324290.45
2019-10-11,150452.64,327652.36
2019-10-14,150473.04,327287.43
2019-10-15,150479.84,330527.67
2019-10-16,150486.60,329996.83
2019-10-17,150493.33,330970.02
2019-10-18,150500.05,329521.31
2019-10-21,150520.21,331755.19
2019-10-22,150526.97,330671.44
2019-10-23,150533.65,331633.56
2019-10-24,150540.33,332175.43
2019-10-25,150547.10,333535.69
2019-10-28,150567.27,335415.68
2019-10-29,150573.95,335316.15
2019-10-30,150580.55,336344.65
2019-10-31,150587.11,335448.85
2019-11-01,150593.34,338556.43
2019-11-04,150611.78,339916.65
2019-11-05,150617.97,339540.65
2019-11-06,150624.29,339618.07
2019-11-07,150630.60,340812.41
2019-11-08,150636.91,341652.90
2019-11-11,150655.73,341000.43
2019-11-12,150662.01,341719.25
2019-11-13,150668.45,341829.84
2019-11-14,150674.80,342327.47
2019-11-15,150681.16,344804.68
2019-11-18,150700.23,345059.02
2019-11-19,150706.59,344959.49
2019-11-20,150712.95,343676.66
2019-11-21,150719.31,343123.71
2019-11-22,150725.71,343886.78
2019-11-25,150744.91,346551.97
2019-11-26,150751.44,347337.14
2019-11-27,150757.92,348885.41
2019-11-29,150771.05,347591.51
2019-12-02,150790.39,344638.81
2019-12-03,150796.87,342327.47
2019-12-04,150803.24,344439.72
2019-12-05,150809.52,345059.02
2019-12-06,150815.75,348210.80
2019-12-09,150834.35,347115.98
2019-12-10,150840.59,346728.92
2019-12-11,150846.91,347713.17
2019-12-12,150853.28,350710.12
2019-12-13,150859.60,350920.24
2019-12-16,150878.69,353331.07
2019-12-17,150885.06,353408.49
2019-12-18,150891.38,353430.59
2019-12-19,150897.71,354879.30
2019-12-20,150904.08,356435.18
2019-12-23,150923.30,356979.71
2019-12-24,150929.75,356990.84
2019-12-26,150942.57,358891.19
2019-12-27,150948.98,358802.27
2019-12-30,150968.09,356824.11
2019-12-31,150974.46,357690.94
2020-01-02,150987.03,361036.04
2020-01-03,150993.28,358302.19
2020-01-06,151011.77,359669.14
2020-01-07,151018.10,358657.83
2020-01-08,151024.35,360569.31
2020-01-09,151030.59,363014.20
2020-01-10,151036.84,361969.55
2020-01-13,151055.59,364458.94
2020-01-14,151061.96,363903.28
2020-01-15,151068.33,364725.65
2020-01-16,151074.71,367759.58
2020-01-17,151081.00,368904.24
2020-01-21,151106.33,368181.85
2020-01-22,151112.66,368226.32
2020-01-23,151118.96,368648.62
2020-01-24,151125.25,365370.20
2020-01-27,151144.01,359513.53
2020-01-28,151150.30,363280.94
2020-01-29,151156.68,362980.86
2020-01-30,151163.01,364158.86
2020-01-31,151169.39,357546.50
2020-02-03,151188.28,360202.55
2020-02-04,151194.66,365692.50
2020-02-05,151201.04,369915.52
2020-02-06,151207.42,371160.23
2020-02-07,151213.80,369182.07
2020-02-10,151232.81,371938.14
2020-02-11,151239.23,372582.72
2020-02-12,151245.61,374983.19
2020-02-13,151252.04,374583.09
2020-02-14,151258.50,375183.22
2020-02-18,151284.19,374216.37
2020-02-19,151290.62,376005.59
2020-02-20,151297.04,374460.86
2020-02-21,151303.47,370604.57
2020-02-24,151322.50,358313.32
2020-02-25,151328.71,347455.65
2020-02-26,151334.93,346177.64
2020-02-27,151341.15,330630.22
2020-02-28,151347.04,329241.06
2020-03-02,151362.59,343499.34
2020-03-03,151367.15,333664.11
2020-03-04,151371.01,347689.02
2020-03-05,151373.95,336131.25
2020-03-06,151376.48,330574.63
2020-03-09,151382.08,304758.58
2020-03-10,151383.41,320528.28
2020-03-11,151385.19,304903.02
2020-03-12,151386.89,275730.77
2020-03-13,151388.26,299301.97
2020-03-16,151391.62,266551.23
2020-03-17,151392.62,280942.88
2020-03-18,151393.40,266717.92
2020-03-19,151393.49,267284.69
2020-03-20,151393.65,255766.28
2020-03-23,151394.28,249226.79
2020-03-24,151394.36,271807.55
2020-03-25,151394.40,275876.56
2020-03-26,151394.23,291984.94
2020-03-27,151394.03,283287.97
2020-03-30,151394.40,292487.95
2020-03-31,151394.90,288128.31
2020-04-01,151395.35,275161.13
2020-04-02,151395.73,281510.58
2020-04-03,151396.10,277441.57
2020-04-06,151397.34,296076.27
2020-04-07,151397.97,296378.12
2020-04-08,151398.55,306327.06
2020-04-09,151399.46,310988.55
2020-04-13,151403.61,308149.18
2020-04-14,151550.14,317237.38
2020-04-15,151000.63,310496.69
2020-04-16,151999.38,311994.62
2020-04-17,151175.19,320423.29
2020-04-20,150556.13,314778.08
2020-04-21,148469.41,305220.39
2020-04-22,148516.99,311994.62
2020-04-23,148754.25,311972.24
2020-04-24,148875.34,316320.73
2020-04-27,149280.52,320881.58
2020-04-28,147261.66,319406.03
2020-04-29,147262.10,327767.60
2020-04-30,147262.51,324715.87
2020-05-01,147262.87,316119.52
2020-05-04,147264.32,316991.45
2020-05-05,147264.85,319920.24
2020-05-06,147265.37,317751.59
2020-05-07,147265.86,321585.84
2020-05-08,147266.30,326906.86
2020-05-11,147267.75,326973.93
2020-05-12,146506.14,320456.82
2020-05-13,146265.70,314789.27
2020-05-14,146266.22,318556.45
2020-05-15,146266.70,320020.84
2020-05-18,146268.14,329768.58
2020-05-19,146268.66,326381.46
2020-05-20,146269.18,331926.04
2020-05-21,146269.67,329634.44
2020-05-22,146270.15,330260.44
2020-05-26,146272.07,334329.43
2020-05-27,146272.63,339303.92
2020-05-28,146273.23,338677.92
2020-05-29,146273.83,340187.04
2020-06-01,146275.52,341561.98
2020-06-02,146276.08,344390.17
2020-06-03,146276.68,348973.40
2020-06-04,146277.32,348056.74
2020-06-05,146277.92,356977.28
2020-06-08,146279.72,361292.23
2020-06-09,146280.41,358598.19
2020-06-10,146281.17,356597.21
2020-06-11,146281.85,336039.75
2020-06-12,146282.53,340064.06
2020-06-15,146284.45,343238.77
2020-06-16,146285.17,349845.33
2020-06-17,146285.86,348392.12
2020-06-18,146286.54,348526.26
2020-06-19,145360.56,346534.47
2020-06-22,144744.54,348757.55
2020-06-23,144485.04,350363.11
2020-06-24,144244.85,341425.80
2020-06-25,144245.44,345086.07
2020-06-26,144246.07,336889.77
2020-06-29,144247.73,341841.23
2020-06-30,144248.28,346220.06
2020-07-01,144248.92,348645.26
2020-07-02,144249.47,350565.24
2020-07-06,144694.82,355977.01
2020-07-07,144858.11,352305.53
2020-07-08,145420.54,355000.20
2020-07-09,145748.47,352979.21
2020-07-10,146546.53,356583.32
2020-07-13,143772.19,353495.68
2020-07-14,143772.74,358076.63
2020-07-15,143773.33,361366.37
2020-07-16,143773.96,360176.22
2020-07-17,143774.39,361220.40
2020-07-20,143775.69,364139.63
2020-07-21,143776.20,364914.35
2020-07-22,143222.93,366991.47
2020-07-23,144222.05,362612.64
2020-07-24,143197.03,360277.27
2020-07-27,142817.92,362904.57
2020-07-28,142818.35,360602.89
2020-07-29,146359.22,365037.84
2020-07-30,143519.83,363735.41
2020-07-31,143332.59,366609.73
2020-08-03,143290.12,369158.45
2020-08-04,143995.32,370584.37
2020-08-05,144543.84,372886.05
2020-08-06,144294.10,375378.62
2020-08-07,145044.64,375648.12
2020-08-10,146440.24,376770.89
2020-08-11,145901.99,373660.77
2020-08-12,145969.68,378870.48
2020-08-13,145527.61,378185.57
2020-08-14,145527.94,378196.81
2020-08-17,147702.61,379398.19
2020-08-18,147106.62,380217.83
2020-08-19,147385.84,378634.71
2020-08-20,148444.18,379813.61
2020-08-21,148829.27,381160.96
2020-08-24,148503.24,385023.33
2020-08-25,149455.82,386370.64
2020-08-26,149590.84,390244.24
2020-08-27,148792.90,391097.53
2020-08-28,148543.19,393623.78
2020-08-31,148284.49,392197.86
2020-09-01,148190.24,395891.82
2020-09-02,148190.73,401617.99
2020-09-03,148191.21,387796.59
2020-09-04,148191.66,384630.35
2020-09-08,148193.45,374121.12
2020-09-09,148193.97,381509.02
2020-09-10,148194.46,374884.63
2020-09-11,148194.95,375075.49
2020-09-14,148196.29,380015.71
2020-09-15,148196.73,381935.68
2020-09-16,148197.18,380419.93
2020-09-17,148197.67,377074.03
2020-09-18,148198.03,372732.90
2020-09-21,148199.25,368584.54
2020-09-22,148199.66,372338.35
2020-09-23,148200.06,363703.46
2020-09-24,148200.51,364672.90
2020-09-25,148200.92,370568.55
2020-09-28,148202.13,376723.46
2020-09-29,148202.58,374671.81
2020-09-30,148202.95,377512.56
2020-10-01,148203.35,379936.19
2020-10-02,148203.72,376328.90
2020-10-05,148204.81,383002.38
2020-10-06,148205.22,377557.63
2020-10-07,148205.63,384129.65
2020-10-08,148206.03,387534.00
2020-10-09,148206.40,390994.74
2020-10-12,148207.62,397284.91
2020-10-13,148208.02,394692.20
2020-10-14,148208.47,392212.18
2020-10-15,148208.96,391727.46
2020-10-16,148209.40,391490.74
2020-10-19,148210.74,385538.74
2020-10-20,147663.67,387083.10
2020-10-21,147520.96,386350.38
2020-10-22,147521.36,388469.63
2020-10-23,147521.73,389788.55
2020-10-26,147522.94,382585.29
2020-10-27,147523.39,381266.37
2020-10-28,147523.79,368235.09
2020-10-29,147524.19,371977.65
2020-10-30,147524.56,368099.82
2020-11-02,147525.65,372225.65
2020-11-03,147526.01,378797.64
2020-11-04,147526.42,387263.47
2020-11-05,147526.82,394816.18
2020-11-06,147527.22,394726.01
2020-11-09,147528.44,399686.01
2020-11-10,147528.88,399099.84
2020-11-11,147529.29,402064.57
2020-11-12,147529.69,398164.18
2020-11-13,147530.09,403676.56
2020-11-16,147531.19,408715.48
2020-11-17,147531.55,406517.28
2020-11-18,147531.91,401624.92
2020-11-19,147532.28,403315.83
2020-11-20,147532.56,400554.00
2020-11-23,147533.41,402955.09
2020-11-24,147533.73,409448.20
2020-11-25,147534.10,408816.93
2020-11-27,147534.82,409955.49
2020-11-30,147535.91,408140.56
2020-12-01,147536.24,412604.55
2020-12-02,147536.60,413472.57
2020-12-03,147536.97,413359.84
2020-12-04,147537.29,416922.03
2020-12-07,147538.38,416065.29
2020-12-08,147432.07,417282.76
2020-12-09,146820.92,413540.21
2020-12-10,147604.22,413404.94
2020-12-11,148213.38,412920.18
2020-12-14,148298.70,411071.47
2020-12-15,148972.41,416628.92
2020-12-16,149363.14,417282.76
2020-12-17,149727.53,419616.19
2020-12-18,149574.73,417940.72
2020-12-21,148761.55,416446.37
2020-12-22,149465.36,415744.48
2020-12-23,148845.63,416118.09
2020-12-24,148857.99,417736.95
2020-12-28,147810.96,421325.66
2020-12-29,147927.70,420521.86
2020-12-30,147928.10,421121.86
2020-12-31,147928.43,423261.50
2021-01-04,147929.89,417499.22
2021-01-05,149496.56,420374.68
2021-01-06,149667.17,422887.89
2021-01-07,150314.64,429170.95
2021-01-08,149838.09,431616.24
2021-01-11,149717.34,428706.79
2021-01-12,151420.93,428797.35
2021-01-13,150626.39,429952.09
2021-01-14,152057.48,428446.40
2021-01-15,151103.96,425321.89
2021-01-19,151832.01,428661.50
2021-01-20,151945.89,434593.62
2021-01-21,151105.88,434989.82
2021-01-22,150879.10,433450.21
2021-01-25,150521.43,435159.66
2021-01-26,150521.80,434480.40
2021-01-27,150522.09,423861.50
2021-01-28,150522.42,427506.79
2021-01-29,150522.71,418948.28
2021-02-01,150523.45,425921.89
2021-02-02,150523.74,431944.52
2021-02-03,150524.03,432284.17
2021-02-04,150524.20,437197.38
2021-02-05,150524.36,438918.13
2021-02-08,151088.03,442087.97
2021-02-09,150529.37,441793.62
2021-02-10,150186.38,441601.15
2021-02-11,150186.59,442314.37
2021-02-12,150186.80,444499.30
2021-02-16,150187.45,444114.37
2021-02-17,150187.62,444216.28
2021-02-18,150187.78,442325.70
2021-02-19,150187.91,441544.56
2021-02-22,150188.40,438148.33
2021-02-23,150188.52,438680.40
2021-02-24,150188.69,443514.37
2021-02-25,150188.81,432827.54
2021-02-26,150188.98,430597.35
2021-03-01,150189.47,441035.11
2021-03-02,150189.68,437593.62
2021-03-03,150189.84,431797.38
2021-03-04,150190.05,426453.97
2021-03-05,150190.21,434299.27
2021-03-08,150190.70,432136.99
2021-03-09,150190.91,438306.83
2021-03-10,150191.12,441035.11
2021-03-11,150191.28,445506.84
2021-03-12,150191.45,446106.84
2021-03-15,150191.94,448767.23
2021-03-16,150192.10,448201.19
2021-03-17,150192.19,449729.50
2021-03-18,150192.27,443186.09
2021-03-19,150192.31,442366.05
2021-03-22,150192.43,445898.33
2021-03-23,150192.56,442388.75
2021-03-24,150192.60,440139.88
2021-03-25,150192.68,442615.92
2021-03-26,150192.76,449748.66
2021-03-29,150193.01,449521.49
2021-03-30,150193.13,448328.93
2021-03-31,150193.21,450146.16
2021-04-01,150193.34,455007.32
2021-04-05,150158.26,461538.09
2021-04-06,150250.67,461265.52
2021-04-07,149985.32,461799.34
2021-04-08,149684.77,463991.40
2021-04-09,149684.81,467364.68
2021-04-12,149685.05,467535.08
2021-04-13,149685.14,468920.70
2021-04-14,149685.26,467319.28
2021-04-15,149685.34,472339.43
2021-04-16,149685.42,473918.19
2021-04-19,149685.67,471589.81
2021-04-20,149685.75,468137.04
2021-04-21,149685.87,472566.60
2021-04-22,149686.00,468250.59
2021-04-23,149686.12,473327.56
2021-04-26,149686.49,474315.69
2021-04-27,149686.61,474213.47
2021-04-28,149686.65,474077.18
2021-04-29,149686.69,477098.38
2021-04-30,149686.73,473963.60
2021-05-03,149686.86,474985.83
2021-05-04,149687.02,472055.49
2021-05-05,149687.10,472203.14
2021-05-06,149687.19,475973.96
2021-05-07,149687.27,479438.10
2021-05-10,149687.51,474690.52
2021-05-11,149687.60,470454.02
2021-05-12,149687.64,460459.12
2021-05-13,149687.72,465990.39
2021-05-14,149687.80,473145.83
2021-05-17,149687.92,471941.90
2021-05-18,149688.01,467875.80
2021-05-19,149688.09,466649.13
2021-05-20,149688.13,471669.32
2021-05-21,149688.17,471283.16
2021-05-24,149688.29,476087.55
2021-05-25,149688.38,475031.24
2021-05-26,149688.46,475973.96
2021-05-27,149688.54,476223.84
2021-05-28,149688.62,477075.68
2021-06-01,149688.79,476655.44
2021-06-02,149688.87,477405.03
2021-06-03,149688.95,475633.21
2021-06-04,149689.03,479983.29
2021-06-07,149689.28,479517.61
2021-06-08,149689.36,479619.83
2021-06-09,149689.44,478904.28
2021-06-10,149689.56,481130.41
2021-06-11,149689.69,481925.47
2021-06-14,149690.06,483004.48
2021-06-15,149690.18,482118.57
2021-06-16,149690.30,479426.73
2021-06-17,149690.47,479267.74
2021-06-18,149690.63,472802.21
2021-06-21,149691.25,479570.82
2021-06-22,149691.45,482134.70
2021-06-23,149691.62,481553.58
2021-06-24,149691.82,484402.34
2021-06-25,149692.03,486122.96
2021-06-28,149692.76,487102.95
2021-06-29,149692.97,487365.05
2021-06-30,149693.13,487775.25
2021-07-01,150480.13,490475.87
2021-07-02,149997.09,494224.84
2021-07-06,149037.21,493324.62
2021-07-07,149037.41,495068.06
2021-07-08,149037.62,491034.25
2021-07-09,149037.86,496275.93
2021-07-12,149038.60,498053.55
2021-07-13,149038.80,496355.70
2021-07-14,149039.00,497096.37
2021-07-15,149039.25,495398.53
2021-07-16,149039.45,491512.82
2021-07-19,149040.07,484254.20
2021-07-20,149040.27,491193.76
2021-07-21,149040.47,495170.61
2021-07-22,149040.68,496207.56
2021-07-23,149040.88,501312.54
2021-07-26,149041.49,502543.19
2021-07-27,149041.70,500252.82
2021-07-28,149041.90,500047.68
2021-07-29,149042.11,502121.58
2021-07-30,149042.35,499683.06
2021-08-02,149043.09,498634.71
2021-08-03,149043.29,502691.33
2021-08-04,148359.58,500218.63
2021-08-05,150207.26,503386.45
2021-08-06,151476.23,504218.26
2021-08-09,152209.22,503808.06
2021-08-10,153050.08,504434.77
2021-08-11,152730.50,505688.23
2021-08-12,152788.52,507203.75
2021-08-13,152649.89,508126.78
2021-08-16,151670.21,509323.24
2021-08-17,151172.67,505984.51
2021-08-18,151172.96,500446.51
2021-08-19,151173.25,501221.36
2021-08-20,151173.50,505209.62
2021-08-23,151174.12,509653.71
2021-08-24,151174.33,510462.74
2021-08-25,151174.54,511533.88
2021-08-26,151174.79,508514.21
2021-08-27,151174.99,513060.81
2021-08-30,151175.61,515317.03
2021-08-31,151175.82,514553.55
2021-09-01,151175.99,514827.02
2021-09-02,151176.19,516410.95
2021-09-03,151176.40,516285.58
2021-09-07,151177.23,514439.60
2021-09-08,151177.44,513812.88
2021-09-09,151177.64,511613.65
2021-09-10,151177.81,507579.81
2021-09-13,151178.43,508878.82
2021-09-14,151178.68,506132.65
2021-09-15,151178.85,510360.19
2021-09-16,151179.01,509551.16
2021-09-17,151179.18,504587.57
2021-09-20,151179.67,496173.98
2021-09-21,151179.84,495705.28
2021-09-22,151179.96,500540.80
2021-09-23,151180.09,506622.38
2021-09-24,151180.21,507456.89
2021-09-27,151180.58,506005.10
2021-09-28,151180.75,495808.16
2021-09-29,151180.92,496642.68
2021-09-30,151181.08,490572.54
2021-10-01,151181.25,496402.59
2021-10-04,151181.74,490000.96
2021-10-05,151181.91,495099.41
2021-10-06,151182.08,497157.07
2021-10-07,151182.24,501455.34
2021-10-08,151182.45,500540.80
2021-10-11,151183.07,496917.02
2021-10-12,151183.28,495693.84
2021-10-13,151183.53,497477.15
2021-10-14,151183.73,505845.04
2021-10-15,151183.94,509697.46
2021-10-18,151184.56,511206.43
2021-10-19,151184.81,515150.32
2021-10-20,151185.02,517173.69
2021-10-21,151185.22,518522.60
2021-10-22,151185.47,517985.32
2021-10-25,151186.22,520763.17
2021-10-26,151186.47,521231.86
2021-10-27,151186.72,518922.71
2021-10-28,151186.96,523929.72
2021-10-29,151187.21,524992.85
2021-11-01,151187.83,525895.95
2021-11-02,151188.04,528022.19
2021-11-03,151188.25,531245.89
2021-11-04,151188.45,533749.40
2021-11-05,151188.62,535601.30
2021-11-08,151189.24,536058.56
2021-11-09,151189.49,534286.68
2021-11-10,151189.66,529988.42
2021-11-11,151189.86,530159.88
2021-11-12,151190.07,534160.92
2021-11-15,151190.69,534343.83
2021-11-16,151190.90,536458.67
2021-11-17,151191.11,535155.49
2021-11-18,151191.31,536973.10
2021-11-19,151191.52,536012.85
2021-11-22,151192.14,534503.88
2021-11-23,151192.35,535212.63
2021-11-24,151192.60,536641.57
2021-11-26,151193.09,524672.77
2021-11-29,151193.84,531108.72
2021-11-30,151194.09,520774.61
2021-12-01,151194.30,514990.26
2021-12-02,151194.54,522878.01
2021-12-03,151194.75,518328.28
2021-12-06,151195.50,524467.01
2021-12-07,151195.75,535315.51
2021-12-08,151195.99,536733.01
2021-12-09,151196.28,533109.24
2021-12-10,151196.53,538127.66
2021-12-13,151197.28,533360.73
2021-12-14,151197.48,529691.19
2021-12-15,151197.69,537967.64
2021-12-16,151197.94,533223.56
2021-12-17,151198.15,527548.50
2021-12-20,151198.77,521938.86
2021-12-21,151199.06,531207.97
2021-12-22,151199.35,536519.36
2021-12-23,151199.68,539857.63
2021-12-27,151201.01,547497.78
2021-12-28,151201.25,547050.37
2021-12-29,151201.50,547750.16
2021-12-30,151201.71,546235.89
2021-12-31,151201.92,544859.27
2022-01-03,151202.66,548013.98
2022-01-04,151203.04,547830.43
2022-01-05,151203.37,537310.91
2022-01-06,151203.74,536806.16
2022-01-07,151204.15,534683.89
2022-01-10,151205.40,534018.54
2022-01-11,151205.94,538882.53
2022-01-12,151206.43,540339.42
2022-01-13,151206.93,532894.31
2022-01-14,151207.43,533112.27
2022-01-18,151209.58,523671.06
2022-01-19,151210.29,518233.49
2022-01-20,151210.99,512497.65
2022-01-21,151211.74,502436.99
2022-01-24,151213.85,504570.71
2022-01-25,151214.68,498410.42
2022-01-26,151215.51,497160.01
2022-01-27,151216.29,494705.05
2022-01-28,151217.12,506991.25
2022-01-31,151219.48,516122.70
2022-02-01,151220.48,519610.11
2022-02-02,151221.31,524657.64
2022-02-03,151222.13,512325.58
2022-02-04,151223.00,514734.64
2022-02-07,151225.86,513082.71
2022-02-08,151227.02,517304.29
2022-02-09,151228.14,524875.61
2022-02-10,151229.26,515445.88
2022-02-11,151230.96,505281.95
2022-02-14,151235.56,503630.02
2022-02-15,151237.42,511751.99
2022-02-16,151239.12,512325.58
2022-02-17,151240.74,501381.58
2022-02-18,151242.27,498135.11
2022-02-22,151248.07,492789.30
2022-02-23,151249.69,484047.88
2022-02-24,151251.18,491332.37
2022-02-25,151252.55,502173.13
2022-02-28,151256.65,500888.31
2022-03-01,151258.18,493259.64
2022-03-02,151259.51,502333.75
2022-03-03,151260.88,499832.89
2022-03-04,151262.41,495771.94
2022-03-07,151266.51,481156.99
2022-03-08,151268.09,477509.00
2022-03-09,151269.58,490311.41
2022-03-10,151271.15,488097.38
2022-03-11,151272.73,481891.19
2022-03-14,151277.58,478369.38
2022-03-15,151279.44,488888.93
2022-03-16,151281.35,499729.65
2022-03-17,151283.13,505981.74
2022-03-18,151284.79,511523.64
2022-03-21,151289.89,511374.08
2022-03-22,151292.17,517357.87
2022-03-23,151294.28,510695.12
2022-03-24,151296.35,518393.52
2022-03-25,151298.43,520925.15
2022-03-28,151305.02,524630.51
2022-03-29,151307.50,531120.62
2022-03-30,151309.83,527841.06
2022-03-31,151312.11,519716.89
2022-04-01,151314.22,521189.83
2022-04-04,151502.23,525654.64
2022-04-05,149586.29,519014.92
2022-04-06,148969.27,513825.11
2022-04-07,148972.00,516414.26
2022-04-08,148974.78,515033.40
2022-04-11,148983.23,506230.30
2022-04-12,148986.41,504354.60
2022-04-13,148989.43,510131.27
2022-04-14,148992.49,503779.24
2022-04-18,149005.23,503986.36
2022-04-19,149008.58,512122.05
2022-04-20,149011.92,511742.29
2022-04-21,149015.27,504089.92
2022-04-22,149018.62,490258.13
2022-04-25,149028.66,493100.44
2022-04-26,149032.46,478819.84
2022-04-27,149035.89,480166.18
2022-04-28,149039.24,492294.91
2022-04-29,149042.54,474101.83
2022-05-02,149052.71,476955.66
2022-05-03,149056.39,479142.05
2022-05-04,149060.06,493733.33
2022-05-05,149063.66,476184.66
2022-05-06,149067.09,473342.34
2022-05-09,149077.38,458187.22
2022-05-10,149081.14,459245.87
2022-05-11,149084.77,451950.23
2022-05-12,149088.45,451478.43
2022-05-13,149092.33,462272.30
2022-05-16,149104.70,460396.60
2022-05-17,149109.08,469867.15
2022-05-18,149113.41,450926.06
2022-05-19,149117.57,448164.31
2022-05-20,149121.82,448359.95
2022-05-23,149134.20,456748.80
2022-05-24,149138.57,453262.08
2022-05-25,149142.86,457266.61
2022-05-26,149147.15,466403.43
2022-05-27,149151.48,477853.23
2022-05-31,149168.81,475172.01
2022-06-01,149173.43,471328.56
2022-06-02,149178.01,480304.30
2022-06-03,149182.62,472421.77
2022-06-06,149196.97,473860.19
2022-06-07,149202.00,478405.56
2022-06-08,149207.07,473204.26
2022-06-09,149212.18,461950.10
2022-06-10,149217.33,448555.55
2022-06-13,149233.76,431524.73
2022-06-14,149240.67,430224.39
2022-06-15,149247.95,436357.82
2022-06-16,149254.86,421916.10
2022-06-17,149261.16,422825.63
2022-06-21,149287.00,433469.68
2022-06-22,149293.79,432683.81
2022-06-23,149300.21,436925.23
2022-06-24,149306.72,450816.77
2022-06-27,149327.09,449094.78
2022-06-28,149334.25,439918.49
2022-06-29,149341.41,439560.23
2022-06-30,149348.49,435989.11
2022-07-01,149355.28,440600.35
2022-07-05,149382.45,441432.46
2022-07-06,149390.06,442923.33
2022-07-07,149397.63,449557.06
2022-07-08,149405.37,449187.26
2022-07-11,149428.82,444055.93
2022-07-12,149437.54,440126.51
2022-07-13,149446.39,437815.11
2022-07-14,149455.93,436751.88
2022-07-15,149465.47,445096.06
2022-07-18,149493.60,441420.93
2022-07-19,149503.59,453347.76
2022-07-20,149513.67,456237.02
2022-07-21,149523.66,460882.97
2022-07-22,149533.50,456606.85
2022-07-25,149563.12,457161.60
2022-07-26,149573.57,451752.92
2022-07-27,149583.73,463483.30
2022-07-28,149593.44,469296.49
2022-07-29,149603.07,476138.23
2022-08-01,149631.85,474728.27
2022-08-02,149642.01,471596.33
2022-08-03,149652.18,478981.29
2022-08-04,149662.18,478657.69
2022-08-05,149672.07,477848.69
2022-08-08,149702.57,477293.94
2022-08-09,149713.11,475398.60
2022-08-10,149723.70,485383.86
2022-08-11,149734.20,485383.86
2022-08-12,149744.54,493600.93
2022-08-15,149775.67,495634.95
2022-08-16,149282.46,496605.77
2022-08-17,149148.04,493080.85
2022-08-18,149158.62,494513.95
2022-08-19,149169.29,487868.65
2022-08-22,149201.66,477710.01
2022-08-23,149212.86,476554.31
2022-08-24,149223.94,478079.84
2022-08-25,149235.10,484829.15
2022-08-26,149246.46,468418.14
2022-08-29,149280.57,465320.87
2022-08-30,149292.39,460212.64
2022-08-31,149304.17,456710.86
2022-09-01,149315.91,458143.96
2022-09-02,149327.69,453313.09
2022-09-06,149374.33,451602.67
2022-09-07,149386.44,459715.70
2022-09-08,149398.64,462720.53
2022-09-09,149410.79,469909.01
2022-09-12,149447.39,474959.43
2022-09-13,149460.04,454307.02
2022-09-14,149473.10,456040.57
2022-09-15,149485.96,450863.01
2022-09-16,149498.74,447423.43
2022-09-19,149536.83,450893.17
2022-09-20,149550.31,445717.57
2022-09-21,149563.67,437942.57
2022-09-22,149576.82,434263.92
2022-09-23,149589.89,426987.91
2022-09-26,149628.25,422763.85
2022-09-27,149641.78,421684.64
2022-09-28,149655.15,429981.86
2022-09-29,149668.64,420999.98
2022-09-30,149682.00,414489.83
2022-10-03,149721.62,425432.88
2022-10-04,149735.32,438615.62
2022-10-05,149748.94,437594.41
2022-10-06,149762.60,433080.28
2022-10-07,149776.22,420999.98
2022-10-10,149816.97,417785.51
2022-10-11,149830.56,415139.68
2022-10-12,149845.05,413770.36
2022-10-13,149859.66,424690.20
2022-10-14,149874.61,415012.05
2022-10-17,149919.57,425676.60
2022-10-18,149935.26,430678.14
2022-10-19,149951.24,427626.14
2022-10-20,149967.30,424040.36
2022-10-21,149983.37,434345.16
2022-10-24,150031.44,439660.01
2022-10-25,150047.89,446680.76
2022-10-26,150064.21,443315.43
2022-10-27,150080.41,440948.13
2022-10-28,150096.65,451438.58
2022-10-31,150145.87,448177.72
2022-11-01,150162.57,446216.55
2022-11-02,150179.27,435018.21
2022-11-03,150195.90,430538.89
2022-11-04,150212.60,436735.69
2022-11-07,150262.24,440913.32
2022-11-08,150279.20,443292.23
2022-11-09,150296.08,434159.49
2022-11-10,150313.00,458018.36
2022-11-11,150329.84,462451.29
2022-11-14,150380.38,458517.34
2022-11-15,150397.52,462428.05
2022-11-16,150414.58,458900.31
2022-11-17,150356.55,457496.14
2022-11-18,150923.82,459573.36
2022-11-21,150583.79,457902.30
2022-11-22,151196.84,464064.29
2022-11-23,151034.78,466988.65
2022-11-25,150727.82,466884.18
2022-11-28,150780.09,459434.11
2022-11-29,150797.86,458645.01
2022-11-30,150815.50,473092.60
2022-12-01,151003.79,472744.48
2022-12-02,151004.96,472199.07
2022-12-05,151036.58,463704.56
2022-12-06,149196.03,457020.35
2022-12-07,149213.48,456242.87
2022-12-08,149230.65,459817.04
2022-12-09,149247.70,456382.12
2022-12-12,149299.10,462961.89
2022-12-13,149316.65,466466.44
2022-12-14,149334.08,463484.07
2022-12-15,149351.38,452146.48
2022-12-16,149368.65,446808.35
2022-12-19,149420.21,443019.57
2022-12-20,149437.73,443625.80
2022-12-21,149455.13,450259.09
2022-12-22,149472.41,443835.63
2022-12-23,149489.78,446388.69
2022-12-27,149559.07,444628.35
2022-12-28,149576.90,439102.57
2022-12-29,149594.73,447006.55
2022-12-30,149612.51,445829.10
2023-01-03,149683.02,443952.21
2023-01-04,149701.06,447379.61
2023-01-05,149719.15,442273.49
2023-01-06,149737.65,452415.75
2023-01-09,149793.15,452159.28
2023-01-10,149811.82,455330.20
2023-01-11,149830.58,461089.15
2023-01-12,149849.34,462767.88
2023-01-13,149867.82,464563.19
2023-01-17,149941.89,463712.16
2023-01-18,149960.62,456391.06
2023-01-19,149979.27,453068.62
2023-01-20,149997.97,461508.85
2023-01-23,150054.31,467046.31
2023-01-24,150073.14,466545.03
2023-01-25,150091.93,466719.89
2023-01-26,150110.68,471849.31
2023-01-27,150129.39,472933.48
2023-01-30,150185.78,466999.67
2023-01-31,150204.67,473866.12
2023-02-01,150464.02,478902.27
2023-02-02,151346.66,485873.64
2023-02-03,150588.39,480709.25
2023-02-06,150605.02,477771.46
2023-02-07,150362.58,484020.06
2023-02-08,150381.49,478727.41
2023-02-09,150400.40,474577.23
2023-02-10,150419.52,475684.74
2023-02-13,150477.14,481268.80
2023-02-14,150496.43,481047.33
2023-02-15,150515.69,482609.47
2023-02-16,150534.90,475964.51
2023-02-17,150554.29,474775.43
2023-02-21,150631.83,465251.00
2023-02-22,150651.31,464609.83
2023-02-23,150670.75,467081.28
2023-02-24,150690.19,462091.74
2023-02-27,150748.65,463665.55
2023-02-28,150768.23,461951.85
2023-03-01,150787.73,460179.85
2023-03-02,150807.27,463758.80
2023-03-03,150826.85,471196.48
2023-03-06,150885.61,471522.90
2023-03-07,150905.29,464295.05
2023-03-08,150925.42,465052.83
2023-03-09,150945.64,456472.68
2023-03-10,150965.78,449886.03
2023-03-13,151025.71,449244.83
2023-03-14,151045.16,456670.87
2023-03-15,151064.65,453814.70
2023-03-16,151083.65,461776.96
2023-03-17,151102.57,456377.53
2023-03-20,151156.71,460765.89
2023-03-21,151175.97,466815.99
2023-03-22,151195.11,458858.41
2023-03-23,151214.29,460098.88
2023-03-24,151233.22,463118.06
2023-03-27,151290.02,463984.02
2023-03-28,151309.71,462942.53
2023-03-29,151328.95,469671.35
2023-03-30,151348.19,472421.39
2023-03-31,151368.09,479080.00
2023-04-03,151426.31,480905.55
2023-04-04,151446.10,478237.43
2023-04-05,151465.77,476985.28
2023-04-06,151485.36,478845.94
2023-04-10,151564.54,479337.41
2023-04-11,151585.06,479466.16
2023-04-12,151605.37,477511.86
2023-04-13,151625.59,483854.52
2023-04-14,151646.16,482672.57
2023-04-17,151708.23,484404.52
2023-04-18,151729.26,484720.47
2023-04-19,151750.21,484638.58
2023-04-20,151771.04,481993.86
2023-04-21,151791.70,482368.34
2023-04-24,151853.84,482871.53
2023-04-25,151874.80,475206.51
2023-04-26,151895.48,473193.71
2023-04-27,151916.29,482614.08
2023-04-28,151937.23,486733.27
2023-05-01,151999.04,486241.79
2023-05-02,152020.28,480776.81
2023-05-03,152041.44,477476.75
2023-05-04,152062.64,474094.81
2023-05-05,152083.89,482871.53
2023-05-08,152147.64,483000.24
2023-05-09,152169.11,480882.12
2023-05-10,152190.49,483128.98
2023-05-11,152211.67,482286.41
2023-05-12,152232.69,481654.48
2023-05-15,152296.25,483316.22
2023-05-16,152317.37,480086.38
2023-05-17,152338.52,485914.13
2023-05-18,152359.81,490595.04
2023-05-19,152381.27,489881.19
2023-05-22,152445.39,490080.14
2023-05-23,152467.28,484580.05
2023-05-24,152488.91,481069.36
2023-05-25,152510.68,485235.38
2023-05-26,152532.45,491519.50
2023-05-30,152618.70,491706.74
2023-05-31,152640.78,488980.12
2023-06-01,152662.78,493625.93
2023-06-02,152684.69,500764.34
2023-06-05,152750.33,499804.74
2023-06-06,152772.09,500893.04
2023-06-07,152793.77,499161.09
2023-06-08,152815.37,502180.30
2023-06-09,152836.81,503081.37
2023-06-12,152901.00,507645.25
2023-06-13,152922.53,510992.12
2023-06-14,152943.94,511600.63
2023-06-15,152965.31,517943.29
2023-06-16,152986.56,516179.06
2023-06-20,153071.89,513501.03
2023-06-21,153093.45,510869.99
2023-06-22,153115.05,512714.08
2023-06-23,153136.66,508837.96
2023-06-26,153201.48,506758.97
2023-06-27,153223.47,512314.73
2023-06-28,153245.26,512573.14
2023-06-29,153267.01,514593.37
2023-06-30,153288.84,520665.94
2023-07-03,153353.98,521264.99
2023-07-05,153397.76,520489.77
2023-07-06,153419.65,516413.99
2023-07-07,153441.64,515110.19
2023-07-10,153507.47,516413.99
2023-07-11,153529.55,519702.78
2023-07-12,153551.63,523884.27
2023-07-13,153573.68,528042.28
2023-07-14,153595.72,527713.40
2023-07-17,153662.00,529545.73
2023-07-18,153684.15,533480.57
2023-07-19,153706.25,534666.90
2023-07-20,153728.40,531119.66
2023-07-21,153750.55,531119.66
2023-07-24,153817.15,533492.33
2023-07-25,153839.40,534948.79
2023-07-26,153861.66,535031.02
2023-07-27,153883.91,531483.78
2023-07-28,153906.17,536687.18
2023-07-31,153972.97,537709.05
2023-08-01,153995.24,536170.36
2023-08-02,154017.47,528711.80
2023-08-03,154039.71,527196.58
2023-08-04,154061.95,524812.20
2023-08-07,154128.81,529393.03
2023-08-08,154151.15,527090.88
2023-08-09,154173.53,523567.15
2023-08-10,154195.83,523755.08
2023-08-11,154218.14,523449.68
2023-08-14,154285.07,526339.13
2023-08-15,154307.43,520207.88
2023-08-16,154329.79,516390.51
2023-08-17,154352.16,512455.67
2023-08-18,154374.53,512702.32
2023-08-21,154441.52,516038.11
2023-08-22,154463.95,514640.37
2023-08-23,154486.38,520372.30
2023-08-24,154508.81,513160.42
2023-08-25,154531.29,516778.10
2023-08-28,154599.11,520055.18
2023-08-29,154621.73,527572.46
2023-08-30,154644.31,529745.43
2023-08-31,154666.85,528970.20
2023-09-01,154689.39,529956.84
2023-09-05,154779.24,527666.41
2023-09-06,154801.80,524119.20
2023-09-07,154824.32,522510.04
2023-09-08,154846.80,523296.98
2023-09-11,154914.38,526738.52
2023-09-12,154936.96,523849.04
2023-09-13,154959.54,524459.84
2023-09-14,154982.09,528981.93
2023-09-15,155004.63,522608.60
2023-09-18,155072.41,522915.08
2023-09-19,155094.97,521830.64
2023-09-20,155117.53,517033.29
2023-09-21,155140.19,508487.57
2023-09-22,155162.84,507344.22
2023-09-25,155230.69,509477.69
2023-09-26,155253.44,501992.82
2023-09-27,155276.15,502193.18
2023-09-28,155298.87,505104.62
2023-09-29,155321.51,503878.78
2023-10-02,155389.42,503678.38
2023-10-03,155412.20,496936.11
2023-10-04,155434.98,500554.78
2023-10-05,155457.72,500366.18
2023-10-06,155480.46,506306.94
2023-10-09,155548.96,509548.41
2023-10-10,155571.80,512200.53
2023-10-11,155594.56,514298.65
2023-10-12,155617.33,511163.25
2023-10-13,155640.14,508617.22
2023-10-16,155708.57,513968.61
2023-10-17,155731.35,513945.01
2023-10-18,155754.18,507096.66
2023-10-19,155776.97,502641.10
2023-10-20,155799.72,496464.63
2023-10-23,155867.71,495604.15
2023-10-24,155890.43,499340.70
2023-10-25,155913.11,492174.07
2023-10-26,155935.83,486280.48
2023-10-27,155958.56,484076.28
2023-10-30,156026.76,489863.79
2023-10-31,156049.54,492940.27
2023-11-01,156072.33,498197.34
2023-11-02,156095.03,507744.98
2023-11-03,156117.61,512377.33
2023-11-06,156185.24,513556.05
2023-11-07,156207.87,515017.65
2023-11-08,156230.47,515394.85
2023-11-09,156253.07,511375.41
2023-11-10,156275.63,519355.33
2023-11-13,156343.19,518860.29
2023-11-14,156365.81,528926.56
2023-11-15,156388.34,530046.32
2023-11-16,156410.88,530694.63
2023-11-17,156433.38,531354.71
2023-11-20,156500.88,535444.87
2023-11-21,156523.48,534277.91
2023-11-22,156546.03,536340.67
2023-11-24,156591.24,536670.71
2023-11-27,156659.19,535704.19
2023-11-28,156681.86,536234.59
2023-11-29,156704.48,535857.39
2023-11-30,156727.02,537967.31
2023-12-01,156749.56,541149.87
2023-12-04,156816.94,538309.15
2023-12-05,156839.54,538203.07
2023-12-06,156862.10,536034.23
2023-12-07,156884.66,540124.39
2023-12-08,156907.18,542446.46
2023-12-11,156974.76,544556.34
2023-12-12,156997.38,547043.46
2023-12-13,157020.01,554587.25
2023-12-14,157042.55,556367.13
2023-12-15,157065.05,555451.08
2023-12-18,157132.70,558575.53
2023-12-19,157155.34,561972.16
2023-12-20,157177.86,554184.76
2023-12-21,157200.43,559439.49
2023-12-22,157222.91,560563.80
2023-12-26,157313.19,562930.79
2023-12-27,157335.82,563948.62
2023-12-28,157358.41,564161.64
2023-12-29,157381.04,562528.41
2024-01-02,157470.73,559380.30
2024-01-03,157493.25,554812.01
2024-01-04,157515.86,553024.92
2024-01-05,157538.47,553782.38
2024-01-08,157606.32,561688.13
2024-01-09,157628.99,560836.01
2024-01-10,157651.62,564007.78
2024-01-11,157674.21,563759.25
2024-01-12,157696.80,564149.79
2024-01-16,157787.01,562078.67
2024-01-17,157809.58,558954.26
2024-01-18,157832.23,563924.93
2024-01-19,157854.80,570954.91
2024-01-22,157922.53,572162.10
2024-01-23,157945.12,573830.80
2024-01-24,157967.66,574458.09
2024-01-25,157990.21,577582.50
2024-01-26,158012.76,576848.74
2024-01-29,158080.42,581417.02
2024-01-30,158103.03,580967.33
2024-01-31,158125.60,571487.49
2024-02-01,158148.21,578967.21
2024-02-02,158170.83,585062.22
2024-02-05,158238.82,582931.90
2024-02-06,158261.45,584624.33
2024-02-07,158284.13,589500.34
2024-02-08,158306.81,589760.71
2024-02-09,158329.49,593169.19
2024-02-12,158397.68,592908.82
2024-02-13,158420.38,584742.65
2024-02-14,158443.17,590056.58
2024-02-15,158465.87,594127.82
2024-02-16,158488.58,591169.07
2024-02-20,158579.59,587914.45
2024-02-21,158602.35,588447.00
2024-02-22,158625.12,600625.21
2024-02-23,158647.94,601039.44
2024-02-26,158716.53,598838.12
2024-02-27,158739.40,599950.61
2024-02-28,158762.23,599157.68
2024-02-29,158785.02,601311.62
2024-03-01,158807.86,606956.89
2024-03-04,158876.13,606305.98
2024-03-05,158898.94,600246.48
2024-03-06,158921.71,603288.08
2024-03-07,158944.52,609276.58
2024-03-08,158967.34,605619.57
2024-03-11,159035.80,605098.83
2024-03-12,159058.64,611608.10
2024-03-13,159081.51,610649.40
2024-03-14,159104.40,609442.28
2024-03-15,159127.28,605257.46
2024-03-18,159195.94,608854.60
2024-03-19,159218.84,612238.09
2024-03-20,159241.70,617900.87
2024-03-21,159264.56,619942.85
2024-03-22,159287.47,618767.55
2024-03-25,159356.07,617058.02
2024-03-26,159378.91,615918.31
2024-03-27,159401.70,621094.37
2024-03-28,159424.50,620975.68
2024-04-01,159515.87,619895.31
2024-04-02,159538.73,615953.96
2024-04-03,159561.54,616630.58
2024-04-04,159584.36,609103.93
2024-04-05,159607.14,615467.17
2024-04-08,159675.75,615811.43
2024-04-09,159698.63,616523.78
2024-04-10,159721.51,610350.45
2024-04-11,159744.49,614956.70
2024-04-12,159767.46,606468.40
2024-04-15,159836.40,598870.49
2024-04-16,159859.39,597778.27
2024-04-17,159882.39,594240.48
2024-04-18,159905.38,593017.69
2024-04-19,159928.38,587841.62
2024-04-22,159997.40,593255.14
2024-04-23,160020.28,600295.08
2024-04-24,160043.29,600010.17
2024-04-25,160066.36,597730.77
2024-04-26,160089.42,603393.62
2024-04-29,160158.50,605530.52
2024-04-30,160181.54,595938.16
2024-05-01,160204.58,594003.06
2024-05-02,160227.67,599559.03
2024-05-03,160250.71,606990.76
2024-05-06,160319.86,613259.04
2024-05-07,160342.92,613935.74
2024-05-08,160365.99,613995.09
2024-05-09,160389.05,617532.85
2024-05-10,160412.12,618328.31
2024-05-13,160481.47,618411.34
2024-05-14,160504.56,621248.71
2024-05-15,161427.52,628941.65
2024-05-16,161327.00,627647.60
2024-05-17,160526.95,628549.87
2024-05-20,161579.26,629274.03
2024-05-21,161588.67,630817.34
2024-05-22,161481.41,629001.00
2024-05-23,164068.42,624406.64
2024-05-24,164862.48,628537.98
2024-05-28,167096.27,628977.23
2024-05-29,167383.70,624572.79
2024-05-30,166148.03,620429.56
2024-05-31,165915.77,626080.52
2024-06-03,167530.99,626591.00
2024-06-04,167967.30,627291.46
2024-06-05,169728.51,634746.89
2024-06-06,169329.38,634735.00
2024-06-07,169316.77,633963.38
2024-06-10,169636.54,635922.18
2024-06-11,169403.39,637453.68
2024-06-12,170667.65,642689.09
2024-06-13,171966.74,643983.14
2024-06-14,172644.81,644374.93
2024-06-17,172441.61,649503.46
2024-06-18,173795.86,651153.65
2024-06-20,172441.52,649384.77
2024-06-21,171239.10,648514.16
2024-06-24,170296.25,646406.06
2024-06-25,170320.70,648895.29
2024-06-26,170345.11,649705.17
2024-06-27,170369.56,650729.41
2024-06-28,170393.97,648168.72
2024-07-01,170467.08,649502.72
2024-07-02,170491.55,653873.68
2024-07-03,170516.03,656791.66
2024-07-05,170564.99,660579.05
2024-07-08,170638.31,661341.31
2024-07-09,170662.76,661984.43
2024-07-10,170687.21,668534.95
2024-07-11,170711.67,662770.46
2024-07-12,170736.03,666950.90
2024-07-15,169737.41,668785.09
2024-07-16,169348.56,672751.08
2024-07-17,169372.68,663318.34
2024-07-18,169396.81,658220.81
2024-07-19,169420.99,653849.84
2024-07-22,169493.40,660590.97
2024-07-23,169517.50,659554.80
2024-07-24,169541.56,644607.63
2024-07-25,169565.62,641248.99
2024-07-26,169589.64,648430.78
2024-07-29,169661.56,648811.91
2024-07-30,169685.50,645524.73
2024-07-31,169709.40,656017.48
2024-08-01,169733.34,646727.65
2024-08-02,169757.15,634686.61
2024-08-05,169827.61,616202.19
2024-08-06,169851.29,621883.31
2024-08-07,169874.98,617726.64
2024-08-08,169898.67,632006.85
2024-08-09,169922.36,634793.76
2024-08-12,169993.45,635127.28
2024-08-13,170017.06,645572.34
2024-08-14,170040.63,647608.99
2024-08-15,170064.25,658709.16
2024-08-16,170087.97,660186.00
2024-08-19,170158.99,666498.31
2024-08-20,170182.58,665414.53
2024-08-21,170206.07,667701.23
2024-08-22,170229.48,662460.78
2024-08-23,170252.99,669499.66
2024-08-26,170323.10,667903.69
2024-08-27,170346.33,668820.78
2024-08-28,170369.58,664938.09
2024-08-29,169651.19,664997.63
2024-08-30,169379.17,671345.71
2024-09-03,169471.61,657530.08
2024-09-04,169494.68,656184.24
2024-09-05,169517.72,654588.26
2024-09-06,169540.66,643571.46
2024-09-09,169609.36,650777.03
2024-09-10,169632.08,653611.62
2024-09-11,169654.62,660316.99
2024-09-12,169677.35,665879.03
2024-09-13,169699.90,669356.75
2024-09-16,169766.57,670345.30
2024-09-17,169788.66,670619.21
2024-09-18,169810.76,668630.25
2024-09-19,169832.39,680040.03
2024-09-20,169853.84,678864.51
2024-09-23,169917.50,680560.90
2024-09-24,169938.59,682508.20
2024-09-25,169959.54,681002.92
2024-09-26,169980.54,683702.86
2024-09-27,170001.50,682711.27
2024-09-30,170064.37,685447.09
2024-10-01,170085.43,679306.53
2024-10-02,170106.40,679593.23
2024-10-03,170127.28,678350.81
2024-10-04,170148.16,684515.22
2024-10-07,170211.51,678326.90
2024-10-08,170232.73,684742.21
2024-10-09,170253.86,689485.04
2024-10-10,170275.04,688278.42
2024-10-11,170296.22,692400.01
2024-10-14,170359.62,698062.67
2024-10-15,170380.77,692638.95
2024-10-16,170401.86,695649.44
2024-10-17,170422.92,695709.16
2024-10-18,170444.12,698385.26
2024-10-21,170507.58,697238.36
2024-10-22,170528.65,696868.02
2024-10-23,170549.72,690500.47
2024-10-24,170570.84,691993.79
2024-10-25,170591.87,691754.84
2024-10-28,170655.24,693893.33
2024-10-29,170676.24,695016.31
2024-10-30,170697.23,692913.70
2024-10-31,170718.14,679330.44
2024-11-01,170738.90,682197.58
2024-11-04,170800.79,680728.17
2024-11-05,170821.57,688959.39
2024-11-06,170842.30,706090.74
2024-11-07,170863.08,711550.34
2024-11-08,170883.82,714632.58
2024-11-11,170946.04,715313.54
2024-11-12,170966.79,713091.50
2024-11-13,170987.54,713437.92
2024-11-14,171008.15,708850.40
2024-11-15,171028.81,699771.03
2024-11-18,171090.80,702638.24
2024-11-19,171111.52,705206.71
2024-11-20,171132.20,705445.65
2024-11-21,171152.92,709232.70
2024-11-22,171173.69,711430.90
2024-11-25,171236.02,713844.14
2024-11-26,171256.75,717571.46
2024-11-27,171277.40,715397.18
2024-11-29,171318.69,719841.27
2024-12-02,170713.54,721131.52
2024-12-03,172691.14,721465.99
2024-12-04,172231.94,725945.96
2024-12-05,173966.95,724751.30
2024-12-06,177729.76,726125.18
2024-12-09,176726.30,722385.90
2024-12-10,177611.84,720139.93
2024-12-11,180291.09,725707.08
2024-12-12,179976.21,721967.80
2024-12-13,182243.90,721824.44
2024-12-16,184312.60,724906.61
2024-12-17,185268.68,721919.96
2024-12-18,181321.05,700404.23
2024-12-19,181711.85,700189.13
2024-12-20,180535.22,708599.12
2024-12-23,181339.06,712842.42
2024-12-24,181360.13,720765.67
2024-12-26,181402.66,720813.66
2024-12-27,181423.73,713226.00
2024-12-30,181486.21,705086.92
2024-12-31,181507.24,702521.81
2025-01-02,181549.31,700795.71
2025-01-03,181570.30,709558.05
2025-01-06,181632.98,713645.51
2025-01-07,181653.93,705578.42
2025-01-08,181674.88,706609.27
2025-01-10,181716.79,695821.16
2025-01-13,181779.82,696900.00
2025-01-14,181800.89,697858.93
2025-01-15,181821.91,710552.97
2025-01-16,181842.88,709186.46
2025-01-17,181863.85,716306.62
2025-01-21,181947.56,722863.36
2025-01-22,181968.60,726926.89
2025-01-23,181989.64,730894.52
2025-01-24,182010.68,728760.84
2025-01-27,182073.66,718452.23
2025-01-28,182094.61,724625.45
2025-01-29,182115.56,721377.00
2025-01-30,182136.52,725248.71
2025-01-31,182157.43,721389.00
2025-02-03,182220.31,716534.37
2025-02-04,182241.38,721341.08
2025-02-05,182262.45,724265.79
2025-02-06,182283.52,726783.06
2025-02-07,182304.59,720130.40
2025-02-10,182368.13,725020.96
2025-02-11,182389.26,725572.38
2025-02-12,182410.40,723234.94
2025-02-13,182431.54,730870.52
2025-02-14,182452.63,730834.60
2025-02-18,182682.20,732980.21
2025-02-19,182306.13,734706.31
2025-02-20,181708.26,731649.69
2025-02-21,181729.22,719135.48
2025-02-24,181792.10,715863.11
2025-02-25,181812.97,712303.00
2025-02-26,181833.84,712662.59
2025-02-27,181854.76,701287.13
2025-02-28,181875.69,712231.08
2025-03-03,181938.48,699752.86
2025-03-04,181959.46,691469.95
2025-03-05,181980.40,698901.77
2025-03-06,182001.39,686495.48
2025-03-07,182022.33,690343.19
2025-03-10,182085.17,671955.49
2025-03-11,182106.07,666369.61
2025-03-12,182127.02,669905.73
2025-03-13,182148.03,660975.55
2025-03-14,182168.99,674628.52
2025-03-17,182231.88,679830.82
2025-03-18,182252.84,672482.91
2025-03-19,182273.82,679806.83
2025-03-20,182294.79,677840.97
2025-03-21,182315.72,678064.59
2025-03-24,182378.50,690207.71
2025-03-25,182399.44,691866.87
2025-03-26,182420.38,683607.18
2025-03-27,182441.37,681791.72
2025-03-28,182462.36,668061.57
2025-03-31,182525.35,672546.14
2025-04-01,182546.40,674445.70
2025-04-02,182567.41,678713.87
2025-04-03,182588.46,645266.30
2025-04-04,182609.47,607490.49
2025-04-07,182672.06,606408.44
2025-04-08,182692.93,596910.40
2025-04-09,182713.90,659597.51
2025-04-10,182735.13,630694.61
2025-04-11,182756.26,641947.98
2025-04-14,182819.80,648175.80
2025-04-15,182840.93,646360.34
2025-04-16,182862.07,631993.02
2025-04-17,182883.16,632894.74
2025-04-21,182967.94,617830.15
2025-04-22,182989.09,633904.69
2025-04-23,183010.25,643727.34
2025-04-24,183031.41,657277.11
2025-04-25,183052.52,662026.15
2025-04-28,183115.86,662278.58
2025-04-29,183136.93,666450.55
2025-04-30,183158.01,666715.02
2025-05-01,182983.64,671439.99
2025-05-02,184235.38,681406.98
2025-05-05,183713.89,677499.55
2025-05-06,182816.84,671836.76
2025-05-07,182837.97,674662.17
2025-05-08,182859.11,679363.08
2025-05-09,182880.30,678497.47
2025-05-12,182943.74,700920.03
2025-05-13,182965.34,705548.88
2025-05-14,182986.84,706450.59
2025-05-15,183008.35,709901.14
2025-05-16,183029.76,714397.67
2025-05-19,183093.69,715179.12
2025-05-20,183115.16,712774.55
2025-05-21,183136.54,700763.73
2025-05-22,183329.32,701040.31
2025-05-23,182076.40,696255.16
2025-05-27,182161.01,710730.72
2025-05-28,182182.17,706618.85
2025-05-29,182203.33,709408.16
2025-05-30,182224.55,708614.69
2025-06-02,182288.20,712606.28
2025-06-03,182309.43,716670.01
2025-06-04,182330.60,716477.60
2025-06-05,182351.83,713015.02
2025-06-06,182373.07,720336.96
2025-06-09,182436.77,720986.17
2025-06-10,182458.01,725073.97
2025-06-11,182479.31,723006.00
2025-06-12,182500.61,725879.48
2025-06-13,182521.96,717764.06
2025-06-16,182585.86,724593.03
2025-06-17,182607.07,718401.30
2025-06-18,182628.24,718293.07
2025-06-20,182670.57,716606.13
2025-06-23,182733.78,723684.40
2025-06-24,182754.75,731679.12
2025-06-25,182775.73,732089.06
2025-06-26,182796.71,737816.80
2025-06-27,182817.80,741482.52
2025-06-30,182880.91,745027.69
2025-07-01,182902.15,744786.58
2025-07-02,182923.40,748162.92
2025-07-03,182944.65,754059.49
2025-07-07,183030.06,748440.24
2025-07-08,183051.42,748030.29
2025-07-09,183072.78,752515.98
2025-07-10,183094.15,754638.27
2025-07-11,183115.47,751985.41
2025-07-14,183179.43,753420.36
2025-07-15,183200.81,750200.79
2025-07-16,183222.14,752708.88
2025-07-17,183243.43,757315.20
2025-07-18,183264.71,756760.56
2025-07-21,183328.58,758195.51
2025-07-22,183349.88,758303.99
2025-07-23,183371.18,764755.28
2025-07-24,183392.53,765008.46
2025-07-25,183413.88,768240.10
2025-07-28,183477.95,768047.20
2025-07-29,183499.26,766021.39
2025-07-30,183520.58,765056.74
2025-07-31,183541.95,762186.83
2025-08-01,183563.27,749694.28
2025-08-04,183626.49,761089.48
2025-08-05,183647.41,757230.78
2025-08-06,183668.34,763030.94
2025-08-07,183689.18,762391.81
2025-08-08,183710.01,768336.58
2025-08-11,183772.52,766817.22
2025-08-12,183793.42,774980.77
2025-08-13,183814.27,777633.63
2025-08-14,183834.96,777705.98
2025-08-15,183855.71,775885.15
2025-08-18,183917.97,775716.31
2025-08-19,183938.83,771507.95
2025-08-20,183959.60,769458.01
2025-08-21,183980.36,766371.06
2025-08-22,184001.23,778140.06
2025-08-25,184063.23,774715.45
2025-08-26,184083.91,777959.16
2025-08-27,184104.59,779731.78
2025-08-28,184125.17,782493.12
2025-08-29,184145.75,777826.53
2025-09-02,184227.48,772062.66
2025-09-03,184247.92,776246.89
2025-09-04,184268.26,782734.31
2025-09-05,184288.51,780467.32
2025-09-08,184347.89,782384.64
2025-09-09,184367.84,784193.40
2025-09-10,184387.79,786460.38
2025-09-11,184407.69,792996.01
2025-09-12,184427.60,792730.69
2025-09-15,184487.32,796951.12
2025-09-16,184507.08,795853.84
2025-09-17,184526.80,794865.05
2025-09-18,184546.41,798579.05
2025-09-19,184566.08,802534.29
2025-09-22,184625.09,806331.14
2025-09-23,184644.62,801941.80
2025-09-24,184664.14,799390.37
2025-09-25,184683.72,795702.38
2025-09-26,184703.41,800261.02
2025-09-29,184762.16,802510.08
2025-09-30,184781.70,805533.04
2025-10-01,184801.24,808277.91
2025-10-02,184820.73,809208.93
2025-10-03,184840.28,809196.90
2025-10-06,184899.07,812098.89
2025-10-07,184918.62,809088.04
2025-10-08,184938.13,813912.66
2025-10-09,184957.64,811554.74
2025-10-10,184977.25,789620.23
2025-10-13,185035.93,801736.19
2025-10-14,185055.50,800756.75
2025-10-15,185075.02,804311.75
2025-10-16,185094.64,798834.19
2025-10-17,185114.22,803368.63
2025-10-20,185172.64,811724.05
2025-10-21,185191.97,811711.94
2025-10-22,185211.25,807491.91
2025-10-23,185230.53,812280.30
2025-10-24,185249.82,818918.69
2025-10-27,185307.22,828580.05
2025-10-28,185326.16,830780.77
2025-10-29,185345.10,831179.82
2025-10-30,185364.24,822038.41
2025-10-31,185383.34,824734.86
2025-11-03,185440.17,826282.65
2025-11-04,185459.58,816488.23
2025-11-05,185478.89,819317.75
2025-11-06,185498.20,810526.97
2025-11-07,185517.36,811324.99
2025-11-10,185574.84,823985.17
2025-11-11,185594.11,825871.49
2025-11-12,185613.38,826330.99
2025-11-13,185632.65,812618.83
2025-11-14,185651.98,812485.84
2025-11-17,185709.96,804916.34
2025-11-18,185729.30,798157.06
2025-11-19,185748.53,801240.46
2025-11-20,185767.82,789027.74
2025-11-21,185787.06,796887.43
2025-11-24,185844.32,808616.44
2025-11-25,185863.42,816222.24
2025-11-26,185882.46,821857.00
2025-11-28,185920.76,826343.09
2025-12-01,185977.76,822570.45
2025-12-02,185996.66,824094.03
2025-12-03,186015.41,826947.68
2025-12-04,186033.96,827552.27
2025-12-05,186052.46,829124.20
2025-12-08,186107.82,826633.28
2025-12-09,186126.38,825919.83
2025-12-10,186144.94,831397.46
2025-12-11,186163.30,833332.13
2025-12-12,186181.56,824372.12
2025-12-15,186235.73,823126.63
2025-12-16,186253.90,820877.56
2025-12-17,186272.06,811845.01
2025-12-18,186290.18,817975.50
2025-12-19,186308.20,825389.14
2025-12-22,186362.40,830531.21
2025-12-23,186380.58,834327.14
2025-12-24,186398.76,837261.99
2025-12-26,186435.53,837177.08
2025-12-29,186490.08,834193.68
2025-12-30,186508.32,833175.01
2025-12-31,186526.46,827002.05
2026-01-02,186562.95,828517.99
2026-01-05,186617.23,834036.01
2026-01-06,186635.33,838996.22
2026-01-07,186653.38,836291.80
2026-01-08,186671.38,836206.89
2026-01-09,186689.38,841737.06
2026-01-12,186743.39,843058.92
2026-01-13,186761.61,841373.24
2026-01-14,186779.87,837237.71
2026-01-15,186798.14,839517.69
2026-01-16,186816.41,838814.27
2026-01-20,186889.50,821738.73
2026-01-21,186907.88,831222.49
2026-01-22,186926.27,835564.10
2026-01-23,186944.70,835867.29
2026-01-26,186999.87,840111.93
2026-01-27,187018.26,843459.15
2026-01-28,187618.94,843374.25
2026-01-29,188020.79,841700.64
2026-01-30,189256.88,839190.22
2026-02-02,192243.65,843362.11
2026-02-03,193236.09,836231.17
2026-02-04,190812.52,832180.54
2026-02-05,190646.37,821787.22
2026-02-06,191142.37,837553.03
2026-02-09,190874.94,841591.53
2026-02-10,189973.78,839372.17
2026-02-11,190790.07,839178.16
2026-02-12,190808.94,826213.80
2026-02-13,190827.81,826795.90
2026-02-17,190903.10,828129.90
2026-02-18,190921.98,832301.78
2026-02-19,190940.86,830106.70
2026-02-20,190959.74,836109.85
2026-02-23,191016.25,827572.08
2026-02-24,191035.09,833587.30
2026-02-25,191053.93,840621.34
2026-02-26,191072.77,835952.19
2026-02-27,191091.62,831937.97
2026-03-02,191148.00,832410.96
2026-03-03,191166.91,825073.81
2026-03-04,191185.76,830895.02
2026-03-05,191204.62,826262.29
2026-03-06,191223.43,815432.39
2026-03-09,191279.69,822575.54
2026-03-10,191298.61,821253.60
2026-03-11,191317.48,820222.79
2026-03-12,191336.40,807767.77
2026-03-13,191355.33,803195.66
2026-03-16,191412.10,811369.69
2026-03-17,191431.03,813504.08
2026-03-18,191449.97,802152.71
2026-03-19,191468.96,800175.91
2026-03-20,191487.94,788704.77
2026-03-23,191545.08,796986.18
2026-03-24,191564.13,794310.82
2026-03-25,191583.18,798737.32
2026-03-26,191602.23,784472.88
2026-03-27,191621.29,771096.14
2026-03-30,191678.30,768518.01
2026-03-31,191697.31,790857.23
2026-04-01,191716.27,796815.92
2026-04-02,191735.23,797533.43
2026-04-06,191811.08,801303.21
2026-04-07,191830.21,801655.84
2026-04-08,191849.24,822073.66
2026-04-09,191868.21,826816.28
2026-04-10,191887.14,826269.11
2026-04-13,191943.91,834343.74
2026-04-14,192997.04,844510.12
2026-04-15,191906.43,851174.14
2026-04-16,192896.67,853265.74
2026-04-17,194574.29,863578.04
2026-04-20,193772.02,861851.17
2026-04-21,195300.62,856208.68
2026-04-22,197183.83,864879.24
2026-04-23,197581.57,861522.88
2026-04-24,199940.42,868199.08
2026-04-27,201440.88,869694.82
2026-04-28,197498.62,865462.93
2026-04-29,201968.53,865329.18
2026-04-30,204136.03,873938.88
2026-05-01,208471.96,876358.92
2026-05-04,210244.05,873148.49
2026-05-05,214417.01,880153.04
2026-05-06,215321.32,892386.68
2026-05-07,213138.58,889650.53
2026-05-08,217585.01,896995.55
2026-05-11,220162.81,899038.53
2026-05-12,217289.77,897676.54
2026-05-13,217689.01,902698.91
2026-05-14,215992.90,909825.04
2026-05-15,214499.08,898880.44
2026-05-18,211604.30,898248.13
2026-05-19,210433.99,892265.03
2026-05-20,208912.20,901409.88
2026-05-21,208430.64,903197.46
2026-05-22,208451.14,906748.43
2026-05-26,208533.15,912767.98
2026-05-27,208553.71,912609.88
2026-05-28,208574.23,917644.35
2026-05-29,208594.80,919930.56
2026-06-01,208656.52,922435.65
2026-06-02,208677.27,923688.24
2026-06-03,208698.02,917206.58
2026-06-04,208718.78,920672.42
2026-06-05,208739.54,896910.41
2026-06-08,208801.82,898941.22
2026-06-09,208822.70,896302.38
2026-06-10,208843.52,882171.68
2026-06-11,208864.35,897165.81
2026-06-12,208885.12,902017.91
2026-06-15,208947.44,917924.09
2026-06-16,208968.28,912451.79
2026-06-17,208989.12,901057.24
2026-06-18,209010.19,910425.54
2026-06-22,209094.25,907560.45
2026-06-23,209115.45,894380.90
2026-06-24,209136.65,893966.34
2026-06-25,209157.85,895258.69
2026-06-26,209178.99,888784.74
2026-06-29,209242.09,903427.34
2026-06-30,209263.53,910462.15
2026-07-01,209284.97,909230.75
2026-07-02,209306.24,908035.96
2026-07-06,209390.65,915960.76
2026-07-07,209412.11,911608.20
2026-07-08,209433.51,908791.85
2026-07-09,209454.91,916485.00
2026-07-10,209476.09,920435.20
2026-07-13,209539.96,913388.19
2026-07-14,209561.55,916631.30
2026-07-15,209582.85,920264.49
2026-07-16,209604.09,915277.93
2026-07-17,209625.34,906219.28
2026-07-20,209689.26,904756.30
2026-07-21,209710.69,912303.16
2026-07-22,209732.18,911242.38
2026-07-23,209753.73,899989.19
2026-07-24,209775.62,900903.59
2026-07-27,209841.31,901098.70
2026-07-28,209863.28,903256.64
2026-07-29,209884.95,889357.80
2026-07-30,209906.23,904268.59
2026-07-31,209927.45,910779.16
2026-08-03,209991.12,923751.39
2026-08-04,210012.69,940405.71
2026-08-05,210034.21,938528.09
2026-08-06,210055.73,937028.50
2026-08-07,210077.26,942758.75
2026-08-10,210141.49,942478.36
2026-08-11,210163.02,939466.90
2026-08-12,210184.55,941819.94
2026-08-13,210205.98,948391.45
2026-08-14,207879.04,946513.91
2026-08-17,207782.18,942039.39
2026-08-18,207803.35,935675.20
2026-08-19,207824.47,937638.10
2026-08-20,207845.60,929762.04
2026-08-21,207866.73,933565.94
2026-08-24,207930.28,930822.74
2026-08-25,207951.47,933797.59
2026-08-26,207972.61,934004.90
2026-08-27,207993.69,940125.24
2026-08-28,208014.72,937991.64
2026-08-31,208078.66,935187.49
2026-09-01,208100.21,928762.36
2026-09-02,208121.76,932883.19
2026-09-03,208143.32,942648.99
2026-09-04,208164.70,939015.80
2026-09-08,208250.70,933858.61
2026-09-09,208272.39,929518.26
2026-09-10,208294.13,923946.50
2026-09-11,208316.15,931822.49
2026-09-14,208383.27,927665.05
2026-09-15,208405.94,923410.05
2026-09-16,208428.60,919337.89
2026-09-17,208451.39,929762.04
2026-09-18,208474.06,930958.63
2026-09-21,208542.43,945393.14
2026-09-22,208565.40,945246.48
2026-09-23,208183.13,938438.66
2026-09-24,207279.13,937668.65
2026-09-25,207302.30,942765.32
2026-09-28,207371.82,935749.74
2026-09-29,207395.11,934026.43
2026-09-30,207418.24,932107.53
