,strategy,spy
1999-07-01,104897.34,104897.34
1999-07-02,104910.42,105942.28
1999-07-06,104962.73,105918.53
1999-07-07,104819.34,106061.02
1999-07-08,104883.07,106144.14
1999-07-09,105733.90,106773.48
1999-07-12,105333.07,106298.51
1999-07-13,105089.70,105918.53
1999-07-14,105102.88,106512.24
1999-07-15,105116.10,107189.08
1999-07-16,105129.26,107770.92
1999-07-19,105168.58,107058.46
1999-07-20,105181.60,104861.72
1999-07-21,105194.60,104742.98
1999-07-22,105207.45,103365.56
1999-07-23,105220.36,103163.70
1999-07-26,105259.45,102403.74
1999-07-27,105272.66,103258.69
1999-07-28,105285.84,103591.17
1999-07-29,105299.05,102142.51
1999-07-30,105312.30,100883.84
1999-08-02,105352.29,101121.32
1999-08-03,105365.71,100646.35
1999-08-04,105379.28,99268.94
1999-08-05,105392.70,100171.38
1999-08-06,105406.01,99078.95
1999-08-09,105446.38,98865.21
1999-08-10,105460.13,97772.78
1999-08-11,105474.03,98960.20
1999-08-12,105487.82,98900.83
1999-08-13,105501.28,101192.57
1999-08-16,105541.17,101643.79
1999-08-17,105554.53,102308.75
1999-08-18,105568.09,101572.55
1999-08-19,105581.49,100741.35
1999-08-20,105594.85,101762.53
1999-08-23,105635.64,103709.91
1999-08-24,105649.47,104089.89
1999-08-25,105663.51,105158.58
1999-08-26,105677.38,103899.90
1999-08-27,105691.25,102641.23
1999-08-30,105733.29,100741.35
1999-08-31,105747.34,100361.37
1999-09-01,105761.36,101596.29
1999-09-02,105775.36,100396.99
1999-09-03,105789.21,103329.94
1999-09-07,105844.63,102949.96
1999-09-08,105858.23,102451.24
1999-09-09,105871.83,102403.74
1999-09-10,105885.41,103258.69
1999-09-13,105925.61,102558.11
1999-09-14,105939.08,101881.28
1999-09-15,105952.69,100266.37
1999-09-16,105966.10,100658.23
1999-09-17,105979.37,101930.07
1999-09-20,106018.92,101787.17
1999-09-21,106032.16,99643.78
1999-09-22,106045.70,99536.61
1999-09-23,106059.32,97452.76
1999-09-24,106072.95,97357.50
1999-09-27,106113.49,98000.52
1999-09-28,106127.10,97810.00
1999-09-29,106140.79,96643.04
1999-09-30,106154.43,98119.60
1999-10-01,106168.22,97905.26
1999-10-04,106209.58,99643.78
1999-10-05,106223.23,99548.52
1999-10-06,106236.96,101072.71
1999-10-07,106250.58,100501.14
1999-10-08,106264.27,102025.33
1999-10-11,106305.14,101858.62
1999-10-12,106318.77,100286.80
1999-10-13,106332.55,97690.92
1999-10-14,106346.65,97667.10
1999-10-15,106360.87,95166.48
1999-10-18,106403.70,95857.13
1999-10-19,106418.10,96785.93
1999-10-20,106432.68,97738.55
1999-10-21,106447.26,98310.12
1999-10-22,106461.81,99143.66
1999-10-25,106504.87,98643.54
1999-10-26,106519.13,97405.13
1999-10-27,106533.73,99167.48
1999-10-28,106690.31,102549.27
1999-10-29,107310.71,104406.87
1999-11-01,106669.26,103311.36
1999-11-02,107391.19,102573.08
1999-11-03,107742.93,103263.73
1999-11-04,108138.89,104049.64
1999-11-05,108997.02,105073.70
1999-11-08,110489.49,105168.96
1999-11-09,109284.80,104180.62
1999-11-10,109624.59,104954.63
1999-11-11,109784.04,105550.01
1999-11-12,109503.81,106502.63
1999-11-15,109328.50,106752.69
1999-11-16,109657.24,107645.77
1999-11-17,109501.27,107931.56
1999-11-18,109401.52,108693.65
1999-11-19,109921.82,108598.39
1999-11-22,109633.82,108574.57
1999-11-23,110041.37,107621.95
1999-11-24,110392.69,108193.53
1999-11-26,110486.61,107788.66
1999-11-29,110435.86,107407.62
1999-11-30,111046.59,106145.40
1999-12-01,111995.48,107002.75
1999-12-02,113293.77,107645.77
1999-12-03,114174.89,109622.45
1999-12-06,114394.42,108812.73
1999-12-07,114734.39,107931.56
1999-12-08,113349.46,107240.91
1999-12-09,112494.37,107764.85
1999-12-10,112101.59,108122.08
1999-12-13,111806.76,108312.60
1999-12-14,111830.83,107264.72
1999-12-15,111921.99,107836.29
1999-12-16,112578.41,108312.60
1999-12-17,113189.92,109008.19
1999-12-20,113548.97,108220.35
1999-12-21,114366.09,109867.65
1999-12-22,114075.90,110154.14
1999-12-23,113585.51,111908.87
1999-12-27,114896.84,111753.69
1999-12-28,114633.02,111682.07
1999-12-29,119673.48,112159.55
1999-12-30,119012.82,112028.24
1999-12-31,120998.83,112207.29
2000-01-03,119747.64,111109.09
2000-01-04,117517.06,106764.05
2000-01-05,116931.14,106955.04
2000-01-06,115197.85,105236.12
2000-01-07,116272.95,111347.83
2000-01-10,117316.62,111729.82
2000-01-11,115736.65,110392.88
2000-01-12,115090.71,109294.68
2000-01-13,115744.18,110774.86
2000-01-14,115760.83,112278.92
2000-01-18,115827.43,111395.58
2000-01-19,115844.06,112302.79
2000-01-20,115861.04,110583.87
2000-01-21,115877.93,110345.13
2000-01-24,115928.50,107217.65
2000-01-25,115945.40,108435.22
2000-01-26,115962.55,107575.76
2000-01-27,115979.74,107146.03
2000-01-28,115996.96,103803.68
2000-01-31,116049.21,106620.80
2000-02-01,116066.79,107671.25
2000-02-02,116084.41,107766.75
2000-02-03,116101.87,109390.17
2000-02-04,116119.23,108936.57
2000-02-07,116171.73,108769.45
2000-02-08,116189.14,110249.63
2000-02-09,116206.71,107933.87
2000-02-10,116224.19,108148.73
2000-02-11,116241.70,105952.33
2000-02-14,116294.15,106573.06
2000-02-15,116311.58,107778.69
2000-02-16,116833.51,106191.07
2000-02-17,118722.62,105641.97
2000-02-18,118008.97,103373.95
2000-02-22,119171.46,103111.34
2000-02-23,119545.09,104328.91
2000-02-24,120829.53,102228.01
2000-02-25,120434.75,101857.96
2000-02-28,119794.62,103994.67
2000-02-29,120534.75,104997.38
2000-03-01,120944.81,105761.34
2000-03-02,120457.31,105832.96
2000-03-03,121486.88,107814.50
2000-03-06,123207.68,106764.05
2000-03-07,121621.53,104698.95
2000-03-08,122018.74,104567.65
2000-03-09,124346.68,107623.51
2000-03-10,123973.27,107050.53
2000-03-13,122951.25,105880.71
2000-03-14,120399.41,104376.66
2000-03-15,120426.29,106811.79
2000-03-16,120445.06,111801.44
2000-03-17,120463.87,112540.35
2000-03-20,120520.51,111965.92
2000-03-21,120539.46,114263.63
2000-03-22,120558.42,114957.74
2000-03-23,120577.38,116920.37
2000-03-24,120596.31,117614.47
2000-03-27,120384.16,116369.88
2000-03-28,120701.82,115699.71
2000-03-29,120768.33,115819.38
2000-03-30,122241.79,113880.68
2000-03-31,121899.72,115173.15
2000-04-03,122822.49,115843.32
2000-04-04,122571.63,114981.67
2000-04-05,122789.74,114263.63
2000-04-06,122438.41,115256.92
2000-04-07,122388.67,115986.92
2000-04-10,122072.01,115532.17
2000-04-11,121854.70,115197.08
2000-04-12,121771.31,112037.72
2000-04-13,121520.42,110481.97
2000-04-14,121492.02,104163.25
2000-04-17,121548.44,107801.30
2000-04-18,121567.26,110649.51
2000-04-19,121586.08,109620.33
2000-04-20,121604.90,110146.89
2000-04-24,121679.93,108950.16
2000-04-25,121698.63,113473.79
2000-04-26,121717.40,112193.29
2000-04-27,121736.04,111822.31
2000-04-28,121754.68,111128.21
2000-05-01,121811.33,112636.08
2000-05-02,121830.25,110386.23
2000-05-03,121849.44,107801.30
2000-05-04,121868.60,108615.08
2000-05-05,121887.73,109931.48
2000-05-08,121945.74,109105.73
2000-05-09,121965.35,108232.12
2000-05-10,121985.27,105790.80
2000-05-11,122005.18,108208.19
2000-05-12,122025.11,109380.98
2000-05-15,122084.88,111271.81
2000-05-16,122104.75,112348.87
2000-05-17,122124.89,111176.08
2000-05-18,122144.56,109811.80
2000-05-19,122163.81,108088.52
2000-05-22,122221.14,107274.74
2000-05-23,122240.26,105695.06
2000-05-24,122259.82,107418.35
2000-05-25,122279.08,105575.39
2000-05-26,122298.11,105695.06
2000-05-30,122373.83,109141.64
2000-05-31,122392.61,109380.98
2000-06-01,122410.98,111295.75
2000-06-02,122429.66,113234.45
2000-06-05,122487.02,112683.95
2000-06-06,122506.21,112181.33
2000-06-07,122525.75,112959.20
2000-06-08,122545.05,112516.41
2000-06-09,122564.32,112277.07
2000-06-12,122622.25,110960.66
2000-06-13,122641.36,113042.97
2000-06-14,122660.58,113234.45
2000-06-15,122679.60,113473.79
2000-06-16,122698.66,112541.41
2000-06-19,122755.74,113980.87
2000-06-20,122774.71,113573.02
2000-06-21,122793.64,113525.04
2000-06-22,122812.65,111797.69
2000-06-23,122831.73,110838.06
2000-06-26,122889.18,112265.51
2000-06-27,122908.23,111437.83
2000-06-28,122927.32,111749.71
2000-06-29,122946.35,110694.11
2000-06-30,122965.49,111533.79
2000-07-03,123023.19,113069.21
2000-07-05,123061.96,111029.98
2000-07-06,123758.41,111893.66
2000-07-07,124204.22,113692.97
2000-07-10,123899.81,113501.05
2000-07-11,124422.91,113740.96
2000-07-12,124833.45,114484.68
2000-07-13,124542.22,114988.48
2000-07-14,124831.10,116116.06
2000-07-17,124999.41,115924.13
2000-07-18,124473.72,114976.49
2000-07-19,124337.31,114052.84
2000-07-20,123898.10,115636.24
2000-07-21,123918.47,113381.09
2000-07-24,123979.07,112733.34
2000-07-25,123999.38,113093.20
2000-07-26,124019.83,111989.62
2000-07-27,124040.22,111605.76
2000-07-28,124060.75,109086.72
2000-07-31,124122.13,109782.45
2000-08-01,124142.64,110454.20
2000-08-02,124163.28,111005.99
2000-08-03,124183.93,111773.70
2000-08-04,124204.52,112373.47
2000-08-07,124266.28,113716.97
2000-08-08,124286.91,114148.80
2000-08-09,124307.61,113189.17
2000-08-10,124328.28,112637.37
2000-08-11,124348.96,113165.17
2000-08-14,124411.41,114604.63
2000-08-15,124432.17,114508.67
2000-08-16,124452.96,114100.82
2000-08-17,124473.73,115300.37
2000-08-18,124494.49,114916.51
2000-08-21,124556.81,115540.28
2000-08-22,124577.59,115348.35
2000-08-23,124598.41,115804.18
2000-08-24,124619.27,116164.04
2000-08-25,124640.13,116116.06
2000-08-28,125370.69,116511.91
2000-08-29,125199.96,116535.90
2000-08-30,127243.56,115420.32
2000-08-31,127078.21,116955.74
2000-09-01,127909.23,117075.69
2000-09-05,127182.93,116140.05
2000-09-06,126142.47,114820.55
2000-09-07,126637.01,115804.18
2000-09-08,125653.90,115012.48
2000-09-11,125715.55,114844.54
2000-09-12,125736.05,114004.86
2000-09-13,125756.44,114304.74
2000-09-14,125776.84,114880.53
2000-09-15,125797.41,112367.18
2000-09-18,125859.13,111332.97
2000-09-19,125879.72,112343.12
2000-09-20,125900.38,111513.36
2000-09-21,125921.01,109817.75
2000-09-22,125941.64,111814.00
2000-09-25,126003.64,111020.31
2000-09-26,126024.32,109601.29
2000-09-27,126045.04,110178.52
2000-09-28,126065.82,111597.54
2000-09-29,126086.79,110539.28
2000-10-02,126149.49,110707.64
2000-10-03,126170.33,109673.44
2000-10-04,126191.28,110587.39
2000-10-05,126212.23,110972.21
2000-10-06,126233.22,108567.09
2000-10-09,126296.09,107749.35
2000-10-10,126317.06,105969.56
2000-10-11,126338.00,105079.66
2000-10-12,126358.94,102458.08
2000-10-13,126379.74,105873.35
2000-10-16,126442.28,106354.38
2000-10-17,126463.27,103708.75
2000-10-18,126484.47,103323.93
2000-10-19,126505.68,107220.22
2000-10-20,126526.96,107677.19
2000-10-23,126590.71,108158.22
2000-10-24,126612.07,107436.68
2000-10-25,126633.48,104911.31
2000-10-26,126654.99,105199.92
2000-10-27,126676.43,107196.17
2000-10-30,126740.67,108158.22
2000-10-31,126762.17,110022.18
2000-11-01,126783.66,109649.39
2000-11-02,126805.13,109829.77
2000-11-03,126826.63,109889.90
2000-11-06,126891.26,110659.54
2000-11-07,126912.96,110635.49
2000-11-08,126934.62,108182.27
2000-11-09,126956.25,107773.40
2000-11-10,126977.85,105151.82
2000-11-13,127042.45,104334.08
2000-11-14,127064.00,107075.91
2000-11-15,127085.51,107412.63
2000-11-16,127107.06,105729.05
2000-11-17,127128.55,105163.84
2000-11-20,127193.02,103660.64
2000-11-21,127214.56,104189.77
2000-11-22,127236.09,101700.47
2000-11-24,127279.18,103780.90
2000-11-27,127343.83,104694.84
2000-11-28,127365.25,102891.01
2000-11-29,127386.54,102698.60
2000-11-30,127407.69,101808.70
2000-12-01,127428.74,101760.60
2000-12-04,127492.10,102626.44
2000-12-05,127513.06,105993.61
2000-12-06,127533.71,104298.00
2000-12-07,127554.39,102866.95
2000-12-08,127575.15,103107.47
2000-12-11,127637.22,106691.09
2000-12-12,127657.89,106234.12
2000-12-13,127678.49,104779.02
2000-12-14,127699.09,103444.18
2000-12-15,127719.70,101107.73
2000-12-18,127781.11,102458.73
2000-12-19,127801.35,100371.92
2000-12-20,127821.52,97464.86
2000-12-21,127841.34,98140.36
2000-12-22,127859.69,101083.60
2000-12-26,127931.57,102169.23
2000-12-27,127951.23,102917.10
2000-12-28,127970.83,103230.73
2000-12-29,127990.85,101276.60
2001-01-02,128071.22,99443.11
2001-01-03,128091.19,104219.85
2001-01-04,128110.59,103098.04
2001-01-05,128128.95,99732.61
2001-01-08,128181.50,100504.60
2001-01-09,128199.27,100239.23
2001-01-10,128217.18,102000.35
2001-01-11,128235.27,102096.85
2001-01-12,128253.44,101903.85
2001-01-16,128326.38,102555.23
2001-01-17,128344.74,103025.66
2001-01-18,128363.09,104050.97
2001-01-19,128381.17,103459.91
2001-01-22,128434.98,104147.47
2001-01-23,129039.67,104967.72
2001-01-24,128937.78,105281.35
2001-01-25,127751.91,105015.97
2001-01-26,127893.14,104895.35
2001-01-29,128505.64,105455.05
2001-01-30,129645.15,106381.45
2001-01-31,128531.84,105779.29
2001-02-01,130084.70,106481.80
2001-02-02,127920.24,104065.45
2001-02-05,128651.24,104829.72
2001-02-06,128520.30,104520.93
2001-02-07,128276.45,103980.53
2001-02-08,128894.19,102768.49
2001-02-09,129545.58,101780.33
2001-02-12,129421.47,102946.06
2001-02-13,129274.07,102104.57
2001-02-14,128906.06,101950.17
2001-02-15,129385.63,102938.33
2001-02-16,129076.47,100668.65
2001-02-20,129110.24,99116.94
2001-02-21,129185.68,96978.50
2001-02-22,129176.47,97125.18
2001-02-23,128725.71,96468.98
2001-02-26,128523.26,98522.50
2001-02-27,129363.73,97611.54
2001-02-28,129339.89,95689.26
2001-03-01,129527.52,96191.06
2001-03-02,130081.50,95426.78
2001-03-05,129949.11,96299.14
2001-03-06,129728.00,97333.62
2001-03-07,130310.02,98028.42
2001-03-08,130703.86,98136.50
2001-03-09,131139.96,95233.78
2001-03-12,130170.54,91157.63
2001-03-13,130388.00,92655.30
2001-03-14,129708.09,90825.67
2001-03-15,129350.73,90848.83
2001-03-16,129288.14,89026.65
2001-03-19,129335.21,90837.99
2001-03-20,129350.87,88399.64
2001-03-21,129366.39,86897.94
2001-03-22,129381.32,86015.49
2001-03-23,129396.06,88616.39
2001-03-26,129440.62,89746.54
2001-03-27,129455.48,91581.10
2001-03-28,129470.52,89049.87
2001-03-29,129485.53,89390.47
2001-03-30,129500.50,90327.10
2001-04-02,129545.20,88399.64
2001-04-03,129559.82,85450.41
2001-04-04,129574.20,85806.49
2001-04-05,129588.40,89057.62
2001-04-06,129602.64,87702.98
2001-04-09,129643.65,88678.31
2001-04-10,129657.29,90296.14
2001-04-11,129670.96,90358.07
2001-04-12,129685.10,91999.11
2001-04-16,129740.81,91031.51
2001-04-17,129755.21,92316.48
2001-04-18,129769.50,95985.61
2001-04-19,129783.08,97262.84
2001-04-20,129796.52,96372.65
2001-04-23,129835.78,94623.23
2001-04-24,129848.80,94112.34
2001-04-25,129862.00,95343.12
2001-04-26,129875.34,95768.87
2001-04-27,129888.65,97363.46
2001-04-30,129928.79,98044.66
2001-05-01,129942.53,98346.54
2001-05-02,129956.16,98168.50
2001-05-03,129969.69,96922.24
2001-05-04,129941.34,98571.02
2001-05-07,129519.47,97719.54
2001-05-08,129943.15,97673.10
2001-05-09,129670.13,97262.84
2001-05-10,129539.84,97549.24
2001-05-11,129847.26,96875.80
2001-05-14,129621.70,97069.32
2001-05-15,130836.40,97518.28
2001-05-16,132903.72,99817.29
2001-05-17,134646.65,99972.10
2001-05-18,135705.42,100428.82
2001-05-21,135750.91,101907.29
2001-05-22,133248.49,101775.70
2001-05-23,132320.71,100049.51
2001-05-24,131468.42,100343.67
2001-05-25,131481.46,99159.33
2001-05-29,131533.04,98369.77
2001-05-30,131546.12,96991.91
2001-05-31,131559.10,97495.05
2001-06-01,131571.89,98098.84
2001-06-04,131610.71,98571.02
2001-06-05,131623.70,99701.18
2001-06-06,131636.50,98872.92
2001-06-07,131649.26,99228.99
2001-06-08,131662.07,98307.84
2001-06-11,131700.59,97611.17
2001-06-12,131713.29,97440.87
2001-06-13,131725.85,96604.87
2001-06-14,131738.37,94437.45
2001-06-15,131750.93,94589.60
2001-06-18,131788.19,94131.60
2001-06-19,131800.61,94543.03
2001-06-20,131812.99,95039.84
2001-06-21,131825.31,96118.87
2001-06-22,131837.70,95365.88
2001-06-25,131874.21,94488.69
2001-06-26,131886.42,94356.72
2001-06-27,131898.64,94302.38
2001-06-28,131911.07,94822.49
2001-06-29,131923.93,95171.81
2001-07-02,131962.64,96359.52
2001-07-03,131975.62,96336.23
2001-07-05,132001.51,94457.63
2001-07-06,132014.42,92416.02
2001-07-09,132052.94,92920.60
2001-07-10,132065.86,91802.76
2001-07-11,132078.70,91895.91
2001-07-12,132091.37,94077.26
2001-07-13,132104.11,94892.35
2001-07-16,132142.54,93704.64
2001-07-17,132155.43,94581.84
2001-07-18,132168.21,93937.53
2001-07-19,132180.74,94760.38
2001-07-20,132193.31,94193.70
2001-07-23,132230.79,92338.39
2001-07-24,132243.40,91445.67
2001-07-25,132256.01,92454.83
2001-07-26,132268.62,93425.18
2001-07-27,132281.23,93782.27
2001-07-30,132318.96,93813.32
2001-07-31,132331.61,94201.46
2001-08-01,132344.15,94791.44
2001-08-02,132356.66,95179.57
2001-08-03,132369.17,94659.47
2001-08-06,132406.60,93386.37
2001-08-07,132419.08,93751.22
2001-08-08,132431.56,92012.35
2001-08-09,132443.93,92284.05
2001-08-10,132456.19,92602.33
2001-08-13,132492.77,92625.62
2001-08-14,132505.01,92586.80
2001-08-15,132517.17,91787.23
2001-08-16,132529.33,92105.51
2001-08-17,132541.39,90630.58
2001-08-20,132577.23,91468.96
2001-08-21,132589.36,89908.64
2001-08-22,132601.38,90840.17
2001-08-23,132613.41,90514.14
2001-08-24,132625.51,92392.73
2001-08-27,132662.02,91841.57
2001-08-28,132674.27,90498.61
2001-08-29,132686.38,89691.28
2001-08-30,132698.52,87967.94
2001-08-31,132710.48,88612.25
2001-09-04,132758.47,88045.57
2001-09-05,132770.69,88262.93
2001-09-06,132782.81,85988.43
2001-09-07,132794.70,84397.06
2001-09-10,132829.63,85429.51
2001-09-17,132910.89,80965.91
2001-09-18,132920.14,80771.84
2001-09-19,132928.99,79141.65
2001-09-20,132936.82,76626.50
2001-09-21,132944.76,75799.78
2001-09-24,132968.91,78464.62
2001-09-25,132977.40,79282.77
2001-09-26,132985.96,79002.26
2001-09-27,132994.45,79687.95
2001-09-28,133002.94,81378.80
2001-10-01,133028.63,81246.33
2001-10-02,133037.08,82267.08
2001-10-03,133045.17,83646.24
2001-10-04,133053.16,83716.37
2001-10-05,133061.07,83552.74
2001-10-08,133084.58,83007.31
2001-10-09,133092.42,82563.17
2001-10-10,133100.37,84402.06
2001-10-11,133108.32,85711.10
2001-10-12,133116.45,85321.51
2001-10-15,133140.63,85165.67
2001-10-16,133148.69,85703.31
2001-10-17,130452.69,83880.00
2001-10-18,130154.04,83700.79
2001-10-19,131012.73,83646.24
2001-10-22,131264.16,85298.13
2001-10-23,130906.10,84861.79
2001-10-24,130919.78,84635.82
2001-10-25,132053.97,86155.24
2001-10-26,131656.99,85960.44
2001-10-29,131342.02,83724.16
2001-10-30,130985.51,82719.01
2001-10-31,130992.72,82438.50
2001-11-01,130999.93,84550.11
2001-11-02,131007.18,85126.71
2001-11-05,131028.40,86240.95
2001-11-06,131035.47,87581.16
2001-11-07,131104.81,87464.28
2001-11-08,130697.61,87737.00
2001-11-09,130704.09,87830.51
2001-11-12,130723.43,87292.86
2001-11-13,130729.87,89256.43
2001-11-14,130736.36,89342.14
2001-11-15,130485.18,89505.77
2001-11-16,130209.82,89108.38
2001-11-19,130516.78,90207.04
2001-11-20,129915.38,89451.23
2001-11-21,129922.18,88859.04
2001-11-23,129935.85,90136.91
2001-11-26,129956.25,90331.71
2001-11-27,129963.15,89942.11
2001-11-28,129969.85,88313.60
2001-11-29,129976.40,89505.77
2001-11-30,129982.70,88866.83
2001-12-03,130001.40,88336.98
2001-12-04,130007.63,89833.03
2001-12-05,130013.72,91477.12
2001-12-06,130019.92,91430.37
2001-12-07,130026.05,90822.60
2001-12-10,130043.79,89123.96
2001-12-11,130049.77,88944.75
2001-12-12,129568.58,89046.04
2001-12-13,128716.10,87316.24
2001-12-14,128721.95,88149.97
2001-12-17,128739.94,89061.63
2001-12-18,128745.97,89591.48
2001-12-19,128751.89,90222.62
2001-12-20,128757.75,89334.35
2001-12-21,128763.61,89876.18
2001-12-24,128781.39,89704.17
2001-12-26,128793.31,90196.75
2001-12-27,128799.38,90744.06
2001-12-28,128805.41,90697.15
2001-12-31,128823.31,89367.97
2002-01-02,128835.38,90329.67
2002-01-03,128841.41,91353.92
2002-01-04,128847.41,91963.78
2002-01-07,128865.31,91314.83
2002-01-08,128871.17,91103.72
2002-01-09,128877.00,90360.94
2002-01-10,128882.82,90759.70
2002-01-11,128888.65,89868.37
2002-01-14,128905.07,89305.42
2002-01-15,128910.54,90032.56
2002-01-16,128916.09,88210.79
2002-01-17,128921.67,88875.38
2002-01-18,128927.35,88468.81
2002-01-22,128949.82,87858.95
2002-01-23,128955.68,88531.36
2002-01-24,128961.62,88805.02
2002-01-25,128967.59,88781.56
2002-01-28,128985.51,89023.94
2002-01-29,128991.51,86224.84
2002-01-30,128997.49,87468.02
2002-01-31,129003.56,88492.27
2002-02-01,129009.68,88077.88
2002-02-04,129028.02,85888.63
2002-02-05,129034.17,85356.96
2002-02-06,129040.29,84989.48
2002-02-07,129046.33,84457.81
2002-02-08,129052.35,86076.28
2002-02-11,129070.38,87131.81
2002-02-12,129076.39,86858.15
2002-02-13,129082.47,87780.76
2002-02-14,129088.59,87616.57
2002-02-15,129094.67,86701.78
2002-02-19,129118.86,85036.40
2002-02-20,129124.91,86467.22
2002-02-21,129131.03,84676.74
2002-02-22,129137.15,85724.44
2002-02-25,129155.52,87139.63
2002-02-26,129161.67,86959.80
2002-02-27,129167.83,87296.01
2002-02-28,129173.99,86905.07
2002-03-01,129180.22,88930.12
2002-03-04,129198.69,90501.68
2002-03-05,129204.92,90212.38
2002-03-06,129211.19,91283.55
2002-03-07,129217.38,91088.08
2002-03-08,129316.94,91471.20
2002-03-11,129313.65,91666.67
2002-03-12,128520.95,91611.94
2002-03-13,127936.70,90728.42
2002-03-14,127942.97,90603.32
2002-03-15,127949.35,91466.63
2002-03-18,127968.49,91482.31
2002-03-19,127898.13,92093.92
2002-03-20,128241.70,90361.03
2002-03-21,129314.94,90400.24
2002-03-22,128315.39,90204.21
2002-03-25,128301.43,89082.93
2002-03-26,128065.53,89600.44
2002-03-27,128071.77,89835.68
2002-03-28,128078.02,89796.47
2002-04-01,128102.72,89835.68
2002-04-02,128108.86,89341.69
2002-04-03,128115.08,88714.40
2002-04-04,128121.25,88345.86
2002-04-05,128127.40,88361.55
2002-04-08,128145.61,88549.73
2002-04-09,128151.65,87930.29
2002-04-10,128157.62,88926.11
2002-04-11,128163.52,86714.91
2002-04-12,128169.45,87365.72
2002-04-15,128187.15,86699.23
2002-04-16,128193.05,88761.44
2002-04-17,128199.06,88573.26
2002-04-18,128205.03,88189.04
2002-04-19,128210.97,88510.53
2002-04-22,128228.88,87036.40
2002-04-23,128234.82,86660.02
2002-04-24,128240.79,85789.66
2002-04-25,128246.73,85836.71
2002-04-26,128252.74,84205.75
2002-04-29,128270.87,83790.18
2002-04-30,128276.98,84574.29
2002-05-01,128283.10,85609.32
2002-05-02,128289.21,85279.99
2002-05-03,128295.33,84354.74
2002-05-06,128313.57,82700.26
2002-05-07,128319.65,82410.14
2002-05-08,128325.73,85476.02
2002-05-09,128331.82,84488.04
2002-05-10,128337.93,82896.29
2002-05-13,128356.29,84582.13
2002-05-14,128362.41,86424.79
2002-05-15,128368.56,86087.62
2002-05-16,128374.65,86534.57
2002-05-17,128380.70,86957.99
2002-05-20,128398.95,86017.05
2002-05-21,128405.00,85232.94
2002-05-22,128411.05,85421.13
2002-05-23,128417.07,86330.70
2002-05-24,128423.08,85225.10
2002-05-28,128447.15,84762.47
2002-05-29,128453.24,84135.19
2002-05-30,128459.29,83899.95
2002-05-31,128465.34,84072.46
2002-06-03,128483.40,81837.74
2002-06-04,128489.45,82041.60
2002-06-05,128495.54,82810.04
2002-06-06,128501.60,81124.20
2002-06-07,128507.62,81030.10
2002-06-10,128525.68,81343.75
2002-06-11,128531.74,79948.03
2002-06-12,128537.79,80434.18
2002-06-13,128543.82,79626.55
2002-06-14,128549.77,79508.93
2002-06-17,128567.52,81641.71
2002-06-18,128573.51,82308.21
2002-06-19,128579.50,80387.13
2002-06-20,128585.41,79359.94
2002-06-21,128591.40,78119.07
2002-06-24,128609.26,78528.24
2002-06-25,128615.25,76765.68
2002-06-26,128621.24,76891.58
2002-06-27,128627.13,78237.10
2002-06-28,128633.01,77867.28
2002-07-01,128650.67,76348.65
2002-07-02,128656.59,74727.72
2002-07-03,128662.55,75152.63
2002-07-05,128674.46,78142.68
2002-07-08,128692.34,77166.98
2002-07-09,128698.33,75223.44
2002-07-10,128704.29,72485.19
2002-07-11,128710.25,73075.33
2002-07-12,128716.21,72272.73
2002-07-15,128733.98,72658.29
2002-07-16,128739.91,71257.69
2002-07-17,128745.87,71399.32
2002-07-18,128751.83,69085.97
2002-07-19,128757.79,66654.58
2002-07-22,128775.57,64679.57
2002-07-23,128781.50,62909.14
2002-07-24,128787.39,66662.45
2002-07-25,128793.25,66095.91
2002-07-26,128799.14,67354.88
2002-07-29,128816.71,70636.07
2002-07-30,128822.68,71556.70
2002-07-31,128828.64,71729.80
2002-08-01,128834.57,69857.08
2002-08-02,128840.39,68291.24
2002-08-05,128857.34,65914.93
2002-08-06,128863.02,68133.87
2002-08-07,128868.74,69322.02
2002-08-08,128874.25,71564.56
2002-08-09,128879.86,71832.09
2002-08-12,128896.71,71304.90
2002-08-13,128902.50,70006.59
2002-08-14,128908.15,72563.87
2002-08-15,128913.83,73571.04
2002-08-16,128919.45,73350.73
2002-08-19,128936.30,75066.07
2002-08-20,128942.06,74271.35
2002-08-21,128983.84,75341.47
2002-08-22,128741.90,76073.25
2002-08-23,128129.89,74436.59
2002-08-26,128665.39,74955.91
2002-08-27,128781.89,74090.37
2002-08-28,128787.71,72469.45
2002-08-29,128793.50,72500.92
2002-08-30,128799.32,72217.65
2002-09-03,128822.75,69463.66
2002-09-04,128828.43,70455.10
2002-09-05,128834.08,69857.08
2002-09-06,128839.66,70817.05
2002-09-09,128856.92,71336.38
2002-09-10,128862.78,72154.70
2002-09-11,128868.60,71706.19
2002-09-12,128874.46,70384.28
2002-09-13,128880.33,70557.38
2002-09-16,128897.91,70730.49
2002-09-17,128903.84,69109.57
2002-09-18,128909.74,68417.14
2002-09-19,128915.57,66646.71
2002-09-20,128921.29,66668.84
2002-09-23,128938.46,66123.48
2002-09-24,128944.18,65056.46
2002-09-25,128949.90,66668.84
2002-09-26,128955.66,67759.57
2002-09-27,128961.38,65404.23
2002-09-30,128978.34,64645.46
2002-10-01,128983.78,67751.67
2002-10-02,128989.30,65720.38
2002-10-03,128994.77,65056.46
2002-10-04,129000.22,63862.98
2002-10-07,129016.97,62543.04
2002-10-08,129022.63,63523.12
2002-10-09,129028.21,61728.94
2002-10-10,129033.65,63728.61
2002-10-11,129039.13,66518.67
2002-10-14,129055.57,66890.15
2002-10-15,129061.05,70107.01
2002-10-16,129066.89,68407.69
2002-10-17,129072.65,69767.14
2002-10-18,129078.45,70059.59
2002-10-21,129095.85,71268.87
2002-10-22,129101.79,70755.12
2002-10-23,129107.66,71292.58
2002-10-24,128644.43,69838.28
2002-10-25,128351.97,71292.58
2002-10-28,128368.96,70826.26
2002-10-29,128374.44,70004.26
2002-10-30,128379.65,70683.99
2002-10-31,128384.85,69964.74
2002-11-01,128389.85,71347.91
2002-11-04,128384.71,72027.64
2002-11-05,128091.58,72596.72
2002-11-06,129447.02,73537.27
2002-11-07,128950.60,71735.20
2002-11-08,128285.43,70857.88
2002-11-11,128298.08,69759.24
2002-11-12,128302.30,70312.51
2002-11-13,128306.52,70383.65
2002-11-14,128310.70,71711.49
2002-11-15,128314.92,72241.05
2002-11-18,128327.57,71513.90
2002-11-19,128331.83,71419.05
2002-11-20,128336.01,73007.72
2002-11-21,129001.29,74367.17
2002-11-22,128762.14,73837.62
2002-11-25,128627.29,73885.05
2002-11-26,127833.44,72478.16
2002-11-27,128200.81,74517.35
2002-11-29,128021.66,74280.24
2002-12-02,127208.34,74398.79
2002-12-03,125302.16,73402.91
2002-12-04,125306.31,73070.95
2002-12-05,125310.43,72264.76
2002-12-06,125314.55,72738.99
2002-12-09,125326.81,70739.32
2002-12-10,125330.96,71687.77
2002-12-11,125335.05,71751.01
2002-12-12,125339.13,71743.10
2002-12-13,125343.22,70612.85
2002-12-16,125355.48,72438.64
2002-12-17,125359.64,71806.33
2002-12-18,125363.76,70976.43
2002-12-19,125367.84,70470.59
2002-12-20,125371.93,71476.13
2002-12-23,125384.19,71499.95
2002-12-24,125388.21,70967.80
2002-12-26,125396.25,70999.57
2002-12-27,125400.24,69403.09
2002-12-30,125411.99,69982.91
2002-12-31,125416.11,70078.22
2003-01-02,125424.36,72333.94
2003-01-03,125428.48,72556.33
2003-01-06,125440.85,73835.10
2003-01-07,125444.94,73652.42
2003-01-08,125448.96,72588.10
2003-01-09,125452.98,73715.96
2003-01-10,125457.04,73914.53
2003-01-13,125469.21,73890.70
2003-01-14,126056.89,74128.98
2003-01-15,127063.97,73390.31
2003-01-16,127669.63,73088.49
2003-01-17,127873.78,72008.29
2003-01-21,127545.97,70888.37
2003-01-22,126204.33,70030.56
2003-01-23,126208.30,70459.47
2003-01-24,126212.28,68608.82
2003-01-27,126224.10,67671.59
2003-01-28,126228.08,68171.98
2003-01-29,126232.09,68688.25
2003-01-30,126236.11,67060.00
2003-01-31,126240.12,68354.66
2003-02-03,126252.15,68489.69
2003-02-04,126256.17,67814.55
2003-02-05,126260.11,67393.59
2003-02-06,126264.12,67075.88
2003-02-07,126268.10,66257.79
2003-02-10,126280.03,66726.41
2003-02-11,126284.01,66265.73
2003-02-12,126288.03,65209.36
2003-02-13,126292.04,65407.92
2003-02-14,126296.02,66837.61
2003-02-18,126312.07,68013.12
2003-02-19,126316.12,67655.70
2003-02-20,126320.14,66980.58
2003-02-21,126324.19,67655.70
2003-02-24,126336.33,66559.62
2003-02-25,126340.45,67091.77
2003-02-26,126344.54,66114.82
2003-02-27,126348.66,66988.51
2003-02-28,126352.78,67433.31
2003-03-03,126365.03,66789.95
2003-03-04,126369.12,65725.63
2003-03-05,126373.17,66281.62
2003-03-06,126377.18,65725.63
2003-03-07,126381.20,66178.36
2003-03-10,126392.63,64589.83
2003-03-11,126396.30,63954.41
2003-03-12,126400.04,64383.32
2003-03-13,126403.78,66607.27
2003-03-14,126407.59,66821.72
2003-03-17,126419.12,68926.53
2003-03-18,126423.03,69331.61
2003-03-19,126426.91,69863.77
2003-03-20,126430.86,70014.68
2003-03-21,126434.84,71509.13
2003-03-24,126446.90,69132.68
2003-03-25,126450.88,69794.57
2003-03-26,126454.90,69443.69
2003-03-27,126458.92,69499.51
2003-03-28,126462.87,69148.62
2003-03-31,126474.51,67577.61
2003-04-01,126478.39,68614.32
2003-04-02,126482.20,70273.06
2003-04-03,126486.05,69938.12
2003-04-04,126489.83,70352.80
2003-04-07,126501.16,70217.24
2003-04-08,126505.14,70328.88
2003-04-09,126509.06,69403.81
2003-04-10,126653.33,69786.60
2003-04-11,126972.95,69499.51
2003-04-14,126983.34,70934.95
2003-04-15,126955.27,71596.86
2003-04-16,126618.98,70376.73
2003-04-17,126622.97,71421.41
2003-04-21,126639.07,71493.19
2003-04-22,126643.09,72840.91
2003-04-23,126647.12,73510.79
2003-04-24,126651.11,72856.86
2003-04-25,126655.03,71955.72
2003-04-28,126666.69,73199.77
2003-04-29,126670.57,73454.96
2003-04-30,126674.49,73295.47
2003-05-01,126678.35,73287.49
2003-05-02,126682.10,74332.18
2003-05-05,126693.55,74188.63
2003-05-06,126697.40,74890.41
2003-05-07,126701.15,74475.72
2003-05-08,126704.93,73726.10
2003-05-09,126708.65,74746.87
2003-05-12,126503.69,75663.95
2003-05-13,126324.22,75528.38
2003-05-14,126048.48,75368.89
2003-05-15,125777.15,75847.37
2003-05-16,125864.32,75655.98
2003-05-19,125285.73,73885.60
2003-05-20,124855.46,73734.08
2003-05-21,124858.95,73885.60
2003-05-22,124862.51,74619.27
2003-05-23,124866.13,74770.79
2003-05-27,124880.64,76078.64
2003-05-28,124884.30,76293.95
2003-05-29,124888.06,76094.59
2003-05-30,124891.76,77314.71
2003-06-02,124056.56,77633.70
2003-06-03,123798.73,77952.69
2003-06-04,123802.33,79077.13
2003-06-05,123805.82,79467.89
2003-06-06,123809.28,79156.87
2003-06-09,123819.76,78351.43
2003-06-10,123823.19,79148.90
2003-06-11,123826.41,79986.24
2003-06-12,123829.53,80233.46
2003-06-13,123832.59,79396.11
2003-06-16,123841.13,81070.80
2003-06-17,123844.02,81070.80
2003-06-18,123847.00,80999.03
2003-06-19,123849.96,79762.95
2003-06-20,123852.67,79586.87
2003-06-23,123860.92,78770.51
2003-06-24,123863.73,78850.55
2003-06-25,123866.48,78058.20
2003-06-26,123869.54,79074.65
2003-06-27,123872.56,78162.25
2003-06-30,123881.21,78138.24
2003-07-01,123884.23,78858.55
2003-07-02,123887.18,79850.99
2003-07-03,123890.07,79026.63
2003-07-07,123901.61,80595.31
2003-07-08,123904.66,80955.47
2003-07-09,123907.72,80499.27
2003-07-10,123910.71,79474.83
2003-07-11,123913.66,80227.15
2003-07-14,123416.29,80619.33
2003-07-15,123256.78,80443.25
2003-07-16,123125.33,79971.04
2003-07-17,123128.33,78834.54
2003-07-18,123131.30,79642.90
2003-07-21,123140.31,78658.47
2003-07-22,123143.38,79370.78
2003-07-23,123146.45,79426.80
2003-07-24,123149.52,78826.54
2003-07-25,123152.59,80219.15
2003-07-28,123161.80,79923.02
2003-07-29,123165.00,79554.86
2003-07-30,123168.28,79362.78
2003-07-31,123171.52,79546.85
2003-08-01,123174.69,78842.55
2003-08-04,123184.10,78842.55
2003-08-05,123187.31,77169.81
2003-08-06,123190.48,77618.01
2003-08-07,123193.62,78434.37
2003-08-08,123196.76,78658.47
2003-08-11,123206.28,78954.60
2003-08-12,123209.45,79674.91
2003-08-13,123212.59,79266.73
2003-08-14,123215.76,79482.83
2003-08-15,123218.94,79730.94
2003-08-18,123228.36,80419.24
2003-08-19,123231.53,80723.37
2003-08-20,123234.70,80395.22
2003-08-21,123237.88,80651.34
2003-08-22,123241.08,79850.99
2003-08-25,123250.81,79979.04
2003-08-26,123254.19,80123.11
2003-08-27,123257.53,80147.12
2003-08-28,123260.84,80643.34
2003-08-29,123264.11,81187.58
2003-09-02,123277.08,82276.05
2003-09-03,123625.45,82724.25
2003-09-04,124335.43,82764.27
2003-09-05,124036.03,82300.06
2003-09-08,125417.48,82980.36
2003-09-09,124643.28,82436.12
2003-09-10,123473.86,81603.76
2003-09-11,123477.04,81843.86
2003-09-12,123480.22,81995.93
2003-09-15,123489.76,81707.80
2003-09-16,123492.94,82900.33
2003-09-17,123496.02,82740.25
2003-09-18,123499.17,83716.68
2003-09-19,123502.35,83290.87
2003-09-22,123511.79,82391.04
2003-09-23,123514.97,82704.37
2003-09-24,123518.08,81234.11
2003-09-25,123521.23,80567.26
2003-09-26,123524.34,80302.13
2003-09-29,123533.68,81089.49
2003-09-30,123536.90,80302.13
2003-10-01,123540.05,82013.43
2003-10-02,123543.20,82310.69
2003-10-03,123546.31,83065.91
2003-10-06,123555.65,83443.52
2003-10-07,123558.77,83764.89
2003-10-08,123561.81,83556.00
2003-10-09,123564.83,83780.96
2003-10-10,123567.84,84013.95
2003-10-13,123576.98,84279.08
2003-10-14,123580.03,84576.34
2003-10-15,123082.94,84351.38
2003-10-16,123441.77,84688.83
2003-10-17,122825.73,83764.89
2003-10-20,122834.91,84391.56
2003-10-21,122838.04,84246.94
2003-10-22,122841.11,83186.42
2003-10-23,122844.27,83033.77
2003-10-24,122847.43,83218.56
2003-10-27,122856.82,83258.73
2003-10-28,122860.06,84391.56
2003-10-29,122863.22,84504.04
2003-10-30,122866.38,84680.79
2003-10-31,122869.55,84600.45
2003-11-03,122879.04,85154.81
2003-11-04,122882.21,84970.02
2003-11-05,122885.34,85034.29
2003-11-06,122888.50,85484.21
2003-11-07,122891.67,84849.51
2003-11-10,122901.16,84504.04
2003-11-11,122904.36,84479.94
2003-11-12,122907.56,85427.98
2003-11-13,122910.69,85452.08
2003-11-14,122913.79,84728.99
2003-11-17,122923.18,84303.18
2003-11-18,122926.35,83427.45
2003-11-19,122929.51,84134.46
2003-11-20,122932.65,83379.24
2003-11-21,122935.78,83724.72
2003-11-24,122945.07,84833.44
2003-11-25,122948.24,85154.81
2003-11-26,122951.37,85460.11
2003-11-28,122957.57,85524.38
2003-12-01,122966.77,86448.32
2003-12-02,122969.90,86231.40
2003-12-03,122973.00,86094.82
2003-12-04,122976.10,86448.32
2003-12-05,122979.17,85845.75
2003-12-08,122988.26,86424.22
2003-12-09,122991.33,85757.38
2003-12-10,122994.40,85749.35
2003-12-11,122997.46,86713.45
2003-12-12,123000.43,86882.17
2003-12-15,123009.43,86448.32
2003-12-16,123012.43,86898.24
2003-12-17,123015.42,87171.40
2003-12-18,123018.39,88151.58
2003-12-19,123021.32,87906.18
2003-12-22,123030.02,88519.67
2003-12-23,123033.02,88576.18
2003-12-24,123035.98,88487.38
2003-12-26,123041.92,88551.96
2003-12-29,122778.22,89730.50
2003-12-30,123072.07,89746.64
2003-12-31,122904.30,89827.36
2004-01-02,122811.80,89787.01
2004-01-05,123756.53,90763.74
2004-01-06,124342.26,90852.54
2004-01-07,124555.39,91159.28
2004-01-08,124979.09,91522.52
2004-01-09,124641.31,90723.38
2004-01-12,125021.07,91393.37
2004-01-13,124521.35,90860.60
2004-01-14,124766.79,91619.39
2004-01-15,125012.21,91845.41
2004-01-16,126877.63,92208.66
2004-01-20,127405.81,92184.44
2004-01-21,125480.48,92910.94
2004-01-22,124705.33,92668.78
2004-01-23,123346.95,92370.11
2004-01-26,122751.81,93532.50
2004-01-27,122754.81,92571.91
2004-01-28,122757.80,91514.46
2004-01-29,122760.89,91603.25
2004-01-30,122763.99,91603.25
2004-02-02,122773.07,91998.79
2004-02-03,122776.20,91845.41
2004-02-04,122779.29,91094.70
2004-02-05,122782.39,91361.08
2004-02-06,122785.48,92386.25
2004-02-09,122794.66,92410.47
2004-02-10,122797.79,92709.14
2004-02-11,122800.92,93693.95
2004-02-12,122803.98,93354.91
2004-02-13,122807.04,92935.16
2004-02-17,122819.16,93774.67
2004-02-18,122822.29,93362.99
2004-02-19,122825.38,93015.88
2004-02-20,122828.48,92733.35
2004-02-23,122837.77,92499.26
2004-02-24,122840.96,92337.82
2004-02-25,122844.16,92725.28
2004-02-26,122847.32,92781.79
2004-02-27,122850.49,92846.36
2004-03-01,122859.98,93766.60
2004-03-02,122863.18,93217.69
2004-03-03,122866.37,93387.20
2004-03-04,122869.57,93629.37
2004-03-05,122872.74,93944.18
2004-03-08,122882.13,92797.93
2004-03-09,122885.33,92426.61
2004-03-10,122888.49,90876.75
2004-03-11,122891.66,89698.21
2004-03-12,122894.86,90876.75
2004-03-15,122904.35,89762.79
2004-03-16,122907.55,90239.05
2004-03-17,122910.71,91248.07
2004-03-18,122913.81,91272.29
2004-03-19,122916.91,89964.06
2004-03-22,122926.21,88821.89
2004-03-23,122929.37,88667.98
2004-03-24,122932.50,88740.89
2004-03-25,122935.60,89915.46
2004-03-26,122938.70,89939.76
2004-03-29,122948.10,91203.43
2004-03-30,122951.30,91511.25
2004-03-31,122954.46,91616.56
2004-04-01,122957.60,92167.39
2004-04-02,122960.70,92864.03
2004-04-05,122970.10,93374.36
2004-04-06,122973.23,93074.65
2004-04-07,122976.33,92855.93
2004-04-08,122979.46,92645.32
2004-04-12,122991.86,93009.84
2004-04-13,122994.99,91705.66
2004-04-14,122998.13,91851.47
2004-04-15,123001.30,91503.15
2004-04-16,123004.43,92207.90
2004-04-19,123013.73,92207.90
2004-04-20,123016.93,90660.70
2004-04-21,123020.17,91268.24
2004-04-22,123023.47,92548.12
2004-04-23,123026.67,92637.22
2004-04-26,123036.38,92507.61
2004-04-27,123039.68,92588.62
2004-04-28,123042.95,91389.74
2004-04-29,123046.19,90587.80
2004-04-30,123049.39,89883.05
2004-05-03,123059.10,90847.01
2004-05-04,123062.44,90774.11
2004-05-05,123065.78,91357.34
2004-05-06,123069.05,90571.59
2004-05-07,123072.35,89073.00
2004-05-10,123082.97,88157.65
2004-05-11,123086.58,88902.89
2004-05-12,123090.09,89469.93
2004-05-13,123093.53,89097.30
2004-05-14,123096.83,89137.81
2004-05-17,123106.65,88376.36
2004-05-18,123110.19,88821.89
2004-05-19,123113.70,88514.07
2004-05-20,123117.14,88797.59
2004-05-21,123120.54,88951.49
2004-05-24,123130.76,89324.12
2004-05-25,123134.34,90604.00
2004-05-26,123137.92,90919.91
2004-05-27,123141.49,91430.25
2004-05-28,123145.00,91422.15
2004-06-01,123159.31,91300.64
2004-06-02,123163.19,91640.86
2004-06-03,123167.07,90798.41
2004-06-04,123170.95,91519.36
2004-06-07,123182.89,92912.63
2004-06-08,123187.04,93042.25
2004-06-09,123191.26,92175.49
2004-06-10,123195.48,92629.12
2004-06-14,123212.63,91713.77
2004-06-15,124623.62,92361.80
2004-06-16,124687.63,92345.60
2004-06-17,124204.35,92207.90
2004-06-18,125484.93,92381.88
2004-06-21,125140.05,92032.28
2004-06-22,125468.25,92495.70
2004-06-23,126472.24,93292.44
2004-06-24,126327.21,92999.76
2004-06-25,126303.81,92552.61
2004-06-28,128774.92,92235.53
2004-06-29,129806.12,92617.65
2004-06-30,129607.28,93113.58
2004-07-01,129273.14,91820.91
2004-07-02,128857.58,91772.12
2004-07-06,128831.67,90967.25
2004-07-07,129200.43,91235.54
2004-07-08,129095.99,90601.40
2004-07-09,129302.34,90837.17
2004-07-12,128826.55,90877.82
2004-07-13,129979.28,90942.86
2004-07-14,129766.82,90666.43
2004-07-15,129662.49,90081.07
2004-07-16,129260.80,90007.90
2004-07-19,130123.77,89625.79
2004-07-20,131168.40,90764.00
2004-07-21,129523.22,89089.20
2004-07-22,129540.58,89333.10
2004-07-23,129936.43,88585.14
2004-07-26,129366.89,88414.41
2004-07-27,129617.72,89243.67
2004-07-28,129622.83,89511.97
2004-07-29,129627.91,89894.08
2004-07-30,129632.95,90113.59
2004-08-02,129648.08,90300.58
2004-08-03,129653.34,89601.40
2004-08-04,129658.53,89593.26
2004-08-05,129663.71,88129.86
2004-08-06,129668.86,86869.70
2004-08-09,129683.89,86991.65
2004-08-10,129689.18,88113.59
2004-08-11,129694.44,87934.74
2004-08-12,129699.49,86975.39
2004-08-13,129704.50,87146.12
2004-08-16,129719.53,88048.56
2004-08-17,129724.76,88544.49
2004-08-18,129729.94,89455.05
2004-08-19,129735.13,89194.89
2004-08-20,129740.29,89820.91
2004-08-23,129755.86,89593.26
2004-08-24,129761.26,89715.22
2004-08-25,129766.66,90324.97
2004-08-26,129772.07,90324.97
2004-08-27,129777.47,90609.52
2004-08-30,129793.79,89861.56
2004-08-31,129799.45,90333.10
2004-09-01,129805.03,90503.83
2004-09-02,129810.54,91528.22
2004-09-03,129816.12,91154.24
2004-09-07,129839.17,91755.86
2004-09-08,129845.01,91528.22
2004-09-09,129850.77,91446.92
2004-09-10,129856.50,91918.46
2004-09-13,129873.89,92219.28
2004-09-14,129879.73,92406.27
2004-09-15,129885.53,91707.09
2004-09-16,129891.36,91983.50
2004-09-17,129897.20,92374.56
2004-09-20,129915.14,91819.41
2004-09-21,129921.19,92219.44
2004-09-22,129927.20,91068.33
2004-09-23,129933.18,90578.49
2004-09-24,129939.20,90994.86
2004-09-27,129957.36,90415.22
2004-09-28,129963.48,90847.90
2004-09-29,129969.50,91305.08
2004-09-30,129975.52,91239.77
2004-10-01,129981.50,92782.75
2004-10-04,129999.34,92937.86
2004-10-05,130005.36,92986.85
2004-10-06,130011.34,93623.63
2004-10-07,130017.33,92619.47
2004-10-08,130023.27,91852.07
2004-10-11,130041.12,92227.61
2004-10-12,130047.07,91868.39
2004-10-13,130053.09,91060.17
2004-10-14,130059.11,90325.42
2004-10-15,130065.21,90831.58
2004-10-18,130083.59,91174.46
2004-10-19,130089.94,90407.05
2004-10-20,130096.32,90227.45
2004-10-21,131921.65,90815.25
2004-10-22,131168.39,89794.76
2004-10-25,132159.40,89688.63
2004-10-26,132164.83,91060.17
2004-10-27,132667.54,92154.13
2004-10-28,132384.49,92431.70
2004-10-29,132607.09,92415.37
2004-11-01,132119.04,92668.46
2004-11-02,131113.85,92701.11
2004-11-03,130822.63,93868.55
2004-11-04,130829.52,95150.28
2004-11-05,130836.47,95746.25
2004-11-08,130857.87,95607.46
2004-11-09,130865.18,95419.69
2004-11-10,130872.50,95493.17
2004-11-11,130879.81,96219.75
2004-11-12,130887.13,96979.00
2004-11-15,130909.07,97217.27
2004-11-16,130916.57,96521.28
2004-11-17,130924.10,97094.45
2004-11-18,130931.60,97225.46
2004-11-19,130939.10,96144.63
2004-11-22,130961.70,96603.17
2004-11-23,130969.45,96750.55
2004-11-24,130977.16,96979.82
2004-11-26,130992.52,96906.12
2004-11-29,131015.77,96463.96
2004-11-30,131023.67,96529.47
2004-12-01,131031.53,97626.68
2004-12-02,131039.36,97708.56
2004-12-03,131047.19,97643.05
2004-12-06,131070.56,97610.30
2004-12-07,131078.53,96701.42
2004-12-08,131086.47,97266.40
2004-12-09,131094.37,97610.30
2004-12-10,131102.27,97708.56
2004-12-13,131126.08,98560.12
2004-12-14,131134.02,98904.02
2004-12-15,131141.85,98977.71
2004-12-16,131149.65,98920.39
2004-12-17,131157.41,98260.61
2004-12-20,131180.70,98285.29
2004-12-21,131188.57,99042.15
2004-12-22,131196.37,99280.73
2004-12-23,131204.10,99354.77
2004-12-27,131235.01,99149.10
2004-12-28,131243.06,99692.07
2004-12-29,131251.05,99840.15
2004-12-30,131258.92,99650.93
2004-12-31,131266.76,99437.04
2005-01-03,131290.28,98968.11
2005-01-04,131298.52,97758.78
2005-01-05,131306.79,97084.18
2005-01-06,131315.03,97577.79
2005-01-07,131323.20,97437.93
2005-01-10,131347.81,97898.63
2005-01-11,131356.19,97224.03
2005-01-12,131364.50,97544.88
2005-01-13,131372.78,96763.34
2005-01-14,131381.10,97273.39
2005-01-18,131414.50,98285.29
2005-01-19,131423.00,97256.94
2005-01-20,131431.39,96664.61
2005-01-21,131439.70,96072.28
2005-01-24,131464.66,95883.07
2005-01-25,131473.09,96154.55
2005-01-26,131481.59,96442.49
2005-01-27,131490.13,96607.03
2005-01-28,131498.77,96607.03
2005-01-31,131524.82,97207.58
2005-02-01,131533.76,97824.59
2005-02-02,131542.66,98120.75
2005-02-03,131551.56,97865.72
2005-02-04,131560.35,98910.52
2005-02-07,131586.63,98778.89
2005-02-08,131595.57,98894.07
2005-02-09,131604.51,98153.66
2005-02-10,131613.42,98507.41
2005-02-11,131622.32,99354.77
2005-02-14,131649.37,99280.73
2005-02-15,131658.57,99650.93
2005-02-16,131667.76,99716.75
2005-02-17,131676.89,98910.52
2005-02-18,131686.02,99042.15
2005-02-22,131722.96,97569.56
2005-02-23,131732.45,98268.83
2005-02-24,131741.94,98918.75
2005-02-25,131751.47,99897.74
2005-02-28,131780.60,99239.59
2005-03-01,131790.42,99733.20
2005-03-02,131800.17,99683.84
2005-03-03,131809.85,99724.97
2005-03-04,131819.60,100967.22
2005-03-07,131848.85,101016.58
2005-03-08,131858.64,100638.15
2005-03-09,130841.68,99519.30
2005-03-10,130679.67,99741.42
2005-03-11,130689.30,99042.15
2005-03-14,130718.31,99659.16
2005-03-15,130728.16,98836.48
2005-03-16,130738.01,97997.35
2005-03-17,130747.82,98194.79
2005-03-18,130757.60,97903.25
2005-03-21,130787.15,97539.85
2005-03-22,130797.19,96548.76
2005-03-23,130807.33,96631.35
2005-03-24,130817.25,96746.97
2005-03-28,130857.11,96887.38
2005-03-29,130867.11,96243.17
2005-03-30,130877.08,97605.92
2005-03-31,130887.01,97424.22
2005-04-01,130896.80,96986.49
2005-04-04,130926.28,97151.67
2005-04-05,130936.14,97614.18
2005-04-06,130945.97,97952.80
2005-04-07,130955.70,98481.38
2005-04-08,130965.42,97457.26
2005-04-11,130994.81,97531.58
2005-04-12,131004.53,98035.39
2005-04-13,131014.26,96879.12
2005-04-14,131024.02,95615.48
2005-04-15,131033.78,94277.51
2005-04-18,131063.19,94566.57
2005-04-19,131073.42,95318.15
2005-04-20,131083.65,93988.44
2005-04-21,131093.75,95813.70
2005-04-22,131103.87,95450.30
2005-04-25,131134.80,96077.99
2005-04-26,131145.15,95144.71
2005-04-27,131155.42,95516.37
2005-04-28,131165.59,94318.80
2005-04-29,131175.73,95598.96
2005-05-02,131206.35,96135.80
2005-05-03,131216.70,96300.98
2005-05-04,131226.95,97044.30
2005-05-05,131237.05,97011.26
2005-05-06,131246.94,96705.68
2005-05-09,131277.14,97308.59
2005-05-10,131287.43,96300.98
2005-05-11,131297.64,96829.56
2005-05-12,131307.75,95764.14
2005-05-13,131317.89,95574.18
2005-05-16,131347.68,96466.17
2005-05-17,131357.90,97110.38
2005-05-18,131368.05,98109.72
2005-05-19,131378.13,98522.68
2005-05-20,131388.24,98382.28
2005-05-23,131418.81,98927.37
2005-05-24,131429.28,98696.12
2005-05-25,131439.65,98621.79
2005-05-26,131450.06,99150.37
2005-05-27,131460.43,99315.55
2005-05-31,131502.21,98679.60
2005-06-01,131512.77,99522.03
2005-06-02,131523.25,99736.77
2005-06-03,131533.74,99232.96
2005-06-06,131565.52,99142.11
2005-06-07,131576.19,99216.44
2005-06-08,131586.86,99034.75
2005-06-09,131597.53,99505.51
2005-06-10,131608.10,99274.25
2005-06-13,131639.90,99588.10
2005-06-14,131650.61,99819.36
2005-06-15,131661.25,100009.31
2005-06-16,131671.86,100265.35
2005-06-17,131682.36,100636.85
2005-06-20,131713.96,100670.02
2005-06-21,131724.64,100728.06
2005-06-22,131735.32,100810.99
2005-06-23,131746.04,99392.98
2005-06-24,131756.87,98663.25
2005-06-27,131789.57,98804.22
2005-06-28,131800.73,99633.47
2005-06-29,131811.85,99368.11
2005-06-30,131822.90,98829.10
2005-07-01,131833.96,99119.33
2005-07-05,131878.74,99915.40
2005-07-06,131890.12,99077.87
2005-07-07,131901.40,99467.61
2005-07-08,131912.53,100603.68
2005-07-11,131946.14,101117.81
2005-07-12,131957.45,101383.17
2005-07-13,131968.81,101524.14
2005-07-14,131980.20,101922.18
2005-07-15,131991.62,101864.12
2005-07-18,132026.12,101457.80
2005-07-19,132037.80,102013.39
2005-07-20,132049.52,102361.67
2005-07-21,132061.21,101764.62
2005-07-22,132073.04,102444.60
2005-07-25,132108.86,102154.36
2005-07-26,132121.06,102278.74
2005-07-27,132133.22,102651.91
2005-07-28,132145.28,103298.71
2005-07-29,132157.33,102610.44
2005-08-01,132193.61,102535.81
2005-08-02,132205.96,103149.45
2005-08-03,132218.32,103423.10
2005-08-04,132230.56,102593.86
2005-08-05,132242.84,101897.29
2005-08-08,132280.23,101706.57
2005-08-09,132292.81,102320.21
2005-08-10,132305.27,102270.46
2005-08-11,132317.71,102676.78
2005-08-12,132330.14,102046.56
2005-08-15,132367.56,102676.78
2005-08-16,132380.14,101341.70
2005-08-17,132392.69,101333.41
2005-08-18,132405.17,101325.12
2005-08-19,132417.57,101557.31
2005-08-22,132455.01,101557.31
2005-08-23,132467.57,101366.58
2005-08-24,132480.13,100462.71
2005-08-25,132492.65,100827.57
2005-08-26,132505.21,100139.30
2005-08-29,132543.00,100910.50
2005-08-30,132555.60,100379.78
2005-08-31,132568.17,101648.52
2005-09-01,132580.66,101573.89
2005-09-02,132593.01,101391.45
2005-09-06,132642.12,102577.27
2005-09-07,132654.66,102751.42
2005-09-08,132667.05,102411.43
2005-09-09,132679.41,103323.59
2005-09-12,132716.60,103116.28
2005-09-13,132729.11,102544.11
2005-09-14,132741.47,102170.94
2005-09-15,132753.65,102121.19
2005-09-16,132765.91,102847.37
2005-09-19,132803.23,102505.93
2005-09-20,132816.00,101639.85
2005-09-21,132828.88,100690.49
2005-09-22,132841.04,101048.58
2005-09-23,132853.38,101131.86
2005-09-26,132890.50,101248.45
2005-09-27,132903.10,101223.46
2005-09-28,132915.55,101323.39
2005-09-29,132927.90,102147.84
2005-09-30,132940.50,102464.29
2005-10-03,132978.41,102097.87
2005-10-04,132991.31,100948.65
2005-10-05,133004.24,99624.54
2005-10-06,133017.00,99266.45
2005-10-07,133029.83,99607.88
2005-10-10,133068.53,98766.78
2005-10-11,133081.44,98625.21
2005-10-12,133094.75,97850.73
2005-10-13,133107.95,97792.44
2005-10-14,133121.29,98825.08
2005-10-17,133161.67,99191.50
2005-10-18,133175.46,98117.22
2005-10-19,133189.21,99749.45
2005-10-20,133202.97,97992.30
2005-10-21,133216.69,98375.38
2005-10-24,133257.97,99899.35
2005-10-25,133271.99,99699.49
2005-10-26,133286.01,99408.02
2005-10-27,133299.92,98350.40
2005-10-28,133313.77,99766.11
2005-10-31,133355.73,100040.92
2005-11-01,133369.94,100340.72
2005-11-02,133384.09,101390.02
2005-11-03,133398.15,101823.06
2005-11-04,133412.23,101689.82
2005-11-07,133454.77,101789.75
2005-11-08,133468.92,101789.75
2005-11-09,133483.07,101922.99
2005-11-10,133497.33,102714.12
2005-11-11,133511.53,103063.89
2005-11-14,133554.10,103005.60
2005-11-15,133568.48,102630.85
2005-11-16,133582.83,102839.04
2005-11-17,133597.14,103796.73
2005-11-18,133611.49,104204.78
2005-11-21,133654.42,104729.44
2005-11-22,133668.74,105179.13
2005-11-23,133682.80,105787.05
2005-11-25,133711.08,105870.33
2005-11-28,133753.50,105120.84
2005-11-29,133767.76,105004.25
2005-11-30,133782.01,104437.97
2005-12-01,133796.16,105503.91
2005-12-02,133810.38,105637.15
2005-12-05,133853.28,105412.31
2005-12-06,133867.76,105612.17
2005-12-07,133882.25,104995.92
2005-12-08,133896.70,104929.30
2005-12-09,133910.82,105204.11
2005-12-12,133953.20,105304.04
2005-12-13,133967.25,106020.23
2005-12-14,133981.31,106436.61
2005-12-15,133995.30,106128.49
2005-12-16,134009.39,105786.92
2005-12-19,134051.69,105242.75
2005-12-20,134065.98,105343.21
2005-12-21,134080.23,105510.65
2005-12-22,134094.55,106063.19
2005-12-23,134108.84,106121.79
2005-12-27,134166.16,105041.82
2005-12-28,134180.50,105276.23
2005-12-29,134194.72,104807.41
2005-12-30,134209.14,104238.12
2006-01-03,134267.82,106071.56
2006-01-04,134282.79,106573.88
2006-01-05,134297.84,106640.85
2006-01-06,134312.93,107528.27
2006-01-09,134358.41,107804.54
2006-01-10,134373.65,107913.37
2006-01-11,134389.07,108256.62
2006-01-12,134404.54,107829.66
2006-01-13,134420.08,107729.19
2006-01-17,134482.39,107436.18
2006-01-18,134498.16,107009.21
2006-01-19,134513.82,107419.43
2006-01-20,134529.48,105460.42
2006-01-23,134576.47,105837.15
2006-01-24,134592.25,105945.99
2006-01-25,134608.11,106038.08
2006-01-26,134624.04,106624.11
2006-01-27,134640.05,107611.98
2006-01-30,134688.08,107528.27
2006-01-31,134704.24,106741.31
2006-02-01,134720.37,107486.41
2006-02-02,134736.50,106239.00
2006-02-03,134752.63,105711.57
2006-02-06,134801.03,105987.84
2006-02-07,134817.20,105050.20
2006-02-08,134833.42,106004.59
2006-02-09,134849.67,105828.78
2006-02-10,134865.97,106021.33
2006-02-13,134914.96,105828.78
2006-02-14,134931.41,106950.61
2006-02-15,134947.86,107327.34
2006-02-16,134964.28,108131.04
2006-02-17,134980.69,107838.02
2006-02-21,135046.22,107570.13
2006-02-22,135062.73,108223.14
2006-02-23,135079.23,108064.07
2006-02-24,135095.81,108340.34
2006-02-27,135145.66,108382.20
2006-02-28,135162.36,107352.45
2006-03-01,135179.06,108306.85
2006-03-02,135195.69,108298.48
2006-03-03,135212.36,107796.16
2006-03-06,135262.37,107302.22
2006-03-07,135279.01,107134.79
2006-03-08,135295.65,107360.83
2006-03-09,135312.22,106640.85
2006-03-10,135328.83,107653.84
2006-03-13,135378.88,107854.77
2006-03-14,135395.57,108984.97
2006-03-15,135412.19,109470.54
2006-03-16,135428.92,109696.58
2006-03-17,135445.62,109788.19
2006-03-20,135495.94,109611.69
2006-03-21,135512.83,108922.46
2006-03-22,135529.80,109586.48
2006-03-23,135546.77,109359.53
2006-03-24,135563.66,109443.59
2006-03-27,135614.25,109283.89
2006-03-28,135631.00,108611.48
2006-03-29,135647.84,109292.29
2006-03-30,135664.60,109098.98
2006-03-31,135681.32,109124.19
2006-04-03,135731.73,109040.13
2006-04-04,135748.65,109737.76
2006-04-05,135765.61,110115.99
2006-04-06,135782.53,109998.32
2006-04-07,135799.50,108880.43
2006-04-10,135850.51,109048.55
2006-04-11,135867.55,108123.97
2006-04-12,135884.60,108325.70
2006-04-13,135901.65,108182.82
2006-04-17,135969.86,108140.79
2006-04-18,135987.04,109855.44
2006-04-19,136004.21,110065.56
2006-04-20,136021.39,110216.86
2006-04-21,136038.57,110233.67
2006-04-24,136090.34,110031.95
2006-04-25,136107.64,109578.06
2006-04-26,136125.05,109603.28
2006-04-27,136142.47,110132.81
2006-04-28,136159.85,110502.64
2006-05-01,136211.89,109603.28
2006-05-02,136229.43,110426.99
2006-05-03,136246.93,110015.14
2006-05-04,136264.48,110410.18
2006-05-05,136281.95,111385.18
2006-05-08,136334.60,111250.70
2006-05-09,136352.34,111469.22
2006-05-10,136370.12,111410.40
2006-05-11,136387.90,110065.56
2006-05-12,136405.47,108628.29
2006-05-15,136458.38,108846.82
2006-05-16,136476.11,108687.12
2006-05-17,136493.72,106619.45
2006-05-18,136511.33,106081.52
2006-05-19,136528.95,106829.58
2006-05-22,136581.69,106014.28
2006-05-23,136599.31,105207.38
2006-05-24,136616.98,106047.90
2006-05-25,136634.57,107359.11
2006-05-26,136652.16,107905.45
2006-05-30,136722.85,105989.06
2006-05-31,136740.53,107174.19
2006-06-01,136758.28,108199.62
2006-06-02,136775.93,108426.56
2006-06-05,136828.66,106846.39
2006-06-06,136846.39,106585.83
2006-06-07,136864.16,105787.34
2006-06-08,136881.93,105694.88
2006-06-09,136899.71,105358.68
2006-06-12,136953.16,104215.57
2006-06-13,136971.20,103005.24
2006-06-14,136989.10,103803.72
2006-06-15,137007.01,106005.88
2006-06-16,137024.72,105233.40
2006-06-19,137078.22,104406.06
2006-06-20,137096.28,104760.63
2006-06-21,137114.31,105537.33
2006-06-22,137132.31,105073.00
2006-06-23,137150.30,105056.12
2006-06-26,137204.86,105520.44
2006-06-27,137223.32,104608.68
2006-06-28,137241.82,105317.83
2006-06-29,137260.16,107445.29
2006-06-30,137278.52,107453.73
2006-07-03,137333.46,107892.73
2006-07-05,137370.79,107276.44
2006-07-06,137389.16,107588.81
2006-07-07,137407.49,106888.10
2006-07-10,137462.71,107090.71
2006-07-11,137481.28,107563.48
2006-07-12,137499.81,106415.33
2006-07-13,137518.38,104684.65
2006-07-14,137536.92,104279.42
2006-07-17,137592.65,104127.46
2006-07-18,137611.42,104659.33
2006-07-19,137630.28,106111.41
2006-07-20,137649.05,105385.37
2006-07-21,137667.72,104642.44
2006-07-24,137723.84,106550.40
2006-07-25,137742.60,106930.31
2006-07-26,137761.47,107073.83
2006-07-27,137780.26,106972.52
2006-07-28,137799.02,108044.70
2006-07-31,137854.97,107934.94
2006-08-01,137873.74,107403.08
2006-08-02,137892.59,108129.12
2006-08-03,137911.37,108416.15
2006-08-04,137930.19,108230.42
2006-08-07,137986.42,107977.16
2006-08-08,138005.28,107563.48
2006-08-09,138024.07,107200.46
2006-08-10,138042.75,107529.71
2006-08-11,138061.36,107225.79
2006-08-14,138117.42,107310.21
2006-08-15,138136.30,108593.45
2006-08-16,138155.11,109496.77
2006-08-17,138173.81,109775.37
2006-08-18,138192.58,110332.56
2006-08-21,138249.03,109859.79
2006-08-22,138267.90,109851.34
2006-08-23,138286.72,109547.42
2006-08-24,138305.51,109454.55
2006-08-25,138324.31,109589.63
2006-08-28,138380.93,110113.05
2006-08-29,138399.77,110239.70
2006-08-30,138418.50,110307.24
2006-08-31,138437.16,110290.35
2006-09-01,138455.82,110948.85
2006-09-05,138530.02,111159.90
2006-09-06,138548.50,110180.59
2006-09-07,138566.87,109674.06
2006-09-08,138585.25,109986.42
2006-09-11,138639.92,110096.18
2006-09-12,138658.19,111176.79
2006-09-13,138676.35,111624.23
2006-09-14,138694.55,111632.67
2006-09-15,138712.86,111894.70
2006-09-18,138767.93,112047.32
2006-09-19,138786.26,111767.50
2006-09-20,138804.58,112361.05
2006-09-21,138822.87,111818.37
2006-09-22,138841.09,111479.20
2006-09-25,138895.87,112335.62
2006-09-26,138913.98,113268.36
2006-09-27,138932.10,113404.03
2006-09-28,138950.22,113361.63
2006-09-29,138968.30,113268.36
2006-10-02,139022.78,112844.39
2006-10-03,139040.91,113081.81
2006-10-04,139059.12,114404.60
2006-10-05,139077.41,114625.06
2006-10-06,139095.74,114480.91
2006-10-09,139150.84,114548.75
2006-10-10,139169.22,114701.39
2006-10-11,139187.78,114565.71
2006-10-12,139206.43,115557.81
2006-10-13,139225.23,115854.59
2006-10-16,139281.53,116032.65
2006-10-17,139300.46,115668.04
2006-10-18,139319.39,115820.67
2006-10-19,139338.32,116007.22
2006-10-20,139357.30,116032.65
2006-10-23,139414.11,116566.86
2006-10-24,139433.17,116914.52
2006-10-25,139452.27,117313.06
2006-10-26,139471.33,117677.67
2006-10-27,139490.40,116939.96
2006-10-30,139547.50,116855.16
2006-10-31,139566.50,116838.20
2006-11-01,139585.43,116049.62
2006-11-02,139604.32,115981.78
2006-11-03,139623.21,115778.27
2006-11-06,139680.13,117084.11
2006-11-07,139699.11,117533.52
2006-11-08,139718.06,117787.90
2006-11-09,139737.08,117168.90
2006-11-10,139756.07,117219.78
2006-11-13,139813.16,117508.08
2006-11-14,139832.16,118389.94
2006-11-15,139851.16,118729.12
2006-11-16,139870.17,119034.38
2006-11-17,139889.17,119068.29
2006-11-20,139946.20,119136.13
2006-11-21,140861.38,119254.84
2006-11-22,140432.38,119492.27
2006-11-24,140244.48,119008.94
2006-11-27,139540.96,117372.41
2006-11-28,139543.45,117881.18
2006-11-29,139562.22,119110.69
2006-11-30,139581.00,119161.57
2006-12-01,139599.74,118898.71
2006-12-04,139655.96,119806.00
2006-12-05,139674.63,120323.25
2006-12-06,139693.23,120221.50
2006-12-07,139711.83,119695.78
2006-12-08,139730.39,119916.24
2006-12-11,139785.98,120263.90
2006-12-12,139804.40,120170.62
2006-12-13,139822.82,120297.81
2006-12-14,139841.29,121357.74
2006-12-15,139859.79,121368.83
2006-12-18,139914.85,121036.29
2006-12-19,139933.41,121266.51
2006-12-20,139951.96,121198.30
2006-12-21,139970.52,120754.90
2006-12-22,139989.08,120013.09
2006-12-26,140063.64,120720.80
2006-12-27,140082.33,121513.78
2006-12-28,140100.94,121257.99
2006-12-29,140119.63,120754.90
2007-01-03,140213.50,120541.74
2007-01-04,140232.40,120797.54
2007-01-05,140251.26,119834.02
2007-01-08,140307.97,120388.26
2007-01-09,140327.00,120285.95
2007-01-10,140346.03,120686.69
2007-01-11,140365.11,121215.35
2007-01-12,140384.26,122136.24
2007-01-16,140460.56,121897.49
2007-01-17,140479.73,121948.65
2007-01-18,140498.93,121539.36
2007-01-19,140518.14,121778.12
2007-01-22,140576.00,121402.94
2007-01-23,140595.26,121761.06
2007-01-24,140614.56,122741.62
2007-01-25,140633.82,121300.61
2007-01-26,140653.12,121189.77
2007-01-29,140710.93,121121.56
2007-01-30,140730.24,121752.52
2007-01-31,140749.52,122571.09
2007-02-01,140768.76,123304.39
2007-02-02,140788.05,123474.92
2007-02-05,140846.02,123509.03
2007-02-06,140865.39,123543.13
2007-02-07,140884.73,123815.99
2007-02-08,140904.10,123653.98
2007-02-09,140923.52,122733.10
2007-02-12,140981.67,122315.29
2007-02-13,141001.13,123347.02
2007-02-14,141020.56,124157.06
2007-02-15,141039.96,124319.06
2007-02-16,141059.39,124259.37
2007-02-20,141137.31,124523.70
2007-02-21,141156.83,124472.54
2007-02-22,141176.32,124378.74
2007-02-23,141195.86,123892.73
2007-02-26,141254.46,123781.88
2007-02-27,141274.01,118947.25
2007-02-28,141293.32,120166.56
2007-03-01,141312.71,119808.44
2007-03-02,141332.07,118239.53
2007-03-05,141389.92,117114.02
2007-03-06,141409.17,119117.78
2007-03-07,141428.51,118998.41
2007-03-08,141447.76,120004.56
2007-03-09,141466.95,120038.67
2007-03-12,141524.62,120217.73
2007-03-13,141543.85,117881.42
2007-03-14,141563.01,118759.66
2007-03-15,141582.09,118921.67
2007-03-16,141601.13,118588.67
2007-03-19,141658.16,120018.27
2007-03-20,141677.30,120677.43
2007-03-21,141696.39,122663.46
2007-03-22,141715.46,122569.30
2007-03-23,141734.56,122749.07
2007-03-26,141792.11,122586.42
2007-03-27,141811.26,122295.37
2007-03-28,141830.41,121405.08
2007-03-29,141849.53,121533.48
2007-03-30,141868.61,121559.16
2007-04-02,141925.75,121696.13
2007-04-03,141944.84,123005.89
2007-04-04,141963.93,123142.86
2007-04-05,141983.07,123476.72
2007-04-09,142059.31,123647.93
2007-04-10,142078.34,123793.45
2007-04-11,142097.38,123288.39
2007-04-12,142116.46,123836.26
2007-04-13,142135.50,124401.26
2007-04-16,142192.51,125582.60
2007-04-17,142211.52,125916.46
2007-04-18,142230.49,126070.55
2007-04-19,142249.43,126036.30
2007-04-20,142268.33,127226.21
2007-04-23,142325.04,126746.83
2007-04-24,142343.95,126798.19
2007-04-25,142362.83,127962.42
2007-04-26,142381.67,128107.94
2007-04-27,142400.47,128005.22
2007-04-30,142456.77,126943.71
2007-05-01,142475.46,127269.02
2007-05-02,142494.04,128013.78
2007-05-03,142512.66,128707.19
2007-05-04,142531.25,129195.13
2007-05-07,142587.01,129220.81
2007-05-08,142605.65,129049.60
2007-05-09,142624.24,129400.59
2007-05-10,142642.77,128048.03
2007-05-11,142661.25,129143.77
2007-05-14,142716.71,128861.27
2007-05-15,142735.21,128895.52
2007-05-16,142753.59,129777.25
2007-05-17,142771.66,129520.43
2007-05-18,142789.96,130650.41
2007-05-21,142845.12,130581.93
2007-05-22,142863.75,130479.21
2007-05-23,142882.50,130496.33
2007-05-24,142901.17,129314.98
2007-05-25,142919.85,129854.29
2007-05-29,142994.24,130325.12
2007-05-30,143012.89,131386.62
2007-05-31,143031.35,131249.66
2007-06-01,143049.37,131900.25
2007-06-04,143104.16,131917.38
2007-06-05,143122.51,131395.19
2007-06-06,143140.94,129982.70
2007-06-07,143159.25,127637.13
2007-06-08,143177.57,129297.85
2007-06-11,143232.17,129520.43
2007-06-12,143250.23,128107.94
2007-06-13,143268.24,130025.50
2007-06-14,143286.02,130855.87
2007-06-15,143303.76,131600.41
2007-06-18,143355.94,131445.65
2007-06-19,143373.66,131772.36
2007-06-20,143391.41,129941.11
2007-06-21,143409.52,130663.28
2007-06-22,143427.48,129433.86
2007-06-25,143481.59,128814.85
2007-06-26,143500.02,127490.84
2007-06-27,143518.46,129304.89
2007-06-28,143536.71,129287.71
2007-06-29,143554.95,129330.68
2007-07-02,143610.17,130499.93
2007-07-03,143629.10,130972.79
2007-07-05,143666.95,130835.23
2007-07-06,143685.89,131523.02
2007-07-09,143742.69,131626.20
2007-07-10,143761.71,129751.96
2007-07-11,143780.66,130671.89
2007-07-12,143799.60,132735.26
2007-07-13,143818.63,133130.75
2007-07-16,143875.73,133113.55
2007-07-17,143894.81,133044.77
2007-07-18,143913.81,132804.04
2007-07-19,143932.81,133319.89
2007-07-20,143951.90,131970.09
2007-07-23,144009.04,132374.17
2007-07-24,144028.30,130078.67
2007-07-25,144047.55,130345.19
2007-07-26,144066.70,127258.72
2007-07-27,144085.56,124756.87
2007-07-30,144141.46,126708.49
2007-07-31,144160.49,125281.32
2007-08-01,144179.53,125891.72
2007-08-02,144198.29,126897.63
2007-08-03,144217.06,123630.62
2007-08-06,144273.01,125702.59
2007-08-07,144291.74,127043.79
2007-08-08,144310.72,128814.85
2007-08-09,144329.74,124997.60
2007-08-10,144348.20,124412.98
2007-08-13,144400.88,124860.04
2007-08-14,144419.12,122951.42
2007-08-15,144436.96,121257.73
2007-08-16,144453.19,122169.06
2007-08-17,144467.79,124412.98
2007-08-20,144511.13,124352.80
2007-08-21,144523.33,124602.11
2007-08-22,144537.22,126080.87
2007-08-23,144551.40,125969.11
2007-08-24,144566.41,127525.24
2007-08-27,144615.48,126338.79
2007-08-28,144633.31,123561.84
2007-08-29,144650.27,125986.30
2007-08-30,144665.65,125651.00
2007-08-31,144680.47,126889.03
2007-09-04,144742.47,128170.04
2007-09-05,144759.72,127060.97
2007-09-06,144776.53,127353.29
2007-09-07,144793.11,125582.23
2007-09-10,144840.24,125341.49
2007-09-11,144855.56,126803.06
2007-09-12,144682.92,127129.75
2007-09-13,146191.22,128023.89
2007-09-14,145665.49,128015.28
2007-09-17,145530.25,127327.50
2007-09-18,146779.77,131075.97
2007-09-19,147197.20,131849.73
2007-09-20,147590.51,130921.21
2007-09-21,147805.30,131274.51
2007-09-24,147667.38,131032.65
2007-09-25,147221.75,130773.50
2007-09-26,146996.14,131464.55
2007-09-27,147539.27,132241.99
2007-09-28,147201.44,131801.44
2007-10-01,148394.90,133287.21
2007-10-02,148035.79,133105.80
2007-10-03,147746.52,132838.02
2007-10-04,147899.53,133045.34
2007-10-05,148353.48,134626.13
2007-10-08,147930.11,133909.16
2007-10-09,148848.52,135170.33
2007-10-10,149658.90,134945.74
2007-10-11,149005.36,134297.88
2007-10-12,149564.11,135040.76
2007-10-15,149143.47,133900.52
2007-10-16,148613.52,132838.02
2007-10-17,148571.01,133244.02
2007-10-18,149158.86,132760.28
2007-10-19,148433.84,129287.73
2007-10-22,147858.29,130039.25
2007-10-23,147874.09,131093.11
2007-10-24,147889.81,130851.24
2007-10-25,147905.00,131162.21
2007-10-26,147920.56,132699.81
2007-10-29,147967.49,133140.36
2007-10-30,147983.34,132216.07
2007-10-31,147998.99,133589.54
2007-11-01,148014.56,130462.52
2007-11-02,148029.61,130609.37
2007-11-05,148072.44,129615.98
2007-11-06,148087.12,131360.90
2007-11-07,148101.97,127767.41
2007-11-08,148115.77,127119.55
2007-11-09,148129.16,125374.63
2007-11-12,148168.00,124130.73
2007-11-13,148180.95,127914.26
2007-11-14,148194.79,127560.09
2007-11-15,148208.31,125720.15
2007-11-16,148221.38,125936.11
2007-11-19,148261.83,124182.56
2007-11-20,148275.32,124942.72
2007-11-21,148288.19,122385.81
2007-11-23,148312.73,124502.18
2007-11-26,148351.13,121755.23
2007-11-27,148363.57,123154.62
2007-11-28,148376.09,127093.63
2007-11-29,148388.20,127136.81
2007-11-30,148400.07,128415.28
2007-12-03,148437.64,127568.72
2007-12-04,148449.80,126428.49
2007-12-05,148462.00,128544.84
2007-12-06,148474.20,130384.78
2007-12-07,148486.49,130358.87
2007-12-10,148523.59,131369.53
2007-12-11,148535.72,127767.41
2007-12-12,148547.39,129028.58
2007-12-13,148558.83,128760.80
2007-12-14,148570.23,127128.18
2007-12-17,148604.54,125314.17
2007-12-18,148616.80,126013.86
2007-12-19,148628.93,126013.86
2007-12-20,148640.53,126808.57
2007-12-21,148652.14,128636.56
2007-12-24,148687.82,129591.80
2007-12-26,148714.38,129869.69
2007-12-27,148727.58,128237.09
2007-12-28,148740.17,127915.79
2007-12-31,148778.07,126969.23
2008-01-02,148804.89,125857.66
2008-01-03,148817.85,125796.88
2008-01-04,148830.74,122714.05
2008-01-07,148868.90,122609.84
2008-01-08,148881.91,120629.88
2008-01-09,148894.84,121897.75
2008-01-10,148907.65,122696.68
2008-01-11,148920.54,121706.70
2008-01-14,148957.51,122688.00
2008-01-15,148970.20,119987.26
2008-01-16,148982.81,118953.86
2008-01-17,148995.30,115871.03
2008-01-18,149007.55,114681.32
2008-01-22,149053.11,113517.66
2008-01-23,149062.50,116244.45
2008-01-24,149071.32,117225.75
2008-01-25,149080.80,115532.35
2008-01-28,149108.37,117442.85
2008-01-29,149117.72,118024.68
2008-01-30,149126.83,117156.27
2008-01-31,149135.66,119292.54
2008-02-01,149143.50,121211.71
2008-02-04,149168.75,119683.33
2008-02-05,149177.83,116478.92
2008-02-06,149186.57,115541.04
2008-02-07,149194.95,116305.23
2008-02-08,149203.62,115558.41
2008-02-11,149230.35,116148.92
2008-02-12,149239.55,117225.75
2008-02-13,149248.75,118424.13
2008-02-14,149257.83,117382.05
2008-02-15,149267.07,117356.00
2008-02-19,149302.40,117686.00
2008-02-20,149311.53,118033.35
2008-02-21,149320.53,117052.05
2008-02-22,149329.32,117772.83
2008-02-25,149355.71,119257.81
2008-02-26,149364.51,120152.26
2008-02-27,149373.06,120030.68
2008-02-28,149381.00,118858.33
2008-02-29,149388.61,116209.72
2008-03-03,149410.84,115931.82
2008-03-04,149417.67,115488.94
2008-03-05,149424.34,116218.40
2008-03-06,149430.48,113812.91
2008-03-07,149436.09,112640.58
2008-03-10,149453.53,111155.60
2008-03-11,149458.98,115150.26
2008-03-12,149464.92,114073.44
2008-03-13,149470.86,114325.27
2008-03-14,149476.30,112553.73
2008-03-17,149490.55,111416.13
2008-03-18,149495.02,116044.72
2008-03-19,149498.74,113170.30
2008-03-20,149501.20,115266.53
2008-03-24,149511.36,117570.46
2008-03-25,149516.40,117683.92
2008-03-26,149521.60,116243.95
2008-03-27,149526.80,115877.42
2008-03-28,149613.61,114769.08
2008-03-31,150456.83,115170.53
2008-04-01,151206.47,119219.87
2008-04-02,151381.08,119298.41
2008-04-03,151750.65,119595.13
2008-04-04,151207.91,119464.23
2008-04-07,150763.42,119525.32
2008-04-08,150544.00,119403.15
2008-04-09,149875.39,118539.17
2008-04-10,150166.31,118704.98
2008-04-11,149876.10,116401.05
2008-04-14,149850.09,116008.32
2008-04-15,149860.75,116278.87
2008-04-16,155141.04,119429.33
2008-04-17,153386.41,119603.86
2008-04-18,155163.38,120851.82
2008-04-21,156497.87,120912.92
2008-04-22,154272.58,120380.57
2008-04-23,152423.54,120188.57
2008-04-24,150139.89,120712.20
2008-04-25,150255.48,121829.26
2008-04-28,150271.66,121855.44
2008-04-29,150277.51,121375.45
2008-04-30,150283.43,120659.83
2008-05-01,150289.24,123155.75
2008-05-02,150295.09,123496.11
2008-05-05,150313.25,122902.68
2008-05-06,150319.46,123967.37
2008-05-07,150326.05,121759.44
2008-05-08,150332.81,121445.27
2008-05-09,150339.52,121218.35
2008-05-12,150360.03,122579.78
2008-05-13,151364.35,122597.23
2008-05-14,149966.46,122850.32
2008-05-15,152427.97,124386.27
2008-05-16,155065.41,124499.72
2008-05-19,155228.01,124840.08
2008-05-20,156034.47,123827.74
2008-05-21,155122.73,121733.26
2008-05-22,154684.00,121750.70
2008-05-23,154021.51,120118.75
2008-05-27,153919.74,121008.91
2008-05-28,153146.18,121567.44
2008-05-29,152533.62,122178.33
2008-05-30,152885.63,122483.78
2008-06-02,153386.82,121218.35
2008-06-03,152858.51,120511.47
2008-06-04,152672.84,120450.39
2008-06-05,152680.42,122859.04
2008-06-06,152688.03,118940.60
2008-06-09,152710.74,119228.59
2008-06-10,152718.53,118635.16
2008-06-11,152726.81,116889.76
2008-06-12,152734.84,117334.83
2008-06-13,152743.05,118818.42
2008-06-16,152767.53,118888.24
2008-06-17,152776.06,118312.27
2008-06-18,152784.27,117160.29
2008-06-19,152792.18,117308.65
2008-06-20,152800.01,115404.54
2008-06-23,152822.99,115290.52
2008-06-24,152830.74,115062.49
2008-06-25,152838.27,115606.26
2008-06-26,152845.73,112466.36
2008-06-27,152852.85,111852.42
2008-06-30,152873.45,112247.10
2008-07-01,152881.28,112597.93
2008-07-02,152888.99,110668.38
2008-07-03,152896.49,110782.39
2008-07-07,152926.81,109650.97
2008-07-08,152934.52,111598.06
2008-07-09,152942.19,109449.25
2008-07-10,152949.69,109896.56
2008-07-11,152956.56,108616.03
2008-07-14,152976.43,107633.72
2008-07-15,152982.71,106116.39
2008-07-16,152988.46,108721.28
2008-07-17,152994.11,109808.85
2008-07-18,152999.98,110492.96
2008-07-21,153018.22,110554.36
2008-07-22,153024.34,111808.57
2008-07-23,153030.71,112413.74
2008-07-24,153037.25,110080.74
2008-07-25,153044.04,110054.43
2008-07-28,153065.55,108440.62
2008-07-29,153072.68,110756.08
2008-07-30,153079.77,112729.48
2008-07-31,153086.77,111238.47
2008-08-01,153093.69,110650.84
2008-08-04,153114.20,109624.66
2008-08-05,153121.42,112580.38
2008-08-06,153128.63,113080.30
2008-08-07,153135.39,111396.34
2008-08-08,154278.35,113466.22
2008-08-11,154973.71,114641.50
2008-08-12,153744.54,113448.68
2008-08-13,154083.85,112764.57
2008-08-14,155596.19,113615.32
2008-08-15,156919.78,114167.87
2008-08-18,157248.03,112606.69
2008-08-19,155775.39,111378.80
2008-08-20,155427.78,111896.27
2008-08-21,154834.57,112089.23
2008-08-22,155438.21,113711.79
2008-08-25,155286.35,111405.11
2008-08-26,155104.34,111729.63
2008-08-27,156191.52,112817.19
2008-08-28,157424.15,114185.42
2008-08-29,157447.07,112957.52
2008-09-02,158921.08,112255.87
2008-09-03,160773.89,112159.39
2008-09-04,157236.25,108782.68
2008-09-05,156454.57,109124.73
2008-09-08,157548.61,111378.80
2008-09-09,157706.80,108072.26
2008-09-10,157315.05,108510.79
2008-09-11,156443.72,110080.74
2008-09-12,155665.81,110589.44
2008-09-15,154981.70,105327.03
2008-09-16,154986.07,107089.94
2008-09-17,154989.64,102274.84
2008-09-18,154989.76,105309.49
2008-09-19,154990.74,109491.74
2008-09-22,155003.10,107012.91
2008-09-23,155008.57,104578.20
2008-09-24,155012.01,104913.41
2008-09-25,155014.14,106554.20
2008-09-26,155017.32,106607.13
2008-09-29,155028.28,98253.22
2008-09-30,155032.36,102319.90
2008-10-01,155036.18,102381.65
2008-10-02,155039.75,98667.83
2008-10-03,155042.38,97335.79
2008-10-06,155048.75,92378.14
2008-10-07,155051.05,88240.88
2008-10-08,155054.49,86017.88
2008-10-09,155057.33,80010.48
2008-10-10,155059.80,78069.76
2008-10-13,155062.86,89405.31
2008-10-14,155063.88,88082.10
2008-10-15,155065.32,79410.62
2008-10-16,155066.26,82718.66
2008-10-17,155068.17,82224.66
2008-10-20,155078.36,87164.67
2008-10-21,155083.63,84562.34
2008-10-22,155088.26,79957.55
2008-10-23,155092.64,80883.80
2008-10-24,155096.72,76781.83
2008-10-27,155107.68,74056.00
2008-10-28,155111.25,82709.84
2008-10-29,155114.48,82109.98
2008-10-30,155117.07,84950.49
2008-10-31,155118.77,85418.02
2008-11-03,155124.38,85665.02
2008-11-04,155126.47,88576.10
2008-11-05,155128.51,84853.45
2008-11-06,155130.16,80151.62
2008-11-07,155131.48,82798.06
2008-11-10,155135.31,81713.02
2008-11-11,155136.54,79190.08
2008-11-12,155137.77,75705.62
2008-11-13,155138.54,80425.09
2008-11-14,155139.43,76411.33
2008-11-17,155141.21,75396.87
2008-11-18,155141.72,76817.12
2008-11-19,155142.23,71894.75
2008-11-20,155142.53,66557.78
2008-11-21,155142.66,70148.10
2008-11-24,155142.91,75008.72
2008-11-25,155143.47,75564.48
2008-11-26,155143.89,78484.37
2008-11-28,155144.32,79472.37
2008-12-01,155144.44,72432.86
2008-12-02,155144.74,75220.43
2008-12-03,155145.00,77028.83
2008-12-04,155145.08,75246.90
2008-12-05,155145.17,77566.94
2008-12-08,155145.42,80275.12
2008-12-09,155145.55,78951.91
2008-12-10,155145.68,79490.01
2008-12-11,155145.68,77575.76
2008-12-12,155145.72,78502.01
2008-12-15,155145.97,77408.15
2008-12-16,155146.14,81051.41
2008-12-17,154953.24,80266.30
2008-12-18,154853.13,78766.66
2008-12-19,154752.81,78427.83
2008-12-22,154329.20,77422.91
2008-12-23,154329.24,76622.54
2008-12-24,154329.32,77067.20
2008-12-26,154329.32,77511.85
2008-12-29,154329.70,77289.52
2008-12-30,154329.96,79121.49
2008-12-31,154330.38,80250.90
2009-01-02,155288.92,82669.82
2009-01-05,153289.97,82571.99
2009-01-06,153214.85,83123.36
2009-01-07,151579.74,80633.31
2009-01-08,151423.84,80962.35
2009-01-09,151424.22,79228.20
2009-01-12,151425.09,77325.09
2009-01-13,151097.45,77467.38
2009-01-14,150398.30,75030.69
2009-01-15,150398.80,75057.37
2009-01-16,150399.25,75644.30
2009-01-20,150401.23,71651.32
2009-01-21,150401.76,74746.11
2009-01-22,150402.22,73590.01
2009-01-23,150402.63,73910.16
2009-01-26,150403.99,74417.06
2009-01-27,150404.61,75172.97
2009-01-28,150405.14,77716.39
2009-01-29,150405.92,75190.76
2009-01-30,150406.87,73661.16
2009-02-02,150409.84,73438.83
2009-02-03,150410.95,74470.42
2009-02-04,150412.27,74105.81
2009-02-05,150413.51,75208.55
2009-02-06,150414.70,77351.77
2009-02-09,150418.16,77458.49
2009-02-10,150419.48,73910.16
2009-02-11,150420.76,74345.92
2009-02-12,150422.00,74399.28
2009-02-13,150423.19,73598.90
2009-02-17,150427.97,70450.76
2009-02-18,150429.29,70281.79
2009-02-19,150430.57,69525.89
2009-02-20,150431.80,68850.01
2009-02-23,150435.14,66386.64
2009-02-24,150436.38,68903.37
2009-02-25,150437.70,68360.90
2009-02-26,150438.93,67249.27
2009-02-27,150440.05,65746.34
2009-03-02,150443.26,62784.95
2009-03-03,150444.42,62313.62
2009-03-04,150445.53,63789.87
2009-03-05,150446.60,61184.20
2009-03-06,150447.43,61290.92
2009-03-09,150449.90,60570.58
2009-03-10,150450.85,64181.16
2009-03-11,150451.84,64599.13
2009-03-12,150452.78,67142.55
2009-03-13,150453.65,67667.23
2009-03-16,150456.00,67462.70
2009-03-17,150456.99,69525.89
2009-03-18,150457.98,71082.17
2009-03-19,150458.84,70201.76
2009-03-20,150459.67,68706.88
2009-03-23,150462.26,73642.03
2009-03-24,150463.17,72191.04
2009-03-25,150464.04,72952.36
2009-03-26,150464.82,74439.17
2009-03-27,150465.44,73095.67
2009-03-30,150467.05,70569.88
2009-03-31,150467.79,71223.71
2009-04-01,150468.65,72603.05
2009-04-02,150209.72,74725.79
2009-04-03,149469.73,75469.20
2009-04-06,149472.31,74878.05
2009-04-07,149473.13,73131.50
2009-04-08,148873.68,73919.68
2009-04-09,153081.99,76857.48
2009-04-13,151832.56,76875.40
2009-04-14,151103.04,75549.80
2009-04-15,152390.14,76355.91
2009-04-16,153677.96,77475.50
2009-04-17,153540.05,77994.99
2009-04-20,149393.75,74725.79
2009-04-21,148335.68,76185.73
2009-04-22,148336.29,75719.98
2009-04-23,148336.86,76463.39
2009-04-24,148337.27,77618.81
2009-04-27,148338.49,76884.35
2009-04-28,148339.01,76642.52
2009-04-29,147621.51,78272.64
2009-04-30,146140.35,78299.51
2009-05-01,145217.11,78720.48
2009-05-04,146536.61,81398.53
2009-05-05,145752.66,81120.88
2009-05-06,145698.86,82527.08
2009-05-07,145699.62,81380.62
2009-05-08,145700.34,83279.44
2009-05-11,145702.50,81720.97
2009-05-12,145703.25,81479.15
2009-05-13,145704.01,79428.06
2009-05-14,145704.69,80108.77
2009-05-15,145705.33,79454.93
2009-05-18,145707.37,81712.02
2009-05-19,145708.13,81613.50
2009-05-20,145708.84,81067.14
2009-05-21,145709.56,79902.76
2009-05-22,145710.32,79732.58
2009-05-26,145713.19,81774.72
2009-05-27,144622.08,80314.77
2009-05-28,144729.93,81434.36
2009-05-29,144651.18,82876.39
2009-06-01,145430.48,84882.69
2009-06-02,144764.18,84954.34
2009-06-03,143625.25,83879.54
2009-06-04,143908.67,84667.73
2009-06-05,142858.52,84685.65
2009-06-08,142419.40,84336.34
2009-06-09,142420.15,84766.25
2009-06-10,142420.89,84551.30
2009-06-11,142492.29,84927.48
2009-06-12,142110.46,85160.35
2009-06-15,141262.35,83207.79
2009-06-16,141164.72,82079.24
2009-06-17,141165.37,81998.64
2009-06-18,141166.03,82598.73
2009-06-19,141166.73,82903.18
2009-06-22,141168.82,80417.16
2009-06-23,141169.59,80480.21
2009-06-24,141170.36,81173.78
2009-06-25,141171.10,82939.21
2009-06-26,141171.79,82723.03
2009-06-29,141533.89,83497.66
2009-06-30,141292.03,82822.11
2009-07-01,140961.93,83164.39
2009-07-02,140485.03,80894.55
2009-07-06,140487.64,80885.55
2009-07-07,140488.38,79318.27
2009-07-08,140489.11,79264.23
2009-07-09,140489.80,79417.35
2009-07-10,140490.53,79228.20
2009-07-13,140492.61,81155.76
2009-07-14,140493.30,81615.14
2009-07-15,140494.00,84002.07
2009-07-16,140494.69,83866.96
2009-07-17,140495.42,84785.70
2009-07-20,140497.38,85686.43
2009-07-21,140498.11,86082.76
2009-07-22,140498.85,86064.74
2009-07-23,140499.58,87965.28
2009-07-24,140500.31,88325.57
2009-07-27,140502.39,88586.78
2009-07-28,140503.12,88172.45
2009-07-29,140503.85,87956.27
2009-07-30,140504.58,88875.02
2009-07-31,140505.27,89001.12
2009-08-03,141150.39,90469.31
2009-08-04,141172.31,90703.50
2009-08-05,140555.65,90442.29
2009-08-06,140620.12,89973.91
2009-08-07,140229.17,91153.86
2009-08-10,140876.55,90964.71
2009-08-11,139971.92,89829.79
2009-08-12,140473.33,90793.58
2009-08-13,140591.11,91487.13
2009-08-14,140591.76,90784.57
2009-08-17,140593.84,88550.75
2009-08-18,140594.54,89253.32
2009-08-19,140595.23,90036.96
2009-08-20,140595.89,90964.71
2009-08-21,141315.33,92748.16
2009-08-24,141122.25,92739.15
2009-08-25,141641.37,92919.30
2009-08-26,141820.47,92928.30
2009-08-27,141973.23,93135.47
2009-08-28,142099.59,93117.45
2009-08-31,141953.39,92288.78
2009-09-01,140877.19,90253.13
2009-09-02,140877.73,89910.86
2009-09-03,140878.27,90658.46
2009-09-04,140878.85,91928.49
2009-09-08,140881.01,92721.14
2009-09-09,140881.55,93432.71
2009-09-10,140882.09,94387.49
2009-09-11,140882.63,94369.47
2009-09-14,140884.25,94828.84
2009-09-15,140573.22,95225.16
2009-09-16,141034.57,96666.33
2009-09-17,139921.32,96522.22
2009-09-18,141202.31,96583.76
2009-09-21,142462.08,96339.40
2009-09-22,141584.52,96900.51
2009-09-23,142453.99,96095.05
2009-09-24,141671.07,95036.17
2009-09-25,140484.64,94529.36
2009-09-28,140485.80,96221.75
2009-09-29,140486.22,95932.14
2009-09-30,140486.72,95561.08
2009-10-01,140487.26,93189.93
2009-10-02,140487.65,92755.52
2009-10-05,140488.80,94140.20
2009-10-06,140489.11,95488.68
2009-10-07,140489.42,95751.14
2009-10-08,140489.76,96484.20
2009-10-09,140489.99,97072.47
2009-10-12,140490.80,97452.58
2009-10-13,140491.07,97253.47
2009-10-14,140491.34,98927.76
2009-10-15,140491.61,99289.77
2009-10-16,140491.88,98547.65
2009-10-19,140746.13,99362.17
2009-10-20,141120.77,98837.26
2009-10-21,140606.22,97950.34
2009-10-22,140372.43,98945.86
2009-10-23,140493.95,97814.59
2009-10-26,140494.76,96755.71
2009-10-27,140495.07,96312.25
2009-10-28,140495.38,94493.16
2009-10-29,140495.65,96520.41
2009-10-30,140495.88,93723.89
2009-11-02,140496.46,94411.71
2009-11-03,140496.69,94710.37
2009-11-04,140496.92,94954.72
2009-11-05,140497.11,96701.41
2009-11-06,140497.26,96954.81
2009-11-09,140497.96,99163.06
2009-11-10,140498.23,99181.16
2009-11-11,140498.50,99687.98
2009-11-12,140498.77,98674.35
2009-11-13,140499.03,99208.32
2009-11-16,141018.50,100647.30
2009-11-17,141224.77,100764.95
2009-11-18,141840.63,100701.60
2009-11-19,139955.36,99389.32
2009-11-20,139500.63,99036.36
2009-11-23,139500.85,100294.34
2009-11-24,139501.05,100448.19
2009-11-25,139501.24,100801.15
2009-11-27,139501.62,99163.06
2009-11-30,139501.96,99497.92
2009-12-01,139502.19,100728.75
2009-12-02,139502.42,100683.50
2009-12-03,139502.61,99896.13
2009-12-04,139502.84,100466.29
2009-12-07,139503.53,100312.44
2009-12-08,139503.68,99199.27
2009-12-09,139503.80,99570.32
2009-12-10,139503.91,100131.43
2009-12-11,139503.99,100556.80
2009-12-14,139504.33,101244.61
2009-12-15,139504.49,100774.00
2009-12-16,139504.68,100927.85
2009-12-17,139504.83,99715.13
2009-12-18,139504.98,100279.26
2009-12-21,139505.56,101298.34
2009-12-22,139505.86,101662.30
2009-12-23,139506.17,101862.47
2009-12-24,139506.44,102344.72
2009-12-28,139507.20,102563.09
2009-12-29,139507.62,102417.50
2009-12-30,139508.00,102381.11
2009-12-31,139508.19,101398.43
2010-01-04,139509.11,103118.13
2010-01-05,139509.42,103391.09
2010-01-06,139509.68,103463.88
2010-01-07,139509.91,103900.63
2010-01-08,139510.10,104246.39
2010-01-11,139510.68,104391.98
2010-01-12,139510.83,103418.39
2010-01-13,139511.02,104291.89
2010-01-14,139511.25,104573.95
2010-01-15,139511.44,103400.19
2010-01-19,139512.36,104692.24
2010-01-20,139512.59,103627.66
2010-01-21,139512.78,101635.00
2010-01-22,139513.01,99369.37
2010-01-25,139513.70,99878.90
2010-01-26,139513.93,99460.35
2010-01-27,139514.19,99933.50
2010-01-28,139514.50,98787.04
2010-01-29,139514.81,97713.36
2010-02-01,139515.72,99232.88
2010-02-02,139516.11,100433.94
2010-02-03,139516.49,99933.50
2010-02-04,139516.87,96848.97
2010-02-05,139517.21,97049.14
2010-02-08,139518.36,96348.52
2010-02-09,139518.82,97558.68
2010-02-10,139519.28,97367.61
2010-02-11,139519.70,98386.68
2010-02-12,139520.12,98304.79
2010-02-16,139521.65,99851.61
2010-02-17,139522.03,100324.76
2010-02-18,139522.41,100916.19
2010-02-19,139522.79,101125.46
2010-02-22,139524.06,101143.66
2010-02-23,139524.48,99915.30
2010-02-24,139524.94,100834.29
2010-02-25,139525.39,100697.81
2010-02-26,139525.89,100761.50
2010-03-01,139527.38,101807.88
2010-03-02,139527.88,102089.94
2010-03-03,138298.68,102180.94
2010-03-04,138833.08,102490.30
2010-03-05,139623.80,103955.23
2010-03-08,139368.77,103973.42
2010-03-09,139164.81,104146.30
2010-03-10,139165.42,104610.35
2010-03-11,139165.99,105047.09
2010-03-12,140417.17,105056.19
2010-03-15,139883.48,105083.49
2010-03-16,141286.86,105920.60
2010-03-17,140909.66,106548.42
2010-03-18,140681.52,106493.83
2010-03-19,140517.04,105954.78
2010-03-22,140887.68,106521.23
2010-03-23,142232.33,107270.42
2010-03-24,142844.87,106749.64
2010-03-25,142026.24,106576.05
2010-03-26,142695.78,106512.10
2010-03-29,143174.23,107188.19
2010-03-30,142694.68,107261.28
2010-03-31,142605.20,106895.83
2010-04-01,143025.78,107626.74
2010-04-05,143777.99,108503.83
2010-04-06,143672.42,108759.65
2010-04-07,145814.03,108138.38
2010-04-08,144611.61,108512.97
2010-04-09,145464.95,109225.61
2010-04-12,146857.04,109399.20
2010-04-13,146209.26,109481.43
2010-04-14,146608.04,110723.98
2010-04-15,146227.52,110815.34
2010-04-16,144778.71,109052.02
2010-04-19,144567.22,109463.15
2010-04-20,145743.34,110440.75
2010-04-21,145406.04,110239.75
2010-04-22,146494.19,110568.65
2010-04-23,147017.74,111290.43
2010-04-26,147079.57,110870.16
2010-04-27,143775.56,108248.02
2010-04-28,144309.63,109070.29
2010-04-29,144310.27,110422.48
2010-04-30,144310.94,108549.51
2010-05-03,144312.84,109956.52
2010-05-04,144313.51,107370.92
2010-05-05,144314.14,106731.37
2010-05-06,144314.73,103186.45
2010-05-07,144315.17,101651.54
2010-05-10,144316.71,106128.37
2010-05-11,144317.34,105826.87
2010-05-12,144317.98,107306.96
2010-05-13,144318.61,105973.05
2010-05-14,144319.24,104054.41
2010-05-17,144321.14,104109.22
2010-05-18,144321.77,102693.09
2010-05-19,144322.44,102108.36
2010-05-20,144323.12,98252.80
2010-05-21,144323.79,99687.21
2010-05-24,144325.80,98408.11
2010-05-25,144326.48,98508.62
2010-05-26,144327.15,97914.75
2010-05-27,144327.82,101194.72
2010-05-28,144328.49,99924.76
2010-06-01,144331.02,98243.66
2010-06-02,144331.66,100801.85
2010-06-03,144332.29,101149.03
2010-06-04,144332.84,97594.98
2010-06-07,144334.50,96379.83
2010-06-08,144334.98,97412.25
2010-06-09,144335.45,96891.48
2010-06-10,144335.85,99723.76
2010-06-11,144336.24,100207.99
2010-06-14,144337.19,100052.67
2010-06-15,144337.47,102327.63
2010-06-16,144337.83,102291.08
2010-06-17,144338.22,102455.54
2010-06-18,144338.58,102566.62
2010-06-21,141871.87,102272.86
2010-06-22,141148.09,100583.76
2010-06-23,141148.59,100271.65
2010-06-24,141149.09,98610.09
2010-06-25,141149.60,99023.19
2010-06-28,141151.10,98711.07
2010-06-29,141151.76,95663.36
2010-06-30,141152.34,94754.55
2010-07-01,141153.04,94332.28
2010-07-02,141153.69,93818.20
2010-07-06,141156.32,94433.26
2010-07-07,141156.98,97407.53
2010-07-08,141157.60,98371.42
2010-07-09,141158.18,99105.81
2010-07-12,141160.04,99170.06
2010-07-13,141160.66,100666.39
2010-07-14,141161.24,100657.20
2010-07-15,141161.82,100684.74
2010-07-16,141162.40,97912.43
2010-07-19,141164.14,98490.76
2010-07-20,141164.79,99583.16
2010-07-21,141165.41,98288.80
2010-07-22,141166.03,100482.79
2010-07-23,141166.65,101354.88
2010-07-26,141168.51,102410.56
2010-07-27,141169.13,102401.38
2010-07-28,141169.71,101740.43
2010-07-29,141170.29,101244.72
2010-07-30,141170.87,101226.35
2010-08-02,141172.61,103512.14
2010-08-03,141173.23,103016.43
2010-08-04,141173.84,103704.92
2010-08-05,141174.46,103594.76
2010-08-06,141175.04,103172.49
2010-08-09,141176.78,103723.28
2010-08-10,141177.36,103163.30
2010-08-11,141177.94,100335.91
2010-08-12,141178.52,99720.85
2010-08-13,141179.14,99427.10
2010-08-16,141180.88,99381.20
2010-08-17,141181.50,100602.12
2010-08-18,141182.16,100785.72
2010-08-19,141182.78,99032.37
2010-08-20,141183.40,98711.07
2010-08-23,141185.14,98334.70
2010-08-24,141185.76,96875.10
2010-08-25,141186.38,97251.48
2010-08-26,141187.00,96599.71
2010-08-27,141187.61,98096.02
2010-08-30,141189.35,96673.14
2010-08-31,141189.90,96673.14
2010-09-01,141190.44,99564.80
2010-09-02,141190.94,100491.97
2010-09-03,141191.48,101795.51
2010-09-07,141193.65,100648.02
2010-09-08,141194.19,101354.88
2010-09-09,141194.73,101823.04
2010-09-10,141195.27,102337.12
2010-09-13,141196.90,103475.42
2010-09-14,141197.48,103411.16
2010-09-15,141198.06,103805.90
2010-09-16,141198.64,103778.36
2010-09-17,141199.26,103817.12
2010-09-20,141201.11,105404.51
2010-09-21,141201.77,105192.24
2010-09-22,141202.43,104675.42
2010-09-23,141203.05,103826.35
2010-09-24,141203.67,105967.48
2010-09-27,141205.41,105459.88
2010-09-28,141206.03,105829.04
2010-09-29,141206.65,105644.46
2010-09-30,141207.27,105330.67
2010-10-01,141207.88,105773.67
2010-10-04,141209.74,104979.97
2010-10-05,141210.24,107093.42
2010-10-06,141210.71,107084.19
2010-10-07,141211.21,106954.98
2010-10-08,141211.71,107554.87
2010-10-11,141213.11,107656.39
2010-10-12,141213.57,107988.63
2010-10-13,141214.07,108828.47
2010-10-14,141214.58,108403.94
2010-10-15,141215.12,108625.43
2010-10-18,141216.74,109160.71
2010-10-19,141217.32,107730.22
2010-10-20,141217.87,108782.33
2010-10-21,141218.41,109022.28
2010-10-22,141218.91,109225.32
2010-10-25,141220.42,109548.33
2010-10-26,141220.96,109566.79
2010-10-27,141221.50,109253.00
2010-10-28,141222.04,109271.46
2010-10-29,141222.55,109354.52
2010-11-01,141223.94,109391.44
2010-11-02,141224.44,110258.97
2010-11-03,141224.95,110701.96
2010-11-04,141225.45,112833.86
2010-11-05,141225.95,113258.40
2010-11-08,141227.46,113046.13
2010-11-09,141227.96,112233.98
2010-11-10,141228.47,112686.19
2010-11-11,141228.97,112261.66
2010-11-12,141229.47,110932.68
2010-11-15,141230.98,110775.79
2010-11-16,141231.52,109049.97
2010-11-17,141232.10,109105.34
2010-11-18,141232.65,110711.19
2010-11-19,141233.23,111015.75
2010-11-22,141234.85,110923.46
2010-11-23,141235.43,109317.61
2010-11-24,141236.01,110932.68
2010-11-26,141237.25,109640.63
2010-11-29,141239.11,109972.87
2010-11-30,141239.80,109354.52
2010-12-01,141240.46,111680.24
2010-12-02,141241.08,113110.73
2010-12-03,141241.70,113415.29
2010-12-06,141243.33,113295.31
2010-12-07,141867.02,113359.92
2010-12-08,142063.93,113775.22
2010-12-09,141818.79,114218.21
2010-12-10,141757.82,114882.70
2010-12-13,142130.21,114956.53
2010-12-14,142253.56,115058.05
2010-12-15,142041.12,114532.00
2010-12-16,142418.33,115196.49
2010-12-17,142377.82,115319.88
2010-12-20,142010.37,115598.20
2010-12-21,141460.34,116331.13
2010-12-22,141460.88,116692.95
2010-12-23,141461.42,116525.96
2010-12-27,141463.59,116572.35
2010-12-28,141464.25,116739.34
2010-12-29,141464.83,116822.84
2010-12-30,141334.07,116637.29
2010-12-31,141724.66,116665.12
2011-01-03,142067.18,117871.21
2011-01-04,141872.51,117806.26
2011-01-05,142349.40,118418.58
2011-01-06,142122.21,118186.64
2011-01-07,141459.77,117954.70
2011-01-10,141461.39,117806.26
2011-01-11,141461.97,118223.75
2011-01-12,141462.56,119290.67
2011-01-13,141463.14,119095.83
2011-01-14,141463.72,119958.65
2011-01-18,141466.04,120162.76
2011-01-19,141466.66,118984.51
2011-01-20,141467.28,118826.79
2011-01-21,141467.90,119095.83
2011-01-24,141469.76,119773.11
2011-01-25,141470.39,119838.04
2011-01-26,141471.01,120301.92
2011-01-27,141471.63,120598.81
2011-01-28,141472.21,118492.80
2011-01-31,141473.95,119383.44
2011-02-01,141474.53,121294.62
2011-02-02,141475.11,121062.68
2011-02-03,141475.73,121331.73
2011-02-04,141476.28,121674.99
2011-02-07,141478.02,122435.76
2011-02-08,141478.64,122992.41
2011-02-09,141479.22,122714.08
2011-02-10,141479.76,122760.48
2011-02-11,141480.23,123493.40
2011-02-14,141481.63,123790.27
2011-02-15,141482.13,123400.61
2011-02-16,141482.63,124179.94
2011-02-17,141483.10,124551.03
2011-02-18,141483.45,124810.80
2011-02-22,141485.00,122305.87
2011-02-23,141485.46,121554.39
2011-02-24,141485.93,121470.88
2011-02-25,141486.43,122769.75
2011-02-28,141487.94,123530.50
2011-03-01,141488.53,121470.88
2011-03-02,141489.07,121730.67
2011-03-03,141489.57,123827.39
2011-03-04,141490.08,122899.63
2011-03-07,141491.47,121934.76
2011-03-08,141491.90,123001.69
2011-03-09,141492.32,122825.41
2011-03-10,141492.71,120552.42
2011-03-11,141493.02,121387.39
2011-03-14,141493.95,120654.47
2011-03-15,141494.30,119272.11
2011-03-16,141494.69,117064.06
2011-03-17,141495.08,118613.40
2011-03-18,141495.39,119044.82
2011-03-21,141496.20,120889.76
2011-03-22,141496.59,120470.45
2011-03-23,141496.98,120815.22
2011-03-24,141497.33,121970.62
2011-03-25,141497.67,122343.34
2011-03-28,141498.72,122045.17
2011-03-29,141499.15,122865.14
2011-03-30,141499.53,123713.07
2011-03-31,141499.92,123545.34
2011-04-01,141500.27,124067.14
2011-04-04,141501.09,124169.63
2011-04-05,141501.32,124151.01
2011-04-06,141501.59,124542.36
2011-04-07,141501.82,124225.55
2011-04-08,141501.98,123796.93
2011-04-11,141502.44,123424.22
2011-04-12,141502.64,122501.75
2011-04-13,141502.83,122492.43
2011-04-14,141503.06,122585.60
2011-04-15,141503.33,123032.86
2011-04-18,141504.15,121653.82
2011-04-19,141504.42,122352.66
2011-04-20,141504.65,124020.56
2011-04-21,141504.88,124654.17
2011-04-25,141505.82,124523.72
2011-04-26,141506.09,125595.26
2011-04-27,141506.36,126415.24
2011-04-28,141506.59,126825.23
2011-04-29,141506.75,127123.39
2011-05-02,141507.21,126927.72
2011-05-03,141507.40,126471.14
2011-05-04,141507.52,125632.54
2011-05-05,141507.64,124495.76
2011-05-06,141507.71,125045.51
2011-05-09,141507.95,125530.05
2011-05-10,141508.06,126601.59
2011-05-11,141508.18,125269.15
2011-05-12,141508.30,125865.49
2011-05-13,141508.37,124896.42
2011-05-16,141508.72,124104.42
2011-05-17,141508.88,124085.78
2011-05-18,141509.03,125194.60
2011-05-19,141509.23,125492.77
2011-05-20,141509.42,124495.76
2011-05-23,141510.00,123051.49
2011-05-24,141510.23,122949.00
2011-05-25,141510.47,123358.99
2011-05-26,141510.70,123927.37
2011-05-27,141510.89,124402.58
2011-05-31,141511.67,125697.76
2011-06-01,141511.90,122874.45
2011-06-02,141512.10,122744.00
2011-06-03,141512.25,121523.37
2011-06-06,141512.72,120237.50
2011-06-07,141512.91,120162.97
2011-06-08,141513.10,119659.80
2011-06-09,141513.26,120572.94
2011-06-10,141513.45,118895.74
2011-06-13,141514.03,118988.91
2011-06-14,141514.23,120498.41
2011-06-15,141514.42,118355.30
2011-06-16,141514.62,118616.20
2011-06-17,141514.81,118970.17
2011-06-20,141515.27,119578.82
2011-06-21,141515.39,121217.53
2011-06-22,141515.51,120487.14
2011-06-23,141515.59,120140.67
2011-06-24,141515.62,118745.42
2011-06-27,141515.86,119803.56
2011-06-28,141515.93,121367.36
2011-06-29,141516.05,122406.77
2011-06-30,141516.13,123577.27
2011-07-01,141516.24,125403.26
2011-07-05,141516.55,125300.25
2011-07-06,141516.63,125450.08
2011-07-07,141516.67,126751.68
2011-07-08,141516.79,125852.73
2011-07-11,141517.14,123577.27
2011-07-12,141517.25,123043.52
2011-07-13,141517.37,123455.54
2011-07-14,141517.41,122603.40
2011-07-15,141517.45,123315.08
2011-07-18,141517.68,122303.76
2011-07-19,141517.76,124288.93
2011-07-20,141517.87,124214.02
2011-07-21,141517.95,125937.02
2011-07-22,141518.14,126021.29
2011-07-25,141518.73,125318.99
2011-07-26,141518.92,124850.78
2011-07-27,141519.19,122294.40
2011-07-28,141519.50,121938.57
2011-07-29,141519.77,121105.17
2011-08-01,141520.94,120590.14
2011-08-02,141521.32,117509.37
2011-08-03,141521.56,118146.13
2011-08-04,141521.63,112611.98
2011-08-05,141521.71,112443.43
2011-08-08,141521.83,105120.75
2011-08-09,141522.02,110008.78
2011-08-10,141522.14,105148.84
2011-08-11,141522.22,109868.31
2011-08-12,141522.33,110608.07
2011-08-15,141522.56,112949.09
2011-08-16,141522.64,111984.58
2011-08-17,141522.76,112059.50
2011-08-18,141522.80,107227.65
2011-08-19,141522.84,105476.58
2011-08-22,141523.07,105560.86
2011-08-23,141523.11,109034.92
2011-08-24,141523.15,110570.62
2011-08-25,141523.22,108885.09
2011-08-26,141523.26,110467.61
2011-08-29,141523.38,113642.02
2011-08-30,141523.46,113941.67
2011-08-31,141523.49,114447.33
2011-09-01,141523.57,113248.73
2011-09-02,141523.65,110355.24
2011-09-06,141523.96,109549.93
2011-09-07,141524.04,112640.07
2011-09-08,141524.12,111469.57
2011-09-09,141524.19,108547.98
2011-09-12,141524.31,109250.28
2011-09-13,141524.35,110252.24
2011-09-14,141524.39,111778.58
2011-09-15,141524.43,113707.57
2011-09-16,141524.46,114380.56
2011-09-19,141524.58,113241.65
2011-09-20,141524.62,113109.88
2011-09-21,141524.66,109777.85
2011-09-22,141524.70,106229.35
2011-09-23,141524.70,106869.40
2011-09-26,141524.81,109410.77
2011-09-27,141524.89,110634.39
2011-09-28,141524.93,108375.40
2011-09-29,141525.01,109231.93
2011-09-30,141525.08,106502.31
2011-10-03,141525.32,103471.49
2011-10-04,141525.39,105739.90
2011-10-05,141525.43,107697.69
2011-10-06,141525.43,109646.08
2011-10-07,141525.47,108911.91
2011-10-10,141525.59,112554.54
2011-10-11,141525.63,112667.49
2011-10-12,141525.70,113655.80
2011-10-13,141525.78,113429.90
2011-10-14,141525.86,115368.87
2011-10-17,141526.09,113166.36
2011-10-18,141526.25,115378.29
2011-10-19,141526.40,114013.47
2011-10-20,141526.52,114512.34
2011-10-21,141242.66,116686.62
2011-10-24,140856.88,118117.32
2011-10-25,140856.96,115820.68
2011-10-26,140856.99,116997.24
2011-10-27,140857.07,121072.85
2011-10-28,140857.15,121044.61
2011-10-31,140857.26,118126.73
2011-11-01,140857.30,114832.36
2011-11-02,140857.34,116705.45
2011-11-03,140857.38,118832.67
2011-11-04,140857.42,118107.91
2011-11-07,140857.53,118842.09
2011-11-08,140857.57,120366.90
2011-11-09,140857.61,115924.22
2011-11-10,140857.65,117016.06
2011-11-11,141291.22,119218.59
2011-11-14,141216.56,118089.08
2011-11-15,140777.46,118672.66
2011-11-16,140376.52,116790.16
2011-11-17,140376.56,114935.90
2011-11-18,140376.64,114813.54
2011-11-21,140376.75,112629.84
2011-11-22,140376.83,112187.46
2011-11-23,140376.91,109711.97
2011-11-25,140377.06,109504.89
2011-11-28,140377.29,112676.90
2011-11-29,140377.41,112996.93
2011-11-30,140377.48,117646.70
2011-12-01,140377.52,117627.87
2011-12-02,140377.56,117524.34
2011-12-05,140377.79,118804.43
2011-12-06,140377.83,118842.09
2011-12-07,140377.87,119284.47
2011-12-08,140377.94,116667.80
2011-12-09,140377.98,118644.42
2011-12-12,140378.10,116912.52
2011-12-13,140378.14,115820.68
2011-12-14,140378.18,114587.64
2011-12-15,140378.21,115001.79
2011-12-16,140378.21,115172.28
2011-12-19,140378.21,113940.90
2011-12-20,140378.25,117388.78
2011-12-21,140378.29,117616.11
2011-12-22,140378.33,118658.05
2011-12-23,140378.37,119718.93
2011-12-27,140378.52,119813.66
2011-12-28,140378.60,118241.28
2011-12-29,140378.64,119463.19
2011-12-30,140378.71,118875.91
2012-01-03,139891.61,120770.35
2012-01-04,139782.81,120959.79
2012-01-05,139782.89,121281.84
2012-01-06,139782.97,120969.26
2012-01-09,139783.20,121262.91
2012-01-10,139783.23,122314.32
2012-01-11,139637.83,122380.62
2012-01-12,139724.10,122674.25
2012-01-13,139862.14,122039.62
2012-01-17,140078.04,122513.23
2012-01-18,141027.60,123867.76
2012-01-19,142160.79,124521.34
2012-01-20,142301.46,124985.47
2012-01-23,142408.65,124663.42
2012-01-24,142631.18,124521.34
2012-01-25,142994.71,125563.27
2012-01-26,142156.25,124919.17
2012-01-27,141967.23,124862.34
2012-01-30,142163.24,124436.08
2012-01-31,142203.63,124388.73
2012-02-01,142290.04,125478.02
2012-02-02,142255.75,125676.93
2012-02-03,142738.83,127438.76
2012-02-06,142975.27,127353.51
2012-02-07,143280.17,127675.56
2012-02-08,143349.40,128054.46
2012-02-09,144506.53,128215.49
2012-02-10,143688.95,127268.27
2012-02-13,144785.22,128215.49
2012-02-14,144632.66,128054.46
2012-02-15,143783.90,127457.71
2012-02-16,143922.21,128869.07
2012-02-17,144008.75,129210.07
2012-02-21,143509.82,129266.90
2012-02-22,143119.22,128850.12
2012-02-23,143280.48,129418.46
2012-02-24,143148.54,129702.61
2012-02-27,143034.51,129920.48
2012-02-28,142980.74,130299.36
2012-02-29,142981.13,129787.87
2012-03-01,142981.44,130460.39
2012-03-02,142981.76,130062.56
2012-03-05,142982.58,129532.12
2012-03-06,142982.89,127637.68
2012-03-07,142983.21,128528.07
2012-03-08,142983.52,129806.81
2012-03-09,142983.83,130308.84
2012-03-12,142984.89,130318.31
2012-03-13,142985.24,132667.41
2012-03-14,142985.56,132525.33
2012-03-15,142985.91,133292.58
2012-03-16,142986.22,133477.14
2012-03-19,142987.28,134000.40
2012-03-20,142987.67,133610.34
2012-03-21,142988.06,133391.52
2012-03-22,142988.42,132430.63
2012-03-23,142988.73,132858.74
2012-03-26,142989.67,134723.44
2012-03-27,142990.02,134304.83
2012-03-28,142990.37,133638.87
2012-03-29,142990.73,133410.54
2012-03-30,142991.00,133962.34
2012-04-02,142991.82,134942.25
2012-04-03,142992.14,134390.45
2012-04-04,142992.45,133058.54
2012-04-05,142992.76,132991.94
2012-04-09,142994.02,131498.29
2012-04-10,142994.37,129291.11
2012-04-11,142994.72,130337.62
2012-04-12,142995.08,132040.57
2012-04-13,142995.43,130470.81
2012-04-16,142996.49,130385.19
2012-04-17,142996.80,132316.47
2012-04-18,142997.11,131869.33
2012-04-19,142997.39,131022.61
2012-04-20,142997.66,131241.42
2012-04-23,142998.60,130137.83
2012-04-24,142998.91,130632.54
2012-04-25,142999.27,132421.12
2012-04-26,142999.62,133343.95
2012-04-27,142999.97,133562.76
2012-04-30,143001.03,133068.05
2012-05-01,143001.42,133895.75
2012-05-02,143001.77,133496.18
2012-05-03,143002.09,132478.20
2012-05-04,143002.44,130337.62
2012-05-07,143003.26,130432.76
2012-05-08,143003.66,129909.51
2012-05-09,143004.01,129138.90
2012-05-10,143004.36,129405.28
2012-05-11,143004.75,129015.22
2012-05-14,143005.93,127588.16
2012-05-15,143006.32,126855.61
2012-05-16,143006.67,126370.41
2012-05-17,143007.06,124496.21
2012-05-18,143007.46,123430.68
2012-05-21,143008.40,125552.23
2012-05-22,143008.75,125771.05
2012-05-23,143009.10,125837.65
2012-05-24,143009.45,126085.00
2012-05-25,143009.85,125675.92
2012-05-29,143011.26,127198.10
2012-05-30,143011.61,125352.44
2012-05-31,143011.88,125076.55
2012-06-01,143012.16,121927.52
2012-06-04,143012.98,121870.44
2012-06-05,143013.29,122793.27
2012-06-06,143013.61,125552.23
2012-06-07,143013.96,125628.35
2012-06-08,143014.31,126627.29
2012-06-11,143015.37,125019.47
2012-06-12,143015.72,126456.03
2012-06-13,143016.11,125647.38
2012-06-14,143016.51,126979.29
2012-06-15,143016.94,128277.94
2012-06-18,143018.00,128526.57
2012-06-19,143018.39,129769.76
2012-06-20,143018.74,129559.38
2012-06-21,143019.09,126652.24
2012-06-22,143574.20,127627.66
2012-06-25,142447.51,125581.19
2012-06-26,142447.90,126212.33
2012-06-27,142448.29,127350.33
2012-06-28,142448.64,126986.93
2012-06-29,142448.99,130152.29
2012-07-02,142450.04,130544.36
2012-07-03,142450.43,131405.04
2012-07-05,142451.14,130812.13
2012-07-06,142451.45,129568.95
2012-07-09,142452.39,129406.38
2012-07-10,142452.74,128277.94
2012-07-11,142453.09,128297.07
2012-07-12,142453.48,127675.47
2012-07-13,142453.87,129817.58
2012-07-16,142455.04,129511.56
2012-07-17,142455.43,130400.93
2012-07-18,142455.82,131366.78
2012-07-19,142456.17,131711.05
2012-07-20,142456.52,130506.12
2012-07-23,142457.58,129186.42
2012-07-24,142457.97,128077.11
2012-07-25,142458.36,128105.81
2012-07-26,142458.75,130219.23
2012-07-27,142459.18,132619.53
2012-07-30,142460.46,132619.53
2012-07-31,142460.89,131691.93
2012-08-01,142461.32,131577.17
2012-08-02,142461.71,130668.69
2012-08-03,142462.06,133260.26
2012-08-06,142463.12,133518.45
2012-08-07,142463.51,134187.88
2012-08-08,142463.94,134350.44
2012-08-09,142464.37,134465.20
2012-08-10,142464.80,134685.14
2012-08-13,142465.97,134618.21
2012-08-14,142466.40,134637.32
2012-08-15,142466.83,134790.33
2012-08-16,143930.09,135784.89
2012-08-17,143448.20,135966.58
2012-08-20,142041.01,135976.15
2012-08-21,142041.44,135564.93
2012-08-22,142041.87,135622.32
2012-08-23,142042.30,134513.01
2012-08-24,142042.73,135325.86
2012-08-27,142043.89,135354.55
2012-08-28,142044.32,135220.67
2012-08-29,142044.71,135325.86
2012-08-30,142045.18,134350.44
2012-08-31,142045.57,134991.16
2012-09-04,142046.97,134866.84
2012-09-05,142047.36,134752.09
2012-09-06,142047.79,137487.10
2012-09-07,142048.21,138022.63
2012-09-10,142049.50,137238.46
2012-09-11,142049.89,137620.99
2012-09-12,142050.28,138080.00
2012-09-13,142050.66,140183.86
2012-09-14,142051.05,140805.46
2012-09-17,142052.34,140327.31
2012-09-18,142052.77,140212.55
2012-09-19,142053.16,140289.05
2012-09-20,142053.58,140298.63
2012-09-21,142054.01,140239.97
2012-09-24,142055.30,140028.46
2012-09-25,142055.72,138538.29
2012-09-26,142056.15,137759.55
2012-09-27,142056.58,139057.45
2012-09-28,142056.93,138413.31
2012-10-01,142058.10,138778.65
2012-10-02,142058.45,138922.85
2012-10-03,142058.80,139490.07
2012-10-04,142059.15,140489.94
2012-10-05,142059.54,140499.55
2012-10-08,142060.82,140018.85
2012-10-09,142061.25,138634.43
2012-10-10,142061.64,137749.94
2012-10-11,142062.03,137826.85
2012-10-12,142062.42,137374.99
2012-10-15,142063.70,138519.06
2012-10-16,142064.13,139922.70
2012-10-17,142064.48,140557.23
2012-10-18,142064.91,140191.91
2012-10-19,142065.30,137855.69
2012-10-22,142066.47,137874.92
2012-10-23,142066.86,135961.72
2012-10-24,142067.28,135577.17
2012-10-25,142067.71,135971.33
2012-10-26,142068.14,135894.43
2012-10-31,142070.48,135894.43
2012-11-01,142070.90,137317.31
2012-11-02,142071.25,136096.32
2012-11-05,142072.30,136375.14
2012-11-06,142072.73,137442.29
2012-11-07,142073.12,134327.34
2012-11-08,142073.51,132712.18
2012-11-09,142073.90,132827.55
2012-11-12,142074.95,132933.31
2012-11-13,142075.30,132471.82
2012-11-14,142075.73,130683.61
2012-11-15,142076.12,130462.49
2012-11-16,142076.43,131106.63
2012-11-19,142077.13,133760.12
2012-11-20,142077.48,133817.80
2012-11-21,142077.79,134067.76
2012-11-23,142078.57,135894.43
2012-11-26,142079.74,135606.01
2012-11-27,142080.13,134913.80
2012-11-28,142080.52,136000.19
2012-11-29,142080.91,136634.70
2012-11-30,142081.26,136663.55
2012-12-03,142082.19,135990.57
2012-12-04,142082.58,135798.29
2012-12-05,142082.97,136038.64
2012-12-06,142083.36,136500.11
2012-12-07,142083.75,136913.52
2012-12-10,142084.80,136971.20
2012-12-11,142085.15,137903.76
2012-12-12,142085.46,137971.06
2012-12-13,142085.73,137125.03
2012-12-14,142085.97,136615.49
2012-12-17,142086.43,138221.03
2012-12-18,142334.19,139759.27
2012-12-19,142334.37,138720.95
2012-12-20,141587.66,139518.92
2012-12-21,141587.90,138252.48
2012-12-24,141588.60,137826.47
2012-12-26,141589.06,137245.53
2012-12-27,141589.41,137061.57
2012-12-28,141589.72,135580.19
2012-12-31,141589.84,137884.56
2013-01-02,141590.22,141418.57
2013-01-03,141590.53,141099.06
2013-01-04,141590.84,141718.72
2013-01-07,141591.66,141331.43
2013-01-08,141591.93,140924.78
2013-01-09,141592.20,141283.02
2013-01-10,141592.44,142406.16
2013-01-11,141592.67,142396.48
2013-01-14,141593.48,142299.66
2013-01-15,141593.79,142396.48
2013-01-16,141594.14,142377.12
2013-01-17,141594.45,143296.92
2013-01-18,141594.72,143616.44
2013-01-22,141595.97,144391.02
2013-01-23,141596.28,144623.38
2013-01-24,141596.59,144662.12
2013-01-25,141596.90,145475.43
2013-01-28,141597.83,145301.15
2013-01-29,141598.10,145872.40
2013-01-30,141598.37,145301.15
2013-01-31,141598.64,144942.90
2013-02-01,141598.91,146433.97
2013-02-04,141599.61,144787.98
2013-02-05,141599.88,146250.01
2013-02-06,141600.16,146356.51
2013-02-07,141600.43,146162.87
2013-02-08,141600.70,146976.17
2013-02-11,141601.51,146947.13
2013-02-12,141601.86,147189.18
2013-02-13,141602.21,147315.04
2013-02-14,141602.60,147450.59
2013-02-15,141603.03,147276.32
2013-02-19,141604.58,148380.09
2013-02-20,140159.77,146530.78
2013-02-21,140030.92,145640.02
2013-02-22,140031.42,147063.31
2013-02-25,140032.91,144265.15
2013-02-26,140033.37,145252.74
2013-02-27,140033.91,147082.68
2013-02-28,140034.33,146792.21
2013-03-01,140034.76,147276.32
2013-03-04,140036.02,148060.58
2013-03-05,140036.44,149387.04
2013-03-06,140036.75,149590.37
2013-03-07,140037.13,149861.47
2013-03-08,140037.52,150500.50
2013-03-11,140038.67,151071.75
2013-03-12,140039.05,150732.87
2013-03-13,140039.44,150945.88
2013-03-14,140039.78,151749.50
2013-03-15,140040.16,151549.17
2013-03-18,140041.20,150712.79
2013-03-19,140041.47,150362.68
2013-03-20,140041.74,151413.01
2013-03-21,140042.01,150119.55
2013-03-22,140042.27,151325.49
2013-03-25,140043.08,150693.34
2013-03-26,140043.39,151899.28
2013-03-27,140043.66,151899.28
2013-03-28,140044.00,152366.09
2013-04-01,140045.08,151763.13
2013-04-02,140045.38,152511.98
2013-04-03,140045.65,150965.64
2013-04-04,140045.88,151578.34
2013-04-05,140046.15,150897.58
2013-04-08,140046.96,151918.73
2013-04-09,140047.22,152443.89
2013-04-10,140047.45,154311.15
2013-04-11,140047.72,154816.87
2013-04-12,140047.99,154437.58
2013-04-15,140048.68,150858.67
2013-04-16,140048.91,153085.76
2013-04-17,140049.14,150848.95
2013-04-18,140049.37,149905.59
2013-04-19,140049.56,151208.78
2013-04-22,140050.14,151879.82
2013-04-23,140050.33,153445.60
2013-04-24,140050.52,153542.85
2013-04-25,140050.75,154165.27
2013-04-26,140050.95,153892.97
2013-04-29,140051.52,154923.84
2013-04-30,140382.65,155293.39
2013-05-01,139909.70,153931.86
2013-05-02,139909.93,155361.48
2013-05-03,139910.12,156936.97
2013-05-06,139987.72,157335.71
2013-05-07,139327.16,158133.19
2013-05-08,139327.31,158852.85
2013-05-09,139327.46,158405.50
2013-05-10,139732.44,158920.94
2013-05-13,140607.79,159047.36
2013-05-14,140893.78,160690.93
2013-05-15,139809.22,161556.48
2013-05-16,139393.00,160797.91
2013-05-17,139393.11,162353.96
2013-05-20,139393.57,162344.23
2013-05-21,139393.76,162577.64
2013-05-22,139393.92,161371.70
2013-05-23,139394.07,160904.89
2013-05-24,139394.26,160768.74
2013-05-28,139394.87,161731.55
2013-05-29,139395.06,160681.21
2013-05-30,139395.25,161274.46
2013-05-31,139395.40,158959.83
2013-06-03,139395.86,159835.12
2013-06-04,139396.05,159066.81
2013-06-05,139396.21,156839.73
2013-06-06,139396.40,158259.61
2013-06-07,139396.59,160272.75
2013-06-10,139397.05,160272.75
2013-06-11,139397.24,158619.46
2013-06-12,139397.43,157306.54
2013-06-13,139397.62,159698.96
2013-06-14,139397.81,158697.25
2013-06-17,139398.38,159922.64
2013-06-18,139398.57,161186.93
2013-06-19,139398.77,158959.83
2013-06-20,139838.77,155021.09
2013-06-21,139717.71,155518.74
2013-06-24,139051.50,153553.60
2013-06-25,138802.39,155029.90
2013-06-26,138802.62,156564.84
2013-06-27,138802.85,157483.86
2013-06-28,138803.07,156838.59
2013-07-01,138803.53,157757.61
2013-07-02,138803.68,157610.96
2013-07-03,138803.80,157679.39
2013-07-05,138804.18,159380.55
2013-07-08,138804.63,160289.78
2013-07-09,138804.82,161443.44
2013-07-10,138804.98,161502.10
2013-07-11,138805.13,163701.87
2013-07-12,138805.28,163770.30
2013-07-15,138805.74,164396.01
2013-07-16,138805.89,163780.09
2013-07-17,138806.00,164200.48
2013-07-18,138806.12,165099.94
2013-07-19,138806.23,165393.24
2013-07-22,138806.57,165715.88
2013-07-23,138806.72,165363.91
2013-07-24,138806.80,164757.76
2013-07-25,138806.91,165158.60
2013-07-26,138806.99,165334.59
2013-07-29,138807.33,164826.19
2013-07-30,138807.45,164826.19
2013-07-31,138807.60,164943.52
2013-08-01,138807.75,166849.98
2013-08-02,138807.90,167133.50
2013-08-05,138808.36,166889.09
2013-08-06,138808.55,165940.74
2013-08-07,138808.70,165403.02
2013-08-08,138808.89,166009.18
2013-08-09,138809.08,165530.12
2013-08-12,138809.65,165334.59
2013-08-13,138809.88,165823.42
2013-08-14,138810.11,164972.85
2013-08-15,138810.30,162665.54
2013-08-16,138810.49,162127.81
2013-08-19,138811.06,161091.48
2013-08-20,138811.29,161883.39
2013-08-21,138811.44,160886.16
2013-08-22,138811.59,162352.67
2013-08-23,138811.71,162900.17
2013-08-26,138812.05,162294.02
2013-08-27,138812.20,159683.63
2013-08-28,138812.39,160250.68
2013-08-29,138812.51,160504.87
2013-08-30,138812.58,159996.47
2013-09-03,138813.04,160719.96
2013-09-04,138813.11,162049.60
2013-09-05,138813.19,162254.92
2013-09-06,138813.27,162333.12
2013-09-09,138813.49,163887.63
2013-09-10,138813.57,165099.94
2013-09-11,138813.65,165618.10
2013-09-12,138813.72,165178.15
2013-09-13,138813.76,165549.68
2013-09-16,138813.87,166507.79
2013-09-17,138813.95,167250.83
2013-09-18,138813.99,169186.63
2013-09-19,138814.03,168903.09
2013-09-20,138814.06,167722.21
2013-09-23,138814.18,166946.07
2013-09-24,138814.25,166553.10
2013-09-25,138814.33,166071.70
2013-09-26,138814.41,166710.29
2013-09-27,138814.41,165943.99
2013-09-30,138814.63,165059.79
2013-10-01,138814.71,166366.43
2013-10-02,138814.79,166209.24
2013-10-03,138814.86,164676.64
2013-10-04,138814.98,165924.34
2013-10-07,138815.32,164489.97
2013-10-08,138815.43,162574.21
2013-10-09,138815.62,162692.12
2013-10-10,138815.81,166199.42
2013-10-11,138816.00,167270.28
2013-10-14,138816.92,167938.34
2013-10-15,138817.22,166720.11
2013-10-16,138817.75,169048.51
2013-10-17,138818.13,170178.31
2013-10-18,138818.32,171327.76
2013-10-21,138818.78,171337.58
2013-10-22,138818.93,172329.85
2013-10-23,138819.08,171504.61
2013-10-24,138819.24,172074.41
2013-10-25,138819.35,172860.36
2013-10-28,138819.81,173135.45
2013-10-29,138819.96,174058.94
2013-10-30,138820.11,173194.39
2013-10-31,138820.26,172703.17
2013-11-01,138820.42,173115.81
2013-11-04,138820.87,173724.92
2013-11-05,138821.06,173174.75
2013-11-06,138821.25,174058.94
2013-11-07,138821.44,171858.27
2013-11-08,138821.63,174176.83
2013-11-11,138822.32,174206.32
2013-11-12,138822.55,173852.64
2013-11-13,138822.85,175247.70
2013-11-14,138823.15,176122.07
2013-11-15,139261.46,176888.38
2013-11-18,138623.82,176269.43
2013-11-19,138624.16,175886.28
2013-11-20,138624.47,175336.12
2013-11-21,138624.77,176750.83
2013-11-22,138625.04,177635.03
2013-11-25,138625.83,177458.19
2013-11-26,138626.14,177507.30
2013-11-27,138626.40,177939.58
2013-11-29,138626.94,177821.69
2013-12-02,138627.62,177359.94
2013-12-03,138627.81,176593.64
2013-12-04,138628.04,176573.99
2013-12-05,138628.27,175797.87
2013-12-06,138628.49,177762.75
2013-12-09,138629.18,178214.66
2013-12-10,138629.44,177576.08
2013-12-11,138629.71,175581.73
2013-12-12,138629.97,175002.09
2013-12-13,138630.24,174982.44
2013-12-16,138631.04,176072.95
2013-12-17,138631.30,175512.95
2013-12-18,138631.57,178509.40
2013-12-19,138631.84,178303.09
2013-12-20,138632.06,179340.25
2013-12-23,138632.86,180298.39
2013-12-24,138633.13,180693.49
2013-12-26,138633.66,181612.13
2013-12-27,138633.92,181602.26
2013-12-30,138634.72,181572.63
2013-12-31,138634.99,182431.98
2014-01-02,138635.52,180683.62
2014-01-03,138635.79,180653.99
2014-01-06,138636.58,180130.47
2014-01-07,138636.77,181236.77
2014-01-08,138636.92,181276.29
2014-01-09,138637.11,181394.82
2014-01-10,138637.27,181888.71
2014-01-13,138637.84,179468.66
2014-01-14,138637.95,181424.45
2014-01-15,138638.10,182402.35
2014-01-16,138638.25,182165.28
2014-01-17,138638.41,181394.82
2014-01-21,138639.17,181928.21
2014-01-22,138639.32,182046.75
2014-01-23,138639.47,180555.20
2014-01-24,138639.62,176702.89
2014-01-27,138640.08,175833.65
2014-01-28,138640.27,176880.70
2014-01-29,138640.46,175181.73
2014-01-30,138640.61,177038.73
2014-01-31,138640.69,176001.57
2014-02-03,138640.91,172040.60
2014-02-04,138641.10,173245.68
2014-02-05,138641.33,173028.37
2014-02-06,138641.60,175310.13
2014-02-07,138641.86,177483.23
2014-02-10,138642.77,177809.19
2014-02-11,138643.04,179755.11
2014-02-12,138643.23,179844.02
2014-02-13,138643.42,180772.52
2014-02-14,138643.53,181770.18
2014-02-18,138643.84,181987.49
2014-02-19,138644.03,180782.40
2014-02-20,138644.26,181849.20
2014-02-21,138644.45,181641.76
2014-02-24,138378.62,182649.30
2014-02-25,138036.84,182580.14
2014-02-26,138037.03,182590.03
2014-02-27,138037.22,183548.17
2014-02-28,138037.37,184012.41
2014-03-03,138037.94,182718.43
2014-03-04,138038.13,185286.65
2014-03-05,138038.32,185454.57
2014-03-06,138038.54,185879.31
2014-03-07,138038.73,185958.33
2014-03-10,138039.41,185859.56
2014-03-11,138039.60,184940.92
2014-03-12,138039.79,184990.32
2014-03-13,138039.98,182915.98
2014-03-14,138040.17,182402.35
2014-03-17,138040.74,184051.93
2014-03-18,138040.97,185365.67
2014-03-19,138041.15,184377.90
2014-03-20,138041.38,185454.57
2014-03-21,138041.61,184735.27
2014-03-24,138042.29,183971.32
2014-03-25,138042.52,184844.41
2014-03-26,138042.70,183514.95
2014-03-27,138042.89,183128.02
2014-03-28,138043.05,184030.86
2014-03-31,138043.50,185538.90
2014-04-01,138043.69,186769.15
2014-04-02,138043.84,187394.20
2014-04-03,138043.91,187146.16
2014-04-04,138043.99,184933.69
2014-04-07,138044.33,182889.90
2014-04-08,138044.44,183643.93
2014-04-09,138044.56,185618.27
2014-04-10,138044.71,181719.19
2014-04-11,138044.86,180082.16
2014-04-14,138045.31,181500.92
2014-04-15,138045.47,182751.00
2014-04-16,138045.62,184665.83
2014-04-17,138045.77,184923.78
2014-04-21,138046.22,185568.66
2014-04-22,138046.37,186411.98
2014-04-23,138046.49,185975.44
2014-04-24,138046.56,186352.45
2014-04-25,138046.60,184824.56
2014-04-28,138046.94,185409.93
2014-04-29,138047.05,186273.08
2014-04-30,138047.13,186828.67
2014-05-01,138047.24,186848.52
2014-05-02,138047.36,186580.64
2014-05-05,138047.58,186937.81
2014-05-06,138047.70,185310.71
2014-05-07,138047.81,186402.06
2014-05-08,138047.92,186203.62
2014-05-09,138048.04,186481.44
2014-05-12,138048.38,188297.03
2014-05-13,138048.49,188465.70
2014-05-14,138048.60,187572.77
2014-05-15,138048.72,185925.83
2014-05-16,138048.83,186570.72
2014-05-19,138049.17,187255.30
2014-05-20,138049.29,186074.66
2014-05-21,138049.40,187642.23
2014-05-22,138049.55,188098.60
2014-05-23,138049.66,188852.63
2014-05-27,138050.27,190013.43
2014-05-28,138050.42,189874.53
2014-05-29,138050.57,190856.73
2014-05-30,138050.72,191164.29
2014-06-02,138051.18,191382.56
2014-06-03,138051.33,191283.36
2014-06-04,138051.48,191670.29
2014-06-05,138051.63,192920.37
2014-06-06,138051.78,193843.06
2014-06-09,138052.24,194041.49
2014-06-10,138052.39,194061.34
2014-06-11,138052.54,193386.68
2014-06-12,138052.69,192017.53
2014-06-13,138052.84,192602.90
2014-06-16,138053.29,192761.63
2014-06-17,138053.45,193297.39
2014-06-18,138053.60,194716.13
2014-06-19,138053.71,194934.40
2014-06-20,138053.79,195330.17
2014-06-23,138054.01,195270.36
2014-06-24,138054.13,194094.03
2014-06-25,138054.24,194971.29
2014-06-26,138054.35,194831.73
2014-06-27,138054.51,195210.55
2014-06-30,138054.85,195110.86
2014-07-01,138055.00,196416.78
2014-07-02,138055.07,196616.15
2014-07-03,138055.15,197583.13
2014-07-07,138055.30,196895.28
2014-07-08,138055.45,195629.24
2014-07-09,138055.56,196506.49
2014-07-10,138055.68,195728.92
2014-07-11,138055.75,195998.09
2014-07-14,138055.98,196985.01
2014-07-15,138056.09,196616.15
2014-07-16,138056.17,197343.89
2014-07-17,138056.24,195100.89
2014-07-18,138056.32,197094.67
2014-07-21,138056.55,196725.81
2014-07-22,138056.66,197583.13
2014-07-23,138056.77,198021.77
2014-07-24,138056.89,198031.73
2014-07-25,138057.00,197104.63
2014-07-28,138057.34,197184.39
2014-07-29,138057.49,196337.03
2014-07-30,138057.57,196366.93
2014-07-31,138057.72,192489.04
2014-08-01,138057.83,191900.88
2014-08-04,138058.17,193286.55
2014-08-05,138058.33,191412.40
2014-08-06,138058.44,191472.22
2014-08-07,138058.55,190435.45
2014-08-08,138058.67,192638.58
2014-08-11,138059.01,193196.83
2014-08-12,138059.16,192927.67
2014-08-13,138059.27,194233.59
2014-08-14,138059.42,195150.73
2014-08-15,138059.57,195110.86
2014-08-18,138059.91,196745.75
2014-08-19,138060.03,197772.55
2014-08-20,138060.14,198300.89
2014-08-21,138060.29,198879.09
2014-08-22,138060.37,198570.06
2014-08-25,138060.71,199576.91
2014-08-26,138060.86,199706.51
2014-08-27,138060.97,199626.76
2014-08-28,138061.12,199517.10
2014-08-29,138061.24,200085.33
2014-09-02,138061.69,199985.64
2014-09-03,138061.81,199875.98
2014-09-04,138061.92,199586.89
2014-09-05,138062.03,200484.08
2014-09-08,138062.37,199965.70
2014-09-09,138062.45,198699.66
2014-09-10,138062.52,199447.32
2014-09-11,138062.60,199676.60
2014-09-12,138062.68,198510.25
2014-09-15,138062.90,198360.71
2014-09-16,138062.98,199856.04
2014-09-17,138063.05,200125.20
2014-09-18,138063.13,201191.88
2014-09-19,138063.20,201010.59
2014-09-22,138063.43,199458.19
2014-09-23,138063.47,198316.42
2014-09-24,138063.51,199868.82
2014-09-25,138063.58,196643.84
2014-09-26,138063.62,198206.25
2014-09-29,138063.73,197845.69
2014-09-30,138063.81,197324.90
2014-10-01,138063.89,194650.77
2014-10-02,138063.96,194680.82
2014-10-03,138064.00,196824.13
2014-10-06,138064.11,196593.76
2014-10-07,138064.19,193559.07
2014-10-08,138064.26,196944.31
2014-10-09,138064.30,193038.28
2014-10-10,138064.34,190834.86
2014-10-13,138064.45,187700.03
2014-10-14,138064.49,187990.47
2014-10-15,138064.57,186718.50
2014-10-16,138064.64,186558.26
2014-10-17,138064.76,188761.67
2014-10-20,138064.98,190594.50
2014-10-21,138065.06,194370.34
2014-10-22,138065.13,192988.20
2014-10-23,138065.21,195231.65
2014-10-24,138065.25,196733.98
2014-10-27,138065.36,196463.57
2014-10-28,138065.44,198717.05
2014-10-29,138065.51,198416.58
2014-10-30,138065.63,199688.55
2014-10-31,138065.66,201972.08
2014-11-03,138065.78,202082.25
2014-11-04,138065.85,201381.17
2014-11-05,138065.97,202653.13
2014-11-06,138066.08,203464.38
2014-11-07,138066.19,203654.67
2014-11-10,138066.53,204295.66
2014-11-11,138066.61,204495.97
2014-11-12,138066.68,204275.64
2014-11-13,138066.76,204505.99
2014-11-14,138066.84,204556.07
2014-11-17,138067.06,204686.27
2014-11-18,138067.18,205868.10
2014-11-19,138067.25,205537.59
2014-11-20,138067.29,205898.14
2014-11-21,138067.37,206999.84
2014-11-24,138067.48,207580.74
2014-11-25,138067.55,207430.51
2014-11-26,138067.63,207961.33
2014-11-28,138067.78,207520.65
2014-12-01,138068.01,206078.42
2014-12-02,138068.12,207410.48
2014-12-03,138068.24,208211.72
2014-12-04,138068.27,207981.37
2014-12-05,138068.35,208321.89
2014-12-08,138068.58,206929.74
2014-12-09,138068.69,206789.52
2014-12-10,138068.84,203474.40
2014-12-11,138068.95,204505.99
2014-12-12,138069.07,201200.88
2014-12-15,138069.29,199818.74
2014-12-16,138069.45,198216.28
2014-12-17,138069.56,202102.27
2014-12-18,138069.67,207100.00
2014-12-19,138069.82,207981.20
2014-12-22,138070.28,208937.91
2014-12-23,138070.47,209219.89
2014-12-24,138070.58,209240.04
2014-12-26,138070.66,209914.78
2014-12-29,138070.77,210196.76
2014-12-30,138070.88,209068.84
2014-12-31,138071.00,206994.25
2015-01-02,138071.30,206883.47
2015-01-05,138071.53,203147.23
2015-01-06,138071.64,201233.79
2015-01-07,138071.75,203741.40
2015-01-08,138071.87,207356.80
2015-01-09,138071.98,205695.13
2015-01-12,138072.21,204083.80
2015-01-13,138072.32,203509.78
2015-01-14,138072.43,202281.15
2015-01-15,138072.59,200428.13
2015-01-16,138072.70,203056.60
2015-01-20,138073.15,203489.63
2015-01-21,138073.27,204516.85
2015-01-22,138073.38,207558.23
2015-01-23,138073.49,206420.23
2015-01-26,138073.72,206903.62
2015-01-27,138073.83,204174.45
2015-01-28,138073.91,201556.05
2015-01-29,138073.99,203419.15
2015-01-30,138074.10,200861.17
2015-02-02,138074.33,203348.64
2015-02-03,138074.40,206289.30
2015-02-04,138074.48,205503.78
2015-02-05,138074.51,207578.36
2015-02-06,138074.59,207004.33
2015-02-09,138074.82,206077.82
2015-02-10,138074.86,208273.24
2015-02-11,138074.89,208394.08
2015-02-12,138074.93,210398.17
2015-02-13,138075.01,211264.26
2015-02-17,138075.16,211596.59
2015-02-18,138075.23,211616.74
2015-02-19,138075.31,211465.67
2015-02-20,138075.38,212734.59
2015-02-23,138075.61,212704.38
2015-02-24,138075.69,213308.62
2015-02-25,138075.76,213127.35
2015-02-26,138075.84,212875.58
2015-02-27,138075.95,212150.49
2015-03-02,138076.18,213489.90
2015-03-03,138076.26,212613.73
2015-03-04,138076.33,211717.44
2015-03-05,138076.37,211949.07
2015-03-06,138076.44,208968.12
2015-03-09,138076.56,209834.21
2015-03-10,138076.63,206430.29
2015-03-11,138076.71,205946.90
2015-03-12,138076.82,208565.30
2015-03-13,138076.94,207286.31
2015-03-16,138077.28,210055.77
2015-03-17,138077.47,209431.39
2015-03-18,138077.65,211949.07
2015-03-19,138077.77,210982.28
2015-03-20,138077.88,212844.58
2015-03-23,138078.00,212429.83
2015-03-24,138078.11,211236.19
2015-03-25,138078.18,208140.77
2015-03-26,138078.34,207645.11
2015-03-27,138078.45,208120.55
2015-03-30,138078.90,210659.58
2015-03-31,138079.05,208818.52
2015-04-01,138079.17,208080.08
2015-04-02,138079.28,208828.64
2015-04-06,138079.58,210234.73
2015-04-07,138079.70,209678.36
2015-04-08,138079.77,210386.46
2015-04-09,138079.89,211317.10
2015-04-10,138080.00,212470.29
2015-04-13,138080.23,211509.30
2015-04-14,138080.34,211913.94
2015-04-15,138080.42,212864.80
2015-04-16,138080.49,212804.11
2015-04-17,138080.57,210356.11
2015-04-20,138080.68,212278.10
2015-04-21,138080.79,212025.21
2015-04-22,138080.91,213067.13
2015-04-23,138081.02,213603.26
2015-04-24,138081.14,214098.92
2015-04-27,138081.48,213208.75
2015-04-28,138081.55,213886.50
2015-04-29,138081.63,213006.44
2015-04-30,138081.66,210872.02
2015-05-01,138081.70,213158.16
2015-05-04,138081.82,213765.11
2015-05-05,138081.89,211317.10
2015-05-06,138081.93,210447.15
2015-05-07,138082.01,211286.75
2015-05-08,138082.04,214068.57
2015-05-11,138082.16,213046.89
2015-05-12,138082.23,212409.60
2015-05-13,138082.35,212450.07
2015-05-14,138082.42,214665.41
2015-05-15,138082.46,214898.07
2015-05-18,138082.69,215565.71
2015-05-19,138082.76,215494.89
2015-05-20,138082.84,215343.16
2015-05-21,138082.91,215970.33
2015-05-22,138082.99,215454.43
2015-05-26,138083.29,213137.93
2015-05-27,138083.37,215161.07
2015-05-28,138083.40,214918.30
2015-05-29,138083.44,213583.02
2015-06-01,138083.56,214018.01
2015-06-02,138083.63,213805.57
2015-06-03,138083.67,214372.05
2015-06-04,138083.75,212561.34
2015-06-05,138083.82,212197.18
2015-06-08,138084.16,210892.24
2015-06-09,138084.24,210861.90
2015-06-10,138084.31,213390.82
2015-06-11,138084.39,214078.70
2015-06-12,138084.43,212439.94
2015-06-15,138084.65,211529.54
2015-06-16,138084.73,212682.73
2015-06-17,138084.77,213026.66
2015-06-18,138084.80,215242.00
2015-06-19,138084.84,214286.50
2015-06-22,138084.96,215384.31
2015-06-23,138084.99,215536.77
2015-06-24,138085.03,213971.39
2015-06-25,138085.07,213320.83
2015-06-26,138085.11,213280.18
2015-06-29,138085.22,208807.61
2015-06-30,138085.30,209244.71
2015-07-01,138085.33,210921.91
2015-07-02,138085.37,210728.78
2015-07-06,138085.52,210129.05
2015-07-07,138085.60,211450.49
2015-07-08,138085.67,207902.93
2015-07-09,138085.75,208279.03
2015-07-10,138085.86,210901.58
2015-07-13,138085.98,213229.35
2015-07-14,138086.05,214154.35
2015-07-15,138086.09,214083.20
2015-07-16,138086.17,215801.07
2015-07-17,138086.24,215984.03
2015-07-20,138086.58,216095.85
2015-07-21,138086.73,215242.00
2015-07-22,138086.85,214855.73
2015-07-23,138087.00,213646.10
2015-07-24,138087.11,211430.16
2015-07-27,138087.57,210200.20
2015-07-28,138087.76,212782.09
2015-07-29,138087.94,214245.84
2015-07-30,138088.17,214296.67
2015-07-31,138088.44,213971.39
2015-08-03,138089.34,213249.67
2015-08-04,138089.65,212832.92
2015-08-05,138089.95,213534.30
2015-08-06,138090.25,211785.94
2015-08-07,138090.40,211379.33
2015-08-10,138091.08,214042.55
2015-08-11,138091.54,212111.20
2015-08-12,138091.92,212365.33
2015-08-13,138092.30,212101.05
2015-08-14,138092.67,212873.57
2015-08-17,138093.70,214062.87
2015-08-18,138094.07,213442.81
2015-08-19,138094.34,211755.44
2015-08-20,138094.53,207333.70
2015-08-21,138094.60,201092.44
2015-08-24,138094.94,192625.07
2015-08-25,138095.17,190358.30
2015-08-26,138095.44,197666.87
2015-08-27,138095.66,202556.19
2015-08-28,138095.89,202566.35
2015-08-31,138096.57,200929.80
2015-09-01,138096.87,194932.51
2015-09-02,138096.99,198632.54
2015-09-03,138097.10,198774.85
2015-09-04,138097.18,195766.03
2015-09-08,138097.48,200685.84
2015-09-09,138097.71,198002.30
2015-09-10,138097.82,199079.80
2015-09-11,138097.89,199984.47
2015-09-14,138098.35,199242.42
2015-09-15,138098.61,201732.84
2015-09-16,138098.88,203481.19
2015-09-17,138099.11,203023.77
2015-09-18,138099.14,199706.07
2015-09-21,138099.03,200738.07
2015-09-22,138099.07,198132.54
2015-09-23,138099.03,197815.79
2015-09-24,138099.07,197100.54
2015-09-25,138099.11,197049.46
2015-09-28,138098.99,192104.05
2015-09-29,138099.03,192216.45
2015-09-30,138099.07,195802.89
2015-10-01,138099.03,196313.78
2015-10-02,138098.95,199246.27
2015-10-05,138098.95,202791.83
2015-10-06,138098.99,202097.02
2015-10-07,138098.99,203752.31
2015-10-08,138098.99,205591.50
2015-10-09,138098.95,205714.11
2015-10-12,138099.07,205908.25
2015-10-13,138099.11,204610.59
2015-10-14,138099.14,203629.68
2015-10-15,138099.14,206756.33
2015-10-16,138099.18,207696.36
2015-10-19,138099.29,207798.53
2015-10-20,138099.37,207532.87
2015-10-21,138099.45,206245.44
2015-10-22,138099.48,209729.68
2015-10-23,138099.48,212028.68
2015-10-26,138099.60,211507.58
2015-10-27,138099.67,211098.88
2015-10-28,138099.79,213500.04
2015-10-29,138099.94,213377.43
2015-10-30,138100.20,212457.82
2015-11-02,138101.11,214971.40
2015-11-03,138101.41,215594.68
2015-11-04,138101.64,214940.75
2015-11-05,138101.83,214726.17
2015-11-06,138102.02,214613.77
2015-11-09,138102.93,212611.10
2015-11-10,138103.46,213101.55
2015-11-11,138103.95,212263.70
2015-11-12,138104.44,209300.54
2015-11-13,138104.97,206950.45
2015-11-16,138106.45,210097.52
2015-11-17,138107.01,209944.26
2015-11-18,138107.54,213275.25
2015-11-19,138108.00,213091.34
2015-11-20,138108.41,213867.88
2015-11-23,138109.66,213622.66
2015-11-24,138110.19,213908.76
2015-11-25,138110.80,213878.11
2015-11-27,138112.24,214123.32
2015-11-30,138114.16,213234.38
2015-12-01,138115.00,215267.71
2015-12-02,138115.79,213070.90
2015-12-03,138116.59,210087.31
2015-12-04,138117.38,214184.63
2015-12-07,138119.88,212886.98
2015-12-08,138120.98,211456.49
2015-12-09,138122.00,209811.43
2015-12-10,138122.98,210352.97
2015-12-11,138123.89,206276.09
2015-12-14,138126.39,207318.29
2015-12-15,138127.37,209494.68
2015-12-16,138128.32,212560.01
2015-12-17,138129.34,209320.98
2015-12-18,138130.21,205591.92
2015-12-21,138132.37,207287.88
2015-12-22,138133.28,209168.86
2015-12-23,138134.07,211759.06
2015-12-24,138134.83,211409.58
2015-12-28,138137.85,210926.50
2015-12-29,138138.72,213177.49
2015-12-30,138139.60,211666.54
2015-12-31,138140.39,209549.16
2016-01-04,138142.81,206619.78
2016-01-05,138143.64,206969.24
2016-01-06,138144.40,204358.49
2016-01-07,138145.20,199455.61
2016-01-08,138145.95,197266.27
2016-01-11,138148.22,197461.57
2016-01-12,138149.02,199054.75
2016-01-13,138149.81,194090.20
2016-01-14,138150.65,197276.55
2016-01-15,138151.59,193041.78
2016-01-19,138155.08,193298.75
2016-01-20,138156.06,190821.61
2016-01-21,138157.04,191890.59
2016-01-22,138158.10,195827.28
2016-01-25,138161.51,192867.05
2016-01-26,138162.68,195498.36
2016-01-27,138163.86,193370.70
2016-01-28,138165.07,194378.00
2016-01-29,138166.36,199116.42
2016-02-01,138169.99,199044.46
2016-02-02,138171.31,195457.25
2016-02-03,138172.60,196629.01
2016-02-04,138173.85,196937.37
2016-02-05,138174.95,193185.68
2016-02-08,138178.24,190585.20
2016-02-09,138179.45,190595.48
2016-02-10,138180.59,190431.03
2016-02-11,138181.76,187953.89
2016-02-12,138182.82,191828.92
2016-02-16,138187.21,195066.66
2016-02-17,138188.35,198253.02
2016-02-18,138189.49,197441.01
2016-02-19,138190.62,197348.50
2016-02-22,138194.03,200205.94
2016-02-23,138195.28,197677.43
2016-02-24,138196.49,198581.93
2016-02-25,138197.74,200987.11
2016-02-26,138367.62,200524.58
2016-02-29,138445.19,198951.96
2016-03-01,137887.53,203628.71
2016-03-02,141136.32,204543.50
2016-03-03,142103.60,205345.23
2016-03-04,141739.84,206013.33
2016-03-07,142044.77,206177.79
2016-03-08,139745.91,203926.78
2016-03-09,140381.54,204934.09
2016-03-10,140965.40,205098.54
2016-03-11,140901.73,208408.24
2016-03-14,141449.06,208141.00
2016-03-15,140543.68,207801.81
2016-03-16,141315.83,209004.40
2016-03-17,142608.37,210330.34
2016-03-18,143966.59,211156.87
2016-03-21,143989.34,211456.48
2016-03-22,143939.83,211342.83
2016-03-23,142362.88,209948.07
2016-03-24,142848.74,209855.08
2016-03-28,142872.23,209979.07
2016-03-29,142910.56,211921.39
2016-03-30,143171.09,212851.25
2016-03-31,143208.32,212334.67
2016-04-01,142607.39,213781.08
2016-04-04,142274.36,213088.87
2016-04-05,141796.21,210960.56
2016-04-06,141825.07,213264.50
2016-04-07,141900.78,210712.60
2016-04-08,141939.01,211280.84
2016-04-11,142063.08,210784.93
2016-04-12,142223.14,212747.92
2016-04-13,142139.51,214896.89
2016-04-14,142140.25,214907.22
2016-04-15,142094.11,214669.60
2016-04-18,142077.51,216178.02
2016-04-19,142059.48,216859.89
2016-04-20,142153.87,217066.53
2016-04-21,142173.36,215899.06
2016-04-22,142286.56,215899.06
2016-04-25,142232.57,215527.12
2016-04-26,142598.86,215847.40
2016-04-27,143404.73,216291.66
2016-04-28,142416.22,214328.65
2016-04-29,142249.35,213171.52
2016-05-02,142260.91,214865.90
2016-05-03,142176.84,212995.89
2016-05-04,142139.84,211807.75
2016-05-05,142131.04,211766.43
2016-05-06,142018.64,212541.29
2016-05-09,142006.82,212716.93
2016-05-10,142007.76,215361.81
2016-05-11,142008.69,213347.16
2016-05-12,142009.70,213409.14
2016-05-13,142010.75,211549.46
2016-05-16,142014.02,213636.44
2016-05-17,142015.11,211642.45
2016-05-18,142016.20,211704.44
2016-05-19,142017.37,210970.89
2016-05-20,142018.53,212303.67
2016-05-23,142022.27,212014.39
2016-05-24,142023.63,214762.58
2016-05-25,142024.99,216219.34
2016-05-26,142026.28,216281.32
2016-05-27,142027.44,217211.17
2016-05-31,142032.27,216797.90
2016-06-01,142033.59,217242.17
2016-06-02,142034.76,217903.39
2016-06-03,142035.85,217252.49
2016-06-06,142608.17,218357.98
2016-06-07,143373.79,218698.91
2016-06-08,142240.50,219411.79
2016-06-09,141753.80,219112.18
2016-06-10,141754.77,217035.54
2016-06-13,141757.68,215361.81
2016-06-14,141758.73,214938.21
2016-06-15,141759.78,214638.60
2016-06-16,141760.79,215279.16
2016-06-17,141761.83,214477.42
2016-06-20,141764.86,215858.67
2016-06-21,141765.95,216471.40
2016-06-22,141767.00,216118.30
2016-06-23,141768.05,218932.71
2016-06-24,141769.21,211071.04
2016-06-27,141772.24,207290.79
2016-06-28,141773.29,211029.49
2016-06-29,141774.30,214622.81
2016-06-30,141775.31,217551.46
2016-07-01,141776.32,218008.42
2016-07-05,141780.52,216440.24
2016-07-06,141781.60,217738.41
2016-07-07,141782.65,217603.39
2016-07-08,141783.78,220843.61
2016-07-11,141786.93,221622.50
2016-07-12,141788.13,223232.23
2016-07-13,141789.26,223201.07
2016-07-14,141790.46,224447.31
2016-07-15,141791.67,224146.14
2016-07-18,141795.28,224748.49
2016-07-19,141796.52,224520.01
2016-07-20,141797.73,225454.69
2016-07-21,141798.97,224603.10
2016-07-22,141800.17,225610.47
2016-07-25,141803.90,224997.73
2016-07-26,141805.15,225101.59
2016-07-27,141806.35,224862.73
2016-07-28,141807.55,225122.36
2016-07-29,141808.53,225485.84
2016-08-01,141811.67,225298.91
2016-08-02,141812.80,223855.35
2016-08-03,141813.93,224509.62
2016-08-04,141815.01,224748.49
2016-08-05,141816.02,226586.68
2016-08-08,141819.17,226451.68
2016-08-09,141820.38,226586.68
2016-08-10,141821.50,226025.88
2016-08-11,141822.59,227074.79
2016-08-12,141823.68,226877.48
2016-08-15,141826.94,227531.75
2016-08-16,141828.15,226358.22
2016-08-17,141829.20,226784.00
2016-08-18,141830.36,227292.89
2016-08-19,141831.49,226960.55
2016-08-22,141834.87,226950.17
2016-08-23,141836.00,227407.13
2016-08-24,141837.16,226243.98
2016-08-25,141838.37,226088.19
2016-08-26,141839.65,225662.39
2016-08-29,141843.50,226773.62
2016-08-30,141517.45,226399.75
2016-08-31,141123.69,225755.87
2016-09-01,141124.96,225766.25
2016-09-02,141126.24,226784.00
2016-09-06,141131.19,227469.44
2016-09-07,141132.43,227448.66
2016-09-08,141133.74,226929.40
2016-09-09,141135.05,221497.88
2016-09-12,141139.00,224675.79
2016-09-13,141140.43,221445.95
2016-09-14,141141.82,221362.87
2016-09-15,141143.10,223574.95
2016-09-16,141144.22,222710.70
2016-09-19,141147.58,222752.46
2016-09-20,141148.74,222762.89
2016-09-21,141149.90,225267.96
2016-09-22,141150.75,226687.48
2016-09-23,141151.45,225445.40
2016-09-26,141153.54,223618.79
2016-09-27,141154.51,225007.02
2016-09-28,141155.51,226123.85
2016-09-29,141156.56,224078.04
2016-09-30,141157.56,225768.97
2016-10-03,141160.81,225226.20
2016-10-04,141162.05,224078.04
2016-10-05,141163.32,225069.64
2016-10-06,141164.56,225226.20
2016-10-07,141165.80,224453.80
2016-10-10,141169.51,225622.84
2016-10-11,141170.75,222773.32
2016-10-12,141172.10,223065.59
2016-10-13,141173.50,222334.94
2016-10-14,141174.62,222449.75
2016-10-17,141178.21,221677.37
2016-10-18,141179.53,223065.59
2016-10-19,141180.84,223660.54
2016-10-20,141182.16,223243.03
2016-10-21,141183.47,223347.40
2016-10-24,141187.30,224297.24
2016-10-25,141188.58,223545.72
2016-10-26,141189.90,223096.90
2016-10-27,141191.17,222501.94
2016-10-28,141192.29,221844.36
2016-10-31,141195.66,221854.81
2016-11-01,141196.97,220247.38
2016-11-02,141198.33,218921.80
2016-11-03,141199.72,217919.76
2016-11-04,141201.15,217679.70
2016-11-07,141205.45,222481.06
2016-11-08,141207.03,223483.10
2016-11-09,141208.70,225852.47
2016-11-10,141210.40,226416.11
2016-11-11,141212.22,225894.22
2016-11-14,141217.67,226071.66
2016-11-15,141219.76,227835.64
2016-11-16,141221.70,227407.69
2016-11-17,141223.47,228576.73
2016-11-18,141225.14,228065.28
2016-11-21,141230.13,229787.50
2016-11-22,141231.91,230236.33
2016-11-23,140944.15,230361.58
2016-11-25,141017.93,231217.49
2016-11-28,141003.45,230131.95
2016-11-29,140468.79,230580.78
2016-11-30,140470.64,230027.58
2016-12-01,140472.49,229182.13
2016-12-02,140474.29,229296.93
2016-12-05,140479.84,230674.72
2016-12-06,140481.72,231405.36
2016-12-07,140483.61,234432.32
2016-12-08,140485.57,235006.39
2016-12-09,140487.50,236425.92
2016-12-12,140493.62,236154.55
2016-12-13,140495.58,237730.65
2016-12-14,140497.66,235768.36
2016-12-15,140499.74,236739.06
2016-12-16,140501.66,236276.04
2016-12-19,140507.43,236790.51
2016-12-20,140509.44,237703.94
2016-12-21,140511.44,237042.50
2016-12-22,140513.40,236633.03
2016-12-23,140515.33,236979.50
2016-12-27,140523.18,237567.46
2016-12-28,140525.14,235604.08
2016-12-29,140527.15,235551.60
2016-12-30,140528.92,234690.65
2017-01-03,140536.62,236486.04
2017-01-04,140538.66,237892.94
2017-01-05,140540.66,237703.94
2017-01-06,140542.62,238554.40
2017-01-09,140548.63,237766.95
2017-01-10,140550.56,237766.95
2017-01-11,140552.52,238438.91
2017-01-12,140554.48,237840.44
2017-01-13,140556.45,238386.41
2017-01-17,140564.46,237546.46
2017-01-18,140566.54,238071.42
2017-01-19,140568.54,237189.49
2017-01-20,140570.50,238060.93
2017-01-23,140576.16,237441.46
2017-01-24,140578.13,238963.87
2017-01-25,140580.05,241032.23
2017-01-26,140581.94,240780.24
2017-01-27,140583.87,240402.27
2017-01-30,140589.76,238911.37
2017-01-31,140591.72,238890.37
2017-02-01,140593.73,238984.86
2017-02-02,140595.65,239142.36
2017-02-03,140597.62,240790.74
2017-02-06,140603.40,240360.26
2017-02-07,140605.44,240370.77
2017-02-08,140607.48,240685.75
2017-02-09,140609.52,242113.66
2017-02-10,140611.56,243069.08
2017-02-13,140617.80,244392.00
2017-02-14,140619.81,245368.43
2017-02-15,140621.89,246649.34
2017-02-16,140623.93,246439.36
2017-02-17,140625.93,246827.83
2017-02-21,140633.95,248297.74
2017-02-22,140635.99,248077.25
2017-02-23,140637.99,248245.24
2017-02-24,140639.96,248560.22
2017-02-27,140645.85,248948.69
2017-02-28,140647.78,248276.74
2017-03-01,140649.82,251752.00
2017-03-02,140652.21,250166.61
2017-03-03,140654.75,250324.09
2017-03-06,140662.85,249578.65
2017-03-07,140665.66,248833.20
2017-03-08,140668.55,248371.23
2017-03-09,140671.32,248686.21
2017-03-10,140674.10,249557.65
2017-03-13,140682.54,249683.64
2017-03-14,140685.55,248728.20
2017-03-15,140688.51,250880.56
2017-03-16,140691.29,250387.09
2017-03-17,140694.07,249947.37
2017-03-20,140702.39,249673.20
2017-03-21,140705.28,246467.52
2017-03-22,140708.21,247047.50
2017-03-23,140711.14,246783.88
2017-03-24,140714.03,246604.61
2017-03-27,140722.94,246351.53
2017-03-28,140725.91,248144.19
2017-03-29,140728.88,248376.16
2017-03-30,140731.84,249167.03
2017-03-31,140734.81,248587.07
2017-04-03,140743.49,248154.72
2017-04-04,140746.50,248312.89
2017-04-05,140749.50,247574.75
2017-04-06,140752.55,248270.72
2017-04-07,140755.56,248017.63
2017-04-10,140764.93,248165.26
2017-04-11,140768.05,247870.01
2017-04-12,140771.18,246783.88
2017-04-13,140774.26,245181.04
2017-04-14,140777.35,245181.04
2017-04-17,140786.60,247353.31
2017-04-18,140789.77,246615.15
2017-04-19,140792.89,246161.73
2017-04-20,140795.98,248165.26
2017-04-21,140798.99,247374.39
2017-04-24,140808.01,250094.99
2017-04-25,140811.10,251550.21
2017-04-26,140814.22,251392.02
2017-04-27,140817.39,251602.93
2017-04-28,140820.47,251054.59
2017-05-01,140829.62,251687.28
2017-05-02,140832.78,251782.20
2017-05-03,140835.91,251476.38
2017-05-04,140839.15,251771.64
2017-05-05,140842.39,252762.87
2017-05-08,140852.58,252720.70
2017-05-09,140856.05,252488.71
2017-05-10,140859.52,252942.13
2017-05-11,140862.96,252425.44
2017-05-12,140866.31,252003.63
2017-05-15,140876.27,253395.57
2017-05-16,140879.71,253163.58
2017-05-17,140883.14,248671.43
2017-05-18,140886.58,249673.20
2017-05-19,140890.09,251297.12
2017-05-22,140900.51,252573.07
2017-05-23,140904.06,253131.95
2017-05-24,140907.58,253722.47
2017-05-25,140911.13,254935.13
2017-05-26,140914.68,254882.42
2017-05-30,140928.89,254660.97
2017-05-31,140932.44,254597.70
2017-06-01,140936.15,256622.33
2017-06-02,140939.85,257476.47
2017-06-05,140950.97,257286.67
2017-06-06,140954.64,256464.16
2017-06-07,140958.35,256938.68
2017-06-08,140962.13,257065.22
2017-06-09,140965.96,256675.06
2017-06-12,140977.43,256622.33
2017-06-13,140981.17,257877.19
2017-06-14,140985.00,257550.29
2017-06-15,140988.82,257054.68
2017-06-16,140992.68,257110.84
2017-06-19,141004.39,259251.31
2017-06-20,141008.29,257502.90
2017-06-21,141012.15,257439.32
2017-06-22,141015.90,257322.76
2017-06-23,141019.53,257630.06
2017-06-26,141030.54,257799.59
2017-06-27,141034.33,255722.71
2017-06-28,141038.16,258011.53
2017-06-29,141042.02,255743.91
2017-06-30,141045.96,256220.74
2017-07-03,141057.67,256655.20
2017-07-05,141065.71,257248.59
2017-07-06,141069.69,254896.19
2017-07-07,141073.63,256549.23
2017-07-10,141085.57,256824.73
2017-07-11,141089.56,256634.00
2017-07-12,141093.54,258562.54
2017-07-13,141097.52,258996.99
2017-07-14,141101.50,260204.98
2017-07-17,141113.33,260173.19
2017-07-18,141117.39,260310.95
2017-07-19,141121.45,261720.27
2017-07-20,141125.66,261836.83
2017-07-21,141130.03,261603.71
2017-07-24,141143.26,261540.14
2017-07-25,141147.70,262175.91
2017-07-26,141152.19,262186.50
2017-07-27,141156.48,261942.79
2017-07-28,141160.70,261635.50
2017-07-31,141173.00,261487.15
2017-08-01,141177.06,262069.95
2017-08-02,141181.16,262197.11
2017-08-03,141185.26,261688.48
2017-08-04,141189.36,262165.32
2017-08-07,141201.66,262652.74
2017-08-08,141205.56,262006.36
2017-08-09,141209.59,261995.77
2017-08-10,141213.61,258297.63
2017-08-11,141217.60,258679.10
2017-08-14,141229.32,261243.42
2017-08-15,141233.23,261211.63
2017-08-16,141237.17,261667.29
2017-08-17,141241.04,257587.67
2017-08-18,141244.84,257185.02
2017-08-21,141256.45,257386.34
2017-08-22,141260.28,260077.83
2017-08-23,141264.11,259145.34
2017-08-24,141267.90,258541.35
2017-08-25,141271.77,259145.34
2017-08-28,141283.50,259155.95
2017-08-29,141287.25,259452.64
2017-08-30,141291.16,260681.81
2017-08-31,141295.07,262250.09
2017-09-01,141298.90,262620.96
2017-09-05,141314.39,260734.80
2017-09-06,141318.30,261624.89
2017-09-07,141322.37,261593.10
2017-09-08,141326.35,261285.82
2017-09-11,141338.20,264072.67
2017-09-12,141342.23,264962.76
2017-09-13,141346.18,265089.92
2017-09-14,141350.13,265005.14
2017-09-15,141354.12,265361.89
2017-09-18,141366.08,265926.29
2017-09-19,141370.11,266192.51
2017-09-20,141374.10,266288.35
2017-09-21,141378.05,265574.87
2017-09-22,141382.00,265628.12
2017-09-25,141393.74,265085.01
2017-09-26,141397.77,265244.75
2017-09-27,141401.84,266277.70
2017-09-28,141405.90,266597.18
2017-09-29,141409.93,267534.28
2017-10-02,141422.02,268695.03
2017-10-03,141425.89,269270.06
2017-10-04,141429.96,269589.54
2017-10-05,141434.07,271186.88
2017-10-06,141438.14,270878.05
2017-10-09,141450.35,270430.80
2017-10-10,141454.41,271144.28
2017-10-11,141458.52,271570.25
2017-10-12,141462.71,271165.58
2017-10-13,141466.86,271495.70
2017-10-16,141479.30,271857.76
2017-10-17,141483.52,272049.45
2017-10-18,141487.67,272315.67
2017-10-19,141491.82,272390.21
2017-10-20,141496.00,273795.86
2017-10-23,141508.68,272730.97
2017-10-24,141512.87,273210.18
2017-10-25,141517.13,271857.76
2017-10-26,141521.40,272209.18
2017-10-27,141525.62,274434.81
2017-10-30,141538.19,273412.52
2017-10-31,141542.45,273838.47
2017-11-01,141546.83,274200.53
2017-11-02,141551.33,274307.03
2017-11-03,141555.79,275222.85
2017-11-06,141569.29,275648.81
2017-11-07,141573.83,275457.13
2017-11-08,141578.48,275925.66
2017-11-09,141583.17,274924.68
2017-11-10,141587.91,274839.47
2017-11-13,141601.99,275095.04
2017-11-14,141606.72,274456.13
2017-11-15,141611.53,273082.40
2017-11-16,141616.30,275403.87
2017-11-17,141621.15,274594.54
2017-11-20,141635.82,275063.09
2017-11-21,141640.79,276862.77
2017-11-22,141645.75,276617.87
2017-11-24,141655.61,277256.78
2017-11-27,141670.28,277118.37
2017-11-28,141675.13,279929.69
2017-11-29,141680.10,279759.30
2017-11-30,141685.03,282208.58
2017-12-01,141689.88,281622.87
2017-12-04,141704.44,281282.13
2017-12-05,141709.41,280270.46
2017-12-06,141714.38,280323.69
2017-12-07,141719.35,281207.58
2017-12-08,141724.28,282741.03
2017-12-11,141738.96,283592.94
2017-12-12,141744.04,284093.44
2017-12-13,141749.17,284061.49
2017-12-14,141754.14,282900.76
2017-12-15,141578.74,285256.59
2017-12-18,142587.08,287065.46
2017-12-19,142641.45,285963.02
2017-12-20,142471.89,285813.15
2017-12-21,142815.80,286401.83
2017-12-22,143139.54,286326.93
2017-12-26,142912.36,285984.41
2017-12-27,142312.50,286123.56
2017-12-28,142201.72,286712.23
2017-12-29,142206.27,285631.18
2018-01-02,142482.65,287675.53
2018-01-03,141665.25,289495.13
2018-01-04,141670.64,290715.30
2018-01-05,141676.04,292652.65
2018-01-08,141691.99,293187.82
2018-01-09,141697.54,293851.42
2018-01-10,141703.05,293401.87
2018-01-11,141708.49,295542.55
2018-01-12,141713.96,297469.18
2018-01-16,141735.86,296452.34
2018-01-17,141741.41,299278.03
2018-01-18,141746.93,298775.00
2018-01-19,141752.48,300134.32
2018-01-22,141769.02,302574.70
2018-01-23,141774.58,303216.91
2018-01-24,141780.09,303099.15
2018-01-25,141785.57,303227.59
2018-01-26,141791.01,306738.30
2018-01-29,141807.21,304704.66
2018-01-30,141812.76,301579.29
2018-01-31,141818.28,301729.12
2018-02-01,141823.88,301386.60
2018-02-02,141829.55,294825.44
2018-02-05,141846.57,282495.09
2018-02-06,141852.36,288060.87
2018-02-07,141858.19,286498.19
2018-02-08,141864.14,275751.95
2018-02-09,141870.08,279894.17
2018-02-12,141887.92,284004.27
2018-02-13,141894.18,284710.70
2018-02-14,141900.28,288553.22
2018-02-15,141906.35,292235.20
2018-02-16,141912.41,292320.81
2018-02-20,141937.14,290490.54
2018-02-21,141943.52,289045.57
2018-02-22,141949.82,289420.20
2018-02-23,141956.08,294033.36
2018-02-26,141974.87,297447.75
2018-02-27,141981.28,293733.67
2018-02-28,141987.66,290758.12
2018-03-01,141994.00,286530.29
2018-03-02,142000.23,288007.34
2018-03-05,142019.14,291336.12
2018-03-06,142025.63,292074.65
2018-03-07,142032.05,291967.61
2018-03-08,142038.47,293380.47
2018-03-09,142044.86,298485.98
2018-03-12,142064.00,298111.36
2018-03-13,142070.54,296184.76
2018-03-14,142077.16,294664.86
2018-03-15,142083.89,294343.77
2018-03-16,142090.67,294662.95
2018-03-19,142111.10,290676.06
2018-03-20,142118.00,291170.41
2018-03-21,142124.93,290611.58
2018-03-22,142131.59,283347.12
2018-03-23,142138.17,277307.68
2018-03-26,142158.14,284894.55
2018-03-27,142165.00,280048.00
2018-03-28,142171.78,279220.52
2018-03-29,142178.40,282788.29
2018-04-02,142204.88,276684.41
2018-04-03,142211.66,280230.67
2018-04-04,142218.37,283228.89
2018-04-05,142224.91,285464.14
2018-04-06,142231.50,279102.33
2018-04-09,142251.37,280477.85
2018-04-10,142258.11,284937.55
2018-04-11,142264.78,283443.83
2018-04-12,142271.40,285775.76
2018-04-13,142278.11,284937.55
2018-04-16,142298.34,287280.23
2018-04-17,142305.20,290353.68
2018-04-18,142312.10,290568.62
2018-04-19,142319.04,288956.68
2018-04-20,142326.02,286506.49
2018-04-23,142346.84,286463.53
2018-04-24,142354.02,282605.62
2018-04-25,142361.19,283304.12
2018-04-26,142368.29,286184.12
2018-04-27,142375.28,286452.78
2018-04-30,142396.10,284249.80
2018-05-01,142403.28,284754.88
2018-05-02,142410.38,282842.04
2018-05-03,142417.45,282218.74
2018-05-04,142424.47,285872.47
2018-05-07,142445.54,286839.66
2018-05-08,142452.68,286839.66
2018-05-09,142459.86,289612.18
2018-05-10,142467.08,292320.23
2018-05-11,142609.44,293212.19
2018-05-14,141745.27,293351.90
2018-05-15,141752.65,291331.60
2018-05-16,141759.99,292556.65
2018-05-17,141767.29,292309.51
2018-05-18,141774.60,291578.74
2018-05-21,141796.39,293770.99
2018-05-22,141803.77,292954.26
2018-05-23,141811.15,293760.23
2018-05-24,141818.45,293158.44
2018-05-25,142455.71,292459.94
2018-05-29,141450.82,289096.35
2018-05-30,141458.18,292954.26
2018-05-31,141465.55,291159.65
2018-06-01,141472.87,294018.16
2018-06-04,141494.73,295415.17
2018-06-05,141502.14,295630.11
2018-06-06,141509.54,298101.74
2018-06-07,141516.95,298069.50
2018-06-08,141524.31,298950.70
2018-06-11,141546.30,299348.31
2018-06-12,141553.70,299735.19
2018-06-13,141561.03,298778.76
2018-06-14,141568.40,299531.01
2018-06-15,141575.77,299148.88
2018-06-18,141597.88,298533.58
2018-06-19,141605.29,297389.36
2018-06-20,141612.70,297896.71
2018-06-21,141620.07,296029.24
2018-06-22,141627.44,296568.97
2018-06-25,141649.44,292531.82
2018-06-26,141656.82,293179.50
2018-06-27,141664.19,290750.73
2018-06-28,141671.53,292413.10
2018-06-29,141678.86,292834.07
2018-07-02,141700.87,293460.14
2018-07-03,141708.44,292423.87
2018-07-05,141723.51,294809.45
2018-07-06,141730.96,297303.02
2018-07-09,141753.44,299980.04
2018-07-10,141761.02,301059.50
2018-07-11,141768.59,298857.40
2018-07-12,141776.09,301566.84
2018-07-13,141783.62,301804.32
2018-07-16,141328.68,301534.46
2018-07-17,141836.20,302754.25
2018-07-18,141807.73,303391.12
2018-07-19,141571.72,302246.90
2018-07-20,141463.39,301901.47
2018-07-23,141486.06,302462.81
2018-07-24,141493.66,303984.81
2018-07-25,141501.33,306575.52
2018-07-26,141508.97,305852.27
2018-07-27,141516.53,303779.74
2018-07-30,141539.33,302192.94
2018-07-31,141547.12,303682.56
2018-08-01,141554.84,303175.22
2018-08-02,141562.56,304826.81
2018-08-03,141570.24,306132.94
2018-08-06,141593.16,307255.58
2018-08-07,141601.00,308270.24
2018-08-08,141608.83,308140.71
2018-08-09,141616.67,307719.74
2018-08-10,141624.51,305657.98
2018-08-13,141647.90,304513.76
2018-08-14,141655.78,306456.76
2018-08-15,141663.70,304168.33
2018-08-16,141671.58,306629.48
2018-08-17,141679.46,307708.93
2018-08-20,141702.86,308367.42
2018-08-21,141710.74,309090.63
2018-08-22,141718.66,308907.14
2018-08-23,141726.62,308496.95
2018-08-24,141734.54,310353.61
2018-08-27,141758.43,312803.95
2018-08-28,141766.50,312955.09
2018-08-29,141774.62,314639.04
2018-08-30,141782.74,313365.26
2018-08-31,141790.78,313376.06
2018-09-04,141822.95,312836.34
2018-09-05,141831.07,311994.36
2018-09-06,141839.23,311055.25
2018-09-07,141847.35,310450.75
2018-09-10,141871.83,310990.48
2018-09-11,141880.03,312015.94
2018-09-12,141888.24,312091.51
2018-09-13,141896.48,313937.37
2018-09-14,141904.68,313991.36
2018-09-17,141929.41,312328.99
2018-09-18,141937.69,314023.74
2018-09-19,141945.97,314358.37
2018-09-20,141954.22,316905.86
2018-09-21,141962.50,316616.35
2018-09-24,141987.47,315564.54
2018-09-25,141995.95,315271.78
2018-09-26,142004.39,314328.41
2018-09-27,142012.80,315206.72
2018-09-28,142021.12,315239.25
2018-10-01,142046.22,316334.44
2018-10-02,142054.74,316150.09
2018-10-03,142063.26,316323.59
2018-10-04,142071.79,313851.30
2018-10-05,142080.27,312094.67
2018-10-08,142105.73,312094.67
2018-10-09,142114.22,311639.23
2018-10-10,142122.82,301771.74
2018-10-11,142131.51,295124.76
2018-10-12,142140.15,299223.56
2018-10-15,142166.20,297542.82
2018-10-16,142175.05,304048.86
2018-10-17,142183.85,304103.09
2018-10-18,142192.69,299711.50
2018-10-19,142201.53,299548.85
2018-10-22,142227.95,298204.28
2018-10-23,142236.91,296686.18
2018-10-24,142245.84,287697.03
2018-10-25,142254.76,292858.46
2018-10-26,142263.68,287707.85
2018-10-29,142290.34,286113.87
2018-10-30,142299.31,290353.64
2018-10-31,142308.24,293454.87
2018-11-01,142317.17,296577.77
2018-11-02,142326.02,294821.15
2018-11-05,142352.69,296447.66
2018-11-06,142361.74,298323.54
2018-11-07,142370.75,304710.32
2018-11-08,142379.80,304157.30
2018-11-09,142388.77,301186.22
2018-11-12,142415.80,295558.49
2018-11-13,142424.82,295005.47
2018-11-14,142433.95,292988.61
2018-11-15,142443.04,296046.42
2018-11-16,142452.09,296816.33
2018-11-19,142479.14,291795.83
2018-11-20,142488.27,286395.81
2018-11-21,142497.41,287371.70
2018-11-23,142515.84,285452.44
2018-11-26,142543.48,290060.88
2018-11-27,142552.74,291036.78
2018-11-28,142561.95,297737.99
2018-11-29,142571.13,297087.41
2018-11-30,142580.19,298898.24
2018-12-03,142607.38,302856.07
2018-12-04,142616.52,293042.81
2018-12-06,142635.12,292598.23
2018-12-07,142644.34,285799.43
2018-12-10,142671.90,286341.60
2018-12-11,142681.16,286406.66
2018-12-12,142690.42,287848.82
2018-12-13,142699.77,287751.23
2018-12-14,142709.07,282437.97
2018-12-17,142736.87,276897.00
2018-12-18,142746.10,276593.38
2018-12-19,142755.25,272451.20
2018-12-20,142764.44,268016.25
2018-12-21,142773.60,262524.72
2018-12-24,142801.06,255588.04
2018-12-26,142819.91,268501.59
2018-12-27,142829.26,270562.98
2018-12-28,142838.50,270213.96
2018-12-31,142866.09,272580.71
2019-01-02,142884.88,272864.28
2019-01-03,142894.15,266352.99
2019-01-04,142903.39,275274.67
2019-01-07,142931.23,277445.12
2019-01-08,142940.67,280051.80
2019-01-09,142950.11,281360.62
2019-01-10,142959.51,282353.14
2019-01-11,142968.83,282462.21
2019-01-14,142996.79,280738.93
2019-01-15,143006.20,283956.43
2019-01-16,143015.60,284643.56
2019-01-17,143368.42,286803.07
2019-01-18,143074.73,290620.42
2019-01-22,141905.81,286693.99
2019-01-23,141915.06,287293.88
2019-01-24,141924.23,287446.56
2019-01-25,142746.62,289878.77
2019-01-28,141228.43,287675.62
2019-01-29,141237.60,287293.88
2019-01-30,141246.77,291841.96
2019-01-31,141255.94,294405.05
2019-02-01,141265.07,294546.84
2019-02-04,141292.36,296619.11
2019-02-05,141301.53,297862.49
2019-02-06,141310.71,297469.84
2019-02-07,141319.88,294634.12
2019-02-08,141329.06,294994.02
2019-02-11,141356.71,295157.62
2019-02-12,141366.00,298953.17
2019-02-13,141375.22,299923.85
2019-02-14,141384.48,299258.55
2019-02-15,141393.70,302519.65
2019-02-19,141430.57,303043.19
2019-02-20,141439.91,303653.96
2019-02-21,141449.21,302574.21
2019-02-22,141458.51,304450.16
2019-02-25,141486.53,304864.59
2019-02-26,141495.91,304646.48
2019-02-27,140894.73,304515.60
2019-02-28,140744.26,303948.43
2019-03-01,141003.15,305846.22
2019-03-04,141338.89,304733.71
2019-03-05,141248.61,304319.25
2019-03-06,141257.93,302476.02
2019-03-07,141267.26,299945.68
2019-03-08,141276.55,299345.79
2019-03-11,141304.53,303686.68
2019-03-12,141313.86,304831.87
2019-03-13,141323.19,306849.62
2019-03-14,141332.48,306653.31
2019-03-15,141341.78,308168.34
2019-03-18,141369.66,309285.72
2019-03-19,141378.92,309362.41
2019-03-20,141388.25,308431.25
2019-03-21,141397.62,311914.89
2019-03-22,141407.04,305911.67
2019-03-25,141435.05,305681.63
2019-03-26,141444.39,307960.20
2019-03-27,141453.73,306349.85
2019-03-28,141462.99,307511.05
2019-03-29,141472.21,309450.07
2019-04-01,141499.54,313119.88
2019-04-02,141508.76,313273.27
2019-04-03,141517.95,313766.24
2019-04-04,141527.22,314598.78
2019-04-05,141536.49,316121.51
2019-04-08,141564.29,316362.52
2019-04-09,141573.52,314741.20
2019-04-10,141582.71,315814.78
2019-04-11,141591.95,315727.12
2019-04-12,141601.18,317863.31
2019-04-15,141628.99,317655.17
2019-04-16,141638.23,317863.31
2019-04-17,141647.46,317085.53
2019-04-18,141656.74,317709.93
2019-04-22,141693.53,317983.80
2019-04-23,141702.81,320843.01
2019-04-24,141712.13,320130.96
2019-04-25,141721.41,319933.75
2019-04-26,141730.65,321423.61
2019-04-29,141758.26,321927.52
2019-04-30,141767.54,322091.83
2019-05-01,141776.78,319670.84
2019-05-02,141786.03,318980.69
2019-05-03,141795.39,322102.80
2019-05-06,141823.13,320777.28
2019-05-07,141832.41,315420.39
2019-05-08,141841.66,314982.21
2019-05-09,141850.91,314029.15
2019-05-10,141860.16,315606.64
2019-05-13,141887.91,307675.37
2019-05-14,141897.08,310457.88
2019-05-15,141906.26,312276.38
2019-05-16,141915.47,315168.45
2019-05-17,141924.61,313130.85
2019-05-20,141951.90,311060.42
2019-05-21,141961.01,313864.83
2019-05-22,141970.11,312900.81
2019-05-23,141979.17,309077.61
2019-05-24,141988.19,309778.70
2019-05-28,142023.98,306897.59
2019-05-29,142033.01,304838.09
2019-05-30,142042.04,305670.66
2019-05-31,142051.10,301551.66
2019-06-03,142077.96,300784.85
2019-06-04,142086.91,307313.87
2019-06-05,142095.86,309975.87
2019-06-06,142104.82,311991.54
2019-06-07,142113.70,315113.66
2019-06-10,142139.74,316559.69
2019-06-11,142148.47,316483.00
2019-06-12,142157.11,315924.33
2019-06-13,142165.64,317227.92
2019-06-14,142173.98,316877.39
2019-06-17,142199.10,316997.88
2019-06-18,142207.59,320317.17
2019-06-19,142216.05,321040.19
2019-06-20,142224.35,324107.51
2019-06-21,142232.49,323636.38
2019-06-24,142256.69,323240.10
2019-06-25,142264.80,320069.78
2019-06-26,142272.86,319750.54
2019-06-27,142281.05,320884.37
2019-06-28,142289.20,322535.57
2019-07-01,142313.52,325463.72
2019-07-02,142321.94,326311.32
2019-07-03,142330.33,328920.22
2019-07-05,142347.17,328545.95
2019-07-08,142372.68,326740.65
2019-07-09,142381.30,327147.95
2019-07-10,142389.92,328711.07
2019-07-11,142398.31,329481.64
2019-07-12,142406.58,330956.72
2019-07-15,142431.16,331066.81
2019-07-16,142439.39,329999.02
2019-07-17,142447.59,327753.37
2019-07-18,142455.74,328953.25
2019-07-19,142463.59,327125.94
2019-07-22,142487.24,327929.51
2019-07-23,142495.21,330274.22
2019-07-24,142503.09,331826.36
2019-07-25,142511.09,330241.20
2019-07-26,142519.14,332453.83
2019-07-29,142543.50,331848.37
2019-07-30,142551.59,331033.78
2019-07-31,142559.55,327412.13
2019-08-01,142567.52,324561.05
2019-08-02,142575.45,322117.26
2019-08-05,142599.12,312430.20
2019-08-06,142606.94,316811.38
2019-08-07,142614.79,316998.53
2019-08-08,142622.53,323218.07
2019-08-09,142630.26,321016.46
2019-08-12,142653.24,317108.62
2019-08-13,142660.90,322040.20
2019-08-14,142668.56,312518.25
2019-08-15,142676.07,313343.85
2019-08-16,142683.37,317967.24
2019-08-19,142704.84,321798.02
2019-08-20,142712.26,319332.23
2019-08-21,142719.69,321930.15
2019-08-22,142727.24,321831.04
2019-08-23,142734.90,313564.03
2019-08-26,142757.55,317031.55
2019-08-27,142765.21,315787.64
2019-08-28,142772.80,318011.29
2019-08-29,142780.43,322073.22
2019-08-30,142788.06,321930.15
2019-09-03,142818.57,320047.75
2019-09-04,142826.16,323680.42
2019-09-05,142833.71,327841.46
2019-09-06,142841.27,328094.62
2019-09-09,142863.81,328259.77
2019-09-10,142871.32,328182.70
2019-09-11,142878.80,330516.40
2019-09-12,142886.31,331661.25
2019-09-13,142893.79,331441.07
2019-09-16,142916.34,330417.33
2019-09-17,142923.98,331253.96
2019-09-18,142931.61,331452.09
2019-09-19,142939.09,331430.06
2019-09-20,142946.49,329864.13
2019-09-23,142968.46,329786.71
2019-09-24,142975.91,327198.94
2019-09-25,142983.27,329134.24
2019-09-26,142990.52,328448.60
2019-09-27,142997.53,326679.17
2019-09-30,143018.21,328194.23
2019-10-01,143025.42,324290.45
2019-10-02,143032.40,318561.96
2019-10-03,143039.26,321171.87
2019-10-04,143045.80,325518.00
2019-10-07,143065.55,324113.50
2019-10-08,143072.26,319081.73
2019-10-09,143078.84,322111.85
2019-10-10,143085.35,324290.45
2019-10-11,143091.82,327652.36
2019-10-14,143111.22,327287.43
2019-10-15,143117.69,330527.67
2019-10-16,143124.12,329996.83
2019-10-17,143130.51,330970.02
2019-10-18,143136.91,329521.31
2019-10-21,143156.08,331755.19
2019-10-22,143162.51,330671.44
2019-10-23,143168.87,331633.56
2019-10-24,143175.22,332175.43
2019-10-25,143181.66,333535.69
2019-10-28,143200.84,335415.68
2019-10-29,143207.19,335316.15
2019-10-30,143213.47,336344.65
2019-10-31,143219.71,335448.85
2019-11-01,143225.64,338556.43
2019-11-04,143243.18,339916.65
2019-11-05,143249.06,339540.65
2019-11-06,143255.07,339618.07
2019-11-07,143261.07,340812.41
2019-11-08,143267.08,341652.90
2019-11-11,143284.98,341000.43
2019-11-12,143290.94,341719.25
2019-11-13,143297.07,341829.84
2019-11-14,143303.11,342327.47
2019-11-15,143309.16,344804.68
2019-11-18,143327.30,345059.02
2019-11-19,143333.35,344959.49
2019-11-20,143339.39,343676.66
2019-11-21,143345.44,343123.71
2019-11-22,143351.53,343886.78
2019-11-25,143369.79,346551.97
2019-11-26,143376.00,347337.14
2019-11-27,143382.16,348885.41
2019-11-29,143394.66,347591.51
2019-12-02,143413.04,344638.81
2019-12-03,143419.21,342327.47
2019-12-04,143425.26,344439.72
2019-12-05,143431.23,345059.02
2019-12-06,143437.17,348210.80
2019-12-09,143454.85,347115.98
2019-12-10,143460.79,346728.92
2019-12-11,143466.80,347713.17
2019-12-12,143472.85,350710.12
2019-12-13,143478.87,350920.24
2019-12-16,143497.03,353331.07
2019-12-17,143503.08,353408.49
2019-12-18,143509.10,353430.59
2019-12-19,143515.11,354879.30
2019-12-20,143521.17,356435.18
2019-12-23,143539.45,356979.71
2019-12-24,143545.59,356990.84
2019-12-26,143557.78,358891.19
2019-12-27,143563.88,358802.27
2019-12-30,143582.05,356824.11
2019-12-31,143588.11,357690.94
2020-01-02,143600.06,361036.04
2020-01-03,143606.01,358302.19
2020-01-06,143623.59,359669.14
2020-01-07,143629.61,358657.83
2020-01-08,143635.55,360569.31
2020-01-09,143641.50,363014.20
2020-01-10,143647.44,361969.55
2020-01-13,143665.27,364458.94
2020-01-14,143671.33,363903.28
2020-01-15,143677.39,364725.65
2020-01-16,143683.45,367759.58
2020-01-17,143689.44,368904.24
2020-01-21,143713.53,368181.85
2020-01-22,143719.55,368226.32
2020-01-23,143725.54,368648.62
2020-01-24,143731.52,365370.20
2020-01-27,143749.36,359513.53
2020-01-28,143755.35,363280.94
2020-01-29,143761.41,362980.86
2020-01-30,143767.44,364158.86
2020-01-31,143773.50,357546.50
2020-02-03,143791.47,360202.55
2020-02-04,143797.53,365692.50
2020-02-05,143803.60,369915.52
2020-02-06,143809.67,371160.23
2020-02-07,143815.74,369182.07
2020-02-10,143833.82,371938.14
2020-02-11,143839.93,372582.72
2020-02-12,143846.00,374983.19
2020-02-13,143852.11,374583.09
2020-02-14,143858.25,375183.22
2020-02-18,143882.69,374216.37
2020-02-19,143888.80,376005.59
2020-02-20,143894.91,374460.86
2020-02-21,143901.02,370604.57
2020-02-24,143919.12,358313.32
2020-02-25,143925.03,347455.65
2020-02-26,143930.95,346177.64
2020-02-27,143936.86,330630.22
2020-02-28,143942.46,329241.06
2020-03-02,143957.25,343499.34
2020-03-03,143961.59,333664.11
2020-03-04,143965.26,347689.02
2020-03-05,143968.06,336131.25
2020-03-06,143970.46,330574.63
2020-03-09,143975.79,304758.58
2020-03-10,143977.05,320528.28
2020-03-11,143978.75,304903.02
2020-03-12,143980.36,275730.77
2020-03-13,143981.67,299301.97
2020-03-16,143984.86,266551.23
2020-03-17,143985.81,280942.88
2020-03-18,143986.56,266717.92
2020-03-19,143986.64,267284.69
2020-03-20,143986.79,255766.28
2020-03-23,143987.39,249226.79
2020-03-24,143987.46,271807.55
2020-03-25,143987.50,275876.56
2020-03-26,143987.35,291984.94
2020-03-27,143987.15,283287.97
2020-03-30,143987.50,292487.95
2020-03-31,143987.98,288128.31
2020-04-01,143988.41,275161.13
2020-04-02,143988.77,281510.58
2020-04-03,143989.12,277441.57
2020-04-06,143990.30,296076.27
2020-04-07,143990.90,296378.12
2020-04-08,143991.45,306327.06
2020-04-09,143992.32,310988.55
2020-04-13,143996.26,308149.18
2020-04-14,144132.48,317237.38
2020-04-15,143605.48,310496.69
2020-04-16,144555.49,311994.62
2020-04-17,143771.73,320423.29
2020-04-20,143185.58,314778.08
2020-04-21,141206.92,305220.39
2020-04-22,141252.11,311994.62
2020-04-23,141477.48,311972.24
2020-04-24,141591.87,316320.73
2020-04-27,141980.27,320881.58
2020-04-28,140052.41,319406.03
2020-04-29,140052.83,327767.60
2020-04-30,140053.22,324715.87
2020-05-01,140053.56,316119.52
2020-05-04,140054.94,316991.45
2020-05-05,140055.44,319920.24
2020-05-06,140055.94,317751.59
2020-05-07,140056.40,321585.84
2020-05-08,140056.82,326906.86
2020-05-11,140058.20,326973.93
2020-05-12,139333.87,320456.82
2020-05-13,139105.21,314789.27
2020-05-14,139105.70,318556.45
2020-05-15,139106.16,320020.84
2020-05-18,139107.53,329768.58
2020-05-19,139108.03,326381.46
2020-05-20,139108.52,331926.04
2020-05-21,139108.98,329634.44
2020-05-22,139109.44,330260.44
2020-05-26,139111.27,334329.43
2020-05-27,139111.80,339303.92
2020-05-28,139112.37,338677.92
2020-05-29,139112.94,340187.04
2020-06-01,139114.54,341561.98
2020-06-02,139115.08,344390.17
2020-06-03,139115.65,348973.40
2020-06-04,139116.26,348056.74
2020-06-05,139116.83,356977.28
2020-06-08,139118.55,361292.23
2020-06-09,139119.19,358598.19
2020-06-10,139119.92,356597.21
2020-06-11,139120.57,336039.75
2020-06-12,139121.21,340064.06
2020-06-15,139123.04,343238.77
2020-06-16,139123.73,349845.33
2020-06-17,139124.38,348392.12
2020-06-18,139125.03,348526.26
2020-06-19,138244.31,346534.47
2020-06-22,137658.19,348757.55
2020-06-23,137411.14,350363.11
2020-06-24,137182.47,341425.80
2020-06-25,137183.04,345086.07
2020-06-26,137183.64,336889.77
2020-06-29,137185.22,341841.23
2020-06-30,137185.74,346220.06
2020-07-01,137186.34,348645.26
2020-07-02,137186.87,350565.24
2020-07-06,137610.23,355977.01
2020-07-07,137765.46,352305.53
2020-07-08,138300.11,355000.20
2020-07-09,138611.85,352979.21
2020-07-10,139371.21,356583.32
2020-07-13,136732.39,353495.68
2020-07-14,136732.92,358076.63
2020-07-15,136733.48,361366.37
2020-07-16,136734.08,360176.22
2020-07-17,136734.49,361220.40
2020-07-20,136735.73,364139.63
2020-07-21,136736.22,364914.35
2020-07-22,136210.12,366991.47
2020-07-23,137160.16,362612.64
2020-07-24,136185.50,360277.27
2020-07-27,135825.02,362904.57
2020-07-28,135825.42,360602.89
2020-07-29,139192.37,365037.84
2020-07-30,136492.19,363735.41
2020-07-31,136314.15,366609.73
2020-08-03,136273.77,369158.45
2020-08-04,136944.26,370584.37
2020-08-05,137465.70,372886.05
2020-08-06,137228.29,375378.62
2020-08-07,137941.77,375648.12
2020-08-10,139268.47,376770.89
2020-08-11,138756.80,373660.77
2020-08-12,138821.15,378870.48
2020-08-13,138400.90,378185.57
2020-08-14,138401.22,378196.81
2020-08-17,140468.51,379398.19
2020-08-18,139901.95,380217.83
2020-08-19,140167.38,378634.71
2020-08-20,141173.47,379813.61
2020-08-21,141539.54,381160.96
2020-08-24,141229.61,385023.33
2020-08-25,142135.16,386370.64
2020-08-26,142263.51,390244.24
2020-08-27,141504.97,391097.53
2020-08-28,141267.60,393623.78
2020-08-31,141021.67,392197.86
2020-09-01,142978.65,395891.82
2020-09-02,142713.87,401617.99
2020-09-03,141223.91,387796.59
2020-09-04,141699.70,384630.35
2020-09-08,140585.61,374121.12
2020-09-09,140633.51,381509.02
2020-09-10,140633.97,374884.63
2020-09-11,140634.43,375075.49
2020-09-14,140635.70,380015.71
2020-09-15,140636.13,381935.68
2020-09-16,140636.55,380419.93
2020-09-17,140637.01,377074.03
2020-09-18,140637.36,372732.90
2020-09-21,140638.52,368584.54
2020-09-22,140638.90,372338.35
2020-09-23,140639.29,363703.46
2020-09-24,140639.71,364672.90
2020-09-25,140640.10,370568.55
2020-09-28,140641.25,376723.46
2020-09-29,140641.68,374671.81
2020-09-30,140642.02,377512.56
2020-10-01,140642.41,379936.19
2020-10-02,140642.76,376328.90
2020-10-05,140643.80,383002.38
2020-10-06,140644.18,377557.63
2020-10-07,140644.57,384129.65
2020-10-08,140644.95,387534.00
2020-10-09,140645.30,390994.74
2020-10-12,140646.46,397284.91
2020-10-13,140646.84,394692.20
2020-10-14,140647.26,392212.18
2020-10-15,140647.73,391727.46
2020-10-16,140648.15,391490.74
2020-10-19,140649.42,385538.74
2020-10-20,140130.29,387083.10
2020-10-21,139994.88,386350.38
2020-10-22,139995.26,388469.63
2020-10-23,139995.61,389788.55
2020-10-26,139996.76,382585.29
2020-10-27,139997.18,381266.37
2020-10-28,139997.56,368235.09
2020-10-29,139997.94,371977.65
2020-10-30,139998.29,368099.82
2020-11-02,139999.33,372225.65
2020-11-03,139999.67,378797.64
2020-11-04,140000.05,387263.47
2020-11-05,140000.44,394816.18
2020-11-06,140000.82,394726.01
2020-11-09,140001.97,399686.01
2020-11-10,140002.39,399099.84
2020-11-11,140002.78,402064.57
2020-11-12,140003.16,398164.18
2020-11-13,140003.54,403676.56
2020-11-16,140004.58,408715.48
2020-11-17,140004.93,406517.28
2020-11-18,140005.27,401624.92
2020-11-19,140005.62,403315.83
2020-11-20,140005.88,400554.00
2020-11-23,140006.69,402955.09
2020-11-24,140007.00,409448.20
2020-11-25,140007.34,408816.93
2020-11-27,140008.03,409955.49
2020-11-30,140009.07,408140.56
2020-12-01,140009.38,412604.55
2020-12-02,140009.72,413472.57
2020-12-03,140010.07,413359.84
2020-12-04,140010.37,416922.03
2020-12-07,140011.41,416065.29
2020-12-08,139910.86,417282.76
2020-12-09,139332.88,413540.21
2020-12-10,140073.68,413404.94
2020-12-11,140649.79,412920.18
2020-12-14,140729.07,411071.47
2020-12-15,141371.44,416628.92
2020-12-16,141744.00,417282.76
2020-12-17,142092.32,419616.19
2020-12-18,141949.20,417940.72
2020-12-21,141178.43,416446.37
2020-12-22,141849.50,415744.48
2020-12-23,141258.59,416118.09
2020-12-24,141270.38,417736.95
2020-12-28,140272.04,421325.66
2020-12-29,140181.40,420521.86
2020-12-30,140687.68,421121.86
2020-12-31,140255.82,423261.50
2021-01-04,139779.00,417499.22
2021-01-05,141091.06,420374.68
2021-01-06,141252.28,422887.89
2021-01-07,141864.11,429170.95
2021-01-08,141413.79,431616.24
2021-01-11,141299.57,428706.79
2021-01-12,142909.18,428797.35
2021-01-13,142158.47,429952.09
2021-01-14,143510.62,428446.40
2021-01-15,142609.70,425321.89
2021-01-19,143297.58,428661.50
2021-01-20,143405.18,434593.62
2021-01-21,142611.51,434989.82
2021-01-22,142397.24,433450.21
2021-01-25,141689.95,435159.66
2021-01-26,140939.24,434480.40
2021-01-27,140452.05,423861.50
2021-01-28,140452.36,427506.79
2021-01-29,140452.63,418948.28
2021-02-01,140453.32,425921.89
2021-02-02,140453.59,431944.52
2021-02-03,140453.86,432284.17
2021-02-04,140454.01,437197.38
2021-02-05,140454.17,438918.13
2021-02-08,140980.58,442087.97
2021-02-09,140458.84,441793.62
2021-02-10,140138.53,441601.15
2021-02-11,140138.72,442314.37
2021-02-12,140138.92,444499.30
2021-02-16,140139.53,444114.37
2021-02-17,140139.68,444216.28
2021-02-18,140139.84,442325.70
2021-02-19,140139.95,441544.56
2021-02-22,140140.41,438148.33
2021-02-23,140140.53,438680.40
2021-02-24,140140.68,443514.37
2021-02-25,140140.80,432827.54
2021-02-26,140140.95,430597.35
2021-03-01,140141.41,441035.11
2021-03-02,140141.60,437593.62
2021-03-03,140141.76,431797.38
2021-03-04,140141.95,426453.97
2021-03-05,140142.10,434299.27
2021-03-08,140142.56,432136.99
2021-03-09,140142.76,438306.83
2021-03-10,140142.95,441035.11
2021-03-11,140143.10,445506.84
2021-03-12,140143.25,446106.84
2021-03-15,140143.72,448767.23
2021-03-16,140143.87,448201.19
2021-03-17,140143.95,449729.50
2021-03-18,140144.02,443186.09
2021-03-19,140144.06,442366.05
2021-03-22,140144.18,445898.33
2021-03-23,140144.29,442388.75
2021-03-24,140144.33,440139.88
2021-03-25,140144.41,442615.92
2021-03-26,140144.48,449748.66
2021-03-29,140144.71,449521.49
2021-03-30,140144.83,448328.93
2021-03-31,140144.91,450146.16
2021-04-01,140145.02,455007.32
2021-04-05,140112.31,461538.09
2021-04-06,140198.49,461265.52
2021-04-07,139951.03,461799.34
2021-04-08,139670.74,463991.40
2021-04-09,139670.78,467364.68
2021-04-12,139671.01,467535.08
2021-04-13,139671.09,468920.70
2021-04-14,139671.20,467319.28
2021-04-15,139671.28,472339.43
2021-04-16,139671.36,473918.19
2021-04-19,139671.59,471589.81
2021-04-20,139671.66,468137.04
2021-04-21,139671.78,472566.60
2021-04-22,139671.89,468250.59
2021-04-23,139672.01,473327.56
2021-04-26,139672.35,474315.69
2021-04-27,139672.47,474213.47
2021-04-28,139672.50,474077.18
2021-04-29,139672.54,477098.38
2021-04-30,139672.58,473963.60
2021-05-03,139672.70,474985.83
2021-05-04,139672.85,472055.49
2021-05-05,139672.93,472203.14
2021-05-06,139673.00,475973.96
2021-05-07,139673.08,479438.10
2021-05-10,139673.31,474690.52
2021-05-11,139673.39,470454.02
2021-05-12,139673.42,460459.12
2021-05-13,139673.50,465990.39
2021-05-14,139673.58,473145.83
2021-05-17,139673.69,471941.90
2021-05-18,139673.77,467875.80
2021-05-19,139673.84,466649.13
2021-05-20,139673.88,471669.32
2021-05-21,139673.92,471283.16
2021-05-24,139674.04,476087.55
2021-05-25,139674.11,475031.24
2021-05-26,139674.19,475973.96
2021-05-27,139674.27,476223.84
2021-05-28,139674.34,477075.68
2021-06-01,139674.49,476655.44
2021-06-02,139674.57,477405.03
2021-06-03,139674.65,475633.21
2021-06-04,139674.72,479983.29
2021-06-07,139674.95,479517.61
2021-06-08,139675.03,479619.83
2021-06-09,139675.11,478904.28
2021-06-10,139675.22,481130.41
2021-06-11,139675.34,481925.47
2021-06-14,139675.68,483004.48
2021-06-15,139675.80,482118.57
2021-06-16,139675.91,479426.73
2021-06-17,139676.06,479267.74
2021-06-18,139676.22,472802.21
2021-06-21,139676.79,479570.82
2021-06-22,139676.98,482134.70
2021-06-23,139677.14,481553.58
2021-06-24,139677.33,484402.34
2021-06-25,139677.52,486122.96
2021-06-28,139678.21,487102.95
2021-06-29,139678.40,487365.05
2021-06-30,139678.55,487775.25
2021-07-01,140413.08,490475.87
2021-07-02,139962.25,494224.84
2021-07-06,139066.35,493324.62
2021-07-07,139066.54,495068.06
2021-07-08,139066.73,491034.25
2021-07-09,139066.96,496275.93
2021-07-12,139067.65,498053.55
2021-07-13,139067.84,496355.70
2021-07-14,139068.03,497096.37
2021-07-15,139068.26,495398.53
2021-07-16,139068.45,491512.82
2021-07-19,139069.02,484254.20
2021-07-20,139069.21,491193.76
2021-07-21,139069.40,495170.61
2021-07-22,139069.59,496207.56
2021-07-23,139069.78,501312.54
2021-07-26,139070.35,502543.19
2021-07-27,139070.54,500252.82
2021-07-28,139070.74,500047.68
2021-07-29,139070.93,502121.58
2021-07-30,139071.15,499683.06
2021-08-02,139071.84,498634.71
2021-08-03,139072.03,502691.33
2021-08-04,138433.35,500218.63
2021-08-05,140159.33,503386.45
2021-08-06,141344.71,504218.26
2021-08-09,142029.43,503808.06
2021-08-10,142810.83,504434.77
2021-08-11,142514.08,505688.23
2021-08-12,142567.96,507203.75
2021-08-13,142439.23,508126.78
2021-08-16,141529.53,509323.24
2021-08-17,140063.95,505984.51
2021-08-18,140064.22,500446.51
2021-08-19,140064.49,501221.36
2021-08-20,140064.72,505209.62
2021-08-23,140065.30,509653.71
2021-08-24,140065.49,510462.74
2021-08-25,140065.68,511533.88
2021-08-26,140065.91,508514.21
2021-08-27,140066.10,513060.81
2021-08-30,140066.68,515317.03
2021-08-31,140066.87,514553.55
2021-09-01,140067.02,514827.02
2021-09-02,140067.21,516410.95
2021-09-03,140067.41,516285.58
2021-09-07,140068.17,514439.60
2021-09-08,140068.37,513812.88
2021-09-09,140068.56,511613.65
2021-09-10,140068.71,507579.81
2021-09-13,140069.29,508878.82
2021-09-14,140069.52,506132.65
2021-09-15,140069.67,510360.19
2021-09-16,140069.82,509551.16
2021-09-17,140069.98,504587.57
2021-09-20,140070.44,496173.98
2021-09-21,140070.59,495705.28
2021-09-22,140070.71,500540.80
2021-09-23,140070.82,506622.38
2021-09-24,140070.94,507456.89
2021-09-27,140071.28,506005.10
2021-09-28,140071.44,495808.16
2021-09-29,140071.59,496642.68
2021-09-30,140071.74,490572.54
2021-10-01,140071.90,496402.59
2021-10-04,140072.36,490000.96
2021-10-05,140072.51,495099.41
2021-10-06,140072.66,497157.07
2021-10-07,140072.82,501455.34
2021-10-08,140073.01,500540.80
2021-10-11,140073.58,496917.02
2021-10-12,140073.78,495693.84
2021-10-13,140074.01,497477.15
2021-10-14,140074.20,505845.04
2021-10-15,140074.39,509697.46
2021-10-18,140074.97,511206.43
2021-10-19,140075.20,515150.32
2021-10-20,140075.39,517173.69
2021-10-21,140075.58,518522.60
2021-10-22,140075.81,517985.32
2021-10-25,140076.50,520763.17
2021-10-26,140076.73,521231.86
2021-10-27,140076.96,518922.71
2021-10-28,140077.19,523929.72
2021-10-29,140077.42,524992.85
2021-11-01,140078.00,525895.95
2021-11-02,140078.19,528022.19
2021-11-03,140078.38,531245.89
2021-11-04,140078.57,533749.40
2021-11-05,140078.73,535601.30
2021-11-08,140079.30,536058.56
2021-11-09,140079.53,534286.68
2021-11-10,140079.69,529988.42
2021-11-11,140079.88,530159.88
2021-11-12,140080.07,534160.92
2021-11-15,140080.65,534343.83
2021-11-16,140080.84,536458.67
2021-11-17,140081.03,535155.49
2021-11-18,140081.22,536973.10
2021-11-19,140081.41,536012.85
2021-11-22,140081.99,534503.88
2021-11-23,140082.18,535212.63
2021-11-24,140082.41,536641.57
2021-11-26,140082.87,524672.77
2021-11-29,140083.56,531108.72
2021-11-30,140083.79,520774.61
2021-12-01,140083.98,514990.26
2021-12-02,140084.22,522878.01
2021-12-03,140084.41,518328.28
2021-12-06,140085.10,524467.01
2021-12-07,140085.33,535315.51
2021-12-08,140085.56,536733.01
2021-12-09,140085.83,533109.24
2021-12-10,140086.06,538127.66
2021-12-13,140086.75,533360.73
2021-12-14,140086.94,529691.19
2021-12-15,140087.13,537967.64
2021-12-16,140087.36,533223.56
2021-12-17,140087.55,527548.50
2021-12-20,140088.13,521938.86
2021-12-21,140088.40,531207.97
2021-12-22,140088.67,536519.36
2021-12-23,140088.97,539857.63
2021-12-27,140090.20,547497.78
2021-12-28,140090.43,547050.37
2021-12-29,140090.66,547750.16
2021-12-30,140090.85,546235.89
2021-12-31,140091.05,544859.27
2022-01-03,140091.74,548013.98
2022-01-04,140092.08,547830.43
2022-01-05,140092.39,537310.91
2022-01-06,140092.74,536806.16
2022-01-07,140093.12,534683.89
2022-01-10,140094.27,534018.54
2022-01-11,140094.77,538882.53
2022-01-12,140095.23,540339.42
2022-01-13,140095.69,532894.31
2022-01-14,140096.15,533112.27
2022-01-18,140098.15,523671.06
2022-01-19,140098.80,518233.49
2022-01-20,140099.45,512497.65
2022-01-21,140100.14,502436.99
2022-01-24,140102.10,504570.71
2022-01-25,140102.87,498410.42
2022-01-26,140103.64,497160.01
2022-01-27,140104.37,494705.05
2022-01-28,140105.13,506991.25
2022-01-31,140107.32,516122.70
2022-02-01,140108.24,519610.11
2022-02-02,140109.01,524657.64
2022-02-03,140109.78,512325.58
2022-02-04,140110.58,514734.64
2022-02-07,140113.23,513082.71
2022-02-08,140114.31,517304.29
2022-02-09,140115.34,524875.61
2022-02-10,140116.38,515445.88
2022-02-11,140117.95,505281.95
2022-02-14,140122.22,503630.02
2022-02-15,140123.94,511751.99
2022-02-16,140125.52,512325.58
2022-02-17,140127.01,501381.58
2022-02-18,140128.43,498135.11
2022-02-22,140133.81,492789.30
2022-02-23,140135.31,484047.88
2022-02-24,140136.69,491332.37
2022-02-25,140137.96,502173.13
2022-02-28,140141.76,500888.31
2022-03-01,140143.18,493259.64
2022-03-02,140144.41,502333.75
2022-03-03,140145.67,499832.89
2022-03-04,140147.09,495771.94
2022-03-07,140150.90,481156.99
2022-03-08,140152.35,477509.00
2022-03-09,140153.74,490311.41
2022-03-10,140155.20,488097.38
2022-03-11,140156.65,481891.19
2022-03-14,140161.15,478369.38
2022-03-15,140162.88,488888.93
2022-03-16,140164.64,499729.65
2022-03-17,140166.29,505981.74
2022-03-18,140167.83,511523.64
2022-03-21,140172.55,511374.08
2022-03-22,140174.67,517357.87
2022-03-23,140176.62,510695.12
2022-03-24,140178.54,518393.52
2022-03-25,140180.46,520925.15
2022-03-28,140186.57,524630.51
2022-03-29,140188.88,531120.62
2022-03-30,140191.03,527841.06
2022-03-31,140193.14,519716.89
2022-04-01,140195.10,521189.83
2022-04-04,140368.30,525654.64
2022-04-05,138594.80,519014.92
2022-04-06,138023.73,513825.11
2022-04-07,138026.26,516414.26
2022-04-08,138028.84,515033.40
2022-04-11,138036.66,506230.30
2022-04-12,138039.61,504354.60
2022-04-13,138042.41,510131.27
2022-04-14,138045.25,503779.24
2022-04-18,138057.05,503986.36
2022-04-19,138060.15,512122.05
2022-04-20,138063.25,511742.29
2022-04-21,138066.35,504089.92
2022-04-22,138069.45,490258.13
2022-04-25,138078.76,493100.44
2022-04-26,138082.28,478819.84
2022-04-27,138085.46,480166.18
2022-04-28,138088.56,492294.91
2022-04-29,138091.62,474101.83
2022-05-02,138101.04,476955.66
2022-05-03,138104.45,479142.05
2022-05-04,138107.85,493733.33
2022-05-05,138111.18,476184.66
2022-05-06,138114.36,473342.34
2022-05-09,138123.90,458187.22
2022-05-10,138127.38,459245.87
2022-05-11,138130.75,451950.23
2022-05-12,138134.15,451478.43
2022-05-13,138137.75,462272.30
2022-05-16,138149.22,460396.60
2022-05-17,138153.27,469867.15
2022-05-18,138157.28,450926.06
2022-05-19,138161.14,448164.31
2022-05-20,138165.08,448359.95
2022-05-23,138176.54,456748.80
2022-05-24,138180.60,453262.08
2022-05-25,138184.57,457266.61
2022-05-26,138188.55,466403.43
2022-05-27,138192.56,477853.23
2022-05-31,138208.61,475172.01
2022-06-01,138212.89,471328.56
2022-06-02,138217.13,480304.30
2022-06-03,138221.41,472421.77
2022-06-06,138234.70,473860.19
2022-06-07,138239.36,478405.56
2022-06-08,138244.06,473204.26
2022-06-09,138248.79,461950.10
2022-06-10,138253.56,448555.55
2022-06-13,138268.79,431524.73
2022-06-14,138275.19,430224.39
2022-06-15,138281.94,436357.82
2022-06-16,138288.34,421916.10
2022-06-17,138294.17,422825.63
2022-06-21,138318.12,433469.68
2022-06-22,138324.41,432683.81
2022-06-23,138330.36,436925.23
2022-06-24,138336.39,450816.77
2022-06-27,138355.26,449094.78
2022-06-28,138361.89,439918.49
2022-06-29,138368.53,439560.23
2022-06-30,138375.09,435989.11
2022-07-01,138381.38,440600.35
2022-07-05,138406.55,441432.46
2022-07-06,138413.61,442923.33
2022-07-07,138420.62,449557.06
2022-07-08,138427.79,449187.26
2022-07-11,138449.52,444055.93
2022-07-12,138457.60,440126.51
2022-07-13,138465.79,437815.11
2022-07-14,138474.63,436751.88
2022-07-15,138483.47,445096.06
2022-07-18,138509.54,441420.93
2022-07-19,138518.80,453347.76
2022-07-20,138528.13,456237.02
2022-07-21,138537.39,460882.97
2022-07-22,138546.50,456606.85
2022-07-25,138573.95,457161.60
2022-07-26,138583.63,451752.92
2022-07-27,138593.04,463483.30
2022-07-28,138602.04,469296.49
2022-07-29,138610.97,476138.23
2022-08-01,138637.62,474728.27
2022-08-02,138647.04,471596.33
2022-08-03,138656.46,478981.29
2022-08-04,138665.73,478657.69
2022-08-05,138674.89,477848.69
2022-08-08,138703.16,477293.94
2022-08-09,138712.92,475398.60
2022-08-10,138722.73,485383.86
2022-08-11,138732.46,485383.86
2022-08-12,138742.04,493600.93
2022-08-15,138770.89,495634.95
2022-08-16,138313.98,496605.77
2022-08-17,138189.46,493080.85
2022-08-18,138199.27,494513.95
2022-08-19,138209.15,487868.65
2022-08-22,138239.14,477710.01
2022-08-23,138249.52,476554.31
2022-08-24,138259.78,478079.84
2022-08-25,138270.12,484829.15
2022-08-26,138280.65,468418.14
2022-08-29,138312.25,465320.87
2022-08-30,138323.20,460212.64
2022-08-31,138334.12,456710.86
2022-09-01,138344.99,458143.96
2022-09-02,138355.91,453313.09
2022-09-06,138399.12,451602.67
2022-09-07,138410.34,459715.70
2022-09-08,138421.65,462720.53
2022-09-09,138432.91,469909.01
2022-09-12,138466.82,474959.43
2022-09-13,138478.54,454307.02
2022-09-14,138490.64,456040.57
2022-09-15,138502.55,450863.01
2022-09-16,138514.39,447423.43
2022-09-19,138549.69,450893.17
2022-09-20,138562.17,445717.57
2022-09-21,138574.55,437942.57
2022-09-22,138586.74,434263.92
2022-09-23,138598.85,426987.91
2022-09-26,138634.39,422763.85
2022-09-27,138646.93,421684.64
2022-09-28,138659.31,429981.86
2022-09-29,138671.81,420999.98
2022-09-30,138684.19,414489.83
2022-10-03,138720.90,425432.88
2022-10-04,138733.59,438615.62
2022-10-05,138746.21,437594.41
2022-10-06,138758.87,433080.28
2022-10-07,138771.49,420999.98
2022-10-10,138809.24,417785.51
2022-10-11,138821.83,415139.68
2022-10-12,138835.26,413770.36
2022-10-13,138848.80,424690.20
2022-10-14,138862.64,415012.05
2022-10-17,138904.30,425676.60
2022-10-18,138918.84,430678.14
2022-10-19,138933.65,427626.14
2022-10-20,138948.53,424040.36
2022-10-21,138963.41,434345.16
2022-10-24,139007.96,439660.01
2022-10-25,139023.19,446680.76
2022-10-26,139038.31,443315.43
2022-10-27,139053.32,440948.13
2022-10-28,139068.37,451438.58
2022-10-31,139113.98,448177.72
2022-11-01,139129.45,446216.55
2022-11-02,139144.93,435018.21
2022-11-03,139160.33,430538.89
2022-11-04,139175.81,436735.69
2022-11-07,139221.79,440913.32
2022-11-08,139237.51,443292.23
2022-11-09,139253.15,434159.49
2022-11-10,139268.83,458018.36
2022-11-11,139284.43,462451.29
2022-11-14,139331.26,458517.34
2022-11-15,139347.14,462428.05
2022-11-16,139362.94,458900.31
2022-11-17,139309.51,457496.14
2022-11-18,139832.65,459573.36
2022-11-21,139519.35,457902.30
2022-11-22,140084.70,464064.29
2022-11-23,139935.25,466988.65
2022-11-25,139652.02,466884.18
2022-11-28,139700.45,459434.11
2022-11-29,139716.91,458645.01
2022-11-30,139733.26,473092.60
2022-12-01,139907.82,472744.48
2022-12-02,139910.01,472199.07
2022-12-05,139939.27,463704.56
2022-12-06,138230.15,457020.35
2022-12-07,138246.32,456242.87
2022-12-08,138262.22,459817.04
2022-12-09,138278.02,456382.12
2022-12-12,138325.64,462961.89
2022-12-13,138341.90,466466.44
2022-12-14,138358.04,463484.07
2022-12-15,138374.08,452146.48
2022-12-16,138390.08,446808.35
2022-12-19,138437.85,443019.57
2022-12-20,138454.08,443625.80
2022-12-21,138470.21,450259.09
2022-12-22,138486.21,443835.63
2022-12-23,138502.30,446388.69
2022-12-27,138566.51,444628.35
2022-12-28,138583.02,439102.57
2022-12-29,138599.54,447006.55
2022-12-30,138616.02,445829.10
2023-01-03,138681.34,443952.21
2023-01-04,138698.05,447379.61
2023-01-05,138714.81,442273.49
2023-01-06,138731.95,452415.75
2023-01-09,138783.38,452159.28
2023-01-10,138800.68,455330.20
2023-01-11,138818.06,461089.15
2023-01-12,138835.44,462767.88
2023-01-13,138852.55,464563.19
2023-01-17,138921.18,463712.16
2023-01-18,138938.54,456391.06
2023-01-19,138955.82,453068.62
2023-01-20,138973.14,461508.85
2023-01-23,139025.34,467046.31
2023-01-24,139042.79,466545.03
2023-01-25,139060.20,466719.89
2023-01-26,139077.57,471849.31
2023-01-27,139094.91,472933.48
2023-01-30,139147.15,466999.67
2023-01-31,139164.65,473866.12
2023-02-01,139404.91,478902.27
2023-02-02,140222.55,485873.64
2023-02-03,139520.12,480709.25
2023-02-06,139535.54,477771.46
2023-02-07,139310.95,484020.06
2023-02-08,139328.47,478727.41
2023-02-09,139345.99,474577.23
2023-02-10,139363.71,475684.74
2023-02-13,139417.09,481268.80
2023-02-14,139434.96,481047.33
2023-02-15,139452.80,482609.47
2023-02-16,139470.61,475964.51
2023-02-17,139488.57,474775.43
2023-02-21,139560.41,465251.00
2023-02-22,139578.46,464609.83
2023-02-23,139596.47,467081.28
2023-02-24,139614.48,462091.74
2023-02-27,139668.65,463665.55
2023-02-28,139686.78,461951.85
2023-03-01,139704.85,460179.85
2023-03-02,139722.95,463758.80
2023-03-03,139741.10,471196.48
2023-03-06,139795.54,471522.90
2023-03-07,139813.77,464295.05
2023-03-08,139832.42,465052.83
2023-03-09,139851.16,456472.68
2023-03-10,139869.82,449886.03
2023-03-13,139925.34,449244.83
2023-03-14,139943.36,456670.87
2023-03-15,139961.42,453814.70
2023-03-16,139979.02,461776.96
2023-03-17,139996.55,456377.53
2023-03-20,140046.72,460765.89
2023-03-21,140064.56,466815.99
2023-03-22,140082.29,458858.41
2023-03-23,140100.06,460098.88
2023-03-24,140117.60,463118.06
2023-03-27,140170.23,463984.02
2023-03-28,140188.47,462942.53
2023-03-29,140206.29,469671.35
2023-03-30,140224.11,472421.39
2023-03-31,140242.55,479080.00
2023-04-03,140296.50,480905.55
2023-04-04,140314.83,478237.43
2023-04-05,140333.06,476985.28
2023-04-06,140351.20,478845.94
2023-04-10,140424.57,479337.41
2023-04-11,140443.57,479466.16
2023-04-12,140462.39,477511.86
2023-04-13,140481.13,483854.52
2023-04-14,140500.18,482672.57
2023-04-17,140557.69,484404.52
2023-04-18,140577.18,484720.47
2023-04-19,140596.59,484638.58
2023-04-20,140615.89,481993.86
2023-04-21,140635.03,482368.34
2023-04-24,140692.60,482871.53
2023-04-25,140712.03,475206.51
2023-04-26,140731.19,473193.71
2023-04-27,140750.46,482614.08
2023-04-28,140769.86,486733.27
2023-05-01,140827.13,486241.79
2023-05-02,140846.81,480776.81
2023-05-03,140866.41,477476.75
2023-05-04,140886.06,474094.81
2023-05-05,140905.74,482871.53
2023-05-08,140964.81,483000.24
2023-05-09,140984.70,480882.12
2023-05-10,141004.51,483128.98
2023-05-11,141024.14,482286.41
2023-05-12,141043.61,481654.48
2023-05-15,141102.50,483316.22
2023-05-16,141122.06,480086.38
2023-05-17,141141.66,485914.13
2023-05-18,141161.38,490595.04
2023-05-19,141181.26,489881.19
2023-05-22,141240.67,490080.14
2023-05-23,141260.95,484580.05
2023-05-24,141281.00,481069.36
2023-05-25,141301.17,485235.38
2023-05-26,141321.33,491519.50
2023-05-30,141401.25,491706.74
2023-05-31,141421.70,488980.12
2023-06-01,141442.08,493625.93
2023-06-02,141462.39,500764.34
2023-06-05,141523.20,499804.74
2023-06-06,141543.36,500893.04
2023-06-07,141563.45,499161.09
2023-06-08,141583.46,502180.30
2023-06-09,141603.32,503081.37
2023-06-12,141662.80,507645.25
2023-06-13,141682.74,510992.12
2023-06-14,141702.58,511600.63
2023-06-15,141722.38,517943.29
2023-06-16,141742.07,516179.06
2023-06-20,141821.13,513501.03
2023-06-21,141841.10,510869.99
2023-06-22,141861.12,512714.08
2023-06-23,141881.13,508837.96
2023-06-26,141941.19,506758.97
2023-06-27,141961.56,512314.73
2023-06-28,141981.75,512573.14
2023-06-29,142001.90,514593.37
2023-06-30,142022.13,520665.94
2023-07-03,142082.48,521264.99
2023-07-05,142123.04,520489.77
2023-07-06,142143.33,516413.99
2023-07-07,142163.70,515110.19
2023-07-10,142224.69,516413.99
2023-07-11,142245.15,519702.78
2023-07-12,142265.61,523884.27
2023-07-13,142286.03,528042.28
2023-07-14,142306.46,527713.40
2023-07-17,142367.86,529545.73
2023-07-18,142388.38,533480.57
2023-07-19,142408.86,534666.90
2023-07-20,142429.38,531119.66
2023-07-21,142449.91,531119.66
2023-07-24,142511.61,533492.33
2023-07-25,142532.23,534948.79
2023-07-26,142552.85,535031.02
2023-07-27,142573.47,531483.78
2023-07-28,142594.09,536687.18
2023-07-31,142655.97,537709.05
2023-08-01,142676.61,536170.36
2023-08-02,142697.21,528711.80
2023-08-03,142717.81,527196.58
2023-08-04,142738.42,524812.20
2023-08-07,142800.36,529393.03
2023-08-08,142821.06,527090.88
2023-08-09,142841.80,523567.15
2023-08-10,142862.46,523755.08
2023-08-11,142883.13,523449.68
2023-08-14,142945.13,526339.13
2023-08-15,142965.85,520207.88
2023-08-16,142986.57,516390.51
2023-08-17,143007.29,512455.67
2023-08-18,143028.02,512702.32
2023-08-21,143090.09,516038.11
2023-08-22,143110.87,514640.37
2023-08-23,143131.65,520372.30
2023-08-24,143152.43,513160.42
2023-08-25,143173.26,516778.10
2023-08-28,143236.10,520055.18
2023-08-29,143257.05,527572.46
2023-08-30,143277.97,529745.43
2023-08-31,143298.86,528970.20
2023-09-01,143319.74,529956.84
2023-09-05,143402.99,527666.41
2023-09-06,143423.89,524119.20
2023-09-07,143444.75,522510.04
2023-09-08,143465.58,523296.98
2023-09-11,143528.20,526738.52
2023-09-12,143549.12,523849.04
2023-09-13,143570.04,524459.84
2023-09-14,143590.92,528981.93
2023-09-15,143611.81,522608.60
2023-09-18,143674.61,522915.08
2023-09-19,143695.51,521830.64
2023-09-20,143716.42,517033.29
2023-09-21,143737.40,508487.57
2023-09-22,143758.39,507344.22
2023-09-25,143821.25,509477.69
2023-09-26,143842.33,501992.82
2023-09-27,143863.38,502193.18
2023-09-28,143884.42,505104.62
2023-09-29,143905.40,503878.78
2023-10-02,143968.32,503678.38
2023-10-03,143989.42,496936.11
2023-10-04,144010.53,500554.78
2023-10-05,144031.60,500366.18
2023-10-06,144052.67,506306.94
2023-10-09,144116.13,509548.41
2023-10-10,144137.29,512200.53
2023-10-11,144158.38,514298.65
2023-10-12,144179.47,511163.25
2023-10-13,144200.61,508617.22
2023-10-16,144264.01,513968.61
2023-10-17,144285.12,513945.01
2023-10-18,144306.27,507096.66
2023-10-19,144327.38,502641.10
2023-10-20,144348.46,496464.63
2023-10-23,144411.46,495604.15
2023-10-24,144432.50,499340.70
2023-10-25,144453.52,492174.07
2023-10-26,144474.57,486280.48
2023-10-27,144495.63,484076.28
2023-10-30,144558.81,489863.79
2023-10-31,144579.92,492940.27
2023-11-01,144601.03,498197.34
2023-11-02,144622.07,507744.98
2023-11-03,144642.99,512377.33
2023-11-06,144705.64,513556.05
2023-11-07,144726.61,515017.65
2023-11-08,144747.55,515394.85
2023-11-09,144768.49,511375.41
2023-11-10,144789.39,519355.33
2023-11-13,144851.99,518860.29
2023-11-14,144872.94,528926.56
2023-11-15,144893.82,530046.32
2023-11-16,144914.70,530694.63
2023-11-17,144935.54,531354.71
2023-11-20,144998.08,535444.87
2023-11-21,145019.02,534277.91
2023-11-22,145039.92,536340.67
2023-11-24,145081.80,536670.71
2023-11-27,145144.76,535704.19
2023-11-28,145165.76,536234.59
2023-11-29,145186.72,535857.39
2023-11-30,145207.60,537967.31
2023-12-01,145228.49,541149.87
2023-12-04,145290.92,538309.15
2023-12-05,145311.85,538203.07
2023-12-06,145332.76,536034.23
2023-12-07,145353.66,540124.39
2023-12-08,145374.53,542446.46
2023-12-11,145437.14,544556.34
2023-12-12,145458.10,547043.46
2023-12-13,145479.06,554587.25
2023-12-14,145499.94,556367.13
2023-12-15,145520.79,555451.08
2023-12-18,145583.47,558575.53
2023-12-19,145604.44,561972.16
2023-12-20,145625.31,554184.76
2023-12-21,145646.21,559439.49
2023-12-22,145667.04,560563.80
2023-12-26,145750.69,562930.79
2023-12-27,145771.66,563948.62
2023-12-28,145792.58,564161.64
2023-12-29,145813.55,562528.41
2024-01-02,145896.65,559380.30
2024-01-03,145917.51,554812.01
2024-01-04,145938.46,553024.92
2024-01-05,145959.41,553782.38
2024-01-08,146022.28,561688.13
2024-01-09,146043.28,560836.01
2024-01-10,146064.24,564007.78
2024-01-11,146085.17,563759.25
2024-01-12,146106.11,564149.79
2024-01-16,146189.69,562078.67
2024-01-17,146210.59,558954.26
2024-01-18,146231.58,563924.93
2024-01-19,146252.50,570954.91
2024-01-22,146315.25,572162.10
2024-01-23,146336.17,573830.80
2024-01-24,146357.06,574458.09
2024-01-25,146377.95,577582.50
2024-01-26,146398.84,576848.74
2024-01-29,146461.53,581417.02
2024-01-30,146482.48,580967.33
2024-01-31,146503.39,571487.49
2024-02-01,146524.34,578967.21
2024-02-02,146545.30,585062.22
2024-02-05,146608.29,582931.90
2024-02-06,146629.26,584624.33
2024-02-07,146650.27,589500.34
2024-02-08,146671.28,589760.71
2024-02-09,146692.30,593169.19
2024-02-12,146755.48,592908.82
2024-02-13,146776.50,584742.65
2024-02-14,146797.62,590056.58
2024-02-15,146818.65,594127.82
2024-02-16,146839.69,591169.07
2024-02-20,146924.01,587914.45
2024-02-21,146945.10,588447.00
2024-02-22,146966.20,600625.21
2024-02-23,146987.34,601039.44
2024-02-26,147050.88,598838.12
2024-02-27,147072.07,599950.61
2024-02-28,147093.23,599157.68
2024-02-29,147114.35,601311.62
2024-03-01,147135.51,606956.89
2024-03-04,147198.75,606305.98
2024-03-05,147219.89,600246.48
2024-03-06,147240.98,603288.08
2024-03-07,147262.12,609276.58
2024-03-08,147283.26,605619.57
2024-03-11,147346.69,605098.83
2024-03-12,147367.85,611608.10
2024-03-13,147389.04,610649.40
2024-03-14,147410.24,609442.28
2024-03-15,147431.45,605257.46
2024-03-18,147495.06,608854.60
2024-03-19,147516.28,612238.09
2024-03-20,147537.46,617900.87
2024-03-21,147558.64,619942.85
2024-03-22,147579.86,618767.55
2024-03-25,147643.42,617058.02
2024-03-26,147664.58,615918.31
2024-03-27,147685.69,621094.37
2024-03-28,147706.82,620975.68
2024-04-01,147791.47,619895.31
2024-04-02,147812.65,615953.96
2024-04-03,147833.79,616630.58
2024-04-04,147854.93,609103.93
2024-04-05,147876.04,615467.17
2024-04-08,147939.60,615811.43
2024-04-09,147960.80,616523.78
2024-04-10,147982.00,610350.45
2024-04-11,148003.29,614956.70
2024-04-12,148024.58,606468.40
2024-04-15,148088.45,598870.49
2024-04-16,148109.75,597778.27
2024-04-17,148131.05,594240.48
2024-04-18,148152.36,593017.69
2024-04-19,148173.67,587841.62
2024-04-22,148237.61,593255.14
2024-04-23,148258.81,600295.08
2024-04-24,148280.13,600010.17
2024-04-25,148301.50,597730.77
2024-04-26,148322.87,603393.62
2024-04-29,148386.87,605530.52
2024-04-30,148408.22,595938.16
2024-05-01,148429.56,594003.06
2024-05-02,148450.95,599559.03
2024-05-03,148472.31,606990.76
2024-05-06,148536.37,613259.04
2024-05-07,148557.74,613935.74
2024-05-08,148579.11,613995.09
2024-05-09,148600.48,617532.85
2024-05-10,148621.85,618328.31
2024-05-13,148686.11,618411.34
2024-05-14,148707.49,621248.71
2024-05-15,149562.71,628941.65
2024-05-16,149469.57,627647.60
2024-05-17,148728.24,628549.87
2024-05-20,149703.30,629274.03
2024-05-21,149712.69,630817.34
2024-05-22,149613.14,629001.00
2024-05-23,152013.42,624406.64
2024-05-24,152750.15,628537.98
2024-05-28,154822.62,628977.23
2024-05-29,155089.28,624572.79
2024-05-30,153942.74,620429.56
2024-05-31,153727.22,626080.52
2024-06-03,155225.78,626591.00
2024-06-04,155630.58,627291.46
2024-06-05,157264.66,634746.89
2024-06-06,156894.30,634735.00
2024-06-07,156882.57,633963.38
2024-06-10,157179.17,635922.18
2024-06-11,156962.81,637453.68
2024-06-12,158135.80,642689.09
2024-06-13,159341.11,643983.14
2024-06-14,159970.22,644374.93
2024-06-17,159781.60,649503.46
2024-06-18,161038.08,651153.65
2024-06-20,159781.41,649384.77
2024-06-21,158665.73,648514.16
2024-06-24,156441.40,646406.06
2024-06-25,157259.98,648895.29
2024-06-26,157282.51,649705.17
2024-06-27,157305.09,650729.41
2024-06-28,157327.63,648168.72
2024-07-01,157395.13,649502.72
2024-07-02,157417.73,653873.68
2024-07-03,157440.33,656791.66
2024-07-05,157485.53,660579.05
2024-07-08,157553.23,661341.31
2024-07-09,157575.80,661984.43
2024-07-10,157598.38,668534.95
2024-07-11,157620.96,662770.46
2024-07-12,157643.46,666950.90
2024-07-15,156721.34,668785.09
2024-07-16,156362.27,672751.08
2024-07-17,156384.55,663318.34
2024-07-18,156406.83,658220.81
2024-07-19,156429.16,653849.84
2024-07-22,156496.01,660590.97
2024-07-23,156518.27,659554.80
2024-07-24,156540.48,644607.63
2024-07-25,156562.69,641248.99
2024-07-26,156584.87,648430.78
2024-07-29,156651.28,648811.91
2024-07-30,156673.38,645524.73
2024-07-31,156695.45,656017.48
2024-08-01,156717.55,646727.65
2024-08-02,156739.54,634686.61
2024-08-05,156804.60,616202.19
2024-08-06,156826.46,621883.31
2024-08-07,156848.33,617726.64
2024-08-08,156870.21,632006.85
2024-08-09,156892.08,634793.76
2024-08-12,156957.72,635127.28
2024-08-13,156979.52,645572.34
2024-08-14,157001.28,647608.99
2024-08-15,157023.09,658709.16
2024-08-16,157044.99,660186.00
2024-08-19,157110.56,666498.31
2024-08-20,157132.34,665414.53
2024-08-21,157154.04,667701.23
2024-08-22,157175.65,662460.78
2024-08-23,157197.35,669499.66
2024-08-26,157262.08,667903.69
2024-08-27,157283.54,668820.78
2024-08-28,157305.00,664938.09
2024-08-29,156664.29,664997.63
2024-08-30,156422.12,671345.71
2024-09-03,156507.49,657530.08
2024-09-04,156528.80,656184.24
2024-09-05,156550.07,654588.26
2024-09-06,156571.26,643571.46
2024-09-09,156634.70,650777.03
2024-09-10,156655.69,653611.62
2024-09-11,156676.50,660316.99
2024-09-12,156697.49,665879.03
2024-09-13,156718.31,669356.75
2024-09-16,156779.88,670345.30
2024-09-17,156800.29,670619.21
2024-09-18,156820.69,668630.25
2024-09-19,156840.67,680040.03
2024-09-20,156860.48,678864.51
2024-09-23,156919.27,680560.90
2024-09-24,156938.75,682508.20
2024-09-25,156958.09,681002.92
2024-09-26,156977.49,683702.86
2024-09-27,156996.84,682711.27
2024-09-30,157054.91,685447.09
2024-10-01,157074.36,679306.53
2024-10-02,157093.72,679593.23
2024-10-03,157113.01,678350.81
2024-10-04,157132.29,684515.22
2024-10-07,157190.79,678326.90
2024-10-08,157210.39,684742.21
2024-10-09,157229.90,689485.04
2024-10-10,157249.46,688278.42
2024-10-11,157269.02,692400.01
2024-10-14,157327.57,698062.67
2024-10-15,157347.10,692638.95
2024-10-16,157366.58,695649.44
2024-10-17,157386.03,695709.16
2024-10-18,157405.60,698385.26
2024-10-21,157464.21,697238.36
2024-10-22,157483.67,696868.02
2024-10-23,157503.13,690500.47
2024-10-24,157522.63,691993.79
2024-10-25,157542.05,691754.84
2024-10-28,157600.58,693893.33
2024-10-29,157619.97,695016.31
2024-10-30,157639.36,692913.70
2024-10-31,157658.66,679330.44
2024-11-01,157677.84,682197.58
2024-11-04,157734.99,680728.17
2024-11-05,157754.18,688959.39
2024-11-06,157773.33,706090.74
2024-11-07,157792.52,711550.34
2024-11-08,157811.67,714632.58
2024-11-11,157869.13,715313.54
2024-11-12,157888.29,713091.50
2024-11-13,157907.45,713437.92
2024-11-14,157926.49,708850.40
2024-11-15,157945.57,699771.03
2024-11-18,158002.82,702638.24
2024-11-19,158021.95,705206.71
2024-11-20,158041.05,705445.65
2024-11-21,158060.18,709232.70
2024-11-22,158079.37,711430.90
2024-11-25,158136.93,713844.14
2024-11-26,158156.08,717571.46
2024-11-27,158175.14,715397.18
2024-11-29,158213.28,719841.27
2024-12-02,157654.70,721131.52
2024-12-03,159480.19,721465.99
2024-12-04,159056.32,725945.96
2024-12-05,160658.43,724751.30
2024-12-06,164133.32,726125.18
2024-12-09,163207.11,722385.90
2024-12-10,164025.39,720139.93
2024-12-11,166500.38,725707.08
2024-12-12,166209.21,721967.80
2024-12-13,168303.87,721824.44
2024-12-16,170215.52,724906.61
2024-12-17,171099.35,721919.96
2024-12-18,167452.33,700404.23
2024-12-19,167889.61,700189.13
2024-12-20,168473.84,708599.12
2024-12-23,169247.71,712842.42
2024-12-24,172020.05,720765.67
2024-12-26,171389.06,720813.66
2024-12-27,168954.45,713226.00
2024-12-30,167452.75,705086.92
2024-12-31,166066.45,702521.81
2025-01-02,164947.01,700795.71
2025-01-03,164997.47,709558.05
2025-01-06,165054.43,713645.51
2025-01-07,165073.47,705578.42
2025-01-08,165092.51,706609.27
2025-01-10,165130.59,695821.16
2025-01-13,165187.87,696900.00
2025-01-14,165207.01,697858.93
2025-01-15,165226.11,710552.97
2025-01-16,165245.17,709186.46
2025-01-17,165264.23,716306.62
2025-01-21,165340.30,722863.36
2025-01-22,165359.41,726926.89
2025-01-23,165378.53,730894.52
2025-01-24,165397.65,728760.84
2025-01-27,165454.88,718452.23
2025-01-28,165473.92,724625.45
2025-01-29,165492.96,721377.00
2025-01-30,165512.01,725248.71
2025-01-31,165531.01,721389.00
2025-02-03,165588.15,716534.37
2025-02-04,165607.29,721341.08
2025-02-05,165626.44,724265.79
2025-02-06,165645.59,726783.06
2025-02-07,165664.74,720130.40
2025-02-10,165722.47,725020.96
2025-02-11,165741.68,725572.38
2025-02-12,165760.89,723234.94
2025-02-13,165780.10,730870.52
2025-02-14,165799.26,730834.60
2025-02-18,166006.76,732980.21
2025-02-19,165668.09,734706.31
2025-02-20,165129.57,731649.69
2025-02-21,165148.62,719135.48
2025-02-24,165205.77,715863.11
2025-02-25,165224.73,712303.00
2025-02-26,165243.70,712662.59
2025-02-27,165262.71,701287.13
2025-02-28,165281.73,712231.08
2025-03-03,165338.79,699752.86
2025-03-04,165357.86,691469.95
2025-03-05,165376.88,698901.77
2025-03-06,165395.96,686495.48
2025-03-07,165414.99,690343.19
2025-03-10,165472.09,671955.49
2025-03-11,165491.09,666369.61
2025-03-12,165510.13,669905.73
2025-03-13,165529.22,660975.55
2025-03-14,165548.27,674628.52
2025-03-17,165605.42,679830.82
2025-03-18,165624.47,672482.91
2025-03-19,165643.53,679806.83
2025-03-20,165662.59,677840.97
2025-03-21,165681.61,678064.59
2025-03-24,165738.67,690207.71
2025-03-25,165757.69,691866.87
2025-03-26,165776.72,683607.18
2025-03-27,165795.80,681791.72
2025-03-28,165814.87,668061.57
2025-03-31,165872.11,672546.14
2025-04-01,165891.25,674445.70
2025-04-02,165910.34,678713.87
2025-04-03,165929.47,645266.30
2025-04-04,165948.56,607490.49
2025-04-07,166005.44,606408.44
2025-04-08,166024.41,596910.40
2025-04-09,166043.47,659597.51
2025-04-10,166062.75,630694.61
2025-04-11,166081.95,641947.98
2025-04-14,166139.70,648175.80
2025-04-15,166158.90,646360.34
2025-04-16,166178.12,631993.02
2025-04-17,166197.28,632894.74
2025-04-21,166274.33,617830.15
2025-04-22,166293.55,633904.69
2025-04-23,166312.78,643727.34
2025-04-24,166332.00,657277.11
2025-04-25,166351.19,662026.15
2025-04-28,166408.75,662278.58
2025-04-29,166427.90,666450.55
2025-04-30,166447.05,666715.02
2025-05-01,166288.53,671439.99
2025-05-02,167426.47,681406.98
2025-05-05,166952.36,677499.55
2025-05-06,166136.85,671836.76
2025-05-07,166156.06,674662.17
2025-05-08,166175.27,679363.08
2025-05-09,166194.53,678497.47
2025-05-12,166252.17,700920.03
2025-05-13,166271.81,705548.88
2025-05-14,166291.35,706450.59
2025-05-15,166310.89,709901.14
2025-05-16,166330.35,714397.67
2025-05-19,166388.45,715179.12
2025-05-20,166407.96,712774.55
2025-05-21,166427.38,700763.73
2025-05-22,166603.31,701040.31
2025-05-23,165459.26,696255.16
2025-05-27,165536.14,710730.72
2025-05-28,165555.37,706618.85
2025-05-29,165574.60,709408.16
2025-05-30,165593.88,708614.69
2025-06-02,165651.72,712606.28
2025-06-03,165671.01,716670.01
2025-06-04,165690.25,716477.60
2025-06-05,165709.55,713015.02
2025-06-06,165728.84,720336.96
2025-06-09,165786.73,720986.17
2025-06-10,165806.04,725073.97
2025-06-11,165825.39,723006.00
2025-06-12,165844.74,725879.48
2025-06-13,165864.15,717764.06
2025-06-16,165922.22,724593.03
2025-06-17,165941.49,718401.30
2025-06-18,165960.73,718293.07
2025-06-20,165999.19,716606.13
2025-06-23,166056.63,723684.40
2025-06-24,166075.69,731679.12
2025-06-25,166094.76,732089.06
2025-06-26,166113.83,737816.80
2025-06-27,166132.99,741482.52
2025-06-30,166190.34,745027.69
2025-07-01,166209.64,744786.58
2025-07-02,166228.95,748162.92
2025-07-03,166248.26,754059.49
2025-07-07,166325.87,748440.24
2025-07-08,166345.28,748030.29
2025-07-09,166364.70,752515.98
2025-07-10,166384.12,754638.27
2025-07-11,166403.49,751985.41
2025-07-14,166461.62,753420.36
2025-07-15,166481.04,750200.79
2025-07-16,166500.43,752708.88
2025-07-17,166519.77,757315.20
2025-07-18,166539.11,756760.56
2025-07-21,166597.15,758195.51
2025-07-22,166616.50,758303.99
2025-07-23,166635.86,764755.28
2025-07-24,166655.26,765008.46
2025-07-25,166674.67,768240.10
2025-07-28,166732.89,768047.20
2025-07-29,166752.26,766021.39
2025-07-30,166771.63,765056.74
2025-07-31,166791.05,762186.83
2025-08-01,166810.42,749694.28
2025-08-04,166867.87,761089.48
2025-08-05,166886.89,757230.78
2025-08-06,166905.91,763030.94
2025-08-07,166924.84,762391.81
2025-08-08,166943.77,768336.58
2025-08-11,167000.58,766817.22
2025-08-12,167019.57,774980.77
2025-08-13,167038.51,777633.63
2025-08-14,167057.32,777705.98
2025-08-15,167076.18,775885.15
2025-08-18,167132.75,775716.31
2025-08-19,167151.71,771507.95
2025-08-20,167170.58,769458.01
2025-08-21,167189.45,766371.06
2025-08-22,167208.41,778140.06
2025-08-25,167264.76,774715.45
2025-08-26,167283.55,777959.16
2025-08-27,167302.34,779731.78
2025-08-28,167321.04,782493.12
2025-08-29,167339.74,777826.53
2025-09-02,167414.01,772062.66
2025-09-03,167432.59,776246.89
2025-09-04,167451.08,782734.31
2025-09-05,167469.47,780467.32
2025-09-08,167523.43,782384.64
2025-09-09,167541.56,784193.40
2025-09-10,167559.69,786460.38
2025-09-11,167577.78,792996.01
2025-09-12,167595.87,792730.69
2025-09-15,167650.14,796951.12
2025-09-16,167668.10,795853.84
2025-09-17,167686.02,794865.05
2025-09-18,167703.84,798579.05
2025-09-19,167721.71,802534.29
2025-09-22,167775.34,806331.14
2025-09-23,167793.08,801941.80
2025-09-24,167810.83,799390.37
2025-09-25,167828.62,795702.38
2025-09-26,167846.50,800261.02
2025-09-29,167899.89,802510.08
2025-09-30,167917.65,805533.04
2025-10-01,167935.41,808277.91
2025-10-02,167953.12,809208.93
2025-10-03,167970.88,809196.90
2025-10-06,168024.31,812098.89
2025-10-07,168042.08,809088.04
2025-10-08,168059.81,813912.66
2025-10-09,168077.53,811554.74
2025-10-10,168095.35,789620.23
2025-10-13,168148.68,801736.19
2025-10-14,168166.47,800756.75
2025-10-15,168184.20,804311.75
2025-10-16,168202.04,798834.19
2025-10-17,168219.82,803368.63
2025-10-20,168272.92,811724.05
2025-10-21,168290.48,811711.94
2025-10-22,168308.00,807491.91
2025-10-23,168325.52,812280.30
2025-10-24,168343.05,818918.69
2025-10-27,168395.21,828580.05
2025-10-28,168412.42,830780.77
2025-10-29,168429.63,831179.82
2025-10-30,168447.03,822038.41
2025-10-31,168464.38,824734.86
2025-11-03,168516.03,826282.65
2025-11-04,168533.66,816488.23
2025-11-05,168551.21,819317.75
2025-11-06,168568.76,810526.97
2025-11-07,168586.17,811324.99
2025-11-10,168638.41,823985.17
2025-11-11,168655.92,825871.49
2025-11-12,168673.43,826330.99
2025-11-13,168690.94,812618.83
2025-11-14,168708.51,812485.84
2025-11-17,168761.20,804916.34
2025-11-18,168778.77,798157.06
2025-11-19,168796.25,801240.46
2025-11-20,168813.78,789027.74
2025-11-21,168831.26,796887.43
2025-11-24,168883.30,808616.44
2025-11-25,168900.65,816222.24
2025-11-26,168917.95,821857.00
2025-11-28,168952.75,826343.09
2025-12-01,169004.55,822570.45
2025-12-02,169021.73,824094.03
2025-12-03,169038.77,826947.68
2025-12-04,169055.63,827552.27
2025-12-05,169072.44,829124.20
2025-12-08,169122.75,826633.28
2025-12-09,169139.61,825919.83
2025-12-10,169156.48,831397.46
2025-12-11,169173.16,833332.13
2025-12-12,169189.76,824372.12
2025-12-15,169238.98,823126.63
2025-12-16,169255.49,820877.56
2025-12-17,169272.00,811845.01
2025-12-18,169288.46,817975.50
2025-12-19,169304.83,825389.14
2025-12-22,169354.09,830531.21
2025-12-23,169370.61,834327.14
2025-12-24,169387.13,837261.99
2025-12-26,169420.55,837177.08
2025-12-29,169470.12,834193.68
2025-12-30,169486.69,833175.01
2025-12-31,169503.18,827002.05
2026-01-02,169536.34,828517.99
2026-01-05,169585.66,834036.01
2026-01-06,169602.11,838996.22
2026-01-07,169618.51,836291.80
2026-01-08,169634.87,836206.89
2026-01-09,169651.23,841737.06
2026-01-12,169700.31,843058.92
2026-01-13,169716.87,841373.24
2026-01-14,169733.47,837237.71
2026-01-15,169750.07,839517.69
2026-01-16,169766.67,838814.27
2026-01-20,169833.09,821738.73
2026-01-21,169849.79,831222.49
2026-01-22,169866.50,835564.10
2026-01-23,169883.25,835867.29
2026-01-26,169933.38,840111.93
2026-01-27,169950.09,843459.15
2026-01-28,170496.16,843374.25
2026-01-29,170861.47,841700.64
2026-01-30,171985.19,839190.22
2026-02-02,174700.41,843362.11
2026-02-03,175602.62,836231.17
2026-02-04,173399.37,832180.54
2026-02-05,173248.32,821787.22
2026-02-06,173699.22,837553.03
2026-02-09,173456.08,841591.53
2026-02-10,172636.84,839372.17
2026-02-11,173806.80,839178.16
2026-02-12,174441.80,826213.80
2026-02-13,174383.21,826795.90
2026-02-17,173727.66,828129.90
2026-02-18,173939.88,832301.78
2026-02-19,174369.69,830106.70
2026-02-20,174963.31,836109.85
2026-02-23,175341.63,827572.08
2026-02-24,174798.21,833587.30
2026-02-25,174691.39,840621.34
2026-02-26,175097.78,835952.19
2026-02-27,174782.96,831937.97
2026-03-02,174505.18,832410.96
2026-03-03,173761.27,825073.81
2026-03-04,173778.41,830895.02
2026-03-05,173795.55,826262.29
2026-03-06,173812.64,815432.39
2026-03-09,173863.79,822575.54
2026-03-10,173880.98,821253.60
2026-03-11,173898.13,820222.79
2026-03-12,173915.33,807767.77
2026-03-13,173932.53,803195.66
2026-03-16,173984.14,811369.69
2026-03-17,174001.35,813504.08
2026-03-18,174018.56,802152.71
2026-03-19,174035.82,800175.91
2026-03-20,174053.08,788704.77
2026-03-23,174105.01,796986.18
2026-03-24,174122.32,794310.82
2026-03-25,174139.64,798737.32
2026-03-26,174156.96,784472.88
2026-03-27,174174.28,771096.14
2026-03-30,174226.10,768518.01
2026-03-31,174243.38,790857.23
2026-04-01,174260.61,796815.92
2026-04-02,174277.85,797533.43
2026-04-06,174346.80,801303.21
2026-04-07,174364.18,801655.84
2026-04-08,174381.48,822073.66
2026-04-09,174398.72,826816.28
2026-04-10,174415.92,826269.11
2026-04-13,174467.53,834343.74
2026-04-14,175415.51,844510.12
2026-04-15,174434.13,851174.14
2026-04-16,175325.52,853265.74
2026-04-17,176840.26,863578.04
2026-04-20,176119.21,861851.17
2026-04-21,177488.22,856208.68
2026-04-22,179182.34,864879.24
2026-04-23,179534.51,861522.88
2026-04-24,181700.20,868199.08
2026-04-27,183059.67,869694.82
2026-04-28,179460.77,865462.93
2026-04-29,183482.44,865329.18
2026-04-30,185434.54,873938.88
2026-05-01,189359.39,876358.92
2026-05-04,190989.06,873148.49
2026-05-05,194815.69,880153.04
2026-05-06,195622.68,892386.68
2026-05-07,193628.32,889650.53
2026-05-08,197753.97,896995.55
2026-05-11,200034.78,899038.53
2026-05-12,197406.97,897676.54
2026-05-13,197758.43,902698.91
2026-05-14,196200.92,909825.04
2026-05-15,196142.52,898880.44
2026-05-18,192445.76,898248.13
2026-05-19,192854.49,892265.03
2026-05-20,192443.11,901409.88
2026-05-21,197088.06,903197.46
2026-05-22,196256.89,906748.43
2026-05-26,199556.00,912767.98
2026-05-27,200768.57,912609.88
2026-05-28,202039.52,917644.35
2026-05-29,202808.86,919930.56
2026-06-01,205832.69,922435.65
2026-06-02,205426.50,923688.24
2026-06-03,207841.87,917206.58
2026-06-04,206073.49,920672.42
2026-06-05,199318.29,896910.41
2026-06-08,202003.14,898941.22
2026-06-09,200610.53,896302.38
2026-06-10,199135.59,882171.68
2026-06-11,203757.42,897165.81
2026-06-12,205253.72,902017.91
2026-06-15,207222.50,917924.09
2026-06-16,205495.36,912451.79
2026-06-17,205021.63,901057.24
2026-06-18,208428.59,910425.54
2026-06-22,209833.93,907560.45
2026-06-23,205199.80,894380.90
2026-06-24,204480.51,893966.34
2026-06-25,210806.43,895258.69
2026-06-26,207159.85,888784.74
2026-06-29,206608.08,903427.34
2026-06-30,209976.20,910462.15
2026-07-01,206371.57,909230.75
2026-07-02,202081.15,908035.96
2026-07-06,203381.02,915960.76
2026-07-07,203401.86,911608.20
2026-07-08,203422.64,908791.85
2026-07-09,203443.43,916485.00
2026-07-10,203464.00,920435.20
2026-07-13,203526.04,913388.19
2026-07-14,203547.01,916631.30
2026-07-15,203567.69,920264.49
2026-07-16,203588.33,915277.93
2026-07-17,203608.97,906219.28
2026-07-20,203671.05,904756.30
2026-07-21,203691.87,912303.16
2026-07-22,203712.74,911242.38
2026-07-23,203733.67,899989.19
2026-07-24,203754.94,900903.59
2026-07-27,203818.74,901098.70
2026-07-28,203840.07,903256.64
2026-07-29,203861.13,889357.80
2026-07-30,203881.79,904268.59
2026-07-31,203902.40,910779.16
2026-08-03,203964.24,923751.39
2026-08-04,203985.20,940405.71
2026-08-05,204006.10,938528.09
2026-08-06,204027.00,937028.50
2026-08-07,204047.91,942758.75
2026-08-10,204110.30,942478.36
2026-08-11,204131.21,939466.90
2026-08-12,204152.13,941819.94
2026-08-13,204172.94,948391.45
2026-08-14,201916.55,946513.91
2026-08-17,201822.72,942039.39
2026-08-18,201843.29,935675.20
2026-08-19,201863.81,937638.10
2026-08-20,201884.33,929762.04
2026-08-21,201904.85,933565.94
2026-08-24,201966.58,930822.74
2026-08-25,201987.16,933797.59
2026-08-26,202007.69,934004.90
2026-08-27,202028.17,940125.24
2026-08-28,202048.60,937991.64
2026-08-31,202110.71,935187.49
2026-09-01,202131.64,928762.36
2026-09-02,202152.57,932883.19
2026-09-03,202173.50,942648.99
2026-09-04,202194.28,939015.80
2026-09-08,202277.81,933858.61
2026-09-09,202298.87,929518.26
2026-09-10,202319.99,923946.50
2026-09-11,202341.38,931822.49
2026-09-14,202406.58,927665.05
2026-09-15,202428.59,923410.05
2026-09-16,202450.61,919337.89
2026-09-17,202472.74,929762.04
2026-09-18,202494.76,930958.63
2026-09-21,202561.17,945393.14
2026-09-22,202583.48,945246.48
2026-09-23,202211.81,938438.66
2026-09-24,201332.90,937668.65
2026-09-25,201355.40,942765.32
2026-09-28,201422.93,935749.74
2026-09-29,201445.55,934026.43
2026-09-30,201468.02,932107.53
