date,equity,gross
1994-04-04,1.0365990717063331,0.0
1994-04-05,1.0367027316135038,0.0
1994-04-06,1.0368066859148108,0.0
1994-04-07,1.0369086622436445,0.0
1994-04-08,1.037008944095089,0.0
1994-04-11,1.0373123757532516,0.0
1994-04-12,1.037412980843941,0.0
1994-04-13,1.037514164137415,0.0
1994-04-14,1.0376153572997255,0.0
1994-04-15,1.037717128888195,0.0
1994-04-18,1.0380233265177325,0.0
1994-04-19,1.0381285508001465,0.0
1994-04-20,1.038234923424256,0.0
1994-04-21,1.0383413069479166,0.0
1994-04-22,1.038447701372245,0.0
1994-04-25,1.0387677708692433,0.0
1994-04-26,1.0388747781793384,0.0
1994-04-28,1.0390956458034115,0.0
1994-04-29,1.0392063877777178,0.0
1994-05-02,1.0395369408232547,0.0
1994-05-03,1.0396485842426526,0.0
1994-05-04,1.0397630880045337,0.0
1994-05-05,1.0398784589773122,0.0
1994-05-06,1.0399932729551116,0.0
1994-05-09,1.040350574753546,0.0
1994-05-10,1.040471711464305,0.0
1994-05-11,1.0405925772192806,0.0
1994-05-12,1.0407128868268385,0.0
1994-05-13,1.0408306442028,0.0
1994-05-16,1.0411831008264258,0.0
1994-05-17,1.0413014819187114,0.0
1994-05-18,1.0414213029111514,0.0
1994-05-19,1.0415408523703076,0.0
1994-05-20,1.0416587034311373,0.0
1994-05-23,1.0420140089340884,0.0
1994-05-24,1.0421327699827778,0.0
1994-05-25,1.0422532576619374,0.0
1994-05-26,1.0423726170761025,0.0
1994-05-27,1.0424914189962953,0.0
1994-05-31,1.0429689657504218,0.0
1994-06-01,1.043087835638025,0.0
1994-06-02,1.0432072906285172,0.0
1994-06-03,1.0433253302479772,0.0
1994-06-06,1.0396306369547499,1.0015236160487557
1994-06-07,1.038221997127877,1.0015258960216504
1994-06-08,1.0297739257249057,1.0015386299847888
1994-06-09,1.0354060854907392,1.0015304747418678
1994-06-10,1.0371654543213493,1.0015280928821637
1994-06-13,1.0385731314780562,1.0015266626413495
1994-06-14,1.0466689009226493,1.0015150667133117
1994-06-15,1.04244418337546,1.001521419798958
1994-06-16,1.0445557895400501,1.00151855759563
1994-06-17,1.038716349805684,1.0015273083928062
1994-06-20,1.0298574343115203,1.0015410946745955
1994-06-21,1.0209994205560764,1.001554682995474
1994-06-22,1.0248968021699478,1.0015489916393463
1994-06-23,1.0188727521057024,1.0015583711283107
1994-06-24,0.9976131746858504,1.0015918052709178
1994-06-27,0.9990297747247524,0.0
1994-06-28,0.9991430893348171,0.0
1994-06-29,0.9992575117488833,0.0
1994-06-30,0.9993711259591231,0.0
1994-07-01,0.999484753087143,0.0
1994-07-05,0.9999447899050024,0.0
1994-07-06,1.0000601260026873,0.0
1994-07-07,1.0001773933270515,0.0
1994-07-08,1.0002938523386034,0.0
1994-07-11,1.0006531359661146,0.0
1994-07-12,1.000774585100151,0.0
1994-07-13,1.000896597344088,0.0
1994-07-14,1.0010175275905067,0.0
1994-07-15,1.0011354556827983,0.0
1994-07-18,1.0014859902341304,0.0
1994-07-19,1.0016023272368315,0.0
1994-07-20,1.001719226576942,0.0
1994-07-21,1.0018372373351414,0.0
1994-07-22,1.0019560854238443,0.0
1994-07-25,1.0023167896145968,0.0
1994-07-26,1.0024370676293504,0.0
1994-07-27,1.0025581839983433,0.0
1994-07-28,1.0026806883682235,0.0
1994-07-29,1.0028021088789794,0.0
1994-08-01,1.0048600955129259,1.002376910016978
1994-08-02,1.0062241641733007,1.002374031175922
1994-08-03,1.0065651388092187,1.0023735735273793
1994-08-04,1.000764490232572,1.0023876798913909
1994-08-05,0.9973518602893109,1.0023961989976402
1994-08-08,0.9997391723728155,1.0023915497978717
1994-08-09,1.001445064856238,1.0023878337523529
1994-08-10,1.0051978730835789,1.0023792742163662
1994-08-11,1.001444355280068,1.0023885439970273
1994-08-12,1.0092917326679005,1.0023703194801983
1994-08-15,1.0089498644839796,1.0023721711198796
1994-08-16,1.016115173984762,1.0023557950537156
1994-08-17,1.0154319385519983,1.0023577431271384
1994-08-18,1.012019438153478,1.0023660543803479
1994-08-19,1.0113365711173108,1.0023680145772254
1994-08-22,1.010312166072163,1.0023714988707875
1994-08-23,1.0161126152647655,1.002358319132029
1994-08-24,1.0270307151924263,1.0023336045067461
1994-08-25,1.0243002035335427,1.0023401804157248
1994-08-26,1.0389713226721258,1.0023074866101427
1994-08-29,1.03828889970245,1.0023100584054285
1994-08-30,1.0410180951054107,1.0023043538149738
1994-08-31,1.0382881662943588,1.0023107663999242
1994-09-01,1.0348751526146616,1.0023187404543774
1994-09-02,1.0304394153761054,1.0023290760402959
1994-09-06,1.030778985901304,1.0023297248925545
1994-09-07,1.0297548702752557,1.0023323964573256
1994-09-08,1.0348725983382514,1.002321214381234
1994-09-09,1.0239537674658048,1.0023463231392515
1994-09-12,1.0208816340890572,1.002354463249105
1994-09-13,1.0239522974774657,1.0023477621100028
1994-09-14,1.0249753125804968,1.0023457786829422
1994-09-15,1.0379409848834351,1.0023168299983032
1994-09-16,1.0305366983933824,1.0023338328869236
1994-09-19,1.0315656444025498,1.0023325800281124
1994-09-20,1.0119979704418947,1.0023780455529518
1994-09-21,1.0119975998949282,1.00237841257768
1994-09-22,1.0095932921486457,1.002384454862523
1994-09-23,1.00616105529154,1.002392968299659
1994-09-26,1.0113088668696524,1.0023819185379035
1994-09-27,1.0106225396043136,1.0023839135782366
1994-09-28,1.018517173903699,1.0023658056569071
1994-09-29,1.0133668997565985,1.0023781903922497
1994-09-30,1.011994199860544,1.0023817803055477
1994-10-03,1.0095891506405865,1.0023885668156827
1994-10-04,0.9944846221797347,1.0024252257469228
1994-10-05,0.9948278243791265,1.0024247849495536
1994-10-06,0.9917381452158682,1.00243273633995
1994-10-07,0.9962001004239253,1.0024222362951958
1994-10-10,1.0068409542301202,1.0023977950231533
1994-10-11,1.0219453749803664,1.002362736018664
1994-10-12,1.0233179765798364,1.0023599475856386
1994-10-13,1.0267499483991975,1.0023524453181463
1994-10-14,1.031212860138241,1.0023426435940825
1994-10-17,1.0291519531596383,1.002348465385946
1994-10-18,1.026748006398732,1.0023543411766271
1994-10-19,1.0315541473065215,1.0023437514377325
1994-10-20,1.0246879192694045,1.0023598391300428
1994-10-21,1.0205683281256217,1.0023697542604364
1994-10-24,1.0119848588884286,1.0023910326379089
1994-10-25,1.0130143681799904,1.0023889966278998
1994-10-26,1.0167899305440178,1.0023805209294292
1994-10-27,1.0229683231274704,1.0023665323201907
1994-10-28,1.044595782439148,1.002317914994038
1994-10-31,1.0408174492932751,1.002327478537702
1994-11-01,1.0291460004166013,1.0023542631278075
1994-11-02,1.0233096692939494,1.0023680848004979
1994-11-03,1.0288018897096718,1.0023558358723752
1994-11-04,1.015413335561325,1.002387297238694
1994-11-07,1.018501462836612,1.0023812678206772
1994-11-08,1.0263963539643428,1.0023633541285626
1994-11-09,1.0281126005014944,1.0023598116552939
1994-11-10,1.0209034162330246,1.002376879313499
1994-11-11,1.0171264514237155,1.0023861127450513
1994-11-14,1.0267371003732253,1.0023649882078953
1994-11-15,1.023304314445927,1.002373330091347
1994-11-16,1.0267362580733608,1.0023658105143902
1994-11-17,1.019870584713326,1.0023821525914685
1994-11-18,1.0184968775748011,1.0023857805301888
1994-11-21,1.0081971873885596,1.0024114094614756
1994-11-22,0.986226486731526,1.0024655572480787
1994-11-23,0.9917187624136233,1.0024523285431313
1994-11-25,0.9965238700472433,1.0024413448739622
1994-11-28,1.0009851087323658,1.002431720687125
1994-11-29,1.0006419662702546,1.002432980442083
1994-11-30,0.9992683195546447,1.0024367608133287
1994-12-01,0.989312100972379,1.0024617261929776
1994-12-02,0.9872520262303276,0.0
1994-12-05,0.9877088669624655,0.0
1994-12-06,0.9878647355398271,0.0
1994-12-07,0.9880208993624042,0.0
1994-12-08,0.9881741102744697,0.0
1994-12-09,0.9883276156773534,0.0
1994-12-12,0.9887873910996603,0.0
1994-12-13,0.988942346274375,0.0
1994-12-14,0.9890989513911276,0.0
1994-12-15,0.989252871447125,0.0
1994-12-16,0.9894030210610378,0.0
1994-12-19,0.9898551646881968,0.0
1994-12-20,0.9900059481050643,0.0
1994-12-21,0.9901545846145331,0.0
1994-12-22,0.9903013445132389,0.0
1994-12-23,0.9901129385750119,1.0020394289598913
1994-12-27,0.9954973957901257,1.0020298496292064
1994-12-28,0.9904486689269045,1.0020405616125843
1994-12-29,0.991121741758472,1.0020395401212223
1994-12-30,0.9793417432394825,1.0020644408412553
1995-01-03,0.9840521230844967,1.0020560292216227
1995-01-04,0.988763302589678,1.002046598899148
1995-01-05,0.9887629316884007,1.002046974783348
1995-01-06,0.9897719611834266,1.0020452644650117
1995-01-09,0.9907808835844525,1.0020443136178077
1995-01-10,0.9917898398390725,1.0020426115935417
1995-01-11,0.9924627570069081,1.0020416035743298
1995-01-12,0.9927984998304566,1.002041283867772
1995-01-13,1.0045776276521716,1.0020177147758824
1995-01-16,1.0106343005762835,1.0020067057641768
1995-01-17,1.0109700464011677,1.0020064004189677
1995-01-18,1.0099598485773662,1.0020087715567068
1995-01-19,1.0042385320166565,1.0020205872552324
1995-01-20,1.000536518747001,1.0020284363152272
1995-01-23,1.003564312167011,1.0020234384123177
1995-01-24,1.0049100194848637,1.0020211030109194
1995-01-25,1.0076020925585694,1.00201607918501
1995-01-26,1.0086110466018277,1.0020144359874144
1995-01-27,1.0126495616694466,1.0020067744265968
1995-01-30,1.008273144571488,1.0020166046824621
1995-01-31,1.0123111624840753,1.002008930973852
1995-02-01,1.0119745284640818,1.0020099752889342
1995-02-02,1.0180323392273343,1.001998392619488
1995-02-03,1.0325021936061545,1.0019707562166766
1995-02-06,1.0368770573449662,1.0019635378814642
1995-02-07,1.0382225475489457,1.0019613585595029
1995-02-08,1.038222167620598,1.0019617252185238
1995-02-09,1.0382217898533723,1.001962089792168
1995-02-10,1.0395684217708117,1.001959912141046
1995-02-13,1.0399026079167373,1.0019603789592408
1995-02-14,1.041249095833874,1.0019582086505
1995-02-15,1.046970159230087,1.001947870505674
1995-02-16,1.0456226993568811,1.001950742418408
1995-02-17,1.0415842891828866,1.0019586647319556
1995-02-21,1.0412464664610583,1.0019607388119562
1995-02-22,1.0489864077210804,1.0019466309035814
1995-02-23,1.0506690833349834,1.0019438695423475
1995-02-24,1.0533604463237856,1.0019392598763688
1995-02-27,1.0449458511472036,1.0019559558139186
1995-02-28,1.05369597954471,1.001940070236717
1995-03-01,1.0469648987098803,1.0019529048358844
1995-03-02,1.048310033035462,1.0019507601993645
1995-03-03,1.0486461222261965,1.0019504956256404
1995-03-06,1.049318568961149,1.0019503222918344
1995-03-07,1.0412411915210011,1.0019658147567805
1995-03-08,1.0439328355144746,1.0019611103763937
1995-03-09,1.0435960597130431,1.001962107103591
1995-03-10,1.0590758908754017,1.0019337847383545
1995-03-13,1.0580660621536981,1.0019367074206247
1995-03-14,1.0658061434974844,1.0019229987770877
1995-03-15,1.063786389812056,1.0019270061691277
1995-03-16,1.0701803174325684,1.0019158467373381
1995-03-17,1.0712464527109913,1.001914293455013
1995-03-20,1.0712453166904137,1.0019153559523106
1995-03-21,1.0685382975432087,1.0019205623416454
1995-03-22,1.0695525256592673,1.001919095433637
1995-03-23,1.0702292173832513,1.0019182356409921
1995-03-24,1.085454933471446,1.00189167617297
1995-03-27,1.08985255368042,1.001885076015107
1995-03-28,1.0898521788127573,1.0018854206254348
1995-03-29,1.0895136937728749,1.0018863530942788
1995-03-30,1.0874831777220746,1.0018902200738435
1995-03-31,1.0830838406108256,1.0018982462682173
1995-04-03,1.0857899196552936,1.0018945580608938
1995-04-04,1.0928951426632827,1.0018825865058778
1995-04-05,1.092894763299701,1.001882934277483
1995-04-06,1.0969549528514422,1.0018763092762342
1995-04-07,1.0959393992578934,1.0018783911545048
1995-04-10,1.097968766548961,1.001875948746239
1995-04-11,1.0942459312776092,1.001882674030196
1995-04-12,1.0979680153832831,1.0018766341713294
1995-04-13,1.104057707179091,1.00186662266119
1995-04-17,1.097627191571654,1.0018789122831244
1995-04-18,1.09390485662345,1.0018856477757774
1995-04-19,1.0928895195014146,1.0018877414166496
1995-04-20,1.0945812503759478,1.0018851656667211
1995-04-21,1.0999942302085473,1.0018762281255904
1995-04-24,1.112851594117521,1.0018555601472965
1995-04-25,1.1098051167696488,1.0018609912305867
1995-04-26,1.1108200594253133,1.001859630632042
1995-04-27,1.1135270357688347,1.0018554488854081
1995-04-28,1.1152183343335436,1.0018529745459273
1995-05-01,1.1121722360407387,1.0018590712802777
1995-05-02,1.1145401755762072,1.0018554625557299
1995-05-03,1.130103924888715,1.001830245596758
1995-05-04,1.1294272616039038,1.0018316762920574
1995-05-05,1.128073602766701,1.0018342058603906
1995-05-08,1.1361933348278346,1.0018220812198617
1995-05-09,1.1351772850403448,1.0018240408565018
1995-05-10,1.1365311918975263,1.001822198876324
1995-05-11,1.1395761336678836,1.00181766057466
1995-05-12,1.1402521128942456,1.0018169144694435
1995-05-15,1.1456651822801993,1.0018093241972448
1995-05-16,1.1463419432643265,1.0018085879607166
1995-05-17,1.141942389574444,1.0018158886642836
1995-05-18,1.125362346611007,1.0018429795090522
1995-05-19,1.126038109746158,1.001842211084472
1995-05-22,1.1385566356798995,1.0018229576448312
1995-05-23,1.1490460648476009,1.0018066482666497
1995-05-24,1.1483682553940866,1.001808047930193
1995-05-25,1.149383123607329,1.0018067825824926
1995-05-26,1.1361865070330435,1.0018281015655928
1995-05-30,1.135847240274462,1.0018299822643786
1995-05-31,1.1595319830431337,1.001792929419279
1995-06-01,1.1564857164889437,1.0017979786567477
1995-06-02,1.1575009514732764,1.0017967215709491
1995-06-05,1.1646059537869131,1.0017867024658929
1995-06-06,1.1625748712122876,1.0017901431600131
1995-06-07,1.1564835059096643,1.0017998935598507
1995-06-08,1.1537767043068212,1.0018044409157225
1995-06-09,1.1470084785950636,1.0018154162052308
1995-06-12,1.1534367350530483,1.0018062779617616
1995-06-13,1.1659560984770085,1.0017872043412752
1995-06-14,1.1649401255372864,1.0017890786125487
1995-06-15,1.170015074774094,1.001781632763437
1995-06-16,1.1734949566759674,1.0017766648725768
1995-06-19,1.186768370207968,1.0017577308773844
1995-06-20,1.1837035026390044,1.0017625939273018
1995-06-21,1.1830234952283891,1.0017639201751474
1995-06-22,1.1986788783267186,1.0017411891218395
1995-06-23,1.1962960769325988,1.0017449617283338
1995-06-26,1.1819997889963363,1.001766993137684
1995-06-27,1.1796163444980754,1.001770873361634
1995-06-28,1.1857431200010617,1.001762033068255
1995-06-29,1.1837002063103106,1.0017653836022253
1995-06-30,1.1830201971694514,1.0017667129224377
1995-07-03,1.1874430771549276,1.0017610640954306
1995-07-05,1.1918670362302353,1.0017551484515437
1995-07-06,1.2071821675312848,1.0017331905185973
1995-07-07,1.2126275970966804,1.001725708566479
1995-07-10,1.2133075627662302,1.001725645865474
1995-07-11,1.207521584726086,1.0017342166240386
1995-07-12,1.2224969040168092,1.0017132727378437
1995-07-13,1.219773284056652,1.0017173984273298
1995-07-14,1.2187514653930873,1.0017191392331741
1995-07-17,1.2255572806281942,1.001710495946178
1995-07-18,1.2150062800745656,1.0017256546230782
1995-07-19,1.2017321687728721,1.0017450237197247
1995-07-20,1.206156285884367,1.001738928396314
1995-07-21,1.2047943607652507,1.001741200801424
1995-07-24,1.213642934155936,1.0017294207700833
1995-07-25,1.2228322087152854,1.0017167274538357
1995-07-26,1.221810956229341,1.0017184660034806
1995-07-27,1.2320203980208597,1.0017045271344174
1995-07-28,1.2241925103715598,1.0017157276959714
1995-07-31,1.221127616694497,1.0017209415929542
1995-08-01,1.2190854840244387,1.0017241276065019
1995-08-02,1.2163620019188668,1.001728292879021
1995-08-03,1.21602067284514,1.0017290820750355
1995-08-04,1.2173817160454252,1.0017274527353828
1995-08-07,1.2201044323601564,1.0017245059255235
1995-08-08,1.2201040634260507,1.001724808826191
1995-08-09,1.2197633066732465,1.001725592245338
1995-08-10,1.2170405399352477,1.0017297555181595
1995-08-11,1.21023267786702,1.0017397908321182
1995-08-14,1.2211224432436174,1.0017251855196092
1995-08-15,1.2187396349770336,1.0017288630116137
1995-08-16,1.222143009108331,1.0017243532048676
1995-08-17,1.2201007322190398,1.0017275438075064
1995-08-18,1.2214617733536326,1.0017259233184859
1995-08-21,1.218056483204848,1.0017316645505157
1995-08-22,1.2204391180238512,1.001728589271277
1995-08-23,1.216013261050745,1.0017351877732488
1995-08-24,1.217374302369281,1.0017335531458351
1995-08-25,1.2241821405882538,1.0017242130141975
1995-08-28,1.2197562700942823,1.0017313710401698
1995-08-29,1.222819262567511,1.0017273327600964
1995-08-30,1.225541008727622,1.0017237959773286
1995-08-31,1.2265620960137233,1.0017226582374574
1995-09-01,1.2320070987993872,1.0017153402948031
1995-09-05,1.243577581494176,1.001700551850508
1995-09-06,1.2459596530476476,1.001697594096609
1995-09-07,1.246640492428451,1.0016969607527857
1995-09-08,1.251404571460875,1.0016907940854527
1995-09-11,1.2548070692819315,1.0016870908267324
1995-09-12,1.2605931698066093,1.0016796392698355
1995-09-13,1.266378416980784,1.0016722551505814
1995-09-14,1.2779502755128802,1.0016573993318312
1995-09-15,1.2775968306800394,1.0016581430907248
1995-09-18,1.2728053338369634,1.0016652470302962
1995-09-19,1.2789640541635636,1.00165751379198
1995-09-20,1.2851232074577745,1.0016498500996764
1995-09-21,1.2745146074978426,1.0016638645265599
1995-09-22,1.2748560598775027,1.0016637032599682
1995-09-25,1.2728028078704683,1.0016672349052738
1995-09-26,1.2724607727678627,1.0016679681602008
1995-09-27,1.271433536246389,1.001669603442323
1995-09-28,1.281013401565426,1.001657401772065
1995-09-29,1.2786176224157788,1.0016607929871844
1995-10-02,1.2721163458159366,1.0016701367694254
1995-10-03,1.2734839541106169,1.0016686293236345
1995-10-04,1.272115611744038,1.0016707147812765
1995-10-05,1.275879343857905,1.0016660742949288
1995-10-06,1.276904280273624,1.0016650234082822
1995-10-09,1.2662956496646032,1.0016798432215979
1995-10-10,1.2656117946892287,1.001681041463206
1995-10-11,1.269717485107537,1.0016758944926851
1995-10-12,1.2775869886304816,1.0016658594882555
1995-10-13,1.2816918227323186,1.0016608109034926
1995-10-16,1.2755326348750218,1.001669693254104
1995-10-17,1.284086052536334,1.0016588584534494
1995-10-18,1.2878495009568822,1.0016542949427498
1995-10-19,1.2940080791305355,1.001646703571284
1995-10-20,1.2861381280721493,1.0016570635376114
1995-10-23,1.28340008620075,1.0016614545406701
1995-10-24,1.2847684055958544,1.0016599701405675
1995-10-25,1.2741603716009708,1.0016740754695728
1995-10-26,1.262526464400946,1.0016897900839676
1995-10-27,1.2721071858442388,1.0016773494243065
1995-10-30,1.2803173482349457,1.001667449380894
1995-10-31,1.2748418103769985,1.0016748993215723
1995-11-01,1.2851078667095541,1.0016618071178796
1995-11-02,1.2933196110400502,1.0016515416319007
1995-11-03,1.2950301701874716,1.0016496453054466
1995-11-06,1.290580477237124,1.0016561914959174
1995-11-07,1.2857897060669805,1.0016626511108082
1995-11-08,1.2974227334945163,1.0016480309164626
1995-11-09,1.3022127608200302,1.0016422549476036
1995-11-10,1.3015281861831394,1.001643406395197
1995-11-13,1.3001580866386755,1.001646006300055
1995-11-14,1.2916033533879503,1.0016571998002102
1995-11-15,1.3046054932595483,1.0016409703686455
1995-11-16,1.3117910748198587,1.001632267354353
1995-11-17,1.315896901380986,1.0016274579266735
1995-11-20,1.3090519274295929,1.001636821672092
1995-11-21,1.3196587974210978,1.0016239480518063
1995-11-22,1.3155522243438917,1.0016293011511506
1995-11-24,1.3189734767882824,1.0016256412749707
1995-11-27,1.3193138927069599,1.001626066043754
1995-11-28,1.3333433326525408,1.001609236048688
1995-11-29,1.3347120716786824,1.001607866343763
1995-11-30,1.3316310866144554,1.0016118663826719
1995-12-01,1.3333422137734874,1.0016100765527856
1995-12-04,1.3497651895376155,1.0015913085544847
1995-12-05,1.3586608473675046,1.0015811629646068
1995-12-06,1.3617403752772386,1.0015778599483294
1995-12-07,1.3545547598949244,1.001586504805509
1995-12-08,1.359003399398456,1.0015815861215156
1995-12-11,1.3648176962151861,1.001575669010672
1995-12-12,1.3607108384062225,1.0015806987335774
1995-12-13,1.3692648269391117,1.001571092864605
1995-12-14,1.359341985872438,1.0015828328518448
1995-12-15,1.3598401504212498,1.0015825243632597
1995-12-18,1.3336741699051495,1.0016143949116476
1995-12-19,1.3477890348361503,1.001597759342259
1995-12-20,1.3347060196887444,1.001613690048926
1995-12-21,1.341590590995275,1.0016056730617273
1995-12-22,1.3464110161389262,1.0016001834820127
1995-12-26,1.3529510223133978,1.0015934780210538
1995-12-27,1.3522614849072776,1.0015945465182834
1995-12-28,1.3508840372116162,1.0015964304312486
1995-12-29,1.3526051730478554,1.001594654141396
1996-01-02,1.3670636618429552,1.0015788191188781
1996-01-03,1.3708506523412216,1.0015747151340042
1996-01-04,1.3577677812835631,1.0015901519466435
1996-01-05,1.3550132256997078,1.0015936481793124
1996-01-08,1.3601767407326508,1.0015883851977727
1996-01-09,1.3367637018065617,1.001616472322153
1996-01-10,1.319205438768837,1.0016382568329034
1996-01-11,1.3271232943090212,1.0016287521793075
1996-01-12,1.325057359188454,1.001631561559018
1996-01-15,1.3223023710531727,1.0016357738830188
1996-01-16,1.3384826780161736,1.0016162676156892
1996-01-17,1.3343517379468808,1.0016215378326876
1996-01-18,1.338826919456823,1.0016163828781455
1996-01-19,1.3477780670847308,1.0016059099981538
1996-01-22,1.3481212459579421,1.0016062876720144
1996-01-23,1.3512184730119603,1.0016028683460312
1996-01-24,1.3622361953933084,1.001590164445959
1996-01-25,1.3574163505597763,1.0015960717342987
1996-01-26,1.3691211250893929,1.0015826855571328
1996-01-29,1.3746286010396693,1.0015771179854744
1996-01-30,1.3863343717634782,1.0015640583612426
1996-01-31,1.4007934857202298,1.0015481680403677
1996-02-01,1.4059575772480186,1.0015427313641048
1996-02-02,1.400103878482423,1.0015494313657656
1996-02-05,1.4114651511692962,1.0015376985687727
1996-02-06,1.4248914124972392,1.0015234539125732
1996-02-07,1.4331538026901678,1.001514913273306
1996-02-08,1.4486462153075168,1.0014989503253053
1996-02-09,1.4483020601108787,1.0014995439403098
1996-02-12,1.4593176771915728,1.0014889329083037
1996-02-13,1.4562186092762823,1.001492338698596
1996-02-14,1.4434801330388307,1.0015057471626834
1996-02-15,1.4345285718687346,1.0015153838954385
1996-02-16,1.428674736271266,1.0015218339657903
1996-02-20,1.4145581331820087,1.0015379913478524
1996-02-21,1.432117118935779,1.0015193768984085
1996-02-22,1.4548382662851058,1.0014958862937404
1996-02-23,1.4507064798126605,1.001500385548239
1996-02-26,1.4300492347447484,1.0015227881476205
1996-02-27,1.4255733491280453,1.0015278140890185
1996-02-28,1.419031456434217,1.0015351047409689
1996-02-29,1.4052591157797627,1.0015503993655288
1996-03-01,1.4276380157844424,1.0015263423893233
1996-03-04,1.4358988481586443,1.001518292152572
1996-03-05,1.4493258191421032,1.0015044689944372
1996-03-06,1.4365869079702631,1.0015180547776803
1996-03-07,1.4438161477518363,1.0015106979779373
1996-03-08,1.3969937110008246,1.001561583771244
1996-03-11,1.413174035189083,1.0015444502632442
1996-03-12,1.4021568855840751,1.001556839624024
1996-03-13,1.411795652798382,1.0015464630737165
1996-03-14,1.4179927415826503,1.001539955942626
1996-03-15,1.4170379544329816,1.0015412460204147
1996-03-18,1.444356686070565,1.0015128416459127
1996-03-19,1.4412434849263207,1.0015163599744061
1996-03-20,1.439513656126973,1.0015184337914604
1996-03-21,1.4360555033186766,1.0015223413593601
1996-03-22,1.4398594605983952,1.0015185665844761
1996-03-25,1.4370929239109023,1.0015222365376892
1996-03-26,1.4440075826970176,1.0015151934050603
1996-03-27,1.4308663859241635,1.001529360428637
1996-03-28,1.4363992336091704,1.0015237211904335
1996-03-29,1.4294825732236494,1.0015313476155974
1996-04-01,1.4460804083116454,1.0015145176170235
1996-04-02,1.4488460806911743,1.0015118763145985
1996-04-03,1.448845719412655,1.001512126047695
1996-04-04,1.4478082206263696,1.0015134587979777
1996-04-08,1.4229091970294896,1.0015409515090827
1996-04-09,1.4173750557846303,1.001547223298408
1996-04-10,1.3921294479179567,1.0015755391153858
1996-04-11,1.390400622024551,1.001577755296523
1996-04-12,1.4080367448832372,1.0015582473673073
1996-04-15,1.4197934224063498,1.0015460986809606
1996-04-16,1.4239429049834504,1.0015418411487416
1996-04-17,1.4204847626074686,1.0015458411791223
1996-04-18,1.4225586879708736,1.0015438340733065
1996-04-19,1.4260162708791688,1.001540337660553
1996-04-22,1.437082911137263,1.0015292145731052
1996-04-23,1.4415774874600233,1.0015246923424026
1996-04-24,1.4363895839009306,1.0015304494567854
1996-04-25,1.4429589993827407,1.001523732155451
1996-04-26,1.4460714805214783,1.0015207007909426
1996-04-29,1.4460703996772515,1.0015214493629812
1996-04-30,1.4450321869591352,1.0015227927601267
1996-05-01,1.4481452351938795,1.0015197694439242
1996-05-02,1.4232461461959802,1.0015466105155462
1996-05-03,1.4211702254497038,1.0015491238528245
1996-05-06,1.4197859087436908,1.0015513989726994
1996-05-07,1.4139063877097413,1.0015581058945175
1996-05-08,1.4315432184360337,1.001539163185416
1996-05-09,1.4305047199804604,1.0015405337630792
1996-05-10,1.4446836168937909,1.001525664476706
1996-05-13,1.466468134812694,1.0015037405621567
1996-05-14,1.4754592004170506,1.0014948236601333
1996-05-15,1.473729798505279,1.0014968242382183
1996-05-16,1.476841563040098,1.0014939159042389
1996-05-17,1.4847954910208152,1.0014861577857408
1996-05-20,1.4948236813642766,1.0014769169278144
1996-05-21,1.4927477577329498,1.0014792147648306
1996-05-22,1.5069252248956675,1.0014655404801729
1996-05-23,1.5007008903414027,1.0014718625054675
1996-05-24,1.5065786861754926,1.0014663627647857
1996-05-28,1.4913621106661692,1.0014823047833972
1996-05-29,1.481332607086272,1.0014925878209386
1996-05-30,1.4889398691118916,1.001485207651555
1996-05-31,1.4778733699636386,1.0014965766824284
1996-06-03,1.4820223927718068,1.0014931277919998
1996-06-04,1.492395686267994,1.0014829963992984
1996-06-05,1.50553729551933,1.0014702964204893
1996-06-06,1.49447065097984,1.0014814307821474
1996-06-07,1.4944702827961196,1.0014816775111477
1996-06-10,1.4896284308626884,1.0014872412462088
1996-06-11,1.488244256171315,1.0014888753110585
1996-06-12,1.4854771368325526,1.0014918992757111
1996-06-13,1.4854767652425398,1.001492149797561
1996-06-14,1.479251855300708,1.001498679406324
1996-06-17,1.4782134686185244,1.0015004803920633
1996-06-18,1.466108688905426,1.0015131197215157
1996-06-19,1.4726792376416311,1.0015066192535198
1996-06-20,1.4716418719946196,1.001507932830437
1996-06-21,1.4843180277262074,1.0014953056807365
1996-06-24,1.4870976333979038,1.0014932614863532
1996-06-25,1.485358810028497,1.0014952606406151
1996-06-26,1.4752775368740125,1.0015057300683339
1996-06-27,1.4857060143725371,1.0014954109140912
1996-06-28,1.4909202837749342,1.0014904283502477
1996-07-01,1.5037820881336956,1.0014784143374271
1996-07-02,1.4982198457673908,1.001484150232165
1996-07-03,1.4950903725953693,1.0014875086207888
1996-07-05,1.4568481405080027,1.00152706593583
1996-07-08,1.4509373379377994,1.0015340631749627
1996-07-09,1.4568466384908925,1.00152809851589
1996-07-10,1.4627563643443144,1.0015221833179837
1996-07-11,1.4332060395680912,1.0015538299718525
1996-07-12,1.4342483656638538,1.001552961084231
1996-07-15,1.3918345271136563,1.001601092582063
1996-07-16,1.3953117654917258,1.001597371620813
1996-07-17,1.4119977202773597,1.0015787601537314
1996-07-18,1.43146553853516,1.0015575502529313
1996-07-19,1.4210356035628482,1.0015692448039433
1996-07-22,1.4106054868581246,1.0015816456977837
1996-07-23,1.3925274225640143,1.001602448888819
1996-07-24,1.395308766291095,1.0015995245431921
1996-07-25,1.4078220663418841,1.0015855752949712
1996-07-26,1.4154709576651388,1.0015772729124233
1996-07-29,1.399825914322989,1.0015957073678439
1996-07-30,1.41338248150493,1.0015806709022759
1996-07-31,1.4238129471722518,1.001569357868556
1996-08-01,1.4474518440467647,1.0015439894535885
1996-08-02,1.4787394421736935,1.0015115742678309
1996-08-05,1.4700472156901798,1.0015212706288825
1996-08-06,1.4745664453538243,1.0015168596439339
1996-08-07,1.4783896388204183,1.0015131877394912
1996-08-08,1.4759563506803532,1.0015159332222616
1996-08-09,1.4710887203575749,1.0015211996726268
1996-08-12,1.4818644104443404,1.0015108839146447
1996-08-13,1.470044261585169,1.0015232832206675
1996-08-14,1.4752592429195117,1.0015181492416736
1996-08-15,1.4724774384075143,1.0015212681930405
1996-08-16,1.4849923130487157,1.0015086976312866
1996-08-19,1.4856862387537157,1.001508741583099
1996-08-20,1.4846430251208877,1.001510051984865
1996-08-21,1.4794281584633289,1.0015156255614674
1996-08-22,1.4933332536493011,1.0015017601280232
1996-08-23,1.4853368116049084,1.00151009318014
1996-08-26,1.4780358089694317,1.0015183021648446
1996-08-27,1.4835977362237647,1.0015128612672977
1996-08-28,1.4811637326242137,1.0015155989487887
1996-08-29,1.4665620019922712,1.0015309430489368
1996-08-30,1.4512652309102603,1.0015473382011704
1996-09-03,1.4606500092882768,1.0015384326081855
1996-09-04,1.4620398478905436,1.0015372299605145
1996-09-05,1.4443100109531475,1.0015563639210185
1996-09-06,1.4648205206469511,1.0015348322817947
1996-09-09,1.482202027254383,1.001517605305075
1996-09-10,1.4815068967534286,1.0015185723672542
1996-09-11,1.4898498248364034,1.0015103230336015
1996-09-12,1.500278150607825,1.0015000784186117
1996-09-13,1.5232227223069996,1.001477731014516
1996-09-16,1.528783899154265,1.0014730901142987
1996-09-17,1.5253071954240867,1.0014766925234826
1996-09-18,1.5214828226618835,1.001480654561295
1996-09-19,1.5273918346969937,1.001475174472382
1996-09-20,1.5328184288835682,1.0014701980194112
1996-09-23,1.5324673465789433,1.0014712781611985
1996-09-24,1.5321170234967243,1.0014718625302712
1996-09-25,1.5331653396877967,1.0014710991239437
1996-09-26,1.5324662270812466,1.001472009756303
1996-09-27,1.5338633554126369,1.0014709054834847
1996-09-30,1.5324647683569796,1.0014729630385926
1996-10-01,1.5408512033663773,1.0014651833013053
1996-10-02,1.5513337286757618,1.0014555209319664
1996-10-03,1.54993572996874,1.0014570692593632
1996-10-04,1.5709017238459124,1.00143785530383
1996-10-07,1.5726472109204774,1.0014369535492735
1996-10-08,1.566357135554603,1.0014429583673503
1996-10-09,1.554125580160854,1.0014545536618216
1996-10-10,1.5509812819776314,1.0014577416628057
1996-10-11,1.5702001201497795,1.0014401363769603
1996-10-14,1.5722955268607355,1.0014389263572072
1996-10-15,1.5701986330827529,1.0014410847974813
1996-10-16,1.5778858863976202,1.001434300936383
1996-10-17,1.5820792705038982,1.0014307347889828
1996-10-18,1.5904642741453965,1.0014234250563387
1996-10-21,1.5883667821471417,1.0014260052842563
1996-10-22,1.577184199903072,1.0014363516551998
1996-10-23,1.5824259865598531,1.0014318298547316
1996-10-24,1.5687977941226574,1.0014445056166144
1996-10-25,1.5701949127212638,1.0014434575747813
1996-10-28,1.5597104726160615,1.0014538771850896
1996-10-29,1.5722899409971538,1.0014424841623437
1996-10-30,1.5670481202678321,1.0014475476234581
1996-10-31,1.5820740560674706,1.0014340354542601
1996-11-01,1.5764814351820875,1.0014393604942027
1996-11-04,1.5869642033452958,1.001430561387937
1996-11-05,1.596048376759439,1.0014226537128281
1996-11-06,1.6267983675990387,1.0013959930829985
1996-11-07,1.630642518993222,1.001392932186956
1996-11-08,1.6397265496207267,1.0013854438545626
1996-11-11,1.6379785579444592,1.0013876108717576
1996-11-12,1.6330859647220033,1.001391998350505
1996-11-13,1.6404244133113766,1.0013860005540836
1996-11-14,1.6512564476460647,1.0013771360378436
1996-11-15,1.6533517382349532,1.001375618017162
1996-11-18,1.6537006986682232,1.0013760082417777
1996-11-19,1.6655817066354202,1.0013664185357942
1996-11-20,1.6683764554770533,1.0013643549676596
1996-11-21,1.665930327375623,1.001366584014824
1996-11-22,1.678858882463938,1.0013562846258803
1996-11-25,1.7001730565902429,1.001339946470639
1996-11-26,1.6945814323614203,1.0013445899999247
1996-11-27,1.69143641572841,1.001347312645249
1996-11-29,1.6977263704359689,1.0013427637303498
1996-12-02,1.6984234213799023,1.001342874558992
1996-12-03,1.6694205457248945,1.001366427054883
1996-12-04,1.6739611662572262,1.0013629416428718
1996-12-05,1.6694198069502577,1.0013668701933407
1996-12-06,1.6596350032571416,1.0013751515525102
1996-12-09,1.6840941264557734,1.0013558365593835
1996-12-10,1.6760570451512158,1.0013625568299567
1996-12-11,1.6606808556965384,1.0013753923497288
1996-12-12,1.6330747651186017,1.0013988658825193
1996-12-13,1.6372681563593408,1.0013955063353945
1996-12-16,1.616300707611917,1.0014142834159039
1996-12-17,1.6292304132476936,1.0014032848055234
1996-12-18,1.6421584069845638,1.0013924612612866
1996-12-19,1.6760537565372835,1.00136452162067
1996-12-20,1.6797362049987365,1.0013617495470784
1996-12-23,1.6755213767442103,1.0013658359664828
1996-12-24,1.6878116515835846,1.0013561120197119
1996-12-26,1.7008030082246355,1.001346193029077
1996-12-27,1.7029091376855268,1.0013447479933395
1996-12-30,1.6881600602517037,1.0013571634836849
1996-12-31,1.657257730155497,1.001382698827217
1997-01-02,1.6614708315132647,1.0013796513496944
1997-01-03,1.6853491540733767,1.0013603296492009
1997-01-06,1.6705983528189123,1.0013730221685841
1997-01-07,1.6909659778066486,1.0013567090073525
1997-01-08,1.67621736233579,1.0013688720819796
1997-01-09,1.6902636234095747,1.0013577205109712
1997-01-10,1.7085224657812788,1.0013434314626681
1997-01-13,1.706063595768391,1.0013460355799981
1997-01-14,1.7274833321129108,1.0013295655417633
1997-01-15,1.7232689452958667,1.0013330380156085
1997-01-16,1.7302915296719779,1.001327846697307
1997-01-17,1.7408266644916204,1.0013200288746371
1997-01-20,1.7429310351166842,1.0013190863761507
1997-01-21,1.7569777238734103,1.0013087560030098
1997-01-22,1.769618506726601,1.0012996219338355
1997-01-23,1.745037683461709,1.0013181466641683
1997-01-24,1.7225626510812968,1.0013355660755074
1997-01-27,1.7176466201796183,1.0013400523867908
1997-01-28,1.72256112871667,1.001336451035594
1997-01-29,1.7394159166133194,1.0013237199543141
1997-01-30,1.7618901873389492,1.0013070511377986
1997-01-31,1.759782874503003,1.0013088328604764
1997-02-03,1.7650484225479803,1.001305573980442
1997-02-04,1.775934215583216,1.001297783902963
1997-02-05,1.742574727503173,1.0013228447393034
1997-02-06,1.7541619741303986,1.0013143226080854
1997-02-07,1.7780404396163458,1.0012968852187671
1997-02-10,1.761183703904448,1.001309944793331
1997-02-11,1.7815491902014413,1.0012951836016923
1997-02-12,1.8068325617480654,1.0012772701145043
1997-02-13,1.8264971627135034,1.0012637270461011
1997-02-14,1.8222827771701804,1.0012668578785897
1997-02-18,1.8377323848775005,1.0012570294175893
1997-02-19,1.8254417850587925,1.001265700260803
1997-02-20,1.803318551778667,1.0012814378675026
1997-02-21,1.8040200565958744,1.001281149084717
1997-02-24,1.8254398963773721,1.001266736214892
1997-02-25,1.8268427120581079,1.0012659712237557
1997-02-26,1.8089339110567244,1.0012787147526503
1997-02-27,1.7818954951147863,1.001298334157166
1997-02-28,1.7766275664504063,1.0013024007962363
1997-03-03,1.7885658307967538,1.001294355134017
1997-03-04,1.7787328105003537,1.00130172797676
1997-03-05,1.8089312076767405,1.0012802111262131
1997-03-06,1.79839644897334,1.0012879245746737
1997-03-07,1.8145499189895298,1.0012766722004225
1997-03-10,1.8335107193368632,1.0012641011974714
1997-03-11,1.823678556735404,1.001271127467164
1997-03-12,1.8075238888570628,1.001282700340268
1997-03-13,1.7794313650672862,1.0013031674749826
1997-03-14,1.7885615842711218,1.001296732475777
1997-03-17,1.7934768807519113,1.0012938269437455
1997-03-18,1.7741631638438484,1.0013081313302146
1997-03-19,1.7681922084576476,1.0013127684368401
1997-03-20,1.7590622075385807,1.0013198043948746
1997-03-21,1.7672173146426435,1.0013139370976978
1997-03-24,1.7918909645597922,1.001296511427558
1997-03-25,1.7742657795795687,1.0013096149115142
1997-03-26,1.7820201714298358,1.001304140875147
1997-03-27,1.7347848615690058,1.00133987838876
1997-03-31,1.698123802853722,1.0013697397692578
1997-04-01,1.7090507894231846,1.0013612137549264
1997-04-02,1.6783825956289133,1.0013863211762695
1997-04-03,1.687547463037154,1.0013790249274124
1997-04-04,1.7086973872095879,1.0013621843587923
1997-04-07,1.7153937581413217,1.0013575526772787
1997-04-08,1.7277302176806033,1.0013480864902498
1997-04-09,1.7136297128517646,1.001359406666284
1997-04-10,1.7072852842803292,1.0013646863787962
1997-04-11,1.65299949197221,1.0014097412353709
1997-04-14,1.6752057274386942,1.0013917593868462
1997-04-15,1.7037570749955881,1.001368667779448
1997-04-16,1.723496955807839,1.0013532206063995
1997-04-17,1.716446362765467,1.001359008133349
1997-04-18,1.72490606721103,1.0013525708151925
1997-04-21,1.7136249955888194,1.0013621632061547
1997-04-22,1.751342744860103,1.0013330515845185
1997-04-23,1.7531043266266375,1.0013319390250657
1997-04-24,1.744291177984303,1.001338897227268
1997-04-25,1.7241991383715645,1.0013547286926936
1997-04-28,1.7411177209855382,1.001342245022411
1997-04-29,1.7961070313906338,1.0013013717358046
1997-04-30,1.8045663040324917,1.0012954913090268
1997-05-01,1.8024515637541991,1.001297229436421
1997-05-02,1.8348800968964638,1.0012745159733978
1997-05-05,1.8785897370351394,1.0012454856119852
1997-05-06,1.8771785961927014,1.001246628485802
1997-05-07,1.8362884726254574,1.0012746001050747
1997-05-08,1.8489787280796088,1.0012660628917853
1997-05-09,1.8616678433010927,1.0012576425287183
1997-05-12,1.8926855629540082,1.0012376471515947
1997-05-13,1.8849303830479762,1.0012429448581857
1997-05-14,1.8884553767383134,1.0012408321127064
1997-05-15,1.901144350254705,1.0012327546181725
1997-05-16,1.8750603643960275,1.0012501086027044
1997-05-19,1.8806976457197369,1.0012469822656538
1997-05-20,1.9032581753557847,1.0012324089467874
1997-05-21,1.8990269406652298,1.0012353663845694
1997-05-22,1.8926816608038546,1.0012397114076816
1997-05-23,1.9103064875005245,1.0012284768642532
1997-05-27,1.9180601542110824,1.0012243206687
1997-05-28,1.917707969901154,1.0012247474795661
1997-05-29,1.9064269759230397,1.0012321986077943
1997-05-30,1.9187640191697504,1.0012244735233349
1997-06-02,1.910302655198848,1.0012304854515104
1997-06-03,1.9039569596582486,1.001234782377416
1997-06-04,1.9018418035309255,1.0012363561497046
1997-06-05,1.9088920474578228,1.0012319909655345
1997-06-06,1.9462568675710146,1.0012085364732342
1997-06-09,1.9561244326393366,1.0012030261416374
1997-06-10,1.9621165784173356,1.0011995467218984
1997-06-11,1.9666996823272516,1.0011969454581928
1997-06-12,2.0047693872103602,1.0011744041771147
1997-06-13,2.021687779460623,1.0011647625671687
1997-06-16,2.022391950501669,1.0011649178170998
1997-06-17,2.0195704946727733,1.0011667322409583
1997-06-18,2.0125210532390927,1.0011710089578443
1997-06-19,2.0333180494988183,1.0011592191022933
1997-06-20,2.0263824017090792,1.0011633763475642
1997-06-23,1.9771924155578537,1.0011929017574337
1997-06-24,2.027441812897626,1.001163528635703
1997-06-25,2.013286412621261,1.0011719000796762
1997-06-26,2.0033785296631317,1.001177887471455
1997-06-27,2.011162450527763,1.0011735224642948
1997-06-30,1.9977145661988998,1.0011820067498474
1997-07-01,2.0210689600981424,1.001168542088689
1997-07-02,2.0543334210416133,1.0011498108989183
1997-07-03,2.0826416356088573,1.001134370450302
1997-07-07,2.0614077689420394,1.0011468100444965
1997-07-08,2.082995055610749,1.0011351103056894
1997-07-09,2.0599935324561094,1.0011479731089257
1997-07-10,2.069192058974237,1.0011430570743025
1997-07-11,2.076268821210407,1.0011393486458477
1997-07-14,2.082637362074663,1.0011364247599208
1997-07-15,2.0932531983526257,1.0011308479162784
1997-07-16,2.1208543943604194,1.0011163167697357
1997-07-17,2.1102386322043984,1.0011221178599972
1997-07-18,2.065295924331153,1.0011467258880333
1997-07-21,2.0656503841511955,1.0011471039482274
1997-07-22,2.120498517815424,1.001117620993464
1997-07-23,2.1187284455690585,1.0011187397974908
1997-07-24,2.1286369770395117,1.0011137170844129
1997-07-25,2.1272202670259284,1.0011146447568982
1997-07-28,2.1258043323788525,1.0011159464099344
1997-07-29,2.1328823710101363,1.0011124289876667
1997-07-30,2.158359663505321,1.001099481586425
1997-07-31,2.1562366490276563,1.0011007480576672
1997-08-01,2.1477434985714514,1.0011052859048555
1997-08-04,2.153403137800672,1.0011029372838816
1997-08-05,2.1548184823280643,1.0011023982574303
1997-08-06,2.172512173399919,1.0010936041782406
1997-08-07,2.1562338536232857,1.0011020459138353
1997-08-08,2.112353229805713,1.0011251289368452
1997-08-11,2.127922361079604,1.0011174614003335
1997-08-12,2.0939496631383503,1.0011357833004377
1997-08-13,2.0875805518618127,1.0011394411023384
1997-08-14,2.095364032021876,1.0011354007200712
1997-08-15,2.0309593942945536,1.0011716048852497
1997-08-18,2.0762537305529403,1.0011466251413774
1997-08-19,2.1003171295089134,1.0011336785852298
1997-08-20,2.1321639848046368,1.0011169324479348
1997-08-21,2.0946537844860686,1.0011371240239697
1997-08-22,2.0939456550319444,1.0011376996150931
1997-08-25,2.086159862758655,1.0011425191186571
1997-08-26,2.055372873858793,1.0011598283750565
1997-08-27,2.0677588073536155,1.0011530749071123
1997-08-28,2.0362620937801594,1.00117110753265
1997-08-29,2.044401367979496,1.001166640000201
1997-09-02,2.110927338066522,1.00113062860063
1997-09-03,2.099603840706063,1.0011369152995833
1997-09-04,2.1130505920025087,1.0011298663590658
1997-09-05,2.1070337144390527,1.001133279394918
1997-09-08,2.1162328709481786,1.001128912317445
1997-09-09,2.117294142363465,1.001128532561904
1997-09-10,2.073413525488747,1.001152606292274
1997-09-11,2.062797905526136,1.001158727672132
1997-09-12,2.096061080959864,1.0011405268433773
1997-09-15,2.0925202625706616,1.001143017350516
1997-09-16,2.1448937009318225,1.0011152907651535
1997-09-17,2.1448933103182988,1.0011154730815275
1997-09-18,2.154091832944903,1.0011108913959077
1997-09-19,2.157741745379134,1.0011091936674772
1997-09-22,2.1698157576996877,1.0011035591319022
1997-09-23,2.159870224290033,1.0011088201885698
1997-09-24,2.1421107203849825,1.001118193449348
1997-09-25,2.127193690073817,1.0011262140654256
1997-09-26,2.1449527120325325,1.0011170671142908
1997-09-29,2.1655510048152635,1.0011069747037395
1997-09-30,2.142819570710193,1.0011188976144794
1997-10-01,2.171233027559698,1.0011044347624978
1997-10-02,2.1833086697825785,1.0010985058982822
1997-10-03,2.19431780003054,1.0010931724487597
1997-10-06,2.208878494203632,1.0010864929905288
1997-10-07,2.2294786958795982,1.001076627001112
1997-10-08,2.213850790223905,1.0010844032227886
1997-10-09,2.206035713467494,1.0010884225141405
1997-10-10,2.199643222929651,1.0010917650706703
1997-10-13,2.2017724995750774,1.0010912471372169
1997-10-14,2.202481830458804,1.0010910750156883
1997-10-15,2.1975106483920666,1.0010937214949474
1997-10-16,2.16270331749009,1.0011115047971553
1997-10-17,2.1406826017586584,1.0011231213412777
1997-10-20,2.171225596630907,1.0011078610005535
1997-10-21,2.2134896164820903,1.0010868836355542
1997-10-22,2.198927795354184,1.0010942592871208
1997-10-23,2.155598186497137,1.0011164390629819
1997-10-24,2.1342866224632213,1.0011277721273797
1997-10-27,1.9794308691107603,1.001216601190189
1997-10-28,2.0937957298373995,1.0011503372285577
1997-10-29,2.0881130992581536,1.0011536608654479
1997-10-30,2.041940021348852,1.001179943404705
1997-10-31,2.090242335060929,1.0011528671399983
1997-11-03,2.1342826374801454,1.001129641363047
1997-11-04,2.1342822338897123,1.0011298306755658
1997-11-05,2.14138536312646,1.0011262714491689
1997-11-06,2.1332159095105325,1.0011307745420852
1997-11-07,2.1101290911445836,1.0011433395293097
1997-11-10,2.097341964775076,1.001150893619159
1997-11-11,2.098051422541062,1.0011507001869202
1997-11-12,2.054720231179759,1.0011751667584468
1997-11-13,2.0845542625428344,1.0011585433244168
1997-11-14,2.112969557138807,1.0011431551451184
1997-11-17,2.152034919046445,1.0011229692372046
1997-11-18,2.1385378829286377,1.0011302480116222
1997-11-19,2.1491922032806676,1.001124835076088
1997-11-20,2.1818681334895205,1.0011081757902922
1997-11-21,2.1967840905840377,1.0011008365317084
1997-11-24,2.1570044323736726,1.0011217012785651
1997-11-25,2.1626872496381178,1.0011189426324094
1997-11-26,2.169079222273597,1.001115833549449
1997-11-28,2.171209869785306,1.001115112380985
1997-12-01,2.2273250581735655,1.0010875614705639
1997-12-02,2.2138287394083243,1.0010943745124214
1997-12-03,2.220220714220462,1.001091406795069
1997-12-04,2.21809013218418,1.0010926383169818
1997-12-05,2.2465022881236636,1.001079000590725
1997-12-08,2.2401081094171853,1.0010826283556498
1997-12-09,2.2266124965366427,1.0010893752349384
1997-12-10,2.2074328070322182,1.0010990250187757
1997-12-11,2.1697838503603544,1.0011182806678585
1997-12-12,2.1740455102033303,1.0011162738660782
1997-12-15,2.1960639149601247,1.0011056312780369
1997-12-16,2.2095608491236054,1.001099061261621
1997-12-17,2.198195276151868,1.001104928185782
1997-12-18,2.1768848412896924,1.0011159315618738
1997-12-19,2.160594679951479,1.0011245332169445
1997-12-22,2.174500049020008,1.0011179105829087
1997-12-23,2.1356338329390283,1.0011384518072581
1997-12-24,2.1292139373666794,1.0011420818133987
1997-12-26,2.1377714555776297,1.0011378989846527
1997-12-29,2.179846389802146,1.0011165050846962
1997-12-30,2.2140792284458786,1.0010994308432186
1997-12-31,2.2126499449278105,1.0011003309190016
1998-01-02,2.224059915297347,1.0010950590457073
1998-01-05,2.229051286514974,1.0010931619348606
1998-01-06,2.193393751568039,1.001111118594002
1998-01-07,2.1990985317774663,1.0011084207962069
1998-01-08,2.179842266135052,1.0011183989241055
1998-01-09,2.1042471503704694,1.001158767876143
1998-01-12,2.1427571114182897,1.0011384960159586
1998-01-13,2.1727090864291387,1.0011229830314414
1998-01-14,2.1826916183365057,1.0011180317472324
1998-01-15,2.1645065752906163,1.0011276114261574
1998-01-16,2.1955283377967563,1.0011118615591963
1998-01-20,2.2311848539148165,1.0010948147256313
1998-01-21,2.209789432475392,1.0011055971585219
1998-01-22,2.1901773820914503,1.0011156806517159
1998-01-23,2.186968597497459,1.0011175012798024
1998-01-26,2.1855395190759195,1.0011187871236864
1998-01-27,2.2076484240993732,1.0011077651941744
1998-01-28,2.227617165205617,1.0010980184713825
1998-01-29,2.2397395647113427,1.0010922577520438
1998-01-30,2.241165740292091,1.001091743918378
1998-02-02,2.2782470909144825,1.0010745093339013
1998-02-03,2.295365092340597,1.0010666742688237
1998-02-04,2.292511518321849,1.0010681810710154
1998-02-05,2.291085533580604,1.0010690210280533
1998-02-06,2.3167586106807407,1.0010573487818153
1998-02-09,2.308911480195536,1.0010614690091206
1998-02-10,2.331018958271651,1.001051575115368
1998-02-11,2.328879248412853,1.0010527163125629
1998-02-12,2.3388636288380615,1.0010483969774298
1998-02-13,2.3253138310267834,1.0010546817288482
1998-02-17,2.336722851807199,1.0010502327131439
1998-02-18,2.358116038247894,1.0010408770579102
1998-02-19,2.3456363202836115,1.0010465886713107
1998-02-20,2.363108543788339,1.0010390232231345
1998-02-23,2.3723778165274365,1.0010354807856938
1998-02-24,2.3538355495701215,1.0010438127416812
1998-02-25,2.3830756420860304,1.001031178419313
1998-02-26,2.396624045642883,1.0010255223699933
1998-02-27,2.3966236281549995,1.0010256967469884
1998-03-02,2.3916290582073674,1.0010283608514539
1998-03-03,2.4051797423566788,1.00102274024456
1998-03-04,2.3894892143441018,1.001029627809764
1998-03-05,2.3673813527218606,1.0010394152779736
1998-03-06,2.4151631631421324,1.0010190199893692
1998-03-09,2.406603310536327,1.0010231504579992
1998-03-10,2.429424504049314,1.0010137067703069
1998-03-11,2.4408350446686167,1.001009132594012
1998-03-12,2.450819003476582,1.001005185774563
1998-03-13,2.4415469613499,1.0010091675590123
1998-03-16,2.4679323830158677,1.0009988673078458
1998-03-17,2.4750640329355758,1.0009961520770434
1998-03-18,2.4843355527058844,1.0009925978575256
1998-03-19,2.490752766757723,1.000990204073131
1998-03-20,2.5122203889631782,1.0009819049620305
1998-03-23,2.506497434435417,1.000984636271441
1998-03-24,2.5279545052387506,1.0009764397785368
1998-03-25,2.5186556478952955,1.0009802066954825
1998-03-26,2.517225805590751,1.0009809257716915
1998-03-27,2.5064957997479866,1.0009852890940003
1998-03-30,2.5050651318447517,1.0009863444583211
1998-03-31,2.5136473114417046,1.0009831408567527
1998-04-01,2.534030880366276,1.000975393386354
1998-04-02,2.561565898130943,1.000965066949564
1998-04-03,2.574437812967229,1.0009603987763287
1998-04-06,2.553696694874012,1.0009686726219247
1998-04-07,2.5365308213544098,1.0009753875860647
1998-04-08,2.522226669361532,1.000981078877384
1998-04-09,2.542251174198543,1.0009735093669927
1998-04-13,2.5350972606542728,1.0009768920630497
1998-04-14,2.556553472408756,1.0009688539319823
1998-04-15,2.563705081165813,1.0009663106047373
1998-04-16,2.5336668892342207,1.000977926205487
1998-04-17,2.5672795717705967,1.0009652787582288
1998-04-20,2.566563934286655,1.000966017719635
1998-04-21,2.5787239871490284,1.0009616181110361
1998-04-22,2.5858738896622997,1.0009591153121504
1998-04-23,2.5608427076131957,1.0009686484115605
1998-04-24,2.5336636672159423,1.0009791991325987
1998-04-27,2.4857424836140796,1.0009985646436077
1998-04-28,2.4821662136266363,1.0010001661017016
1998-04-29,2.499330708805919,1.0009934587011222
1998-04-30,2.5458191300540163,1.000975476179793
1998-05-01,2.574426514590222,1.0009647916878728
1998-05-04,2.5679880117697778,1.0009676788657924
1998-05-05,2.5501082792108316,1.0009746213957367
1998-05-06,2.5200695135188926,1.0009864002847724
1998-05-07,2.5000424881840977,1.0009944649179614
1998-05-08,2.5408091782779447,1.000978669275137
1998-05-11,2.5322250749435566,1.0009824711775168
1998-05-12,2.5594030161345973,1.000972198241202
1998-05-13,2.5658399081855485,1.000969918445841
1998-05-14,2.5529660397900726,1.0009749694392538
1998-05-15,2.538661308138199,1.0009806253985882
1998-05-18,2.528646335427212,1.0009849980179237
1998-05-19,2.545811391501036,1.0009785188646434
1998-05-20,2.5701284620567706,1.0009694224049899
1998-05-21,2.5536784364856806,1.0009758293862494
1998-05-22,2.5436645683845924,1.0009798347454906
1998-05-26,2.5028960954939974,1.0009964583026951
1998-05-27,2.5064709811507,1.0009952006592908
1998-05-28,2.517914885256308,1.0009908392452416
1998-05-29,2.4928819916442113,1.0010009515975316
1998-06-01,2.5043230986690066,1.0009968610638984
1998-06-02,2.5064685604172374,1.0009961674149153
1998-06-03,2.4664157728559535,1.001012509470885
1998-06-04,2.51218947078963,1.0009942243084071
1998-06-05,2.56082517478608,1.0009755015971789
1998-06-08,2.557962512601077,1.0009770733009826
1998-06-09,2.5658288359189854,1.0009742379100246
1998-06-10,2.5493782413211763,1.0009806864476916
1998-06-11,2.5014578593443275,1.0009996380106763
1998-06-12,2.525061075270647,1.0009904557862985
1998-06-15,2.4585444005748815,1.0010177536949887
1998-06-16,2.4964507945012553,1.0010024642191089
1998-06-17,2.5486595062223794,1.00098209199414
1998-06-18,2.5372173439987753,1.0009866855630738
1998-06-19,2.524490633432885,1.0009918241104123
1998-06-22,2.53668578228181,1.0009875451046404
1998-06-23,2.566820698439971,1.000976111318326
1998-06-24,2.6012584625242914,1.0009633462326444
1998-06-25,2.5969537841403367,1.0009650993048775
1998-06-26,2.6077174837035386,1.0009612708246878
1998-06-29,2.6170426736689714,1.0009583076994575
1998-06-30,2.5991044723041385,1.000965077346979
1998-07-01,2.629239389304159,1.0009541721938886
1998-07-02,2.634261962004707,1.0009525084444963
1998-07-06,2.6608063853688453,1.0009436200001505
1998-07-07,2.6557847063170237,1.000945557835768
1998-07-08,2.675156090622157,1.000938863869535
1998-07-09,2.6572187394542723,1.0009453559377992
1998-07-10,2.671566571561486,1.0009404318594044
1998-07-13,2.6722837715254464,1.0009406377028163
1998-07-14,2.702417547535896,1.0009303008406711
1998-07-15,2.6973941505399526,1.0009321870753427
1998-07-16,2.716048531675031,1.0009259370597843
1998-07-17,2.719635675533458,1.0009248685358432
1998-07-20,2.719634433041471,1.000925325818305
1998-07-21,2.6722804607572077,1.000941877798129
1998-07-22,2.6722800497684043,1.0009420317400428
1998-07-23,2.6191846746250387,1.0009612847563172
1998-07-24,2.617032412388454,1.0009622324173688
1998-07-27,2.6356854056463357,1.0009558898490616
1998-07-28,2.591201140873064,1.00097245878595
1998-07-29,2.581156192110889,1.0009764021258305
1998-07-30,2.6199007953076507,1.0009621190778673
1998-07-31,2.563934858800152,1.0009832803433312
1998-08-03,2.553172940170465,1.0009879094980287
1998-08-04,2.45415857026447,1.0010279356319791
1998-08-05,2.4878784774240614,1.001014169174075
1998-08-06,2.4986421701268045,1.0010099649303597
1998-08-07,2.502945749641784,1.0010083913646743
1998-08-10,2.4885945818715,1.0010146950182248
1998-08-11,2.4512851565410796,1.0010303044212718
1998-08-12,2.492899466862142,1.0010132691714893
1998-08-13,2.462763731977671,1.0010258336036633
1998-08-14,2.4340637038613586,1.0010380972597341
1998-08-17,2.4857211653829596,1.001017016799246
1998-08-18,2.5316411718735603,1.0009987319404625
1998-08-19,2.525184066939728,1.0010014484554528
1998-08-20,2.5101155639594634,1.0010076242157488
1998-08-21,2.4900252214521137,1.001015918528021
1998-08-24,2.505808803634608,1.001010007351265
1998-08-25,2.5115483726093712,1.0010078632033226
1998-08-26,2.4971980071538833,1.0010138204942052
1998-08-27,2.3795295570180093,1.001064127077779
1998-08-28,2.3709193218166673,1.0010681630275866
1998-08-31,2.2015902522195048,1.0011508642368094
1998-09-01,2.1750433945007015,0.0
1998-09-02,2.175328831702336,0.0
1998-09-03,2.1756137103822137,0.0
1998-09-04,2.175894453959636,0.0
1998-09-08,2.177024726804761,0.0
1998-09-09,2.1773074417966805,0.0
1998-09-10,2.1775913865479946,0.0
1998-09-11,2.1778694023250167,0.0
1998-09-14,2.1787196664067463,0.0
1998-09-15,2.179001407689635,0.0
1998-09-16,2.1792802004724816,0.0
1998-09-17,2.179556043610185,0.0
1998-09-18,2.17982953310826,0.0
1998-09-21,2.180637563069437,0.0
1998-09-22,2.180909993406083,0.0
1998-09-23,2.1811902254024957,0.0
1998-09-24,2.181462127197717,0.0
1998-09-25,2.1817274886181215,0.0
1998-09-28,2.1825182901160507,0.0
1998-09-29,2.1827789964104314,0.0
1998-09-30,2.183043919998215,0.0
1998-10-01,2.1832987081379187,0.0
1998-10-02,2.1835457498821547,0.0
1998-10-05,2.184285164278553,0.0
1998-10-06,2.184528128600936,0.0
1998-10-07,2.1847723169506534,0.0
1998-10-08,2.185014736892671,0.0
1998-10-09,2.1852422178789777,0.0
1998-10-12,2.1859229357972594,0.0
1998-10-13,2.186149912452785,0.0
1998-10-14,2.1863775116217523,0.0
1998-10-15,2.1866129215839627,0.0
1998-10-16,2.1868555457574534,0.0
1998-10-19,2.187495425681527,0.0
1998-10-20,2.187717771106987,0.0
1998-10-21,2.1879491297534654,0.0
1998-10-22,2.188183510057502,0.0
1998-10-23,2.1884161169621326,0.0
1998-10-26,2.189112213157144,0.0
1998-10-27,2.189352115865435,0.0
1998-10-28,2.189589645574444,0.0
1998-10-29,2.1898403985804302,0.0
1998-10-30,2.1817059629306463,0.820164754468908
1998-11-02,2.212342141539596,0.8225934279629451
1998-11-03,2.1991711746320046,0.8215098554370186
1998-11-04,2.2185353300609325,0.8230464997569811
1998-11-05,2.243492556466141,0.8249936452273717
1998-11-06,2.249131851476169,0.825411063748436
1998-11-09,2.236060621456632,0.82432523761742
1998-11-10,2.231027280191459,0.8239071001639463
1998-11-11,2.218873483719142,0.8229210684573547
1998-11-12,2.2168884981420813,0.8227410020012912
1998-11-13,2.234727431328227,0.8241349364146898
1998-11-16,2.248594202814248,0.8251568384179117
1998-11-17,2.2486417041106628,0.8251394074419146
1998-11-18,2.2598713629831586,0.8259877721132424
1998-11-19,2.2761850413055535,0.8272144424942925
1998-11-20,2.2904656628937397,0.8282712640076264
1998-11-23,2.3353392113513434,0.8315108129508575
1998-11-24,2.323188041635413,0.8306087610187848
1998-11-25,2.3232366665650135,0.8305913765253703
1998-11-27,2.337565794544894,0.8315886935924891
1998-11-30,2.2828083406266537,0.8274860986942405
1998-12-01,2.3072573769414353,0.8292934866169771
1998-12-02,2.301712220639935,0.8288616959035439
1998-12-03,2.2702425698342124,0.8264686370490204
1998-12-04,2.319597707839861,0.8301407484149654
1998-12-07,2.3288895798791835,0.8307576915434169
1998-12-08,2.3202957635991197,0.8301103814470683
1998-12-09,2.3239011583933458,0.8303538788244067
1998-12-10,2.2957350330433,0.8282521838658253
1998-12-11,2.299594484321116,0.8285199031786015
1998-12-14,2.244836054207103,0.8242735950898171
1998-12-15,2.2926684541721394,0.8279190686779315
1998-12-16,2.2901728910971015,0.8277108827533161
1998-12-17,2.3204661807217057,0.8299398227191922
1998-12-18,2.3286970630621817,0.8305207120967503
1998-12-21,2.3558703807511083,0.8324152283813299
1998-12-22,2.364588112565462,0.8330128586668599
1998-12-23,2.405948312230829,0.8358637638984576
1998-12-24,2.3973255440459176,0.8352532206835509
1998-12-28,2.3924182738740027,0.8348346081211734
1998-12-29,2.4240881669659875,0.8369725646517805
1998-12-30,2.407815883594694,0.8358506622218116
1998-12-31,2.4078639622724904,0.835833972493777
1999-01-04,2.403463392125282,0.8354546324670522
1999-01-05,2.426462443950777,0.836994705750604
1999-01-06,2.475471763735584,0.8402027503444518
1999-01-07,2.465318799401953,0.8395254878931789
1999-01-08,2.480667264698185,0.8404994616948839
1999-01-11,2.4609171658312854,0.8391616407250249
1999-01-12,2.423732310317097,0.8366744201884612
1999-01-13,2.4095004488298697,0.8356900578595676
1999-01-14,2.374354179457656,0.8332380411155916
1999-01-15,2.4259140764912948,0.8367630042119872
1999-01-19,2.439362589619469,0.8375859180592784
1999-01-20,2.45573074979543,0.8386494932036787
1999-01-21,2.4012038841834538,0.8349662646441492
1999-01-22,2.396658616602961,0.8346341610550977
1999-01-25,2.41720023388117,0.8359820483859397
1999-01-26,2.4539676672407893,0.8384204275953612
1999-01-27,2.430044474508498,0.8368102699544798
1999-01-28,2.464264119617399,0.8390571577371252
1999-01-29,2.4801216651607247,0.8400670137476826
1999-02-01,2.468023190021517,0.8392252816175977
1999-02-02,2.4553206678092554,0.8383739489214382
1999-02-03,2.4762797918011126,0.8397225381659127
1999-02-04,2.4452160258333637,0.8376669570661225
1999-02-05,2.4218018318724273,0.8360778385735
1999-02-08,2.4260255224821146,0.8363041819822864
1999-02-09,2.3806802379247287,0.833166126495726
1999-02-10,2.393479913878503,0.8340382135646445
1999-02-11,2.4394310636495486,0.8371449119676089
1999-02-12,2.414996554038082,0.8354773874734348
1999-02-16,2.402947897121294,0.8345721793494286
1999-02-17,2.4009556003991297,0.8344149045705792
1999-02-18,2.4168166078385536,0.8354817261750683
1999-02-19,2.425533470896729,0.8360531197604473
1999-02-22,2.47974239859613,0.8395784615745696
1999-02-23,2.478771985087609,0.8394958724662935
1999-02-24,2.4420990412927432,0.8370653218876954
1999-02-25,2.4227670638162735,0.8357447446292307
1999-02-26,2.4146561428604745,0.8351726412149266
1999-03-01,2.420415727702576,0.8355033676809225
1999-03-02,2.402615812043879,0.8342638911737164
1999-03-03,2.41337568122752,0.8349823364621227
1999-03-04,2.438925011057572,0.8366909173066996
1999-03-05,2.4800315998756264,0.8393780133614998
1999-03-08,2.4936940495129942,0.8401989463699988
1999-03-09,2.4886433813516575,0.8398548469343169
1999-03-10,2.5070520956524738,0.8410112881434093
1999-03-11,2.530563340389895,0.8424691487177967
1999-03-12,2.5102113419072576,0.8411724029044753
1999-03-15,2.540449444876057,0.843005215332191
1999-03-16,2.5323368788040286,0.8424830236695209
1999-03-17,2.5232057411140008,0.8418938042015268
1999-03-18,2.5574252097730423,0.8439904872109788
1999-03-19,2.5207845943743865,0.8417037897283247
1999-03-22,2.525018486042085,0.8419121961241031
1999-03-23,2.4637152981553703,0.8379590583439456
1999-03-24,2.4755221065028614,0.8387125477222283
1999-03-25,2.5180050777693195,0.8414147097561311
1999-03-26,2.5027147247827637,0.8404266416107308
1999-03-29,2.5452950919180606,0.8430395378466481
1999-03-30,2.5340948760579387,0.8423268408545411
1999-03-31,2.499888377483395,0.8401502737503355
1999-04-01,2.515784833706218,0.8411412968484338
1999-04-05,2.566078289010386,0.8441810898712383
1999-04-06,2.561013296196595,0.8438545718604031
1999-04-07,2.5784429381171377,0.844891805793612
1999-04-08,2.6060975686020518,0.846519658836159
1999-04-09,2.606655911360207,0.8465345408603573
1999-04-12,2.630316706479541,0.8478612760517585
1999-04-13,2.6160474733178445,0.8470137495723281
1999-04-14,2.5787706566363333,0.8447844342091078
1999-04-15,2.5706360658517284,0.8442754342245135
1999-04-16,2.552276716650801,0.8431372093337146
1999-04-19,2.5191826236395283,0.8410214058299648
1999-04-20,2.5458145680162674,0.8426663037717071
1999-04-21,2.6072134292402116,0.8463535207193597
1999-04-22,2.6282231820903093,0.8475640497126128
1999-04-23,2.622645121347605,0.8472219235002174
1999-04-26,2.6355686429520806,0.8479172156949837
1999-04-27,2.6463530372676636,0.8485189310303641
1999-04-28,2.6157251861384423,0.8467268298033035
1999-04-29,2.598902113990867,0.8457161161305592
1999-04-30,2.581055562704435,0.844630644982048
1999-05-03,2.6210810442535086,0.8469475207434314
1999-05-04,2.5894313362860406,0.8450578413660407
1999-05-05,2.6068639363834687,0.8460749946395847
1999-05-06,2.5933642439665103,0.8452547508328234
1999-05-07,2.6100307937569194,0.8462239741388452
1999-05-10,2.5991855603536167,0.8455253494179574
1999-05-11,2.6214755443457953,0.8468200654727474
1999-05-12,2.638907674298509,0.8478132246813622
1999-05-13,2.648671205378787,0.8483556465654115
1999-05-14,2.5904352032478064,0.8449275585188505
1999-05-17,2.5972312241309714,0.845275994773032
1999-05-18,2.593191002888963,0.8450156154400933
1999-05-19,2.609090502742919,0.8459409547654287
1999-05-20,2.5958472384931595,0.8451358994498818
1999-05-21,2.583626238243111,0.8443842675040084
1999-05-24,2.5474730852630385,0.8421176908712756
1999-05-25,2.512757718809895,0.8399166673563849
1999-05-26,2.536325023440168,0.8413845509608866
1999-05-27,2.5056983928899412,0.8394259009892286
1999-05-28,2.5325909883256075,0.8411113010436082
1999-06-01,2.525377083719208,0.8405783213299032
1999-06-02,2.527472740166602,0.8406906056912087
1999-06-03,2.539282295695657,0.8414114857114409
1999-06-04,2.5822790663575805,0.8440327846017391
1999-06-07,2.5880496727543436,0.8443237561912568
1999-06-08,2.566623380813727,0.8430052405175006
1999-06-09,2.5646287978292808,0.8428638138105496
1999-06-10,2.5447392227363435,0.8416162497560484
1999-06-11,2.526894980274122,0.840477947500133
1999-06-14,2.529091735762784,0.8405562474373777
1999-06-15,2.5434579257028953,0.8414369816408701
1999-06-16,2.5844102043779973,0.843929844332882
1999-06-17,2.604910541784143,0.8451388381838442
1999-06-18,2.607504097921927,0.8452737551011429
1999-06-21,2.61278488558501,0.8455287311068235
1999-06-22,2.597451129097628,0.8445973727645897
1999-06-23,2.586732151849112,0.8439337446130164
1999-06-24,2.5703740468020815,0.8429207303145125
1999-06-25,2.565039503140092,0.8425742131963965
1999-06-28,2.591603620611893,0.8441281602747718
1999-06-29,2.6121671976389007,0.8453353905851212
1999-06-30,2.652219098250446,0.8476514090416064
1999-07-01,2.6691930111137188,0.848600937728928
1999-07-02,2.6918077765478645,0.8498541767379353
1999-07-06,2.691496253472783,0.8497619224438071
1999-07-07,2.694622934525013,0.8499176254712731
1999-07-08,2.696467909838709,0.8500016597170768
1999-07-09,2.710107543586636,0.8507379783664032
1999-07-12,2.7000031624080987,0.850123234348888
1999-07-13,2.691849438449396,0.849650429155803
1999-07-14,2.7047210675598796,0.8503471590668374
1999-07-15,2.719387486623169,0.851135560932196
1999-07-16,2.732000679756125,0.8518042907170448
1999-07-19,2.7167678008914264,0.8509176275779303
1999-07-20,2.66938306461307,0.8482524480584601
1999-07-21,2.666868463713828,0.8480905968305896
1999-07-22,2.637175892709959,0.8463614427838434
1999-07-23,2.6328662984089704,0.846091071842891
1999-07-26,2.6166060463204412,0.8450771092766634
1999-07-27,2.6351185025106494,0.8461461835314259
1999-07-28,2.642350370689823,0.8465480565553183
1999-07-29,2.6111180083234675,0.8446930866465481
1999-07-30,2.583990979050161,0.843042921713105
1999-08-02,2.5892730831709754,0.8433036342639565
1999-08-03,2.579067572286026,0.8426635365271644
1999-08-04,2.549377951309374,0.8408107271923614
1999-08-05,2.568916742196614,0.8420013706145658
1999-08-06,2.5453793260483084,0.8405201990954182
1999-08-09,2.5409187533421798,0.8401790427636826
1999-08-10,2.5173826294683206,0.8386637686617582
1999-08-11,2.5430760299360373,0.8402727470124557
1999-08-12,2.541847089845221,0.8401746375489619
1999-08-13,2.5913852486188738,0.8432099205268896
1999-08-16,2.601281603716145,0.8437473610649454
1999-08-17,2.615693251606193,0.8445885952441897
1999-08-18,2.5998477417461547,0.8436213053248477
1999-08-19,2.5819499692480816,0.8425173326323775
1999-08-20,2.6040533788020763,0.8438342936527035
1999-08-23,2.6462607439315966,0.8462657427102568
1999-08-24,2.6545190153955374,0.8467239433860785
1999-08-25,2.6776485068952254,0.8480277489948524
1999-08-26,2.65052307845445,0.846452318536923
1999-08-27,2.623397455667317,0.8448442946159356
1999-08-30,2.5825346057193723,0.8423266028124323
1999-08-31,2.574384322141357,0.8418064046868005
1999-09-01,2.6011055137709107,0.8434107681928863
1999-09-02,2.575261598493906,0.8418183951981877
1999-09-03,2.638646776242587,0.8455979923526382
1999-09-07,2.630655601415423,0.8450478365129316
1999-09-08,2.6199387342999296,0.8443940124966338
1999-09-09,2.6189644115398463,0.8443161212871171
1999-09-10,2.637478280726397,0.8453891280721171
1999-09-13,2.6225057653776727,0.8444473725058789
1999-09-14,2.607942709866756,0.8435588637525572
1999-09-15,2.5731229500685644,0.8414215128554616
1999-09-16,2.581637930585508,0.8419245441536042
1999-09-17,2.6091509613789885,0.8435718383861263
1999-09-20,2.6062179058002384,0.8433373560887286
1999-09-21,2.5599859716187305,0.8404881896164161
1999-09-22,2.5577245426720236,0.8403267731266181
1999-09-23,2.51277851632652,0.837449816946697
1999-09-24,2.510775170213867,0.8372992149954357
1999-09-27,2.5248160999621603,0.8381421845107229
1999-09-28,2.5207538188998897,0.8378605583801331
1999-09-29,2.495608251835526,0.8362057197038334
1999-09-30,2.5020888935168513,0.0
1999-10-01,2.502413822321105,0.0
1999-10-04,2.5033887353225683,0.0
1999-10-05,2.503710403628559,0.0
1999-10-06,2.504034171110891,0.0
1999-10-07,2.4844747260882563,1.0005334597830595
1999-10-08,2.522173340211076,1.00052556828765
1999-10-11,2.5180490812628027,1.0005266748678192
1999-10-12,2.479172167439387,1.0005350171165657
1999-10-13,2.414965736492514,1.0005493277817592
1999-10-14,2.4143757738158964,1.0005495499261898
1999-10-15,2.3525258019708786,1.000564088934726
1999-10-18,2.3395652763101045,0.0
1999-10-19,2.3398819188433917,0.0
1999-10-20,2.3402024506130963,0.0
1999-10-21,2.340523026291262,0.0
1999-10-22,2.3408430046447197,0.0
1999-10-25,2.341789603076187,0.0
1999-10-26,2.34210333872438,0.0
1999-10-27,2.3424241747981775,0.0
1999-10-28,2.342744413062075,0.0
1999-10-29,2.343062769563138,0.0
1999-11-01,2.323627780187967,1.0018475750577367
1999-11-02,2.3069912273190485,1.00186120347497
1999-11-03,2.322553091565057,1.00184903619861
1999-11-04,2.3402608889229226,1.0018353454406776
1999-11-05,2.3633365624102645,1.0018177213500408
1999-11-08,2.365481218766038,1.0018169674236426
1999-11-09,2.3432095145686134,1.0018345408381444
1999-11-10,2.360648772719729,1.0018212895307645
1999-11-11,2.374064277862303,1.0018112978574611
1999-11-12,2.3955285470180576,1.0017953659153194
1999-11-15,2.401161961462698,1.0017920488573397
1999-11-16,2.4212835705368825,1.001777454359719
1999-11-17,2.4277240010728556,1.001773037217196
1999-11-18,2.444894091755313,1.001760879219759
1999-11-19,2.442748914570005,1.0017627191681615
1999-11-22,2.4422086516796746,1.0017639901865998
1999-11-23,2.420742321796726,1.0017799291020433
1999-11-24,2.433622016113402,1.001770806358767
1999-11-26,2.4244964203205908,1.0017780695310432
1999-11-29,2.4159077897547183,1.001785291132081
1999-11-30,2.387466385110165,1.001806864327313
1999-12-01,2.406784289068479,1.0017926636441645
1999-12-02,2.4212720134543857,1.001782235988805
1999-12-03,2.4658118073805517,1.0017503360522537
1999-12-06,2.4475640831557817,1.0017642697268803
1999-12-07,2.4277095623807528,1.0017789952167306
1999-12-08,2.412145224660068,1.0017907719200325
1999-12-09,2.423950382935831,1.0017823468341163
1999-12-10,2.4319994756289183,1.0017767447569428
1999-12-13,2.4362910477893114,1.0017745100560524
1999-12-14,2.412677717331445,1.001792182875186
1999-12-15,2.4255563466592975,1.0017829714527404
1999-12-16,2.436288839608637,1.0017754180350558
1999-12-17,2.451961822420577,1.0017643706320414
1999-12-20,2.4342073851779045,1.0017781568124797
1999-12-21,2.471324738904021,1.0017517569195526
1999-12-22,2.4777792098286966,1.0017475010091415
1999-12-23,2.517317538079241,1.0017203549560028
1999-12-27,2.5138179766872057,1.0017239412070937
1999-12-28,2.512203735763895,1.0017253466904426
1999-12-29,2.5229626947544053,1.0017182832730138
1999-12-30,2.520002676585044,1.0017205881440718
1999-12-31,2.5240374738186873,1.0017181233786134
2000-01-03,2.499288466177993,1.0017360168887188
2000-01-04,2.401380911681959,1.0018071070232069
2000-01-05,2.40568253385795,1.0018041855904394
2000-01-06,2.3669493422063312,1.0018340251117295
2000-01-07,2.504665546014364,1.0017334800920827
2000-01-10,2.513269112193288,1.0017284291224382
2000-01-11,2.4831433914482277,1.0017496976565143
2000-01-12,2.458396887245493,1.0017676139032337
2000-01-13,2.4917495731512833,1.0017442544862654
2000-01-14,2.5256405849384724,1.0017211433874003
2000-01-18,2.5057327486832377,1.0017360059583904
2000-01-19,2.5261745547774432,1.001722252581164
2000-01-20,2.4874409327552427,1.0017493752292124
2000-01-21,2.4820617995256726,1.0017534700434574
2000-01-24,2.411587155609503,1.0018056482820157
2000-01-25,2.439021034195216,1.0017856476530052
2000-01-26,2.419654573390733,1.0018002552473377
2000-01-27,2.4099707497150087,1.001807806516939
2000-01-28,2.3346556470985753,1.0018664539007434
2000-01-31,2.3981321593609897,1.001818018224431
2000-02-01,2.421800494729372,1.0018005727451627
2000-02-02,2.4239517376846744,1.0017992970842533
2000-02-03,2.4605318030237413,1.0017728625913496
2000-02-04,2.4503109117435993,1.0017805727487268
2000-02-07,2.4465432737629396,1.0017842675324486
2000-02-08,2.4798950942603564,1.001760583152211
2000-02-09,2.427712453102533,1.0017987473873984
2000-02-10,2.4325538363406074,1.0017954866311374
2000-02-11,2.3830613327120993,1.0018331025004157
2000-02-14,2.3970456895267267,1.0018233803038084
2000-02-15,2.4242118575366134,1.0018032667566128
2000-02-16,2.3884370801537473,1.0018306066162688
2000-02-17,2.376062890116718,1.0018404708704234
2000-02-18,2.324957724680856,1.0018812650408817
2000-02-22,2.3190359786314985,1.0018874289588393
2000-02-23,2.34647213103114,1.0018656974720181
2000-02-24,2.2991310027280325,1.0019044602151452
2000-02-25,2.2907914809859617,1.001911740508375
2000-02-28,2.3389360714159,1.0018734080836627
2000-02-29,2.361528798948395,1.0018558222406415
2000-03-01,2.378742307296707,1.0018427269406478
2000-03-02,2.38035605819403,1.0018418106523397
2000-03-03,2.4250054619287966,1.0018082259880787
2000-03-06,2.4013331165936496,1.0018270465554693
2000-03-07,2.3547998862572945,1.0018634908067836
2000-03-08,2.351838527625011,1.001866178216427
2000-03-09,2.4206972497462242,1.001813424567966
2000-03-10,2.407786194119538,1.0018234811938043
2000-03-13,2.3814236850606987,1.0018446825243776
2000-03-14,2.3475309113513614,1.0018716593754708
2000-03-15,2.4024004193395374,1.0018292479209514
2000-03-16,2.5148329021334317,1.0017477866788167
2000-03-17,2.531480761990757,1.0017366113687631
2000-03-20,2.5185350907361626,1.00174650193838
2000-03-21,2.570309772338944,1.0017116375250574
2000-03-22,2.585949272351624,1.0017015999091312
2000-03-23,2.630170646783626,1.0016732996361823
2000-03-24,2.645810778054771,1.001663714996798
2000-03-27,2.617764786214685,1.0016824710957692
2000-03-28,2.602662618156317,1.0016925439409547
2000-03-29,2.6053580359553483,1.001691104181803
2000-03-30,2.561673988202616,1.0017202595925176
2000-03-31,2.5907952649610904,1.001701236074986
2000-04-03,2.605896082402254,1.0016923118371854
2000-04-04,2.5864778880329484,1.0017053295153642
2000-04-05,2.570297607885152,1.0017163783281813
2000-04-06,2.5926785230165876,1.0017018742868034
2000-04-07,2.6091267656278903,1.0016914568268342
2000-04-10,2.5988768899303336,1.0016990671914827
2000-04-11,2.591325714158721,1.0017043311001954
2000-04-12,2.520133918236149,1.001752797357002
2000-04-13,2.485078144076541,1.0017778480306492
2000-04-14,2.3426978828340683,1.0018862424629118
2000-04-17,2.4246713717272033,1.0018234683411726
2000-04-18,2.488849090845019,1.0017767718528903
2000-04-19,2.465658658132767,1.0017938098079753
2000-04-20,2.4775217213969745,1.0017855458000764
2000-04-24,2.4505528571034008,1.0018065077288412
2000-04-25,2.5524840871104626,1.0017346805019378
2000-04-26,2.523629726233941,1.0017548329708803
2000-04-27,2.51527002898489,1.0017609831804164
2000-04-28,2.499628286520247,1.0017723226884803
2000-05-01,2.533601664509865,1.0017495145499364
2000-05-02,2.4829064156245226,1.001785561854074
2000-05-03,2.4246584803561255,1.0018287948142366
2000-05-04,2.4429939926557718,1.0018154042447376
2000-05-05,2.4726569449144677,1.001793956666067
2000-05-08,2.454047296678494,1.0018085694510506
2000-05-09,2.4343622258994597,1.0018235373113227
2000-05-10,2.3793502849187167,1.0018660542986986
2000-05-11,2.4338201103566206,1.0018246391542562
2000-05-12,2.460245331723272,1.0018053851022226
2000-05-15,2.5028498039446676,1.0017756683413106
2000-05-16,2.527118170111867,1.0017589506597717
2000-05-17,2.5006910369096795,1.001777881002906
2000-05-18,2.469948315560376,1.001800349055162
2000-05-19,2.4311175537716085,1.0018294431945636
2000-05-22,2.41277792931551,1.0018443654871914
2000-05-23,2.3771827724571843,1.0018723265494351
2000-05-24,2.416012087936399,1.0018425803907944
2000-05-25,2.3744825750013887,1.001875153687364
2000-05-26,2.3771803002467116,1.001873368472615
2000-05-30,2.45483735392012,1.0018154278388152
2000-05-31,2.4602296360735525,1.0018117763700056
2000-06-01,2.503375439799448,1.0017808664202736
2000-06-02,2.547057872698864,1.0017506393465878
2000-06-05,2.534652386403778,1.0017601763645627
2000-06-06,2.523326017173844,1.0017684027293998
2000-06-07,2.5408525618186246,1.0017565326113742
2000-06-08,2.5308751434980064,1.001763783473486
2000-06-09,2.5254795502608793,1.0017678781230968
2000-06-12,2.495815404419609,1.0017898827984784
2000-06-13,2.542734892487572,1.0017571772265998
2000-06-14,2.5470479939742434,1.0017545246360395
2000-06-15,2.552442157619652,1.0017511362029832
2000-06-16,2.531430212893501,1.0017659940346908
2000-06-19,2.563865087857484,1.0017446073160117
2000-06-20,2.55467457154389,1.001751202108642
2000-06-21,2.553592493832806,1.0017522624055208
2000-06-22,2.5146678166033802,1.0017797099581984
2000-06-23,2.493043378080401,1.001795475050183
2000-06-26,2.525206766966316,1.0017735808957227
2000-06-27,2.5065557029870296,1.001787103983405
2000-06-28,2.513580796146523,1.0017824349495597
2000-06-29,2.4897948796048612,1.0017997910466803
2000-06-30,2.5087151478421235,1.0017865442558718
2000-07-03,2.5433097967598255,1.0017632151844629
2000-07-05,2.4973581542893655,1.0017963226697542
2000-07-06,2.5168184066019053,1.0017827663977321
2000-07-07,2.5573622735752433,1.0017548320755236
2000-07-10,2.553033628623557,1.0017587999362891
2000-07-11,2.558440996243735,1.001755414424855
2000-07-12,2.5751976511359107,1.0017443231692704
2000-07-13,2.586549443896687,1.0017370003048958
2000-07-14,2.6119576813239367,1.0017204332385676
2000-07-17,2.607628148216577,1.0017242797973558
2000-07-18,2.586275349721248,1.0017388482522296
2000-07-19,2.565460452073763,1.001753291643651
2000-07-20,2.601138815728735,1.0017295743601773
2000-07-21,2.550323116679907,1.0017643747841836
2000-07-24,2.5357247283911115,1.0017755461148812
2000-07-25,2.5438327251640773,1.0017702253502792
2000-07-26,2.518964863374086,1.0017880452915846
2000-07-27,2.5103134587000184,1.0017945516060132
2000-07-28,2.4535528967854985,1.001836420948011
2000-07-31,2.4692265395349,1.00182581696089
2000-08-01,2.484360860946078,1.0018150438966842
2000-08-02,2.4967943258375556,1.0018063552138297
2000-08-03,2.5140920126044315,1.0017942744439816
2000-08-04,2.527607375063728,1.001785024996245
2000-08-07,2.5578753502506677,1.001764924448354
2000-08-08,2.5676069133666535,1.0017585752418887
2000-08-09,2.545982837058134,1.001773855555236
2000-08-10,2.5335476239532637,1.001782907311164
2000-08-11,2.545439614311753,1.001774921514086
2000-08-14,2.57787240513288,1.0017536150137587
2000-08-15,2.5757083665064835,1.0017554292722866
2000-08-16,2.566517154027607,1.0017620585063753
2000-08-17,2.593545381207512,1.0017440341963724
2000-08-18,2.5848973235777613,1.0017502089602155
2000-08-21,2.5989484017324247,1.00174176094948
2000-08-22,2.594622882335711,1.0017450035501287
2000-08-23,2.604893599660399,1.0017384613551317
2000-08-24,2.6130028359975923,1.0017334037771268
2000-08-25,2.611921108850901,1.0017344594637125
2000-08-28,2.620836264442068,1.0017295724308717
2000-08-29,2.6213755900328852,1.0017295548493375
2000-08-30,2.5962387581772415,1.00174664155813
2000-08-31,2.630833310908154,1.001724011001619
2000-09-01,2.633536007855106,1.0017225781422276
2000-09-05,2.6124505455142275,1.001737830539207
2000-09-06,2.582716557317006,1.0017581781161273
2000-09-07,2.6048803562012988,1.0017435542885986
2000-09-08,2.5870398695494696,1.0017559156621623
2000-09-11,2.5832534697528575,1.001759496790463
2000-09-12,2.5643317260676874,1.0017728173011495
2000-09-13,2.5710874051748815,1.0017684943459582
2000-09-14,2.5840608836324157,1.0017599490864877
2000-09-15,2.5274270230623177,1.0017997291300413
2000-09-18,2.5041204862231727,1.0018175203220674
2000-09-19,2.5268812346363196,1.0018014930498296
2000-09-20,2.5081845205737094,1.001815269456541
2000-09-21,2.4699758686065105,1.0018437028064182
2000-09-22,2.514956339549435,1.0018110741028703
2000-09-25,2.4970689343162413,1.0018250954325099
2000-09-26,2.4650948891873607,1.001849122278378
2000-09-27,2.478100083265268,1.0018397707566007
2000-09-28,2.510073009122649,1.0018166853719261
2000-09-29,2.4862267218392238,1.001834465113874
2000-10-02,2.490018382330912,1.0018327330590993
2000-10-03,2.466713572376809,1.0018504045253944
2000-10-04,2.463459819996112,0.0
2000-10-05,2.4638688218182816,0.0
2000-10-06,2.4642785665785127,0.0
2000-10-09,2.4655059798481127,0.0
2000-10-10,2.4659153213888767,0.0
2000-10-11,2.4663240552983123,0.0
2000-10-12,2.4667328569567935,0.0
2000-10-13,2.467139023106665,0.0
2000-10-16,2.4683597499767282,0.0
2000-10-17,2.468769565321519,0.0
2000-10-18,2.469183506958225,0.0
2000-10-19,2.469597518001035,0.0
2000-10-20,2.4700129516657072,0.0
2000-10-23,2.4712574321638208,0.0
2000-10-24,2.4716744991715505,0.0
2000-10-25,2.4720923137375745,0.0
2000-10-26,2.4725122307881273,0.0
2000-10-27,2.4729308643658334,0.0
2000-10-30,2.474184945195954,0.0
2000-10-31,2.474604539848304,0.0
2000-11-01,2.4750242056593086,0.0
2000-11-02,2.475443264552212,0.0
2000-11-03,2.4758630726017348,0.0
2000-11-06,2.4771247452907867,0.0
2000-11-07,2.4775482318225848,0.0
2000-11-08,2.4779711119728383,0.0
2000-11-09,2.478393385406166,0.0
2000-11-10,2.4788150517876284,0.0
2000-11-13,2.4800761913906886,0.0
2000-11-14,2.4804967851338313,0.0
2000-11-15,2.4809167706169033,0.0
2000-11-16,2.481337506913071,0.0
2000-11-17,2.4817569549245135,0.0
2000-11-20,2.4830155116706956,0.0
2000-11-21,2.4834359236121237,0.0
2000-11-22,2.4838564067356286,0.0
2000-11-24,2.484697515370896,0.0
2000-11-27,2.4859596055608955,0.0
2000-11-28,2.4863777916424885,0.0
2000-11-29,2.4867933232734205,0.0
2000-11-30,2.487206199096408,0.0
2000-12-01,2.4876170991890256,0.0
2000-12-04,2.488854092349307,0.0
2000-12-05,2.4892632190494193,0.0
2000-12-06,2.4896662750939287,0.0
2000-12-07,2.490070078500738,0.0
2000-12-08,2.490475311823102,0.0
2000-12-11,2.4916871157008544,0.0
2000-12-12,2.492090564217397,0.0
2000-12-13,2.492492712530362,0.0
2000-12-14,2.4928949257379456,0.0
2000-12-15,2.493297203850619,0.0
2000-12-18,2.4944960357938406,0.0
2000-12-19,2.4948910546181393,0.0
2000-12-20,2.4952847689325117,0.0
2000-12-21,2.495671708981612,0.0
2000-12-22,2.4960299917146274,0.0
2000-12-26,2.497433239260654,0.0
2000-12-27,2.4978170913283866,0.0
2000-12-28,2.498199633726757,0.0
2000-12-29,2.498590447970827,0.0
2001-01-02,2.500159425863087,0.0
2001-01-03,2.5005491767434473,0.0
2001-01-04,2.5009280270707728,0.0
2001-01-05,2.501286379223693,0.0
2001-01-08,2.5023122492811445,0.0
2001-01-09,2.502659145171045,0.0
2001-01-10,2.503008831791329,0.0
2001-01-11,2.503361996051157,0.0
2001-01-12,2.5037165818462146,0.0
2001-01-16,2.505140613523999,0.0
2001-01-17,2.505498882948728,0.0
2001-01-18,2.5058572036108924,0.0
2001-01-19,2.5062100832280585,0.0
2001-01-22,2.507260631564316,0.0
2001-01-23,2.5076116480527353,0.0
2001-01-24,2.5079620266665725,0.0
2001-01-25,2.508315202688958,0.0
2001-01-26,2.5086684284462684,0.0
2001-01-29,2.5097076357514223,0.0
2001-01-30,2.510050743726831,0.0
2001-01-31,2.5103870217579765,0.0
2001-02-01,2.5107212815093667,0.0
2001-02-02,2.511056273636516,0.0
2001-02-05,2.512073767397806,0.0
2001-02-06,2.512415134134417,0.0
2001-02-07,2.5127551705936675,0.0
2001-02-08,2.5130952530742907,0.0
2001-02-09,2.513436070101762,0.0
2001-02-12,2.51445452816962,0.0
2001-02-13,2.5147941517538355,0.0
2001-02-14,2.515133132225798,0.0
2001-02-15,2.5154735365456116,0.0
2001-02-16,2.515814676107417,0.0
2001-02-20,2.5171628770680927,0.0
2001-02-21,2.517502176831248,0.0
2001-02-22,2.517839453150281,0.0
2001-02-23,2.518176084836072,0.0
2001-02-26,2.519163347843579,0.0
2001-02-27,2.519488423442712,0.0
2001-02-28,2.5198128507191555,0.0
2001-03-01,2.5201393908502214,0.0
2001-03-02,2.5204652828481615,0.0
2001-03-05,2.5214430852702194,0.0
2001-03-06,2.5217677642428433,0.0
2001-03-07,2.5220904123376107,0.0
2001-03-08,2.5224061918769087,0.0
2001-03-09,2.522721319883346,0.0
2001-03-12,2.5236771893587973,0.0
2001-03-13,2.5239910933160488,0.0
2001-03-14,2.524305036317793,0.0
2001-03-15,2.5246114108742557,0.0
2001-03-16,2.524916439266638,0.0
2001-03-19,2.525835785553703,0.0
2001-03-20,2.526141653887186,0.0
2001-03-21,2.526444790885652,0.0
2001-03-22,2.526736197257423,0.0
2001-03-23,2.527024175958261,0.0
2001-03-26,2.5278944415443374,0.0
2001-03-27,2.5281846299747506,0.0
2001-03-28,2.5284783149838215,0.0
2001-03-29,2.5287713413748456,0.0
2001-03-30,2.5290637089107526,0.0
2001-04-02,2.529936755560952,0.0
2001-04-03,2.5302223265043198,0.0
2001-04-04,2.530503077200822,0.0
2001-04-05,2.5307803926065424,0.0
2001-04-06,2.531058431767484,0.0
2001-04-09,2.5318593557369886,0.0
2001-04-10,2.532125721214414,0.0
2001-04-11,2.5323928084480216,0.0
2001-04-12,2.5326689433350795,0.0
2001-04-16,2.5337569501578603,0.0
2001-04-17,2.5340380930523296,0.0
2001-04-18,2.5343171843710715,0.0
2001-04-19,2.5345824197585864,0.0
2001-04-20,2.5348449052804134,0.0
2001-04-23,2.535611609054504,0.0
2001-04-24,2.5358658649035215,0.0
2001-04-25,2.5361236200366393,0.0
2001-04-26,2.5363841806825334,0.0
2001-04-27,2.5366440731985818,0.0
2001-04-30,2.537428000462847,0.0
2001-05-01,2.5376963421637178,0.0
2001-05-02,2.537962626464827,0.0
2001-05-03,2.53822685271087,0.0
2001-05-04,2.5384876294423124,0.0
2001-05-07,2.539249175731145,0.0
2001-05-08,2.539503100648718,0.0
2001-05-09,2.53975496369596,0.0
2001-05-10,2.540008243369052,0.0
2001-05-11,2.5402629400860586,0.0
2001-05-14,2.5410333705174764,0.0
2001-05-15,2.541286081507476,0.0
2001-05-16,2.541533247688006,0.0
2001-05-17,2.5417762600451135,0.0
2001-05-18,2.5420192956381973,0.0
2001-05-21,2.5427568294557537,0.0
2001-05-22,2.5430055319730456,0.0
2001-05-23,2.543253562101644,0.0
2001-05-24,2.5435016164216737,0.0
2001-05-25,2.543753876034042,0.0
2001-05-29,2.5447518638560913,0.0
2001-05-30,2.545004944657894,0.0
2001-05-31,2.5452559588442165,0.0
2001-06-01,2.545503511136104,0.0
2001-06-04,2.5462546090214446,0.0
2001-06-05,2.5465057464623344,0.0
2001-06-06,2.546753420308908,0.0
2001-06-07,2.5470004205036445,0.0
2001-06-08,2.547248142462351,0.0
2001-06-11,2.5479934742475976,0.0
2001-06-12,2.5482391985497714,0.0
2001-06-13,2.548482153958291,0.0
2001-06-14,2.548724434316489,0.0
2001-06-15,2.5489674359885828,0.0
2001-06-18,2.549688130343087,0.0
2001-06-19,2.5499284297175633,0.0
2001-06-20,2.550168053128904,0.0
2001-06-21,2.550406301705922,0.0
2001-06-22,2.5506459700241373,0.0
2001-06-25,2.5513524640174783,0.0
2001-06-26,2.551588726245653,0.0
2001-06-27,2.5518250103523576,0.0
2001-06-28,2.5520655111204564,0.0
2001-06-29,2.5523144249072947,0.0
2001-07-02,2.553063336893343,0.0
2001-07-03,2.553314446410588,0.0
2001-07-05,2.553815315765007,0.0
2001-07-06,2.554065099893152,0.0
2001-07-09,2.5548103271072304,0.0
2001-07-10,2.5550602085556626,0.0
2001-07-11,2.5553087144115634,0.0
2001-07-12,2.5555537440143152,0.0
2001-07-13,2.5558001974164775,0.0
2001-07-16,2.556543830241041,0.0
2001-07-17,2.5567931808173605,0.0
2001-07-18,2.5570404542400533,0.0
2001-07-19,2.5572828476639344,0.0
2001-07-20,2.557525964690822,0.0
2001-07-23,2.558251180957522,0.0
2001-07-24,2.5584950909331314,0.0
2001-07-25,2.558739024163719,0.0
2001-07-26,2.5589829806515025,0.0
2001-07-27,2.559226960398699,0.0
2001-07-30,2.559956865950966,0.0
2001-07-31,2.5602016399088336,0.0
2001-08-01,2.5604443329957944,0.0
2001-08-02,2.5606863475971324,0.0
2001-08-03,2.560928385073823,0.0
2001-08-06,2.5616524612637948,0.0
2001-08-07,2.5618938882354865,0.0
2001-08-08,2.5621353379608434,0.0
2001-08-09,2.5623747045773486,0.0
2001-08-10,2.562611987495197,0.0
2001-08-13,2.563319689655031,0.0
2001-08-14,2.56355635780172,0.0
2001-08-15,2.563791643111272,0.0
2001-08-16,2.564026950015503,0.0
2001-08-17,2.5642601710969837,0.0
2001-08-20,2.5649535751487296,0.0
2001-08-21,2.5651882859690307,0.0
2001-08-22,2.565420909893046,0.0
2001-08-23,2.5656535549125454,0.0
2001-08-24,2.5658876268670077,0.0
2001-08-27,2.5665941246930353,0.0
2001-08-28,2.566831095164274,0.0
2001-08-29,2.5670652745491207,0.0
2001-08-30,2.5673001786043805,0.0
2001-08-31,2.5675315873054108,0.0
2001-09-04,2.5684601192767103,0.0
2001-09-05,2.5686965583452244,0.0
2001-09-06,2.5689309079216436,0.0
2001-09-07,2.569161055978326,0.0
2001-09-10,2.5698367805300353,0.0
2001-09-17,2.5714089573878223,0.0
2001-09-18,2.5715878992714325,0.0
2001-09-19,2.5717591036165075,0.0
2001-09-20,2.5719105907965836,0.0
2001-09-21,2.572064200798993,0.0
2001-09-24,2.572531400405878,0.0
2001-09-25,2.57269561953363,0.0
2001-09-26,2.5728612588406414,0.0
2001-09-27,2.57302549902511,0.0
2001-09-28,2.573189749693952,0.0
2001-10-01,2.573686763056564,0.0
2001-10-02,2.573850350817942,0.0
2001-10-03,2.57400689733243,0.0
2001-10-04,2.5741613377462698,0.0
2001-10-05,2.5743143769271715,0.0
2001-10-08,2.5747692900156967,0.0
2001-10-09,2.5749209545081224,0.0
2001-10-10,2.575074744307597,0.0
2001-10-11,2.575228543292326,0.0
2001-10-12,2.57538587917319,0.0
2001-10-15,2.5758536821424753,0.0
2001-10-16,2.5760096447900787,0.0
2001-10-17,2.5761634996126994,0.0
2001-10-18,2.576317363624457,0.0
2001-10-19,2.57646911930478,0.0
2001-10-22,2.576924413162849,0.0
2001-10-23,2.57707832262095,0.0
2001-10-24,2.5772308291737405,0.0
2001-10-25,2.5773812264796625,0.0
2001-10-26,2.5775295141666654,0.0
2001-10-29,2.577974402822535,0.0
2001-10-30,2.5781191931657075,0.0
2001-10-31,2.578261166304838,0.0
2001-11-01,2.578403147262215,0.0
2001-11-02,2.578545842450091,0.0
2001-11-05,2.5789633549412936,0.0
2001-11-06,2.57910254830593,0.0
2001-11-07,2.5792311501316267,0.0
2001-11-08,2.5793562251764417,0.0
2001-11-09,2.5794841329782927,0.0
2001-11-12,2.5798657552883775,0.0
2001-11-13,2.579992981544803,0.0
2001-11-14,2.5801209209227918,0.0
2001-11-15,2.580250987292504,0.0
2001-11-16,2.5803838878913012,0.0
2001-11-19,2.580788972813976,0.0
2001-11-20,2.5809233152536573,0.0
2001-11-21,2.5810583717887843,0.0
2001-11-23,2.5813299132722825,0.0
2001-11-26,2.5817351467079828,0.0
2001-11-27,2.581872367699342,0.0
2001-11-28,2.5820053518103356,0.0
2001-11-29,2.582135513176016,0.0
2001-11-30,2.5822607290625457,0.0
2001-12-03,2.5826321501263148,0.0
2001-12-04,2.5827559749554303,0.0
2001-12-05,2.582876975303846,0.0
2001-12-06,2.5830001042336277,0.0
2001-12-07,2.5831218236905946,0.0
2001-12-10,2.5834742605859913,0.0
2001-12-11,2.5835931711820947,0.0
2001-12-12,2.583708548082616,0.0
2001-12-13,2.583824638000941,0.0
2001-12-14,2.5839421489296828,0.0
2001-12-17,2.584303192901177,0.0
2001-12-18,2.5844242657356937,0.0
2001-12-19,2.5845432200580616,0.0
2001-12-20,2.5846607636675216,0.0
2001-12-21,2.5847783126228006,0.0
2001-12-24,2.5851352244774755,0.0
2001-12-26,2.5853746150818244,0.0
2001-12-27,2.5854964464335493,0.0
2001-12-28,2.5856175751711765,0.0
2001-12-31,2.5859767280781933,0.0
2002-01-02,2.5862190305551804,0.0
2002-01-03,2.586340193145379,0.0
2002-01-04,2.5864606528256076,0.0
2002-01-07,2.5636331258059633,1.0012430919215967
2002-01-08,2.557699070320791,1.0012460667916023
2002-01-09,2.5368198438728573,1.0012564137227584
2002-01-10,2.5480296053314824,1.0012509770937146
2002-01-11,2.52297353136699,1.0012634924837354
2002-01-14,2.5071474997847836,1.0012717345959825
2002-01-15,2.527588535328457,1.001261537992123
2002-01-16,2.4763788762942314,1.0012877163151928
2002-01-17,2.493081840847444,0.0
2002-01-18,2.49319180966289,0.0
2002-01-22,2.4936262397973956,0.0
2002-01-23,2.493739648552411,0.0
2002-01-24,2.4938544288978783,0.0
2002-01-25,2.4939698977741753,0.0
2002-01-28,2.4943163204421674,0.0
2002-01-29,2.49443249407901,0.0
2002-01-30,2.4945479897205165,0.0
2002-01-31,2.494665541023046,0.0
2002-02-01,2.49478378133499,0.0
2002-02-04,2.495138519083624,0.0
2002-02-05,2.495257465413027,0.0
2002-02-06,2.4953757337805653,0.0
2002-02-07,2.4954926404245317,0.0
2002-02-08,2.49560886884888,0.0
2002-02-11,2.4959575703620613,0.0
2002-02-12,2.4960738204406807,0.0
2002-02-13,2.4961914436453703,0.0
2002-02-14,2.4963097562809184,0.0
2002-02-15,2.4964273906036802,0.0
2002-02-19,2.4968952142571523,0.0
2002-02-20,2.497012192087738,0.0
2002-02-21,2.4971305436245133,0.0
2002-02-22,2.497248900770827,0.0
2002-02-25,2.4976039890391837,0.0
2002-02-26,2.497723052900579,0.0
2002-02-27,2.4978421224378957,0.0
2002-02-28,2.497961197651404,0.0
2002-03-01,2.498081647287236,0.0
2002-03-04,2.4984389071830946,0.0
2002-03-05,2.4985593798536874,0.0
2002-03-06,2.49868054287019,0.0
2002-03-07,2.498800342622245,0.0
2002-03-08,2.498920148118124,0.0
2002-03-11,2.499283689652001,0.0
2002-03-12,2.4994069419983402,0.0
2002-03-13,2.4856005980216787,1.0005173424170362
2002-03-14,2.482171161437405,1.0005180967911216
2002-03-15,2.5058344420000083,1.0005132439116051
2002-03-18,2.506263546032112,1.0005132749774814
2002-03-19,2.5230280209771,1.00050990401006
2002-03-20,2.4755294008916398,1.0005197278208176
2002-03-21,2.4766035739464827,1.0005195423947224
2002-03-22,2.471230069940985,1.000520712042571
2002-03-25,2.440495827796152,1.0005273909436048
2002-03-26,2.4546810797779237,1.0005243833064692
2002-03-27,2.4611289147413444,1.000523049325678
2002-03-28,2.460054800186526,1.0005233175557522
2002-04-01,2.461128427304211,1.0005232474835968
2002-04-02,2.4475873387006355,1.0005261819508937
2002-04-03,2.4303937753445486,1.0005299445840368
2002-04-04,2.4202925041217718,1.0005321965870384
2002-04-05,2.4207218092017047,1.0005321422940496
2002-04-08,2.4258797132013687,1.000531130003528
2002-04-09,2.417819565930574,0.0
2002-04-10,2.4179321767048774,0.0
2002-04-11,2.418043467829723,0.0
2002-04-12,2.4181554265546716,0.0
2002-04-15,2.4184893307560373,0.0
2002-04-16,2.4186006475252335,0.0
2002-04-17,2.418713957308994,0.0
2002-04-18,2.4188266097398823,0.0
2002-04-19,2.4189386047253745,0.0
2002-04-22,2.4192765934071305,0.0
2002-04-23,2.419388609227483,0.0
2002-04-24,2.419501293080515,0.0
2002-04-25,2.4196133193047697,0.0
2002-04-26,2.4197266765315097,0.0
2002-04-29,2.4200687529603018,0.0
2002-04-30,2.420184120621402,0.0
2002-05-01,2.420299493782221,0.0
2002-05-02,2.4204148724430206,0.0
2002-05-03,2.420530256604063,0.0
2002-05-06,2.420874436111783,0.0
2002-05-07,2.4209891789275217,0.0
2002-05-08,2.421103927181756,0.0
2002-05-09,2.4212186808747425,0.0
2002-05-10,2.421334103354324,0.0
2002-05-13,2.4216803873000643,0.0
2002-05-14,2.4217958317897605,0.0
2002-05-15,2.421911945288545,0.0
2002-05-16,2.4220267372793765,0.0
2002-05-17,2.422140871142065,0.0
2002-05-20,2.4224852796659344,0.0
2002-05-21,2.4225994351366475,0.0
2002-05-22,2.422713595986742,0.0
2002-05-23,2.422827098459321,0.0
2002-05-24,2.422940606249413,0.0
2002-05-28,2.423394658680831,0.0
2002-05-29,2.423509520948215,0.0
2002-05-30,2.423623724684545,0.0
2002-05-31,2.4237379338025304,0.0
2002-06-03,2.424078585188843,0.0
2002-06-04,2.4241928157413506,0.0
2002-06-05,2.4243077158391926,0.0
2002-06-06,2.42442195718909,0.0
2002-06-07,2.4245355396972212,0.0
2002-06-10,2.4248763031854033,0.0
2002-06-11,2.4249905713290056,0.0
2002-06-12,2.4251048448572985,0.0
2002-06-13,2.4252184593582493,0.0
2002-06-14,2.4253307502951347,0.0
2002-06-17,2.425665645280929,0.0
2002-06-18,2.4257786214890653,0.0
2002-06-19,2.425891602959107,0.0
2002-06-20,2.426003260435627,0.0
2002-06-21,2.4261162523683044,0.0
2002-06-24,2.426453249886099,0.0
2002-06-25,2.426566262777189,0.0
2002-06-26,2.426679280931894,0.0
2002-06-27,2.426790309819542,0.0
2002-06-28,2.4269013437871423,0.0
2002-07-01,2.427234460930495,0.0
2002-07-02,2.427346180215272,0.0
2002-07-03,2.427458569668548,0.0
2002-07-05,2.4276833589826707,0.0
2002-07-08,2.428020574178014,0.0
2002-07-09,2.42813366006777,0.0
2002-07-10,2.4282460859824417,0.0
2002-07-11,2.428358517102587,0.0
2002-07-12,2.4284709534284477,0.0
2002-07-15,2.4288062820203735,0.0
2002-07-16,2.4289180736519844,0.0
2002-07-17,2.4290305358860795,0.0
2002-07-18,2.4291430033273302,0.0
2002-07-19,2.4292554759759777,0.0
2002-07-22,2.4295909128964963,0.0
2002-07-23,2.429702740642624,0.0
2002-07-24,2.4298139078639083,0.0
2002-07-25,2.429924414469033,0.0
2002-07-26,2.430035591832654,0.0
2002-07-29,2.4303671418942248,0.0
2002-07-30,2.4304796712221646,0.0
2002-07-31,2.4305922057603664,0.0
2002-08-01,2.4307040795933985,0.0
2002-08-02,2.4308139607367223,0.0
2002-08-05,2.4311336294219696,0.0
2002-08-06,2.4312408657272675,0.0
2002-08-07,2.431348772856103,0.0
2002-08-08,2.431452688036532,0.0
2002-08-09,2.4315586061125316,0.0
2002-08-12,2.4318763741824263,0.0
2002-08-13,2.4319856420523895,0.0
2002-08-14,2.432092249642178,0.0
2002-08-15,2.43219952823182,0.0
2002-08-16,2.432305478841406,0.0
2002-08-19,2.432623344516312,0.0
2002-08-20,2.4327319794766287,0.0
2002-08-21,2.432837953280666,0.0
2002-08-22,2.4329445982320426,0.0
2002-08-23,2.4330525809785946,0.0
2002-08-26,2.4333765435962262,0.0
2002-08-27,2.433485878871062,0.0
2002-08-28,2.4335958857669557,0.0
2002-08-29,2.4337052308971656,0.0
2002-08-30,2.433815247708973,0.0
2002-09-03,2.4342580020444466,0.0
2002-09-04,2.434365376164537,0.0
2002-09-05,2.4344720880714372,0.0
2002-09-06,2.434577470698811,0.0
2002-09-09,2.434903637379132,0.0
2002-09-10,2.4350143754623663,0.0
2002-09-11,2.4351244514546817,0.0
2002-09-12,2.435235199580419,0.0
2002-09-13,2.4353459527429204,0.0
2002-09-16,2.435678227341404,0.0
2002-09-17,2.435790335270772,0.0
2002-09-18,2.4359017810203585,0.0
2002-09-19,2.4360118971282674,0.0
2002-09-20,2.436120016012469,0.0
2002-09-23,2.4364443870611767,0.0
2002-09-24,2.4365525251408218,0.0
2002-09-25,2.43666066802002,0.0
2002-09-26,2.4367694832772493,0.0
2002-09-27,2.436877635785822,0.0
2002-09-30,2.437198101885871,0.0
2002-10-01,2.4373009316140055,0.0
2002-10-02,2.437405101188069,0.0
2002-10-03,2.437508607432092,0.0
2002-10-04,2.4376114502610085,0.0
2002-10-07,2.4379280058301656,0.0
2002-10-08,2.4380348739071334,0.0
2002-10-09,2.438140410759209,0.0
2002-10-10,2.438243280245033,0.0
2002-10-11,2.438346822082961,0.0
2002-10-14,2.438657460787692,0.0
2002-10-15,2.438761020214109,0.0
2002-10-16,2.4388712655752967,0.0
2002-10-17,2.438980179552362,0.0
2002-10-18,2.4390897666070046,0.0
2002-10-21,2.4394185425426675,0.0
2002-10-22,2.4395308226290093,0.0
2002-10-23,2.4396417711540934,0.0
2002-10-24,2.4397520563300494,0.0
2002-10-25,2.4398603412158373,0.0
2002-10-28,2.4401832049267433,0.0
2002-10-29,2.4402874976883786,0.0
2002-10-30,2.4403864463321203,0.0
2002-10-31,2.4404853989880264,0.0
2002-11-01,2.440580343899439,0.0
2002-11-04,2.4408631837584713,0.0
2002-11-05,2.440957474637625,0.0
2002-11-06,2.4410511004037754,0.0
2002-11-07,2.4411320229197067,0.0
2002-11-08,2.4412122793149806,0.0
2002-11-11,2.4414530564165022,0.0
2002-11-12,2.4415333233663024,0.0
2002-11-13,2.4416135929550156,0.0
2002-11-14,2.441693196247498,0.0
2002-11-15,2.4417734710923065,0.0
2002-11-18,2.4420143035442496,0.0
2002-11-19,2.4420952579910247,0.0
2002-11-20,2.442174876987107,0.0
2002-11-21,2.4422551676679944,0.0
2002-11-22,2.4423354609885752,0.0
2002-11-25,2.442578356268668,0.0
2002-11-26,2.4426599986137267,0.0
2002-11-27,2.4427403052438184,0.0
2002-11-29,2.4429022622722756,0.0
2002-12-02,2.4431432060570475,0.0
2002-12-03,2.443224867282017,0.0
2002-12-04,2.4433058618598094,0.0
2002-12-05,2.443386189723761,0.0
2002-12-06,2.4434665202286285,0.0
2002-12-09,2.443705511337593,0.0
2002-12-10,2.443786521849065,0.0
2002-12-11,2.443866195984983,0.0
2002-12-12,2.4439458727184955,0.0
2002-12-13,2.444025552049688,0.0
2002-12-16,2.44426459783656,0.0
2002-12-17,2.444345626882132,0.0
2002-12-18,2.4444259889301394,0.0
2002-12-19,2.4445056839144357,0.0
2002-12-20,2.444585381497007,0.0
2002-12-23,2.4448244820397997,0.0
2002-12-24,2.4449028503862102,0.0
2002-12-26,2.4450595921031937,0.0
2002-12-27,2.445137298106669,0.0
2002-12-30,2.4453664041219985,0.0
2002-12-31,2.445446799729805,0.0
2003-01-02,2.445607596231705,0.0
2003-01-03,2.4456879997691154,0.0
2003-01-06,2.4459292183115586,0.0
2003-01-07,2.4460089623052514,0.0
2003-01-08,2.4460873686199336,0.0
2003-01-09,2.4461657774479137,0.0
2003-01-10,2.446244858971678,0.0
2003-01-13,2.4464821112127946,0.0
2003-01-14,2.4465618732323104,0.0
2003-01-15,2.4466402972704384,0.0
2003-01-16,2.4467193941348433,0.0
2003-01-17,2.4467971528881916,0.0
2003-01-21,2.447108197786531,0.0
2003-01-22,2.4471866393369806,0.0
2003-01-23,2.447263742477672,0.0
2003-01-24,2.4473408480476406,0.0
2003-01-27,2.447570160532581,0.0
2003-01-28,2.447647275756817,0.0
2003-01-29,2.4477250639990054,0.0
2003-01-30,2.4478028547133683,0.0
2003-01-31,2.447880647899984,0.0
2003-02-03,2.448114034876825,0.0
2003-02-04,2.448191837953002,0.0
2003-02-05,2.448268302026845,0.0
2003-02-06,2.448346110005759,0.0
2003-02-07,2.448423249677718,0.0
2003-02-10,2.4486546759848795,0.0
2003-02-11,2.4487318253787804,0.0
2003-02-12,2.4488096480888477,0.0
2003-02-13,2.4488874732721846,0.0
2003-02-14,2.4489646300007943,0.0
2003-02-18,2.4492759504359505,0.0
2003-02-19,2.449354461473266,0.0
2003-02-20,2.4494323039712196,0.0
2003-02-21,2.449510820020415,0.0
2003-02-24,2.4497463757184503,0.0
2003-02-25,2.4498262441619323,0.0
2003-02-26,2.4499054440240724,0.0
2003-02-27,2.449985317653617,0.0
2003-02-28,2.450065193887261,0.0
2003-03-03,2.450302816648531,0.0
2003-03-04,2.450382031917672,0.0
2003-03-05,2.4504605784102016,0.0
2003-03-06,2.450538456061461,0.0
2003-03-07,2.450616336187736,0.0
2003-03-10,2.450837898760597,0.0
2003-03-11,2.4509090737790267,0.0
2003-03-12,2.4509815938283332,0.0
2003-03-13,2.4510541160234385,0.0
2003-03-14,2.451127983407757,0.0
2003-03-17,2.4513516068648737,0.0
2003-03-18,2.4514274980242097,0.0
2003-03-19,2.4515027199090804,0.0
2003-03-20,2.451579287391291,0.0
2003-03-21,2.451656528930483,0.0
2003-03-24,2.4518902759091317,0.0
2003-03-25,2.451967527246592,0.0
2003-03-26,2.452045452789924,0.0
2003-03-27,2.4521233808097938,0.0
2003-03-28,2.45219996767703,0.0
2003-03-31,2.4524257044411772,0.0
2003-04-01,2.4525009569559435,0.0
2003-04-02,2.4525748679436874,0.0
2003-04-03,2.452649453097206,0.0
2003-04-04,2.4527226966014215,0.0
2003-04-07,2.4529424336758843,0.0
2003-04-08,2.4530197181635205,0.0
2003-04-09,2.4530956609657544,0.0
2003-04-10,2.453170261957088,0.0
2003-04-11,2.453245537318551,0.0
2003-04-14,2.4534774194309823,0.0
2003-04-15,2.4535567373311173,0.0
2003-04-16,2.453634713380852,0.0
2003-04-17,2.4537120196800406,0.0
2003-04-21,2.4540239436189806,0.0
2003-04-22,2.454101934516915,0.0
2003-04-23,2.454179927893464,0.0
2003-04-24,2.4423251663444714,1.0030191747120059
2003-04-25,2.4120255923750187,1.0030572796205361
2003-04-28,2.453854134914111,1.0030056886912417
2003-04-29,2.462434505531685,1.0029953893162074
2003-04-30,2.4570710757220118,1.0030021029976568
2003-05-01,2.456802107420196,1.0030026052301968
2003-05-02,2.491927059844395,1.0029604507102619
2003-05-05,2.4870998709100385,1.0029667085950873
2003-05-06,2.510695544264094,1.002938997171005
2003-05-07,2.496751482151782,1.0029555795410006
2003-05-08,2.4715471572720893,1.0029858908907978
2003-05-09,2.505867112958118,1.0029451636237463
2003-05-12,2.5367020726184357,1.0029098633700735
2003-05-13,2.532143807957181,1.0029152677113384
2003-05-14,2.5267797628681827,1.002921622151534
2003-05-15,2.542868505168216,1.0029032992904587
2003-05-16,2.5364323365255776,1.002910829058228
2003-05-19,2.4769044766055632,1.0029812828422762
2003-05-20,2.471809294889019,1.002987594360428
2003-05-21,2.4769036572231387,1.0029816146376744
2003-05-22,2.5015733551334485,1.0029523759299879
2003-05-23,2.5066664551922435,1.0029465435162985
2003-05-27,2.550639344701608,1.002896398983892
2003-05-28,2.557878269437798,1.0028883658250936
2003-05-29,2.5511752709003757,1.0028961213800387
2003-05-30,2.592199208438728,1.0028504500218458
2003-06-02,2.6029223702464765,1.0028391947650859
2003-06-03,2.613648880364354,1.0028277068363212
2003-06-04,2.6514558060401137,1.0027875440748735
2003-06-05,2.6645946650676655,1.002773953232996
2003-06-06,2.6541369559043524,1.0027850371590739
2003-06-09,2.627051399966845,1.0028142210601638
2003-06-10,2.6538659897273913,1.002785939656185
2003-06-11,2.6820203224780563,1.0027568417124881
2003-06-12,2.6903329744910516,1.0027484681296128
2003-06-13,2.6621778618361422,1.002777680429591
2003-06-16,2.718484631340286,1.0027205589394472
2003-06-17,2.7184842564847878,1.0027206972059515
2003-06-18,2.71606966359281,1.0027232561718613
2003-06-19,2.674508469358942,1.0027657165815853
2003-06-20,2.6685888958532966,1.0027719883017652
2003-06-23,2.641138205638674,1.002801215650266
2003-06-24,2.6438288971816206,1.00279850508382
2003-06-25,2.6171883286111934,1.0028271314778787
2003-06-26,2.6513642487794327,1.0027908351978567
2003-06-27,2.620685189035012,1.0028236523227039
2003-06-30,2.61987702728188,1.0028249528259836
2003-07-01,2.6440958928032807,1.0027992223214974
2003-07-02,2.6774633714710006,1.0027644790654555
2003-07-03,2.6497472161904465,1.0027935368902434
2003-07-07,2.7024906027196844,1.0027395718986127
2003-07-08,2.7145982740295973,1.0027274948115494
2003-07-09,2.6992594909196295,1.0027431368303816
2003-07-10,2.66481332172318,1.0027787385492315
2003-07-11,2.6901088669234796,1.0027527506283607
2003-07-14,2.703292774812606,1.0027397465460315
2003-07-15,2.697374123183024,1.0027459003499983
2003-07-16,2.6814963749572778,1.0027623032324102
2003-07-17,2.6432827788340365,1.0028023825939463
2003-07-18,2.6704617207140835,1.002774003884525
2003-07-21,2.6373601566110834,1.0028092567960958
2003-07-22,2.66131000547144,1.0027841212160413
2003-07-23,2.6631933301261825,1.0027822979616794
2003-07-24,2.6430107576433466,1.0028036908658429
2003-07-25,2.689835107792492,1.002755028687042
2003-07-28,2.6798773581591386,1.0027656997889263
2003-07-29,2.667497698557823,1.00277868363946
2003-07-30,2.66103693006531,1.00278558038094
2003-07-31,2.66722663413943,1.002779265253763
2003-08-01,2.6435459563612462,1.0028043107375
2003-08-04,2.6435447803845955,1.0028047568333875
2003-08-05,2.587301868287432,1.0028658798940986
2003-08-06,2.602370075851664,1.0028494373570922
2003-08-07,2.6298199005635143,1.0028198442812397
2003-08-08,2.637353103830585,1.002811938497518
2003-08-11,2.6473097617332284,1.0028018093461444
2003-08-12,2.671528616253692,1.002776556994275
2003-08-13,2.657802958861643,1.0027910435049954
2003-08-14,2.665068715454192,1.0027835822457307
2003-08-15,2.6734117749115582,1.0027750428589681
2003-08-18,2.696553170996209,1.0027516643043553
2003-08-19,2.7067777480119566,1.002741415873336
2003-08-20,2.6957444050537838,1.0027527824483689
2003-08-21,2.7043558495051085,1.0027441626461135
2003-08-22,2.677443574131286,1.0027718936265821
2003-08-25,2.6817493953488034,1.002767888893345
2003-08-26,2.686591521528571,1.0027630516342163
2003-08-27,2.687399093976456,1.0027623719257464
2003-08-28,2.704084971708621,1.0027454753059906
2003-08-29,2.722383670441394,1.002727168579602
2003-09-02,2.758979961037701,1.0026915722595984
2003-09-03,2.7740489477780996,1.0026770950453368
2003-09-04,2.7753939254967586,1.0026759406576042
2003-09-05,2.759784237638017,1.0026912198854154
2003-09-08,2.782658495309623,1.0026695228726101
2003-09-09,2.7643580584241234,1.0026873390498032
2003-09-10,2.7363706765332365,1.0027149692349164
2003-09-11,2.744444723233177,1.0027071257818674
2003-09-12,2.7495565005102693,1.0027022365068121
2003-09-15,2.7398674281676465,1.0027122249047273
2003-09-16,2.7799630175528027,1.0026732483840282
2003-09-17,2.774580190183277,1.0026785747816966
2003-09-18,2.807412452502424,1.0026473892342107
2003-09-19,2.7930942130048653,1.002661101978118
2003-09-22,2.7628388824224763,1.002690669960585
2003-09-23,2.773372916776318,1.0026805925225983
2003-09-24,2.723936676495959,1.0027293856831831
2003-09-25,2.701515465749212,1.0027521837213578
2003-09-26,2.6925994213090876,1.0027614423199664
2003-09-29,2.719073060410806,1.002734987697602
2003-09-30,2.692597850633219,1.002762027261828
2003-10-01,2.750138160969059,1.00270438119065
2003-10-02,2.7601319780597224,1.0026947317156412
2003-10-03,2.785524706926343,1.002670307110037
2003-10-06,2.7982204067082885,1.0026586112453346
2003-10-07,2.8090256517721164,1.002648523899128
2003-10-08,2.802001161891564,1.002655301842466
2003-10-09,2.809565725419808,1.0026482897474096
2003-10-10,2.8173983605134754,1.0026410639997092
2003-10-13,2.826311911238507,1.0026331458185311
2003-10-14,2.836307928937177,1.0026240023911188
2003-10-15,2.828741963627617,1.0026311584226915
2003-10-16,2.840088683796157,1.0026207835557408
2003-10-17,2.8090217761282594,1.0026499072663289
2003-10-20,2.8300910341878227,1.0026305923295573
2003-10-21,2.8252271008435588,1.002635260514683
2003-10-22,2.7895700550503255,1.0026690847964244
2003-10-23,2.784435853301258,1.002674148428435
2003-10-24,2.790650015311888,1.002668335506082
2003-10-27,2.791999225105373,1.0026674691296062
2003-10-28,2.8300878782870518,1.0026317103876512
2003-10-29,2.8338693297471123,1.0026283383830947
2003-10-30,2.8398119711720593,1.002622977680741
2003-10-31,2.8371123609044053,1.0026256130801912
2003-11-03,2.855749516353393,1.0026088937653177
2003-11-04,2.849535816728062,1.0026147216875942
2003-11-05,2.851696612743188,1.0026128786060475
2003-11-06,2.866823606009575,1.0025992297146546
2003-11-07,2.8454825170217815,1.0026188630971808
2003-11-10,2.8338645798962436,1.0026300188921486
2003-11-11,2.8330536962795247,1.0026309122107182
2003-11-12,2.864929047549809,1.002601779534838
2003-11-13,2.86574070651792,1.0026011801717363
2003-11-14,2.841427632510778,1.002623575534656
2003-11-17,2.8271098596417588,1.0026372808027988
2003-11-18,2.797662975455991,1.0026651812283736
2003-11-19,2.821434728392792,1.0026428664384082
2003-11-20,2.79604090045823,1.0026670101410438
2003-11-21,2.8076556873829452,1.0026561176198077
2003-11-24,2.8449343323395504,1.002621726802583
2003-11-25,2.855740826439376,1.0026119446672055
2003-11-26,2.8660049087106003,1.0026027280725247
2003-11-28,2.8681662545255198,1.0026010403661865
2003-12-01,2.8992290932730245,1.0025735763255192
2003-12-02,2.8919365245492483,1.002580202513781
2003-12-03,2.887342858675693,1.0025844434712996
2003-12-04,2.8992279136984034,1.0025739842307897
2003-12-05,2.8789678955517606,1.0025922336437942
2003-12-08,2.8984168129089083,1.0025752413707913
2003-12-09,2.8759949776268825,1.002595454280281
2003-12-10,2.8757233800925435,1.002595835237566
2003-12-11,2.9081402121841657,1.002567033969506
2003-12-12,2.9138132257256766,1.002562168076066
2003-12-15,2.899223641666136,1.0025754615326266
2003-12-16,2.9143515849285566,1.0025622253818887
2003-12-17,2.923536804394193,1.0025543075943175
2003-12-18,2.956492920992785,1.0025259647475844
2003-12-19,2.9482418907027177,1.002533163756144
2003-12-22,2.9688684655382347,1.0025159488639808
2003-12-23,2.970767154307181,1.002514471055161
2003-12-24,2.967781925704599,1.0025171299507734
2003-12-26,2.9699520657025937,1.0025155497966853
2003-12-29,3.0095759859519053,1.0024828076648562
2003-12-30,3.0101208346925987,1.0024824868013058
2003-12-31,3.012833137937692,1.002480382410435
2004-01-02,3.0114756859488496,1.0024817628941312
2004-01-05,3.044315319848696,1.002455377025015
2004-01-06,3.047300715195341,1.0024530992174636
2004-01-07,3.057614027589924,1.002444952194484
2004-01-08,3.0698267310933067,1.00243535152973
2004-01-09,3.0429574253803735,1.002456980875725
2004-01-12,3.0654840212702688,1.00243929669305
2004-01-13,3.0475698700041622,1.00245376168671
2004-01-14,3.073082690529151,1.002433515156494
2004-01-15,3.080681433432169,1.0024276364034683
2004-01-16,3.092896024128445,1.0024181723042385
2004-01-20,3.092079302967093,1.0024193067146971
2004-01-21,3.1165063530011157,1.0024004679212417
2004-01-22,3.1083612965391714,1.0024068813403295
2004-01-23,3.0983203019005887,1.0024148045784333
2004-01-26,3.137403982950053,1.0023850910462484
2004-01-27,3.10510363447634,1.002410026364562
2004-01-28,3.069549116409965,1.0024380678841163
2004-01-29,3.0725332530603433,1.002435828083794
2004-01-30,3.072532859372876,1.002435956527147
2004-02-02,3.0858308629923212,1.002425837846327
2004-02-03,3.0806740867121043,1.0024300269696311
2004-02-04,3.0554316962022123,1.0024502314730648
2004-02-05,3.064388028682609,1.0024431986572693
2004-02-06,3.098858191855288,1.0024161488152696
2004-02-09,3.099670637228008,1.0024158947285997
2004-02-10,3.109712735857764,1.002408220486933
2004-02-11,3.142824040441403,1.0023829746144328
2004-02-12,3.131424492245499,1.0023917746791622
2004-02-13,3.1173113071034826,1.0024027288253061
2004-02-17,3.1455356474991634,1.0023816653655853
2004-02-18,3.1316946056776396,1.0023923180204615
2004-02-19,3.1200235348262035,1.002401393276793
2004-02-20,3.1105218058244306,1.0024088555324995
2004-02-23,3.102649665412043,1.002415348458293
2004-02-24,3.09722136412948,1.0024197109499797
2004-02-25,3.1102492427938313,1.00240970425485
2004-02-26,3.1121498011921003,1.0024083606720564
2004-02-27,3.114318744688585,1.0024068113045366
2004-03-01,3.1452617894077277,1.0023835131215906
2004-03-02,3.1268033277228,1.0023977118074348
2004-03-03,3.1325020350336805,1.002393477708384
2004-03-04,3.1406450535273236,1.0023873994736248
2004-03-05,3.1512298769858225,1.00237950678396
2004-03-08,3.1126868912898664,1.0024093532693592
2004-03-09,3.1002009389643774,1.0024191860938136
2004-03-10,3.048090245946129,1.00246067570923
2004-03-11,3.0084625962984886,1.0024932203864947
2004-03-12,3.0480894465712214,1.0024609386089656
2004-03-15,3.010632536105923,1.0024919537632735
2004-03-16,3.0266452581952805,1.0024789022990803
2004-03-17,3.060572375504011,1.002451553417202
2004-03-18,3.061385915128086,1.0024510308600032
2004-03-19,3.0173985789024544,1.002486892554462
2004-03-22,2.9789948075940313,1.002519349891094
2004-03-23,2.9738189026564474,1.0025238689350553
2004-03-24,2.9762703418093337,1.002521923465473
2004-03-25,3.0157623783476124,1.0024890292752393
2004-03-26,3.0165787396114045,1.002488486576313
2004-03-29,3.059065484198383,1.002454313753673
2004-03-30,3.069416722228627,1.0024461675549665
2004-03-31,3.0729554951518763,1.0024434804480982
2004-04-01,3.091478060830287,1.0024289687839432
2004-04-02,3.114898656973852,1.002410832432258
2004-04-05,3.132059377283132,1.0023980036881526
2004-04-06,3.12198074266864,1.0024058723284786
2004-04-07,3.114625466571142,1.0024116807183423
2004-04-08,3.1075445306606517,1.0024173038522712
2004-04-12,3.1197986813076724,1.0024083156364632
2004-04-13,3.075947102732124,1.0024427784298362
2004-04-14,3.0808503774652403,1.0024390196281199
2004-04-15,3.069138541903914,1.002448457059567
2004-04-16,3.092831910292354,1.0024298285512703
2004-04-19,3.092830724355495,1.0024302129300444
2004-04-20,3.040808758540106,1.002471920915137
2004-04-21,3.0612347826441813,1.0024555589283743
2004-04-22,3.1042700541781008,1.0024216482602926
2004-04-23,3.107266724238756,1.002419442056498
2004-04-26,3.102906136157755,1.0024232324661033
2004-04-27,3.105630338890576,1.0024212381871906
2004-04-28,3.065319177887692,1.0024532116170723
2004-04-29,3.0383542214664336,1.0024751164203205
2004-04-30,3.014657859221267,1.0024947050524171
2004-05-03,3.0470691673808528,1.0024685667868078
2004-05-04,3.044617861864546,1.002470688993746
2004-05-05,3.064226809830847,1.0024550121216431
2004-05-06,3.037808340989546,1.0024764959265335
2004-05-07,2.987419253788693,1.0025184038283224
2004-05-10,2.956639605716866,1.0025450500405755
2004-05-11,2.9816986988891245,1.0025238037968058
2004-05-12,3.0007624007305105,1.0025079103507606
2004-05-13,2.988233791952481,1.0025185645088674
2004-05-14,2.9895941213275496,1.0025175550693903
2004-05-17,2.9639915959543583,1.0025397124995288
2004-05-18,2.9789718285454985,1.0025270830762743
2004-05-19,2.96862102279487,1.0025360360867652
2004-05-20,2.9781523538280172,1.0025280596136985
2004-05-21,2.983328699391111,1.0025238121761237
2004-05-24,2.9958565883918062,1.0025136734574762
2004-05-25,3.038888707344375,1.0024782184965912
2004-05-26,3.0495098742324673,1.0024697264653009
2004-05-27,3.0666710471775835,1.0024560444174389
2004-05-28,3.0663956568839312,1.002456402274285
2004-06-01,3.0623089217208834,1.0024602356917016
2004-06-02,3.073748393651202,1.002451223889196
2004-06-03,3.045420778385079,1.0024741701886246
2004-06-04,3.0696609036151217,1.0024547770500545
2004-06-07,3.116508119948944,1.0024183101773236
2004-06-08,3.1208645282023966,1.0024150820057873
2004-06-09,3.0917210766128456,1.0024379975412498
2004-06-10,3.1069727878043345,1.0024261792892728
2004-06-14,3.0761956675108966,1.002451062633785
2004-06-15,3.0979817100407474,1.0024339859747486
2004-06-16,3.0974385033726084,1.0024345675651265
2004-06-17,3.0928055672075203,1.0024383667840946
2004-06-18,3.098657214772614,1.0024339120859387
2004-06-21,3.0868982881722378,1.0024436374208707
2004-06-22,3.1024801358697336,1.0024315190760442
2004-06-23,3.1292708288130404,1.0024108539672845
2004-06-24,3.1194282132665125,1.0024186112533156
2004-06-25,3.104394103488154,1.002430474701117
2004-06-28,3.0937300246640542,1.0024393095749626
2004-06-29,3.1065787878465456,1.0024293776946331
2004-06-30,3.123252979550844,1.00241656415189
2004-07-01,3.0797882215742356,1.002450823988837
2004-07-02,3.0781479837111263,1.0024522777472034
2004-07-06,3.0510840442052367,1.0024746455704838
2004-07-07,3.0601036244556994,1.002467508442388
2004-07-08,3.0387812718946927,1.0024849775356153
2004-07-09,3.0467072599119134,1.0024786656686597
2004-07-12,3.0480738122723907,1.0024780125786823
2004-07-13,3.050260545490209,1.0024763934839371
2004-07-14,3.040965035871105,1.002484121116872
2004-07-15,3.0212827712738917,1.0025004629443286
2004-07-16,3.0188210490496092,1.0025026610303513
2004-07-19,3.0059716114198696,1.0025138382576104
2004-07-20,3.0442426589488907,1.0024823937051754
2004-07-21,2.987929583639118,1.0025293411637652
2004-07-22,2.9961289563740667,1.0025225802485886
2004-07-23,2.9709808488553486,1.002544095923474
2004-07-26,2.9652392081324215,1.002549514442995
2004-07-27,2.9931197173768824,1.0025259342112016
2004-07-28,3.002141153335081,1.0025185121269455
2004-07-29,3.0149886469523723,1.0025079471793537
2004-07-30,3.0223690499362856,1.0025019888310414
2004-08-02,3.028654843499137,1.0024972927245674
2004-08-03,3.0051449218637454,1.0025170006112498
2004-08-04,3.0048713239444718,1.0025173994422198
2004-08-05,2.9556650988729736,1.0025594818647412
2004-08-06,2.920810121952368,0.0
2004-08-09,2.9211486158377338,0.0
2004-08-10,2.9212678627264355,0.0
2004-08-11,2.9213863141356637,0.0
2004-08-12,2.9214999680689804,0.0
2004-08-13,2.9216128260129524,0.0
2004-08-16,2.9219514129240216,0.0
2004-08-17,2.922069091515172,0.0
2004-08-18,2.9221859742788325,0.0
2004-08-19,2.922302861717804,0.0
2004-08-20,2.9224189532013516,0.0
2004-08-23,2.9227696434757355,0.0
2004-08-24,2.922891358814313,0.0
2004-08-25,2.9230130792215836,0.0
2004-08-26,2.923134804697759,0.0
2004-08-27,2.9232565352430506,0.0
2004-08-30,2.92362414476351,0.0
2004-08-31,2.9237515026372134,0.0
2004-09-01,2.9238772640032176,0.0
2004-09-02,2.9400357134849804,1.006526593896273
2004-09-03,2.927943022556447,1.0065540108088213
2004-09-07,2.9473889951982493,1.006512638840219
2004-09-08,2.9400274642091344,1.0065294180588433
2004-09-09,2.9373968393891268,1.0065357346727901
2004-09-10,2.952642143879353,1.0065024538115965
2004-09-13,2.9623635841423224,1.0064825160207054
2004-09-14,2.9684063576757835,1.006469787505405
2004-09-15,2.9457987569353694,1.0065199097962705
2004-09-16,2.9547363850349893,1.006500658211513
2004-09-17,2.967378052365918,1.006473432193935
2004-09-20,2.949425239167703,1.0065142698414324
2004-09-21,2.9623559982037104,1.0064863146625076
2004-09-22,2.9251375188299127,1.0065693284932677
2004-09-23,2.909300028286567,1.0066055752258074
2004-09-24,2.922759596195595,1.0065756405443387
2004-09-27,2.90401565373333,1.0066195516265224
2004-09-28,2.918002803407628,1.0065883124070822
2004-09-29,2.932783174659584,1.0065555923379554
2004-09-30,2.93067106429977,1.006560800385419
2004-10-01,2.9805560015543655,1.0064514673149176
2004-10-04,2.985564867020734,1.0064420571368136
2004-10-05,2.987148353905495,1.0064391167224227
2004-10-06,3.0077353223677594,1.006395512619953
2004-10-07,2.975267941915508,1.006465777867618
2004-10-08,2.9504567670883803,1.0065206272649856
2004-10-11,2.962592725440486,1.0064953412849877
2004-10-12,2.950977830975759,1.006521383617492
2004-10-13,2.9248458412217597,1.006580133729269
2004-10-14,2.9010877408063798,1.0066345098415186
2004-10-15,2.9174514967686065,1.0065977872244183
2004-10-18,2.9285348912379954,1.0065742865305347
2004-10-19,2.90372034091628,1.0066309739313812
2004-10-20,2.897912577950073,1.006644771071776
2004-10-21,2.916915788406175,1.0066019861243176
2004-10-22,2.8839207398084854,1.0066780337801624
2004-10-25,2.880484191532762,1.006687545168782
2004-10-26,2.924826835174381,1.006586674666832
2004-10-27,2.9601936750315865,1.0065084940424829
2004-10-28,2.9691673502513614,1.0064893355018445
2004-10-29,2.968636126836058,1.006491007086434
2004-11-01,2.9768141738643656,1.0064747016395037
2004-11-02,2.977870821636996,1.0064729290850447
2004-11-03,3.015613628802032,1.0063924300760683
2004-11-04,3.057051139715158,1.0063062868579598
2004-11-05,3.0763168622643877,1.0062672979230294
2004-11-08,3.0718251293506698,1.006278004652986
2004-11-09,3.065753432977243,1.0062909620991949
2004-11-10,3.068127826481433,1.0062866171405078
2004-11-11,3.0916172941380395,1.006239372345497
2004-11-12,3.116162862082405,1.006190741273866
2004-11-15,3.123863082842932,1.0061770243226156
2004-11-16,3.101358038580703,1.006222374704903
2004-11-17,3.1198886556298877,1.0061859421705714
2004-11-18,3.124121673947314,1.006178083525754
2004-11-19,3.0891746628702843,1.0062485034791024
2004-11-22,3.103995549476483,1.0062202527509083
2004-11-23,3.1087582384484245,1.0062112608764162
2004-11-24,3.1161700774143495,1.0061970221010859
2004-11-26,3.113784423857653,1.006202837048802
2004-11-29,3.099482708005531,1.0062330768170185
2004-11-30,3.1015998477609537,1.0062293682320198
2004-12-01,3.1370723401748064,1.006159467831121
2004-12-02,3.139717691174533,1.0061548143880392
2004-12-03,3.137597475552128,1.006159510062745
2004-12-06,3.136534832341698,1.0061632022671134
2004-12-07,3.1071459192628885,1.0062220457183368
2004-12-08,3.1254120731157995,1.0061862256042735
2004-12-09,3.1365297316608323,1.0061648385077464
2004-12-10,3.139704176295692,1.0061591453885566
2004-12-13,3.167231247464041,1.0061072258426558
2004-12-14,3.178346789573153,1.0060864024377218
2004-12-15,3.180729847086881,1.006082372270427
2004-12-16,3.1788740368089377,1.0060864516862638
2004-12-17,3.157540520057276,1.0061281045117374
2004-12-20,3.158334127032011,1.006128155907243
2004-12-21,3.182802731458138,1.0060815756187604
2004-12-22,3.190512723980993,1.0060674061696602
2004-12-23,3.1929072526480393,1.0060633791362121
2004-12-27,3.186248614155054,1.0060781479025407
2004-12-28,3.2038032455608407,1.0060453804288922
2004-12-29,3.20858911176183,1.0060368957855175
2004-12-30,3.2024696941469095,1.0060489599634401
2004-12-31,3.19555285502418,1.0060625812062536
2005-01-03,3.1803867357614,1.0060930836055204
2005-01-04,3.1412854561762065,1.0061694835622004
2005-01-05,3.1194728033460963,1.0062131848495377
2005-01-06,3.135429840141608,1.0061821214860842
2005-01-07,3.130906739602696,1.006191607209667
2005-01-10,3.1457963583240875,1.0061639625104497
2005-01-11,3.1239839900952195,1.0062075669841013
2005-01-12,3.1343554108354925,1.0061875875345034
2005-01-13,3.1090862362343996,1.0062384412763412
2005-01-14,3.125574476939646,1.006206094579555
2005-01-18,3.15828422260861,1.0061440538575066
2005-01-19,3.1250329098837044,1.0062100000906875
2005-01-20,3.105881442952114,1.0062488622044816
2005-01-21,3.0867296850090775,1.006288203754381
2005-01-24,3.0806066796923957,1.0063024163070067
2005-01-25,3.0893826260924633,1.0062850882371686
2005-01-26,3.098689777489164,1.0062667873293694
2005-01-27,3.104007679673422,1.0062566284481218
2005-01-28,3.104005870629111,1.0062572149041096
2005-01-31,3.123416937289489,1.0062200710914762
2005-02-01,3.143363414018246,1.0061811903813465
2005-02-02,3.1529364150757635,1.006163008794541
2005-02-03,3.1446907738750975,1.006179756161314
2005-02-04,3.1784681771496266,1.0061146604702518
2005-02-07,3.1742069419247954,1.0061245952827234
2005-02-08,3.1779278197720333,1.0061180075486114
2005-02-09,3.1539886947944935,1.0061650316396273
2005-02-10,3.1654215527178384,1.0061433487844165
2005-02-11,3.1928189224901926,1.0060912121387222
2005-02-14,3.1904171285197847,1.0060975512804171
2005-02-15,3.202385680988556,1.0060753532086657
2005-02-16,3.2045122697386983,1.0060719119615973
2005-02-17,3.1784440327049652,1.0061223032286248
2005-02-18,3.182697906821954,1.0061147116996028
2005-02-22,3.1350798721864797,1.0062100085120784
2005-02-23,3.1576853588364204,1.0061661649908313
2005-02-24,3.1786965949286294,1.0061260157244136
2005-02-25,3.2103466127258877,1.0060662257421078
2005-02-28,3.1890601169824615,1.0061085689768015
2005-03-01,3.205019327257613,1.0060787711791543
2005-03-02,3.203420690069568,1.0060824212448722
2005-03-03,3.2047494784572255,1.0060805122717522
2005-03-04,3.2449091661023317,1.006005867307766
2005-03-07,3.246498695767887,1.0060047523014999
2005-03-08,3.234263676682415,1.0060280805623436
2005-03-09,3.1980865677106074,1.006096888854532
2005-03-10,3.205265953435426,1.006083849259855
2005-03-11,3.1826568606449124,1.0061276873876488
2005-03-14,3.2025989573462144,1.006091383094932
2005-03-15,3.1759990805379634,1.0061430311932948
2005-03-16,3.1488676862405494,1.006196597585156
2005-03-17,3.1552493210225747,1.0061846983404896
2005-03-18,3.145820206048107,1.0062038699476703
2005-03-21,3.1340650358872746,1.0062290585865243
2005-03-22,3.102020319701811,1.0062940616650746
2005-03-23,3.104685806393614,1.0062893178605314
2005-03-24,3.1084243085256036,1.006282402525214
2005-03-28,3.1129559735024195,1.0062758556346882
2005-03-29,3.092125280969747,1.0063187901821748
2005-03-30,3.1361834173967713,1.0062306669301562
2005-03-31,3.1303060679534536,1.0062430101643933
2005-04-01,3.1161529884844215,1.0062720058220278
2005-04-04,3.1214862721469645,1.006263214352545
2005-04-05,3.136437596333053,1.0062339981706383
2005-04-06,3.1473846077138536,1.0062129520670327
2005-04-07,3.1644710665872298,1.0061800335323556
2005-04-08,3.1313582352522538,1.0062460196616776
2005-04-11,3.1337571814437784,1.0062431516336119
2005-04-12,3.15004229333715,1.006211507039459
2005-04-13,3.1126568217723367,1.0062867510988986
2005-04-14,3.0717997499098475,1.0063710185124675
2005-04-15,3.0285395443984124,1.0064626818861353
2005-04-18,3.0378792639014507,1.0064447880894352
2005-04-19,3.0621750455831163,1.006394328519388
2005-04-20,3.01918218611413,1.0064860672076765
2005-04-21,3.0401428256546916,0.0
2005-04-22,3.040377707922318,0.0
2005-04-25,3.0410949038693103,0.0
2005-04-26,3.0413348587548756,0.0
2005-04-27,3.0415731660890137,0.0
2005-04-28,3.04180899217285,0.0
2005-04-29,3.042044003168958,0.0
2005-05-02,3.042754091248602,0.0
2005-05-03,3.04299417705087,0.0
2005-05-04,3.0432317807057903,0.0
2005-05-05,3.0434660678647982,0.0
2005-05-06,3.043695370102788,0.0
2005-05-09,3.048941242263122,1.0037057663203222
2005-05-10,3.0172528714258635,1.0037450817422762
2005-05-11,3.033875184573828,1.0037249546405584
2005-05-12,3.0003674695798317,1.0037669476175262
2005-05-13,2.9943920782378446,1.0037748596907548
2005-05-16,3.0224411477955377,1.0037409837345888
2005-05-17,3.0426992464148146,1.0037164674537415
2005-05-18,3.074127760253244,1.0036788569246042
2005-05-19,3.0871116592889356,1.0036637656328338
2005-05-20,3.0826952183622907,1.0036693975324176
2005-05-23,3.0998348088693457,1.0036502574380903
2005-05-24,3.0925602647883865,1.003659235785207
2005-05-25,3.090220639572469,1.0036623954915966
2005-05-26,3.106842055581708,1.0036431901313587
2005-05-27,3.112037346301209,1.0036374947542708
2005-05-31,3.092032751428826,1.003662593050595
2005-06-01,3.1185254399216427,1.0036318693713357
2005-06-02,3.125275856411526,1.0036244129593719
2005-06-03,3.1094294421052546,1.0036432740935584
2005-06-06,3.106570927687929,1.0036478073634691
2005-06-07,3.1089063609559937,1.0036454625686286
2005-06-08,3.1031922138563433,1.0036525714759437
2005-06-09,3.117994833440077,1.0036356253618495
2005-06-10,3.110722040469063,1.0036445177335744
2005-06-13,3.1205893615291647,1.003634170240834
2005-06-14,3.1278597004529605,1.0036261174025705
2005-06-15,3.133831801743678,1.0036195988268277
2005-06-16,3.141882503579367,1.0036107137506574
2005-06-17,3.1535660682608677,1.0035977218699637
2005-06-20,3.1546049373840757,1.003597695849012
2005-06-21,3.1564286373087493,1.0035960072965495
2005-06-22,3.1590359167707183,1.0035934291871857
2005-06-23,3.1144389694472148,1.0036452814383698
2005-06-24,3.091488987578106,1.003672745003132
2005-06-27,3.0959186781740686,1.0036687017589674
2005-06-28,3.121994010213974,1.0036384679091912
2005-06-29,3.1136493178539664,1.0036486269352192
2005-06-30,3.096697865199436,1.0036690077394077
2005-07-01,3.1058238969304575,1.0036586337853513
2005-07-05,3.1308549242808983,1.00363101392916
2005-07-06,3.104513976465359,1.0036622384285205
2005-07-07,3.1167693219884174,1.0036482500179624
2005-07-08,3.152497172506347,1.0036073068887437
2005-07-11,3.168660536119081,1.003590115398611
2005-07-12,3.177004137823305,1.0035810920213333
2005-07-13,3.181435116515999,1.0035765100345166
2005-07-14,3.1939529156741084,1.0035628979610085
2005-07-15,3.192126100938148,1.0035653432690907
2005-07-18,3.1793426867758567,1.0035809085441423
2005-07-19,3.1968144315665024,1.0035617503112604
2005-07-20,3.2077676817207856,1.0035500006870304
2005-07-21,3.1889886024715386,1.0035713195011577
2005-07-22,3.2103714877916,1.0035479475111369
2005-07-25,3.201241046433565,1.003559324322234
2005-07-26,3.2051502492024677,1.0035554087705065
2005-07-27,3.216885867451304,1.0035428613281756
2005-07-28,3.2372253287238175,1.0035210192077682
2005-07-29,3.215578761153326,1.0035451424439608
2005-08-01,3.2132268882912256,1.0035490027790168
2005-08-02,3.2325232126547374,1.0035282434893562
2005-08-03,3.2411286010427274,1.0035193009512577
2005-08-04,3.215048867968183,1.0035482744487314
2005-08-05,3.1931395232580018,1.0035730502024944
2005-08-08,3.187138570483641,1.0035810841486057
2005-08-09,3.2064360479416685,1.003559967825812
2005-08-10,3.2048698461056477,1.0035621408217992
2005-08-11,3.217647084834229,1.0035484262222332
2005-08-12,3.197826001457676,1.0035708537722294
2005-08-15,3.217641531942131,1.0035501581106587
2005-08-16,3.175652931293079,1.0035975389540266
2005-08-17,3.1753914173566624,1.0035982748604262
2005-08-18,3.175128149975264,1.0035990109574828
2005-08-19,3.1824288372084713,1.0035911894309033
2005-08-22,3.1824246665140055,1.003592504677188
2005-08-23,3.176425893818496,1.0035997290303293
2005-08-24,3.147999498920121,1.0036326783662801
2005-08-25,3.1594720336765447,1.0036199288256593
2005-08-26,3.137824247753143,1.0036453480184444
2005-08-29,3.1620743581080895,1.0036187206773979
2005-08-30,3.145382885737307,1.0036383695128182
2005-08-31,3.1852818803383856,1.003593234130694
2005-09-01,3.182932388358425,1.0035963239056753
2005-09-02,3.177193164211778,1.0036032545525737
2005-09-06,3.2144807241360107,1.003563166766098
2005-09-07,3.2199550012307645,1.0035575426662457
2005-09-08,3.2092632679029944,1.0035698259613974
2005-09-09,3.2379475890322027,1.003538628119995
2005-09-12,3.231423185039482,1.0035470580072219
2005-09-13,3.213428490652571,1.0035673548684028
2005-09-14,3.201690715791213,1.0035808648249367
2005-09-15,3.200126002420228,1.003583042671223
2005-09-16,3.2229619300944496,1.003558081376644
2005-09-19,3.2122193208118275,1.003571277580657
2005-09-20,3.1849811783865265,1.0036022643988767
2005-09-21,3.1551227852036456,1.0036368066036472
2005-09-22,3.166384205575464,1.003624302993311
2005-09-23,3.169000427168752,1.0036217464384745
2005-09-26,3.1726637343140083,1.003618872869201
2005-09-27,3.17187640565534,1.0036202134583798
2005-09-28,3.175017544974771,1.003617069832755
2005-09-29,3.200943794496351,1.0035882046594313
2005-09-30,3.2108943220749926,1.003577521941472
2005-10-03,3.1993666125568057,1.00359173129853
2005-10-04,3.1632237439362023,1.003633222134323
2005-10-05,3.121579685220369,1.0036821508121887
2005-10-06,3.110317829437604,1.0036959387714717
2005-10-07,3.1210545558830867,1.0036836805026546
2005-10-10,3.094598586772007,1.003716558899046
2005-10-11,3.0901452389202637,1.0037223779449553
2005-10-12,3.0657853548629146,1.0037524329212468
2005-10-13,3.063952515844694,1.0037551528549429
2005-10-14,3.0964250283595445,1.0037162465964171
2005-10-17,3.0952423517193037,0.0
2005-10-18,3.0955629001053175,0.0
2005-10-19,3.095882633588424,0.0
2005-10-20,3.0962024000960575,0.0
2005-10-21,3.096521351356999,0.0
2005-10-24,3.0974808487949126,0.0
2005-10-25,3.097806720752704,0.0
2005-10-26,3.098132626994011,0.0
2005-10-27,3.098456021112062,0.0
2005-10-28,3.0987777512030217,0.0
2005-10-31,3.0997532294594965,0.0
2005-11-01,3.1000835867214858,0.0
2005-11-02,3.100412280515475,0.0
2005-11-03,3.1007393103039673,0.0
2005-11-04,3.092959019349419,1.000245730495142
2005-11-07,3.095999031552046,1.0002455876730532
2005-11-08,3.0959989301040483,1.0002456204485526
2005-11-09,3.100051922762427,1.000245332054563
2005-11-10,3.1241201698701544,1.000243474695683
2005-11-11,3.134762454455305,1.0002426805589828
2005-11-14,3.1329870943846143,1.0002429154713548
2005-11-15,3.1215871501883075,1.0002438355215397
2005-11-16,3.1279207341096344,1.000243374591262
2005-11-17,3.1570571216318934,1.0002411609310389
2005-11-18,3.169470204859926,1.0002402488152837
2005-11-21,3.185431207458196,1.0002391414878622
2005-11-22,3.1991126735519413,1.0002381507967142
2005-11-23,3.2176072435524925,1.0002368133213662
2005-11-25,3.2201404017700908,1.0002366900437119
2005-11-28,3.1973375776025104,1.0002384732942287
2005-11-29,3.1937921883218157,1.0002387700048427
2005-11-30,3.1765638120048574,1.0002400971573293
2005-12-01,3.2089927187781013,1.0002377024693023
2005-12-02,3.2130462782967495,1.0002374343257225
2005-12-05,3.206205328613536,1.0002380367579347
2005-12-06,3.2122852918282376,1.0002376184411101
2005-12-07,3.1935368974814455,1.0002390458490817
2005-12-08,3.1915112400195134,1.0002392299454665
2005-12-09,3.199870946611536,1.0002386366590055
2005-12-12,3.202910108191081,1.0002385052601266
2005-12-13,3.2246988986750362,1.0002369250649166
2005-12-14,3.2373675890709372,1.0002360291427053
2005-12-15,3.2279926337323417,1.0002367458290136
2005-12-16,3.2176000779337706,1.0002375419910654
2005-12-19,3.201044414916341,1.0002388655328376
2005-12-20,3.204101367299917,1.0002386696081564
2005-12-21,3.209196072735957,1.0002383225713622
2005-12-22,3.226005516213917,1.0002371125936391
2005-12-23,3.2277875609497584,1.0002370134340617
2005-12-27,3.1949334563033944,1.0002395792697445
2005-12-28,3.2020622260969374,1.0002390779841126
2005-12-29,3.1878006908685137,1.0002401796092424
2005-12-30,3.170479262845474,1.0002415243455343
2006-01-03,3.2262587469486514,1.0002374783728811
2006-01-04,3.2415413614134336,1.0002363915853554
2006-01-05,3.2435778726475255,1.0002362761092436
2006-01-06,3.2705757923095633,1.0002343584407392
2006-01-09,3.2789806683680722,1.000233856089775
2006-01-10,3.2822912350103133,1.0002336531179714
2006-01-11,3.292733793739612,1.0002329452298833
2006-01-12,3.2797440383833574,1.0002339011509973
2006-01-13,3.276687157541873,1.0002341528438965
2006-01-17,3.2677731448087584,1.0002349261499586
2006-01-18,3.2547836713671154,1.0002358978331107
2006-01-19,3.2672622794196586,1.0002350306728136
2006-01-20,3.2076654866452974,1.0002394318570136
2006-01-23,3.219125706528887,1.0002386824184326
2006-01-24,3.2224362700072966,1.0002384717002646
2006-01-25,3.225236472838452,1.0002382992525842
2006-01-26,3.2430657763165107,1.0002370237040572
2006-01-27,3.2731207454239297,1.0002348816258375
2006-01-30,3.2705731460026315,1.000235167756721
2006-01-31,3.2466320607108154,1.0002369368329092
2006-02-01,3.2692999976912134,1.0002353286308185
2006-02-02,3.2313505319127516,1.0002381273945211
2006-02-03,3.215302866729348,1.0002393511038483
2006-02-06,3.2237080093612644,1.00023883241296
2006-02-07,3.195181909102336,1.0002410001901105
2006-02-08,3.2242175749916013,1.000238865133104
2006-02-09,3.2188687498775628,1.0002392974552639
2006-02-10,3.2247274234018226,1.0002388981045156
2006-02-13,3.2188682925201806,1.0002394395756566
2006-02-14,3.2529970625732827,1.0002369628757737
2006-02-15,3.264458349836809,1.000236166173426
2006-02-16,3.28890843230243,1.0002344454266774
2006-02-17,3.2799955954687854,1.0002351175296784
2006-02-21,3.271845259898732,1.0002358434791512
2006-02-22,3.2917106106796568,1.0002344552392384
2006-02-23,3.28687129319636,1.0002348355553157
2006-02-24,3.2952772269957116,1.0002342716800692
2006-02-27,3.2965489493443787,1.000234286974487
2006-02-28,3.2652211131080375,1.000236570524385
2006-03-01,3.2942567761010073,1.0002345207834242
2006-03-02,3.294000770565069,1.0002345742873175
2006-03-03,3.278719068008391,1.0002357031205082
2006-03-06,3.2636924544848167,1.0002368953803944
2006-03-07,3.2585983815889272,1.0002373013994756
2006-03-08,3.2654746527918532,1.0002368373197734
2006-03-09,3.2435707504407527,1.0002384724200781
2006-03-10,3.2743882774353934,1.0002362634581754
2006-03-13,3.280503172124953,1.0002359296653858
2006-03-14,3.31488584412881,1.0002335177370845
2006-03-15,3.329657804897399,1.0002325166443864
2006-03-16,3.3365346429182003,1.0002320724389617
2006-03-17,3.339320372412058,1.000231913780024
2006-03-20,3.33395230257789,1.000232392577875
2006-03-21,3.312982876658013,1.0002338990598045
2006-03-22,3.333183831135403,1.0002325169782624
2006-03-23,3.326280658394465,1.0002330350870745
2006-03-24,3.328836880638103,1.0002328915457352
2006-03-27,3.3239777509107125,1.0002333381967718
2006-03-28,3.303520671762839,1.000234818588096
2006-03-29,3.3242334056299065,1.0002333908283003
2006-03-30,3.3183518055319947,1.000233839795862
2006-03-31,3.3191185055310126,1.0002338210080168
2006-04-03,3.3165618133173385,1.000234107423489
2006-04-04,3.337786325317734,1.0002326541382343
2006-04-05,3.3492921488841683,1.0002318902196274
2006-04-06,3.345711849658833,1.000232173666775
2006-04-07,3.3117019964416774,1.0002345937272814
2006-04-10,3.3168163068206127,1.0002343392326745
2006-04-11,3.2886882197735257,1.0002363796630434
2006-04-12,3.2948240547849004,1.0002359755311558
2006-04-13,3.290478356324732,1.0002363233042437
2006-04-17,3.2891992852164953,1.0002365597728162
2006-04-18,3.341364277038608,1.0002329024203427
2006-04-19,3.347757135379955,1.0002324933996063
2006-04-20,3.3523599031383036,1.0002322098725758
2006-04-21,3.3528695763194305,1.0002322102590264
2006-04-24,3.3467338295714226,1.0002327436324676
2006-04-25,3.3329230612127123,1.0002337441743874
2006-04-26,3.333691175573141,1.0002337266195223
2006-04-27,3.349801018542941,1.000232638715924
2006-04-28,3.3610512339147602,1.0002318959745524
2006-05-01,3.333690571743564,1.0002339077913183
2006-05-02,3.35875029941961,1.000232198854431
2006-05-03,3.3462209623439776,1.000233104615397
2006-05-04,3.358239412128565,1.0002323066541696
2006-05-05,3.387901176488716,1.0002303085963569
2006-05-08,3.383810269601626,1.0002306950597455
2006-05-09,3.390457879145839,1.000230279011224
2006-05-10,3.3886685164454224,1.0002304369675543
2006-05-11,3.347754469092027,1.0002332900254787
2006-05-12,3.3040262077255256,1.0002364144956213
2006-05-15,3.310674991467455,1.000236050631575
2006-05-16,3.3058169429242596,1.0002364346946664
2006-05-17,3.2429111658489966,1.0002410587442268
2006-05-18,3.2265454739061203,1.0002423193450969
2006-05-19,3.2493038991955374,1.0002406597605016
2006-05-22,3.2245001401102984,1.000242624597584
2006-05-23,3.199951946937905,1.0002445241210929
2006-05-24,3.2255231687395653,1.000242623605042
2006-05-25,3.265413129630344,1.000239697165613
2006-05-26,3.282035317454729,1.0002385204385313
2006-05-30,3.223731491939915,1.0002429864966023
2006-05-31,3.2597873676621436,1.0002403365278947
2006-06-01,3.29098248037894,1.0002380958231227
2006-06-02,3.2978879654886546,1.000237634440898
2006-06-05,3.2498127452130112,1.0002412626001518
2006-06-06,3.241886010325354,1.0002418904788222
2006-06-07,3.217593705553537,1.0002437550392227
2006-06-08,3.214780501700301,1.0002440067119525
2006-06-09,3.2045521810007473,1.00024482402998
2006-06-12,3.169776960550774,1.0002476269372054
2006-06-13,3.1481670512852817,0.0
2006-06-14,3.148578469280751,0.0
2006-06-15,3.1489899410423527,0.0
2006-06-16,3.149397152892263,0.0
2006-06-19,3.1506267120546934,0.0
2006-06-20,3.1510419042323643,0.0
2006-06-21,3.1514562878252494,0.0
2006-06-22,3.1518698624997334,0.0
2006-06-23,3.152283491448812,0.0
2006-06-26,3.1535374957308897,0.0
2006-06-27,3.1539617113227814,0.0
2006-06-28,3.1543868480794854,0.0
2006-06-29,3.154808585279996,0.0
2006-06-30,3.1552303788661926,0.0
2006-07-03,3.1564933354644182,0.0
2006-07-05,3.1573512098175085,0.0
2006-07-06,3.1577733433491226,0.0
2006-07-07,3.1581946681760296,0.0
2006-07-10,3.159464002854992,0.0
2006-07-11,3.16987385339948,1.0031493702791208
2006-07-12,3.135930707586982,1.0031839752250018
2006-07-13,3.084765800453904,1.0032373115180384
2006-07-14,3.0717871022237775,0.0
2006-07-17,3.073031807189309,0.0
2006-07-18,3.073451086597523,0.0
2006-07-19,3.0738721072943167,0.0
2006-07-20,3.0742915013516954,0.0
2006-07-21,3.0747084258155772,0.0
2006-07-24,3.075961895990266,0.0
2006-07-25,3.0763807324456924,0.0
2006-07-26,3.0768021544638358,0.0
2006-07-27,3.077221948292034,0.0
2006-07-28,3.077640956321705,0.0
2006-07-31,3.0788905628689025,0.0
2006-08-01,3.075924453687644,1.0001572363022304
2006-08-02,3.096719229841223,1.0001562060756057
2006-08-03,3.1049414721205393,1.0001558179056091
2006-08-04,3.09962054876237,1.0001561109607386
2006-08-07,3.0923672862062457,1.000156553777163
2006-08-08,3.0805169035645696,1.0001571818117592
2006-08-09,3.070118728862381,1.0001577399662929
2006-08-10,3.079550387746276,1.0001572824521388
2006-08-11,3.070845610175571,1.0001577538753337
2006-08-14,3.073262603674645,1.000157706766353
2006-08-15,3.1100185764542396,1.0001558684731824
2006-08-16,3.135893007978779,1.0001546076772974
2006-08-17,3.1438732603772324,1.0001542403257597
2006-08-18,3.1598341108944457,1.0001534862904078
2006-08-21,3.1462915087162857,1.0001542225799873
2006-08-22,3.146048904925655,1.0001542597417767
2006-08-23,3.137344126536149,1.0001547130470874
2006-08-24,3.134683224585603,1.000154869660723
2006-08-25,3.138552048818403,1.0001547040134249
2006-08-28,3.153545046570218,1.0001540441758718
2006-08-29,3.1571718805196864,1.0001538923828015
2006-08-30,3.159106386750632,1.0001538231745326
2006-08-31,3.1586212593489336,1.0001538717526655
2006-09-01,3.177484121716705,1.0001529831147633
2006-09-05,3.18352928685062,1.0001527911769297
2006-09-06,3.1554781224139585,1.0001541742309337
2006-09-07,3.1409687883703747,1.0001549112023969
2006-09-08,3.149917002212354,1.0001544958494957
2006-09-11,3.153060771818326,1.0001544153855442
2006-09-12,3.1840129907355204,1.0001529386333978
2006-09-13,3.196829040430679,1.0001523496259137
2006-09-14,3.1970709532704666,1.0001523622634843
2006-09-15,3.20457630800883,1.0001520296573705
2006-09-18,3.208947655064755,1.0001518953069959
2006-09-19,3.200931187916683,1.0001522999968921
2006-09-20,3.2179339862093412,1.0001515194361434
2006-09-21,3.2023907189814365,1.000152279093311
2006-09-22,3.1926749795639404,1.000152766728639
2006-09-25,3.217205758755532,1.0001516741725214
2006-09-26,3.2439220830586146,1.000150448751234
2006-09-27,3.2478074695736896,1.0001502924814443
2006-09-28,3.2465947710801455,1.000150372346348
2006-09-29,3.243921852103827,1.000150519958108
2006-10-02,3.2317769761913104,1.0001511572573296
2006-10-03,3.2385771948001287,1.0001508636678953
2006-10-04,3.2764669975277863,1.0001491426603621
2006-10-05,3.2827818998938585,1.0001488794168318
2006-10-06,3.278651964591466,1.000149090680134
2006-10-09,3.2805956644668948,1.000149073622508
2006-10-10,3.2849668998965846,1.0001488989918814
2006-10-11,3.281081624798845,1.0001490992843962
2006-10-12,3.309498822380388,1.000147842888551
2006-10-13,3.3179996467066255,1.0001474880680712
2006-10-16,3.323099630367883,1.000147333371048
2006-10-17,3.3126547128994464,1.0001478220519555
2006-10-18,3.31702674764166,1.0001476513195722
2006-10-19,3.322370482125474,1.0001474379065496
2006-10-20,3.323099310370503,1.0001474296800945
2006-10-23,3.338400269892716,1.000146825851908
2006-10-24,3.3483583758053728,1.0001464132118305
2006-10-25,3.3597729628135444,1.0001459397696295
2006-10-26,3.3702166514798644,1.0001455114047153
2006-10-27,3.3490865084403603,1.0001464534995055
2006-10-30,3.346657552171243,1.0001466318285066
2006-10-31,3.3461713549326397,1.0001466771208751
2006-11-01,3.3235839298303174,1.0001476980268555
2006-11-02,3.3216412517259384,1.000147808459162
2006-11-03,3.3158109732982144,1.0001480924513018
2006-11-06,3.35321449587598,1.0001465122858224
2006-11-07,3.3660874341747635,1.0001459758106057
2006-11-08,3.3733743009433663,1.0001456842311403
2006-11-09,3.3556429703654564,1.000146477985791
2006-11-10,3.3571001726397696,1.0001464383123784
2006-11-13,3.3653591122324356,1.000146150616336
2006-11-14,3.390619486179243,1.0001450854698908
2006-11-15,3.4003345337190987,1.000144694571236
2006-11-16,3.4090770801994643,1.000144347069602
2006-11-17,3.4100492337963213,1.0001443294818073
2006-11-20,3.411993193501159,1.0001443179124687
2006-11-21,3.415392192691929,1.0001441977896288
2006-11-22,3.422191874048603,1.0001439346977155
2006-11-24,3.4083475301862016,1.000144566224794
2006-11-27,3.361471191240803,1.000146653430419
2006-11-28,3.376044203729617,1.0001460440703933
2006-11-29,3.4112627645087588,1.0001445596851248
2006-11-30,3.412719165905087,1.0001445213900826
2006-12-01,3.405189347922327,1.0001448643796045
2006-12-04,3.4311768687510686,1.000143836903015
2006-12-05,3.4459929401774256,1.0001432415471236
2006-12-06,3.4430798984433966,1.0001433857542255
2006-12-07,3.428021143957911,1.0001440387465692
2006-12-08,3.4343352435443717,1.0001437969714386
2006-12-11,3.4442921244620344,1.000143450101105
2006-12-12,3.44162107342695,1.000143584284934
2006-12-13,3.445264201103946,1.0001434552858253
2006-12-14,3.4756245312330174,1.0001422248473824
2006-12-15,3.475940962505167,1.000142234614927
2006-12-18,3.466415772593474,1.000142693328372
2006-12-19,3.47301032427728,1.0001424451698744
2006-12-20,3.4710566959187252,1.000142548146899
2006-12-21,3.458356143048228,1.0001430945357122
2006-12-22,3.4371079443298442,1.0001440021826873
2006-12-26,3.457378704315803,1.0001432498265204
2006-12-27,3.480092573850982,1.0001423377508476
2006-12-28,3.472766551394431,1.0001426608825703
2006-12-29,3.4583555072979903,1.0001432783922326
2007-01-03,3.4522484633279378,1.0001436476609675
2007-01-04,3.4595772640305285,1.0001433666055388
2007-01-05,3.4319780260388284,1.0001445429296005
2007-01-08,3.4478529761480186,1.0001439474177627
2007-01-09,3.4449217701444685,1.0001440933847314
2007-01-10,3.4563993917705895,1.0001436383068514
2007-01-11,3.4715434570441395,1.000143035059256
2007-01-12,3.497920296408975,1.0001419797293751
2007-01-16,3.491082282719689,1.0001423507421214
2007-01-17,3.492546428363198,1.0001423143781742
2007-01-18,3.480823181887244,1.0001428171200262
2007-01-19,3.48766319349264,1.000142560418515
2007-01-22,3.47691548919436,1.0001430717342925
2007-01-23,3.4871732768771166,1.000142674327271
2007-01-24,3.515259270903756,1.0001415577017474
2007-01-25,3.473982783116226,1.0001432631805462
2007-01-26,3.470808517581608,1.0001434178143762
2007-01-29,3.468855524190474,1.0001435693261653
2007-01-30,3.4869280426546343,1.0001428487330484
2007-01-31,3.51037348929692,1.0001419179852598
2007-02-01,3.5313795369805185,1.000141096952296
2007-02-02,3.5362633280846008,1.0001409252509552
2007-02-05,3.5372401236133806,1.0001409559289678
2007-02-06,3.5382165488843156,1.0001409402716697
2007-02-07,3.546031197785384,1.0001406528269958
2007-02-08,3.5413935061674398,1.0001408602497408
2007-02-09,3.5150146333575987,1.000141940798862
2007-02-12,3.5030460263205567,1.0001424962293313
2007-02-13,3.532599986091054,1.0001413274795925
2007-02-14,3.5558013052576816,1.0001404285248197
2007-02-15,3.5604423045223768,1.0001402686086058
2007-02-16,3.5587306629096807,1.0001403592578446
2007-02-20,3.5663028060976685,1.0001401539494434
2007-02-21,3.5648382290887044,1.000140234770789
2007-02-22,3.5621500797521515,1.0001403638213724
2007-02-23,3.548230758471749,1.0001409378103485
2007-02-26,3.5450541894384036,1.0001411342441693
2007-02-27,3.406571934023256,1.000146895907213
2007-02-28,3.441498288134634,1.0001454289832954
2007-03-01,3.4312395349777915,1.0001458878058482
2007-03-02,3.3863011435594506,1.000147848130553
2007-03-05,3.3540630620542613,1.000149342561925
2007-03-06,3.4114563005986263,1.0001468540866842
2007-03-07,3.408037106628435,1.0001470255458689
2007-03-08,3.4368557483475186,1.0001458165568264
2007-03-09,3.4378351122277078,1.0001457987802098
2007-03-12,3.4429634007742926,1.000145652928205
2007-03-13,3.376042372811781,1.0001485643634658
2007-03-14,3.4011985775247258,1.0001474895388747
2007-03-15,3.405839577783568,1.0001473124498212
2007-03-16,3.396299851565725,1.0001477501491776
2007-03-19,3.4372485529988053,1.0001460607641424
2007-03-20,3.4561303765339306,1.0001452863928617
2007-03-21,3.5130155966177408,1.0001429569960636
2007-03-22,3.510318100286602,1.0001430900161283
2007-03-23,3.5154681877770773,1.0001429035662677
2007-03-26,3.5108103008592457,1.0001431630211166
2007-03-27,3.5024733130871715,1.000143527108574
2007-03-28,3.476969985765878,1.000144603358975
2007-03-29,3.4806483673912294,1.0001444739694885
2007-03-30,3.481385474347755,1.0001444667682522
2007-04-02,3.4853080875999787,1.000144374152732
2007-04-03,3.522824484282898,1.0001428597648183
2007-04-04,3.526746725745927,1.0001427239903566
2007-04-05,3.536309259449031,1.0001423611364828
2007-04-09,3.5412144418289717,1.0001422558618724
2007-04-10,3.545381878754107,1.000142111575331
2007-04-11,3.530915009705875,1.000142716861526
2007-04-12,3.546608760708731,1.0001421083063418
2007-04-13,3.5627921010751744,1.000141485632831
2007-04-16,3.5966288040543866,1.0001402222859443
2007-04-17,3.606191605249094,1.000139872977618
2007-04-18,3.6106055730970765,1.0001397244499455
2007-04-19,3.6096252452359656,1.0001397848358775
2007-04-20,3.6437075733255635,1.000138499517842
2007-04-23,3.6299747932436603,1.000139090329393
2007-04-24,3.631446952302349,1.0001390562268273
2007-04-25,3.6647947630588487,1.0001378129308225
2007-04-26,3.6689635360910144,1.0001376783314408
2007-04-27,3.6660195097801584,1.0001378108658494
2007-04-30,3.635614788540316,1.0001390297407278
2007-05-01,3.6449345323118654,1.000138696253093
2007-05-02,3.666266440605554,1.0001379110189517
2007-05-03,3.686127711351442,1.000137189622677
2007-05-04,3.700105364247546,1.0001366929380233
2007-05-07,3.700839375109028,1.0001367305278213
2007-05-08,3.695934588521045,1.0001369336229875
2007-05-09,3.705987514527611,1.0001365837251004
2007-05-10,3.667246583025367,1.0001380483068354
2007-05-11,3.698631764591969,1.000136898369236
2007-05-14,3.6905406165712944,1.0001372631203298
2007-05-15,3.69152024971776,1.0001372482369906
2007-05-16,3.716776618397504,1.0001363368906786
2007-05-17,3.7094198811268573,1.0001366283157092
2007-05-18,3.7417866456531463,1.0001354675471545
2007-05-21,3.739824846056794,1.0001356021082641
2007-05-22,3.7368824228454804,1.0001357302974134
2007-05-23,3.737373534209084,1.000135733989795
2007-05-24,3.7035349048356108,1.000136995823581
2007-05-25,3.718982393434084,1.000136448352463
2007-05-29,3.7324670119656305,1.000136041063777
2007-05-30,3.762873548594723,1.0001349630558531
2007-05-31,3.7589514132935276,1.000135125013364
2007-06-01,3.777585641325044,1.0001344790924482
2007-06-04,3.778074727139167,1.000134524235942
2007-06-05,3.7631182710659177,1.0001350799178474
2007-06-06,3.7226596374410015,1.0001365693182203
2007-06-07,3.6554733848292353,1.000139101016859
2007-06-08,3.7030419885800008,1.0001373354812195
2007-06-11,3.709417898115524,1.0001371629770284
2007-06-12,3.668959800005163,1.0001386967673005
2007-06-13,3.723884796960539,1.0001366720039941
2007-06-14,3.7476705302554763,1.0001358251487869
2007-06-15,3.768996832303568,1.0001350770275972
2007-06-18,3.7645638593146793,1.0001352964439905
2007-06-19,3.7739191303117328,1.0001349814275204
2007-06-20,3.7214659633275877,1.0001369046596058
2007-06-21,3.742152833260506,1.000136168767272
2007-06-22,3.7069381213452557,1.0001374833035999
2007-06-25,3.689206369895948,1.0001382075720764
2007-06-26,3.651281153477723,1.0001396648788892
2007-06-27,3.7032435062976443,1.0001377266270592
2007-06-28,3.702750365983945,1.000137766254218
2007-06-29,3.7039818725288263,1.0001377417300856
2007-07-02,3.737473491309882,1.0001365711504595
2007-07-03,3.751018178135873,1.000136099661402
2007-07-05,3.747076728755797,1.0001362861947227
2007-07-06,3.766775870118797,1.0001355950379176
2007-07-09,3.7697326597457175,1.0001355533844427
2007-07-10,3.716047902812973,1.0001375336523755
2007-07-11,3.7423980324539077,1.0001365870196166
2007-07-12,3.801499892597502,1.0001344849069738
2007-07-13,3.8128300758072307,1.0001341066893308
2007-07-16,3.812334365413085,1.0001341883963035
2007-07-17,3.8103639072312894,1.0001342792705605
2007-07-18,3.803469778817211,1.0001345441136373
2007-07-19,3.8182457835662698,1.000134044819601
2007-07-20,3.7795823079743243,1.0001354377061034
2007-07-23,3.7911567215262796,1.0001350889149991
2007-07-24,3.7254050446560703,1.0001374953182636
2007-07-25,3.733037265736551,1.0001372363127583
2007-07-26,3.644630134370851,1.0001405877580247
2007-07-27,3.572968398262305,1.0001434301853454
2007-07-30,3.6288708081140033,1.0001412870500281
2007-07-31,3.587990959772234,1.00014291959211
2007-08-01,3.605476131645193,1.0001422491653886
2007-08-02,3.634288898385083,1.000141143640593
2007-08-03,3.540708896097487,1.0001448968524094
2007-08-06,3.600056860063235,1.0001425751848465
2007-08-07,3.6384731081003845,1.0001410920117835
2007-08-08,3.689202805085645,1.000139173987634
2007-08-09,3.5798643318873626,1.0001434475573738
2007-08-10,3.563117255244386,1.0001441441662577
2007-08-13,3.575923804005416,1.000143692158409
2007-08-14,3.5212523925173396,1.0001459455692816
2007-08-15,3.4727394434594943,1.0001480067171316
2007-08-16,3.407603947588466,0.0
2007-08-17,3.4079484423437147,0.0
2007-08-20,3.4089708268764176,0.0
2007-08-21,3.409258487976329,0.0
2007-08-22,3.409586337217228,0.0
2007-08-23,3.409920756918248,0.0
2007-08-24,3.410274828142049,0.0
2007-08-27,3.411432452939876,0.0
2007-08-28,3.4118530405025673,0.0
2007-08-29,3.4122531153248508,0.0
2007-08-30,3.4126158425053292,0.0
2007-08-31,3.4129655187587806,0.0
2007-09-04,3.4228802060000136,1.008557990520278
2007-09-05,3.3930048428356847,1.0086346089499099
2007-09-06,3.400873962927491,1.0086158664704095
2007-09-07,3.353166209045553,1.0087396903468322
2007-09-10,3.346670848723501,1.008760222542885
2007-09-11,3.3860335753476782,1.0086595376023817
2007-09-12,3.394826897986387,1.0086382907263503
2007-09-13,3.418907558982819,1.0085786065156126
2007-09-14,3.4186704899884033,1.008580369583987
2007-09-17,3.400136468231605,1.0086306153627365
2007-09-18,3.5010937247927036,1.008382903299415
2007-09-19,3.5219299292767103,1.0083344299331718
2007-09-20,3.4969164051861794,1.0083951570774403
2007-09-21,3.506429039916192,1.0083734575456356
2007-09-24,3.499904290226604,1.0083922672286176
2007-09-25,3.4929192497795296,1.008410146477887
2007-09-26,3.511529348091916,1.0083666523249277
2007-09-27,3.532466731651614,1.0083181193953736
2007-09-28,3.5205965126135443,1.0083472216008917
2007-10-01,3.5606014900857885,1.0082566386502463
2007-10-02,3.5557123099904544,1.0082690857972485
2007-10-03,3.5484966212513718,1.0082870038391012
2007-10-04,3.554076468205481,1.0082750950547728
2007-10-05,3.5966505069532015,1.0081782281865244
2007-10-08,3.5773270847345193,1.0082257087368056
2007-10-09,3.6112916166461053,1.0081494368397863
2007-10-10,3.605238708857953,1.0081642283828318
2007-10-11,3.587782947920852,1.0082050626680161
2007-10-12,3.6077892311525606,1.00816068309602
2007-10-15,3.5770664716548697,1.0082342170822234
2007-10-16,3.54844449636425,1.0083018150743663
2007-10-17,3.559374546306732,1.008277487528738
2007-10-18,3.546342222549204,1.0083090237500048
2007-10-19,3.4528076769386207,1.0085351999163232
2007-10-22,3.4730390683160755,1.0084887928940536
2007-10-23,3.5014175618005985,1.0084211227849373
2007-10-24,3.494900067266603,1.0084379549806062
2007-10-25,3.5032716220485165,1.0084188867796076
2007-10-26,3.5446825414026706,1.0083216360670149
2007-10-29,3.556537007197705,1.0082972118336238
2007-10-30,3.5316369215550885,1.0083568359973312
2007-10-31,3.568626422618512,1.0082713169655375
2007-11-01,3.4843999212627668,1.0084723783168097
2007-11-02,3.4883496024882676,1.0084638775199157
2007-11-05,3.4615834402959935,1.0085324918546101
2007-11-06,3.508578796822484,1.0084192696643732
2007-11-07,3.4117847029843933,1.00865923408635
2007-11-08,3.3943331397612027,1.0087048037361246
2007-11-09,3.3473308149928407,1.0088280741611155
2007-11-12,3.3138175613515233,1.0089204251080284
2007-11-13,3.415720595173315,1.0086552907229682
2007-11-14,3.4061767561772185,1.0086805908448029
2007-11-15,3.356617859254006,1.0088098007032704
2007-11-16,3.362429520036477,1.0087955905425134
2007-11-19,3.31518860674253,1.00892409385644
2007-11-20,3.2990143593310264,0.0
2007-11-21,3.2993008764685356,0.0
2007-11-23,3.299846842969737,0.0
2007-11-26,3.3007011868783964,0.0
2007-11-27,3.300977903197077,0.0
2007-11-28,3.3012564514694565,0.0
2007-11-29,3.301525978708508,0.0
2007-11-30,3.3017901007868047,0.0
2007-12-03,3.302625951212319,0.0
2007-12-04,3.3028964950916104,0.0
2007-12-05,3.303167966036413,0.0
2007-12-06,3.303439459293896,0.0
2007-12-07,3.303712784969706,0.0
2007-12-10,3.3045382606025533,0.0
2007-12-11,3.2047776427518913,1.0025417696864591
2007-12-12,3.236492604564689,1.002517129293414
2007-12-13,3.2297572267520045,1.0025226418425037
2007-12-14,3.1887013204819676,1.0025553879581097
2007-12-17,3.1430826629689563,1.0025932886588442
2007-12-18,3.1422116918306613,0.0
2007-12-19,3.142468234045501,0.0
2007-12-20,3.1427136048528164,0.0
2007-12-21,3.1429589948192223,0.0
2007-12-24,3.143713304977979,0.0
2007-12-26,3.1442748669162928,0.0
2007-12-27,3.1159612958447376,1.0000338418270205
2007-12-28,3.1081544482762657,1.0000339306302468
2007-12-31,3.0851528652325046,1.0000341951219505
2008-01-02,3.0581429651741665,1.0000345052467223
2008-01-03,3.0488581324981077,0.0
2008-01-04,3.049122088435058,0.0
2008-01-07,3.0499040002911606,0.0
2008-01-08,3.0501705535448846,0.0
2008-01-09,3.0504354587683022,0.0
2008-01-10,3.0506978797913304,0.0
2008-01-11,3.0509619950050326,0.0
2008-01-14,3.0517193022837925,0.0
2008-01-15,3.0519793254900964,0.0
2008-01-16,3.052237698534364,0.0
2008-01-17,3.052493584763337,0.0
2008-01-18,3.0527444746470165,0.0
2008-01-22,3.0536778617247444,0.0
2008-01-23,3.0538702852612367,0.0
2008-01-24,3.0540510074479807,0.0
2008-01-25,3.054245127950372,0.0
2008-01-28,3.0548099541041713,0.0
2008-01-29,3.0550016120437573,0.0
2008-01-30,3.0551882600874523,0.0
2008-01-31,3.055369060269419,0.0
2008-02-01,3.0555297810528637,0.0
2008-02-04,3.0560471282870254,0.0
2008-02-05,3.05623300293428,0.0
2008-02-06,3.056412190293904,0.0
2008-02-07,3.0565838518004824,0.0
2008-02-08,3.056761384889957,0.0
2008-02-11,3.0573090895326196,0.0
2008-02-12,3.0574975537915634,0.0
2008-02-13,3.057686029668167,0.0
2008-02-14,3.057872003996547,0.0
2008-02-15,3.0580613407288486,0.0
2008-02-19,3.0587852215503255,0.0
2008-02-20,3.0589721007570123,0.0
2008-02-21,3.059156477157606,0.0
2008-02-22,3.0593366740459866,0.0
2008-02-25,3.0598772965541396,0.0
2008-02-26,3.0600575359017452,0.0
2008-02-27,3.060232755634623,0.0
2008-02-28,3.0603954091016345,0.0
2008-02-29,3.060551363497824,0.0
2008-03-03,3.0610066729198455,0.0
2008-03-04,3.0611467244580313,0.0
2008-03-05,3.0612834277227123,0.0
2008-03-06,3.061409233890975,0.0
2008-03-07,3.0615241415800276,0.0
2008-03-10,3.061881459192168,0.0
2008-03-11,3.061993029119311,0.0
2008-03-12,3.062114669938276,0.0
2008-03-13,3.062236315589548,0.0
2008-03-14,3.062347898447075,0.0
2008-03-17,3.062639870246708,0.0
2008-03-18,3.062731329903107,0.0
2008-03-19,3.0628076884102358,0.0
2008-03-20,3.062858035933881,0.0
2008-03-24,3.063066142452487,0.0
2008-03-25,3.063169363585507,0.0
2008-03-26,3.06327594509487,0.0
2008-03-27,3.063382530312685,0.0
2008-03-28,3.0634899585219673,0.0
2008-03-31,3.0638198082627066,0.0
2008-04-01,3.0639339670281656,0.0
2008-04-02,3.0640498089151382,0.0
2008-04-03,3.0641664946475875,0.0
2008-04-04,3.0642823453260153,0.0
2008-04-07,3.064617317560477,0.0
2008-04-08,3.0647373833896308,0.0
2008-04-09,3.064854095306423,0.0
2008-04-10,3.0649624148073253,0.0
2008-04-11,3.065067379273586,0.0
2008-04-14,3.065362129588689,0.0
2008-04-15,3.065451990889474,0.0
2008-04-16,3.06554353452427,0.0
2008-04-17,3.0656367606427177,0.0
2008-04-18,3.0657383886010847,0.0
2008-04-21,3.06607100021804,0.0
2008-04-22,3.0661827228051712,0.0
2008-04-23,3.0662885691128627,0.0
2008-04-24,3.0663927389163064,0.0
2008-04-25,3.0664969122586694,0.0
2008-04-28,3.0668270857618247,0.0
2008-04-29,3.0669463979388594,0.0
2008-04-30,3.067067395276203,0.0
2008-05-01,3.067185876509829,0.0
2008-05-02,3.0673052026452985,0.0
2008-05-05,3.067675800342385,0.0
2008-05-06,3.067802709670016,0.0
2008-05-07,3.0150717146224473,1.0005378245494858
2008-05-08,3.0072867678040196,1.0005392558138446
2008-05-09,3.001664967162867,1.0005403047116228
2008-05-12,3.035396563576345,1.0005344172558188
2008-05-13,3.035827315113287,1.0005343815399124
2008-05-14,3.0420969171542556,1.0005333211167793
2008-05-15,3.0801515701443183,1.0005267723042055
2008-05-16,3.0829626341175658,1.0005263323631173
2008-05-19,3.091394900549906,1.0005250179382772
2008-05-20,3.066314022274965,1.0005293527758852
2008-05-21,3.014420346599613,1.0005385074088584
2008-05-22,3.014852249206225,1.0005384720099875
2008-05-23,2.9744211897628143,1.0005458337326871
2008-05-27,2.9964742395595554,1.000541984022273
2008-05-28,3.0103112679070185,1.0005395350414241
2008-05-29,3.0254476160832326,1.0005368778059822
2008-05-30,3.033014455412589,1.0005355804994367
2008-06-02,3.0016619769748916,1.0005413014273126
2008-06-03,2.984148757371242,1.0005445202559784
2008-06-04,2.98263468394412,1.0005448387616773
2008-06-05,3.0423117830371145,1.0005341924860465
2008-06-06,2.945227698971026,1.0005518438038377
2008-06-09,2.9418766988316336,0.0
2008-06-10,2.9420266136442317,0.0
2008-06-11,2.942186208512588,0.0
2008-06-12,2.94234097556794,0.0
2008-06-13,2.9424989752477235,0.0
2008-06-16,2.942970581247866,0.0
2008-06-17,2.943135065083092,0.0
2008-06-18,2.943293107404395,0.0
2008-06-19,2.943445513540641,0.0
2008-06-20,2.943596314721746,0.0
2008-06-23,2.94403906386607,0.0
2008-06-24,2.9441882822843755,0.0
2008-06-25,2.9443334751311734,0.0
2008-06-26,2.944477061804755,0.0
2008-06-27,2.944614201832291,0.0
2008-06-30,2.9450111196918254,0.0
2008-07-01,2.945162001083437,0.0
2008-07-02,2.9453104695240397,0.0
2008-07-03,2.945454910777203,0.0
2008-07-07,2.946039159915669,0.0
2008-07-08,2.9461876725746894,0.0
2008-07-09,2.9463353855456704,0.0
2008-07-10,2.9464798770618383,0.0
2008-07-11,2.946612266842616,0.0
2008-07-14,2.9469949227917893,0.0
2008-07-15,2.9471160321721777,0.0
2008-07-16,2.947226649952015,0.0
2008-07-17,2.9473356569650955,0.0
2008-07-18,2.9474487054560474,0.0
2008-07-21,2.9477999767401224,0.0
2008-07-22,2.947917888739192,0.0
2008-07-23,2.948040651347161,0.0
2008-07-24,2.9481666497969172,0.0
2008-07-25,2.948297499933155,0.0
2008-07-28,2.948711877088625,0.0
2008-07-29,2.948849214354133,0.0
2008-07-30,2.948985750112277,0.0
2008-07-31,2.949120676309611,0.0
2008-08-01,2.9492539927237456,0.0
2008-08-04,2.949649111957291,0.0
2008-08-05,2.9497881091209233,0.0
2008-08-06,2.9499271128345588,0.0
2008-08-07,2.950057232907207,0.0
2008-08-08,2.9501889751891146,0.0
2008-08-11,2.95059391893612,0.0
2008-08-12,2.9507426612049104,0.0
2008-08-13,2.950890602549294,0.0
2008-08-14,2.951037742847832,0.0
2008-08-15,2.9511873159937028,0.0
2008-08-18,2.951626355640986,0.0
2008-08-19,2.9517711066321257,0.0
2008-08-20,2.951914247313187,0.0
2008-08-21,2.9520501162429262,0.0
2008-08-22,2.9521868002072127,0.0
2008-08-25,2.9525920181762277,0.0
2008-08-26,2.952730345089956,0.0
2008-08-27,2.952866251582552,0.0
2008-08-28,2.95299892831276,0.0
2008-08-29,2.9531372742899493,0.0
2008-09-02,2.9536842114947217,0.0
2008-09-03,2.953820971119857,0.0
2008-09-04,2.9539561185451113,0.0
2008-09-05,2.9540904628507767,0.0
2008-09-08,2.9544910860779305,0.0
2008-09-09,2.954627883062464,0.0
2008-09-10,2.9547598294583377,0.0
2008-09-11,2.9548909722233714,0.0
2008-09-12,2.955018882572306,0.0
2008-09-15,2.9553734848382143,0.0
2008-09-16,2.9554568830488823,0.0
2008-09-17,2.9555248990429033,0.0
2008-09-18,2.9555273282414505,0.0
2008-09-19,2.9555459521122858,0.0
2008-09-22,2.9557815860498375,0.0
2008-09-23,2.9558860506593168,0.0
2008-09-24,2.9559516470346874,0.0
2008-09-25,2.9559921395230027,0.0
2008-09-26,2.9560528790875136,0.0
2008-09-29,2.9562618274828023,0.0
2008-09-30,2.9563395812185385,0.0
2008-10-01,2.956412477263007,0.0
2008-10-02,2.9564805152487854,0.0
2008-10-03,2.956530734917812,0.0
2008-10-06,2.9566522361808905,0.0
2008-10-07,2.9566959784331517,0.0
2008-10-08,2.956761592782262,0.0
2008-10-09,2.9568158675841025,0.0
2008-10-10,2.956862852603368,0.0
2008-10-13,2.9569211797610087,0.0
2008-10-14,2.9569406225304102,0.0
2008-10-15,2.9569681666348395,0.0
2008-10-16,2.9569859894566655,0.0
2008-10-17,2.9570224454483163,0.0
2008-10-20,2.9572168798008938,0.0
2008-10-21,2.9573173441551663,0.0
2008-10-22,2.957405658563526,0.0
2008-10-23,2.9574891141204667,0.0
2008-10-24,2.957566900135523,0.0
2008-10-27,2.9577759555492857,0.0
2008-10-28,2.9578440249137423,0.0
2008-10-29,2.9579056128989185,0.0
2008-10-30,2.9579550463899835,0.0
2008-10-31,2.957987462335697,0.0
2008-11-03,2.9580944361288553,0.0
2008-11-04,2.9581341475336145,0.0
2008-11-05,2.958173049023774,0.0
2008-11-06,2.9582046569001883,0.0
2008-11-07,2.9582297813780962,0.0
2008-11-10,2.95830272403024,0.0
2008-11-11,2.958326228353253,0.0
2008-11-12,2.958349732863013,0.0
2008-11-13,2.9583643219849836,0.0
2008-11-14,2.95838134271122,0.0
2008-11-17,2.9584153843595473,0.0
2008-11-18,2.958425110656701,0.0
2008-11-19,2.9584348369858318,0.0
2008-11-20,2.958440510696478,0.0
2008-11-21,2.9584429422914185,0.0
2008-11-24,2.9584478054852963,0.0
2008-11-25,2.9584583424226856,0.0
2008-11-26,2.958466447788007,0.0
2008-11-28,2.9584745531755354,0.0
2008-12-01,2.9584769847984558,0.0
2008-12-02,2.9584826585899333,0.0
2008-12-03,2.9584875218490985,0.0
2008-12-04,2.9584891429381512,0.0
2008-12-05,2.9584907640280926,0.0
2008-12-08,2.958495627300582,0.0
2008-12-09,2.9584980589408234,0.0
2008-12-10,2.958500490583064,0.0
2008-12-11,2.958500490583064,0.0
2008-12-12,2.9585013011311436,0.0
2008-12-15,2.958506164420954,0.0
2008-12-16,2.95850940661949,0.0
2008-12-17,2.958512648821579,0.0
2008-12-18,2.958516701578632,0.0
2008-12-19,2.958516701578632,0.0
2008-12-22,2.958521564893758,0.0
2008-12-23,2.958522375447612,0.0
2008-12-24,2.958523996555763,0.0
2008-12-26,2.958523996555763,0.0
2008-12-29,2.958531291546439,0.0
2008-12-30,2.9585361548855484,0.0
2008-12-31,2.958544260464055,0.0
2009-01-02,2.9585620927856247,0.0
2009-01-05,2.958581546344591,0.0
2009-01-06,2.958592894328605,0.0
2009-01-07,2.958604242356145,0.0
2009-01-08,2.958613158697698,0.0
2009-01-09,2.958620453908226,0.0
2009-01-12,2.958637476108098,0.0
2009-01-13,2.9586472031354165,0.0
2009-01-14,2.95865611960644,0.0
2009-01-15,2.958665846695052,0.0
2009-01-16,2.9586747632222616,0.0
2009-01-20,2.9587136718218874,0.0
2009-01-21,2.958724209706198,0.0
2009-01-22,2.958733126409296,0.0
2009-01-23,2.9587412325274505,0.0
2009-01-26,2.958767982790649,0.0
2009-01-27,2.958780142111126,0.0
2009-01-28,2.95879068023218,0.0
2009-01-29,2.958806082156269,0.0
2009-01-30,2.9588247266877454,0.0
2009-02-02,2.958883092545368,0.0
2009-02-03,2.9589049801737235,0.0
2009-02-04,2.9589309212584807,0.0
2009-02-05,2.9589552412386553,0.0
2009-02-06,2.9589787507460517,0.0
2009-02-09,2.9590468477912744,0.0
2009-02-10,2.959072790119803,0.0
2009-02-11,2.9590979219708973,0.0
2009-02-12,2.9591222433236806,0.0
2009-02-13,2.9591457541579427,0.0
2009-02-17,2.9592397982421845,0.0
2009-02-18,2.959265742262333,0.0
2009-02-19,2.959290875752199,0.0
2009-02-20,2.9593151986909034,0.0
2009-02-23,2.9593808711651755,0.0
2009-02-24,2.9594051948435682,0.0
2009-02-25,2.9594311403137694,0.0
2009-02-26,2.9594554644053335,0.0
2009-02-27,2.959477356267673,0.0
2009-03-02,2.959540599893368,0.0
2009-03-03,2.9595633032185176,0.0
2009-03-04,2.9595851958785686,0.0
2009-03-05,2.9596062778553063,0.0
2009-03-06,2.959622494876007,0.0
2009-03-09,2.95967114620469,0.0
2009-03-10,2.959689796187255,0.0
2009-03-11,2.9597092571612573,0.0
2009-03-12,2.9597279073839737,0.0
2009-03-13,2.959744935955496,0.0
2009-03-16,2.9597911566298385,0.0
2009-03-17,2.9598106182703208,0.0
2009-03-18,2.95983008003877,0.0
2009-03-19,2.959847109198135,0.0
2009-03-20,2.959863327538459,0.0
2009-03-23,2.9599144155904136,0.0
2009-03-24,2.9599322561704526,0.0
2009-03-25,2.95994928591768,0.0
2009-03-26,2.9599646938728674,0.0
2009-03-27,2.9599768581113355,0.0
2009-03-30,2.9600084852613264,0.0
2009-03-31,2.9600230825634455,0.0
2009-04-01,2.960040112833236,0.0
2009-04-02,2.9600579541709022,0.0
2009-04-03,2.9600757956161052,0.0
2009-04-06,2.960126887335317,0.0
2009-04-07,2.960143107208672,0.0
2009-04-08,2.9601593271709032,0.0
2009-04-09,2.9601739252169,0.0
2009-04-13,2.96023231768885,0.0
2009-04-14,2.9602469160948,0.0
2009-04-15,2.96026070354619,0.0
2009-04-16,2.960272869001136,0.0
2009-04-17,2.960283412438752,0.0
2009-04-20,2.960317475973909,0.0
2009-04-21,2.960328830616283,0.0
2009-04-22,2.9603409963512033,0.0
2009-04-23,2.960352351083792,0.0
2009-04-24,2.9603604616381785,0.0
2009-04-27,2.960384793368,0.0
2009-04-28,2.9603953372042504,0.0
2009-04-29,2.9604058810780542,0.0
2009-04-30,2.9604148028492028,0.0
2009-05-01,2.960426157864885,0.0
2009-05-04,2.960462656269571,0.0
2009-05-05,2.960478066897097,0.0
2009-05-06,2.960493477604843,0.0
2009-05-07,2.9605088883928086,0.0
2009-05-08,2.960523488162669,0.0
2009-05-11,2.9605672876882476,0.0
2009-05-12,2.9605826988604305,0.0
2009-05-13,2.960598110112836,0.0
2009-05-14,2.960611899199924,0.0
2009-05-15,2.9606248772246877,0.0
2009-05-18,2.9606662448599583,0.0
2009-05-19,2.9606816565472607,0.0
2009-05-20,2.9606962571691287,0.0
2009-05-21,2.9607108578629995,0.0
2009-05-22,2.960726269782534,0.0
2009-05-26,2.9607846731500476,0.0
2009-05-27,2.9079183776459048,0.8470954259991212
2009-05-28,2.942258685176845,0.848879334131449
2009-05-29,2.9864896712959115,0.8511168736973658
2009-06-01,3.0480281984506523,0.8541210886629552
2009-06-02,3.0502270974986887,0.8542257331136598
2009-06-03,3.01726421021627,0.8526326189945893
2009-06-04,3.041440674931893,0.8538034841124629
2009-06-05,3.0419906367892007,0.8538293543459754
2009-06-08,3.031283558890025,0.853310760719139
2009-06-09,3.044472053845152,0.8539454506117853
2009-06-10,3.037882422344676,0.8536278740276501
2009-06-11,3.0494225944601583,0.8541810825856917
2009-06-12,3.0565671136480232,0.8545211671734172
2009-06-15,2.996688196534038,0.8516120578438917
2009-06-16,2.962076329815364,0.8498774453014144
2009-06-17,2.959605670348243,0.849751424189452
2009-06-18,2.978013368036189,0.8506794452974258
2009-06-19,2.987353364878505,0.8511455637654263
2009-06-22,2.9111128423598966,0.8472448840419367
2009-06-23,2.913050335089838,0.8473456462154965
2009-06-24,2.934322944859694,0.8484514958108464
2009-06-25,2.9884719384845213,0.851196672717197
2009-06-26,2.9818435757324195,0.8508651612139436
2009-06-29,3.0056094398141613,0.8520420851622214
2009-06-30,2.984892247767936,0.8510143397649191
2009-07-01,2.9953923706459897,0.851535824978729
2009-07-02,2.9257778962994134,0.8480026358185581
2009-07-06,2.9255087641723163,0.8479858208315029
2009-07-07,2.8774432678022324,0.8454457353210586
2009-07-08,2.8757882298443826,0.8453559831763741
2009-07-09,2.8804873526660204,0.8456075024449131
2009-07-10,2.874687645383518,0.8452952089322463
2009-07-13,2.8744170377572527,0.0
2009-07-14,2.8744312129645624,0.0
2009-07-15,2.893230638845098,1.0091981635128437
2009-07-16,2.888533539297918,1.009213418671016
2009-07-17,2.9204676816220525,1.0091129707326598
2009-07-20,2.951771979089543,1.0090171923945637
2009-07-21,2.965548669439839,1.0089755949352086
2009-07-22,2.9649209449420635,1.008977787913181
2009-07-23,3.0309824748881957,1.0087823995939835
2009-07-24,3.0435041552712474,1.0087465519220038
2009-07-27,3.052580623535204,1.0087213909127266
2009-07-28,3.03817825786095,1.0087630200157391
2009-07-29,3.0306641850354694,1.008785033003437
2009-07-30,3.062596382247211,1.0086937191832914
2009-07-31,3.0669789805859673,1.008681576839098
2009-08-03,3.118009145098117,1.0085403200640717
2009-08-04,3.1261489866902217,1.0085183605602053
2009-08-05,3.117069075730501,1.0085434504307609
2009-08-06,3.100787119395285,1.0085885889757567
2009-08-07,3.141800974025702,1.0084767431016772
2009-08-10,3.1352235265323394,1.0084953504815344
2009-08-11,3.095773146854095,1.0086038898202547
2009-08-12,3.1292731409775305,1.0085120572615687
2009-08-13,3.153380663969167,1.0084472535449518
2009-08-14,3.1289583290700627,1.0085134594479528
2009-08-17,3.0513097880393065,1.0087309533432487
2009-08-18,3.075729759567307,1.0086619133485055
2009-08-19,3.1029670208137237,1.008586158272243
2009-08-20,3.1352149292519487,1.0084981159433912
2009-08-21,3.197205469851707,1.0083336132997494
2009-08-24,3.1968888310264756,1.008335240186384
2009-08-25,3.203151033674676,1.0083192113436077
2009-08-26,3.203461987212308,1.0083186704594131
2009-08-27,3.2106631929482914,1.0083002739966889
2009-08-28,3.210035820742336,1.008302157776085
2009-08-31,3.181229333975814,1.0083781268328553
2009-09-01,3.110471153748927,1.0085689856201614
2009-09-02,3.0985733332301946,1.0086021572478563
2009-09-03,3.124558206389277,1.008530885261159
2009-09-04,3.168703117077284,1.0084123019382056
2009-09-08,3.19625004128033,1.008340842304024
2009-09-09,3.2209844421431475,1.0082770502893559
2009-09-10,3.2541694157209258,1.0081928994711706
2009-09-11,3.253542698699694,1.0081947335739994
2009-09-14,3.2695062469494935,1.0081554864124576
2009-09-15,3.2832836205195544,1.0081215178646583
2009-09-16,3.3333752568444623,1.0079997210187626
2009-09-17,3.3283660821602634,1.0080120020101104
2009-09-18,3.330503851642483,1.0080071006033424
2009-09-21,3.3220068307627115,1.0080282937308056
2009-09-22,3.3415115051635302,1.007981674650404
2009-09-23,3.3135144444415143,1.0080493594364424
2009-09-24,3.2767060604375766,1.0081400282418418
2009-09-25,3.259089092583968,1.0081842757109745
2009-09-28,3.3179126762670452,1.0080399027522045
2009-09-29,3.3078452077694998,1.008064617542655
2009-09-30,3.2949484422789963,1.0080964339302136
2009-10-01,3.2125266501417813,1.008304418447401
2009-10-02,3.197426508495067,1.0083438882816644
2009-10-05,3.2455533364631988,1.0082209037661396
2009-10-06,3.292427425392595,1.0081041030449605
2009-10-07,3.3015484703760523,1.0080819533206047
2009-10-08,3.3270290415465675,1.0080202959227875
2009-10-09,3.347474361246386,1.0079715419754658
2009-10-12,3.360683327177656,1.007940908607288
2009-10-13,3.353762163652038,1.0079575295398358
2009-10-14,3.4119588992271055,1.0078220296978122
2009-10-15,3.424541276371411,1.0077935186225315
2009-10-16,3.398745697624645,1.007852899564147
2009-10-19,3.4270543248459644,1.0077887168791857
2009-10-20,3.408809217829212,1.00783063643674
2009-10-21,3.377979330648961,1.007902338314925
2009-10-22,3.4125823988507684,1.0078224391109647
2009-10-23,3.37326014145582,1.00791385548418
2009-10-26,3.3364515173200764,1.0080018669152164
2009-10-27,3.3210356924920488,1.0080392484291993
2009-10-28,3.257805676569697,1.008195522880046
2009-10-29,3.3282692258516833,1.0080222487559107
2009-10-30,3.23106255459342,1.0082638384768008
2009-11-02,3.2549699387934505,1.0082038494649102
2009-11-03,3.2653502212844074,1.0081780075868183
2009-11-04,3.273842478813594,1.0081570309418475
2009-11-05,3.3345557307718137,1.008008743825523
2009-11-06,3.3433640242311378,1.0079878719017388
2009-11-09,3.4201182574701234,1.0078092885338974
2009-11-10,3.4207472483153922,1.0078080814865447
2009-11-11,3.4383623052263492,1.0077683076647153
2009-11-12,3.403128870038008,1.0078489649621911
2009-11-13,3.4216881014349094,1.0078066210323182
2009-11-16,3.4717033633161876,1.0076948249100854
2009-11-17,3.4757907619158903,1.0076860013958004
2009-11-18,3.4735885327995812,1.0076910976145423
2009-11-19,3.427974061425953,1.0077936615664211
2009-11-20,3.415704231905897,1.0078218763910807
2009-11-23,3.4594299461424427,1.007723658683868
2009-11-24,3.4647775551009934,1.0077119596746713
2009-11-25,3.4770445728620007,1.0076849729391453
2009-11-27,3.4201044169398847,1.007813366951756
2009-11-30,3.4317417879112364,1.0077875302799826
2009-12-01,3.47452284660623,1.0076918674544977
2009-12-02,3.4729487703711124,1.0076955771912182
2009-12-03,3.4455802292099227,1.0077569269631366
2009-12-04,3.4653973944605267,1.0077127923080393
2009-12-07,3.460047012362858,1.0077253918500149
2009-12-08,3.4213542182715195,1.007812982495463
2009-12-09,3.434250700058127,1.007783862414
2009-12-10,3.453754782924143,1.0077401237123707
2009-12-11,3.468538000433583,1.007707349994029
2009-12-14,3.492444129296999,1.0076552404324886
2009-12-15,3.4760857787442836,1.0076914849020429
2009-12-16,3.48143241484604,1.007679893568155
2009-12-17,3.439277647277167,1.0077742465061368
2009-12-18,3.458885766596271,1.0077303952432155
2009-12-21,3.4943060481272865,1.0076526959237295
2009-12-22,3.5069558342949403,1.0076253178399657
2009-12-23,3.5139136709184657,1.007610444265723
2009-12-24,3.530675307177893,1.0075745362506996
2009-12-28,3.538263224566304,1.0075591621394724
2009-12-29,3.5332008837260536,1.0075702230548569
2009-12-30,3.531935344032544,1.0075731637925276
2009-12-31,3.4977773673316945,1.0076473404441502
2010-01-04,3.557548967600536,1.0075197282778259
2010-01-05,3.567035622906781,1.0074999512087215
2010-01-06,3.5695668988802214,1.0074948524971095
2010-01-07,3.5847461665688463,1.0074633329920477
2010-01-08,3.5967632834004655,1.007438611291603
2010-01-11,3.601821529499972,1.0074288058807372
2010-01-12,3.5679805535772267,1.0074994790346485
2010-01-13,3.5983411695965337,1.0074364169062764
2010-01-14,3.6081454813231,1.0074164255156886
2010-01-15,3.5673439253730646,1.0075014667962672
2010-01-19,3.6122540939937093,1.0074090636776356
2010-01-20,3.5752480279453454,1.0074859695417115
2010-01-21,3.505984131262178,1.0076340812645397
2010-01-22,3.42723148385978,1.0078097278168365
2010-01-25,3.444940608554731,1.007770257898633
2010-01-26,3.4303915051034903,1.0078034400179714
2010-01-27,3.446837119246938,1.0077664357649954
2010-01-28,3.406985225651556,1.0078575131366658
2010-01-29,3.3696644198869175,1.0079447742987029
2010-02-01,3.422478771362382,1.0078228680063344
2010-02-02,3.464227462915956,1.0077288246355276
2010-02-03,3.446831544867591,1.0077680655726413
2010-02-04,3.3396152307279316,1.008017696211304
2010-02-05,3.3465720866253013,1.008001267954842
2010-02-08,3.322216250799949,1.0080606555659368
2010-02-09,3.3642803006028124,1.00796011635167
2010-02-10,3.3576371964412486,1.0079761102257272
2010-02-11,3.3930586469892825,1.007893084557485
2010-02-12,3.3902103992117443,1.007899956083127
2010-02-16,3.443974231411205,1.007777567439086
2010-02-17,3.460418202421651,1.0077408415740226
2010-02-18,3.480975312717483,1.0076953594737679
2010-02-19,3.488248182279087,1.0076795463628285
2010-02-22,3.4888797257481,1.0076788567414288
2010-02-23,3.44618296918783,1.00777423095921
2010-02-24,3.4781259084447154,1.0077030691609152
2010-02-25,3.473378931959932,1.0077138334360158
2010-02-26,3.47559187249056,1.0077091606288295
2010-03-01,3.5119619818384553,1.0076300326406806
2010-03-02,3.521764944584372,1.0076090297230553
2010-03-03,3.524928210541353,1.0076024388283717
2010-03-04,3.5356792299190323,1.007579558645619
2010-03-05,3.586598020368671,1.0074721853214208
2010-03-08,3.5872278540519504,1.0074715795307123
2010-03-09,3.5932359454899925,1.0074593236878229
2010-03-10,3.6093657953220624,1.0074262248131611
2010-03-11,3.624545967823059,1.007395355604631
2010-03-12,3.6248604890371383,1.0073949489358913
2010-03-15,3.625806991750283,1.007393717305598
2010-03-16,3.654904081070914,1.0073350902344036
2010-03-17,3.6767265284837887,1.0072917860598907
2010-03-18,3.674826638617552,1.007295785782182
2010-03-19,3.6560897725390715,1.007333408553312
2010-03-22,3.6757755079090693,1.0072948296858653
2010-03-23,3.701816766387467,1.007243740794178
2010-03-24,3.683713254048306,1.0072795673233814
2010-03-25,3.6776801363160634,1.0072917369577228
2010-03-26,3.6754538602592053,1.0072963815491098
2010-03-29,3.6989539357129235,1.0072507057295188
2010-03-30,3.7014919575394454,1.0072459623895178
2010-03-31,3.688788991957955,1.0072711461558927
2010-04-01,3.7141949589214467,1.0072216393086144
2010-04-05,3.7446770745827536,1.0071637648734448
2010-04-06,3.7535685617022234,1.007147026329574
2010-04-07,3.7319725859613695,1.0071886147745397
2010-04-08,3.7449940741563355,1.0071638493132995
2010-04-09,3.769762804877081,1.0071170083104823
2010-04-12,3.7757944718359426,1.0071063166693306
2010-04-13,3.7786507761471984,1.0071011706366968
2010-04-14,3.8218401550005288,1.0070211457359444
2010-04-15,3.8250147494705162,1.0070155414455315
2010-04-16,3.76372261081604,1.0071300159718466
2010-04-19,3.7780110235238094,1.0071037275209203
2010-04-20,3.811991378253323,1.0070406281524433
2010-04-21,3.80500369858295,1.0070537820460357
2010-04-22,3.816434722410102,1.0070328760635923
2010-04-23,3.8415211020657334,1.006987171151191
2010-04-26,3.8269118744652637,1.0070145133788218
2010-04-27,3.7357675492587874,1.0071858800931874
2010-04-28,3.76434734213427,1.0071315498741602
2010-04-29,3.8113481000251106,1.0070438289250274
2010-04-30,3.7462448983167125,1.0071664680973995
2010-05-03,3.795148180853641,1.0070747973363248
2010-05-04,3.7052734435837413,1.0072466351857299
2010-05-05,3.68304283875363,1.0072906070941845
2010-05-06,3.5598244612792627,1.0075431989836494
2010-05-07,3.5064701666958156,1.00765820885132
2010-05-10,3.6620785260821322,1.0073334787117887
2010-05-11,3.6515984048906756,1.007354759596387
2010-05-12,3.7030445293061347,1.0072528109569556
2010-05-13,3.6566773486142883,1.0073450110383064
2010-05-14,3.5899869164376574,1.007481695531004
2010-05-17,3.5918872902804355,1.0074784501070164
2010-05-18,3.542665545394585,1.0075825965603213
2010-05-19,3.5223394881149717,1.0076265972501395
2010-05-20,3.3883222411440506,1.007928503797763
2010-05-21,3.4381814446324634,1.0078137781033454
2010-05-24,3.3937174134301418,1.007916914429943
2010-05-25,3.3972102896691423,1.0079090280881637
2010-05-26,3.3765669143567263,1.0079576367216687
2010-05-27,3.4905748846883884,1.0076979738451675
2010-05-28,3.4464315140983626,1.0077968227079774
2010-06-01,3.3984746056894086,0.0
2010-06-02,3.3984895031123377,0.0
2010-06-03,3.3985044006005705,0.0
2010-06-04,3.3985174359599157,0.0
2010-06-07,3.3985565421879462,0.0
2010-06-08,3.398567715524523,0.0
2010-06-09,3.398578888897834,0.0
2010-06-10,3.398588200072872,0.0
2010-06-11,3.39859751127342,0.0
2010-06-14,3.39861985821596,0.0
2010-06-15,3.398626376117058,0.0
2010-06-16,3.398634756291684,0.0
2010-06-17,3.398644067619783,0.0
2010-06-18,3.3986524478380318,0.0
2010-06-21,3.398683175380711,0.0
2010-06-22,3.398694349133616,0.0
2010-06-23,3.398706454072394,0.0
2010-06-24,3.398718559054285,0.0
2010-06-25,3.3987306640792903,0.0
2010-06-28,3.3987669792836464,0.0
2010-06-29,3.398782809157248,0.0
2010-06-30,3.3987967767578335,0.0
2010-07-01,3.398813537947418,0.0
2010-07-02,3.3988293680378683,0.0
2010-07-06,3.3988926886945876,0.0
2010-07-07,3.3989085191536854,0.0
2010-07-08,3.398923418478701,0.0
2010-07-09,3.398937386657133,0.0
2010-07-12,3.3989820850118067,0.0
2010-07-13,3.398996984659303,0.0
2010-07-14,3.3990109531400616,0.0
2010-07-15,3.399024921678225,0.0
2010-07-16,3.3990388902737934,0.0
2010-07-19,3.399080796232714,0.0
2010-07-20,3.3990966275679293,0.0
2010-07-21,3.3991115277175297,0.0
2010-07-22,3.399126427932446,0.0
2010-07-23,3.399141328212678,0.0
2010-07-26,3.399186029249323,0.0
2010-07-27,3.3992009297908212,0.0
2010-07-28,3.399214899109711,0.0
2010-07-29,3.3992288684860084,0.0
2010-07-30,3.399242837919714,0.0
2010-08-02,3.399284746393058,0.0
2010-08-03,3.3870600299547675,1.001293746483552
2010-08-04,3.4097247496060934,1.001285187687747
2010-08-05,3.4060984785015287,1.0012865968386857
2010-08-06,3.392197963731178,1.001291909745022
2010-08-09,3.4103288226606403,1.001285162828112
2010-08-10,3.3918941081414578,1.001292188312453
2010-08-11,3.298813633977059,1.0013286910093742
2010-08-12,3.27856278365966,1.0013369401180021
2010-08-13,3.268891936168437,1.0013409380008562
2010-08-16,3.2673802242673866,1.0013416852146422
2010-08-17,3.307576671177879,1.0013254220518446
2010-08-18,3.3136195720676658,1.0013230473471484
2010-08-19,3.2558969519459238,1.0013465459682893
2010-08-20,3.2339859457193763,0.0
2010-08-23,3.234025816778981,0.0
2010-08-24,3.2340399933305064,0.0
2010-08-25,3.234054169944176,0.0
2010-08-26,3.2340683466199898,0.0
2010-08-27,3.2340825233579475,0.0
2010-08-30,3.2341223956082352,0.0
2010-08-31,3.23413480046126,0.0
2010-09-01,3.234147205361865,0.0
2010-09-02,3.2341587242423224,0.0
2010-09-03,3.2341711292346895,0.0
2010-09-07,3.2342207493944803,0.0
2010-09-08,3.2342331546247522,0.0
2010-09-09,3.234245559902606,0.0
2010-09-10,3.234257965228042,0.0
2010-09-13,3.234295181347094,0.0
2010-09-14,3.234308472971127,0.0
2010-09-15,3.243392448899483,1.0039508117937086
2010-09-16,3.242528865042344,1.0039519885255923
2010-09-17,3.2437432280596936,1.0039506345665807
2010-09-20,3.293536764700634,1.0038912776253424
2010-09-21,3.2868774939728485,1.0038992864080218
2010-09-22,3.2706653259840457,1.0039187401611487
2010-09-23,3.2440306490242365,1.0039510400130425
2010-09-24,3.311194781719681,1.0038710203074614
2010-09-27,3.29527051474754,1.0038900945220939
2010-09-28,3.306849474244682,1.0038765965229732
2010-09-29,3.3010598221461582,1.0038835190130184
2010-09-30,3.2912160607277525,1.003895258095299
2010-10-01,3.305112239084285,1.0038790039523555
2010-10-04,3.2802139300264526,1.0039088199898312
2010-10-05,3.3465078728882225,1.0038315053229985
2010-10-06,3.346218777717665,1.0038319539239327
2010-10-07,3.342164856447001,1.0038367207180594
2010-10-08,3.360982429747585,1.0038153576820215
2010-10-11,3.364165158373634,1.003812098984325
2010-10-12,3.3745861073059893,1.0038004435789665
2010-10-13,3.4009304006527725,1.0037711213220697
2010-10-14,3.3876128687805904,1.003786063727902
2010-10-15,3.394559737327034,1.0037784336654034
2010-10-18,3.4113506211860827,1.0037601882670273
2010-10-19,3.36647889062197,1.003810427792876
2010-10-20,3.399479407740519,1.0037735558410774
2010-10-21,3.407006312197036,1.0037653367383073
2010-10-22,3.413375780723703,1.003758426852536
2010-10-25,3.4235054749186453,1.0037476542083172
2010-10-26,3.4240845251739525,1.0037471374691065
2010-10-27,3.4142425254688256,1.003758056453184
2010-10-28,3.4148186506563114,1.003757539774339
2010-10-29,3.417424759042967,1.0037547905368072
2010-11-01,3.418581894766996,1.0037538651292686
2010-11-02,3.445794633071348,1.003724334739953
2010-11-03,3.459690236549105,1.0037094910485886
2010-11-04,3.5265642150269714,1.003639260906028
2010-11-05,3.539880952511988,1.0036256825531138
2010-11-08,3.5332203155672692,1.003632854871179
2010-11-09,3.5077442580093168,1.0036593528685938
2010-11-10,3.5219297331414547,1.0036447267197959
2010-11-11,3.5086119084197946,1.0036586744677878
2010-11-12,3.4669235086571017,1.003702783228429
2010-11-15,3.4620003468712937,1.0037083931885755
2010-11-16,3.407865301462008,1.003767419880612
2010-11-17,3.4096012023501383,1.0037656204456806
2010-11-18,3.459974133246627,1.00371091358255
2010-11-19,3.469527503469921,1.0037008121511892
2010-11-22,3.466630215506619,1.0037042522110415
2010-11-23,3.4162573565277756,1.0037589899965114
2010-11-24,3.4669186930497182,1.0037041773881892
2010-11-26,3.426388483887701,1.0037482317471325
2010-11-29,3.4368103568920008,1.0037372217937865
2010-11-30,3.417411935386936,1.0037585570731267
2010-12-01,3.4903664784046033,1.0036801148561416
2010-12-02,3.5352382741100428,1.003633519654865
2010-12-03,3.544790470617585,1.003623843523648
2010-12-06,3.5410253219247414,1.0036280366425987
2010-12-07,3.5430522643149516,1.0036260753241621
2010-12-08,3.556078833624018,1.0036129051827618
2010-12-09,3.5699750146220794,1.003598955283613
2010-12-10,3.590817883249398,1.0035781769347905
2010-12-13,3.5931321537879297,1.003576204411897
2010-12-14,3.5963165355217512,1.003573150413738
2010-12-15,3.579814501753306,1.0035897348254275
2010-12-16,3.6006585403226454,1.0035690654924176
2010-12-17,3.6045282665856413,1.0035653442137842
2010-12-20,3.613258346845048,1.0035570543907126
2010-12-21,3.6362467342221527,1.0035346770527895
2010-12-22,3.6475975463424413,1.0035237876880012
2010-12-23,3.6423581007538925,1.0035289667892104
2010-12-27,3.6438119962064923,1.0035279994206774
2010-12-28,3.6490506282715187,1.0035230474984937
2010-12-29,3.6516698915491568,1.003520631413766
2010-12-30,3.645848950887984,1.003526361601766
2010-12-31,3.6467205116403516,1.0035256269869164
2011-01-03,3.684553294061249,1.0034897472691229
2011-01-04,3.6825158891421927,1.0034917880338017
2011-01-05,3.7017210259870557,1.0034737805565817
2011-01-06,3.6944460429458195,1.003480729722128
2011-01-07,3.687170763864646,1.003487707548748
2011-01-10,3.682513475808387,1.0034924456717633
2011-01-11,3.695607902161738,1.0034801807440603
2011-01-12,3.7290746665260865,1.003449056355944
2011-01-13,3.7229635543990685,1.0034548267064316
2011-01-14,3.7500274000705804,1.0034300013812627
2011-01-18,3.756428990202267,1.003424587616447
2011-01-19,3.719468325680943,1.0034587279446843
2011-01-20,3.7145202069531806,1.0034634453897444
2011-01-21,3.722960301566516,1.0034557034470524
2011-01-24,3.7442016131968887,1.0034364264267792
2011-01-25,3.746239666603782,1.0034346660730062
2011-01-26,3.760790760549004,1.0034214855411967
2011-01-27,3.7701033953486256,1.0034131425058546
2011-01-28,3.7040406060052944,1.0034741264866964
2011-01-31,3.7319758883646954,1.0034484472251122
2011-02-01,3.79192657490181,1.0033940339086964
2011-02-02,3.7846507104793896,1.003400665966275
2011-02-03,3.793090512420166,1.003393207162597
2011-02-04,3.803856900435569,1.0033837087520154
2011-02-07,3.827719937954458,1.0033629316359727
2011-02-08,3.845181156803702,1.0033477667351014
2011-02-09,3.8364503760079898,1.0033554911144171
2011-02-10,3.8379043052168837,1.0033543247017365
2011-02-11,3.86089416151286,1.0033344535488846
2011-02-14,3.870205435132501,1.003326737447247
2011-02-15,3.857983330242299,1.0033373798817184
2011-02-16,3.88242868424231,1.0033164690482836
2011-02-17,3.894068496927316,1.0033066572073404
2011-02-18,3.9022161115965233,1.003299851627792
2011-02-22,3.823639719873569,1.0033680700576364
2011-02-23,3.8000687448938852,1.0033890654316024
2011-02-24,3.7974472188683066,1.0033915091007728
2011-02-25,3.838190033672337,1.0033556117366802
2011-02-28,3.8620510440455025,1.0033351894061067
2011-03-01,3.797445218113476,1.0033920377563013
2011-03-02,3.805593107500461,1.0033848810176385
2011-03-03,3.8713643433669755,1.0033274777376624
2011-03-04,3.842260061301947,1.0033527864512677
2011-03-07,3.811992287661336,1.00337971915444
2011-03-08,3.8454605279702756,1.003350406292289
2011-03-09,3.8399306352696776,1.0033553332556866
2011-03-10,3.768630866449754,1.0034189167655367
2011-03-11,3.7948219033559356,1.0033954206085485
2011-03-14,3.771830215764998,1.003416421080783
2011-03-15,3.7284675341051203,1.003456257822813
2011-03-16,3.6592041800063333,1.003521785833625
2011-03-17,3.707804840110177,1.003475728192976
2011-03-18,3.721335706733204,1.0034631928307356
2011-03-21,3.7792080074429704,1.0034104596853721
2011-03-22,3.7660548716027833,1.0034224740271043
2011-03-23,3.776869243867839,1.0034127772482553
2011-03-24,3.8131124791474202,1.0033804401045865
2011-03-25,3.8248023202277204,1.003370209020695
2011-03-28,3.8154489260781883,1.0033787736040631
2011-03-29,3.841168727790867,1.003356251983894
2011-03-30,3.867766923373495,1.0033332718704255
2011-03-31,3.8625058453800554,1.0033379126760664
2011-04-01,3.8788719522878283,1.0033239282957414
2011-04-04,3.8820869029497835,1.0033214676656557
2011-04-05,3.8815023974421643,1.0033220643105534
2011-04-06,3.8937769615042837,1.0033116890667995
2011-04-07,3.8838396316537995,1.0033202588930759
2011-04-08,3.870394305040344,1.0033318880427051
2011-04-11,3.858701221681049,1.0033422703867758
2011-04-12,3.8297651573808,1.0033676200234567
2011-04-13,3.8294711120695193,1.003367975489787
2011-04-14,3.832395780300098,1.0033655029759752
2011-04-15,3.846424199921221,1.0033533268400183
2011-04-18,3.803165777771901,1.0033917669138348
2011-04-19,3.8250868403089338,1.0033724280100653
2011-04-20,3.877405536051277,1.003327019705947
2011-04-21,3.8972790721475468,1.003310150241656
2011-04-25,3.8931863162093414,1.003314015000153
2011-04-26,3.9267978971881696,1.0032857448774846
2011-04-27,3.9525200527427327,1.0032644576472252
2011-04-28,3.9653793361522234,1.0032539658707547
2011-04-29,3.9747315003158783,1.003246402096969
2011-05-02,3.9685936575518017,1.003251700925244
2011-05-03,3.9542702292915175,1.003263573339802
2011-05-04,3.927964370302595,1.0032855224365553
2011-05-05,3.892306564495221,1.0033157149970018
2011-05-06,3.9095499160961533,1.0033011830467597
2011-05-09,3.924748233951615,1.0032886751272392
2011-05-10,3.958359536420266,1.003260842278248
2011-05-11,3.9165620657354245,1.0032957349210074
2011-05-12,3.9352696901599318,1.0032801601004282
2011-05-13,3.904871407247951,1.003305787566687
2011-05-16,3.880025000973099,1.0033272383969123
2011-05-17,3.8794396245751304,1.0033278352683734
2011-05-18,3.9142212330448016,1.0032983582393462
2011-05-19,3.923574270976316,1.0032905902529228
2011-05-20,3.8923010970826115,1.0033171243281027
2011-05-23,3.8469951650672054,1.0033564796329766
2011-05-24,3.843778998034772,1.0033593856242569
2011-05-25,3.8566391586695463,1.0033482808158996
2011-05-26,3.874468966993633,1.0033329692481012
2011-05-27,3.889373443550496,1.0033202924818054
2011-05-31,3.9299999244125914,1.0032863469796625
2011-06-01,3.841436858767038,1.003362210269815
2011-06-02,3.837345229868606,1.003365892102937
2011-06-03,3.7990560517274585,1.0033999124650144
2011-06-06,3.7587194850744945,1.003436692248146
2011-06-07,3.7563817117799068,1.0034389299889046
2011-06-08,3.740597809273296,1.00345354031331
2011-06-09,3.769241215215391,1.0034273936518776
2011-06-10,3.716629268935777,1.0034760112219088
2011-06-13,3.719551734273093,1.0034735798560699
2011-06-14,3.766900785264599,1.0034300164485772
2011-06-15,3.699675325152708,1.0034924424995615
2011-06-16,3.7078580531647813,1.0034848354095791
2011-06-17,3.718962313904811,1.0034745301658372
2011-06-20,3.73805325616411,1.0034570805697451
2011-06-21,3.7894570084775236,1.003410281716105
2011-06-22,3.766543906110937,1.0034311243813514
2011-06-23,3.755675840979664,1.003441149429882
2011-06-24,3.7119089456071537,1.003481820159662
2011-06-27,3.7451015401840846,1.0034512503245059
2011-06-28,3.7941535615640745,1.0034067266640168
2011-06-29,3.826756893767434,1.0033777972354763
2011-06-30,3.8634734246731646,1.0033457898258158
2011-07-01,3.9207509553110493,1.0032970048328649
2011-07-05,3.9175185080841737,1.003300094123994
2011-07-06,3.9222178130542193,1.0032962323119277
2011-07-07,3.96304608008115,1.0032623639940654
2011-07-08,3.934847717734131,1.0032858358464816
2011-07-11,3.863469436508785,1.0033468255549718
2011-07-12,3.8467258341904866,1.0033614881024562
2011-07-13,3.8596494783594273,1.003350327041853
2011-07-14,3.8329194945167377,1.0033737848804465
2011-07-15,3.8552436482694965,1.0033543414755182
2011-07-18,3.8235195975534206,1.0033824562640206
2011-07-19,3.8857898870888814,1.0033283449701
2011-07-20,3.8834389577371775,1.00333045384052
2011-07-21,3.9374860744568245,1.0032848308233093
2011-07-22,3.94012994106571,1.0032827211006903
2011-07-25,3.918097987528093,1.003301465147145
2011-07-26,3.903412438084832,1.0033139813612306
2011-07-27,3.823221133269332,1.0033835906501352
2011-07-28,3.8120605422381764,1.0033935972177763
2011-07-29,3.785917593065328,1.0034171312421298
2011-08-01,3.769759657065983,1.0034320880132672
2011-08-02,3.673121410949057,1.003522490928316
2011-08-03,3.693095859908372,1.00350354095555
2011-08-04,3.5194991813142766,1.0036764532429014
2011-08-05,3.5142100498550093,1.0036820894555638
2011-08-08,3.349278192939983,0.0
2011-08-09,3.349282780992302,0.0
2011-08-10,3.3492855338274645,0.0
2011-08-11,3.3492873690524143,0.0
2011-08-12,3.349290121891348,0.0
2011-08-15,3.34929562757374,0.0
2011-08-16,3.349297462804221,0.0
2011-08-17,3.349300215651451,0.0
2011-08-18,3.3493011332679488,0.0
2011-08-19,3.349302050884698,0.0
2011-08-22,3.3493075565867,0.0
2011-08-23,3.3493084742052086,0.0
2011-08-24,3.349309391823969,0.0
2011-08-25,3.349311227061992,0.0
2011-08-26,3.3493121446815066,0.0
2011-08-29,3.3493148975408036,0.0
2011-08-30,3.349316732781843,0.0
2011-08-31,3.3493176504028663,0.0
2011-09-01,3.3493194856454145,0.0
2011-09-02,3.349321320888968,0.0
2011-09-06,3.349328661867206,0.0
2011-09-07,3.3493304971157873,0.0
2011-09-08,3.3493323323653748,0.0
2011-09-09,3.3493341676159676,0.0
2011-09-12,3.3493369204933656,0.0
2011-09-13,3.3493378381199195,0.0
2011-09-14,3.3493387557467247,0.0
2011-09-15,3.3493396733737812,0.0
2011-09-16,3.349340591001089,0.0
2011-09-19,3.349343343883767,0.0
2011-09-20,3.3493442615120808,0.0
2011-09-21,3.349345179140646,0.0
2011-09-22,3.3493460967694624,0.0
2011-09-23,3.3493460967694624,0.0
2011-09-26,3.3493488496566655,0.0
2011-09-27,3.349350684916309,0.0
2011-09-28,3.349351602546634,0.0
2011-09-29,3.349353437807786,0.0
2011-09-30,3.349355273069943,0.0
2011-10-03,3.3493607788594333,0.0
2011-10-04,3.349362614125613,0.0
2011-10-05,3.3493635317592063,0.0
2011-10-06,3.3493635317592063,0.0
2011-10-07,3.349364449393051,0.0
2011-10-10,3.3493672022953382,0.0
2011-10-11,3.3493681199301886,0.0
2011-10-12,3.349369955200391,0.0
2011-10-13,3.3493717904715994,0.0
2011-10-14,3.349373625743813,0.0
2011-10-17,3.349379131563472,0.0
2011-10-18,3.3493828021159446,0.0
2011-10-19,3.34938647267244,0.0
2011-10-20,3.3493892255928284,0.0
2011-10-21,3.3493919785154795,0.0
2011-10-24,3.3493974843653076,0.0
2011-10-25,3.3493993196516003,0.0
2011-10-26,3.34940023729525,0.0
2011-10-27,3.349402072583051,0.0
2011-10-28,3.349403907871858,0.0
2011-10-31,3.2908993143533967,0.9335589398029945
2011-11-01,3.205220854881472,0.9317828913353731
2011-11-02,3.253935260472935,0.9328041458255213
2011-11-03,3.3092586224548413,0.9339274912886353
2011-11-04,3.290410387883756,0.9335489944142433
2011-11-07,3.3095045364632387,0.9339323284289629
2011-11-08,3.349161972534399,0.9347146180222194
2011-11-09,3.233617219329362,0.9323817991567402
2011-11-10,3.2620134069680917,0.9329704047125451
2011-11-11,3.3192968286010567,0.934127163165465
2011-11-14,3.2899213357981303,0.9335389342808276
2011-11-15,3.3050988830912607,0.9338441160920874
2011-11-16,3.2561381953531163,0.9328493495053177
2011-11-17,3.207913318179318,0.9318398484821769
2011-11-18,3.2047313119455185,0.931772134276167
2011-11-21,3.147938023582938,0.9305411492512584
2011-11-22,3.1364317056123032,0.9302862942099192
2011-11-23,3.090531118333405,0.0
2011-11-25,3.090534505216822,0.0
2011-11-28,3.090539585547516,0.0
2011-11-29,3.0905421257170382,0.0
2011-11-30,3.090543819164778,0.0
2011-12-01,3.0905446658891123,0.0
2011-12-02,3.0905455126136787,0.0
2011-12-05,3.0905505929624666,0.0
2011-12-06,3.0905514396886566,0.0
2011-12-07,3.094973075992536,1.0056340493301925
2011-12-08,3.026697625330752,1.005761301732563
2011-12-09,3.0782719759808166,1.0056649317967978
2011-12-12,3.0330808101034794,1.0057498133077687
2011-12-13,3.0045912260753775,1.0058044937463337
2011-12-14,2.9724182119934013,1.005867483082158
2011-12-15,2.9832237389277183,1.0058463922593743
2011-12-16,2.987672379374755,1.005837846925221
2011-12-19,2.9555417230377854,1.0059017970991797
2011-12-20,2.97988474710238,0.0
2011-12-21,2.9804866311964644,1.0017345016822923
2011-12-22,3.0069354384180156,1.0017192926927023
2011-12-23,3.0338661857690887,1.0017040781843805
2011-12-27,3.0362693964689798,1.001702917871036
2011-12-28,2.9963560400489775,1.0017256500357727
2011-12-29,3.0273731000109727,1.0017080170879067
2011-12-30,3.012465477257176,1.0017165174255223
2012-01-03,3.060553813663341,1.0016897358495682
2012-01-04,3.0653643122346725,1.0016871312806888
2012-01-05,3.0735386866550565,1.0016826912131513
2012-01-06,3.0656033362854043,1.0016870940240619
2012-01-09,3.073057115236753,1.0016831430296853
2012-01-10,3.0997473658679455,1.0016686965676072
2012-01-11,3.1014297510201083,1.00166783798208
2012-01-12,3.108883108886432,1.0016638859384546
2012-01-13,3.0927737115461107,1.0016725998552
2012-01-17,3.1047953562427284,1.001666311681337
2012-01-18,3.139179603073075,1.0016481066450365
2012-01-19,3.155768991611218,1.0016394890675397
2012-01-20,3.167551758277615,1.0016334374283393
2012-01-23,3.159376319392115,1.0016378055660835
2012-01-24,3.155768248815176,1.0016397248306848
2012-01-25,3.182217525065749,1.0016261424485051
2012-01-26,3.165867866314891,1.0016345869951067
2012-01-27,3.1644259211059422,1.001635378876966
2012-01-30,3.153604067910678,1.0016411337833602
2012-01-31,3.1524016724954205,1.0016418069766286
2012-02-01,3.180052482283806,1.001627578599406
2012-02-02,3.185102524875001,1.001625045233304
2012-02-03,3.229825043197091,1.0016025910869408
2012-02-06,3.227661534153098,1.0016038076602352
2012-02-07,3.235836136637118,1.0015998033409692
2012-02-08,3.2454556126798497,1.0015951087470207
2012-02-09,3.2495420074273813,1.0015931504256603
2012-02-10,3.2254971589074106,1.0016050746841103
2012-02-13,3.2495413890091402,1.0015933410382423
2012-02-14,3.245454682208506,1.00159539590418
2012-02-15,3.2303053648792983,1.001602927092737
2012-02-16,3.266131396579276,1.001585392877593
2012-02-17,3.274788883150702,1.0015812492623373
2012-02-21,3.276229824230256,1.001580742602668
2012-02-22,3.2656513691135394,1.0015859100411795
2012-02-23,3.2800776994104215,1.0015789820953396
2012-02-24,3.2872903138049336,1.001575564714495
2012-02-27,3.292820558315321,1.001573060785418
2012-02-28,3.3024378982059717,1.0015685278559026
2012-02-29,3.2894530534814597,1.0015747669475936
2012-03-01,3.306524611585182,1.0015666827946703
2012-03-02,3.2964262028861513,1.0015715287343503
2012-03-05,3.2829593552521694,1.0015781139915916
2012-03-06,3.2348705242449283,1.00160162125529
2012-03-07,3.257472084973024,1.0015905556690943
2012-03-08,3.289933298142491,1.0015749085250634
2012-03-09,3.3026771000900017,1.0015688779593361
2012-03-12,3.30291618569557,1.0015689049382945
2012-03-13,3.3625487844765263,1.0015411274588557
2012-03-14,3.3589416548391497,1.0015428281077414
2012-03-15,3.37841841465024,1.0015339794304532
2012-03-16,3.3831025016321483,1.0015319008797412
2012-03-19,3.3963849796631176,1.0015260466736562
2012-03-20,3.3864832734699597,1.0015305547919113
2012-03-21,3.380928496845393,1.001533115655284
2012-03-22,3.3565366323030865,1.0015443028830993
2012-03-23,3.3674042762798675,1.0015393644921324
2012-03-26,3.41473691776737,1.0015181616731297
2012-03-27,3.404110645796634,1.0015229462450945
2012-03-28,3.3872058963652627,1.0015305926190128
2012-03-29,3.381409677638556,1.0015332620596413
2012-03-30,3.3954175085690785,1.0015269813330085
2012-04-02,3.420290702481332,1.0015160100638651
2012-04-03,3.4062842231044255,1.0015222888671724
2012-04-04,3.372473223483397,1.001537596190428
2012-04-05,3.3707836757798906,1.0015384124030386
2012-04-09,3.332866966455408,1.0015560984645542
2012-04-10,3.2768377204211707,1.0015827527907073
2012-04-11,3.303402976786591,1.0015700715187916
2012-04-12,3.3466309108566685,1.001549837419775
2012-04-13,3.3067826390936568,1.0015685605234539
2012-04-16,3.3046089463279213,1.0015697329033362
2012-04-17,3.3536355495022887,1.0015468308371471
2012-04-18,3.3422835281399124,1.0015521305521213
2012-04-19,3.3207887514263383,1.0015622229665373
2012-04-20,3.326343456473153,1.0015596599098864
2012-04-23,3.298328213664861,1.0015730469256414
2012-04-24,3.310886908730757,1.0015671264890087
2012-04-25,3.3562887809463677,1.0015459735028862
2012-04-26,3.3797150352241134,1.0015353035449788
2012-04-27,3.38526902726826,1.0015328304452755
2012-04-30,3.372710423928315,1.0015386759192406
2012-05-01,3.3937227153263487,1.0015291952652978
2012-05-02,3.3835781466142922,1.0015338258678117
2012-05-03,3.357737622388747,1.001545675640116
2012-05-04,3.303399427478465,1.0015711476468443
2012-05-07,3.30581364259426,1.0015701383214968
2012-05-08,3.2925307805418447,1.0015765201477294
2012-05-09,3.272968258904327,1.0015859903650437
2012-05-10,3.2797304151524123,1.0015827676310027
2012-05-11,3.269828708717882,1.0015876084176258
2012-05-14,3.233603905168098,1.0016055389208038
2012-05-15,3.2150066826030144,1.00161487483488
2012-05-16,3.2026907794232393,1.0016211332242426
2012-05-17,3.1551144208756035,1.0016456280843666
2012-05-18,3.1280652560537554,1.0016599082662785
2012-05-21,3.18192018480876,1.0016319586853342
2012-05-22,3.187474176737224,1.0016291637407038
2012-05-23,3.1891660197328293,1.0016283481001618
2012-05-24,3.1954441053987486,1.001625197418209
2012-05-25,3.185058801800053,1.0016305457266335
2012-05-29,3.223698607465876,1.0016111941627281
2012-05-30,3.1768477642830146,1.0016350042157403
2012-05-31,3.1698436205573484,1.001638664986759
2012-06-01,3.0899062644759856,1.0016811073157246
2012-06-04,3.088456673317147,1.001682044271238
2012-06-05,3.0815731682144683,0.0
2012-06-06,3.08157992234744,0.0
2012-06-07,3.0815875207636862,0.0
2012-06-08,3.081595119198669,0.0
2012-06-11,3.0816179145598244,0.0
2012-06-12,3.0816255130697505,0.0
2012-06-13,3.0816339558793753,0.0
2012-06-14,3.081642398712131,0.0
2012-06-15,3.0816516858536067,0.0
2012-06-18,3.0873264893470225,1.0042966333745897
2012-06-19,3.117316967762469,1.0042554253994724
2012-06-20,3.112239133034008,1.0042624957093162
2012-06-21,3.0421086270099575,1.0043608903354295
2012-06-22,3.0656388777028827,1.004327547637495
2012-06-25,3.016268141589358,1.0043987756428057
2012-06-26,3.031493533807943,1.0043768151043526
2012-06-27,3.0589465300849246,1.0043376654097067
2012-06-28,3.0501796732741195,1.0043502626789251
2012-06-29,3.1265410648575256,1.0042441403378997
2012-07-02,3.135997845472918,1.0042317209721694
2012-07-03,3.1567607072853376,1.0042040145009006
2012-07-05,3.142455984411697,1.0042234037591282
2012-07-06,3.112465388386433,1.0042642251279663
2012-07-09,3.1085425857386446,1.0042699853364427
2012-07-10,3.0813195960987594,1.0043078386481807
2012-07-11,3.0817801306158756,1.0043073235199667
2012-07-12,3.066784066523743,1.0043285160601876
2012-07-13,3.1184616928167808,1.0042569142897662
2012-07-16,3.111077049736203,1.0042674045475755
2012-07-17,3.132532769953117,1.0042383034529252
2012-07-18,3.155831538950179,1.0042071398326793
2012-07-19,3.1641362222042724,1.004196222960167
2012-07-20,3.1350679341122145,1.004235256730498
2012-07-23,3.1032310179545246,1.0042790907407897
2012-07-24,3.076468730469574,1.004316444751476
2012-07-25,3.077160513977964,1.0043156044170296
2012-07-26,3.1281450565887563,1.0042453938289841
2012-07-27,3.1860505328298045,1.0041683618782606
2012-07-30,3.186049321201405,1.0041687437552445
2012-07-31,3.163670710184812,1.0041983595454103
2012-08-01,3.160901571420726,1.0042021653473798
2012-08-02,3.138985469610828,1.00423163199606
2012-08-03,3.2015036364917377,1.0041491216403164
2012-08-06,3.2077318748754284,1.0041414365624977
2012-08-07,3.223880478141501,1.0041208160531154
2012-08-08,3.2278001239608387,1.0041159371483939
2012-08-09,3.230570479363962,1.0041125326146274
2012-08-10,3.235875842302629,1.004105914794773
2012-08-13,3.234259020866286,1.0041083387663365
2012-08-14,3.2347202225586047,1.004107877926094
2012-08-15,3.2384106400829067,1.0041033214659973
2012-08-16,3.2624033957128886,1.0040732659669
2012-08-17,3.2667866790662305,1.0040679220488908
2012-08-20,3.2670156165401405,1.004068001403264
2012-08-21,3.257095862134608,1.0040805149260543
2012-08-22,3.258478925556942,1.0040789069886369
2012-08-23,3.231717758838614,1.0041128086196485
2012-08-24,3.2513266019439886,1.0040881284741463
2012-08-27,3.252017134017453,1.0040876299356432
2012-08-28,3.248787738873091,1.0040918175980982
2012-08-29,3.251324595337314,1.0040887481631013
2012-08-30,3.2277912910110103,1.0041186849424413
2012-08-31,3.2432490600014283,1.0040991782593522
2012-09-04,3.240248384108858,1.0041034644676048
2012-09-05,3.2374790236072264,1.0041070983694949
2012-09-06,3.303459226114701,1.0040251894371008
2012-09-07,3.3163781596106743,1.0040096312660638
2012-09-10,3.2974603327528937,1.0040330027905764
2012-09-11,3.3066877733607702,1.0040218697430958
2012-09-12,3.3177605122895923,1.0040085679029864
2012-09-13,3.3685131266495296,1.0039482907161719
2012-09-14,3.3835083898785814,1.0039309108743495
2012-09-17,3.3719731058204445,1.0039447181005545
2012-09-18,3.3692037415166767,1.0039480805782284
2012-09-19,3.371048638970889,1.0039460388025871
2012-09-20,3.3712785874152984,1.00394588964549
2012-09-21,3.3698643464635127,1.003947665677333
2012-09-24,3.364760049437944,1.0039540149378283
2012-09-25,3.3288110827527353,1.003996837238223
2012-09-26,3.310024762772249,1.0040196438568594
2012-09-27,3.3413348169805084,1.0039820987880625
2012-09-28,3.325794366712437,1.0040008254272939
2012-10-01,3.334607314544388,1.0039906125112485
2012-10-02,3.338085832028585,1.003986573063135
2012-10-03,3.351768716559631,1.0039704172896515
2012-10-04,3.375889470474437,1.0039421663517563
2012-10-05,3.3761203221979366,1.003942015591933
2012-10-08,3.364522950042393,1.0039559644385523
2012-10-09,3.3311242876116176,1.00399574941121
2012-10-10,3.3097860920028688,1.0040216312094983
2012-10-11,3.3116411121240144,1.0040194996194456
2012-10-12,3.300738986254061,1.0040328973005765
2012-10-15,3.3283385128705865,1.0039998202545513
2012-10-16,3.3621990962261292,1.0039596586253312
2012-10-17,3.377507498783924,1.0039418293600664
2012-10-18,3.3686938428890008,1.0039522627230515
2012-10-19,3.3123336709456055,1.004019632581142
2012-10-22,3.312796772405998,1.0040194340379422
2012-10-23,3.2666429920596856,1.0040763467055491
2012-10-24,3.2573641310502692,1.0040880828223502
2012-10-25,3.2668727600784218,1.0040763079225894
2012-10-26,3.265017833652015,1.0040787477951174
2012-10-31,3.2650157904675763,1.004079376128395
2012-11-01,3.2993413537133947,1.0040370580358273
2012-11-02,3.2698847936155846,1.0040735472746078
2012-11-05,3.27661062714906,1.0040655497811304
2012-11-06,3.302354417067498,1.0040339791090833
2012-11-07,3.227208554475853,1.0041280351046744
2012-11-08,3.1882429566647033,1.0041786124426229
2012-11-09,3.1910263619290657,1.0041750934262765
2012-11-12,3.193575472774609,1.0041721346121935
2012-11-13,3.1824407476461274,1.0041868571071006
2012-11-14,3.1393040475275105,1.0042445171506194
2012-11-15,3.1339690848614348,1.0042518707364798
2012-11-16,3.1495082935974366,1.0042310178223264
2012-11-19,3.2135198411887007,1.0041470995521127
2012-11-20,3.214909659436226,1.0041454305358146
2012-11-21,3.2209400590766495,1.0041377916900907
2012-11-23,3.2650066356251837,1.0040821914943237
2012-11-26,3.2580469259809663,1.0040912815719105
2012-11-27,3.2413486326833523,1.0041124823562226
2012-11-28,3.267554931579462,1.0040796225517563
2012-11-29,3.282862655108306,1.004060721975388
2012-11-30,3.283557140169354,1.0040599843567002
2012-12-03,3.2673214706224023,1.0040805210367993
2012-12-04,3.262682290703984,1.0040864462440675
2012-12-05,3.2684805302609212,1.0040793198792741
2012-12-06,3.279611981177118,1.0040655966316843
2012-12-07,3.289585593422169,1.0040533924043404
2012-12-10,3.29097551488544,1.0040520434673803
2012-12-11,3.31347254942387,1.004024652042842
2012-12-12,3.3150956484453884,1.0040228005662648
2012-12-13,3.294685398612711,1.0040478400767
2012-12-14,3.282393070372371,1.0040631169433976
2012-12-17,3.321123624342951,1.0040160766130999
2012-12-18,3.358230541214016,1.0039718150513732
2012-12-19,3.33318376638815,1.0040017769503373
2012-12-20,3.352432928407238,1.0039789138119242
2012-12-21,3.3218826519476847,1.0040156232054003
2012-12-24,3.3116017630966486,1.0040284406737416
2012-12-26,3.2975872487659115,1.004045796238891
2012-12-27,3.2931496310889625,1.0040513690528718
2012-12-28,3.2574123560215824,1.0040959380679035
2012-12-31,3.3130014512264205,1.0040275463353443
2013-01-02,3.3982553561316324,1.0039267309693503
2013-01-03,3.3905471346355713,1.0039357746275082
2013-01-04,3.4054958383387937,1.0039186141661087
2013-01-07,3.396150971983743,1.0039297422164517
2013-01-08,3.3863416829619934,1.0039412411198905
2013-01-09,3.3949829027641196,1.0039313247575805
2013-01-10,3.422077784403918,1.0039003110926221
2013-01-11,3.4218434445424593,1.0039006914766948
2013-01-14,3.4195056726412627,1.0039037014966894
2013-01-15,3.421841875712841,1.0039011517402596
2013-01-16,3.4213737975316896,1.0039018019729518
2013-01-17,3.4435635480233304,1.0038767741169359
2013-01-18,3.4512707583743625,1.003868230087242
2013-01-22,3.4699549890878596,1.0038478566783036
2013-01-23,3.475561349553094,1.003841763446212
2013-01-24,3.476495413727605,1.0038408448854417
2013-01-25,3.4961150637412537,1.0038194036748247
2013-01-28,3.491909261684256,1.0038243433707243
2013-01-29,3.5056900071625825,1.0038094216801416
2013-01-30,3.4919084787106844,1.0038245684533507
2013-01-31,3.4832662512001655,1.0038341698711846
2013-02-01,3.51923601736488,1.0037950924471226
2013-02-04,3.479526634103906,1.0038387375747322
2013-02-05,3.5147949933959723,1.0038003300957181
2013-02-06,3.51736605193251,1.0037976635269132
2013-02-07,3.5126929141612884,1.003802827254383
2013-02-08,3.53231369244283,1.0037818147279312
2013-02-11,3.531611335748904,1.0037828995029736
2013-02-12,3.5374493950261785,1.003776769145393
2013-02-13,3.540486326064937,1.003773642226465
2013-02-14,3.5437551810896992,1.003770274938751
2013-02-15,3.53955173270657,1.003774867179819
2013-02-19,3.566176811917301,1.003747135673198
2013-02-20,3.521564183235355,1.0037947223718477
2013-02-21,3.500075259471533,1.0038181374550716
2013-02-22,3.5344093622953143,1.0037811642063739
2013-02-25,3.466904800023097,1.0038551457751588
2013-02-26,3.4907299515719252,1.0038289508770992
2013-02-27,3.5348742981773005,1.0037812521282894
2013-02-28,3.5278676968190585,1.003788877189408
2013-03-01,3.539546006437037,1.0037764910845313
2013-03-04,3.558464325017243,1.0037567563508534
2013-03-05,3.5904627367949775,1.0037233891491506
2013-03-06,3.595368139844205,1.0037184190996111
2013-03-07,3.6019076020064134,1.0037117799628816
2013-03-08,3.617324427086645,1.003696071958947
2013-03-11,3.6311032304909094,1.0036823795186516
2013-03-12,3.622926196560896,1.0036908019664947
2013-03-13,3.628065994353273,1.0036856843641628
2013-03-14,3.6474523627516646,1.0036662042716482
2013-03-15,3.642619496165401,1.0036711790644115
2013-03-18,3.622440591841853,1.0036919601972727
2013-03-19,3.6139938488754373,1.0037006976487275
2013-03-20,3.639332509535255,1.0036750394673981
2013-03-21,3.608127387043992,1.0037069319491119
2013-03-22,3.637220306352021,1.0036773892292432
2013-03-25,3.621968143113273,1.0036931995421539
2013-03-26,3.651059259077834,1.0036638810659837
2013-03-27,3.6510588669287873,1.0036639888664458
2013-03-28,3.6623205685894935,1.0036528311160275
2013-04-01,3.6477716693384896,1.003667830234903
2013-04-02,3.6658393603509403,1.0036498607242221
2013-04-03,3.6285341578735713,1.0036874932825044
2013-04-04,3.6433143772428567,1.0036726404922975
2013-04-05,3.6268907623399804,1.0036893794265072
2013-04-08,3.6515245319995366,1.0036648125560137
2013-04-09,3.664192428817504,1.0036522495780915
2013-04-10,3.7092402198250487,1.0036079987013096
2013-04-11,3.7214397622218094,1.003596276460917
2013-04-12,3.712288237840966,1.003605247678318
2013-04-15,3.625947895579019,1.0036914166915096
2013-04-16,3.679675314810887,1.0036376234724091
2013-04-17,3.6257149655318766,1.0036918682649514
2013-04-18,3.6029543976630687,1.0037152984123205
2013-04-19,3.634392245333098,1.0036832666723472
2013-04-22,3.6505796856081703,1.0036672507525315
2013-04-23,3.688352240177442,1.0036297987149574
2013-04-24,3.6906994758415688,1.0036275945638236
2013-04-25,3.705711172723879,1.0036130042369473
2013-04-26,3.699144152966161,1.0036195224544158
2013-04-29,3.7240112213005236,1.0035956633932552
2013-04-30,3.732926441224449,1.0035871791838085
2013-05-01,3.7000798356670184,1.0036191276487587
2013-05-02,3.734569406597857,1.0035858083406648
2013-05-03,3.7725750134848632,1.0035497863694158
2013-05-06,3.782194244013485,1.0035410637926387
2013-05-07,3.801431035664378,1.003523244950931
2013-05-08,3.818793959802986,1.0035073257324398
2013-05-09,3.8080011811441774,1.0035173665435522
2013-05-10,3.820435361328749,1.0035060186409852
2013-05-13,3.8234841438138,1.0035035224537796
2013-05-14,3.863132815193111,1.0034676643400697
2013-05-15,3.8840135675165683,1.0034491211312955
2013-05-16,3.8657118215308666,1.0034655493205507
2013-05-17,3.903250880838603,1.003432316659282
2013-05-20,3.9030162333169733,1.0034328164187498
2013-05-21,3.9086446489201836,1.003427971801869
2013-05-22,3.879552755381492,1.0034537757975555
2013-05-23,3.8682920720800653,1.0034639285102898
2013-05-24,3.8650060072965604,1.003466973307159
2013-05-28,3.88823143893245,1.003446656941118
2013-05-29,3.8628913258221873,1.0034693664064027
2013-05-30,3.8772043186082925,1.0034566584133526
2013-05-31,3.8213644848287536,1.0035072688960947
2013-06-03,3.842479328936505,1.0034882942219652
2013-06-04,3.8239440767346387,1.0035053033616645
2013-06-05,3.7702161118205493,1.0035553574527347
2013-06-06,3.804470833973155,1.003523447055975
2013-06-07,3.853034885258113,1.0034791372457625
2013-06-10,3.853033739385785,1.0034794356752736
2013-06-11,3.813148095202832,1.003515931817805
2013-06-12,3.7814759744435507,1.003545481837966
2013-06-13,3.839192057526309,1.0034922816760559
2013-06-14,3.815025304730091,1.0035145050684442
2013-06-17,3.8445858134055375,1.0034877834812066
2013-06-18,3.875084702075556,1.0034604323940677
2013-06-19,3.821357183242379,1.003509186328737
2013-06-20,3.726336643234307,1.003598773119959
2013-06-21,3.738344306346884,1.003587316957096
2013-06-24,3.6909349760679837,1.0036337089013951
2013-06-25,3.726549091851962,1.0035990865648916
2013-06-26,3.7635768190746743,1.0035637806583648
2013-06-27,3.785748353769768,1.0035430119849988
2013-06-28,3.7701802419659005,1.0035577453743751
2013-07-01,3.792351469519599,1.0035372480608133
2013-07-02,3.788811209867333,1.0035406541417446
2013-07-03,3.7904615443629908,1.0035392124421008
2013-07-05,3.8315013952107826,1.0035015047918572
2013-07-08,3.8534337213005916,1.0034818731188375
2013-07-09,3.881265554144196,1.0034570047000257
2013-07-10,3.882677883469548,1.0034558456750218
2013-07-11,3.935747318404601,1.0034093443518601
2013-07-12,3.9373967493103863,1.0034080132318022
2013-07-15,3.9524918208088344,1.0033952877961683
2013-07-16,3.9376300719749167,1.00340819969679
2013-07-17,3.94777242290737,1.0033995395092563
2013-07-18,3.969472014735813,1.0033810509291765
2013-07-19,3.9765464418792726,1.0033751311519057
2013-07-22,3.9843287168899004,1.0033688239466336
2013-07-23,3.9758376675769815,1.0033761148126228
2013-07-24,3.9612125777055844,1.0033886743728178
2013-07-25,3.9708825249807513,1.003380517619511
2013-07-26,3.975130632643338,1.0033769993259596
2013-07-29,3.962862750118778,1.0033877403174043
2013-07-30,3.9628623712720814,1.0033878362405262
2013-07-31,3.9656937107181953,1.0033855139283552
2013-08-01,4.011682490747185,1.0033467987236548
2013-08-02,4.018522511909216,1.003341197257789
2013-08-05,4.012626217536563,1.0033463929541735
2013-08-06,3.9897480011373956,1.0033656788293746
2013-08-07,3.9767745166278337,1.0033767549399246
2013-08-08,3.9913965955511577,1.0033644813223892
2013-08-09,3.9798412178721967,1.003374347084194
2013-08-12,3.975124121528644,1.0033786428224953
2013-08-13,3.9869158244595697,1.003368747977192
2013-08-14,3.966395572977246,1.0033862746214395
2013-08-15,3.9107320986879186,1.0034345720208926
2013-08-16,3.897761759756412,1.0034461001637287
2013-08-19,3.8727574042655646,1.0034686491413998
2013-08-20,3.8918637140416132,1.0034517207559455
2013-08-21,3.867804492226503,1.0034732907401136
2013-08-22,3.903181288169806,1.0034419083595723
2013-08-23,3.916389312929402,1.0034303973223075
2013-08-26,3.9017643606249752,1.0034435469508096
2013-08-27,3.838791231950188,1.0035001360548994
2013-08-28,3.852470753049294,1.0034878079505218
2013-08-29,3.8586026221472127,1.0034823635936299
2013-08-30,3.8463377501060227,1.0034935654817645
2013-09-03,3.863790420539829,1.0034781776715354
2013-09-04,3.8958662475098156,1.0034496371971218
2013-09-05,3.9008189109182365,1.003445353653692
2013-09-06,3.9027059000893605,1.0034437840325126
2013-09-09,3.9402068683095477,1.0034112937387891
2013-09-10,3.9694514231429965,1.0033862559844442
2013-09-11,3.9819517458410747,1.0033757200293287
2013-09-12,3.9713357870826487,1.0033848384078106
2013-09-13,3.980299385368466,1.0033773092339953
2013-09-16,4.0034118514370896,1.0033580901230152
2013-09-17,4.021334917168521,1.0033432165596368
2013-09-18,4.068034562625111,1.003304929025887
2013-09-19,4.061194236786126,1.0033105871692252
2013-09-20,4.032707479461337,1.003334065175446
2013-09-23,4.0139802857309075,1.0033498982948943
2013-09-24,4.004501694685119,1.0033579212854087
2013-09-25,3.992886939668034,1.003367783124054
2013-09-26,4.00829321903838,1.0033549324615096
2013-09-27,3.989807023986082,1.0033705693987365
2013-09-30,3.9684744008103094,1.0033889720629041
2013-10-01,3.999995940640507,1.0033623595905392
2013-10-02,3.996201939158056,1.0033656458719655
2013-10-03,3.9592285603237487,1.003397170992424
2013-10-04,3.989330186273121,1.0033716326657327
2013-10-07,3.9547266107193852,1.0034014221425254
2013-10-08,3.908508515201004,1.003441741064343
2013-10-09,3.911352447633834,1.0034393375219148
2013-10-10,3.9959626897090406,1.0033666100681662
2013-10-11,4.021795579555312,1.003345081806575
2013-10-14,4.037912795219622,1.0033320257544573
2013-10-15,4.008523496052974,1.0033565544881646
2013-10-16,4.064691860505228,1.0033102749793406
2013-10-17,4.091946441647616,1.0032883258510488
2013-10-18,4.119677493955443,1.0032662848888916
2013-10-21,4.11991254552638,1.00326637772328
2013-10-22,4.143848176208715,1.003247603055438
2013-10-23,4.123941606061344,1.0032633724559124
2013-10-24,4.137688166540675,1.0032526232922652
2013-10-25,4.156647816587983,1.0032378785222624
2013-10-28,4.1632819117407545,1.0032329953674413
2013-10-29,4.185559630763829,1.003215879317359
2013-10-30,4.164701504774054,1.0032320775349157
2013-10-31,4.152853689565861,1.003241390791836
2013-11-01,4.162807524138693,1.0032337323256153
2013-11-04,4.177499474272149,1.00322263497879
2013-11-05,4.164227695983133,1.0032329988155209
2013-11-06,4.185556554913155,1.0032166165531837
2013-11-07,4.132467454214683,1.0032580335959758
2013-11-08,4.188400099709747,1.0032146177041374
2013-11-11,4.189111581203794,1.003214351751827
2013-11-12,4.18057643229378,1.003221007775879
2013-11-13,4.2142341134849675,1.0031953772072664
2013-11-14,4.235323610114071,1.0031795601281055
2013-11-15,4.25381128782126,1.0031658349722086
2013-11-18,4.23887809036456,1.0031772699445167
2013-11-19,4.229634324946443,1.0031843088827814
2013-11-20,4.21636343523388,1.0031944259259467
2013-11-21,4.250491720269766,1.0031688708243247
2013-11-22,4.2718210215458425,1.0031531410107577
2013-11-25,4.267554257655213,1.0031565711486812
2013-11-26,4.268737567444459,1.0031557895095455
2013-11-27,4.2791655938584094,1.003148191358596
2013-11-29,4.27632138442079,1.0031504699429998
2013-12-02,4.265179584711914,1.0031589750167182
2013-12-03,4.246693820397301,1.0031728172353265
2013-12-04,4.246219225893618,1.003173264009448
2013-12-05,4.227495906354605,1.0031874107639243
2013-12-06,4.274896939333693,1.0031521595653792
2013-12-09,4.285795240505174,1.0031444179019495
2013-12-10,4.270390889740104,1.0031558531024145
2013-12-11,4.222277765561231,1.0031919078178584
2013-12-12,4.208295574478153,1.0032026069113438
2013-12-13,4.207821426087557,1.0032030616847378
2013-12-16,4.234128620636635,1.003183440587546
2013-12-17,4.220617033434776,1.0031937254523904
2013-12-18,4.292902933020738,1.003140040063105
2013-12-19,4.287926103659291,1.0031437767430316
2013-12-20,4.3129482545123174,1.0031256284673926
2013-12-23,4.336059301224221,1.003109242394245
2013-12-24,4.345592459989372,1.0031025124304895
2013-12-26,4.367752346029446,1.0030869527443904
2013-12-27,4.367512599630018,1.003087212696061
2013-12-30,4.366796959662282,1.0030879901850893
2013-12-31,4.387529232354771,1.0030734886858448
2014-01-02,4.34534955138818,1.0031035045451757
2014-01-03,4.344634251978707,1.0031041064997528
2014-01-06,4.332003693870879,1.0031134307403708
2014-01-07,4.3586909583260685,1.003094456934517
2014-01-08,4.359644379323522,1.003093868351916
2014-01-09,4.362504507411993,1.0030919289054276
2014-01-10,4.374417691252848,1.0030835962795446
2014-01-13,4.316035544013344,1.0031255771863303
2014-01-14,4.363216582542802,1.003091866437557
2014-01-15,4.386805782990559,1.0030753281465132
2014-01-16,4.3810852662011746,1.0030794314365699
2014-01-17,4.362501425095217,1.0030926376380511
2014-01-21,4.375367246112074,1.0030838985178963
2014-01-22,4.378226927844653,1.003081972052014
2014-01-23,4.342243338353308,1.0031076004848036
2014-01-24,4.249309023777441,1.0031756555979472
2014-01-27,4.22833900050736,1.0031916777429875
2014-01-28,4.253596006677378,1.0031728174662384
2014-01-29,4.212610784367898,1.0032037785195205
2014-01-30,4.25740865548303,1.0031701576206422
2014-01-31,4.232387535613645,1.0031889881412408
2014-02-03,4.1368322088461715,1.00326292305583
2014-02-04,4.1659021866259405,1.0032402473440356
2014-02-05,4.1606608144153245,1.0032444234487328
2014-02-06,4.215704882877187,1.0032021551807042
2014-02-07,4.268128686182615,1.0031629170434437
2014-02-10,4.275990532825118,1.0031573819432742
2014-02-11,4.32293310492662,1.0031231876022808
2014-02-12,4.325078778472558,1.0031217279880438
2014-02-13,4.347476618083824,1.003105734444371
2014-02-14,4.371543174461141,1.003088723674548
2014-02-18,4.376785794696809,1.0030853687728873
2014-02-19,4.347712790601659,1.0031060898771758
2014-02-20,4.37344894501031,1.0030879013427954
2014-02-21,4.368443778104734,1.003091528253442
2014-02-24,4.392748901129031,1.0030746881240027
2014-02-25,4.391080253120042,1.0030759450153006
2014-02-26,4.391318315897232,1.0030758667430217
2014-02-27,4.414433308966214,1.0030598488143772
2014-02-28,4.425632937919798,1.0030521924405524
2014-03-03,4.394413094606594,1.0030741418377804
2014-03-04,4.456369109291944,1.0030314898590724
2014-03-05,4.460420593585706,1.0030288234275915
2014-03-06,4.47066461013082,1.0030219709839814
2014-03-07,4.472571832094375,1.003020769232616
2014-03-10,4.470188391279555,1.003022643183439
2014-03-11,4.4480268761697115,1.0030377903598446
2014-03-12,4.449217844280584,1.0030370645682094
2014-03-13,4.399175070341633,1.003071701028619
2014-03-14,4.386783310970919,1.0030804665650028
2014-03-17,4.426580570995528,1.0030530350278961
2014-03-18,4.458271259655625,1.0030314212002767
2014-03-19,4.434441035077404,1.003047799416191
2014-03-20,4.460414740679887,1.0030301395906789
2014-03-21,4.443061390299517,1.0030420628074666
2014-03-24,4.4246310745373325,1.0030550003251393
2014-03-25,4.445692682752586,1.0030406154657316
2014-03-26,4.413621040354521,1.0030627982482279
2014-03-27,4.404286406809357,1.003069377968857
2014-03-28,4.426066975643417,1.0030543606597822
2014-03-31,4.462445394172459,1.0030297200825478
2014-04-01,4.492124097070598,1.0030097898157317
2014-04-02,4.507201034211966,1.0029998073068158
2014-04-03,4.501217777612646,1.0030038787509177
2014-04-04,4.4478420948649795,1.0030400113127442
2014-04-07,4.398537314152174,1.0030743481334596
2014-04-08,4.416727169517228,1.0030617731320812
2014-04-09,4.464355865740658,1.0030291935935376
2014-04-10,4.370294080467939,1.0030944790586147
2014-04-11,4.330800306623358,1.0031227874502813
2014-04-14,4.365026813947367,1.0030985662774219
2014-04-15,4.395183772774666,1.0030773935662585
2014-04-16,4.441376358358181,1.003045473871969
2014-04-17,4.447597752951588,1.0030413004519274
2014-04-21,4.463153600516163,1.003031042417897
2014-04-22,4.483498512126962,1.0030173743338442
2014-04-23,4.472966230165,1.0030245645507505
2014-04-24,4.48206209535236,1.0030185108713443
2014-04-25,4.445203444588865,1.0030436239190983
2014-04-28,4.459322666927156,1.0030342439684843
2014-04-29,4.480145384638801,1.0030202267043637
2014-04-30,4.493547770704478,1.0030113027720413
2014-05-01,4.494026541052804,1.003011066930852
2014-05-02,4.48756277851777,1.003015489081424
2014-05-05,4.496177835278923,1.0030099634704563
2014-05-06,4.456925215645756,1.0030365582291654
2014-05-07,4.4832521097451545,1.0030188119069148
2014-05-08,4.478466504596023,1.0030221230320115
2014-05-09,4.48516705485294,1.0030176933295714
2014-05-12,4.528964468752088,1.002988763684193
2014-05-13,4.53303350611697,1.002986165111699
2014-05-14,4.51149422070686,1.0030005066679903
2014-05-15,4.47176199887429,1.003027252007535
2014-05-16,4.487318091439987,1.0030168426261994
2014-05-19,4.503832174255465,1.003006035310792
2014-05-20,4.475350805816256,1.0030252512456628
2014-05-21,4.513166104722392,1.0029999876687605
2014-05-22,4.524174521796254,1.0029927732401533
2014-05-23,4.542364826584286,1.0029808725283802
2014-05-27,4.570366917198496,1.0029629467357473
2014-05-28,4.567016965073229,1.0029652045721036
2014-05-29,4.590710092834915,1.0029499848977768
2014-05-30,4.598128692583538,1.0029453093244205
2014-06-02,4.603394159906055,1.0029421918878367
2014-06-03,4.6009984629298275,1.002943807735672
2014-06-04,4.61033367140043,1.0029379306914823
2014-06-05,4.640490179763495,1.00291892153666
2014-06-06,4.662749450119812,1.0029050698128783
2014-06-09,4.667534865200853,1.0029023394436978
2014-06-10,4.6680113818640985,1.002902125857472
2014-06-11,4.651737817585346,1.0029123615875855
2014-06-12,4.6187069738339765,1.002933273018699
2014-06-13,4.632829205066356,1.002924414859926
2014-06-16,4.636655865619798,1.0029222510934588
2014-06-17,4.649581341092993,1.0029142104947628
2014-06-18,4.6838077185610505,1.0028929976704501
2014-06-19,4.689071261698454,1.002889831789525
2014-06-20,4.69861883407141,1.0028840402571502
2014-06-23,4.697173492809308,1.0028851695489092
2014-06-24,4.668797402500457,1.0029027869897384
2014-06-25,4.68995935035083,1.0028897706326148
2014-06-26,4.686592755018849,1.0028919280934272
2014-06-27,4.695730003645747,1.002886383036521
2014-06-30,4.693325446815028,1.0028881063120276
2014-07-01,4.724828979935507,1.0028689311559253
2014-07-02,4.729639469125829,1.0028660932738207
2014-07-03,4.7529636792378955,1.002852108199977
2014-07-07,4.736369565722913,1.0028624174986485
2014-07-08,4.705827613649822,1.0028810773647165
2014-07-09,4.7269900112579775,1.0028682599242085
2014-07-10,4.708229807957879,1.0028797699277092
2014-07-11,4.714723853401128,1.002875883706806
2014-07-14,4.738530956875844,1.0028616747178412
2014-07-15,4.7296345401010464,1.0028671384183847
2014-07-16,4.747189577693468,1.0028566156089478
2014-07-17,4.693077844078388,1.002889633468451
2014-07-18,4.741175797152259,1.002860398846432
2014-07-21,4.732275926634717,1.0028660185798073
2014-07-22,4.752956472460325,1.0028536287971297
2014-07-23,4.763538379634863,1.002847369984655
2014-07-24,4.763779147658146,1.0028473064209957
2014-07-25,4.74141248035766,1.0028608187485764
2014-07-28,4.743335589251367,1.0028599009674355
2014-07-29,4.722892725498681,1.0028723617816495
2014-07-30,4.72361354918429,1.002872003715576
2014-07-31,4.630064208089343,1.0029301153503005
2014-08-01,4.615875071494815,1.002939205424278
2014-08-04,4.649300749776956,1.0029183213406387
2014-08-05,4.604088641908716,1.0029470631979278
2014-08-06,4.605531114496344,1.002946223302435
2014-08-07,4.580520786685868,1.0029623937157797
2014-08-08,4.633668505045986,1.0029284979910327
2014-08-11,4.647134907238923,1.002920259031732
2014-08-12,4.640640996037694,1.0029244288390446
2014-08-13,4.672143182684494,1.0029047926826302
2014-08-14,4.694268829564556,1.0028911838072925
2014-08-15,4.693307888926388,1.0028918581642616
2014-08-18,4.732747489176339,1.0028680021005378
2014-08-19,4.757516800089741,1.0028531507810692
2014-08-20,4.770262315319999,1.0028456078348549
2014-08-21,4.784210431341778,1.0028373924575547
2014-08-22,4.776754173907227,1.0028419008905025
2014-08-25,4.801041766796316,1.0028277636044955
2014-08-26,4.804167791796174,1.0028260041258392
2014-08-27,4.802244951092654,1.0028272154501796
2014-08-28,4.799597304607035,1.0028288556540383
2014-08-29,4.813307422842558,1.0028208776048615
2014-09-02,4.810900231279858,1.0028226076354747
2014-09-03,4.808255287897963,1.0028242400017156
2014-09-04,4.8012795285223975,1.0028284231419788
2014-09-05,4.822925576780055,1.0028158081917784
2014-09-08,4.810416080329517,1.0028233697057876
2014-09-09,4.779873685103088,1.0028414898527327
2014-09-10,4.7979105737394265,1.0028308868861875
2014-09-11,4.80344136514144,1.0028277063574067
2014-09-12,4.775302829201329,1.0028444481414933
2014-09-15,4.771693426981552,1.0028468383841351
2014-09-16,4.807768033649485,1.0028255563755482
2014-09-17,4.814260728641641,1.0028218245770943
2014-09-18,4.839993296331577,1.0028069003505673
2014-09-19,4.83561800970248,1.0028095185556762
2014-09-22,4.798168764734406,1.0028316839534122
2014-09-23,4.770623661267834,1.0028481126217061
2014-09-24,4.80807409073784,1.0028260066677943
2014-09-25,4.7302724420205235,1.0028725679790922
2014-09-26,4.767964922061639,1.0028499381536922
2014-09-29,4.759264819694573,1.0028553849565975
2014-09-30,4.746700304555453,1.0028630231657711
2014-10-01,4.6821898427440924,1.0029025505505476
2014-10-02,4.682914265012136,1.0029021826410294
2014-10-03,4.734619584643737,1.0028705682298305
2014-10-06,4.729059841039192,1.0028741816048226
2014-10-07,4.655851304637599,1.0029194567760045
2014-10-08,4.737516005107508,1.0028692117285782
2014-10-09,4.643288662821494,1.0029275183187154
2014-10-10,4.59013073733156,1.0029615036131008
2014-10-13,4.514504095740709,1.0030113644682304
2014-10-14,4.521510139387171,1.0030067815822237
2014-10-15,4.4908251228925335,1.0030274109900463
2014-10-16,4.486959581927916,1.003030103796181
2014-10-17,4.540113148342197,1.0029947132339867
2014-10-20,4.584328082987646,1.0029660784612875
2014-10-21,4.675417009623088,1.0029083730376822
2014-10-22,4.642074385531609,1.0029293448653027
2014-10-23,4.696194808250582,1.0028956670935454
2014-10-24,4.732435884262936,1.0028735715378296
2014-10-27,4.7259119868042845,1.0028777772422144
2014-10-28,4.780275359878922,1.002845129411725
2014-10-29,4.773026959294427,1.0028495297025037
2014-10-30,4.80370896252206,1.0028314092304902
2014-10-31,4.858798940975325,1.0027993836390645
2014-11-03,4.861453619742452,1.0027980872486906
2014-11-04,4.84454344128113,1.0028079326113226
2014-11-05,4.875226794169213,1.0027903389852073
2014-11-06,4.894797415405427,1.0027792609400483
2014-11-07,4.899387444507264,1.002776735522878
2014-11-10,4.914848286659105,1.0027682349628568
2014-11-11,4.919682169669805,1.0027655922887415
2014-11-12,4.914364774774469,1.0027686620576468
2014-11-13,4.919921660182831,1.002765612230771
2014-11-14,4.921130633087492,1.0027650100701366
2014-11-17,4.924270301228416,1.00276347878441
2014-11-18,4.952779247821688,1.002747649316693
2014-11-19,4.944807394686597,1.0027521558924568
2014-11-20,4.953503742914565,1.0027474002421675
2014-11-21,4.980081237457853,1.0027328143954741
2014-11-24,4.994092497426958,1.0027253735267678
2014-11-25,4.990469456537919,1.002727428342554
2014-11-26,5.00327301259962,1.0027205247785715
2014-11-28,4.992644071296883,1.0027264689339457
2014-12-01,4.957849282269882,1.0027458338037745
2014-12-02,4.989984488511861,1.0027282277819556
2014-12-03,5.009313058865993,1.0027177775323186
2014-12-04,5.003754066782999,1.002720872173909
2014-12-05,5.011969459296482,1.0027164881546196
2014-12-08,4.978383123373358,1.0027350440390512
2014-12-09,4.975002579105127,1.0027369797511168
2014-12-10,4.895026066058148,1.00278177666747
2014-12-11,4.919911002146589,1.0027677845286502
2014-12-12,4.84017789312487,1.0028134581253974
2014-12-15,4.806833607568905,1.0028332121676518
2014-12-16,4.768174860569241,1.002856264274073
2014-12-17,4.861921390389664,1.0028012694436836
2014-12-18,4.982486046015388,1.0027335623291793
2014-12-19,5.003745618303468,1.0027220257133216
2014-12-22,5.02682294320588,1.002709760945968
2014-12-23,5.033625612696707,1.0027061766990526
2014-12-24,5.03411202893146,1.0027059915760341
2014-12-26,5.050387602676464,1.0026974204169206
2014-12-29,5.057189083213004,1.0026940162421865
2014-12-30,5.029977353199565,1.0027086670645982
2014-12-31,4.97993008442336,1.0027359658136676
2015-01-02,4.977259103038657,1.00273759003039
2015-01-05,4.887123809131735,1.0027883143030294
2015-01-06,4.840963746824079,1.0028149811625349
2015-01-07,4.901455764412544,1.0027803181258446
2015-01-08,4.988675926173583,1.0027317851603008
2015-01-09,4.948587374501217,1.0027539930901486
2015-01-12,4.909714166622521,1.002776030847434
2015-01-13,4.895866058641139,1.0027839614950997
2015-01-14,4.86622617410638,1.0028009974730725
2015-01-15,4.821523810417123,1.0028270472412577
2015-01-16,4.884932582532771,1.0027904295510857
2015-01-20,4.895378811278734,1.0027847893673145
2015-01-21,4.920158018504853,1.002770842625803
2015-01-22,4.99352775729758,1.0027302077684515
2015-01-23,4.966074876248305,1.002745378057549
2015-01-26,4.977734453038523,1.0027391770533605
2015-01-27,4.911894957519224,1.0027759715700293
2015-01-28,4.8487288200329,1.0028122137376354
2015-01-29,4.893673364709306,1.0027864636302604
2015-01-30,4.831963576191371,1.0028221296439919
2015-02-02,4.891970733926476,1.002787745799622
2015-02-03,4.962911422150773,1.0027479740841687
2015-02-04,4.9439613590925395,1.0027585840776008
2015-02-05,4.994009215730593,1.0027310142784673
2015-02-06,4.980159311593784,1.0027386858046432
2015-02-09,4.957807180492416,1.002751263725392
2015-02-10,5.010772241610653,1.002722257535879
2015-02-11,5.013683219884774,1.0027207522592891
2015-02-12,5.0620326731317,1.0026948398581617
2015-02-13,5.082923327589703,1.002683839149735
2015-02-17,5.090940080945454,1.00267990947463
2015-02-18,5.091423800865828,1.0026797297484926
2015-02-19,5.0877814130071295,1.002681723130007
2015-02-20,5.118391433449325,1.0026657598501527
2015-02-23,5.117662788061891,1.0026663629146044
2015-02-24,5.1322376316024325,1.002658865113943
2015-02-25,5.127865492638435,1.0026612064908829
2015-02-26,5.121791351080865,1.0026644369805129
2015-02-27,5.104298086673369,1.0026736438877473
2015-03-02,5.136609796780641,1.0026570481371206
2015-03-03,5.115472279944032,1.0026681018187629
2015-03-04,5.093848862280073,1.002679502803465
2015-03-05,5.099436793896038,1.002676640684597
2015-03-06,5.027524891223956,1.0027150022566909
2015-03-09,5.048416143501744,1.0027039915396705
2015-03-10,4.966298973912294,1.0027487785348743
2015-03-11,4.954638322548997,1.0027553247312289
2015-03-12,5.017804593572935,1.0027207162988947
2015-03-13,4.986949506464068,1.0027376270751422
2015-03-16,5.0537592630719965,1.0027016648517924
2015-03-17,5.038695495072597,1.0027098197455206
2015-03-18,5.099431804557846,1.0026776217140623
2015-03-19,5.076109079858393,1.0026900002401367
2015-03-20,5.121032924485256,1.002666477675603
2015-03-23,5.111029882538148,1.0026719181544679
2015-03-24,5.082232675250219,1.002687133740637
2015-03-25,5.00755788634203,1.0027272816105155
2015-03-26,4.99559848831371,1.0027338885822201
2015-03-27,5.007068511543935,1.002727702854064
2015-03-30,5.068320091017051,1.0026949684086606
2015-03-31,5.023905217827287,1.0027188713012893
2015-04-01,5.006091168541846,1.002728623333643
2015-04-02,5.0241491969460546,1.0027188927127575
2015-04-06,5.0580698457257816,1.00270096103767
2015-04-07,5.044646000235951,1.002708224739457
2015-04-08,5.061728631419641,1.0026991602835469
2015-04-09,5.0841773135168475,1.0026873182400369
2015-04-10,5.111996549352123,1.0026727694065014
2015-04-13,5.088812985944279,1.0026851710767872
2015-04-14,5.098573807865587,1.002680106154434
2015-04-15,5.121512893539916,1.002668176608891
2015-04-16,5.120048960409657,1.00266901408256
2015-04-17,5.060990483613043,1.0027002352025167
2015-04-20,5.107358684132822,1.0026759426863605
2015-04-21,5.101257543762862,1.002679218736097
2015-04-22,5.12639127764027,1.0026661582643694
2015-04-23,5.139323052201673,1.0026595246155359
2015-04-24,5.15128212530248,1.0026534252126311
2015-04-27,5.129805051875924,1.0026647599422334
2015-04-28,5.146155232355096,1.0026563677928535
2015-04-29,5.124923684101369,1.0026674471410928
2015-04-30,5.073434465855396,1.0026945930611795
2015-05-01,5.12858383026102,1.0026656909684128
2015-05-04,5.143223606822539,1.002658323950264
2015-05-05,5.084167379374711,1.0026892774277656
2015-05-06,5.063181034741895,1.0027004989195512
2015-05-07,5.083436867893861,1.0026898134799662
2015-05-08,5.150543891398283,1.002654841054199
2015-05-11,5.125894537536233,1.0026678290770845
2015-05-12,5.110519893618556,1.0026759298327677
2015-05-13,5.111496258333402,1.0026754941922005
2015-05-14,5.164940916823719,1.002647883285658
2015-05-15,5.170552242912131,1.002645082869058
2015-05-18,5.186656908771759,1.0026370909013194
2015-05-19,5.184948225248814,1.0026380336647371
2015-05-20,5.181287390193305,1.0026399713380956
2015-05-21,5.196417419488228,1.002632358285989
2015-05-22,5.183971677608813,1.0026387518219892
2015-05-26,5.128085705809127,1.0026678071639474
2015-05-27,5.17689226090209,1.0026427295383016
2015-05-28,5.171035877670985,1.0026457957345056
2015-05-29,5.138821624664626,1.002662455374312
2015-06-01,5.149315046705135,1.002657250316177
2015-06-02,5.1441888606224095,1.0026599725984933
2015-06-03,5.157856242087968,1.0026529975643095
2015-06-04,5.11417202654673,1.0026757337008474
2015-06-05,5.105388087061946,1.0026804122657733
2015-06-08,5.073905054722049,1.0026972722592005
2015-06-09,5.073173571506399,1.0026977365561822
2015-06-10,5.134181185938872,1.002665754823315
2015-06-11,5.150776115990426,1.0026572404669012
2015-06-12,5.1112409571979605,1.0026778681690045
2015-06-15,5.089279342346935,1.0026896493628898
2015-06-16,5.117095881761777,1.0026751031799124
2015-06-17,5.1253940590546145,1.0026708460056617
2015-06-18,5.17883602147306,1.0026433578874943
2015-06-19,5.155784597904962,1.0026552497667915
2015-06-22,5.182268205322988,1.002641899600264
2015-06-23,5.185945825712713,1.0026400991464204
2015-06-24,5.14818105541784,1.0026595393321809
2015-06-25,5.132487879802601,1.002667744999197
2015-06-26,5.131505801310421,1.0026683293918288
2015-06-29,5.023607688845722,1.0027258666024845
2015-06-30,5.034152253711463,1.0027202330016416
2015-07-01,5.0746134656572,1.0026986185490248
2015-07-02,5.06995293795638,1.0027011739827467
2015-07-06,5.055484625144908,1.0027092043188897
2015-07-07,5.0873620354218945,1.0026923036796307
2015-07-08,5.001778772058774,1.0027384470424499
2015-07-09,5.010852137133902,1.0027335648067273
2015-07-10,5.074118736384431,1.0026995575581321
2015-07-13,5.130274236437921,1.0026702301018693
2015-07-14,5.152587948806495,1.0026587407444214
2015-07-15,5.150872069899507,1.002659700029812
2015-07-16,5.192312728006114,1.002638546281504
2015-07-17,5.196725944237362,1.0026363792206117
2015-07-20,5.199421084007887,1.0026352357170498
2015-07-21,5.178823897873458,1.0026457919449228
2015-07-22,5.1695036636026535,1.0026506369095696
2015-07-23,5.140323579408999,1.0026657597386552
2015-07-24,5.08686465481767,1.0026938507814107
2015-07-27,5.057191590173108,1.0027098885671273
2015-07-28,5.119478281738288,1.0026769954191956
2015-07-29,5.1547880298942275,1.0026587347680733
2015-07-30,5.156016331074593,1.0026581785804218
2015-07-31,5.1481668314713875,1.0026623095950853
2015-08-03,5.130755068712784,1.0026715815532772
2015-08-04,5.120700115488737,1.0026769066476486
2015-08-05,5.137620755926098,1.0026681692609882
2015-08-06,5.095442359796678,1.002690335090737
2015-08-07,5.085632621508748,1.0026956013146264
2015-08-10,5.1498796626369465,1.0026622044081435
2015-08-11,5.1032885521553,1.0026865917712793
2015-08-12,5.109417687784515,1.0026834498685042
2015-08-13,5.103041625993886,1.0026868837120129
2015-08-14,5.1216786584545675,1.002677187218806
2015-08-17,5.150368073630241,1.0026625128271611
2015-08-18,5.135408213924272,1.002670349416347
2015-08-19,5.094701920906642,1.0026917642183963
2015-08-20,4.988031450168383,1.0027494074517858
2015-08-21,4.837464350984085,1.002835062563355
2015-08-24,4.633196335415522,1.0029603051817908
2015-08-25,4.674270812400423,0.0
2015-08-26,4.674279776755406,0.0
2015-08-27,4.674287460502985,0.0
2015-08-28,4.674295144263194,0.0
2015-08-31,4.674318195581714,0.0
2015-09-01,4.67432844066269,0.0
2015-09-02,4.6743322825764775,0.0
2015-09-03,4.674336124493422,0.0
2015-09-04,4.67433868577349,0.0
2015-09-08,4.674348930899376,0.0
2015-09-09,4.674356614760633,0.0
2015-09-10,4.674360456697577,0.0
2015-09-11,4.674363017990977,0.0
2015-09-14,4.674378385759804,0.0
2015-09-15,4.674387350321091,0.0
2015-09-16,4.67439631489957,0.0
2015-09-17,4.674403998838718,0.0
2015-09-18,4.674405279497348,0.0
2015-09-21,4.674401437520406,0.0
2015-09-22,4.674402718178334,0.0
2015-09-23,4.674401437520055,0.0
2015-09-24,4.6744027181779835,0.0
2015-09-25,4.6744039988362625,0.0
2015-09-28,4.674400156860373,0.0
2015-09-29,4.67440143751795,0.0
2015-09-30,4.6744027181758785,0.0
2015-10-01,4.6744014375175995,0.0
2015-10-02,4.674398876201743,0.0
2015-10-05,4.674398876201743,0.0
2015-10-06,4.67440015685897,0.0
2015-10-07,4.67440015685897,0.0
2015-10-08,4.67440015685897,0.0
2015-10-09,4.674398876201392,0.0
2015-10-12,4.674402718173072,0.0
2015-10-13,4.674403998831351,0.0
2015-10-14,4.674405279489981,0.0
2015-10-15,4.674405279489981,0.0
2015-10-16,4.674406560148962,0.0
2015-10-19,4.674410402126957,0.0
2015-10-20,4.6744129634477245,0.0
2015-10-21,4.674415524769896,0.0
2015-10-22,4.674416805431684,0.0
2015-10-23,4.674416805431684,0.0
2015-10-26,4.674420647418099,0.0
2015-10-27,4.674423381698019,1.001939871566435
2015-10-28,4.727697733674274,1.0019180661293916
2015-10-29,4.724978196645115,1.0019192247863369
2015-10-30,4.704575065569916,1.0019276047211931
2015-11-02,4.760339333780384,1.0019051931935448
2015-11-03,4.774167168371931,1.00189973122676
2015-11-04,4.75966022367324,1.0019055767465377
2015-11-05,4.754899570047816,1.0019075395021289
2015-11-06,4.752403878578952,1.0019085961363219
2015-11-09,4.7079731552260045,1.0019267792183328
2015-11-10,4.718853296652776,1.001922396732028
2015-11-11,4.70026369261829,1.0019300595867853
2015-11-12,4.634521995353953,1.0019574984997583
2015-11-13,4.58238248159862,1.0019798332496848
2015-11-16,4.6522019733782995,1.0019503013545201
2015-11-17,4.648802175427921,1.0019517891567753
2015-11-18,4.722703213241799,1.0019213074926
2015-11-19,4.718624016835613,1.0019230274470718
2015-11-20,4.735850942145914,1.0019160905944897
2015-11-23,4.73041031566333,1.0019184693753456
2015-11-24,4.736757222501112,1.001915958606294
2015-11-25,4.736079183249875,1.0019162938033475
2015-11-27,4.7415179763022754,1.0019142205139808
2015-11-30,4.721794471677271,1.0019224012925476
2015-12-01,4.766905561205625,1.0019042725056546
2015-12-02,4.7181663694893645,1.001924007635864
2015-12-03,4.651971576956507,1.0019514498115243
2015-12-04,4.742874709069505,1.0019141112845715
2015-12-07,4.7140859393050425,1.0019259938077216
2015-12-08,4.682347184412722,1.0019391174672514
2015-12-09,4.645849283075521,1.001954419220437
2015-12-10,4.657863944296835,1.0019494452150368
2015-12-11,4.567412450410906,1.001988118909084
2015-12-14,4.590534511291482,1.001978303306432
2015-12-15,4.6388191858646595,1.001957779067345
2015-12-16,4.706827322256915,1.0019295575336506
2015-12-17,4.634964730266862,1.0019595424463654
2015-12-18,4.552231240119669,1.0019952229383904
2015-12-21,4.5898571081151935,1.0019790604242078
2015-12-22,4.631588954966428,1.0019612951920935
2015-12-23,4.68905596567408,1.0019373226409691
2015-12-24,4.6813008404020975,1.001940595842029
2015-12-28,4.67058183152551,1.001945305306615
2015-12-29,4.720523237662862,1.0019247895498646
2015-12-30,4.687000746667341,1.0019386214073949
2015-12-31,4.640024203328147,1.0019583133198269
2016-01-04,4.575031378130932,1.0019863855724134
2016-01-05,4.582782177082363,1.0019830923067032
2016-01-06,4.5248602499624235,1.002008543548928
2016-01-07,4.416083837380203,1.0020580859615744
2016-01-08,4.400917694937989,0.0
2016-01-11,4.400990038790509,0.0
2016-01-12,4.401015359555116,0.0
2016-01-13,4.401040680465404,0.0
2016-01-14,4.401067207285943,0.0
2016-01-15,4.401097351581884,0.0
2016-01-19,4.401208283350745,0.0
2016-01-20,4.401239634423448,0.0
2016-01-21,4.401270985719474,0.0
2016-01-22,4.401304748894159,0.0
2016-01-25,4.4014132742167345,0.0
2016-01-26,4.401450656082899,0.0
2016-01-27,4.401488038266553,0.0
2016-01-28,4.401526626654833,0.0
2016-01-29,4.401567627176836,0.0
2016-02-01,4.401683394434975,0.0
2016-02-02,4.401725602357935,0.0
2016-02-03,4.401766604733409,0.0
2016-02-04,4.40180640152737,0.0
2016-02-05,4.401841374783712,0.0
2016-02-08,4.4019462953863435,0.0
2016-02-09,4.401984887792221,0.0
2016-02-10,4.402021068489929,0.0
2016-02-11,4.402058455518182,0.0
2016-02-12,4.402092224733731,0.0
2016-02-16,4.402232126842791,0.0
2016-02-17,4.402268309572601,0.0
2016-02-18,4.402304492599803,0.0
2016-02-19,4.402340675924399,0.0
2016-02-22,4.402449226790381,0.0
2016-02-23,4.402489029755993,0.0
2016-02-24,4.402527626920089,0.0
2016-02-25,4.402567430594524,0.0
2016-02-26,4.40260602844597,0.0
2016-02-29,4.402721823015485,0.0
2016-03-01,4.402761628445665,0.0
2016-03-02,4.40280143423573,0.0
2016-03-03,4.4028436528796195,0.0
2016-03-04,4.402876221860065,0.0
2016-03-07,4.402977548326541,0.0
2016-03-08,4.40301614977354,0.0
2016-03-09,4.40305113264158,0.0
2016-03-10,4.403087322102944,0.0
2016-03-11,4.403124718187049,0.0
2016-03-14,4.4032405263988155,0.0
2016-03-15,4.403281542885911,0.0
2016-03-16,4.417082715706907,1.0054888030153897
2016-03-17,4.445259530453108,1.005454207320868
2016-03-18,4.462820931560558,1.0054329367763213
2016-03-21,4.469185397623887,1.0054257750734896
2016-03-22,4.466768651780081,1.0054289055285583
2016-03-23,4.43712932281223,1.0054653644171385
2016-03-24,4.435152878453394,1.0054679946998935
2016-03-28,4.43778329335584,1.0054655261974914
2016-03-29,4.479057606401324,1.0054153530062075
2016-03-30,4.498816558482386,1.0053917502840144
2016-03-31,4.487838111306237,1.0054051176377414
2016-04-01,4.518572744801659,1.005368530827468
2016-04-04,4.503861430721749,1.0053866109878653
2016-04-05,4.458633489010967,1.0054414356052428
2016-04-06,4.50759180019338,1.0053825159127374
2016-04-07,4.4533633745867185,1.0054482421833144
2016-04-08,4.46543797162934,1.005433693173916
2016-04-11,4.4548977675527235,1.005447099813199
2016-04-12,4.496608848241064,1.0053967537218857
2016-04-13,4.5422742672734655,1.0053426764278959
2016-04-14,4.542493795082557,1.005342598261359
2016-04-15,4.53744088721559,1.005348726568286
2016-04-18,4.569494379659263,1.005311739595473
2016-04-19,4.583984065984241,1.0052951265014067
2016-04-20,4.588373528595951,1.005290236293465
2016-04-21,4.563562825977249,1.005319176941572
2016-04-22,4.563562007963285,1.0053193571440378
2016-04-25,4.55565604235806,1.005329127148358
2016-04-26,4.562462542661567,1.0053213591331345
2016-04-27,4.571901703991586,1.0053105530470337
2016-04-28,4.530186602900918,1.0053596360338088
2016-04-29,4.505596252317006,1.005389067628961
2016-05-02,4.541599319676896,1.005346882442035
2016-05-03,4.501861793920484,1.0053942591836524
2016-05-04,4.476614772397221,1.0054248613289898
2016-05-05,4.475733390832772,1.005426106517271
2016-05-06,4.492199463253845,1.0054063949648029
2016-05-09,4.495929092418052,1.0054024384035614
2016-05-10,4.552133437429052,1.0053359167700837
2016-05-11,4.509320174707122,1.0053867610626948
2016-05-12,4.510637446755618,1.0053853738299623
2016-05-13,4.47111706261723,1.0054331644043333
2016-05-16,4.5154622302048635,1.0053803727100747
2016-05-17,4.473090424504713,1.0054315293087177
2016-05-18,4.47440689045464,1.0054301216564425
2016-05-19,4.4588181588249585,1.0054493002960716
2016-05-20,4.487138837058631,1.005415099773731
2016-05-23,4.480988320720672,1.0054231207406852
2016-05-24,4.539385347894786,1.005353552880029
2016-05-25,4.570341817525231,1.0053174881241385
2016-05-26,4.571658249937675,1.005316150630925
2016-05-27,4.5914175500983845,1.0052934609481947
2016-05-31,4.582629563313797,1.0053043734726814
2016-06-01,4.592070638570423,1.0052936622727648
2016-06-02,4.606119579173819,1.0052777042520986
2016-06-03,4.592287284348089,1.0052937867100302
2016-06-06,4.615776480817504,1.0052674056215858
2016-06-07,4.623020084384823,1.0052593367896663
2016-06-08,4.638167992012959,1.0052423440261484
2016-06-09,4.6318005254511565,1.0052497291649514
2016-06-10,4.587672711358758,1.0053004066689164
2016-06-13,4.552104213269657,1.0053423709494473
2016-06-14,4.543099712819568,1.0053531458726668
2016-06-15,4.536733415013986,1.005360844345562
2016-06-16,4.550345257385274,1.0053449924926827
2016-06-17,4.533306861007175,1.0053652682782426
2016-06-20,4.562655089958312,1.0053313094866492
2016-06-21,4.575674442815834,1.0053163265236476
2016-06-22,4.568169956720168,1.0053252453473105
2016-06-23,4.6279755043871775,1.0052566121445474
2016-06-24,4.460915021017067,1.0054536655785473
2016-06-27,4.380581469236068,1.0055542530946093
2016-06-28,4.460029083622111,1.0054555036090655
2016-06-29,4.536385921611401,1.0053638612601494
2016-06-30,4.598618051519686,1.0052914559126636
2016-07-01,4.608328270301517,1.0052804885531679
2016-07-05,4.575001970241105,1.0053196942055103
2016-07-06,4.6025855329989245,1.0052879984044083
2016-07-07,4.599714645029365,1.0052914829893136
2016-07-08,4.668569804584521,1.0052136249493928
2016-07-11,4.685117755093367,1.005195752593101
2016-07-12,4.7193227623298,1.0051582796136103
2016-07-13,4.718662450375205,1.0051591837757765
2016-07-14,4.7451422833383035,1.005130577554023
2016-07-15,4.738743064648967,1.0051376902948632
2016-07-18,4.751538718335946,1.0051244064462503
2016-07-19,4.746683497299367,1.0051298335377976
2016-07-20,4.766543846934064,1.005108642844862
2016-07-21,4.748446885418734,1.00512829801603
2016-07-22,4.769852824659739,1.0051054666926813
2016-07-25,4.756828787788137,1.0051200007131331
2016-07-26,4.7590349297925005,1.0051178123143447
2016-07-27,4.75395857696023,1.0051234610725281
2016-07-28,4.75947426899168,1.0051177072310087
2016-07-29,4.767197420123406,1.0051095912125725
2016-08-01,4.763223900968801,1.0051143874763457
2016-08-02,4.73254784071726,1.0051477205224184
2016-08-03,4.746448964327602,1.0051328255783132
2016-08-04,4.7515239849605475,1.005127523104243
2016-08-05,4.790585743130814,1.0050858895681487
2016-08-08,4.787713951374748,1.0050894714148757
2016-08-09,4.790582325349753,1.0050866066341098
2016-08-10,4.778664571476142,1.0050994726018736
2016-08-11,4.800952308849795,1.0050759770271762
2016-08-12,4.7967589431931374,1.0050805926500321
2016-08-15,4.81065876021847,1.0050664458534535
2016-08-16,4.785721183217369,1.0050930290231852
2016-08-17,4.794767582977996,1.0050835967617708
2016-08-18,4.805580690558644,1.0050723387383573
2016-08-19,4.798517276888674,1.0050799847498457
2016-08-22,4.798293157803738,1.0050807606689245
2016-08-23,4.808004147584192,1.0050706779817618
2016-08-24,4.7832857337039085,1.0050970630750071
2016-08-25,4.779974522642675,1.0051007770038614
2016-08-26,4.7709259900768854,1.0051106373479068
2016-08-29,4.794536368106447,1.0050860262699963
2016-08-30,4.78659075234696,1.0050946545749762
2016-08-31,4.772907828441718,1.0051094460522325
2016-09-01,4.77312807803684,1.0051093964549196
2016-09-02,4.79475355560399,1.0050865372014313
2016-09-06,4.809315030551125,1.0050718699410248
2016-09-07,4.808872664603158,1.005072519937892
2016-09-08,4.797837447752028,1.0050843735877317
2016-09-09,4.6824174639602845,1.0052098929123297
2016-09-12,4.749945552881531,1.0051363915789122
2016-09-13,4.681310944499633,1.0052118939271864
2016-09-14,4.679544100131571,1.0052140560395342
2016-09-15,4.7265501411707875,1.0051623898029207
2016-09-16,4.708183710482735,1.005182711236184
2016-09-19,4.709068450283792,1.0051822869145157
2016-09-20,4.709289908238705,1.0051822277794378
2016-09-21,4.762520336158465,1.0051244888140427
2016-09-22,4.792685864012548,1.0050924050994958
2016-09-23,4.766291555401277,1.0051207708710228
2016-09-26,4.727471901856724,1.0051633208233783
2016-09-27,4.756971617042562,1.0051314769181192
2016-09-28,4.780702709300212,1.0051061808679511
2016-09-29,4.737228385580124,1.005153220426855
2016-09-30,4.773160124845641,1.0051146041950638
2016-10-03,4.761624287109522,1.0051275345741328
2016-10-04,4.737224091534546,1.0051541315456154
2016-10-05,4.758293552088309,1.0051314963128066
2016-10-06,4.761621631421162,1.0051280951616175
2016-10-07,4.745206982374762,1.0051460203957232
2016-10-10,4.770046714733763,1.0051197782035663
2016-10-11,4.709492798740265,1.005185795038916
2016-10-12,4.715701995473798,1.0051791584183198
2016-10-13,4.700177024292154,1.0051964591085152
2016-10-14,4.702614626010028,1.00519394908284
2016-10-17,4.686199419057405,1.0052127040751642
2016-10-18,4.715696695552839,1.0051802881283993
2016-10-19,4.728339911129408,1.0051666261101238
2016-10-20,4.719466933256492,1.005176529818745
2016-10-21,4.721682966770174,1.0051742902646474
2016-10-24,4.741864904525297,1.005152831093941
2016-10-25,4.725893317245259,1.0051704339516063
2016-10-26,4.716355735617965,1.0051810799888152
2016-10-27,4.703712318027314,1.0051951958518524
2016-10-28,4.68973734223833,1.0052108612045911
2016-10-31,4.689957078315698,1.0052111695310337
2016-11-01,4.655798253064311,1.005249595741725
2016-11-02,4.627628382899744,1.0052817470733602
2016-11-03,4.6063355874235254,1.0053063596688308
2016-11-04,4.601233431459977,1.0053124431070832
2016-11-07,4.703258223531721,1.0051977888737949
2016-11-08,4.724551541750659,1.0051745625848572
2016-11-09,4.77489876187936,1.0051202018436574
2016-11-10,4.786875720969832,1.0051075923860224
2016-11-11,4.775783743350223,1.0051196611852817
2016-11-14,4.779551235389607,1.0051162436805032
2016-11-15,4.817034716189762,1.0050766461059222
2016-11-16,4.8079396993842,1.0050864584494916
2016-11-17,4.83278110281464,1.0050605155093317
2016-11-18,4.821911875150865,1.0050721212893718
2016-11-21,4.858506582421312,1.0050345092746868
2016-11-22,4.868042684883003,1.0050248480635031
2016-11-23,4.870703277704135,1.0050223069059738
2016-11-25,4.888888894472089,1.005004036259705
2016-11-28,4.865818587199279,1.005028373494716
2016-11-29,4.875355468586126,1.0050187407799114
2016-11-30,4.863599276255624,1.005031075968621
2016-12-01,4.845632191244645,1.0050499354154925
2016-12-02,4.84807085958252,1.0050475984842462
2016-12-05,4.8773449179037796,1.0050179128797743
2016-12-06,4.892870754119989,1.0050021944563752
2016-12-07,4.95719283767982,1.0049374900036423
2016-12-08,4.969390490648386,1.0049255744141512
2016-12-09,4.999555035728938,1.0048960574267234
2016-12-12,4.9937841339212365,1.004902331801385
2016-12-13,5.027274464051031,1.004869875262905
2016-12-14,4.985576195961546,1.0049108130209194
2016-12-15,5.006202840479612,1.0048907857454588
2016-12-16,4.99636197635421,1.0049006200530834
2016-12-19,5.007293013769636,1.0048905247523106
2016-12-20,5.026701429789111,1.0048718449970244
2016-12-21,5.012644658985847,1.0048857103798807
2016-12-22,5.003941975986198,1.0048944099112647
2016-12-23,5.011303128283981,1.0048874213092363
2016-12-27,5.023793384406812,1.004876076861134
2016-12-28,4.982071357549497,1.0049171146560407
2016-12-29,4.98095553129603,1.0049184209941424
2016-12-30,4.962659129029775,1.0049367517607957
2017-01-03,5.000806199341978,1.0048998986399398
2017-01-04,5.030702820990872,1.0048709835379575
2017-01-05,5.026685248915813,1.0048750796741919
2017-01-06,5.044754952496198,1.0048578186859667
2017-01-09,5.028020288234089,1.0048745957859984
2017-01-10,5.028019280991629,1.0048747970884007
2017-01-11,5.042296345096356,1.004861195390532
2017-01-12,5.029577902212453,1.0048736896550947
2017-01-13,5.041179510885252,1.0048626746620613
2017-01-17,5.023325848366318,1.0048807702264462
2017-01-18,5.034480404587741,1.0048701617075504
2017-01-19,5.015738514336035,1.004888563203179
2017-01-20,5.034256042025382,1.0048707830734371
2017-01-23,5.021089767054211,1.0048841532832617
2017-01-24,5.053438340592207,1.0048530891174439
2017-01-25,5.0973907324782575,1.0048114409452815
2017-01-26,5.092034064931712,1.0048166990561247
2017-01-27,5.08400114266651,1.0048245078898534
2017-01-30,5.0523174733610645,1.0048553654614516
2017-01-31,5.051870615349423,1.0048559958213736
2017-02-01,5.053876878793417,1.0048542702538033
2017-02-02,5.057222666684254,1.0048512580949727
2017-02-03,5.092249072981861,1.0048180886307732
2017-02-06,5.083099327728474,1.0048273564282597
2017-02-07,5.0833206262814885,1.0048273486163077
2017-02-08,5.090014378760281,1.0048212023748662
2017-02-09,5.120355256830908,1.0047928350363602
2017-02-10,5.140657728108957,1.0047741063648423
2017-02-13,5.168765727334849,1.0047487455404316
2017-02-14,5.189514048338094,1.0047299564319325
2017-02-15,5.216732828292492,1.0047054759763163
2017-02-16,5.212268611928379,1.0047097035458792
2017-02-17,5.220523416309729,1.0047024522809052
2017-02-21,5.251754901614037,1.0046752660792995
2017-02-22,5.2470663763379575,1.004679639823449
2017-02-23,5.250636062240444,1.0046766530794575
2017-02-24,5.257328242264845,1.0046708932810862
2017-02-27,5.26558062493693,1.0046641517051396
2017-02-28,5.251299159709705,1.0046770285593223
2017-03-01,5.325149575026951,1.0046123597692018
2017-03-02,5.291459385770054,1.0046419322159008
2017-03-03,5.294803875853083,1.004639211094741
2017-03-06,5.278959734773111,1.0046537852739297
2017-03-07,5.263117861467789,1.0046680143096534
2017-03-08,5.2532998113049505,1.004676962729311
2017-03-09,5.2599918493879985,1.004671232564981
2017-03-10,5.278508837301614,1.0046550652514468
2017-03-13,5.281183176571468,1.0046533695489743
2017-03-14,5.2608788744262345,1.0046715569830775
2017-03-15,5.306614851388899,1.0046315189481323
2017-03-16,5.296129046979141,1.0046409075757121
2017-03-17,5.286782619514598,1.004649331251364
2017-03-20,5.280953064199747,1.0046551215708546
2017-03-21,5.212831407933927,1.0047161811422363
2017-03-22,5.225153327806652,1.0047052863510972
2017-03-23,5.219550766814038,1.0047105640395657
2017-03-24,5.215740700211753,1.004714231091657
2017-03-27,5.2103584710837785,1.0047197873601816
2017-03-28,5.248451308237935,1.0046857587395974
2017-03-29,5.2533797540819345,1.0046815898201031
2017-03-30,5.270185065713915,1.0046668876936802
2017-03-31,5.2578579935473355,1.0046780560759478
2017-04-03,5.2486669158654875,1.0046869219914505
2017-04-04,5.252028364483042,1.004684150648514
2017-04-05,5.236342203740905,1.004698411762733
2017-04-06,5.251129119902413,1.0046854110373442
2017-04-07,5.245751249526944,1.0046904431830845
2017-04-10,5.248883550935487,1.004688341501506
2017-04-11,5.242608821783558,1.0046941856125122
2017-04-12,5.219526795680297,1.0047151782607864
2017-04-13,5.185465541336758,1.0047463844423414
2017-04-17,5.231621505170645,1.0047054374937565
2017-04-18,5.215934127766423,1.0047198248409077
2017-04-19,5.206297542448445,1.004728795475423
2017-04-20,5.248871379148343,1.0046906713076216
2017-04-21,5.232064863100549,1.0047059682366342
2017-04-24,5.289874636915313,1.0046552205808723
2017-04-25,5.320795123517149,1.0046283961547433
2017-04-26,5.317432046617139,1.0046315531050998
2017-04-27,5.32191421754843,1.0046278831120963
2017-04-28,5.3102604457666525,1.0046382680799746
2017-05-01,5.323701470657056,1.004627238278639
2017-05-02,5.32571703869571,1.004625717697225
2017-05-03,5.319217603259897,1.0046315994255068
2017-05-04,5.325489870148161,1.0046263776187712
2017-05-05,5.3465514485836145,1.0046083853101657
2017-05-08,5.345653180873635,1.0046098718994494
2017-05-09,5.340721467053968,1.0046143689217641
2017-05-10,5.3503551524278015,1.0046063001981513
2017-05-11,5.339373452434105,1.0046160131660462
2017-05-12,5.330409354855302,1.0046240127598403
2017-05-15,5.359985002597992,1.004599201107292
2017-05-16,5.355053691375386,1.004603674745851
2017-05-17,5.2595952116317015,1.0046874713734395
2017-05-18,5.28088106411833,1.0046688191432243
2017-05-19,5.315388828192133,1.004638751668602
2017-05-22,5.342497790922563,1.0046159343944034
2017-05-23,5.354372963247194,1.0046059392370619
2017-05-24,5.366918690393718,1.004595412837745
2017-05-25,5.392687524793929,1.0045736943384593
2017-05-26,5.3915662693207596,1.0045748861443269
2017-05-30,5.386854956975308,1.0045798507614918
2017-05-31,5.385508599896232,1.0045812366800386
2017-06-01,5.428530546845202,1.004545173724959
2017-06-02,5.446680785503958,1.004530270878298
2017-06-05,5.44264282143581,1.0045343622918044
2017-06-06,5.4251628653389155,1.004549215102372
2017-06-07,5.435245918178713,1.0045410195796243
2017-06-08,5.437932716398127,1.0045390221453263
2017-06-09,5.429639083944845,1.0045462032315529
2017-06-12,5.428515881106947,1.0045478876152578
2017-06-13,5.455180726071823,1.0045259018674952
2017-06-14,5.448233737789892,1.0045319198689298
2017-06-15,5.437699792486711,1.0045409466932285
2017-06-16,5.438892902884527,1.0045401993264793
2017-06-19,5.484373149493604,1.0045032926733553
2017-06-20,5.447217398997087,1.0045342595457623
2017-06-21,5.445865041728914,1.0045356340407232
2017-06-22,5.443386405754965,1.0045379442447733
2017-06-23,5.449916199953546,1.0045327480317994
2017-06-26,5.45351465353462,1.0045304831401303
2017-06-27,5.40937919840765,1.0045676953970522
2017-06-28,5.458014387744249,1.0045272404624428
2017-06-29,5.409826303558048,1.0045678171816887
2017-06-30,5.419958455944852,1.0045595303567885
2017-07-03,5.429187091906417,1.0045525319589568
2017-07-05,5.441792774026334,1.0045424939187444
2017-07-06,5.391803462576394,1.0045848639615071
2017-07-07,5.4269297809100685,1.0045554400894854
2017-07-10,5.432780270458604,1.0045512936495744
2017-07-11,5.428724694682595,1.004554947048736
2017-07-12,5.469706016572767,1.0045210709149586
2017-07-13,5.478935774613862,1.0045137057883449
2017-07-14,5.504603869473875,1.0044929081397538
2017-07-17,5.503924855848572,1.0044942084631439
2017-07-18,5.506850971934054,1.0044920727043258
2017-07-19,5.53679716580088,1.0044680279131046
2017-07-20,5.539272655785193,1.0044662868864431
2017-07-21,5.534316606402151,1.0044705473706967
2017-07-24,5.5329616470348935,1.0044724286758697
2017-07-25,5.546470228336658,1.004461798755211
2017-07-26,5.546693865107467,1.0044618828902996
2017-07-27,5.541513916427105,1.0044663118248731
2017-07-28,5.534982581027742,1.004471838161994
2017-07-31,5.531826179902733,1.004475147326847
2017-08-01,5.544208133203301,1.0044654037037362
2017-08-02,5.546909536347744,1.004463480902588
2017-08-03,5.536100107873556,1.0044724484080585
2017-08-04,5.546230645203952,1.004464531157756
2017-08-07,5.556584677658925,1.004456966540562
2017-08-08,5.542848569970201,1.0044682576972668
2017-08-09,5.542621291864594,1.0044686906635265
2017-08-10,5.464036184194486,1.0045332138169765
2017-08-11,5.472140829952899,1.0045267515394447
2017-08-14,5.526626699587355,1.004482863703541
2017-08-15,5.525950427770227,1.0044836592160322
2017-08-16,5.535632374009375,1.004476064897402
2017-08-17,5.448940080684158,1.0045475279738278
2017-08-18,5.440380529084678,1.004554929843471
2017-08-21,5.444655757428031,1.0045521014094032
2017-08-22,5.501847564800765,1.004505027834108
2017-08-23,5.482029772370355,1.0045215602236222
2017-08-24,5.469194881522118,1.0045324170975978
2017-08-25,5.482027069459292,1.0045220555025405
2017-08-28,5.482248867885129,1.0045226195893207
2017-08-29,5.488552742922188,1.0045176689536095
2017-08-30,5.51467144657913,1.0044965198772062
2017-08-31,5.547994975849987,1.0044697580671575
2017-09-01,5.5558761311521225,1.0044636609466504
2017-09-05,5.51579038507011,1.004497085838398
2017-09-06,5.5347026772936,1.0044819659243966
2017-09-07,5.534025187656262,1.0044827663758957
2017-09-08,5.5274946823479025,1.0044883121881727
2017-09-11,5.5867100296849985,1.0044414763993315
2017-09-12,5.60562428258451,1.0044267375617861
2017-09-13,5.608323728152642,1.004424851715867
2017-09-14,5.606521148351686,1.0044265193323365
2017-09-15,5.614101083578064,1.0044207886774421
2017-09-18,5.6260899258094055,1.004412104289804
2017-09-19,5.631746585552272,1.0044079190143251
2017-09-20,5.633781420227091,1.004406572006394
2017-09-21,5.618617415352974,1.0044187093682702
2017-09-22,5.619747095957384,1.0044180656131794
2017-09-25,5.608202987608856,1.0044278912949283
2017-09-26,5.611597933931472,1.00442545980321
2017-09-27,5.633545497674685,1.004408466369782
2017-09-28,5.640332808209135,1.0044034087300793
2017-09-29,5.660243766982183,1.0043881641645822
2017-10-02,5.684906420862511,1.0043698597044992
2017-10-03,5.697124729352047,1.0043607268387862
2017-10-04,5.703912832029922,1.0043557818586264
2017-10-05,5.737854956786624,1.0043302597285968
2017-10-06,5.731290353479923,1.0043354630804355
2017-10-09,5.721781186635162,1.0043434000014795
2017-10-10,5.736941629189377,1.0043321654319137
2017-10-11,5.745991833696829,1.0043255861849727
2017-10-12,5.73739218309296,1.0043323165793339
2017-10-13,5.744404580098202,1.0043272733637216
2017-10-16,5.752095405927333,1.0043222228377766
2017-10-17,5.756166016652659,1.0043194135909739
2017-10-18,5.761821464788753,1.0043154186448948
2017-10-19,5.763404482218847,1.0043144780117137
2017-10-20,5.7932737652293955,1.0042924777845708
2017-10-23,5.770638890271374,1.004310054947039
2017-10-24,5.780821719926582,1.0043027080321596
2017-10-25,5.752082624948958,1.0043244544157022
2017-10-26,5.759547977129287,1.0043190976701981
2017-10-27,5.8068415965998215,1.004284166227891
2017-10-30,5.785112693704627,1.0043009927380926
2017-10-31,5.7941632656495905,1.0042945215892767
2017-11-01,5.801854887066443,1.004289078545782
2017-11-02,5.8041171088508,1.004287660548317
2017-11-03,5.8235773910297315,1.00427358445968
2017-11-06,5.832623390913569,1.004267713953422
2017-11-07,5.828549480408876,1.0042709508073646
2017-11-08,5.838505144197425,1.0042639250837806
2017-11-09,5.817231171044579,1.0042797776368297
2017-11-10,5.815419731661154,1.0042813711259302
2017-11-13,5.820845380803101,1.0042781573908866
2017-11-14,5.8072684369238905,1.0042884202056357
2017-11-15,5.77807507907114,1.0043103516861838
2017-11-16,5.827404816638266,1.0042741251156493
2017-11-17,5.8102056239131485,1.004287041503295
2017-11-20,5.8201557834420585,1.0042805073327519
2017-11-21,5.858397663907642,1.0042528310915633
2017-11-22,5.853192622367493,1.0042568788795418
2017-11-24,5.86676534875226,1.0042475588766253
2017-11-27,5.863820929070587,1.004250481112119
2017-11-28,5.923556829678663,1.0042078766584364
2017-11-29,5.919936215026119,1.00421071319171
2017-11-30,5.971980217197337,1.0041742776888265
2017-12-01,5.959533116913319,1.004183253954731
2017-12-04,5.952288013383367,1.004189120353476
2017-12-05,5.9307896813396885,1.0042045679885294
2017-12-06,5.931918385651939,1.004204030549834
2017-12-07,5.950700101720334,1.004191023485461
2017-12-08,5.9832835439658,1.0041684594640015
2017-12-11,6.0013817291534295,1.0041566607375678
2017-12-12,6.012016977762673,1.0041495702112548
2017-12-13,6.011336917837819,1.004150303433666
2017-12-14,5.986670126096259,1.0041676641898754
2017-12-15,6.0367286180451645,1.0041333650224826
2017-12-18,6.075162340369648,1.0041079888844602
2017-12-19,6.0517331540901,1.0041241595372237
2017-12-20,6.048548821381429,1.0041265964194626
2017-12-21,6.061054198399379,1.0041183485478031
2017-12-22,6.0594618365202555,1.0041196937722383
2017-12-26,6.052178167575458,1.0041256958953304
2017-12-27,6.0551325308628705,1.004123959719766
2017-12-28,6.06764024393832,1.0041157315316627
2017-12-29,6.04466798949234,1.0041316412809274
2018-01-02,6.088103272933652,1.0041032297214127
2018-01-03,6.126767910836594,1.0040776055053964
2018-01-04,6.1526933435430555,1.0040606896868882
2018-01-05,6.193860668111772,1.004033964549067
2018-01-08,6.205229755757776,1.0040273579610106
2018-01-09,6.219326643913742,1.0040184969613046
2018-01-10,6.209773242730864,1.0040249460438688
2018-01-11,6.255261870001941,1.0039959391321036
2018-01-12,6.296199323198367,1.0039702199377998
2018-01-16,6.274584981291185,1.0039849485161925
2018-01-17,6.334629871604701,1.003947438644535
2018-01-18,6.323938281460823,1.0039543745596593
2018-01-19,6.352821309685138,1.0039366581086133
2018-01-22,6.404674831769829,1.00390556281911
2018-01-23,6.418320326938244,1.0038975189650081
2018-01-24,6.41581481311042,1.0038992995418454
2018-01-25,6.418544891955082,1.003897898355781
2018-01-26,6.493144897166703,1.0038533685989197
2018-01-29,6.449924502421439,1.0038799517153532
2018-01-30,6.38350924456321,1.0039205804758047
2018-01-31,6.386692292563539,1.0039188863175657
2018-02-01,6.379413666203673,1.0039236198657708
2018-02-02,6.23998710929318,1.0040115597571346
2018-02-05,5.977962194429401,1.0041882403466986
2018-02-06,6.096232178349822,1.0041072665434154
2018-02-07,6.063022874858004,1.0041300463438172
2018-02-08,5.834664624888761,1.0042919863874393
2018-02-09,5.9226854096606045,1.0042284935332317
2018-02-12,6.010020681474155,1.0041679132350976
2018-02-13,6.025030529020735,1.0041578272198675
2018-02-14,6.106680682161195,1.004102523302838
2018-02-15,6.1849214297528246,1.0040509094923837
2018-02-16,6.186739505261025,1.0040500031008648
2018-02-20,6.147838620121806,1.0040767865917783
2018-02-21,6.1171314888571,1.004097547830596
2018-02-22,6.125089476450448,1.0040925178581408
2018-02-23,6.223116114302093,1.004028340475985
2018-02-26,6.295667452784602,1.0039827720408214
2018-02-27,6.216740294019089,1.0040336297769434
2018-02-28,6.153509595845704,1.0040753722884668
2018-03-01,6.063667020747111,1.0041360532128
2018-03-02,6.095051008469059,1.0041150493938835
2018-03-05,6.165783283483335,1.0040687185882051
2018-03-06,6.181475524387915,1.0040586866479828
2018-03-07,6.179198911932433,1.0040604767769412
2018-03-08,6.209218782551974,1.0040411388613162
2018-03-09,6.317709832643417,1.0039720295615915
2018-03-12,6.309741430323772,1.0039779086950684
2018-03-13,6.268802069022373,1.0040041810142768
2018-03-14,6.236502540082734,1.0040252168395565
2018-03-15,6.229676685952917,1.0040299286619976
2018-03-16,6.236458751079951,1.0040258483603903
2018-03-19,6.151732172937619,1.0040822180501343
2018-03-20,6.162233143383902,1.0040755708759517
2018-03-21,6.150357535139043,1.0040837513308607
2018-03-22,5.995986533510378,1.0041892014675826
2018-03-23,5.867646842282838,1.00428114497214
2018-03-26,6.02886130910357,1.0041675933092171
2018-03-27,5.925871221242108,1.0042403456036355
2018-03-28,5.908285280164489,1.0042532862058637
2018-03-29,5.984096972368953,1.0041997125552082
2018-04-02,5.854383254851809,1.0042940344453328
2018-04-03,5.929739564324315,1.004239783252011
2018-04-04,5.993449671120392,1.0041950271346622
2018-04-05,6.040944984479553,1.0041623504531403
2018-04-06,5.905756347565805,1.0042579445766218
2018-04-09,5.934980245611915,1.0042379186788044
2018-04-10,6.0297483746325335,1.004171624304606
2018-04-11,5.998005247204236,1.004194013079405
2018-04-12,6.047555783777935,1.0041599572108324
2018-04-13,6.029742771456024,1.0041725574374227
2018-04-16,6.079518191506732,1.004139323647144
2018-04-17,6.144825774545015,1.0040956403373285
2018-04-18,6.149392469151699,1.0040929094000803
2018-04-19,6.115135133140647,1.0041161515923975
2018-04-20,6.063068634046928,1.004151816308164
2018-04-23,6.0621490028165095,1.0041533949464094
2018-04-24,5.980168571358652,1.0042106602558747
2018-04-25,5.995010613817835,1.0042005626004087
2018-04-26,6.056205696714971,1.0041584391672136
2018-04-27,6.061915319949222,1.004154839963261
2018-04-30,6.015094446582495,1.004188137550167
2018-05-01,6.025825615925042,1.0041810043425332
2018-05-02,5.985176246347557,1.004209725583016
2018-05-03,5.971929395748941,1.0042193883477613
2018-05-04,6.049568376423789,1.0041655570656995
2018-05-07,6.070114560258585,1.004152412850826
2018-05-08,6.070112605959697,1.0041527361420184
2018-05-09,6.129026937575901,1.0041131386137228
2018-05-10,6.186569650377549,1.0040751995374175
2018-05-11,6.205522548821688,1.0040630714103358
2018-05-14,6.208484112644842,1.004062094569077
2018-05-15,6.165552761385917,1.0040907043227698
2018-05-16,6.191584439005949,1.0040738280432175
2018-05-17,6.186330614336854,1.0040776095113637
2018-05-18,6.170799410820092,1.0040881949428062
2018-05-21,6.217377928848201,1.004058524693562
2018-05-22,6.200019744628228,1.0040702106988193
2018-05-23,6.217145647295835,1.0040593212918827
2018-05-24,6.204356081126356,1.004068010073036
2018-05-25,6.189510887454509,1.0040780876017248
2018-05-29,6.118027776389193,1.0041270291343416
2018-05-30,6.200003846340749,1.004072785374135
2018-05-31,6.161867783577641,1.0040983176105693
2018-06-01,6.222607061768156,1.004058634991397
2018-06-04,6.252289483246087,1.0040403229992767
2018-06-05,6.256854092280622,1.0040376973164657
2018-06-06,6.309374385541934,1.004004406075031
2018-06-07,6.308687952430203,1.0040051610749186
2018-06-08,6.327409376666074,1.0039936279536266
2018-06-11,6.335854579388051,1.0039892521162905
2018-06-12,6.3440743087175795,1.0039844010584107
2018-06-13,6.323745821630305,1.003997525914916
2018-06-14,6.339731947501072,1.003987762654004
2018-06-15,6.33160766698157,1.0039931967173836
2018-06-18,6.318526744546034,1.004002417401634
2018-06-19,6.294209036080946,1.0040182010911927
2018-06-20,6.3049888947091715,1.0040116508406318
2018-06-21,6.265302483269024,1.004037382661236
2018-06-22,6.27676954145179,1.0040303269412183
2018-06-25,6.190976172309154,1.0040871490519845
2018-06-26,6.204736647140999,1.0040784088420036
2018-06-27,6.153123434463062,1.0041129458304838
2018-06-28,6.18844409918536,1.0040897949088647
2018-06-29,6.1973914557204655,1.0040842137061312
2018-07-02,6.210688611076272,1.0040764374214133
2018-07-03,6.188666271436932,1.0040912740425776
2018-07-05,6.239355155886899,1.0040586900270918
2018-07-06,6.292341095826719,1.0040248349620085
2018-07-09,6.349221415399346,1.0039897385436554
2018-07-10,6.372157107647326,1.0039756993329765
2018-07-11,6.325364116257804,1.00400543396737
2018-07-12,6.3829345050208355,1.0039696258946254
2018-07-13,6.387978616225787,1.0039668108692774
2018-07-16,6.382238751626444,1.0039713378369703
2018-07-17,6.408157409948609,1.0039555981484412
2018-07-18,6.421688761360109,1.0039475854473041
2018-07-19,6.39737061701768,1.0039629126423022
2018-07-20,6.39002938795793,1.0039677872067976
2018-07-23,6.401952418525632,1.0039613578393762
2018-07-24,6.434293212796783,1.0039417664361636
2018-07-25,6.489341479380935,1.0039086480188264
2018-07-26,6.473969913277493,1.0039182473763038
2018-07-27,6.429927672540471,1.0039454045360154
2018-07-30,6.396202282343748,1.0039671724828283
2018-07-31,6.427852280995333,1.0039479641309206
2018-08-01,6.417070704992204,1.0039549212145953
2018-08-02,6.452164211728248,1.0039337325007
2018-08-03,6.479917759538799,1.0039172040774043
2018-08-06,6.503767937963845,1.0039037918917015
2018-08-07,6.525329190972165,1.0038912147582173
2018-08-08,6.522573958953413,1.0038931805591096
2018-08-09,6.513626460457626,1.0038988510229385
2018-08-10,6.469812044069201,1.0039255793283146
2018-08-13,6.445489672184639,1.003941367537094
2018-08-14,6.4867758116381,1.003916607167566
2018-08-15,6.438146670487939,1.0039465190773011
2018-08-16,6.490442163696474,1.0039150457320198
2018-08-17,6.5133797754194935,1.0039015823086588
2018-08-20,6.527365434302226,1.0038941858758985
2018-08-21,6.542732033779015,1.0038853623006891
2018-08-22,6.53883067121069,1.0038880042796872
2018-08-23,6.5301102321730085,1.0038935217197957
2018-08-24,6.569564640999947,1.0038704609834377
2018-08-27,6.621627993816055,1.0038409916521647
2018-08-28,6.624836314793422,1.0038394554700845
2018-08-29,6.660619714273767,1.0038191517377577
2018-08-30,6.633548341077653,1.003835062256219
2018-08-31,6.633774473028749,1.00383525408122
2018-09-04,6.622296845337082,1.0038431938270806
2018-09-05,6.604405084773261,1.0038539315244672
2018-09-06,6.584444604727056,1.0038659428759649
2018-09-07,6.571599392220547,1.0038738273831544
2018-09-10,6.583059992285792,1.0038680686598984
2018-09-11,6.604848655448274,1.0038556368237963
2018-09-12,6.606452709955172,1.0038550291122486
2018-09-13,6.645675220934798,1.0038326044645987
2018-09-14,6.64681916491593,1.0038322713608452
2018-09-17,6.611488379072883,1.0038537384276787
2018-09-18,6.647500811290435,1.0038331897145847
2018-09-19,6.654606753454642,1.0038294249045765
2018-09-20,6.708739844083846,1.0037988498174177
2018-09-21,6.702585419121536,1.003802664047753
2018-09-24,6.680230407197352,1.0038163741312416
2018-09-25,6.674004611652098,1.0038202670126817
2018-09-26,6.653955702984691,1.003832110574577
2018-09-27,6.6726162925305665,1.0038217245608574
2018-09-28,6.673306839970249,1.0038216578314336
2018-10-01,6.696574439703162,1.0038093652855524
2018-10-02,6.692652753346151,1.0038119305783049
2018-10-03,6.696338538407497,1.003810165392132
2018-10-04,6.643798941545894,1.0038406320608122
2018-10-05,6.606469142741049,1.0038626700194422
2018-10-08,6.606462472945372,1.003863683505695
2018-10-09,6.5967836688542265,1.0038696894146395
2018-10-10,6.387096029061866,1.0039970823734994
2018-10-11,6.245845500418738,1.0040878385739482
2018-10-12,6.332943963055664,1.004031973237923
2018-10-15,6.297220588502299,1.0040559226152006
2018-10-16,6.435472881442397,1.0039691454016844
2018-10-17,6.436622658799523,1.003968790832281
2018-10-18,6.3432972696567,1.0040275422260152
2018-10-19,6.3398407860867305,1.0040300990639117
2018-10-22,6.311261139017346,1.0040494335291104
2018-10-23,6.278999201543301,1.0040706077963566
2018-10-24,6.087978263084835,1.0041987086419601
2018-10-25,6.197656550237776,1.0041247769681783
2018-10-26,6.059977457047827,0.0
2018-10-29,6.0611130802206,0.0
2018-10-30,6.0614950133736,0.0
2018-10-31,6.061875309910055,0.0
2018-11-01,6.06225563030621,0.0
2018-11-02,6.062632652779657,0.0
2018-11-05,6.063768773528835,0.0
2018-11-06,6.06415419663992,0.0
2018-11-07,6.064537982837023,0.0
2018-11-08,6.064923454840315,0.0
2018-11-09,6.0653056280991136,0.0
2018-11-12,6.066457205304668,0.0
2018-11-13,6.066841137253826,0.0
2018-11-14,6.0672300799459125,0.0
2018-11-15,6.067617385318139,0.0
2018-11-16,6.0680030530533156,0.0
2018-11-19,6.069155142400101,0.0
2018-11-20,6.069544233442106,0.0
2018-11-21,6.069933349428578,0.0
2018-11-23,6.070718283275409,0.0
2018-11-26,6.071895836301316,0.0
2018-11-27,6.072290093647399,0.0
2018-11-28,6.072682712952084,0.0
2018-11-29,6.073073693893877,0.0
2018-11-30,6.073459708440996,0.0
2018-12-03,6.07461782568951,0.0
2018-12-04,6.0750072669418955,0.0
2018-12-06,6.0757995144649275,0.0
2018-12-07,6.07619236068011,0.0
2018-12-10,6.07736598139635,0.0
2018-12-11,6.077760593927197,0.0
2018-12-12,6.07815523208083,0.0
2018-12-13,6.07855322635493,0.0
2018-12-14,6.078949581332429,0.0
2018-12-17,6.08013372740156,0.0
2018-12-18,6.080526853856264,0.0
2018-12-19,6.080916673934017,0.0
2018-12-20,6.081308185007544,0.0
2018-12-21,6.081698055176117,0.0
2018-12-24,6.082867740665085,0.0
2018-12-26,6.083671012514674,0.0
2018-12-27,6.084069367959054,0.0
2018-12-28,6.084462748882572,0.0
2018-12-31,6.085637967029959,0.0
2019-01-02,6.086438270105075,0.0
2019-01-03,6.086833471713298,0.0
2019-01-04,6.087227031356949,0.0
2019-01-07,6.08841278982799,0.0
2019-01-08,6.088814791877948,0.0
2019-01-09,6.089216820471056,0.0
2019-01-10,6.089617207330484,0.0
2019-01-11,6.090014283740167,0.0
2019-01-14,6.091205590643891,0.0
2019-01-15,6.091606108271769,0.0
2019-01-16,6.092006652235052,0.0
2019-01-17,6.092403884449636,0.0
2019-01-18,6.092799473414188,0.0
2019-01-22,6.094375254976627,0.0
2019-01-23,6.094772641637088,0.0
2019-01-24,6.095166714607891,0.0
2019-01-25,6.0955541334237235,0.0
2019-01-28,6.0967264838351385,0.0
2019-01-29,6.097122353472582,0.0
2019-01-30,6.097518248814437,0.0
2019-01-31,6.097914169862373,0.0
2019-02-01,6.098308445956644,0.0
2019-02-04,6.099486338409904,0.0
2019-02-05,6.099882387248864,0.0
2019-02-06,6.100278461803872,0.0
2019-02-07,6.100674562076597,0.0
2019-02-08,6.1010706880687104,0.0
2019-02-11,6.102264157786869,0.0
2019-02-12,6.116778569032638,1.0038454045872818
2019-02-13,6.136713143897048,1.003833268065724
2019-02-14,6.123047463021996,1.0038421801343032
2019-02-15,6.190025910298926,1.0038009582226401
2019-02-19,6.200769106425285,1.0037957783168907
2019-02-20,6.213312272243187,1.0037884694673573
2019-02-21,6.191133233339001,1.0038023953961324
2019-02-22,6.229661946174228,1.0037792306516309
2019-02-25,6.238168314700102,1.0037751350670094
2019-02-26,6.233685538617699,1.0037782038264227
2019-02-27,6.230994313533209,1.003780187762494
2019-02-28,6.219346162853158,1.0037876204245895
2019-03-01,6.258320364749539,1.003764383330857
2019-03-04,6.235466228760334,1.0037792332063384
2019-03-05,6.22694914480932,1.0037847559148108
2019-03-06,6.189088295113869,1.0038082643625623
2019-03-07,6.137115011168219,1.0038408741465379
2019-03-08,6.124790770527121,1.0038489612137491
2019-03-11,6.213944316766268,1.0037948021606997
2019-03-12,6.237463092524527,1.0037808467942393
2019-03-13,6.278902613811125,1.0037562448427404
2019-03-14,6.27486878532716,1.0037590096838611
2019-03-15,6.305983505454821,1.0037408105620722
2019-03-18,6.328928675526327,1.003728290053903
2019-03-19,6.330500448265846,1.0037277105581432
2019-03-20,6.3113743287886805,1.003739356404878
2019-03-21,6.382922564097878,1.0036977871994184
2019-03-22,6.259617157633229,1.0037709825959187
2019-03-25,6.254887116782497,1.0037748919778833
2019-03-26,6.301685545124535,1.0037472084141752
2019-03-27,6.268607872366695,1.0037673333032737
2019-03-28,6.292456466298287,1.0037534035713471
2019-03-29,6.33228066972852,1.003730143515192
2019-04-01,6.407648629551777,1.003687283856914
2019-04-02,6.410797434598626,1.0036858140507143
2019-04-03,6.420920106570556,1.003680343082552
2019-04-04,6.4380181582579485,1.0036709097588759
2019-04-05,6.469289932246101,1.0036535043139951
2019-04-08,6.474236220343662,1.0036517302513894
2019-04-09,6.440931414005936,1.003670952548608
2019-04-10,6.4629815850027805,1.0036587659012588
2019-04-11,6.461179046753172,1.0036601255291995
2019-04-12,6.505053265404155,1.0036357759651848
2019-04-15,6.500770273242405,1.0036391850778101
2019-04-16,6.5050444847962146,1.003637130688013
2019-04-17,6.489065924506074,1.0036464243314187
2019-04-18,6.501888337144302,1.0036395711963342
2019-04-22,6.507502047749651,1.003637774501385
2019-04-23,6.566224919354816,1.0036055761052882
2019-04-24,6.551603117958293,1.0036139596049314
2019-04-25,6.547548985576536,1.0036165331685483
2019-04-26,6.578146588714617,1.0036000445626394
2019-04-29,6.588491650141465,1.003595387472793
2019-04-30,6.591864912001334,1.0035938813583238
2019-05-01,6.542137092208271,1.0036215343524642
2019-05-02,6.527956579071877,1.0036297374114298
2019-05-03,6.592082779519439,1.0035947640045533
2019-05-06,6.56484956400803,1.0036106790987485
2019-05-07,6.454820786710174,1.0036725677442815
2019-05-08,6.445820679442346,1.0036780362058375
2019-05-09,6.426242949863186,1.003689583080274
2019-05-10,6.458639366459685,1.0036714161509321
2019-05-13,6.295730733389145,1.0037674642347394
2019-05-14,6.352877740675885,1.0037339178841573
2019-05-15,6.390226659883938,1.0037124359929017
2019-05-16,6.449626777283673,1.0036785846093057
2019-05-17,6.407772242545053,1.0037029523594532
2019-05-20,6.365240347715177,1.0037287184430244
2019-05-21,6.422838985943621,1.0036956182416559
2019-05-22,6.4030398751849535,1.0037073848393905
2019-05-23,6.324510337731654,1.003753760753981
2019-05-24,6.338909434216454,1.003745574592642
2019-05-28,6.279724158158465,1.003782243293168
2019-05-29,6.2374172551140274,1.0038082437031184
2019-05-30,6.254518022356805,1.0037981768543112
2019-05-31,6.169915179987978,1.003850609319765
2019-06-03,6.1541583679147385,1.0038615153211856
2019-06-04,6.288257668377562,1.0037795088306127
2019-06-05,6.342931337934098,1.0037472696573273
2019-06-06,6.3843287776793956,1.0037233081060735
2019-06-07,6.448455438737637,1.0036866129313327
2019-06-10,6.478147983059931,1.0036706896017102
2019-06-11,6.476571524923601,1.0036719089977886
2019-06-12,6.465093928901132,1.0036787523108948
2019-06-13,6.49186877850927,1.003663899972957
2019-06-14,6.484665338237518,1.0036682855337788
2019-06-17,6.487133701105735,1.0036678391191545
2019-06-18,6.555308145027878,1.003630010248868
2019-06-19,6.57015550615308,1.0036221216348211
2019-06-20,6.633154937964471,1.0035880276244398
2019-06-21,6.623477773586936,1.003593574072827
2019-06-24,6.615329595743517,1.0035989081984886
2019-06-25,6.550213194517648,1.003634992054693
2019-06-26,6.543654092745327,1.0036389416720626
2019-06-27,6.566938620774548,1.003626346967411
2019-06-28,6.600851340244024,1.003608021565607
2019-07-01,6.660988443208732,1.0035763525534274
2019-07-02,6.678396134005246,1.0035673393657265
2019-07-03,6.7319785786204855,1.0035392509354315
2019-07-05,6.7242888802073715,1.0035439118429328
2019-07-08,6.687203899431875,1.003564496593074
2019-07-09,6.695563847399943,1.00356035912244
2019-07-10,6.7276661785218534,1.003543681818176
2019-07-11,6.743492631963453,1.0035356701790346
2019-07-12,6.773787778043132,1.003520158093116
2019-07-15,6.776043246695569,1.0035198829943903
2019-07-16,6.7541083729162965,1.0035316151743374
2019-07-17,6.707983716401953,1.0035562008632055
2019-07-18,6.7326250206034866,1.0035434851799732
2019-07-19,6.695091532465894,1.003563644238329
2019-07-22,6.711588294211819,1.0035557673625384
2019-07-23,6.759746778513367,1.0035307290401343
2019-07-24,6.791627826829443,1.003514445961819
2019-07-25,6.759064805671232,1.0035316725306531
2019-07-26,6.804511262037187,1.0035083790460908
2019-07-29,6.792068257853889,1.003515696138636
2019-07-30,6.775333733699877,1.0035246760567398
2019-07-31,6.700947472903268,1.0035640998030653
2019-08-01,6.642387424551135,1.0035958207777573
2019-08-02,6.592189426852442,1.0036235028966685
2019-08-05,6.393218939124664,1.003737201381228
2019-08-06,6.483204522989453,1.0036856326763184
2019-08-07,6.487043806731117,1.003683755134764
2019-08-08,6.61478615921315,1.0036129107387526
2019-08-09,6.569564049961572,1.0036380774954607
2019-08-12,6.4892948678932925,1.003683974658116
2019-08-13,6.590586665512384,1.0036276492164333
2019-08-14,6.395009419926671,1.003738896043893
2019-08-15,6.411963725697922,1.0037293080974585
2019-08-16,6.50692371777459,1.003675172708137
2019-08-19,6.585600280377159,1.003632110957388
2019-08-20,6.534951128695601,1.0036605524558742
2019-08-21,6.588310025869576,1.003631194027611
2019-08-22,6.586272562459475,1.0036326089180219
2019-08-23,6.416472475707471,1.0037290415855848
2019-08-26,6.487683138025052,1.0036889987383808
2019-08-27,6.462134634770163,1.0037038837994494
2019-08-28,6.507806399535797,1.0036781862011175
2019-08-29,6.5912310829058605,1.0036319252087036
2019-08-30,6.58829266477673,1.003633838739258
2019-09-03,6.549621099957411,1.003656476078325
2019-09-04,6.62423250838761,1.0036155829145301
2019-09-05,6.70969351287396,1.0035698179703685
2019-09-06,6.714893448172158,1.0035673398864575
2019-09-09,6.7182800154051305,1.0035663973829272
2019-09-10,6.716693025801211,1.0035675254142429
2019-09-11,6.764624053949204,1.0035425299722525
2019-09-12,6.788136986768597,1.0035305416816906
2019-09-13,6.783612753820664,1.0035331779894698
2019-09-16,6.762581995331578,1.0035450163174569
2019-09-17,6.779762277540194,1.00353631884444
2019-09-18,6.783829127447395,1.0035344844910339
2019-09-19,6.783375213436161,1.0035350028126504
2019-09-20,6.751211429260224,1.0035521253246324
2019-09-23,6.749614570691683,1.0035538038152718
2019-09-24,6.696461780077713,1.0035822965323764
2019-09-25,6.736209284175407,1.0035614399152157
2019-09-26,6.722123322804716,1.0035691814488892
2019-09-27,6.685779730335241,1.0035888576612237
2019-09-30,6.716895035070913,1.0035730430168042
2019-10-01,6.636711007551291,1.0036164935086893
2019-10-02,6.51904835988227,1.0036820482103397
2019-10-03,6.572652503032345,1.0036522939277075
2019-10-04,6.661918155277193,1.0036036189979105
2019-10-07,6.633066687303374,1.0036200906879726
2019-10-08,6.529714174200191,1.003677662626268
2019-10-09,6.591951608314655,1.0036432077223383
2019-10-10,6.636695030628335,1.003618909576223
2019-10-11,6.705744696565783,1.0035819053708706
2019-10-14,6.6982431201791055,1.0035866979032535
2019-10-15,6.764794514755171,1.0035516701582223
2019-10-16,6.753889559908805,1.0035576620531688
2019-10-17,6.773874761517508,1.003547421347642
2019-10-18,6.7441205470990075,1.0035633288623569
2019-10-21,6.789995127467889,1.003540019352596
2019-10-22,6.767734186318279,1.0035519203383851
2019-10-23,6.7874941586728905,1.0035418340906186
2019-10-24,6.798623949615373,1.0035362896967073
2019-10-25,6.826560555232127,1.0035220727263083
2019-10-28,6.865171684352399,1.0035030209339268
2019-10-29,6.863122923539443,1.0035043181710046
2019-10-30,6.884246576440214,1.0034938143622194
2019-10-31,6.865844541782351,1.003503427166002
2019-11-01,6.9296709883275724,1.003471397191755
2019-11-04,6.957602111380285,1.0034581689483741
2019-11-05,6.949881181846488,1.0034622479048096
2019-11-06,6.951466118983565,1.0034616984420959
2019-11-07,6.975995157150396,1.0034497655003602
2019-11-08,6.9932592143621335,1.0034414876942441
2019-11-11,6.979853507679776,1.0034488116954325
2019-11-12,6.994615469641775,1.0034417706713505
2019-11-13,6.996885284726192,1.0034408954655152
2019-11-14,7.00710192784239,1.0034361175977435
2019-11-15,7.057981165803179,1.0034115848695082
2019-11-18,7.06320098014392,1.0034097753561428
2019-11-19,7.06115533402198,1.0034110005340104
2019-11-20,7.034803450612259,1.0034240161616899
2019-11-21,7.023447321061634,1.0034297910725036
2019-11-22,7.039116331277128,1.0034223954703037
2019-11-25,7.093851836389892,1.003396700345164
2019-11-26,7.109977425358156,1.0033892361032524
2019-11-27,7.141779076690934,1.0033743817394851
2019-11-29,7.11519791587733,1.0033874685256354
2019-12-02,7.05454484875024,1.0034173119517416
2019-12-03,7.007069876222246,1.003440707498208
2019-12-04,7.0504527671762265,1.0034197740771151
2019-12-05,7.063172288529587,1.0034138513499196
2019-12-06,7.127905034146494,1.0033830807638318
2019-12-09,7.105413343145939,1.0033944870243785
2019-12-10,7.097462571260266,1.0033985233122784
2019-12-11,7.117676131778252,1.0033891067113931
2019-12-12,7.1792325824397505,1.0033602815254703
2019-12-13,7.183545617857481,1.0033584967745428
2019-12-16,7.233056294182731,1.0033362040199507
2019-12-17,7.234645816578385,1.0033357031355505
2019-12-18,7.235098444533946,1.003335725653898
2019-12-19,7.264850786831619,1.0033222948507847
2019-12-20,7.296805676435695,1.0033079757130179
2019-12-23,7.307983463099098,1.0033036083168951
2019-12-24,7.308210835421466,1.0033037372332871
2019-12-26,7.347242082058908,1.0032866457343101
2019-12-27,7.345412466699518,1.0032876940531574
2019-12-30,7.304777006564745,1.0033066732192095
2019-12-31,7.322581921652738,1.0032988625661803
2020-01-02,7.3912814176770025,1.0032686520190126
2020-01-03,7.3351310996780965,1.0032938999973986
2020-01-06,7.363201632376368,1.0032820143038201
2020-01-07,7.342428532064493,1.0032915278713304
2020-01-08,7.3816867254444185,1.0032742476084595
2020-01-09,7.431903295376498,1.0032523475093051
2020-01-10,7.410443011103661,1.003261990452544
2020-01-13,7.461569454275619,1.0032403077368763
2020-01-14,7.450157392707306,1.003245497036641
2020-01-15,7.467042979157278,1.0032383831770801
2020-01-16,7.529356338224357,1.003211805634202
2020-01-17,7.55286568801665,1.0032020294967536
2020-01-21,7.538023344742194,1.0032092238259864
2020-01-22,7.5389348659827595,1.003209058224249
2020-01-23,7.547602448361336,1.0032055942800782
2020-01-24,7.480266211250692,1.0032346738701239
2020-01-27,7.359969592786837,1.0032882219231578
2020-01-28,7.437346901106009,1.0032542362980903
2020-01-29,7.431184194398634,1.003257161694474
2020-01-30,7.45537383796577,1.0032468185727497
2020-01-31,7.319560756416507,1.0033072928197424
2020-02-03,7.3741108990453625,1.0032835070005117
2020-02-04,7.486867722987509,1.0032342804242187
2020-02-05,7.573606063287117,1.0031974616299921
2020-02-06,7.599167028700261,1.003186928236568
2020-02-07,7.558536457084744,1.0032042823929035
2020-02-10,7.6151382085743204,1.0031811269854187
2020-02-11,7.628377121861791,1.003175828053338
2020-02-12,7.677678171593086,1.0031556545372815
2020-02-13,7.669458462550927,1.003159257296244
2020-02-14,7.68178417079029,1.0031544093757314
2020-02-18,7.661919172070889,1.0031634715802369
2020-02-19,7.698666805496344,1.0031485915057075
2020-02-20,7.666936076224507,1.0031618432897431
2020-02-21,7.587729773426966,1.0031950721367482
2020-02-24,7.335272202234733,1.0033057239866314
2020-02-25,7.1122579232918826,1.0034096128651757
2020-02-26,7.086006414867645,1.0034224788488593
2020-02-27,6.766672724010683,1.0035842383905362
2020-02-28,6.738139039483886,1.003599655044664
2020-03-02,7.030990735096922,1.003450361778081
2020-03-03,6.828979510424122,1.003552632923739
2020-03-04,7.117040118920504,1.0034090211482931
2020-03-05,6.879649623632613,1.0035268187001787
2020-03-06,6.765520247408379,1.003586471741885
2020-03-09,6.235273348095951,1.003891928646922
2020-03-10,6.345749920894317,0.0
2020-03-11,6.345824679044069,0.0
2020-03-12,6.345895960910327,0.0
2020-03-13,6.34595333476422,0.0
2020-03-16,6.34609416276973,0.0
2020-03-17,6.346135890512171,0.0
2020-03-18,6.34616892519215,0.0
2020-03-19,6.346172402544985,0.0
2020-03-20,6.346179357254466,0.0
2020-03-23,6.346205437443605,0.0
2020-03-24,6.346208914816447,0.0
2020-03-25,6.346210653503822,0.0
2020-03-26,6.34620369875242,0.0
2020-03-27,6.346195005322696,0.0
2020-03-30,6.346210653474763,0.0
2020-03-31,6.346231517728966,0.0
2020-04-01,6.346250643358198,0.0
2020-04-02,6.3462662916474555,0.0
2020-04-03,6.346281939975297,0.0
2020-04-06,6.346334101196721,0.0
2020-04-07,6.346360182021794,0.0
2020-04-08,6.346384524225233,0.0
2020-04-09,6.346422776405926,0.0
2020-04-13,6.34659665100254,0.0
2020-04-14,6.346641859636218,0.0
2020-04-15,6.346676635755997,0.0
2020-04-16,6.346700979173231,0.0
2020-04-17,6.346725322683836,0.0
2020-04-20,6.346787920522636,0.0
2020-04-21,6.3468087866747025,0.0
2020-04-22,6.346827914043649,0.0
2020-04-23,6.346848780327202,0.0
2020-04-24,6.3468679078166765,0.0
2020-04-27,6.346930507061795,0.0
2020-04-28,6.346951373682639,0.0
2020-04-29,6.3469705014813,0.0
2020-04-30,6.346987890441578,0.0
2020-05-01,6.347003540548704,0.0
2020-05-04,6.34706614113157,0.0
2020-05-05,6.347088747120567,0.0
2020-05-06,6.347111353190077,0.0
2020-05-07,6.347132220405484,0.0
2020-05-08,6.347151348749163,0.0
2020-05-11,6.347213950789863,0.0
2020-05-12,6.347234818342577,0.0
2020-05-13,6.347257424932341,0.0
2020-05-14,6.347280031602621,0.0
2020-05-15,6.347300899372588,0.0
2020-05-18,6.3473635028883075,0.0
2020-05-19,6.3473861099364,0.0
2020-05-20,6.347408717065011,0.0
2020-05-21,6.347429585258053,0.0
2020-05-22,6.347450453519702,0.0
2020-05-26,6.347533926840734,0.0
2020-05-27,6.347558273546208,0.0
2020-05-28,6.293122086621238,0.9448594267527358
2020-05-29,6.319618508113502,0.9450903903488262
2020-06-01,6.343761308931381,0.9452987334339668
2020-06-02,6.393416117261917,0.9457233655637857
2020-06-03,6.473884820204335,0.9463977897176205
2020-06-04,6.457795767377312,0.9462640087831335
2020-06-05,6.614413597957392,0.9475361681590865
2020-06-08,6.690172777941968,0.9481296264617591
2020-06-09,6.642874485026948,0.947760058077998
2020-06-10,6.607748271841899,0.9474820817259607
2020-06-11,6.246825563472175,0.9444474963368744
2020-06-12,6.317479409497395,0.9450685322748826
2020-06-15,6.373222412980992,0.9455482709592204
2020-06-16,6.489213646784472,0.9465213028521963
2020-06-17,6.463703213077011,0.9463099872890766
2020-06-18,6.466060362137289,0.9463293095691857
2020-06-19,6.431091685138867,0.9460372418469309
2020-06-22,6.470125641360018,0.9463621352859979
2020-06-23,6.49831759156689,0.9465946007976288
2020-06-24,6.3414073663505715,0.945272910827779
2020-06-25,6.405670240020734,0.9458217205020982
2020-06-26,6.261771435375731,0.944576432160757
2020-06-29,6.348708142052497,0.9453347516335908
2020-06-30,6.425586805566941,0.9459885845359103
2020-07-01,6.4681686574465544,0.9463439223258886
2020-07-02,6.501878270962877,0.9466219026863365
2020-07-06,6.596897285797801,0.9473899318487136
2020-07-07,6.532439496804698,0.9468705921807906
2020-07-08,6.5797493454632265,0.9472523875681678
2020-07-09,6.544269127557847,0.94696619471065
2020-07-10,6.6075462462924595,0.9474738854839566
2020-07-13,6.553341268684512,0.9470388577401071
2020-07-14,6.6337705851606135,0.947680769783995
2020-07-15,6.691527421232372,0.9481321415982744
2020-07-16,6.67063300332537,0.9479694478727516
2020-07-17,6.688967520040932,0.9481119076829109
2020-07-20,6.740221994617184,0.9485060132401538
2020-07-21,6.753827299982923,0.9486095627099208
2020-07-22,6.790295745216938,0.9488853817957428
2020-07-23,6.713418339334034,0.948299868538723
2020-07-24,6.672416708506855,0.9479820030790795
2020-07-27,6.7185475556728695,0.9483387016378706
2020-07-28,6.678139788116425,0.9480259553007979
2020-07-29,6.756003076476831,0.9486248040519617
2020-07-30,6.733139018059484,0.948450191363018
2020-07-31,6.78360210377797,0.9488335432355008
2020-08-03,6.82835455424044,0.9491685077964539
2020-08-04,6.853387542574004,0.949354038411346
2020-08-05,6.893799831447355,0.9496508070187712
2020-08-06,6.937562481036597,0.9499682763236124
2020-08-07,6.942295452975796,0.9500022489183875
2020-08-10,6.962010257641282,0.9501434212220911
2020-08-11,6.907407736889509,0.9497491574053412
2020-08-12,6.998874439616282,0.9504057248087155
2020-08-13,6.9868496299718155,0.9503202202082969
2020-08-14,6.9870483487745485,0.9503214970469415
2020-08-17,7.00814425400329,0.9504706321140087
2020-08-18,7.022533796889144,0.9505719849875516
2020-08-19,6.994741069237428,0.9503754665984592
2020-08-20,7.015440941687825,0.95052174042973
2020-08-21,7.039096198960945,0.9506878661419135
2020-08-24,7.106910497423328,0.9511580021851519
2020-08-25,7.130565849808392,0.9513198734154985
2020-08-26,7.198575454363336,0.951779640778376
2020-08-27,7.2135583958636245,0.9518796519896293
2020-08-28,7.25791116980068,0.9521735691725893
2020-08-31,7.232881985454544,0.9520076727018332
2020-09-01,7.297735817936804,0.952434029630753
2020-09-02,7.398269812419023,0.9530802423121835
2020-09-03,7.1556117911710135,0.9514889602355097
2020-09-04,7.100022395924543,0.951108997279549
2020-09-08,6.915516398810348,0.9498039800930315
2020-09-09,7.045226482187839,0.9507279665092813
2020-09-10,6.928924422923835,0.9499007702711305
2020-09-11,6.932277139524933,0.9499248355608073
2020-09-14,7.01901587826366,0.9505432011836795
2020-09-15,7.052724551913256,0.9507794328568868
2020-09-16,7.026114037502494,0.9505928673134145
2020-09-17,6.967372894476487,0.9501761574897406
2020-09-18,6.891157827058704,0.9496249898084776
2020-09-21,6.8183271106756544,0.9490864850926481
2020-09-22,6.8842325538599365,0.9495737618741347
2020-09-23,6.732632021120182,0.9484381590928221
2020-09-24,6.749652888158476,0.9485680296293838
2020-09-25,6.853164342573671,0.9493447287861759
2020-09-28,6.961227014121057,0.9501306664729671
2020-09-29,6.925207466048531,0.9498711338776055
2020-09-30,6.975081832450253,0.950229450740852
2020-10-01,7.017635609963353,0.9505311155595513
2020-10-02,6.954302955645228,0.9500804806396442
2020-10-05,7.071469210683887,0.950907227523962
2020-10-06,6.975880194570953,0.9502343832654294
2020-10-07,7.091264922263358,0.9510440048319351
2020-10-08,7.1510356336051615,0.9514530621604702
2020-10-09,7.2117963987063085,0.9518619607081111
2020-10-12,7.322234248896917,0.9525876146556662
2020-10-13,7.27671389159875,0.9522908900778877
2020-10-14,7.233175891736744,0.9520035743116693
2020-10-15,7.2246671226852754,0.9519468890880969
2020-10-16,7.2205098056372385,0.9519190768862544
2020-10-19,7.1160155665310185,0.9512125975066784
2020-10-20,7.143131106144961,0.9513976494753179
2020-10-21,7.130267325466742,0.9513098321316177
2020-10-22,7.167476132750095,0.9515624666542678
2020-10-23,7.190631541523247,0.9517183270721603
2020-10-26,7.064169726243017,0.9508535911245516
2020-10-27,7.041014910088341,0.9506918214978273
2020-10-28,6.81222860586018,0.9490356840195473
2020-10-29,6.877936936172568,0.949522433020012
2020-10-30,6.809855234566168,0.949017656545539
2020-11-02,6.8822938721302265,0.9495538910292469
2020-11-03,6.997675885333155,0.9503855553752659
2020-11-04,7.146312457766301,0.9514173560195551
2020-11-05,7.278914119346304,0.9523022666001114
2020-11-06,7.277331618187038,0.9522917637232877
2020-11-09,7.364416493183268,0.9528555303422583
2020-11-10,7.354127063764957,0.9527894265043222
2020-11-11,7.40618024581466,0.9531211102174949
2020-11-12,7.337701793979162,0.9526834874983765
2020-11-13,7.434481283987067,0.9532993094442903
2020-11-16,7.522951558201455,0.9538481704295974
2020-11-17,7.484359528515731,0.9536100807340603
2020-11-18,7.398466934790999,0.9530714006763843
2020-11-19,7.428153266028551,0.9532588337819419
2020-11-20,7.379665451152468,0.9529516324740043
2020-11-23,7.421824084635887,0.9532186149925751
2020-11-24,7.535822937672392,0.953926203703864
2020-11-25,7.524740282142929,0.9538582311076697
2020-11-27,7.544732261835991,0.9539802703042588
2020-11-30,7.512868670074617,0.9537847494823675
2020-12-01,7.59124311936056,0.9542617904287222
2020-12-02,7.606485195589914,0.9543533293096971
2020-12-03,7.604505753987331,0.9543413349660844
2020-12-04,7.6670482991355655,0.9547136879233404
2020-12-07,7.652008070150278,0.9546243407980723
2020-12-08,7.673383473427354,0.9547506425786075
2020-12-09,7.6076782601635715,0.9543597250442494
2020-12-10,7.605305152369136,0.9543453836979683
2020-12-11,7.596793383530802,0.9542941301565196
2020-12-14,7.564338167561814,0.9540977247445065
2020-12-15,7.661910598411704,0.9546821664918982
2020-12-16,7.673389751892359,0.9547498613894992
2020-12-17,7.714359327244449,0.9549900657565993
2020-12-18,7.684943760761324,0.9548176827450034
2020-12-21,7.65871168286105,0.9546626293588744
2020-12-22,7.6463880669970825,0.9545894475495692
2020-12-23,7.652949314292057,0.954628268359271
2020-12-24,7.681371110236803,0.9547960365743862
2020-12-28,7.744379960229219,0.9551633771551048
2020-12-29,7.73026942071261,0.9550813987199318
2020-12-30,7.740805765560358,0.9551424164698257
2020-12-31,7.778371281640779,0.9553589575880072
2021-01-04,7.677208603196101,0.9547702758897246
2021-01-05,7.727691989945847,0.9550656413694123
2021-01-06,7.77181537284934,0.9553206396691453
2021-01-07,7.882128766975437,0.9559458357073716
2021-01-08,7.925062268603037,0.9561843881957428
2021-01-11,7.873982169195328,0.955899857574528
2021-01-12,7.875574240960305,0.9559086759168232
2021-01-13,7.895846954585908,0.9560217726589894
2021-01-14,7.869413062522016,0.9558739380076795
2021-01-15,7.814558230693038,0.9555640824967332
2021-01-19,7.873193923363249,0.9558945844410535
2021-01-20,7.977343771776478,0.9564703044102532
2021-01-21,7.984301769375012,0.9565081434633432
2021-01-22,7.957270644676447,0.9563602925119277
2021-01-25,7.987285178433618,0.9565239954644562
2021-01-26,7.975361027463748,0.9564588861000431
2021-01-27,7.788927532025545,0.95541661320729
2021-01-28,7.8529284513018895,0.9557798683478594
2021-01-29,7.702668132614359,0.9549171546837898
2021-02-01,7.8251031935033595,0.9556223221772675
2021-02-02,7.930842852622501,0.9562139130881903
2021-02-03,7.936807331930252,0.9562467342490519
2021-02-04,8.023068538985772,0.9567171065184271
2021-02-05,8.053277628105457,0.9568794200864207
2021-02-08,8.108931792342931,0.9571752646730433
2021-02-09,8.103764110058316,0.9571478971034022
2021-02-10,8.100386720866975,0.9571299832930241
2021-02-11,8.112909436437706,0.9571960968526808
2021-02-12,8.15127032250343,0.9573974789541801
2021-02-16,8.144512376089521,0.9573619424116557
2021-02-17,8.146302490028104,0.9573712652198391
2021-02-18,8.113111927940738,0.9571968250978367
2021-02-19,8.099396817916682,0.9571243091202577
2021-02-22,8.039771613818038,0.9568061889493219
2021-02-23,8.04911217260584,0.9568562775673807
2021-02-24,8.13398180139748,0.9573063905905647
2021-02-25,7.946354114972984,0.956298281907097
2021-02-26,7.907201704141163,0.956081845264402
2021-03-01,8.09045700533442,0.9570764853644593
2021-03-02,8.030032205605545,0.9567534330500249
2021-03-03,7.9282718697426695,0.9561983100898931
2021-03-04,7.834459014392146,0.9556737509203624
2021-03-05,7.972196830037536,0.9564395398593318
2021-03-08,7.9342363713554445,0.9562309858551519
2021-03-09,8.042559919207662,0.9568204423501467
2021-03-10,8.09046081105962,0.9570760351589418
2021-03-11,8.168970436009465,0.9574885184495184
2021-03-12,8.17950424552852,0.9575432194754258
2021-03-15,8.226212647807888,0.9577841501128508
2021-03-16,8.216275522371868,0.9577330460850437
2021-03-17,8.243107306326069,0.957870604343717
2021-03-18,8.128225997941648,0.9572751398002235
2021-03-19,8.113828333138617,0.9571993145134262
2021-03-22,8.175845204697294,0.9575239389546311
2021-03-23,8.114229023687813,0.9572013577097553
2021-03-24,8.074746277808416,0.9569920752129385
2021-03-25,8.118217408734317,0.9572223490213116
2021-03-26,8.243444581716446,0.9578721664557972
2021-03-29,8.239455743251929,0.9578517024838037
2021-03-30,8.218520142872068,0.9577443005023073
2021-03-31,8.250427094643145,0.9579076932891807
2021-04-01,8.335772711785719,0.9583386201608911
2021-04-05,8.450433628817375,0.9589038184768304
2021-04-06,8.44564753985809,0.9588804957634685
2021-04-07,8.455020746528866,0.9589260581969723
2021-04-08,8.49350511578986,0.9591121432620697
2021-04-09,8.552730782192203,0.9593952710114629
2021-04-12,8.55572210034479,0.9594094008286881
2021-04-13,8.580051007993172,0.9595244741127826
2021-04-14,8.55193420887187,0.9593913664858738
2021-04-15,8.640072710320414,0.9598055983948052
2021-04-16,8.667789865488873,0.9599341068371731
2021-04-19,8.626912742766736,0.959744195410411
2021-04-20,8.566291854367968,0.9594592958329573
2021-04-21,8.644062046831182,0.9598240054926159
2021-04-22,8.568286475051444,0.9594686667205975
2021-04-23,8.65742242398055,0.959885940273549
2021-04-26,8.674773805623772,0.959966078160432
2021-04-27,8.672977809087143,0.9599577550416066
2021-04-28,8.670583734745636,0.9599466878215809
2021-04-29,8.72362751931963,0.9601902200117418
2021-04-30,8.66859118495362,0.9599374592732911
2021-05-03,8.686538573510578,0.9600202002337491
2021-05-04,8.63509115937616,0.9597819586373268
2021-05-05,8.637685251569136,0.9597940149938778
2021-05-06,8.703888550290946,0.9600998068852072
2021-05-07,8.764706277385086,0.9603766500200381
2021-05-10,8.681354911506387,0.9599961528213897
2021-05-11,8.606976061737408,0.9596504297227421
2021-05-12,8.431497809353935,0.958810653993196
2021-05-13,8.528609862363794,0.9592796391763236
2021-05-14,8.654236500172907,0.95987072213618
2021-05-17,8.633099202808733,0.9597724364682304
2021-05-18,8.561711100319464,0.959436994207946
2021-05-19,8.540175552707197,0.9593346852059426
2021-05-20,8.628313959011683,0.9597500712138225
2021-05-21,8.621534284818122,0.9597184090360541
2021-05-24,8.70588451421638,0.9601086595602457
2021-05-25,8.687339059023303,0.9600234788901634
2021-05-26,8.703891499861726,0.9600994815270231
2021-05-27,8.708277290010514,0.9601195549582261
2021-05-28,8.723233836143786,0.9601879107344676
2021-06-01,8.715854595301725,0.9601541603335334
2021-06-02,8.72901682403987,0.9602142209074024
2021-06-03,8.697909837358713,0.9600719101661127
2021-06-04,8.774283772385273,0.9604194342628267
2021-06-07,8.766109066499348,0.9603824588646487
2021-06-08,8.767902264470878,0.9603905396798139
2021-06-09,8.75533961355826,0.9603336840760648
2021-06-10,8.794423930066596,0.9605099372807182
2021-06-11,8.808382564156092,0.9605724847332032
2021-06-14,8.827330495385448,0.9606570191810975
2021-06-15,8.811773918041615,0.9605875294760222
2021-06-16,8.764514240789964,0.9603749784968789
2021-06-17,8.761724261378179,0.9603623173371446
2021-06-18,8.64820983687978,0.9598419981708141
2021-06-21,8.767046154805293,0.9603861725425891
2021-06-22,8.812061077066426,0.9605884790858118
2021-06-23,8.80185938806574,0.960542756396909
2021-06-24,8.851874169201837,0.9607656436200964
2021-06-25,8.88208335351096,0.9608990314870931
2021-06-28,8.899290212538695,0.9609744411135075
2021-06-29,8.903892392064716,0.9609945589301989
2021-06-30,8.911094272082932,0.9610260401260053
2021-07-01,8.95851056730228,0.9612322713983896
2021-07-02,9.02432974845172,0.9615149721050077
2021-07-06,9.008526596605856,0.9614472487369917
2021-07-07,9.039138520046489,0.9615777587528824
2021-07-08,8.968316502374869,0.9612742885969489
2021-07-09,9.060345909861468,0.961667577484478
2021-07-12,9.091554993211528,0.961798974922338
2021-07-13,9.061747534957494,0.961673265039283
2021-07-14,9.074752882675538,0.9617281400048294
2021-07-15,9.044944209854869,0.9616019474885381
2021-07-16,8.976724607272864,0.9613100842798966
2021-07-19,8.84928562384835,0.9607527476728646
2021-07-20,8.97112287020754,0.9612857134400883
2021-07-21,9.040945212770865,0.9615846474947365
2021-07-22,9.05915146149958,0.9616617986161253
2021-07-23,9.14877612659002,0.962037321269908
2021-07-26,9.170386636167965,0.9621266267217939
2021-07-27,9.130174756471082,0.9619597695320361
2021-07-28,9.126574809966199,0.9619447125615825
2021-07-29,9.1629861767992,0.9620958826311363
2021-07-30,9.120174596616744,0.9619178919499938
2021-08-02,9.101770804034487,0.9618407016953264
2021-08-03,9.17299061862209,0.9621369215963438
2021-08-04,9.129577781475136,0.9619568235158416
2021-08-05,9.185195547908428,0.9621871289801913
2021-08-06,9.199800719509657,0.9622471072023155
2021-08-09,9.192602242621652,0.9622173576139493
2021-08-10,9.203605122523753,0.9622624646054733
2021-08-11,9.225612180815135,0.9623524333080622
2021-08-12,9.25222028801971,0.9624606510845533
2021-08-13,9.268426033510728,0.9625262266409007
2021-08-16,9.289433047349164,0.9626107850037509
2021-08-17,9.230817722035155,0.9623733031239419
2021-08-18,9.133587995697354,0.961972682957468
2021-08-19,9.147193385849263,0.9620291713641994
2021-08-20,9.21721490114275,0.9623175669412631
2021-08-23,9.295240321360001,0.9626337244800723
2021-08-24,9.30944537329281,0.9626906896450795
2021-08-25,9.32824885469736,0.9627658451368832
2021-08-26,9.27523455007863,0.9625529649374647
2021-08-27,9.35506053957831,0.9628724466575974
2021-08-30,9.394672505758859,0.9630288404010525
2021-08-31,9.381269299640019,0.9629759682518916
2021-09-01,9.386071771322353,0.9629948713915754
2021-09-02,9.413880237587847,0.9631041334648387
2021-09-03,9.411679727705796,0.9630954564252157
2021-09-07,9.379271936664344,0.9629677388429404
2021-09-08,9.368268138921716,0.9629241906323287
2021-09-09,9.329658047704491,0.962770704172565
2021-09-10,9.25883855435832,0.9624859016570549
2021-09-13,9.281644839062107,0.9625779251948845
2021-09-14,9.233431970641796,0.9623824619541765
2021-09-15,9.307654879723973,0.9626823981354048
2021-09-16,9.293451339089883,0.9626253232446058
2021-09-17,9.206306176890097,0.9622715002398399
2021-09-20,9.058591121541124,0.961656149652134
2021-09-21,9.050363836584589,0.9616212508970337
2021-09-22,9.13526021956901,0.9619778834852382
2021-09-23,9.242032212989685,0.9624171171509824
2021-09-24,9.2566843442449,0.9624765751410395
2021-09-27,9.231194761064424,0.9623728710220283
2021-09-28,9.052171380176961,0.9616286831128456
2021-09-29,9.066822296875369,0.9616906446577239
2021-09-30,8.960250702003103,0.9612349576591973
2021-10-01,9.062607067159039,0.9616727420790906
2021-10-04,8.950219108984262,0.9611913388683457
2021-10-05,9.03973104297611,0.9615755823423875
2021-10-06,9.075857450431476,0.9617284886129546
2021-10-07,9.15132001018993,0.9620440371412399
2021-10-08,9.135265929341312,0.9619772822247252
2021-10-11,9.071645053061363,0.9617104655596885
2021-10-12,9.050171347848686,0.9616195618668942
2021-10-13,9.081480792803582,0.9617518199486904
2021-10-14,9.228393952248979,0.9623606675099644
2021-10-15,9.29603037097436,0.9626344740411978
2021-10-18,9.322525484162494,0.9627405157324932
2021-10-19,9.391769025387084,0.9630151612904828
2021-10-20,9.42729109189965,0.963154469821606
2021-10-21,9.450975247625502,0.9632467544192195
2021-10-22,9.44154190022471,0.9632099725958435
2021-10-25,9.490314993623317,0.963398865215573
2021-10-26,9.498545194805555,0.9634305188741021
2021-10-27,9.458003360711277,0.9632737030243136
2021-10-28,9.545910422298038,0.9636118509545544
2021-10-29,9.56457582337227,0.9636828032277489
2021-11-01,9.58043534943095,0.9637427739917706
2021-11-02,9.61776286597465,0.9638834425013683
2021-11-03,9.674362268150539,0.9640946915398213
2021-11-04,9.71831631671177,0.9642570352816089
2021-11-05,9.75083116928002,0.9643761837457688
2021-11-08,9.758859875127664,0.9644053455158114
2021-11-09,9.727752614297925,0.9642914627668164
2021-11-10,9.652289506145426,0.9640122484023742
2021-11-11,9.655299720216517,0.9640234189509853
2021-11-12,9.725546412369301,0.9642832254301802
2021-11-15,9.728759929979294,0.9642948763452874
2021-11-16,9.765889023841908,0.9644305755161147
2021-11-17,9.743009333453864,0.9643469983340677
2021-11-18,9.77491984508265,0.9644633399201221
2021-11-19,9.758063560317538,0.964401904379681
2021-11-22,9.731571957001593,0.964304851388258
2021-11-23,9.74401674433456,0.9643503914048392
2021-11-24,9.769105015872373,0.9644418855631466
2021-11-26,9.558971945096884,0.9636600987913035
2021-11-29,9.671966539550258,0.9640844695038053
2021-11-30,9.490533462901041,0.9633978024952194
2021-12-01,9.388980158196969,0.9630018542762735
2021-12-02,9.527462740530336,0.9635395659287593
2021-12-03,9.447585313852908,0.9632312499507463
2021-12-06,9.555364600391743,0.963645802061131
2021-12-07,9.745829998368361,0.9643562234154958
2021-12-08,9.770717227787465,0.9644469540949248
2021-12-09,9.70709231595549,0.964213853847883
2021-12-10,9.795203039151376,0.9645357024272934
2021-12-13,9.71151294296817,0.9642299083044624
2021-12-14,9.647088256292125,0.9639909809976962
2021-12-15,9.792396353031013,0.9645252655550235
2021-12-16,9.709107853904397,0.9642208906862617
2021-12-17,9.609471325495827,0.9638498627713804
2021-12-20,9.510985683622044,0.963475380336905
2021-12-21,9.673723079282205,0.9640897513722008
2021-12-22,9.766975206375024,0.9644325433603944
2021-12-23,9.825584005704233,0.9646446228187385
2021-12-27,9.959725373807336,0.9651204966907931
2021-12-28,9.951870239941702,0.9650929084874156
2021-12-29,9.964157301131369,0.9651358960179192
2021-12-30,9.937571101120428,0.9650425754357682
2021-12-31,9.913403955292166,0.9649573073421507
2022-01-03,9.968792448267148,0.9651518393056081
2022-01-04,9.96556942728677,0.9651404829107713
2022-01-05,9.780880575299353,0.9644821653333264
2022-01-06,9.772019206594956,0.964449869733612
2022-01-07,9.734761223136056,0.96431371046823
2022-01-10,9.723080714716412,0.9642705462346258
2022-01-11,9.808480327429562,0.9645815061484798
2022-01-12,9.83405900564156,0.964673514556627
2022-01-13,9.703346744971176,0.9641975193107352
2022-01-14,9.70717423622369,0.9642115183931245
2022-01-18,9.541421585257583,0.9635892856388931
2022-01-19,9.44595765956965,0.9632211357985906
2022-01-20,9.345254850982856,0.9628246401371887
2022-01-21,9.168623697902186,0.9621082796270615
2022-01-24,9.206089184415104,0.9622619580696126
2022-01-25,9.097936969924048,0.9618131358268499
2022-01-26,9.075985334785253,0.9617205654051394
2022-01-27,9.032886198760316,0.9615377202957731
2022-01-28,9.248593867249047,0.9624345814941372
2022-01-31,9.408918932667204,0.9630741079525403
2022-02-01,9.470149351404123,0.9633126156317056
2022-02-02,9.558770233821097,0.9636525510567998
2022-02-03,9.34226023968985,0.9628099830358573
2022-02-04,9.384557704937329,0.9629773904445423
2022-02-07,9.35556181722678,0.9628619434505747
2022-02-08,9.429680923634443,0.9631535730653661
2022-02-09,9.562613598959043,0.9636655171985747
2022-02-10,9.39705961099004,0.9630251159480616
2022-02-11,9.218614719772608,0.962308969077364
2022-02-14,9.189624795148074,0.9621889177440133
2022-02-15,9.332225577989403,0.9627662297702012
2022-02-16,9.34229926892782,0.9628059607134222
2022-02-17,9.150160402509112,0.9620245390761489
2022-02-18,9.093164224042967,0.9617861205773144
2022-02-22,8.985328325992974,0.0
2022-02-23,8.985424333610704,0.0
2022-02-24,8.985512956973993,0.0
2022-02-25,8.985594195858262,0.0
2022-02-28,8.985837914714534,0.0
2022-03-01,8.985929004030382,0.0
2022-03-02,8.986007784777813,0.0
2022-03-03,8.986089028135867,0.0
2022-03-04,8.986180119997249,0.0
2022-03-07,8.98642385474571,0.0
2022-03-08,8.986517412035155,0.0
2022-03-09,8.986606046179494,0.0
2022-03-10,8.986699605365729,0.0
2022-03-11,8.986793165526004,0.0
2022-03-14,8.987081235334323,0.0
2022-03-15,8.98719203496599,0.0
2022-03-16,8.987305298208074,0.0
2022-03-17,8.987411176051314,0.0
2022-03-18,8.987509668228585,0.0
2022-03-21,8.987812534992747,0.0
2022-03-22,8.987947967784368,0.0
2022-03-23,8.988073552810768,0.0
2022-03-24,8.98819667710601,0.0
2022-03-25,8.988319803087888,0.0
2022-03-28,8.988711349073832,0.0
2022-03-29,8.99872668118781,1.0022257406282404
2022-03-30,8.943038269684672,1.0022396960629614
2022-03-31,8.805082414918665,1.0022748836677964
2022-04-01,8.830092628627007,1.0022685341685973
2022-04-04,8.905906095200999,1.0022495037758774
2022-04-05,8.793158827367563,1.0022784515098877
2022-04-06,8.705031825198464,1.0023016218770169
2022-04-07,8.748995468121128,1.0022901610206019
2022-04-08,8.725546020714507,1.0022964214016956
2022-04-11,8.576061581248053,1.0023367735561295
2022-04-12,8.544210461175586,1.002345598966496
2022-04-13,8.642301637157097,1.0023190866810467
2022-04-14,8.534437587101976,1.0023485094765052
2022-04-18,8.537952032804188,1.0023480006998426
2022-04-19,8.67609984778674,1.0023107291651385
2022-04-20,8.669650535372813,1.0023125634113697
2022-04-21,8.539707261524859,1.0023478692785144
2022-04-22,8.304834022592091,1.0024143909476722
2022-04-25,8.211331633943507,0.0
2022-04-26,8.211540854174181,0.0
2022-04-27,8.211729832100689,0.0
2022-04-28,8.211914314798287,0.0
2022-04-29,8.212096551800888,0.0
2022-05-02,8.212656774277983,0.0
2022-05-03,8.21285927814365,0.0
2022-05-04,8.213061787002564,0.0
2022-05-05,8.21325980054702,0.0
2022-05-06,8.213448818032841,0.0
2022-05-09,8.214015883540277,0.0
2022-05-10,8.21422292174885,0.0
2022-05-11,8.214423213759817,0.0
2022-05-12,8.214625761181527,0.0
2022-05-13,8.214839566509557,0.0
2022-05-16,8.215521510725626,0.0
2022-05-17,8.21576234930142,0.0
2022-05-18,8.216000944043618,0.0
2022-05-19,8.216230541878218,0.0
2022-05-20,8.21646464817311,0.0
2022-05-23,8.217146727293217,0.0
2022-05-24,8.217387613512345,0.0
2022-05-25,8.217624004114926,0.0
2022-05-26,8.217860401517784,0.0
2022-05-27,8.218099057189718,0.0
2022-05-31,8.219053707600745,0.0
2022-06-01,8.21930816049635,0.0
2022-06-02,8.219560369404288,0.0
2022-06-03,8.219814837985588,0.0
2022-06-06,8.220605291412475,0.0
2022-06-07,8.220882314549693,0.0
2022-06-08,8.221161599318734,0.0
2022-06-09,8.221443145948847,0.0
2022-06-10,8.221726954671146,0.0
2022-06-13,8.222632470900127,0.0
2022-06-14,8.22301319004741,0.0
2022-06-15,8.223414202745445,0.0
2022-06-16,8.223794958087984,0.0
2022-06-17,8.22414193464238,0.0
2022-06-21,8.225565950451337,0.0
2022-06-22,8.225940044683604,0.0
2022-06-23,8.226293872789636,0.0
2022-06-24,8.22665222367341,0.0
2022-06-27,8.227774654579544,0.0
2022-06-28,8.228169136925995,0.0
2022-06-29,8.228563638185983,0.0
2022-06-30,8.228953649558424,0.0
2022-07-01,8.22932789786139,0.0
2022-07-05,8.230824959155687,0.0
2022-07-06,8.231244392975523,0.0
2022-07-07,8.231661593033797,0.0
2022-07-08,8.232087835236834,0.0
2022-07-11,8.23338016025864,0.0
2022-07-12,8.233860628744706,0.0
2022-07-13,8.234347892825749,0.0
2022-07-14,8.234873537499455,0.0
2022-07-15,8.235399215728014,0.0
2022-07-18,8.236949275799578,0.0
2022-07-19,8.237499910216918,0.0
2022-07-20,8.238055095142375,0.0
2022-07-21,8.238605803482981,0.0
2022-07-22,8.239147520028963,0.0
2022-07-25,8.240779548428137,0.0
2022-07-26,8.241355274122615,0.0
2022-07-27,8.241915234700144,0.0
2022-07-28,8.242450394675657,0.0
2022-07-29,8.242981072988739,0.0
2022-08-01,8.244566435375928,0.0
2022-08-02,8.245126614136469,0.0
2022-08-03,8.245686830958471,0.0
2022-08-04,8.246238049475389,0.0
2022-08-05,8.246782527110986,0.0
2022-08-08,8.248463515111032,0.0
2022-08-09,8.249044297336615,0.0
2022-08-10,8.24962738046777,0.0
2022-08-11,8.250205984470345,0.0
2022-08-12,8.250775587732834,0.0
2022-08-15,8.25249129695779,0.0
2022-08-16,8.252507099595514,1.0046761747554778
2022-08-17,8.193653696678577,1.004710228613899
2022-08-18,8.217574086478235,1.0046969796249277
2022-08-19,8.106624021557119,1.0047617350239435
2022-08-22,7.937007195704426,1.0048649501416111
2022-08-23,7.917709701694909,1.0048773069815082
2022-08-24,7.94317496472952,1.0048621648355183
2022-08-25,8.055854692622654,1.0047946461574926
2022-08-26,7.781860290953706,1.0049639766545126
2022-08-29,7.73013834593029,1.0049987429103502
2022-08-30,7.644848347803467,1.0050550502337843
2022-08-31,7.630855436844704,0.0
2022-09-01,7.631455452053026,0.0
2022-09-02,7.632057605250338,0.0
2022-09-06,7.634441316392801,0.0
2022-09-07,7.635060438209144,0.0
2022-09-08,7.635683793828482,0.0
2022-09-09,7.636305108372802,0.0
2022-09-12,7.638175480089758,0.0
2022-09-13,7.638822109192045,0.0
2022-09-14,7.639489721316108,0.0
2022-09-15,7.640146926733229,0.0
2022-09-16,7.640800002306145,0.0
2022-09-19,7.642746836279335,0.0
2022-09-20,7.643435730446222,0.0
2022-09-21,7.644118404432009,0.0
2022-09-22,7.644790667995796,0.0
2022-09-23,7.645458801755547,0.0
2022-09-26,7.647419390642791,0.0
2022-09-27,7.648110801163042,0.0
2022-09-28,7.6487938927030905,0.0
2022-09-29,7.649483331933419,0.0
2022-09-30,7.650166546061147,0.0
2022-10-03,7.652191220275804,0.0
2022-10-04,7.652891448184728,0.0
2022-10-05,7.653587546804125,0.0
2022-10-06,7.65428580561319,0.0
2022-10-07,7.65498203106181,0.0
2022-10-10,7.6570646056253295,0.0
2022-10-11,7.657758986004634,0.0
2022-10-12,7.658499585709308,0.0
2022-10-13,7.659246551696298,0.0
2022-10-14,7.660010377927754,0.0
2022-10-17,7.662308381041131,0.0
2022-10-18,7.663110299342927,0.0
2022-10-19,7.663926997947433,0.0
2022-10-20,7.664747983003926,0.0
2022-10-21,7.665569056007037,0.0
2022-10-24,7.668026238416771,0.0
2022-10-25,7.668866570059337,0.0
2022-10-26,7.6697006906150405,0.0
2022-10-27,7.670528598032055,0.0
2022-10-28,7.67135869633239,0.0
2022-10-31,7.673874481636364,0.0
2022-11-01,7.674728068770486,0.0
2022-11-02,7.675581750851561,0.0
2022-11-03,7.676431322091929,0.0
2022-11-04,7.67728519363077,0.0
2022-11-07,7.679821852793379,0.0
2022-11-08,7.6806887258353935,0.0
2022-11-09,7.681551488130624,0.0
2022-11-10,7.682416451873534,0.0
2022-11-11,7.68327730347047,0.0
2022-11-14,7.685860147648924,0.0
2022-11-15,7.686736125134245,0.0
2022-11-16,7.687607990546795,0.0
2022-11-17,7.68847995485038,0.0
2022-11-18,7.689349911623353,0.0
2022-11-21,7.691972717278139,0.0
2022-11-22,7.692864143157428,0.0
2022-11-23,7.693751457076406,0.0
2022-11-25,7.695526289604312,0.0
2022-11-28,7.698195477626952,0.0
2022-11-29,7.699102388327057,0.0
2022-11-30,7.700003077839336,0.0
2022-12-01,7.663131451124955,1.0015119429992425
2022-12-02,7.654275078244507,1.0015139088704326
2022-12-05,7.516367731323731,1.0015423469189695
2022-12-06,7.40785143249683,1.001565166436501
2022-12-07,7.395228624379401,1.001568064366348
2022-12-08,7.453251005757467,1.0015560788894016
2022-12-09,7.397485180455371,1.0015680314360869
2022-12-12,7.504299969234646,1.0015463717354904
2022-12-13,7.5611917898412235,1.0015349589771354
2022-12-14,7.512772872308475,1.0015450742310494
2022-12-15,7.328712045262627,1.0015841057679002
2022-12-16,7.24205006831002,1.0016032912260702
2022-12-19,7.196717319733259,0.0
2022-12-20,7.1975612087778735,0.0
2022-12-21,7.198399280973417,0.0
2022-12-22,7.199231534260149,0.0
2022-12-23,7.200067828553444,0.0
2022-12-27,7.203405503831776,0.0
2022-12-28,7.204263991884973,0.0
2022-12-29,7.20512258225113,0.0
2022-12-30,7.205979300936253,0.0
2023-01-03,7.209374995291762,0.0
2023-01-04,7.210244070633661,0.0
2023-01-05,7.21111522615014,0.0
2023-01-06,7.212006243401371,0.0
2023-01-09,7.2146796254417325,0.0
2023-01-10,7.21557898961422,0.0
2023-01-11,7.216482419641139,0.0
2023-01-12,7.217385962782447,0.0
2023-01-13,7.218275777490187,0.0
2023-01-17,7.221843385573089,0.0
2023-01-18,7.222745621349477,0.0
2023-01-19,7.223644012174708,0.0
2023-01-20,7.22454449382554,0.0
2023-01-23,7.227258151497057,0.0
2023-01-24,7.2281650238897655,0.0
2023-01-25,7.2660414206807555,1.0059677114481462
2023-01-26,7.346367169761871,1.0059033591422373
2023-01-27,7.363340196720177,1.0058906470412114
2023-01-30,7.270390107287352,1.00596868873063
2023-01-31,7.377919894666307,1.005882598625036
2023-02-01,7.456785811611308,1.0058212717354418
2023-02-02,7.565958883265454,1.005738144450765
2023-02-03,7.4850725985097615,1.0058010315883008
2023-02-06,7.439042368260127,1.0058395985652655
2023-02-07,7.53689679616118,1.0057646635396298
2023-02-08,7.454001527352286,1.0058296645156812
2023-02-09,7.388997744138433,1.0058818509314669
2023-02-10,7.406335746446502,1.0058689884400356
2023-02-13,7.493768723725938,1.0058032108934623
2023-02-14,7.4902932463679015,1.0058068070628572
2023-02-15,7.514750883794785,1.0057888072366747
2023-02-16,7.410676414707845,1.0058710146775518
2023-02-17,7.392047356278851,1.0058867296614444
2023-02-21,7.242855132854352,1.0060117406181952
2023-02-22,7.232807276107061,1.0060210355849022
2023-02-23,7.271507130298308,1.005989927801776
2023-02-24,7.193357957731366,1.006055950054862
2023-02-27,7.217985295872576,1.0060381249239914
2023-02-28,7.191140043752479,1.0060616189561824
2023-03-01,7.163381196669281,1.0060860619715095
2023-03-02,7.2194245691092425,1.0060397647442136
2023-03-03,7.335901056913592,1.0059448025219866
2023-03-06,7.340992419093,1.0059434821891748
2023-03-07,7.2277886425233735,1.0060375233963714
2023-03-08,7.23965106158817,1.0060286000802607
2023-03-09,7.105267434606416,1.0061436116731814
2023-03-10,7.00210455633031,1.0062351288530595
2023-03-13,6.992040850266097,1.0062470951663727
2023-03-14,7.108335701861212,1.0061458501233926
2023-03-15,6.981804156202892,0.0
2023-03-16,6.982682141985822,0.0
2023-03-17,6.9835564120512705,0.0
2023-03-20,6.98605901254085,0.0
2023-03-21,6.98694901731916,0.0
2023-03-22,6.987833392783818,0.0
2023-03-23,6.988719794663506,0.0
2023-03-24,6.989594820676153,0.0
2023-03-27,6.992220227388248,0.0
2023-03-28,6.993130173856196,0.0
2023-03-29,7.004249824526996,1.0020848325659206
2023-03-30,7.045344803497307,1.002072992161028
2023-03-31,7.144849531082605,1.0020444468804488
2023-04-03,7.172125670678264,1.0020376225122019
2023-04-04,7.132249081222179,1.002049338825244
2023-04-05,7.1135351075274365,1.0020550532626549
2023-04-06,7.141338068164396,1.0020473732403765
2023-04-10,7.148673806153971,1.0020465655766424
2023-04-11,7.150595044967685,1.0020463486685904
2023-04-12,7.121388334622016,1.0020550728628466
2023-04-13,7.2161706571924595,1.002028406232596
2023-04-14,7.1985056404243535,1.0020337153782148
2023-04-17,7.224380076738993,1.0020274275417473
2023-04-18,7.229100574536806,1.0020264400496932
2023-04-19,7.227874636806717,1.002027119150278
2023-04-20,7.1883491129566215,1.0020386009896
2023-04-21,7.1939419913441345,1.0020373492716443
2023-04-24,7.201455354748342,1.0020362240074718
2023-04-25,7.086905302813106,1.0020694791603775
2023-04-26,7.056823422191841,1.0020786408822213
2023-04-27,7.197600878622861,1.002038319877467
2023-04-28,7.259155401175263,1.0020213696858344
2023-05-01,7.2518037994124285,1.002024408408214
2023-05-02,7.170131954794659,1.0020478097406103
2023-05-03,7.120813829831946,1.0020623361663694
2023-05-04,7.070270514644771,1.0020774257692722
2023-05-05,7.201428714167045,1.0020399308868355
2023-05-08,7.203344968568048,1.0020404107063867
2023-05-09,7.171688328831257,1.002049762621752
2023-05-10,7.205263085578379,1.0020405538749424
2023-05-11,7.192668758815076,1.0020444673756324
2023-05-12,7.1832243681047245,1.00204749417142
2023-05-15,7.208050163138801,1.0020414619027596
2023-05-16,7.159779413131198,1.0020555665249562
2023-05-17,7.2468688350965635,1.0020312014398105
2023-05-18,7.316817906451853,1.0020121192887386
2023-05-19,7.306148844186858,1.0020153965284238
2023-05-22,7.309113544174139,1.0020155924103877
2023-05-23,7.226917112212437,1.0020388655573627
2023-05-24,7.174450132750732,1.0020541235805052
2023-05-25,7.236705235267993,1.0020367990763293
2023-05-26,7.3306128283917165,1.002011049097065
2023-05-30,7.333401628824939,1.0020116413999864
2023-05-31,7.292651908340827,1.0020232300522554
2023-06-01,7.36207694438456,1.0020044945396969
2023-06-02,7.468752541408915,1.001976202295646
2023-06-05,7.454405070166599,1.0019810197578274
2023-06-06,7.470666652320562,1.0019770433933595
2023-06-07,7.444779732685399,1.0019842538576724
2023-06-08,7.489897855814224,1.0019726338426314
2023-06-09,7.50336015922462,1.0019694247627648
2023-06-12,7.571555676378096,1.0019526666610807
2023-06-13,7.621570646825764,1.0019401790131166
2023-06-14,7.630661747937085,1.00193819189517
2023-06-15,7.725445067249442,1.0019147322033806
2023-06-16,7.699077701536913,1.0019216091830028
2023-06-20,7.659047507164834,1.0019329416988039
2023-06-21,7.619725917267543,1.0019432434788358
2023-06-22,7.6472822990176335,1.0019365673968013
2023-06-23,7.589353264659915,1.0019516778773392
2023-06-26,7.55827745149791,1.0019606927786096
2023-06-27,7.641301043529557,1.001939721187804
2023-06-28,7.645160261992074,1.0019390708207772
2023-06-29,7.675348158237128,1.0019317712878901
2023-06-30,7.766095229445969,1.0019095227807975
2023-07-03,7.775039703513251,1.00190829329845
2023-07-05,7.763450015928016,1.0019117924112333
2023-07-06,7.7025382541399745,1.0019272387265907
2023-07-07,7.683051475883064,1.0019324566310257
2023-07-10,7.702528130027072,1.001928555648037
2023-07-11,7.751674042719969,1.0019166566692215
2023-07-12,7.814160433411654,1.0019016555823332
2023-07-13,7.876295659836274,1.0018869761717433
2023-07-14,7.8713784405709895,1.0018884777552655
2023-07-17,7.898753539744934,1.0018828995111806
2023-07-18,7.957553775589816,1.001869306867937
2023-07-19,7.975280748289795,1.0018654712607755
2023-07-20,7.922266893425607,1.0018782766161265
2023-07-21,7.922264341367903,1.001878599358598
2023-07-24,7.95771403903688,1.001871194460607
2023-07-25,7.979477755526907,1.0018664119200749
2023-07-26,7.980703165956626,1.0018664464145433
2023-07-27,7.927690414679636,1.0018792506873968
2023-07-28,8.00544701580728,1.0018613177908
2023-07-31,8.020711226505282,1.00185873443559
2023-08-01,7.997716082376042,1.0018643994182783
2023-08-02,7.886251156440238,1.0018910757885775
2023-08-03,7.863603838961269,1.0018968479062658
2023-08-04,7.827969440147988,1.0019058100424167
2023-08-07,7.896419413961747,1.0018902647453225
2023-08-08,7.86201130581907,1.0018988646653717
2023-08-09,7.809349708528075,1.001911999435667
2023-08-10,7.812155367898986,1.0019116416102507
2023-08-11,7.807588730510138,1.0019130888237044
2023-08-14,7.850761294962245,1.00190355048707
2023-08-15,7.759132882326787,1.001926361624411
2023-08-16,7.702082802059788,1.001940964799723
2023-08-17,7.64327743924513,1.0019562351290021
2023-08-18,7.646961568145404,1.0019556296134173
2023-08-21,7.6968035264025705,1.001943968491405
2023-08-22,7.67591314256705,1.0019495955469273
2023-08-23,7.761569329581085,1.001928412725961
2023-08-24,7.653791644602871,1.0019559054122176
2023-08-25,7.707851633937013,1.001942523181961
2023-08-28,7.75681781891735,1.0019312665366167
2023-08-29,7.869154943697987,1.0019040271643942
2023-08-30,7.9016247854768675,1.00189653186741
2023-08-31,7.890036436955625,1.001899646232441
2023-09-01,7.904778991769883,1.001896431669689
2023-09-05,7.870540362178355,1.001905996589145
2023-09-06,7.8175270188715675,1.0019192540711241
2023-09-07,7.793476670052068,1.0019255096285753
2023-09-08,7.805234302776344,1.0019229409309542
2023-09-11,7.856658123745915,1.0019113455622026
2023-09-12,7.813475806789464,1.001922241672874
2023-09-13,7.822600227184159,1.0019203319851449
2023-09-14,7.890175155113451,1.0019042145554486
2023-09-15,7.794929133606765,1.0019278153167186
2023-09-18,7.79950100308306,1.0019276861009507
2023-09-19,7.783293398700541,1.0019320341797844
2023-09-20,7.711597363387612,1.0019503337399216
2023-09-21,7.583886137049054,1.0019835209276893
2023-09-22,7.566797816270802,1.0019883451392864
2023-09-25,7.598673816825211,1.0019810326627652
2023-09-26,7.486814745030355,1.002010980688799
2023-09-27,7.489805418164484,1.00201052687098
2023-09-28,7.53331306307665,1.001999262550028
2023-09-29,7.514991196321433,1.0020044838544488
2023-10-02,7.511988410921675,1.0020063267611274
2023-10-03,7.411227913897393,1.0020339578787631
2023-10-04,7.465303476189417,1.0020195760212158
2023-10-05,7.4624820381986465,1.0020206905189024
2023-10-06,7.551259681402402,1.0019972807986661
2023-10-09,7.599692343865416,1.001985589578873
2023-10-10,7.63932486511739,1.0019756326043536
2023-10-11,7.670675405772704,1.001967899829768
2023-10-12,7.623817509600824,1.0019803389585364
2023-10-13,7.585765562052603,1.00199061904789
2023-10-16,7.6657308753357825,1.001970881944339
2023-10-17,7.665375410922617,1.0019713156948917
2023-10-18,7.563029077393251,1.0019983400273038
2023-10-19,7.4964427882223,1.0020164402443865
2023-10-20,7.404136519620672,1.0020419329650838
2023-10-23,7.391270916660494,1.0020465481035081
2023-10-24,7.447107895864515,1.0020315551846755
2023-10-25,7.340006316396077,1.002061554921428
2023-10-26,7.277910480596238,0.0
2023-10-27,7.278971260973136,0.0
2023-10-30,7.282154065940948,0.0
2023-10-31,7.283217459945646,0.0
2023-11-01,7.284281009235002,0.0
2023-11-02,7.285340722444839,0.0
2023-11-03,7.286394601869893,0.0
2023-11-06,7.289550708682374,0.0
2023-11-07,7.290607194250838,0.0
2023-11-08,7.282163059357161,1.0006178870316738
2023-11-09,7.225335588812223,1.000622853877367
2023-11-10,7.338155538476454,1.0006133832041664
2023-11-13,7.331153837437387,1.0006142849223816
2023-11-14,7.47346949907728,1.0006026909056212
2023-11-15,7.489301058360494,1.0006015200304035
2023-11-16,7.4984659839835635,1.0006008878672297
2023-11-17,7.507796495499559,1.0006002438619188
2023-11-20,7.565621768394574,1.0005959620885587
2023-11-21,7.549121049517171,1.0005973673292834
2023-11-22,7.578284820248303,1.0005951705186282
2023-11-24,7.582949175850806,1.0005950087746687
2023-11-27,7.569282937660541,1.0005963907318238
2023-11-28,7.576780409825443,1.0005959030940248
2023-11-29,7.571446643812347,1.00059642531955
2023-11-30,7.60127644526127,1.0005941864856998
2023-12-01,7.646269911115655,1.000590791219328
2023-12-04,7.606105903409143,1.0005942150045992
2023-12-05,7.604605373015431,1.0005944341863484
2023-12-06,7.573940826909226,1.0005969430654709
2023-12-07,7.631768167951674,1.000592521357494
2023-12-08,7.664596952721995,1.0005900843497135
2023-12-11,7.694424680467052,1.0005880983327795
2023-12-12,7.729586942165863,1.0005855234493213
2023-12-13,7.836239646230961,1.0005776534189346
2023-12-14,7.861402487192504,1.0005759029000771
2023-12-15,7.848450241608919,1.000576951768996
2023-12-18,7.892621617259336,1.0005740170842001
2023-12-19,7.940642011654747,1.0005706436145219
2023-12-20,7.830543172429321,1.0005787657356588
2023-12-21,7.904834070738644,1.000573424417711
2023-12-22,7.920728383550366,1.0005723712640575
2023-12-26,7.954190813318102,1.0005703531206303
2023-12-27,7.968579038419222,1.0005694207665332
2023-12-28,7.971590956681398,1.0005693029321934
2023-12-29,7.948499538682379,1.0005710545973383
2024-01-02,7.903987368281173,1.0005746607431452
2024-01-03,7.839400615668416,1.0005794939566326
2024-01-04,7.814133392873128,1.0005814671568358
2024-01-05,7.824841838817887,1.000580770678841
2024-01-08,7.936611351359129,1.0005728854850071
2024-01-09,7.924563488248114,1.000573854699567
2024-01-10,7.969405076096511,1.000570723335072
2024-01-11,7.965890632688315,1.0005710725873538
2024-01-12,7.971411107058488,1.00057077450607
2024-01-16,7.942125864661902,1.0005732696398106
2024-01-17,7.8979524454173955,1.000576574187153
2024-01-18,7.968227645164446,1.000571586834521
2024-01-19,8.06761571210249,1.0005646414407319
2024-01-22,8.084681800252518,1.000563737583726
2024-01-23,8.108272637576041,1.0005621931894315
2024-01-24,8.11714119514083,1.0005616744984958
2024-01-25,8.16131253548056,1.0005587296010572
2024-01-26,8.150937925240077,1.0005595359402697
2024-01-29,8.215522103314337,1.0005554206429923
2024-01-30,8.20916424082738,1.0005559455302007
2024-01-31,8.07513681422501,1.0005652690165823
2024-02-01,8.180884073693623,1.0005580573525652
2024-02-02,8.267055413886059,1.0005523345706329
2024-02-05,8.236933518674583,1.00055463827973
2024-02-06,8.260861851807261,1.0005531259624791
2024-02-07,8.329797606298515,1.0005486420305585
2024-02-08,8.333478714824286,1.000548493285046
2024-02-09,8.38166627286627,1.000545432989546
2024-02-12,8.3779830942911,1.0005459526388885
2024-02-13,8.262528054394112,1.000553675903861
2024-02-14,8.337655832884597,1.0005487808720075
2024-02-15,8.395214751020095,1.000545111370102
2024-02-16,8.353383243921439,1.000547934650146
2024-02-20,8.30736652628047,1.0005513465790103
2024-02-21,8.314894050496898,1.0005509416138698
2024-02-22,8.487069809553269,1.0005398570315205
2024-02-23,8.492924609453604,1.0005395772457613
2024-02-26,8.461800221013,1.000541840575954
2024-02-27,8.477527880446805,1.0005409281007147
2024-02-28,8.46631742674066,1.0005417371038916
2024-02-29,8.49676895131365,1.000539887858057
2024-03-01,8.576581089753603,1.0005349553439182
2024-03-04,8.567376128338939,1.0005358043314718
2024-03-05,8.481705780489815,1.0005413088043675
2024-03-06,8.524707472525286,1.000538670175164
2024-03-07,8.609371667666023,1.0005334641004004
2024-03-08,8.557667822511362,1.0005367789432171
2024-03-11,8.550302744115333,1.0005375168535915
2024-03-12,8.642330715722983,1.0005318840131145
2024-03-13,8.628775706057153,1.0005328107728748
2024-03-14,8.611708083859158,1.0005339581709087
2024-03-15,8.552543956128028,1.000537744009174
2024-03-18,8.6033972180249,1.0005348400985938
2024-03-19,8.651232505139273,1.0005319738813765
2024-03-20,8.731290382770048,1.0005271862834482
2024-03-21,8.760160938906642,1.0005255386842054
2024-03-22,8.743545773434763,1.0005266275141786
2024-03-25,8.719370669062958,1.0005283584720177
2024-03-26,8.703257006009924,1.0005294270521945
2024-03-27,8.776436260976178,1.0005251020771397
2024-03-28,8.774758534119192,1.000525291976497
2024-04-01,8.759479399181082,1.0005265675050645
2024-04-02,8.703756165695719,1.0005300291508645
2024-04-03,8.71332238361876,1.00052953746391
2024-04-04,8.606908056802153,1.000536175928473
2024-04-05,8.696872019827955,1.0005307197874314
2024-04-08,8.701737532837807,1.0005306946449974
2024-04-09,8.711807358485387,1.0005301717012232
2024-04-10,8.624527037739417,1.0005356284535285
2024-04-11,8.68964853018953,1.0005317054056981
2024-04-12,8.569640952777412,1.0005392436247342
2024-04-15,8.462219400808788,1.0005463694447347
2024-04-16,8.446777036344024,1.0005474620426502
2024-04-17,8.3967590908329,1.0005508174749975
2024-04-18,8.379469981071368,1.0005520484728816
2024-04-19,8.306290730814425,1.0005570074366756
2024-04-22,8.382824386666256,1.000552205582101
2024-04-23,8.482354295393803,1.0005458191320966
2024-04-24,8.478325151600576,1.0005461720276319
2024-04-25,8.446099131325907,1.000548349972064
2024-04-26,8.526158056109084,1.0005432942378236
2024-04-29,8.55636857282217,1.0005416540982839
2024-04-30,8.42074961668678,1.0005504718593283
2024-05-01,8.393390418636246,1.00055236075026
2024-05-02,8.471940622580485,1.0005473332229253
2024-05-03,8.577009706541748,1.0005407209186608
2024-05-06,8.665627882391668,1.0005354662173611
2024-05-07,8.675194619255821,1.0005349673100525
2024-05-08,8.676033350010485,1.000535007188751
2024-05-09,8.726047599512238,1.00053203182514
2024-05-10,8.737294968862697,1.0005314379338004
2024-05-13,8.738466966173796,1.000531640056766
2024-05-14,8.778580404641305,1.0005293013630463
2024-05-15,8.88734245095316,1.0005229132288391
2024-05-16,8.869046117797085,1.0005240816934728
2024-05-17,8.881801678876089,1.000523418646951
2024-05-20,8.8920381260984,1.0005230846612625
2024-05-21,8.913856553568301,1.0005218936581175
2024-05-22,8.888175348852299,1.0005234912242376
2024-05-23,8.823218908129558,1.0005274354597113
2024-05-24,8.881628408683268,1.000524056675703
2024-05-28,8.887835172586948,1.0005240499701837
2024-05-29,8.825565527571111,1.000527837968559
2024-05-30,8.76698726310911,1.0005314559493352
2024-05-31,8.84687954364475,1.0005267469294719
2024-06-03,8.854092217005197,1.000526588202449
2024-06-04,8.863995919094908,1.0005260900604358
2024-06-05,8.969398804837686,1.0005199967973009
2024-06-06,8.96923136672632,1.0005200955468396
2024-06-07,8.95831990130746,1.0005208182026033
2024-06-10,8.986012348034615,1.0005194803283664
2024-06-11,9.007663078481917,1.0005183204488612
2024-06-12,9.081680789952793,1.0005141840524536
2024-06-13,9.099976582418455,1.0005132381372523
2024-06-14,9.10551496307966,1.000513013792695
2024-06-17,9.178019717672152,1.000509222525838
2024-06-18,9.201347388674776,1.0005080184964936
2024-06-20,9.176337213555144,1.0005095772786659
2024-06-21,9.164029350918998,1.0005103489064908
2024-06-24,9.134222748416487,1.0005122764456096
2024-06-25,9.16941346260359,1.000510397654225
2024-06-26,9.180864381373251,1.000509848064519
2024-06-27,9.19534539493122,1.0005091321714055
2024-06-28,9.159140588709207,1.0005112319446186
2024-07-01,9.177997986178845,1.0005104423732947
2024-07-02,9.239793007388938,1.000507115255219
2024-07-03,9.281047076937883,1.0005049474485088
2024-07-05,9.334591588181354,1.0005022226601294
2024-07-08,9.345365909903101,1.0005019005140054
2024-07-09,9.354456452616436,1.0005014983570253
2024-07-10,9.447068174704052,1.0004966668155493
2024-07-11,9.365568016270075,1.000501074373693
2024-07-12,9.424672550784901,1.0004980167246593
2024-07-15,9.450600522430134,1.0004969038984561
2024-07-16,9.50667179744044,1.0004940570186887
2024-07-17,9.373310907383141,1.000501171442125
2024-07-18,9.301241702181022,1.000505140480158
2024-07-19,9.23944297131823,1.0005086056693506
2024-07-22,9.334746752677042,1.0005036695562397
2024-07-23,9.320096447390853,1.000504546827988
2024-07-24,9.108774653450839,1.0005163396251902
2024-07-25,9.061286881237448,1.000519133504809
2024-07-26,9.16282331270778,1.0005134675883693
2024-07-29,9.168208237102851,1.0005134258211044
2024-07-30,9.12173401575529,1.0005161286181057
2024-07-31,9.270081376304681,1.0005079545426843
2024-08-01,9.138739148567051,1.0005153416972246
2024-08-02,8.968503482927739,1.0005252117047456
2024-08-05,8.707166153262673,1.0005412444412718
2024-08-06,8.787487174083198,1.0005363867392298
2024-08-07,8.728718552361991,1.000540088216374
2024-08-08,8.930610449912013,1.0005279666641693
2024-08-09,8.970011460700734,1.0005257352606736
2024-08-12,8.974724575353546,1.00052572218608
2024-08-13,9.12239589322519,1.0005172979251882
2024-08-14,9.151188933811236,1.0005157559291091
2024-08-15,9.308121398235317,1.000507144745424
2024-08-16,9.329002223840284,1.0005060940459238
2024-08-19,9.418243738719498,1.0005015491203733
2024-08-20,9.402921615226534,1.0005024498045958
2024-08-21,9.435246781469283,1.0005008112712548
2024-08-22,9.361157882296528,1.0005048581961618
2024-08-23,9.460672504935403,1.0004996303746214
2024-08-26,9.43810739654366,1.0005010723101835
2024-08-27,9.4510728600831,1.0005004668945159
2024-08-28,9.396178090235601,1.000503473217815
2024-08-29,9.397018952564203,1.0005035103697297
2024-08-30,9.486766188772844,1.0004988287452898
2024-09-03,9.291438424319375,1.0005096490680063
2024-09-04,9.272410164353014,1.0005107784680385
2024-09-05,9.249844508175523,1.0005121081558805
2024-09-06,9.094089620421048,1.0005209638233408
2024-09-09,9.19595887154829,1.0005154438925425
2024-09-10,9.23603384479515,1.000513290207611
2024-09-11,9.33083195983534,1.0005081567829603
2024-09-12,9.40946920489306,1.0005039913078113
2024-09-13,9.458636580949078,1.000501451844096
2024-09-16,9.47260989497062,1.000500950010899
2024-09-17,9.476481933107513,1.000500824210031
2024-09-18,9.448361302019237,1.0005023939169926
2024-09-19,9.609671794070014,1.0004940370622362
2024-09-20,9.593052468510379,1.000494969012966
2024-09-23,9.617034780987586,1.0004939603226282
2024-09-24,9.64456332377644,1.0004926250330752
2024-09-25,9.623280216146243,1.0004937889313055
2024-09-26,9.661452593873337,1.0004919122196565
2024-09-27,9.647433068546542,1.0004927012916254
2024-09-30,9.686109206671867,1.0004909557992345
2024-10-01,9.599292487043702,1.0004954709603924
2024-10-02,9.60334596103919,1.000495336455668
2024-10-03,9.585780602847247,1.0004963186341038
2024-10-04,9.672931277305617,1.0004919207726355
2024-10-07,9.585439173459616,1.00049663646013
2024-10-08,9.67613883722054,1.0004920560270565
2024-10-09,9.743190464094562,1.000488743785295
2024-10-10,9.726132398493585,1.000489675275006
2024-10-11,9.784401701840373,1.0004868329797303
2024-10-14,9.864458201214013,1.0004831014930031
2024-10-15,9.787776955452191,1.000486960064321
2024-10-16,9.830338908683084,1.000484925021889
2024-10-17,9.83118193322332,1.0004849566370069
2024-10-18,9.869016806979271,1.0004831707824962
2024-10-21,9.85279893159938,1.0004841860623916
2024-10-22,9.847563833617047,1.0004845165932983
2024-10-23,9.757538775737615,1.0004890606598722
2024-10-24,9.778650642241248,1.0004880785922907
2024-10-25,9.77527072770732,1.0004883209227087
2024-10-28,9.805502024529046,1.0004870362502583
2024-10-29,9.821377407232415,1.000486322136673
2024-10-30,9.791651582133508,1.0004878719000119
2024-10-31,9.599608367806526,1.0004977065089455
2024-11-01,9.64014534378643,1.0004956875113673
2024-11-04,9.619366019102118,1.000496979160691
2024-11-05,9.735740828932213,1.0004911117750641
2024-11-06,9.977943206234615,1.000479261924724
2024-11-07,10.055130318438549,1.000475653804183
2024-11-08,10.098704773956017,1.0004736718828984
2024-11-11,10.10833186928779,1.0004734319606172
2024-11-12,10.07691539830731,1.0004749786147151
2024-11-13,10.081811566416803,1.0004748185712367
2024-11-14,10.016954354140612,1.0004779636017611
2024-11-15,9.888588517682338,1.0004842399102811
2024-11-18,9.929121967168523,1.0004824775496233
2024-11-19,9.965436004356716,1.0004807907855333
2024-11-20,9.9688123801877,1.0004806991829112
2024-11-21,10.022353563508856,1.000478202202163
2024-11-22,10.053431111887223,1.0004767948861923
2024-11-25,10.087547876960613,1.0004753944083604
2024-11-26,10.140244260914454,1.000472994125166
2024-11-27,10.109501732935112,1.0004745026684714
2024-11-29,10.172331831631963,1.0004717114040949
2024-12-02,10.190573563927172,1.0004710756131852
2024-12-03,10.19529993298677,1.0004709266335434
2024-12-04,10.258636992501838,1.0004680878500203
2024-12-05,10.241746639974462,1.0004689285284312
2024-12-06,10.261169982535796,1.0004681093698364
2024-12-09,10.208300986595695,1.0004707390766314
2024-12-10,10.176547032115977,1.0004722764944098
2024-12-11,10.255255009324568,1.000468719745617
2024-12-12,10.202386362358554,1.000471216542902
2024-12-13,10.20035963283914,1.0004713777027805
2024-12-16,10.243933787677562,1.0004695743908347
2024-12-17,10.201706864724072,1.000471585875067
2024-12-18,9.89751847292707,1.0004861495515887
2024-12-19,9.894475028467502,1.0004863690335999
2024-12-20,10.013374765646883,1.000480662705928
2024-12-23,10.073365015679729,1.0004780055877565
2024-12-24,10.185382962856718,1.0004728163928438
2024-12-26,10.186061838295883,1.0004729216646089
2024-12-27,10.078785405132809,1.0004780239575704
2024-12-30,9.963714576360045,1.0004837509191624
2024-12-31,9.92744765245256,1.0004855877254288
2025-01-02,9.903042025886839,1.000486923936175
2025-01-03,10.026923017575124,1.0004809768471334
2025-01-06,10.084710048413932,1.0004784251617214
2025-01-07,9.97065624318133,1.0004839669130867
2025-01-08,9.985229125362821,1.0004833295709905
2025-01-10,9.832705170849806,1.0004909670527122
2025-01-13,9.847956939333955,1.0004904169990048
2025-01-14,9.861512051887994,1.0004898130718722
2025-01-15,10.04098101687691,1.00048112712314
2025-01-16,10.021660695447306,1.000482123475433
2025-01-17,10.122325011894317,1.0004773969963225
2025-01-21,10.215021264695334,1.000473334437465
2025-01-22,10.272471112918579,1.000470754580806
2025-01-23,10.328565696989294,1.000468264864839
2025-01-24,10.298397987617172,1.0004697037454062
2025-01-27,10.152652823801306,1.0004766505435174
2025-01-28,10.239930084745428,1.000472655269757
2025-01-29,10.194003346022289,1.0004748523499842
2025-01-30,10.248740558640108,1.0004723835131983
2025-01-31,10.194169662149134,1.0004749797805628
2025-02-03,10.125534278836463,1.0004784037862835
2025-02-04,10.193490849902831,1.0004752823915053
2025-02-05,10.234838894170354,1.0004734299806668
2025-02-06,10.27042732978088,1.000471856953381
2025-02-07,10.176370256709232,1.0004762862883863
2025-02-10,10.245513002977653,1.0004732757734425
2025-02-11,10.25330850420151,1.0004729837090154
2025-02-12,10.220260460001969,1.0004745811322255
2025-02-13,10.328212611290951,1.000469688024215
2025-02-14,10.327702506990759,1.0004697783981131
2025-02-18,10.35803549805179,1.0004686706274686
2025-02-19,10.382436938187631,1.000467636125904
2025-02-20,10.33922283209979,1.0004696578288863
2025-02-21,10.162296371818849,1.0004779028183592
2025-02-24,10.116028635915251,1.0004802941882605
2025-02-25,10.065693332632257,1.0004827646208194
2025-02-26,10.070778309582893,1.000482589471911
2025-02-27,9.90995048857329,1.0004904912474253
2025-02-28,10.064676654440767,1.0004830196372452
2025-03-03,9.888255056019345,1.0004918475710516
2025-03-04,9.771152164807056,1.0004978131919235
2025-03-05,9.87622293180799,1.0004925872435895
2025-03-06,9.700821537807167,1.0005015653392642
2025-03-07,9.755218085166797,1.0004988395937482
2025-03-10,9.495251047515929,1.0005127161820961
2025-03-11,9.416279066134466,1.0005170897201503
2025-03-12,9.466272323176343,1.0005144321455557
2025-03-13,9.340016916320394,1.0005214604997748
2025-03-14,9.380348461004639,0.0
2025-03-17,9.383586608692548,0.0
2025-03-18,9.38466636386396,0.0
2025-03-19,9.385746243281174,0.0
2025-03-20,9.386826246958485,0.0
2025-03-21,9.387903803176972,0.0
2025-03-24,9.39113684292508,0.0
2025-03-25,9.392214893976364,0.0
2025-03-26,9.393293068782002,0.0
2025-03-27,9.39437394086115,0.0
2025-03-28,9.395454937314621,0.0
2025-03-31,9.398698299840929,0.0
2025-04-01,9.399782368877704,0.0
2025-04-02,9.400863987670835,0.0
2025-04-03,9.401948306503385,0.0
2025-04-04,9.403030174527697,0.0
2025-04-07,9.406252966513541,0.0
2025-04-08,9.407327598701771,0.0
2025-04-09,9.408407508363101,0.0
2025-04-10,9.409500430221607,0.0
2025-04-11,9.41058832314806,0.0
2025-04-14,9.413860113992465,0.0
2025-04-15,9.414948510970028,0.0
2025-04-16,9.416037033784173,0.0
2025-04-17,9.417123102713274,0.0
2025-04-21,9.42148851977897,0.0
2025-04-22,9.42257779872564,0.0
2025-04-23,9.423667203610863,0.0
2025-04-24,9.424756734449199,0.0
2025-04-25,9.425843809130075,0.0
2025-04-28,9.42910540933033,0.0
2025-04-29,9.430190402281541,0.0
2025-04-30,9.431275520081257,0.0
2025-05-01,9.432360762743842,0.0
2025-05-02,9.433446130283667,0.0
2025-05-05,9.43671811461269,0.0
2025-05-06,9.437809154350873,0.0
2025-05-07,9.438900320231184,0.0
2025-05-08,9.439991612268209,0.0
2025-05-09,9.441085616775602,0.0
2025-05-12,9.444360250855283,0.0
2025-05-13,9.445475461613672,0.0
2025-05-14,9.4465856284556,0.0
2025-05-15,9.447695925780149,0.0
2025-05-16,9.469976275135698,1.0027422688546177
2025-05-19,9.480350940303703,1.0027404499109367
2025-05-20,9.44838737582502,1.0027501185250913
2025-05-21,9.288732346487878,1.002797790780845
2025-05-22,9.292404424672483,1.0027970866749665
2025-05-23,9.228795406458415,1.0028167705508981
2025-05-27,9.421193762690573,1.0027608313283078
2025-05-28,9.366532820379282,1.0027773415707015
2025-05-29,9.403605475387623,1.0027667893623178
2025-05-30,9.393054233530103,1.0027702957137752
2025-06-02,9.446100785173968,1.0027559272282052
2025-06-03,9.500112692862169,1.0027406528359175
2025-06-04,9.497552646481992,1.0027417851321057
2025-06-05,9.451522456703673,1.002755534282655
2025-06-06,9.54884386158295,1.0027278423005197
2025-06-09,9.55746239418161,1.0027265584639766
2025-06-10,9.611794580355797,1.0027115361212264
2025-06-11,9.584303070811462,1.0027197057408248
2025-06-12,9.622494212943542,1.0027093017607362
2025-06-13,9.514617798324283,1.0027404153462236
2025-06-16,9.6053792768684,1.0027156946559177
2025-06-17,9.523072907978454,1.0027395592019113
2025-06-18,9.52163137014005,1.0027403665649735
2025-06-20,9.499200168304103,1.0027476247820872
2025-06-23,9.593273639785139,1.002721846097095
2025-06-24,9.699540174593592,1.0026924087918863
2025-06-25,9.70498621752622,1.002691280545315
2025-06-26,9.78111548000983,1.0026707132266892
2025-06-27,9.829837292456938,1.002657855103111
2025-06-30,9.876949264460338,1.002646307965398
2025-07-01,9.873740706388896,1.0026475479380044
2025-07-02,9.918616132853334,1.0026359478349907
2025-07-03,9.996990306361576,1.0026156580463559
2025-07-07,9.922284022822101,1.0026368708245328
2025-07-08,9.916830496081262,1.002638701116714
2025-07-09,9.976450787251734,1.002623309958371
2025-07-10,10.004657635513793,1.0026162908508773
2025-07-11,9.969391091645171,1.0026259235802986
2025-07-14,9.988453942299905,1.00262204297653
2025-07-15,9.945655302340677,1.0026337057702153
2025-07-16,9.978989645382033,1.0026252855558884
2025-07-17,10.040212349431238,1.0026096518132273
2025-07-18,10.032838129665047,1.002611944850364
2025-07-21,10.051899998897545,1.0026081144941277
2025-07-22,10.053338001159764,1.0026081158081357
2025-07-23,10.139086588441145,1.0025864296316673
2025-07-24,10.14244825914846,1.002585944268123
2025-07-25,10.185400980869623,1.0025754094985935
2025-07-28,10.182824428954573,1.0025771727404291
2025-07-29,10.155893153878058,1.0025843778203163
2025-07-30,10.143067188160984,1.002588017267341
2025-07-31,10.10491511839024,1.0025981622276268
2025-08-01,9.93885838574099,1.0026419511026556
2025-08-04,10.090314910794971,1.0026034052563755
2025-08-05,10.039019431556156,1.002617077566847
2025-08-06,10.116112515256116,1.0025975004432839
2025-08-07,10.107612906657979,1.0026000508040362
2025-08-08,10.18663067200633,1.0025802454957276
2025-08-11,10.166421954039004,1.0025864667156414
2025-08-12,10.274932450510649,1.002559512898036
2025-08-13,10.31018954284602,1.0025511194992869
2025-08-14,10.31114869043361,1.002551239316536
2025-08-15,10.286942370898847,1.0025576013809896
2025-08-18,10.284686348564257,1.0025592389406592
2025-08-19,10.228743313157132,1.0025735982964101
2025-08-20,10.201490839044824,1.0025808354335153
2025-08-21,10.160456311528458,1.002591622010827
2025-08-22,10.316888174982362,1.0025526854514493
2025-08-25,10.27135540858157,1.0025650762414666
2025-08-26,10.314468858381495,1.002554711388736
2025-08-27,10.338027241477656,1.0025492458372494
2025-08-28,10.37472911004508,1.0025405811134318
2025-08-29,10.312695791971713,1.0025562190332629
2025-09-02,10.23606631573085,1.0025767807244852
2025-09-03,10.291679729844429,1.002563211095292
2025-09-04,10.377907382010546,1.0025422642588344
2025-09-05,10.347770455694997,1.0025500183370069
2025-09-08,10.373245526880252,1.0025447845432347
2025-09-09,10.397284931044823,1.002539245102325
2025-09-10,10.427414655525837,1.0025322513926105
2025-09-11,10.514284917027227,1.0025116695226253
2025-09-12,10.510754271683512,1.0025128532619814
2025-09-15,10.566842521867665,1.0025005300392793
2025-09-16,10.552252738392692,1.002504324166456
2025-09-17,10.53910770238438,1.0025077843328651
2025-09-18,10.588471266027279,1.0024964267403276
2025-09-19,10.641041610863814,1.0024844263483046
2025-09-22,10.69150072623922,1.0024736947864636
2025-09-23,10.633151296837552,1.0024876003709131
2025-09-24,10.599233552776042,1.0024958930238845
2025-09-25,10.550208989304874,1.0025078254657707
2025-09-26,10.61079927785496,1.0024938392234053
2025-09-29,10.640684010255418,1.0024878306043121
2025-09-30,10.680861530647945,1.002478802299767
2025-10-01,10.717344401383901,1.0024706931491079
2025-10-02,10.729715875352449,1.0024681723332696
2025-10-03,10.729552703815852,1.0024685385122636
2025-10-06,10.768115786422584,1.0024606826650484
2025-10-07,10.728091850074609,1.0024701917455334
2025-10-08,10.79221815742897,1.002455840387826
2025-10-09,10.760873579077357,1.0024633211040177
2025-10-10,10.46931006403132,1.0025322608247569
2025-10-13,10.630347903495244,1.0024948961088627
2025-10-14,10.617325840406744,1.0024982886830465
2025-10-15,10.664576343481135,1.0024875502514998
2025-10-16,10.591763623582628,1.0025049850135386
2025-10-17,10.652032650166738,1.0024911435025898
2025-10-20,10.763084676482807,1.0024664209991845
2025-10-21,10.762919549682712,1.0024667838714671
2025-10-22,10.70682303354531,1.0024800342503029
2025-10-23,10.77046745948876,1.0024657035429738
2025-10-24,10.858702224531363,1.002445989550462
2025-10-27,10.987114088834817,1.0024183498086938
2025-10-28,11.016362430595711,1.002412241671593
2025-10-29,11.021662980036766,1.0024113940236086
2025-10-30,10.900151558075523,1.0024385941229232
2025-10-31,10.935988965172772,1.0024309197890373
2025-11-03,10.956552054931342,1.002427300763876
2025-11-04,10.826358267849796,1.0024568149779827
2025-11-05,10.8639656244311,1.0024486322891197
2025-11-06,10.747113639731946,1.0024755814662563
2025-11-07,10.75771715754075,1.0024734645716782
2025-11-10,10.925988774150284,1.0024363254376167
2025-11-11,10.951058522735496,1.0024310670652472
2025-11-12,10.957163198303162,1.00243003147835
2025-11-13,10.774895302089199,1.0024714621328814
2025-11-14,10.773122810790344,1.0024721938277876
2025-11-17,10.672497070367148,1.0024964874580566
2025-11-18,10.582647948292044,1.0025180143050023
2025-11-19,10.623628688388807,1.0025086295272683
2025-11-20,10.461291666218095,1.002547892451456
2025-11-21,10.56576067794725,1.0025230305221025
2025-11-24,10.721655343585835,1.0024873159318801
2025-11-25,10.822749016897193,1.0024644029555243
2025-11-26,10.897644996708054,1.0024477837485493
2025-11-28,10.957269042530095,1.0024350990800646
2025-12-01,10.907111194030168,1.002447248257484
2025-12-02,10.927358909126996,1.0024430288694157
2025-12-03,10.965287614496715,1.0024348906422238
2025-12-04,10.973320032799904,1.0024334176185314
2025-12-05,10.994211344369653,1.0024291017045723
2025-12-08,10.961092149073712,1.002437366472138
2025-12-09,10.951605224957238,1.002439787976676
2025-12-10,11.024411008594363,1.0024239835955908
2025-12-11,11.05012442194383,1.0024186478128578
2025-12-12,10.931022673479646,1.0024453076049973
2025-12-15,10.914456188941704,1.0024499330632357
2025-12-16,10.88455851559705,1.0024569694467262
2025-12-17,10.764491966581993,1.0024846847249
2025-12-18,10.8459771644391,1.0024663248402144
2025-12-19,10.94451765458965,1.0024444222793563
2025-12-22,11.012856698473023,1.0024301601694479
2025-12-23,11.063310205143202,1.0024193798010521
2025-12-24,11.102317834968302,1.0024111805842133
2025-12-26,11.101182662746757,1.0024120349557726
2025-12-29,11.061516130855546,1.0024215917582464
2025-12-30,11.047971679537643,1.0024248641186704
2025-12-31,10.965916587179912,1.0024433132835684
2026-01-02,10.986059895625932,1.0024394440975093
2026-01-05,11.059397506714344,1.0024241717818883
2026-01-06,11.125325712292982,1.0024101059836044
2026-01-07,11.089374419678332,1.0024182195343803
2026-01-08,11.088242674043316,1.002418765847495
2026-01-09,11.161747601191877,1.002403134786893
2026-01-12,11.179307547346365,1.0024002514311243
2026-01-13,11.156898319293191,1.0024053729340547
2026-01-14,11.101923418249344,1.0024175866028866
2026-01-15,11.13222689021512,1.002411307466571
2026-01-16,11.122874857118093,1.0024136370392782
2026-01-20,10.895888383228824,1.0024651526475614
2026-01-21,11.021945325180837,1.0024372653867732
2026-01-22,11.07965224833,1.0024248761061343
2026-01-23,11.083677676025886,1.0024243009168547
2026-01-26,11.140088778579445,1.002412934720186
2026-01-27,11.184577859113165,1.0024036389776254
2026-01-28,11.183446060970788,1.0024041838708941
2026-01-29,11.16119644941864,1.0024092794981811
2026-01-30,11.127824218028177,1.0024168087866026
2026-02-02,11.183267545891919,1.0024057322336382
2026-02-03,11.088477464313335,1.0024266034659486
2026-02-04,11.034631948662694,1.0024387518345832
2026-02-05,10.896478821783004,1.0024699832705652
2026-02-06,11.106038199956618,1.002423682005775
2026-02-09,11.15970851900912,1.0024129377504871
2026-02-10,11.130204452283685,1.0024196388944229
2026-02-11,11.127622934803906,1.0024205052423858
2026-02-12,10.955293796777948,1.0024588908347964
2026-02-13,10.963028731110864,1.0024574663133938
2026-02-17,10.980746689414561,1.0024547379077526
2026-02-18,11.036196736709828,1.002442712850469
2026-02-19,11.007014924173253,1.002449498309934
2026-02-20,11.086808405269482,1.0024321760387345
2026-02-23,10.973311200197735,1.0024582611638246
2026-02-24,11.053263340716027,1.0024407872637067
2026-02-25,11.146757569896105,1.0024206200113421
2026-02-26,11.084690805855393,1.0024344806172103
2026-02-27,11.031329174294022,1.0024465651777867
2026-03-02,11.037607630455703,1.0024460959796169
2026-03-03,10.94007678597539,1.0024682146381974
2026-03-04,11.017450799640214,1.002451189590653
2026-03-05,10.955866934950006,1.0024652785903947
2026-03-06,10.811910050584729,1.0024984170766342
2026-03-09,10.906848201434398,1.0024776020353388
2026-03-10,10.889272894091132,1.002481914319369
2026-03-11,10.875567753618673,1.002485355154111
2026-03-12,10.710009152323662,1.002524093291376
2026-03-13,10.649233419334584,1.002538819039844
2026-03-16,10.757873228979248,1.002514132693437
2026-03-17,10.786241069663161,1.0025078372215133
2026-03-18,10.635352979662683,1.002543738167956
2026-03-19,10.609072528119103,1.0025503622060377
2026-03-20,10.456592934418907,1.0025878794873964
2026-03-23,10.566660574258993,1.0025618973897485
2026-03-24,10.531095894035513,1.0025708752741163
2026-03-25,10.58993019422069,1.0025569166068216
2026-03-26,10.454470525051681,0.0
2026-03-27,10.455510243627186,0.0
2026-03-30,10.458621115990086,0.0
2026-03-31,10.459658381974739,0.0
2026-04-01,10.460692885173614,0.0
2026-04-02,10.461727490689107,0.0
2026-04-06,10.465866322058025,0.0
2026-04-07,10.466910041329593,0.0
2026-04-08,10.467948129393966,0.0
2026-04-09,10.468983452482929,0.0
2026-04-10,10.470016009754955,0.0
2026-04-13,10.538743841244436,1.0065209050490074
2026-04-14,10.667985254299335,1.006442720421485
2026-04-15,10.752700439083707,1.0063927704927547
2026-04-16,10.779283421861079,1.0063778123392286
2026-04-17,10.910380881424436,1.0063019751002402
2026-04-20,10.888399002283599,1.006317090411993
2026-04-21,10.816654966657053,1.0063597949073197
2026-04-22,10.926879722459953,1.0062964339828477
2026-04-23,10.884199925954118,1.0063219205831866
2026-04-24,10.969069730326757,1.0062737972371816
2026-04-27,10.988059449298333,1.0062653226841747
2026-04-28,10.934248090535409,1.0062969500737304
2026-04-29,10.932538903631757,1.006298728247615
2026-04-30,11.041990691775279,1.0062370791569224
2026-05-01,11.072748641231849,1.0062205359153147
2026-05-04,11.031906631758922,1.0062459208548113
2026-05-05,11.120951331791684,1.0061966927437875
2026-05-06,11.276475239497675,1.0061120004947623
2026-05-07,11.241680538152918,1.006131692403961
2026-05-08,11.335052856396125,1.0060819507466745
2026-05-11,11.361000108076672,1.0060703544779397
2026-05-12,11.343676169552406,1.0060803929220639
2026-05-13,11.40751955491779,1.0060471270262714
2026-05-14,11.498109214474864,1.0060002415291394
2026-05-15,11.358956533967428,1.006074512832195
2026-05-18,11.350890725115864,1.006081127606359
2026-05-19,11.274816229771108,1.0061229303194488
2026-05-20,11.391070053374227,1.0060612036615384
2026-05-21,11.413788297671521,1.0060498966996716
2026-05-22,11.45892515683322,1.0060268238742558
2026-05-26,11.53541998974212,1.0059898696675649
2026-05-27,11.533401588616545,1.0059916729435543
2026-05-28,11.597398638749603,1.0059593588622497
2026-05-29,11.626456029063412,1.0059452141153935
2026-06-01,11.658278647899976,1.0059312276104273
2026-06-02,11.674194727017138,1.0059238925842757
2026-06-03,11.591780946870518,1.0059667663118124
2026-06-04,11.635834625101289,1.0059449299398069
2026-06-05,11.333726950758583,1.006104170026384
2026-06-08,11.359519347905403,1.0060926278363973
2026-06-09,11.325961268667033,1.0061114583763293
2026-06-10,11.146301642921312,1.0062107542322771
2026-06-11,11.336921582498395,1.0061071023518515
2026-06-12,11.398599663491307,1.0060748271726105
2026-06-15,11.600797384705077,1.0059712165922101
2026-06-16,11.531216585915468,1.0060080113187935
2026-06-17,11.386342000355066,1.0060852279710324
2026-06-18,11.505437075098856,1.0060230107286505
2026-06-22,11.468976751026158,1.006045250375138
2026-06-23,11.301408350357436,1.0061356745678725
2026-06-24,11.296129074558037,1.006139332534016
2026-06-25,11.31255050059656,1.0061312100062159
2026-06-26,11.230235215938455,1.0061769440913488
2026-06-29,11.416367445871984,1.0060785675920982
2026-06-30,11.505795945179973,1.0060321053294714
2026-07-01,11.490131431763901,1.006041113323031
2026-07-02,11.474932646410021,1.0060498954868484
2026-07-06,11.575649153632977,1.006000332880527
2026-07-07,11.520303862650609,1.0060299423566172
2026-07-08,11.484489317059362,1.0060495306701343
2026-07-09,11.58228759478053,1.005999227102956
2026-07-10,11.632499182375954,1.005974099020408
2026-07-13,11.54288017678981,1.0060228126373953
2026-07-14,11.584102541059266,1.0060021629300133
2026-07-15,11.630284265854756,1.0059791008925294
2026-07-16,11.566878454293018,1.006012650483031
2026-07-17,11.451701465756045,1.006073905522022
2026-07-20,11.433075155625595,1.0060861560676921
2026-07-21,11.529013575913487,1.0060362923964803
2026-07-22,11.515518065082437,1.0060441513864358
2026-07-23,11.372441425294044,1.0061209892941465
2026-07-24,11.384056984985634,1.0061155496362508
2026-07-27,11.386510517190743,1.0061166490908886
2026-07-28,11.413936145128925,1.006102757679397
2026-07-29,11.237223892019129,1.0061995373754609
2026-07-30,11.426783332398301,1.0060974780150946
2026-07-31,11.509547372712746,1.0060544094915074
2026-08-03,11.67444338797553,1.005971194694426
2026-08-04,11.886169102262606,1.0058655943489336
2026-08-05,11.862289369840335,1.0058781655142721
2026-08-06,11.843215259337368,1.005888397189464
2026-08-07,11.916057817854426,1.0058531615776414
2026-08-10,11.912465664823152,1.005857197964154
2026-08-11,11.874170952905727,1.005876850765905
2026-08-12,11.904076823345711,1.0058628479881706
2026-08-13,11.987615646980169,1.0058227440752854
2026-08-14,11.963735961361262,1.0058351191788888
2026-08-17,11.906822005453071,1.0058652804364039
2026-08-18,11.825901721784824,1.0059061780461718
2026-08-19,11.850847426553383,1.005894506240787
2026-08-20,11.750706564141476,1.0059455070114438
2026-08-21,11.799058221263783,1.00592190683964
2026-08-24,11.76415501846846,1.0059417808025966
2026-08-25,11.801966906474775,1.0059235100495305
2026-08-26,11.804593532969724,1.0059229562222878
2026-08-27,11.88239635954258,1.005884931940764
2026-08-28,11.855261732759336,1.0058991594279565
2026-08-31,11.819583534753015,1.0059192716178154
2026-09-01,11.737888263974684,1.0059612501072135
2026-09-02,11.79026959182448,1.005935542919299
2026-09-03,11.914418494007661,1.005874463445105
2026-09-04,11.8682186886334,1.0058980986231423
2026-09-08,11.802615264164247,1.0059339828063771
2026-09-09,11.747425323091681,1.0059626449543553
2026-09-10,11.676578912820446,1.0059996132031332
2026-09-11,11.776701433214754,1.0059493980785388
2026-09-14,11.723816936818874,1.0059786516713025
2026-09-15,11.669711649638378,1.0060071888617415
2026-09-16,11.617930928398504,1.0060347843080832
2026-09-17,11.750449180014128,1.0059675414377465
2026-09-18,11.765652222172175,1.0059606419680043
2026-09-21,11.94913718317222,1.0058715204782118
2026-09-22,11.947262948269433,1.0058732492387599
2026-09-23,11.860701835067202,1.0059169251063702
2026-09-24,11.850902596243683,1.005922635373234
2026-09-25,11.915689546592834,1.0058912531547606
2026-09-28,11.826467416496,1.005938176749811
2026-09-29,11.804548249390972,1.0059500342573247
2026-09-30,11.780142392294316,1.0059631896126153
