date,equity,gross
2001-04-02,1.476723163214132,0.25006251562890724
2001-04-03,1.4745257970682895,0.2488601680237591
2001-04-04,1.481616068400872,0.25237179968972867
2001-04-05,1.4817374599575588,0.2523511240933723
2001-04-06,1.491149003019935,0.2569883677257036
2001-04-09,1.494751014045965,0.2585443064900797
2001-04-10,1.4939387859013349,0.25806314250703516
2001-04-11,1.48569473560744,0.25386747638980944
2001-04-12,1.4918539855135868,0.2568669266851741
2001-04-16,1.4853628716838523,0.25329875916288336
2001-04-17,1.484556937768566,0.25281049304725073
2001-04-18,1.4856081076204364,0.2532569460103296
2001-04-19,1.4880468007721954,0.25440272549803417
2001-04-20,1.495129076739424,0.25785769523231244
2001-04-23,1.4931421028165626,0.25664533040696225
2001-04-24,1.497433904419232,0.2587015368586964
2001-04-25,1.4942952305111605,0.25706897899998554
2001-04-26,1.4981252915094223,0.2588922001856537
2001-04-27,1.4959166413313023,0.2577219392784729
2001-04-30,1.4897567898985553,0.25442242250670316
2001-05-01,1.4954374757401205,0.2500017953675211
2001-05-02,1.4955551643391907,0.24998212216404228
2001-05-03,1.496575045638855,0.25041521117026266
2001-05-04,1.4921750005512813,0.24812763678571872
2001-05-07,1.4925115780944793,0.2480716813133361
2001-05-08,1.492623804266633,0.24805302950359412
2001-05-09,1.4864139117488708,0.2448366812686329
2001-05-10,1.4905895375498972,0.24687704071368236
2001-05-11,1.494765832021349,0.24890591768222528
2001-05-14,1.4910426088630162,0.24680202414182165
2001-05-15,1.4888965639858749,0.24564137513715534
2001-05-16,1.4908118804523383,0.24653726044162666
2001-05-17,1.4913709407526812,0.24674768958779134
2001-05-18,1.4928328593019953,0.24741339041116547
2001-05-21,1.48728897714854,0.2443889503789908
2001-05-22,1.4896565025763964,0.2455160627848966
2001-05-23,1.4784780229800647,0.23973741471494914
2001-05-24,1.4790392480785757,0.23995177473068813
2001-05-25,1.4764415373329132,0.2385390024988139
2001-05-29,1.4791402213662646,0.23963008633130928
2001-05-30,1.4769944670890727,0.2384497026974774
2001-05-31,1.478008424337487,0.2388970883179492
2001-06-01,1.4781446033403913,0.25048336098449825
2001-06-04,1.4836795924580608,0.25305916094433706
2001-06-05,1.4889971365045245,0.2556532470845391
2001-06-06,1.4895783608863462,0.25587131952204173
2001-06-07,1.4896858641863393,0.255852854547725
2001-06-08,1.4897936816237711,0.25583433829310714
2001-06-11,1.4901180766170186,0.2557786437949695
2001-06-12,1.4888046520595595,0.2550502563668814
2001-06-13,1.4889103949242355,0.25503214262085844
2001-06-14,1.4890158439829198,0.255014081765776
2001-06-15,1.492909296729067,0.25688613419058076
2001-06-18,1.4932229686331646,0.25683217174522566
2001-06-19,1.491433843959005,0.25587054225810496
2001-06-20,1.4910645309551813,0.2556162881074701
2001-06-21,1.4845397459609702,0.2522747555076111
2001-06-22,1.493639854646906,0.2567604879722289
2001-06-25,1.496314796584393,0.2578836681640155
2001-06-26,1.489315630285815,0.25432698396262166
2001-06-27,1.4894184695618478,0.25430942354999025
2001-06-28,1.4800537197122356,0.24952048911009278
2001-06-29,1.4825293730782452,0.2507006282664946
2001-07-02,1.4781180981356525,0.2500004386933169
2001-07-03,1.4782271345918532,0.24998199825121853
2001-07-05,1.4784446214478857,0.24994522460540475
2001-07-06,1.474261732319729,0.24774354166011198
2001-07-09,1.4812607250606233,0.25107951472114975
2001-07-10,1.4851837591802401,0.25298469136573737
2001-07-11,1.4910134950181195,0.25583308679120276
2001-07-12,1.4887356613757063,0.2546230097300733
2001-07-13,1.488842676059519,0.25460470799724694
2001-07-16,1.489165575361762,0.25454950145479105
2001-07-17,1.4892738480528642,0.25453099528174755
2001-07-18,1.4917654488908039,0.25570412906496204
2001-07-19,1.499022898562965,0.2592373893403018
2001-07-20,1.5038964323512545,0.2615677131376003
2001-07-23,1.508025843373419,0.26338093666335727
2001-07-24,1.5057477473636476,0.26219614377066186
2001-07-25,1.5058536677417547,0.26217770113225597
2001-07-26,1.5030987280076127,0.2607549160517718
2001-07-27,1.5051120347491262,0.26167337693889386
2001-07-30,1.5049519752143368,0.26138425483636396
2001-07-31,1.5017206607976226,0.2597241690371342
2001-08-01,1.5018114660420554,0.2500024265096536
2001-08-02,1.5051307940538834,0.25158569374220335
2001-08-03,1.4988114960695527,0.24835918608581722
2001-08-06,1.499130021566917,0.2483064163245991
2001-08-07,1.5024491341632764,0.2498963207028159
2001-08-08,1.5016373081054306,0.2494200612863248
2001-08-09,1.4985295271723342,0.24779317519492366
2001-08-10,1.4986339093636984,0.24777591601343155
2001-08-13,1.5099611667398865,0.25321268718495793
2001-08-14,1.511901360995789,0.25410216366774124
2001-08-15,1.5120048644271757,0.2540847692489261
2001-08-16,1.5121083773581925,0.2540673756152517
2001-08-17,1.5135878838004393,0.2547287291904259
2001-08-20,1.5079259714415656,0.25172812216941565
2001-08-21,1.5094063055744078,0.2523935769827419
2001-08-22,1.5140984998204745,0.25464282423120216
2001-08-23,1.514200841772291,0.2546256134075591
2001-08-24,1.51131792610628,0.2531356415582256
2001-08-27,1.5116287187749782,0.2530835965682056
2001-08-28,1.5117329635191878,0.25306614465346633
2001-08-29,1.5141686764367122,0.2541996375980077
2001-08-30,1.5142720121520288,0.2541822907137137
2001-08-31,1.5143738102398694,0.2541652042645275
2001-09-04,1.5046609082768894,0.25126656009227405
2001-09-05,1.511638647946837,0.254654115066201
2001-09-06,1.5071586850404788,0.2523704050272056
2001-09-07,1.512606251854918,0.25499621300193237
2001-09-10,1.5098474431417392,0.25343863021498403
2001-09-17,1.4677652924415243,0.23156421761651638
2001-09-18,1.455623416464169,0.22510049892245837
2001-09-19,1.4648638769452837,0.22993735365073165
2001-09-20,1.464166487721063,0.22952518781512724
2001-09-21,1.4642338648556166,0.2295146261488292
2001-09-24,1.4537457250588492,0.22381494742468175
2001-09-25,1.4530542345047623,0.223395998719164
2001-09-26,1.456945692934299,0.22542041782918773
2001-09-27,1.4547263126893055,0.22418917151039203
2001-09-28,1.4616723601905153,0.2278266313257608
2001-10-01,1.4569793713851473,0.0
2001-10-02,1.457071979389027,0.0
2001-10-03,1.457160601301198,0.0
2001-10-04,1.457248030937276,0.0
2001-10-05,1.4573346673270604,0.0
2001-10-08,1.4575921963299168,0.0
2001-10-09,1.4576780545003856,0.0
2001-10-10,1.457765115819805,0.0
2001-10-11,1.4578521823390513,0.0
2001-10-12,1.457941251116219,0.0
2001-10-15,1.4582060771571752,0.0
2001-10-16,1.458294368538833,0.0
2001-10-17,1.4583814666682418,0.0
2001-10-18,1.4584685699996758,0.0
2001-10-19,1.4585544797921552,0.0
2001-10-22,1.458812224350913,0.0
2001-10-23,1.458899353409792,0.0
2001-10-24,1.4589856882756376,0.0
2001-10-25,1.459070829084296,0.0
2001-10-26,1.4591547756251475,0.0
2001-10-29,1.4594066297371047,0.0
2001-10-30,1.4594885964108297,0.0
2001-10-31,1.4595689682486046,0.0
2001-11-01,1.4596493445123355,0.0
2001-11-02,1.4597301251061963,0.0
2001-11-05,1.459966481408645,0.0
2001-11-06,1.4600452795995595,0.0
2001-11-07,1.460118081857337,0.0
2001-11-08,1.4601888875834983,0.0
2001-11-09,1.4602612969502524,0.0
2001-11-12,1.4604773356078835,0.0
2001-11-13,1.4605493591477219,0.0
2001-11-14,1.4606217863899151,0.0
2001-11-15,1.4606954177347633,0.0
2001-11-16,1.4607706535535396,0.0
2001-11-19,1.4609999745355908,0.0
2001-11-20,1.4610760265890599,0.0
2001-11-21,1.4611524828962046,0.0
2001-11-23,1.4613062041437204,0.0
2001-11-26,1.461535609199878,0.0
2001-11-27,1.4616132908185586,0.0
2001-11-28,1.4616885739140857,0.0
2001-11-29,1.4617622590367159,0.0
2001-11-30,1.461833144494209,0.0
2001-12-03,1.466344026119367,0.2524489303010372
2001-12-04,1.473395743101356,0.2559910625783367
2001-12-05,1.4750025501243051,0.25676673693104046
2001-12-06,1.4750548107124573,0.25675763979065463
2001-12-07,1.4813279527667353,0.2598702540792806
2001-12-10,1.4775890464840746,0.25789618466499176
2001-12-11,1.4714181823342947,0.254749633907099
2001-12-12,1.4753555011536603,0.2567053103229903
2001-12-13,1.4621842206203832,0.24997605165464523
2001-12-14,1.4669000393005427,0.2523532421634271
2001-12-17,1.474052441084419,0.2558770172365349
2001-12-18,1.4741038289877517,0.2558680972519529
2001-12-19,1.478042753430284,0.25781701964076503
2001-12-20,1.479647976975916,0.2585884731531199
2001-12-21,1.4781425356319589,0.25779961566974813
2001-12-24,1.476729122797695,0.25698665514823127
2001-12-26,1.4846555479087482,0.260885090169015
2001-12-27,1.480794717581923,0.25892309836070043
2001-12-28,1.489453484982271,0.26319674701808526
2001-12-31,1.50447290699811,0.2704510623545681
2002-01-02,1.4931841606450016,0.5003802818713426
2002-01-03,1.506544875624944,0.5047879341322222
2002-01-04,1.5213807400172856,0.509594193932668
2002-01-07,1.517792010871163,0.5083663780581277
2002-01-08,1.5193013205221642,0.5088324414410521
2002-01-09,1.5208056233874763,0.5092960976777116
2002-01-10,1.5252825334023854,0.510714262436491
2002-01-11,1.5304939672382718,0.512358269860491
2002-01-14,1.533545100951696,0.5132664788055507
2002-01-15,1.5357964672048792,0.5139593556466139
2002-01-16,1.5188090825431115,0.5085020091859432
2002-01-17,1.5299386350648787,0.5120562947598724
2002-01-18,1.5255359134493696,0.5106264961280704
2002-01-22,1.5101257932319818,0.505546528925618
2002-01-23,1.513866662139262,0.5067459256416903
2002-01-24,1.5161224835870983,0.507457163363165
2002-01-25,1.5383588057799815,0.5145541847968753
2002-01-28,1.5614015899281115,0.5216518405367045
2002-01-29,1.5540360373491353,0.5193622634238249
2002-01-30,1.551112830172241,0.5184341636367142
2002-01-31,1.566682374059041,0.5231974527356138
2002-02-01,1.5728234695552132,0.5000832477208857
2002-02-04,1.5701026346078404,0.4991457334430125
2002-02-05,1.5586820882600732,0.4954518963783606
2002-02-06,1.5658317770196155,0.497731890516786
2002-02-07,1.559712252746015,0.4957376205225599
2002-02-08,1.567316769643369,0.4981608958654771
2002-02-11,1.5743723487206305,0.5003400914405349
2002-02-12,1.5722639046342541,0.4996467323269778
2002-02-13,1.5669336709509931,0.4979210235833115
2002-02-14,1.5828958049927042,0.5029604982677699
2002-02-15,1.5690417138379038,0.49854818385739796
2002-02-19,1.5619553202690017,0.4961787634138709
2002-02-20,1.563681609857108,0.4967113996336832
2002-02-21,1.5575171736160744,0.49469550447363403
2002-02-22,1.5472753213430295,0.4913266427485539
2002-02-25,1.5449641497654842,0.49049326124498
2002-02-26,1.5425681875781394,0.4896775538824995
2002-02-27,1.5527737400046797,0.49300746294054165
2002-02-28,1.5605459711732774,0.4955084685793053
2002-03-01,1.5783686340763972,0.5056504917731055
2002-03-04,1.607635558307127,0.5145806879451277
2002-03-05,1.5962739923329339,0.5111021167725197
2002-03-06,1.6077110322424044,0.514556530973658
2002-03-07,1.6028231676090035,0.5130528086770686
2002-03-08,1.6149446421790539,0.5166845723168115
2002-03-11,1.6200927891271677,0.5181503081830464
2002-03-12,1.6038066447588328,0.5132332746707234
2002-03-13,1.602358843930619,0.512769299682197
2002-03-14,1.5995493613488305,0.5118895810021493
2002-03-15,1.6102561148397263,0.5151108990286852
2002-03-18,1.6068793809837225,0.5140192552279904
2002-03-19,1.6147229332323474,0.5163556701568784
2002-03-20,1.614030351705293,0.5161240117323667
2002-03-21,1.613361051081476,0.5158992715403818
2002-03-22,1.6048637156164427,0.5133120843794767
2002-03-25,1.5878453599607005,0.5080230408202895
2002-03-26,1.5936885521903967,0.5098028150769879
2002-03-27,1.6008618973881943,0.5119755544594351
2002-03-28,1.6065644467487323,0.5136840969989801
2002-04-01,1.6023741959901163,0.7499197280934277
2002-04-02,1.591251083527038,0.7481595510068497
2002-04-03,1.5835610984342,0.7469243081652902
2002-04-04,1.5844725174171548,0.7470576860749512
2002-04-05,1.596629016026292,0.7489715166331776
2002-04-08,1.598215557558832,0.7491850527474343
2002-04-09,1.5959324259720824,0.748814402218623
2002-04-10,1.5855573486968912,0.7471589963822064
2002-04-11,1.5741440796925086,0.7453140607562937
2002-04-12,1.6008915696900734,0.7495577253176195
2002-04-15,1.6062333338498027,0.7503561411635034
2002-04-16,1.6261577087243952,0.7534035340743225
2002-04-17,1.6306174882404085,0.7540664602833544
2002-04-18,1.6253272178130205,0.7532544805625412
2002-04-19,1.6426408705583562,0.7558439068410496
2002-04-22,1.6304673762399857,0.7539866041521587
2002-04-23,1.6383610875484171,0.7551605739695508
2002-04-24,1.6432771441362946,0.7558816705048808
2002-04-25,1.6344070223028169,0.7545454468606885
2002-04-26,1.6323458340142745,0.7542239937084072
2002-04-29,1.6299472406889148,0.7538275188710607
2002-04-30,1.6519436471416846,0.7570938421305934
2002-05-01,1.653901909871672,1.0002849070238453
2002-05-02,1.6619342880137973,1.0002835513095598
2002-05-03,1.6654029715449512,1.0002829819733547
2002-05-06,1.647090988974258,1.000286192304942
2002-05-07,1.6345997290462184,1.0002884008942399
2002-05-08,1.6761879945611966,1.0002812663524292
2002-05-09,1.641276589706018,1.0002872706212012
2002-05-10,1.6422101226573345,1.0002871288716753
2002-05-13,1.6673405820161171,1.0002828649016793
2002-05-14,1.6708382099503905,1.0002822939598235
2002-05-15,1.666313145383142,1.0002830818879471
2002-05-16,1.6705186627492885,1.0002823903512308
2002-05-17,1.6960982011412202,1.0002781522354038
2002-05-20,1.6920424035260593,1.0002788815240964
2002-05-21,1.67717852208632,1.0002813740593655
2002-05-22,1.681593093655903,1.000280656300356
2002-05-23,1.6724755355175531,1.0002822072592361
2002-05-24,1.6675933687701998,1.0002830544838497
2002-05-28,1.6586356220141538,1.0002846676855426
2002-05-29,1.644930680633553,1.0002870608981975
2002-05-30,1.646769640483901,1.000286761703214
2002-05-31,1.6380486409179036,1.0002883099109405
2002-06-03,1.6206006537476485,1.0000482251567304
2002-06-04,1.6212240976972028,1.0000482102040633
2002-06-05,1.6356068953465774,1.0000477898391786
2002-06-06,1.6173177596499055,1.0000483338632433
2002-06-07,1.6273686943612748,1.0000480389106856
2002-06-10,1.6360974578342615,1.0000477932607954
2002-06-11,1.6296753751561304,1.000047985175927
2002-06-12,1.6148204153726071,1.000048430207076
2002-06-13,1.6080661901246978,1.000048637235284
2002-06-14,1.5709517017389605,1.000049789982508
2002-06-17,1.5749438415285164,1.0000496747153782
2002-06-18,1.5611913981703343,1.0000501160039663
2002-06-19,1.5141687696541997,1.0000516761826934
2002-06-20,1.5236439017398877,1.0000513585931068
2002-06-21,1.5132802629807085,1.000051714145504
2002-06-24,1.503320321759659,1.000052068276532
2002-06-25,1.5111365725550439,1.0000518027886287
2002-06-26,1.4933478715108657,1.0000524237390407
2002-06-27,1.523052407977168,1.0000514050635696
2002-06-28,1.5536055047426756,1.0000503978215645
2002-07-01,1.540130920503394,0.7492919078236244
2002-07-02,1.5433530523472025,0.7498038077264241
2002-07-03,1.5629919031334318,0.7529360612061945
2002-07-05,1.5981194036862103,0.7583442799232578
2002-07-08,1.586679834494001,0.7565681929651199
2002-07-09,1.5890740270648556,0.7569236408332575
2002-07-10,1.5857246479432592,0.7563989346406735
2002-07-11,1.5703047326773532,0.7539954563881838
2002-07-12,1.5808844554027728,0.7556304737579883
2002-07-15,1.5686802583613821,0.7536952943335632
2002-07-16,1.5669342526312877,0.7534094921785524
2002-07-17,1.5597117962617715,0.7522561511407868
2002-07-18,1.5647489888817778,0.7530422466932846
2002-07-19,1.5439549550825464,0.7497046234375938
2002-07-22,1.5105036407123982,0.7441263048934663
2002-07-23,1.5196729451827151,0.7456584729299891
2002-07-24,1.5529648903423996,0.7510995745258893
2002-07-25,1.5241042215752723,0.7463748240980677
2002-07-26,1.5079679481146897,0.743649135371563
2002-07-29,1.5366001916859173,0.7483915254946627
2002-07-30,1.5286739184402725,0.7470752090411203
2002-07-31,1.49645115858578,0.7416170711704694
2002-08-01,1.4930229999771938,0.24784066755264286
2002-08-02,1.499565450869452,0.2510884085152128
2002-08-05,1.4925723182592427,0.24748059285698576
2002-08-06,1.4932709964735786,0.24779950716222487
2002-08-07,1.4985142899275383,0.25039818412578335
2002-08-08,1.4998605444318664,0.2510390075404189
2002-08-09,1.5018571485398846,0.2520021112467663
2002-08-12,1.4955121761285104,0.24873043237622552
2002-08-13,1.4994576356993568,0.25067354941763575
2002-08-14,1.5001560234456015,0.2509895615113408
2002-08-15,1.507995782747227,0.254850645640381
2002-08-16,1.509992401885841,0.2558035180002156
2002-08-19,1.5107883190100375,0.25609837334498
2002-08-20,1.5030484087857514,0.2522342786243206
2002-08-21,1.5050449180235907,0.2531936925252336
2002-08-22,1.5037957739477565,0.2525405859544427
2002-08-23,1.502547368553207,0.25188634990424735
2002-08-26,1.5020476158075875,0.25153779679539934
2002-08-27,1.500799883531054,0.2508818841572206
2002-08-28,1.50020157220282,0.25054924265291834
2002-08-29,1.4944095391619714,0.2476107166669333
2002-08-30,1.4983555377324351,0.24955825109982535
2002-09-03,1.496889004359875,0.0
2002-09-04,1.4969550315186975,0.0
2002-09-05,1.4970206514652844,0.0
2002-09-06,1.4970854540030738,0.0
2002-09-09,1.4972860224378701,0.0
2002-09-10,1.49735411818574,0.0
2002-09-11,1.497421806796562,0.0
2002-09-12,1.49748990871983,0.0
2002-09-13,1.4975580137403361,0.0
2002-09-16,1.4977623380939917,0.0
2002-09-17,1.4978312761961285,0.0
2002-09-18,1.4978998071065739,0.0
2002-09-19,1.4979675203855252,0.0
2002-09-20,1.4980340055193069,0.0
2002-09-23,1.4982334697731925,0.0
2002-09-24,1.4982999667107553,0.0
2002-09-25,1.498366466599689,0.0
2002-09-26,1.498433379951485,0.0
2002-09-27,1.4984998857617735,0.0
2002-09-30,1.4986969487604491,0.0
2002-10-01,1.4987601814536298,0.0
2002-10-02,1.498824238053166,0.0
2002-10-03,1.498887886753686,0.0
2002-10-04,1.4989511275028806,0.0
2002-10-07,1.499145785813685,0.0
2002-10-08,1.499211501793337,0.0
2002-10-09,1.499276399167935,0.0
2002-10-10,1.4993396563091603,0.0
2002-10-11,1.4994033268973048,0.0
2002-10-14,1.4995943467731974,0.0
2002-10-15,1.4996580281769643,0.0
2002-10-16,1.499725820937142,0.0
2002-10-17,1.499792794994351,0.0
2002-10-18,1.499860182944592,0.0
2002-10-21,1.5000623558788408,0.0
2002-10-22,1.50013139984481,0.0
2002-10-23,1.5001996249988852,0.0
2002-10-24,1.5002674422422069,0.0
2002-10-25,1.500334029454712,0.0
2002-10-28,1.500532566807103,0.0
2002-10-29,1.5005966991579036,0.0
2002-10-30,1.5006575452706366,0.0
2002-10-31,1.5007183938505544,0.0
2002-11-01,1.500776777963411,0.0
2002-11-04,1.5009507036009666,0.0
2002-11-05,1.5010086855322564,0.0
2002-11-06,1.5010662584681398,0.0
2002-11-07,1.5011160198427358,0.0
2002-11-08,1.5011653716022924,0.0
2002-11-11,1.5013134317485326,0.0
2002-11-12,1.5013627899983435,0.0
2002-11-13,1.5014121498708914,0.0
2002-11-14,1.501461100020435,0.0
2002-11-15,1.5015104631250933,0.0
2002-11-18,1.5016585573077577,0.0
2002-11-19,1.5017083383174659,0.0
2002-11-20,1.5017572981235643,0.0
2002-11-21,1.5018066709662423,0.0
2002-11-22,1.501856045432137,0.0
2002-11-25,1.5020054081018608,0.0
2002-11-26,1.5020556121182411,0.0
2002-11-27,1.5021049947685026,0.0
2002-11-29,1.5022045863873337,0.0
2002-12-02,1.5023527490314705,0.0
2002-12-03,1.5024029646576025,0.0
2002-12-04,1.5024527703449242,0.0
2002-12-05,1.5025021660524425,0.0
2002-12-06,1.502551563383929,0.0
2002-12-09,1.5026985252765668,0.0
2002-12-10,1.5027483407619253,0.0
2002-12-11,1.5027973344749528,0.0
2002-12-12,1.5028463297853094,0.0
2002-12-13,1.5028953266930474,0.0
2002-12-16,1.5030423222085623,0.0
2002-12-17,1.5030921490910247,0.0
2002-12-18,1.503141565819214,0.0
2002-12-19,1.5031905723524557,0.0
2002-12-20,1.5032395804834446,0.0
2002-12-23,1.5033866096698096,0.0
2002-12-24,1.5034348004186675,0.0
2002-12-26,1.5035311850058724,0.0
2002-12-27,1.503578968462711,0.0
2002-12-30,1.5037198517523587,0.0
2002-12-31,1.5037692891173478,0.0
2003-01-02,1.503868167098002,0.0
2003-01-03,1.5039176093391122,0.0
2003-01-06,1.5040659409389374,0.0
2003-01-07,1.5041149776093405,0.0
2003-01-08,1.504163191705883,0.0
2003-01-09,1.5042114073479185,0.0
2003-01-10,1.5042600366482108,0.0
2003-01-13,1.5044059292654637,0.0
2003-01-14,1.5044549770204176,0.0
2003-01-15,1.5045032020155713,0.0
2003-01-16,1.5045518407492255,0.0
2003-01-17,1.5045996566433426,0.0
2003-01-21,1.5047909262983241,0.0
2003-01-22,1.504839162062263,0.0
2003-01-23,1.5048865748029856,0.0
2003-01-24,1.5049339890375342,0.0
2003-01-27,1.5050749992907535,0.0
2003-01-28,1.5051224194619641,0.0
2003-01-29,1.5051702534895417,0.0
2003-01-30,1.505218089037324,0.0
2003-01-31,1.5052659261053591,0.0
2003-02-03,1.5054094418703687,0.0
2003-02-04,1.5054572850197543,0.0
2003-02-05,1.5055043047815329,0.0
2003-02-06,1.5055521509457397,0.0
2003-02-07,1.5055995861504956,0.0
2003-02-10,1.5057418962483646,0.0
2003-02-11,1.505789337431397,0.0
2003-02-12,1.5058371926541758,0.0
2003-02-13,1.5058850493978329,0.0
2003-02-14,1.50593249509117,0.0
2003-02-18,1.506123934180957,0.0
2003-02-19,1.5061722126741894,0.0
2003-02-20,1.506220080065058,0.0
2003-02-21,1.5062683616402273,0.0
2003-02-24,1.506413211008703,0.0
2003-02-25,1.5064623242065411,0.0
2003-02-26,1.5065110262762005,0.0
2003-02-27,1.5065601426630844,0.0
2003-02-28,1.506609260651297,0.0
2003-03-03,1.5067553811110972,0.0
2003-03-04,1.5068040926549249,0.0
2003-03-05,1.5068523929504976,0.0
2003-03-06,1.5069002819580546,0.0
2003-03-07,1.5069481724875635,0.0
2003-03-10,1.507084417116857,0.0
2003-03-11,1.5071281844999291,0.0
2003-03-12,1.5071727789777172,0.0
2003-03-13,1.507217374775013,0.0
2003-03-14,1.5072627977643898,0.0
2003-03-17,1.5074003096853914,0.0
2003-03-18,1.5074469771470338,0.0
2003-03-19,1.5074932330542776,0.0
2003-03-20,1.5075403164045702,0.0
2003-03-21,1.5075878142501555,0.0
2003-03-24,1.507731551389706,0.0
2003-03-25,1.5077790552605033,0.0
2003-03-26,1.50782697371815,0.0
2003-03-27,1.5078748936986848,0.0
2003-03-28,1.5079219889693372,0.0
2003-03-31,1.5080608004181846,0.0
2003-04-01,1.5081070751605534,0.0
2003-04-02,1.5081525249628185,0.0
2003-04-03,1.5081983893272763,0.0
2003-04-04,1.508243428676437,0.0
2003-04-07,1.5083785507589513,0.0
2003-04-08,1.50842607501466,0.0
2003-04-09,1.508472774232873,0.0
2003-04-10,1.5085186483364184,0.0
2003-04-11,1.5085649371278194,0.0
2003-04-14,1.5087075275122876,0.0
2003-04-15,1.5087563021666017,0.0
2003-04-16,1.5088042516819584,0.0
2003-04-17,1.508851789350162,0.0
2003-04-21,1.5090435995502327,0.0
2003-04-22,1.5090915581961364,0.0
2003-04-23,1.5091395183662053,0.0
2003-04-24,1.509187066597606,0.0
2003-04-25,1.5092337893752843,0.0
2003-04-28,1.5093727215816486,0.0
2003-04-29,1.5094190365802287,0.0
2003-04-30,1.5094657665394435,0.0
2003-05-01,1.5105022955163272,0.5008275844246487
2003-05-02,1.5178475855721905,0.5032285211497829
2003-05-05,1.5361277454637996,0.5090958001647505
2003-05-06,1.5491495908635227,0.5132074405036833
2003-05-07,1.532888902231159,0.5080290510250117
2003-05-08,1.5166086371987637,0.5027330649423978
2003-05-09,1.5290620800637393,0.5067685957507665
2003-05-12,1.5374170769104483,0.5094050829449887
2003-05-13,1.5373312046361582,0.5093631622412106
2003-05-14,1.5285013765154718,0.5065143911969564
2003-05-15,1.5278012971539563,0.506274195507216
2003-05-16,1.5385676004793272,0.5097151291134311
2003-05-19,1.5116529041958398,0.5009434536735323
2003-05-20,1.5192397019552284,0.5034216357055403
2003-05-21,1.5158389086911905,0.5022936511867102
2003-05-22,1.5224221107185976,0.5044316948827218
2003-05-23,1.521039824965722,0.503966928962908
2003-05-27,1.5319905307210653,0.5074553759807774
2003-05-28,1.5435743749811253,0.5111373753247616
2003-05-29,1.5488136382254885,0.5127763967502261
2003-05-30,1.557533275469388,0.5154897157553046
2003-06-02,1.5658296090589212,1.000518095254692
2003-06-03,1.5443538527042546,1.000525330388371
2003-06-04,1.5695097788252383,1.0005169396255966
2003-06-05,1.5852613750429039,1.0005118316349286
2003-06-06,1.5765169305871682,1.000514699087455
2003-06-09,1.5893381062107388,1.0005106321991546
2003-06-10,1.5839473712995755,1.000512398277155
2003-06-11,1.6344066725236048,1.00049660545193
2003-06-12,1.6427165358064733,1.0004941193089885
2003-06-13,1.6268705070296172,1.0004989580970334
2003-06-16,1.6618363096856597,1.000488533659653
2003-06-17,1.664099633632768,1.0004878939379138
2003-06-18,1.6478082124912805,1.0004927429878077
2003-06-19,1.6362417766793977,1.0004962515637092
2003-06-20,1.6211275146559916,1.0005009029679426
2003-06-23,1.580587384457885,1.0005138269446525
2003-06-24,1.5751710246225863,1.0005156196327185
2003-06-25,1.554430804742839,1.0005225252731647
2003-06-26,1.560156586157098,1.0005206347032756
2003-06-27,1.5574786056041132,1.0005215569051598
2003-06-30,1.569701604829419,1.0005175743180028
2003-07-01,1.5685177353113773,1.0000168742984268
2003-07-02,1.5831614083379448,1.000016719073764
2003-07-03,1.574232732808026,1.0000168147526054
2003-07-07,1.5993424257593074,1.0000165541163089
2003-07-08,1.5991782697715886,1.000016556677402
2003-07-09,1.6067745796962973,1.0000164792605721
2003-07-10,1.572852980504032,1.0000168355346175
2003-07-11,1.5861011721916627,1.0000166957681536
2003-07-14,1.604345427786866,1.0000165084445662
2003-07-15,1.5966764402581213,1.0000165885951091
2003-07-16,1.599231590858119,1.0000165629530424
2003-07-17,1.5708928234603121,1.0000168626203632
2003-07-18,1.6063055443065088,1.000016491715285
2003-07-21,1.6023087054834142,1.0000165354208852
2003-07-22,1.6085058083721284,1.0000164725766847
2003-07-23,1.6151819922188233,1.0000164053474587
2003-07-24,1.629496808073249,1.0000162620805686
2003-07-25,1.6522735724831379,1.000016038745327
2003-07-28,1.6638446008836272,1.00001592970595
2003-07-29,1.6491975209806147,1.0000160720416433
2003-07-30,1.6412244322915877,1.0000161509914856
2003-07-31,1.6368357885830196,1.0000161951647366
2003-08-01,1.6344225861044204,1.0005062969115206
2003-08-04,1.6470506260990985,1.0005024947996624
2003-08-05,1.6368067564213635,1.0005056666507708
2003-08-06,1.6358101634960793,1.0005060016135328
2003-08-07,1.6382101457468063,1.0005052870363185
2003-08-08,1.640228863475215,1.0005046918374674
2003-08-11,1.637738204622813,1.0005055399652167
2003-08-12,1.656314153884119,1.0004998967851284
2003-08-13,1.6549724495957931,1.0005003285112546
2003-08-14,1.6580338172698497,1.0004994312562294
2003-08-15,1.6814814317814184,1.0004924930536094
2003-08-18,1.6803653961528047,1.000492898325139
2003-08-19,1.6823052754355519,1.0004923561279255
2003-08-20,1.6778357887136326,1.0004936939248352
2003-08-21,1.6612606277937993,1.0004986462380416
2003-08-22,1.6670702097058707,1.0004969350502597
2003-08-25,1.657132017034269,1.0004999958155971
2003-08-26,1.6505377466244593,1.0005020209180924
2003-08-27,1.656067193326334,1.0005003719983196
2003-08-28,1.655117881316682,1.0005006861515042
2003-08-29,1.6495440563585244,1.0005024050893894
2003-09-02,1.6685004833082695,1.0005115745324835
2003-09-03,1.6906642188838374,1.0005048951650433
2003-09-04,1.7052123766786893,1.0005006143546846
2003-09-05,1.7031557428973363,1.0005012456454867
2003-09-08,1.730382644458743,1.0004934374062122
2003-09-09,1.7184604221404296,1.00049688728859
2003-09-10,1.697726932687223,1.0005029822568243
2003-09-11,1.7035943635936883,1.0005012765533294
2003-09-12,1.7108069680528835,1.0004991897484599
2003-09-15,1.7188394865052588,1.0004969361488174
2003-09-16,1.7354884572217404,1.0004921950763468
2003-09-17,1.7287402174734923,1.0004941422454576
2003-09-18,1.7587530882462252,1.000485735461206
2003-09-19,1.7604652038492368,1.0004852888580988
2003-09-22,1.7325479775535355,1.0004931867300138
2003-09-23,1.7272806830801768,1.0004947169823992
2003-09-24,1.705734113147316,1.0005009925231243
2003-09-25,1.7048942397724618,1.0005012658284096
2003-09-26,1.703691359084385,1.0005016461306029
2003-09-29,1.7024710172528683,1.0005020849343023
2003-09-30,1.6773585628694356,1.0005096290884787
2003-10-01,1.7342556634320867,1.0000285354083438
2003-10-02,1.7291808038846086,1.0000286206683326
2003-10-03,1.756248085559612,1.0000281810491398
2003-10-06,1.7618644570462931,1.000028095648216
2003-10-07,1.7560621710080861,1.0000281899631347
2003-10-08,1.7706041308898441,1.000027959894527
2003-10-09,1.7723793809331942,1.000027933335683
2003-10-10,1.7896239629103412,1.0000276656061946
2003-10-13,1.8009223705610684,1.000027496334358
2003-10-14,1.7972826155131683,1.0000275534525933
2003-10-15,1.799869068785659,1.000027515297414
2003-10-16,1.803195389570239,1.0000274659776454
2003-10-17,1.7948847838943534,1.0000275945934618
2003-10-20,1.7997761580241967,1.0000275239179572
2003-10-21,1.8076211142751937,1.0000274059150291
2003-10-22,1.7950940520173195,1.0000275986113087
2003-10-23,1.7808329669551286,1.000027821102327
2003-10-24,1.7728524717161322,1.0000279478243836
2003-10-27,1.786603656369881,1.0000277371139743
2003-10-28,1.8077706062154817,1.000027413815736
2003-10-29,1.8023320490750907,1.0000274979986916
2003-10-30,1.8065230470329727,1.0000274356635444
2003-10-31,1.8132007623496362,1.0000273360754353
2003-11-03,1.8182505513131688,1.000530031465142
2003-11-04,1.820542332728949,1.0005293923735203
2003-11-05,1.8028526142169399,1.0005346150764625
2003-11-06,1.8017542919666008,1.0005349694022314
2003-11-07,1.840500578720583,1.0005237350418412
2003-11-10,1.8197111413481108,1.0005298029599636
2003-11-11,1.815305308500694,1.0005311171903373
2003-11-12,1.8434793540337246,1.000523028024039
2003-11-13,1.8571711221539546,1.0005191995156848
2003-11-14,1.8738572828079039,1.0005146032613061
2003-11-17,1.8437200955843436,1.0005230978591635
2003-11-18,1.846716959540656,1.0005222767305413
2003-11-19,1.8453414772394956,1.0005226938057008
2003-11-20,1.832508438488752,1.0005263820572134
2003-11-21,1.8380763429659617,1.0005248152886892
2003-11-24,1.8570617314627353,1.000519531892779
2003-11-25,1.8671497533232078,1.0005167523786278
2003-11-26,1.8856661399050654,1.0005117051604075
2003-11-28,1.8983803559967851,1.0005083315389616
2003-12-01,1.9305054589399844,1.0005033114869448
2003-12-02,1.9367975478144974,1.0005017029020995
2003-12-03,1.9463413260873574,1.0004992690908912
2003-12-04,1.9378513594374074,1.000501482828555
2003-12-05,1.9335868109922356,1.0005026151546845
2003-12-08,1.9466454884076136,1.0004993214266555
2003-12-09,1.9522260779268175,1.000497920131849
2003-12-10,1.9354362173747244,1.000502265858059
2003-12-11,1.9507099743558185,1.0004983592713408
2003-12-12,1.9561538336265372,1.0004969979647382
2003-12-15,1.9455274294490206,1.0004997901771775
2003-12-16,1.983072924415107,1.00049035304555
2003-12-17,1.9936215059984332,1.0004877837629071
2003-12-18,2.025570696243788,1.0004801147103715
2003-12-19,2.01172454979379,1.0004834439747519
2003-12-22,2.035976568808775,1.000477758343854
2003-12-23,2.031001978829582,1.0004789533300473
2003-12-24,2.0423326105404844,1.0004763206833334
2003-12-26,2.050361955565933,1.0004745042572967
2003-12-29,2.0732147717239346,1.00046934520491
2003-12-30,2.077106020032314,1.000468490191631
2003-12-31,2.0918346341601857,1.0004652160210932
2004-01-02,2.1059525280623252,1.0005046666689508
2004-01-05,2.1477397148533246,1.0004949253792865
2004-01-06,2.161533446742223,1.0004917926332881
2004-01-07,2.138532632080442,1.0004971079446616
2004-01-08,2.169801026034943,1.000489969631227
2004-01-09,2.1596218436171024,1.000492304144812
2004-01-12,2.1437305416917565,1.0004960289679208
2004-01-13,2.1429744895798106,1.0004962295273232
2004-01-14,2.1747045816799804,1.0004890143279228
2004-01-15,2.160104912249973,1.0004923445552354
2004-01-16,2.135982621871243,1.0004979301221824
2004-01-20,2.157822121296803,1.000492991538278
2004-01-21,2.207554029643995,1.0004819102160099
2004-01-22,2.200508442291225,1.000483477964711
2004-01-23,2.1856597943159173,1.0004867873585896
2004-01-26,2.18270418505168,1.0004875218399802
2004-01-27,2.192217320461304,1.000485431371833
2004-01-28,2.167281497094694,1.0004910419649253
2004-01-29,2.146183534072925,1.0004958952154814
2004-01-30,2.1524020136996347,1.0004944885404652
2004-02-02,2.1632598203131814,1.000521849059128
2004-02-03,2.1625161840902827,1.000522056113359
2004-02-04,2.1619160761611775,1.0005222284956878
2004-02-05,2.1695871447665676,1.0005204094116338
2004-02-06,2.1993219855219985,1.0005134004794622
2004-02-09,2.2150260543033506,1.0005098406034876
2004-02-10,2.2259095821422568,1.0005073745778081
2004-02-11,2.263565723093125,1.0004989603970078
2004-02-12,2.249166676590205,1.0005021809923047
2004-02-13,2.223203763907353,1.0005080721239321
2004-02-17,2.270397689862971,1.0004976146059492
2004-02-18,2.255488207555244,1.0005009304802472
2004-02-19,2.2654486987689375,1.0004987542752317
2004-02-20,2.230991917572808,1.0005064839773203
2004-02-23,2.2335986912008017,1.0005059727073942
2004-02-24,2.236722151592979,1.0005052931377978
2004-02-25,2.2123326019966187,1.0005108909636402
2004-02-26,2.2006224064314726,1.0005136368718939
2004-02-27,2.2054977255019352,1.0005125287019405
2004-03-01,2.231864779609005,1.0000158210655041
2004-03-02,2.1993465798649066,1.0000160558438802
2004-03-03,2.184798203697516,1.0000161636218008
2004-03-04,2.1976570894621505,1.0000160699040341
2004-03-05,2.226270738619753,1.0000158642050996
2004-03-08,2.217545849661279,1.0000159291489334
2004-03-09,2.179762665631201,1.0000162061245543
2004-03-10,2.1433349452646353,1.0000164824368265
2004-03-11,2.0985748361054632,1.0000168348823688
2004-03-12,2.1053574674857107,1.000016781543518
2004-03-15,2.0594032412828924,1.000017158748164
2004-03-16,2.07246009880376,1.000017051556004
2004-03-17,2.1114406750991175,1.0000167376465428
2004-03-18,2.107459423667365,1.000016770148136
2004-03-19,2.0701199921048183,1.000017073534852
2004-03-22,2.036039460446058,1.00001736206205
2004-03-23,2.0496179826441216,1.000017247956749
2004-03-24,2.015069962616594,1.000017544597585
2004-03-25,2.060967890903008,1.000017154780262
2004-03-26,2.0530782112260297,1.0000172216094327
2004-03-29,2.0835644078712097,1.0000169723190175
2004-03-30,2.0982476910789063,1.0000168544491799
2004-03-31,2.1091074205514535,1.0000167685573504
2004-04-01,2.1378416132868967,1.000505102141749
2004-04-02,2.144553743356276,1.0005035477347526
2004-04-05,2.147206071921135,1.0005030055084048
2004-04-06,2.1458059023418916,1.000503360341452
2004-04-07,2.15759849368773,1.0005006355036798
2004-04-08,2.144627257779053,1.0005036901030555
2004-04-12,2.1571217090270163,1.0005008780040896
2004-04-13,2.13143573095075,1.0005069408996967
2004-04-14,2.105910098279384,1.0005131126356708
2004-04-15,2.119262868783134,1.0005099067840606
2004-04-16,2.1407072794692046,1.0005048255146056
2004-04-19,2.150079314502842,1.0005027043362773
2004-04-20,2.1209374024389316,1.0005096387747052
2004-04-21,2.1197646750213313,1.0005099481066149
2004-04-22,2.144301482864824,1.0005041402200459
2004-04-23,2.145604045773533,1.0005038610815118
2004-04-26,2.1434919024475954,1.0005044388235556
2004-04-27,2.1520370007365672,1.000502463102578
2004-04-28,2.1105919141586718,1.0005123574778287
2004-04-29,2.091570771765378,1.0005170447172793
2004-04-30,2.0880538489066347,1.0005179432485667
2004-05-03,2.1090605435435337,1.0000048242945192
2004-05-04,2.126687747232872,1.0000047845688518
2004-05-05,2.1491226057508768,1.0000047348804986
2004-05-06,2.1120535750264917,1.0000048182432737
2004-05-07,2.0634953832724614,1.000004931893741
2004-05-10,2.0304248490448185,1.00000501306646
2004-05-11,2.0434214179989114,1.0000049814648488
2004-05-12,2.0487194013013883,1.0000049688604895
2004-05-13,2.0398903929521586,1.0000049906427804
2004-05-14,2.0388374926962283,1.0000049934909223
2004-05-17,2.0226049738918728,1.000005034381461
2004-05-18,2.0373280880985325,1.0000049982803167
2004-05-19,2.0497719958709073,1.0000049682140462
2004-05-20,2.045446531173697,1.0000049789957632
2004-05-21,2.047436142959373,1.000004974431305
2004-05-24,2.0723833400476277,1.0000049153613801
2004-05-25,2.102194846712688,1.000004845929463
2004-05-26,2.1026895472498195,1.0000048450627914
2004-05-27,2.1357506595917273,1.0000047703311323
2004-05-28,2.1252855742413743,1.0000047940885735
2004-06-01,2.118352817005585,1.000505783230439
2004-06-02,2.131456496522973,1.000502703406903
2004-06-03,2.1140090118504085,1.000506882208946
2004-06-04,2.145593367066236,1.0004994500323383
2004-06-07,2.1896151071793,1.0004894963883255
2004-06-08,2.180602798150009,1.0004915494792554
2004-06-09,2.136548577154231,1.0005017158307519
2004-06-10,2.152448866474319,1.0004980403202761
2004-06-14,2.1247194884126754,1.0005046656787466
2004-06-15,2.1519496748327334,1.000498312539986
2004-06-16,2.1395378519252906,1.0005012351930764
2004-06-17,2.138487673323906,1.0005015126674264
2004-06-18,2.1387940249594646,1.0005014717436502
2004-06-21,2.142241498685935,1.0005007577336762
2004-06-22,2.139992831935379,1.000501315783507
2004-06-23,2.153055233993017,1.000498305741611
2004-06-24,2.1543612812695243,1.0004980346234111
2004-06-25,2.151148671116603,1.0004988092911997
2004-06-28,2.1680218311911066,1.0004950199339098
2004-06-29,2.174728835819868,1.0004935251684188
2004-06-30,2.1879663421268405,1.0004905709882992
2004-07-01,2.173652434529751,0.7487805127049091
2004-07-02,2.1728362965512322,0.7486778899030928
2004-07-06,2.1590687692277877,0.7470401066670066
2004-07-07,2.178977653914714,0.7493422862590763
2004-07-08,2.164862898762219,0.7476991679431364
2004-07-09,2.1792304666260645,0.749353992439722
2004-07-12,2.176855745439084,0.7490547845532356
2004-07-13,2.1732083532600432,0.7486245215330927
2004-07-14,2.173621555443649,0.7486632185218408
2004-07-15,2.153206490434758,0.7462710588483068
2004-07-16,2.162786845236961,0.7473858499653429
2004-07-19,2.1615432966615993,0.7472130968862497
2004-07-20,2.1553053243253286,0.7464722329507386
2004-07-21,2.136147827615057,0.744189142797215
2004-07-22,2.140998082173321,0.7447593609836192
2004-07-23,2.0962678982643044,0.7393034634288748
2004-07-26,2.087364104198368,0.7381623945670858
2004-07-27,2.1071523233395606,0.7406111435546805
2004-07-28,2.105332782614103,0.7403767236216638
2004-07-29,2.129657978304036,0.7433321148566574
2004-07-30,2.122106627731395,0.7424087612804062
2004-08-02,2.1236903383235504,0.25042128793746715
2004-08-03,2.1296638465736444,0.2524934776146034
2004-08-04,2.1314157916733465,0.2530780246978724
2004-08-05,2.1357003610812573,0.2545466572134166
2004-08-06,2.1315427181418283,0.253062954720784
2004-08-09,2.13425970538429,0.2539273790570549
2004-08-10,2.1360131211511737,0.2545093858925999
2004-08-11,2.1276361549377913,0.2515438801047754
2004-08-12,2.1209448901949712,0.24915340281333953
2004-08-13,2.1226945785059526,0.24974332699256374
2004-08-16,2.131320822378581,0.2526932976682988
2004-08-17,2.129696603225324,0.2520932421295336
2004-08-18,2.1390458610336465,0.25533237815876253
2004-08-19,2.1399539792982383,0.25561861381924667
2004-08-20,2.137484687761846,0.25472907485713475
2004-08-23,2.139364018038245,0.2552944062269515
2004-08-24,2.1394303648452055,0.255286489180916
2004-08-25,2.1487826024396037,0.2584968596089021
2004-08-26,2.1463163819822197,0.2576139224227064
2004-08-27,2.1463827370783317,0.2576059583274466
2004-08-30,2.1347649533609427,0.25347184666887396
2004-08-31,2.146652542893572,0.2575735806677143
2004-09-01,2.1479267642994326,0.2497511893994698
2004-09-02,2.1523038865812145,0.2512451689971951
2004-09-03,2.1372923534494186,0.24595376533309135
2004-09-07,2.1575067808463255,0.25288607059528156
2004-09-08,2.152731747720094,0.2511952333541412
2004-09-09,2.1468786621759604,0.24912042416229796
2004-09-10,2.1464113653067454,0.2489238213920109
2004-09-13,2.148242884506616,0.24946362568784622
2004-09-14,2.1531628240121865,0.25114494254074893
2004-09-15,2.1408470554196595,0.24680332846396968
2004-09-16,2.143073924354267,0.24755216831759133
2004-09-17,2.1409919608863563,0.24678662445379737
2004-09-20,2.1401372805310346,0.24638177598466118
2004-09-21,2.1434441722176603,0.24750940738983507
2004-09-22,2.1316695911537717,0.24331788446432967
2004-09-23,2.1301279650263316,0.2427354016467265
2004-09-24,2.1291256260695763,0.24234382156754747
2004-09-27,2.123964833798429,0.24039675330521873
2004-09-28,2.127272597418336,0.24154214513784286
2004-09-29,2.1284242555035275,0.2419174365443734
2004-09-30,2.136039572219175,0.24458514487909425
2004-10-01,2.154551189893702,0.5033968576809505
2004-10-04,2.157963410396471,0.5041140416890207
2004-10-05,2.158299535751299,0.5041683124573068
2004-10-06,2.1634191980878965,0.505318914452097
2004-10-07,2.1559132461760404,0.5035738019876884
2004-10-08,2.15349811355902,0.5029943249123495
2004-10-11,2.1568509309614226,0.5036988054473308
2004-10-12,2.145028036877897,0.500940476417175
2004-10-13,2.1366460066637956,0.4989594756082589
2004-10-14,2.1303780750924664,0.49746206277067023
2004-10-15,2.1384419617785886,0.4993336367356061
2004-10-18,2.1439679318631324,0.5005534825337448
2004-10-19,2.1395335173391326,0.4994939185786013
2004-10-20,2.1385361552220834,0.49923593769834584
2004-10-21,2.1470795097700073,0.5012040467970673
2004-10-22,2.136112349208768,0.4986182825612414
2004-10-25,2.137672817350926,0.4989097488046949
2004-10-26,2.144398001302701,0.5004556582610571
2004-10-27,2.16095747034268,0.5042581457738968
2004-10-28,2.163309407818886,0.5047716071101216
2004-10-29,2.166975091380978,0.5055840129165662
2004-11-01,2.1650181408201767,0.749542197272073
2004-11-02,2.1681431704304703,0.7498897620497931
2004-11-03,2.1850318226956866,0.7518097352583607
2004-11-04,2.207828827999317,0.754359510881232
2004-11-05,2.2194272825930037,0.7556302101990836
2004-11-08,2.2135034422286575,0.7549361443808248
2004-11-09,2.209561893110832,0.7544852636143621
2004-11-10,2.2190788433488886,0.7555245381337635
2004-11-11,2.236307928812017,0.7573944807508928
2004-11-12,2.2524245256736224,0.7591169147264755
2004-11-15,2.2480703451131814,0.7586098923403544
2004-11-16,2.2365700647298157,0.7573547888514747
2004-11-17,2.2555654849830593,0.7593844015383628
2004-11-18,2.2566598530346256,0.7594873171305082
2004-11-19,2.244514496064382,0.7581720256888324
2004-11-22,2.2432037194822807,0.757988953210515
2004-11-23,2.250859323838597,0.7587978061684868
2004-11-24,2.2613377385599303,0.7599013285729364
2004-11-26,2.274234933005535,0.7612349346236694
2004-11-29,2.2762943385440026,0.7614085991631642
2004-11-30,2.263054696704857,0.759998293107102
2004-12-01,2.297453790744985,1.0002617056783054
2004-12-02,2.299190714731114,1.000261530756144
2004-12-03,2.3096233894769918,1.000260372092224
2004-12-06,2.304004454993244,1.0002610750844514
2004-12-07,2.286122978660865,1.000263140359778
2004-12-08,2.294177911031886,1.0002622395261995
2004-12-09,2.275067008645599,1.0002644655613435
2004-12-10,2.2599514177726823,1.0002662577693293
2004-12-13,2.295193894198643,1.000262238577105
2004-12-14,2.3010012934016992,1.0002615997287434
2004-12-15,2.3161901956375583,1.00025990687571
2004-12-16,2.301789871670434,1.0002615556039471
2004-12-17,2.282650261622606,1.0002637715345661
2004-12-20,2.3030852606475887,1.000261499021873
2004-12-21,2.321489961790237,1.0002594485387661
2004-12-22,2.328656506125842,1.0002586725378897
2004-12-23,2.345445328256067,1.0002568431101355
2004-12-27,2.351477114513635,1.000256272716746
2004-12-28,2.373320241297255,1.0002539366204397
2004-12-29,2.3551669925329,1.0002559164978606
2004-12-30,2.371739706572453,1.0002541504717168
2004-12-31,2.373189131268396,1.000254017378278
2005-01-03,2.361662014085192,1.0000071112022333
2005-01-04,2.32414785042466,1.000007226635762
2005-01-05,2.3160750913452275,1.000007252480093
2005-01-06,2.3209286139759286,1.0000072379660665
2005-01-07,2.306572555819446,1.0000072836674905
2005-01-10,2.311101214278372,1.000007271354718
2005-01-11,2.3139742561325733,1.000007262989131
2005-01-12,2.3239595755090052,1.0000072324381772
2005-01-13,2.3044701399025125,1.0000072942639973
2005-01-14,2.314777664311378,1.0000072624417429
2005-01-18,2.3215607476510405,1.0000072438571206
2005-01-19,2.2920504406105993,1.0000073377976963
2005-01-20,2.2730448741593583,1.0000073998261292
2005-01-21,2.2828927750500827,1.000007368573053
2005-01-24,2.2842368052672093,1.0000073662409084
2005-01-25,2.282452968141203,1.0000073726725371
2005-01-26,2.306566367144634,1.0000072962684419
2005-01-27,2.2992340382144154,1.0000073202122726
2005-01-28,2.2943933533354706,1.0000073363396942
2005-01-31,2.3133433822730542,1.000007278282532
2005-02-01,2.3351302890215764,1.000505947094709
2005-02-02,2.341900888618451,1.0005045323267683
2005-02-03,2.3191896864572925,1.0005095215112727
2005-02-04,2.3362362692188006,1.0005058514066218
2005-02-07,2.3276344268468496,1.0005078639310998
2005-02-08,2.3274187085889224,1.000507959428273
2005-02-09,2.322847017492278,1.0005090076896128
2005-02-10,2.3257380798269836,1.0005084232863115
2005-02-11,2.3445530666149814,1.0005043911477705
2005-02-14,2.3633279002227146,1.0005005280917887
2005-02-15,2.3758602760420926,1.0004979362913067
2005-02-16,2.364743270174963,1.0005003258201315
2005-02-17,2.3504430172234656,1.000503418518045
2005-02-18,2.354601880409826,1.0005025779456904
2005-02-22,2.348471910743305,1.0005040863581744
2005-02-23,2.3526335763773436,1.0005032447038245
2005-02-24,2.365308746137336,1.0005005977065715
2005-02-25,2.392428273791439,1.0004949725051464
2005-02-28,2.391382261748768,1.00049533919528
2005-03-01,2.395219153508525,1.0005059075166716
2005-03-02,2.3877846514798695,1.0005075341316756
2005-03-03,2.3920322872847724,1.000506683960935
2005-03-04,2.437134855893103,1.0004973574817964
2005-03-07,2.431875909598609,1.0004985845986059
2005-03-08,2.4254863080260765,1.0004999488609625
2005-03-09,2.4242477829712827,1.0005002549857032
2005-03-10,2.4224753225829727,1.0005006717567768
2005-03-11,2.4264574013159663,1.0004999006331257
2005-03-14,2.413170691017909,1.000502805904632
2005-03-15,2.4035801771377643,1.0005048640123524
2005-03-16,2.387978331776922,1.0005082147475166
2005-03-17,2.392496233802951,1.0005073070297221
2005-03-18,2.378178432853757,1.0005104134216631
2005-03-21,2.357879021524215,1.0005149663376685
2005-03-22,2.333219578019825,1.000520463118273
2005-03-23,2.323871293638791,1.0005226116285304
2005-03-24,2.3310350212502757,1.000521059353989
2005-03-28,2.327063559245305,1.0005221648306555
2005-03-29,2.301914960027528,1.0005279243335283
2005-03-30,2.3284767863218443,1.0005219561475485
2005-03-31,2.317679173605279,1.0005244420016703
2005-04-01,2.3117690223647864,1.0005084841188032
2005-04-04,2.307104412699556,1.0005096688180017
2005-04-05,2.3219494959310873,1.0005064623449125
2005-04-06,2.333664475507709,1.0005039715419661
2005-04-07,2.3389164524640838,1.0005028909973581
2005-04-08,2.3339767048977595,1.000504006565517
2005-04-11,2.3453870180077026,1.0005017083367087
2005-04-12,2.3527762170384854,1.0005001834919718
2005-04-13,2.3236933453181043,1.000506495163365
2005-04-14,2.3051934205334934,1.000510611986461
2005-04-15,2.264858546963464,1.0005197584443086
2005-04-18,2.2561166677245095,1.000521932338854
2005-04-19,2.2775175587162084,1.000517082492254
2005-04-20,2.248305777185135,1.0005238560905578
2005-04-21,2.295931000257208,1.000513043125625
2005-04-22,2.2880768846158475,1.0005148580897072
2005-04-25,2.3046740419640495,1.000511312916439
2005-04-26,2.275861486737159,1.000517841212772
2005-04-27,2.2674105107462377,1.0005198262515347
2005-04-28,2.228118300671369,1.0005290487424543
2005-04-29,2.260991749672747,1.0005214112584542
2005-05-02,2.2650815762995222,0.7503348840703632
2005-05-03,2.268908135433477,0.7507362829221894
2005-05-04,2.296995314603078,0.7537650025493606
2005-05-05,2.2892488212931736,0.7529127573747675
2005-05-06,2.2880335874100863,0.7527628968926559
2005-05-09,2.2932689719078097,0.7532705546758105
2005-05-10,2.274457129535475,0.7512103836479153
2005-05-11,2.2797770894346945,0.7517716324326816
2005-05-12,2.2624550195752997,0.7498518611903955
2005-05-13,2.2594860063344653,0.7495038092431345
2005-05-16,2.2739550735539957,0.7510412411918879
2005-05-17,2.276977486484237,0.7513523585861219
2005-05-18,2.2965013617269796,0.7534472075338419
2005-05-19,2.3042703355776104,0.7542596239292345
2005-05-20,2.301613634837146,0.7539570308720951
2005-05-23,2.3133611000412975,0.7551495205580847
2005-05-24,2.30762590927229,0.7545214190863605
2005-05-25,2.3128883967035634,0.7550606283806092
2005-05-26,2.314965628479501,0.7552610374391809
2005-05-27,2.3251262399681574,0.7563113001647117
2005-05-31,2.303750592322625,0.753972038197978
2005-06-01,2.3060473811797815,0.750913261564057
2005-06-02,2.3219911094618464,0.7526038693213744
2005-06-03,2.301522243182079,0.7503837226000463
2005-06-06,2.3067467818269742,0.7508888955726553
2005-06-07,2.3216279000002977,0.7524655699164854
2005-06-08,2.316866061639898,0.7519366988774906
2005-06-09,2.3164520066071024,0.7518722382049523
2005-06-10,2.312823489665337,0.7514630088155707
2005-06-13,2.3038934737479453,0.7504393757555772
2005-06-14,2.30273457189419,0.7502934619452847
2005-06-15,2.3077122344074525,0.7508119328432142
2005-06-16,2.3201146115502485,0.7521240253264189
2005-06-17,2.359480276387346,0.7562401657093389
2005-06-20,2.3389267999176244,0.7540390933270729
2005-06-21,2.346391489753764,0.7548016978091492
2005-06-22,2.3402190895023622,0.7541350426802321
2005-06-23,2.3176617552374457,0.751721887942775
2005-06-24,2.3137811510247692,0.7512850427092902
2005-06-27,2.309673195605061,0.7507808358193696
2005-06-28,2.327900228447973,0.7527112431899552
2005-06-29,2.3260871812748465,0.7524976128813275
2005-06-30,2.32430564437852,0.7522871415015956
2005-07-01,2.318765004958229,0.749768718960588
2005-07-05,2.316605553303209,0.7494503735481508
2005-07-06,2.3151864421164303,0.7492751612139397
2005-07-07,2.3050760329775097,0.7481539186484946
2005-07-08,2.324552309370574,0.7502429390399491
2005-07-11,2.351855072565594,0.7530794790378496
2005-07-12,2.3744876205349756,0.7554120419237924
2005-07-13,2.363855863318381,0.7542908390392211
2005-07-14,2.369632278571596,0.7548686470418142
2005-07-15,2.3688449637506546,0.7547659452309532
2005-07-18,2.3650439940969217,0.7543076186356716
2005-07-19,2.380628927954697,0.7558944591811546
2005-07-20,2.3961704846133145,0.7574561991943956
2005-07-21,2.4019184814949064,0.7580152152057319
2005-07-22,2.3913042717070168,0.7569193492647078
2005-07-25,2.3843107671996826,0.7561402361373283
2005-07-26,2.3811981907302178,0.7557989308356887
2005-07-27,2.3862441307247892,0.7562928848610351
2005-07-28,2.4005138723558233,0.7577194883948241
2005-07-29,2.3832655829648894,0.7559437797863858
2005-08-01,2.405067736067094,0.7509063266068926
2005-08-02,2.4192896252439153,0.7523474988703435
2005-08-03,2.430562962407916,0.7534731209774997
2005-08-04,2.4148791978593147,0.7518490409790479
2005-08-05,2.3961515263958915,0.7498863327036603
2005-08-08,2.3997043365920536,0.7501860186115196
2005-08-09,2.4258649578350844,0.7528565288953527
2005-08-10,2.4305219221372125,0.7533068165611468
2005-08-11,2.4444427389761696,0.7546886551436289
2005-08-12,2.431752436191724,0.7533853045956371
2005-08-15,2.420562976088344,0.7521752365238403
2005-08-16,2.394672619556533,0.7494720274564416
2005-08-17,2.396559945861582,0.7496455919533366
2005-08-18,2.371212486614281,0.7469455407632194
2005-08-19,2.379923799384329,0.7478481801941874
2005-08-22,2.397630558163331,0.7496395815951292
2005-08-23,2.387107101441249,0.748512041275348
2005-08-24,2.3720154851875677,0.7468879930091801
2005-08-25,2.3700086484273015,0.7466497224626294
2005-08-26,2.358030157350555,0.745338597295841
2005-08-29,2.3624190075704536,0.7457392057690755
2005-08-30,2.3440161369870878,0.7437186423188547
2005-08-31,2.378873154095056,0.7474499291112756
2005-09-01,2.3806093864028,0.7508771430144419
2005-09-02,2.385992887043214,0.7514160837336608
2005-09-06,2.4058405754238654,0.7533755311751055
2005-09-07,2.399681060735726,0.7527191232024346
2005-09-08,2.38715588986551,0.7513984415515275
2005-09-09,2.4174279987215423,0.75448867344521
2005-09-12,2.4098511352002445,0.7536477293485573
2005-09-13,2.399707532069451,0.7525830782563805
2005-09-14,2.395144157590007,0.7520885935065054
2005-09-15,2.4019299803837826,0.7527662922501926
2005-09-16,2.4134183786293293,0.7539204605384375
2005-09-19,2.4002988039073667,0.7525058867575481
2005-09-20,2.399978308902317,0.7524490329004363
2005-09-21,2.3968797281610428,0.7521049698024236
2005-09-22,2.3954911322750503,0.7519385750882873
2005-09-23,2.391454338098808,0.751496767386063
2005-09-26,2.4060790371396905,0.752938204268163
2005-09-27,2.4022706451046067,0.7525230725262467
2005-09-28,2.4156840661673114,0.7538741630215268
2005-09-29,2.4453000878080497,0.7568325104088828
2005-09-30,2.437201714676881,0.7560013820163693
2005-10-03,2.4300632147579755,0.7496084518388993
2005-10-04,2.4223544932460803,0.7487872624914029
2005-10-05,2.4036956205574485,0.7468125815537103
2005-10-06,2.378722517154287,0.7441299512562065
2005-10-07,2.395683569798119,0.7459169688776724
2005-10-10,2.3844599595983547,0.7446467289173215
2005-10-11,2.3936456531180523,0.7456019847210211
2005-10-12,2.3786841094529625,0.7439762619657867
2005-10-13,2.378456222167191,0.7439263371591986
2005-10-14,2.4001588568911556,0.7462163523745902
2005-10-17,2.3884057303559136,0.7448901580041984
2005-10-18,2.36570589722737,0.742415610529493
2005-10-19,2.38456807588063,0.7444267346929998
2005-10-20,2.35059566624564,0.7407062367005741
2005-10-21,2.359203756953189,0.7416257155352138
2005-10-24,2.3823846066048837,0.7440604425211048
2005-10-25,2.3835813318895926,0.7441620294347453
2005-10-26,2.3841078276064804,0.7441916179362539
2005-10-27,2.3756269683121998,0.7432515983857924
2005-10-28,2.3906863013294375,0.7448424078311326
2005-10-31,2.4003508451420776,0.7457897512253643
2005-11-01,2.412940426200388,0.5000331091463396
2005-11-02,2.423322104331212,0.5021222185147833
2005-11-03,2.428518816309645,0.5031352082154166
2005-11-04,2.422911279736837,0.5019327441294296
2005-11-07,2.429818280751526,0.5031901658343584
2005-11-08,2.4284656856546363,0.5028607502981496
2005-11-09,2.425940468366576,0.502290501358895
2005-11-10,2.427863158720657,0.5026315131377145
2005-11-11,2.4360153848733557,0.5042432833158678
2005-11-14,2.428154660460966,0.5024797473119237
2005-11-15,2.418630583418442,0.5004668338302021
2005-11-16,2.4269200185277446,0.5021195837553105
2005-11-17,2.448102709509254,0.5063747190425635
2005-11-18,2.454138995441606,0.5075359734053972
2005-11-21,2.461627884377968,0.508876390770649
2005-11-22,2.462486508892929,0.508995044260643
2005-11-23,2.470708390565392,0.5105774978777922
2005-11-25,2.463569278737118,0.5090553972499051
2005-11-28,2.462409313774023,0.5086682978213994
2005-11-29,2.4623312198549137,0.5086003495149038
2005-11-30,2.4526418878163723,0.5066064631013859
2005-12-01,2.4752129981587454,1.0005072073751582
2005-12-02,2.476965433978645,1.0005069162944213
2005-12-05,2.493527857161923,1.000503752072105
2005-12-06,2.5107035214224513,1.0005003737656295
2005-12-07,2.4896097723284085,1.0005046817227978
2005-12-08,2.472147273841653,1.0005083154287604
2005-12-09,2.4917456651926497,1.0005043843743608
2005-12-12,2.515020875545767,1.0004999157613441
2005-12-13,2.527378141418618,1.0004975373221594
2005-12-14,2.5255916603053645,1.0004979551410145
2005-12-15,2.522090117663447,1.0004987121888456
2005-12-16,2.5445197792826297,1.0004943816434941
2005-12-19,2.540701539488465,1.000495321579175
2005-12-20,2.543346396979796,1.0004948727786291
2005-12-21,2.563471643421007,1.0004910532867466
2005-12-22,2.571256841241005,1.000489632208474
2005-12-23,2.5826955097012956,1.0004875289512491
2005-12-27,2.5581013781491366,1.0004924804717696
2005-12-28,2.577709876218372,1.0004887998106442
2005-12-29,2.5802053182876428,1.0004883922234433
2005-12-30,2.5662501188530804,1.000491114277869
2006-01-03,2.6522942131817437,1.0010085857082058
2006-01-04,2.6809814076649645,1.0009979321778917
2006-01-05,2.672495208143236,1.001001240601726
2006-01-06,2.7019070817992654,1.000990479875766
2006-01-09,2.6948475538127434,1.0009934924831112
2006-01-10,2.682840592837078,1.0009980793562736
2006-01-11,2.702648045568608,1.0009909054053385
2006-01-12,2.6773518270961048,1.0010004102049752
2006-01-13,2.677909331311587,1.0010003449757867
2006-01-17,2.660162566628354,1.0010075957589462
2006-01-18,2.63788015088263,1.0010162540003367
2006-01-19,2.654427403437468,1.0010100641066693
2006-01-20,2.6075390678493333,1.0010283748077735
2006-01-23,2.64662505637899,1.001013624721293
2006-01-24,2.650091717749448,1.001012445206219
2006-01-25,2.6678481009258626,1.001005852713877
2006-01-26,2.7073398108535365,1.000991324903354
2006-01-27,2.717870484246065,1.0009876283816044
2006-01-30,2.721129480874672,1.0009868784904408
2006-01-31,2.7257750412542547,1.0009853417607444
2006-02-01,2.7373219155728377,1.000519279644916
2006-02-02,2.695062516042441,1.00052749970368
2006-02-03,2.6833940773237206,1.000529871422042
2006-02-06,2.6924860624234817,1.0005283152321327
2006-02-07,2.6756703899562195,1.000531713874132
2006-02-08,2.6963319214956423,1.000527717358588
2006-02-09,2.697253603235029,1.0005276150782358
2006-02-10,2.69489668756611,1.0005281547934295
2006-02-13,2.6757489524365203,1.000532171249852
2006-02-14,2.7143205070191927,1.0005246872205447
2006-02-15,2.707855979320743,1.0005260183493165
2006-02-16,2.7293135584563477,1.0005219606297926
2006-02-17,2.7293072753939494,1.000522039625147
2006-02-21,2.714718984904385,1.0005251572676106
2006-02-22,2.726627588316538,1.0005229418468542
2006-02-23,2.717015179489213,1.0005248704429994
2006-02-24,2.722265274103838,1.0005239368411156
2006-02-27,2.737556794392798,1.0005212453171901
2006-02-28,2.7010789394481396,1.0005283644427687
2006-03-01,2.741868509400877,1.0000209355970584
2006-03-02,2.737913244705747,1.0000209689946895
2006-03-03,2.708318083613536,1.000021201327736
2006-03-06,2.695932132828669,1.0000213083614249
2006-03-07,2.6669753420818707,1.0000215429576151
2006-03-08,2.671155031956964,1.0000215124834988
2006-03-09,2.6602393660701456,1.000021603992064
2006-03-10,2.6904831114608134,1.0000213643484879
2006-03-13,2.7057694505007452,1.0000212532531485
2006-03-14,2.7414595595446825,1.0000209797252857
2006-03-15,2.7562730565162874,1.000020870103361
2006-03-16,2.754292265210506,1.0000208882652077
2006-03-17,2.7631715030274524,1.0000208242798163
2006-03-20,2.7661970534147056,1.0000208109407054
2006-03-21,2.7394767933874546,1.0000210171213568
2006-03-22,2.7557324537098036,1.0000208963328012
2006-03-23,2.735358127923112,1.000021055191808
2006-03-24,2.74938969389519,1.000020950921414
2006-03-27,2.742744066565689,1.0000210112481385
2006-03-28,2.7258258500813093,1.0000211448488878
2006-03-29,2.754748228192025,1.000020926016952
2006-03-30,2.776168403412543,1.000020767691979
2006-03-31,2.776387009822237,1.0000207691859102
2006-04-03,2.789230447384433,1.000531027324512
2006-04-04,2.8090955316024875,1.000527352232193
2006-04-05,2.8176719066264186,1.0005258271741166
2006-04-06,2.819812226707112,1.0005255079497435
2006-04-07,2.7899355125747625,1.0005312163887465
2006-04-10,2.802382389104545,1.0005290990881888
2006-04-11,2.7718639083400345,1.0005350062961154
2006-04-12,2.7685033824812977,1.0005357375985455
2006-04-13,2.776751875696037,1.0005342278192364
2006-04-17,2.7853339546507456,1.0005329074515332
2006-04-18,2.8434274851139874,1.0005220999536535
2006-04-19,2.853565843818157,1.000520324959464
2006-04-20,2.862153701811293,1.0005188434639132
2006-04-21,2.8644483050112814,1.0005185075193237
2006-04-24,2.863474138504023,1.0005189239335186
2006-04-25,2.8600605854158974,1.0005196235621878
2006-04-26,2.885636499680693,1.0005150980494575
2006-04-27,2.8928445080193805,1.0005138944133127
2006-04-28,2.8881292539250722,1.0005148132330413
2006-05-01,2.8818533115842193,1.0000255588360498
2006-05-02,2.9175883534295908,1.000025249730242
2006-05-03,2.9114163311486423,1.0000253072026415
2006-05-04,2.939592654324184,1.0000250685444865
2006-05-05,2.984980923314153,1.0000246912053041
2006-05-08,2.9951914856133564,1.0000246185615866
2006-05-09,2.9862965603713487,1.000024695779777
2006-05-10,2.976041167455945,1.0000247847916877
2006-05-11,2.9221804179179056,1.0000252456008396
2006-05-12,2.8859441137052118,1.0000255665799804
2006-05-15,2.8625566953062336,1.0000257875798861
2006-05-16,2.851323368941114,1.000025893246261
2006-05-17,2.777400296273663,1.000026586577422
2006-05-18,2.774687229203495,1.0000266167367928
2006-05-19,2.796501554949205,1.0000264132422856
2006-05-22,2.723427547942547,1.0000271346591438
2006-05-23,2.7181472929359436,1.0000271916239012
2006-05-24,2.7343417167006043,1.0000270348147
2006-05-25,2.769001967054025,1.0000267005825805
2006-05-26,2.7784286963952995,1.0000266141476422
2006-05-30,2.713459878178599,1.0000272684570823
2006-05-31,2.7449424950845853,1.0000269599307825
2006-06-01,2.774950384418793,1.0000147579982823
2006-06-02,2.7921100595477713,1.0000146695935004
2006-06-05,2.7150184626908147,1.0000150931846494
2006-06-06,2.6934799664129563,1.00001521626614
2006-06-07,2.6575230372528518,1.0000154245711903
2006-06-08,2.5954977438954536,1.0000157956598708
2006-06-09,2.5949975446326605,1.000015801189075
2006-06-12,2.5589389440792356,1.0000160314201991
2006-06-13,2.503400611808802,1.000016389688216
2006-06-14,2.562203128283529,1.0000160160766176
2006-06-15,2.635190629462699,1.000015574937268
2006-06-16,2.6173452828742114,1.000015683586321
2006-06-19,2.5965344377261554,1.0000158167594928
2006-06-20,2.5918710521005988,1.0000158477397745
2006-06-21,2.6259143567132854,1.0000156447695603
2006-06-22,2.623532117566716,1.0000156614594258
2006-06-23,2.6126879703246395,1.0000157289581182
2006-06-26,2.6267011597396963,1.000015652555313
2006-06-27,2.5876926758108665,1.0000158910842705
2006-06-28,2.617412948834225,1.0000157131918839
2006-06-29,2.70569073607303,1.0000152029708695
2006-06-30,2.727927242211094,1.0000150814740991
2006-07-03,2.753557218017237,1.0000123529862752
2006-07-05,2.695030721717735,1.0000126253710562
2006-07-06,2.7098858387209646,1.0000125581837411
2006-07-07,2.688694228853964,1.0000126591997278
2006-07-10,2.709469930846302,1.0000125682128314
2006-07-11,2.714082856055584,1.0000125488900065
2006-07-12,2.6709963466614326,1.0000127533874457
2006-07-13,2.6147247565927314,1.0000130299701577
2006-07-14,2.587374960374957,1.0000131698388945
2006-07-17,2.55935002299242,1.0000133205381425
2006-07-18,2.5520748645316806,1.0000133606993846
2006-07-19,2.6207231522765153,1.0000130128625422
2006-07-20,2.6100404434294866,1.000013068263954
2006-07-21,2.5962544656535713,1.000013139797382
2006-07-24,2.651288352943764,1.0000128733522726
2006-07-25,2.6577150131024414,1.0000128443235234
2006-07-26,2.659127295436822,1.0000128396120815
2006-07-27,2.6707901824977807,1.0000127856380763
2006-07-28,2.7250709927058248,1.0000125330099678
2006-07-31,2.7174294102007455,1.000012574389643
2006-08-01,2.690832142466244,0.4995365977156769
2006-08-02,2.7046053239307906,0.5020171325873053
2006-08-03,2.7054223231392456,0.5020997293040916
2006-08-04,2.7038581897553753,0.5017437309507149
2006-08-07,2.696989340578072,0.5002711008531329
2006-08-08,2.6922477820523305,0.49932254413856003
2006-08-09,2.6919041271292485,0.49919044331588075
2006-08-10,2.694734261800347,0.4996487070829228
2006-08-11,2.689512188400688,0.4986096277667111
2006-08-14,2.693504081839969,0.4991494341928999
2006-08-15,2.719517135845957,0.5038724130746656
2006-08-16,2.732652379172513,0.5061899562412387
2006-08-17,2.732249221510104,0.5060502486560714
2006-08-18,2.73913325838906,0.507224697338127
2006-08-21,2.7355544323917833,0.5063784587160514
2006-08-22,2.7324788231656783,0.5057554260447814
2006-08-23,2.7269675954078663,0.5046891184849627
2006-08-24,2.726860172981029,0.5046022954670023
2006-08-25,2.732846325469667,0.5056202650838242
2006-08-28,2.7451352138454617,0.5076319570984033
2006-08-29,2.7493202924738442,0.5083145101291351
2006-08-30,2.7528415647972286,0.5088769843596832
2006-08-31,2.751460314793963,0.5085642036601769
2006-09-01,2.759166602662512,0.5006817599917213
2006-09-05,2.7632011204733216,0.5011436195786291
2006-09-06,2.748227503003374,0.4983586963663413
2006-09-07,2.7390271069427006,0.496606940044627
2006-09-08,2.740587227397178,0.49682679080738296
2006-09-11,2.741814223078414,0.49685354369087065
2006-09-12,2.7617491787400956,0.5004195468003354
2006-09-13,2.7669799597886406,0.5012986676899313
2006-09-14,2.7657970402707193,0.5010199012700653
2006-09-15,2.7707256125683015,0.5018417125699041
2006-09-18,2.775055702806551,0.5024215661753242
2006-09-19,2.7652822173332616,0.5005970081382541
2006-09-20,2.7799216009671737,0.5031613198816274
2006-09-21,2.778709969997103,0.5028791755779383
2006-09-22,2.773948146767579,0.5019604559438547
2006-09-25,2.7849206695778004,0.5037270075094894
2006-09-26,2.7962861842646696,0.5056796543874179
2006-09-27,2.797593719038502,0.5058462543607114
2006-09-28,2.8003430339343574,0.5062670237910583
2006-09-29,2.7985263561499156,0.5058822198572797
2006-10-02,2.7996734799235177,0.7503790118251896
2006-10-03,2.8021490845764214,0.7505670190362237
2006-10-04,2.8235367779024307,0.7524240030241366
2006-10-05,2.8222775997935456,0.7522809728648023
2006-10-06,2.812107813340193,0.7513523520753278
2006-10-09,2.8159941745927655,0.7515971419787664
2006-10-10,2.814321088691731,0.7514166466605365
2006-10-11,2.8140570713666975,0.7513601540897566
2006-10-12,2.8314470850217246,0.7528541291978962
2006-10-13,2.8351794280839746,0.7531461441851652
2006-10-16,2.841313587959699,0.7535794730117102
2006-10-17,2.828749685832356,0.7524513604196141
2006-10-18,2.829310922213508,0.752466832602543
2006-10-19,2.843241503055772,0.7536461591488334
2006-10-20,2.845811436602357,0.7538351166955003
2006-10-23,2.8475211539789647,0.7538826256826225
2006-10-24,2.8510829470520367,0.754156489275391
2006-10-25,2.860065823138168,0.7548950615505291
2006-10-26,2.872703488496399,0.7559399715583743
2006-10-27,2.8539213354317665,0.7543001844274897
2006-10-30,2.8479437806225807,0.7536837048802143
2006-10-31,2.8503324107136083,0.7538566109888768
2006-11-01,2.8341184649988267,0.7478955116933961
2006-11-02,2.8547014561827595,0.7496793630560185
2006-11-03,2.8640202794933733,0.7504600765646259
2006-11-06,2.889574736266792,0.7525660957017324
2006-11-07,2.8975238644251253,0.7532113794495507
2006-11-08,2.905138125380239,0.7538248225395597
2006-11-09,2.8857546959944345,0.7521375342015064
2006-11-10,2.8941230811860796,0.7528206462051518
2006-11-13,2.8966843782019094,0.7529383245517701
2006-11-14,2.91456970298424,0.7544210569812175
2006-11-15,2.9206724126815944,0.754900889120305
2006-11-16,2.918098110444743,0.7546513303718271
2006-11-17,2.918592811590011,0.754659582062731
2006-11-20,2.9133681983606508,0.7541194095973506
2006-11-21,2.9266228817254625,0.7551998090631286
2006-11-22,2.9386044440067143,0.7561649353073562
2006-11-24,2.9495772135735923,0.7570065393294038
2006-11-27,2.9209977778385885,0.754530036276997
2006-11-28,2.931465453247331,0.7553735904481397
2006-11-29,2.953852390695281,0.7571949304701273
2006-11-30,2.9637424304819513,0.7579726202744369
2006-12-01,2.9599667390767763,0.7491162745674983
2006-12-04,2.982011262415104,0.7508706390369859
2006-12-05,2.9926288868258277,0.7517213413763836
2006-12-06,2.984400761469683,0.7510036764780689
2006-12-07,2.977222738022298,0.750370117443371
2006-12-08,2.9719754662756936,0.7498961464034432
2006-12-11,2.976539995046876,0.7501803402615369
2006-12-12,2.966754217821827,0.7493232852670615
2006-12-13,2.9745879302844456,0.7499505063986696
2006-12-14,2.994532497155409,0.7515831175858365
2006-12-15,2.9888849149645367,0.7510807920793289
2006-12-18,2.9941554534410924,0.7514211318159008
2006-12-19,2.9943208358592885,0.7514019009130145
2006-12-20,3.001191329162938,0.7519381161168899
2006-12-21,2.993656549648015,0.7512807889278952
2006-12-22,2.98558709543119,0.7505754798703003
2006-12-26,3.002825551565607,0.7518752809091153
2006-12-27,3.0257951812052606,0.7537260081252692
2006-12-28,3.016607285844239,0.7529430901640161
2006-12-29,3.020744701916202,0.7532485576681405
2007-01-03,3.026885019759253,1.000261904616349
2007-01-04,3.0283015322201083,1.0002618245672592
2007-01-05,2.9779102227804475,1.0002662981960082
2007-01-08,2.983192370972175,1.0002659560235085
2007-01-09,2.9711942261068938,1.0002670735248849
2007-01-10,2.9639278356161336,1.00026777192797
2007-01-11,2.9805532565387245,1.000266321785566
2007-01-12,3.019065771719622,1.0002629675455086
2007-01-16,3.0183877687767446,1.000263198410397
2007-01-17,3.0241838564445582,1.0002627370084447
2007-01-18,3.012805755559686,1.000263772536182
2007-01-19,3.0352138869687315,1.0002618681456745
2007-01-22,3.0113176542531166,1.0002640765757036
2007-01-23,3.036789222963481,1.0002619046357641
2007-01-24,3.0636589691636784,1.0002596503538983
2007-01-25,3.007743134942535,1.000264520892819
2007-01-26,3.00578482239705,1.0002647368157642
2007-01-29,2.9939221117750425,1.000265916845427
2007-01-30,3.010012632803745,1.0002645388940414
2007-01-31,3.018742479246124,1.0002638172389173
2007-02-01,3.0373240404124826,1.0000206888482064
2007-02-02,3.0435153326077433,1.0000206501557614
2007-02-05,3.0330550818705793,1.0000207316087906
2007-02-06,3.055827573559718,1.0000205805075042
2007-02-07,3.061990460335782,1.0000205424669069
2007-02-08,3.0509903341629325,1.000020619931609
2007-02-09,3.026630300297957,1.000020789326434
2007-02-12,3.0130732769230035,1.0000208931986672
2007-02-13,3.0309767327173596,1.0000207732231259
2007-02-14,3.0717089515044087,1.000020501147345
2007-02-15,3.0791295931613116,1.0000204551131202
2007-02-16,3.0768530393242046,1.000020473629591
2007-02-20,3.0837023166324053,1.000020441676933
2007-02-21,3.0798817470109197,1.0000204704271571
2007-02-22,3.08922807043059,1.0000204118719682
2007-02-23,3.0797901413076563,1.0000204778172739
2007-02-26,3.0766410296686857,1.0000205089706762
2007-02-27,2.927760378929346,1.0000215554524015
2007-02-28,2.9715175300193137,1.0000212415224472
2007-03-01,2.9403900990683924,1.000002319656328
2007-03-02,2.896028824038956,1.0000023555759023
2007-03-05,2.839976490028384,1.0000024032483026
2007-03-06,2.9203288182449456,1.0000023375056166
2007-03-07,2.916621623776121,1.0000023408608159
2007-03-08,2.951937681349513,1.000002313233785
2007-03-09,2.957174703414713,1.000002309513574
2007-03-12,2.976558677670298,1.000002295597515
2007-03-13,2.908785426389164,1.0000023494673698
2007-03-14,2.9284558672726595,1.0000023340657787
2007-03-15,2.9482723780139017,1.0000023187536164
2007-03-16,2.9496823960463465,1.0000023180204654
2007-03-19,2.9976184803733625,1.000002282058203
2007-03-20,3.027464914454786,1.0000022599275045
2007-03-21,3.0966228955643573,1.0000022098140946
2007-03-22,3.068845867891345,1.0000022301768197
2007-03-23,3.090255309920069,1.0000022150852543
2007-03-26,3.090819901897031,1.0000022157618802
2007-03-27,3.0682220143212056,1.0000022324439155
2007-03-28,3.0325889134336155,1.0000022590422222
2007-03-29,3.0631642615326533,1.0000022368560573
2007-03-30,3.0655923233794073,1.000002235446285
2007-04-02,3.079603360579858,1.0005288164081625
2007-04-03,3.1079431495432526,1.0005240792381769
2007-04-04,3.119238185000616,1.0005222660517055
2007-04-05,3.1295763359367004,1.0005206252407466
2007-04-09,3.132093389001799,1.0005205432021342
2007-04-10,3.1467369033343933,1.0005182044346208
2007-04-11,3.129216999044138,1.0005211898556874
2007-04-12,3.1447748648702802,1.00051869524967
2007-04-13,3.1469467914244373,1.0005184209060647
2007-04-16,3.184038798852498,1.0005126292631321
2007-04-17,3.165647968363265,1.0005156904448427
2007-04-18,3.1714836154666193,1.000514824337083
2007-04-19,3.1581989595185647,1.0005170728971187
2007-04-20,3.1849476215560886,1.0005128124572842
2007-04-23,3.1644671740264725,1.0005163795493783
2007-04-24,3.1741315798285425,1.0005148898180538
2007-04-25,3.1984609331981826,1.0005110550224752
2007-04-26,3.18915309091583,1.0005126284515
2007-04-27,3.1773187206047964,1.000514619852355
2007-04-30,3.1483100156836397,1.0005196096014595
2007-05-01,3.1590967785284323,1.0005340444081199
2007-05-02,3.199942364582914,1.0005273108121835
2007-05-03,3.2235272391588223,1.0005235355014035
2007-05-04,3.242859044941947,1.0005204966506664
2007-05-07,3.251693281538162,1.00051932830604
2007-05-08,3.2333549087076667,1.0005223563030268
2007-05-09,3.2587010409949277,1.0005183752137825
2007-05-10,3.204276206522526,1.0005272627540935
2007-05-11,3.2607027952752365,1.0005182197922562
2007-05-14,3.228973068786858,1.0005235585732748
2007-05-15,3.218346195225617,1.0005253698094263
2007-05-16,3.2439373968155256,1.0005213065995286
2007-05-17,3.233268293727235,1.0005231073330993
2007-05-18,3.2402034865421667,1.0005220689264265
2007-05-21,3.238926022496556,1.0005225195176914
2007-05-22,3.2493244296014248,1.0005209295577406
2007-05-23,3.241488626095568,1.0005222716602418
2007-05-24,3.2077037664523784,1.0005278558722934
2007-05-25,3.2289596489331878,1.000524463951062
2007-05-29,3.238516286687953,1.0005232458030848
2007-05-30,3.251821335891786,1.0005211871417639
2007-05-31,3.263711416269396,1.0005193696329964
2007-06-01,3.2799226056670165,1.000507706620711
2007-06-04,3.287852787649845,1.000506717668934
2007-06-05,3.2750861640456366,1.0005087720676402
2007-06-06,3.2492435197627887,1.0005128986367569
2007-06-07,3.2076742941861203,1.0005196261534648
2007-06-08,3.251051328614553,1.0005127727033645
2007-06-11,3.2529915305273525,1.0005127044271442
2007-06-12,3.2129547609799594,1.0005191729011
2007-06-13,3.251238475362088,1.0005131381547223
2007-06-14,3.2731236298423476,1.0005097843725492
2007-06-15,3.3156846658373946,1.0005033167473263
2007-06-18,3.3135563033611066,1.000503864812825
2007-06-19,3.322765734398765,1.0005025441450555
2007-06-20,3.296854996827868,1.0005065703529552
2007-06-21,3.345783142639274,1.0004992390775391
2007-06-22,3.304410228904838,1.0005055669464076
2007-06-25,3.3009746948730374,1.0005063256475655
2007-06-26,3.2828389774015028,1.0005092021606157
2007-06-27,3.313055589367212,1.0005046366552066
2007-06-28,3.308485548457285,1.0005054117988095
2007-06-29,3.3167712376909506,1.000504227121408
2007-07-02,3.3673407188695443,1.0000384365860875
2007-07-03,3.3774840301385263,1.0000383272526367
2007-07-05,3.386875861248779,1.0000382331387712
2007-07-06,3.393389936975813,1.0000381658192314
2007-07-09,3.4157548255094077,1.0000379340320706
2007-07-10,3.3849967998472303,1.000038284836588
2007-07-11,3.400392119918148,1.0000381175680024
2007-07-12,3.4475207826685805,1.0000376024737352
2007-07-13,3.4575252303440527,1.0000374996586219
2007-07-16,3.445394590235063,1.0000376497207324
2007-07-17,3.449934824911497,1.000037606188413
2007-07-18,3.4317124796986933,1.0000378119049718
2007-07-19,3.450119321406715,1.0000376161704903
2007-07-20,3.4302924625340387,1.0000378396427905
2007-07-23,3.4562973246328377,1.000037572936315
2007-07-24,3.4118108213292495,1.0000380689805208
2007-07-25,3.4189647053504784,1.0000379954444394
2007-07-26,3.3157078351690483,1.0000391849675438
2007-07-27,3.2545378418761395,1.000039927782311
2007-07-30,3.3145228947435066,1.0000392236153584
2007-07-31,3.291004973602909,1.0000395102110562
2007-08-01,3.258757340871644,1.000502503520106
2007-08-02,3.2757487472755296,1.0004999757702675
2007-08-03,3.209646378972074,1.0005103531101294
2007-08-06,3.262719764207926,1.0005022874287912
2007-08-07,3.2727515416932893,1.0005008265436965
2007-08-08,3.3287764086629363,1.0004924756422267
2007-08-09,3.243621788941471,1.0005054850267932
2007-08-10,3.199330232744252,1.0005125625763673
2007-08-13,3.2072827006690168,1.0005115202862014
2007-08-14,3.164277784687626,1.0005185519202442
2007-08-15,3.0886115208546125,1.0005313358478767
2007-08-16,3.0792683321145455,1.0005330225063747
2007-08-17,3.136125429040292,1.00052342620205
2007-08-20,3.1287432169863942,1.0005248617377478
2007-08-21,3.1224589995927263,1.000525976854708
2007-08-22,3.1853622732383826,1.00051565377908
2007-08-23,3.2016790245362974,1.000513090221374
2007-08-24,3.2425527327249237,1.000506688994051
2007-08-27,3.202098172545461,1.0005133067258176
2007-08-28,3.1343896759616863,1.0005244740996553
2007-08-29,3.2079520901235963,1.0005125213720456
2007-08-30,3.1926816912950144,1.0005150415811797
2007-08-31,3.2583621201814137,1.000504725168005
2007-09-04,3.266840540420981,0.7526714783483657
2007-09-05,3.2433716966535493,0.7508521345200173
2007-09-06,3.2636532570820114,0.7523716701704379
2007-09-07,3.2284515571569963,0.7496429655827996
2007-09-10,3.2279614026029586,0.7495234513063745
2007-09-11,3.2576144988641573,0.751777217226325
2007-09-12,3.255830783219424,0.7516140103079727
2007-09-13,3.2736056123608184,0.7529360829758837
2007-09-14,3.264297380344224,0.7522046244943074
2007-09-17,3.2303536742340313,0.7495205909824548
2007-09-18,3.3246005690030436,0.7565942604509487
2007-09-19,3.3158490383172494,0.7559256956837107
2007-09-20,3.3051308410128426,0.7551084938328466
2007-09-21,3.3269087108988677,0.7566869526830406
2007-09-24,3.3518747437033443,0.7584269886940287
2007-09-25,3.345676206480556,0.7579544947310477
2007-09-26,3.355587186506262,0.7586449307493482
2007-09-27,3.3876334825087397,0.7609042569485263
2007-09-28,3.3786397920297455,0.7602440254968499
2007-10-01,3.427840459643512,0.7528839601021157
2007-10-02,3.426653395368064,0.7527724147055619
2007-10-03,3.412408157785503,0.7517140987196501
2007-10-04,3.4244446998104845,0.7525606312381283
2007-10-05,3.4611995071636272,0.7551623908581832
2007-10-08,3.4411628675922903,0.7536580537681237
2007-10-09,3.470876785003491,0.7557409395866957
2007-10-10,3.4672077951071363,0.7554559368329111
2007-10-11,3.4564114625624365,0.7546655400632952
2007-10-12,3.4557174536205615,0.7545893111459678
2007-10-15,3.4329446692930303,0.7528783090227725
2007-10-16,3.4183202134158153,0.7517925690831848
2007-10-17,3.4443602618286744,0.7536411266096115
2007-10-18,3.4544589925822633,0.7543350160459367
2007-10-19,3.376201059408873,0.7486154720902215
2007-10-22,3.382326678473581,0.7489934050180218
2007-10-23,3.424997930013987,0.752094151986295
2007-10-24,3.4090934484459545,0.7509111184023579
2007-10-25,3.4360624025907422,0.752840775852021
2007-10-26,3.4748409003783154,0.7555733087852761
2007-10-29,3.504995786187617,0.7575993300214187
2007-10-30,3.4737429043820516,0.75539227755027
2007-10-31,3.511990017766892,0.7580305766640328
2007-11-01,3.428046082176297,0.7475470779811417
2007-11-02,3.4252643886727863,0.747316377165931
2007-11-05,3.3900561571358176,0.7446182070935676
2007-11-06,3.4277127828204943,0.74739876454004
2007-11-07,3.357393492739101,0.742082270880339
2007-11-08,3.340536667522788,0.7407566347281561
2007-11-09,3.308132162134731,0.7381935720741833
2007-11-12,3.2525217773698687,0.7336474878503843
2007-11-13,3.3497677597733486,0.7413572754533265
2007-11-14,3.335090617389127,0.7401947647408684
2007-11-15,3.286984467896909,0.736368375987007
2007-11-16,3.291491143455176,0.7367061121526967
2007-11-19,3.2272614327344735,0.731392699026078
2007-11-20,3.2697303902224886,0.7348573953509143
2007-11-21,3.198808714489084,0.72895530707993
2007-11-23,3.2518150343780006,0.7333293589652363
2007-11-26,3.198270936620477,0.7287946740121186
2007-11-27,3.230937699202541,0.7315142194803422
2007-11-28,3.2980652616681,0.7369566819983365
2007-11-29,3.28481347464923,0.7358739347251557
2007-11-30,3.3182907283138445,0.7385177075637227
2007-12-03,3.2960784878324345,0.7488027465256955
2007-12-04,3.2790745740320326,0.7474794580502986
2007-12-05,3.3369783563802784,0.751840839929881
2007-12-06,3.3535047438145793,0.7530434955321775
2007-12-07,3.3515013914770244,0.7528754325156878
2007-12-10,3.3582960451725072,0.7533138035557204
2007-12-11,3.2808718826793677,0.7474717255064091
2007-12-12,3.3154379957283844,0.7500848869684393
2007-12-13,3.265359728307352,0.7462325992972675
2007-12-14,3.226819886510682,0.7431820037051614
2007-12-17,3.156401922574003,0.7373918674218936
2007-12-18,3.1913860010110384,0.7402491676372557
2007-12-19,3.212441033766248,0.7419305626669955
2007-12-20,3.2118268771214495,0.741861060863104
2007-12-21,3.247350417357885,0.7446649686846586
2007-12-24,3.2707323860512054,0.7464294776907192
2007-12-26,3.2681907495741562,0.7461869480846317
2007-12-27,3.2555839141878513,0.7451814717645849
2007-12-28,3.2700325091840265,0.7462859070391643
2007-12-31,3.2635416706963043,0.7457165230661922
2008-01-02,3.259606203923444,0.0
2008-01-03,3.259890191532443,0.0
2008-01-04,3.260172417642176,0.0
2008-01-07,3.261008450897768,0.0
2008-01-08,3.261293454102107,0.0
2008-01-09,3.261576695204833,0.0
2008-01-10,3.2618572801588863,0.0
2008-01-11,3.26213967656999,0.0
2008-01-14,3.2629494021992977,0.0
2008-01-15,3.26322742336754,0.0
2008-01-16,3.263503680154888,0.0
2008-01-17,3.2637772779976624,0.0
2008-01-18,3.2640455336643477,0.0
2008-01-22,3.265043526764504,0.0
2008-01-23,3.2652492692333137,0.0
2008-01-24,3.2654425004229446,0.0
2008-01-25,3.265650057316122,0.0
2008-01-28,3.266253978902064,0.0
2008-01-29,3.266458902781836,0.0
2008-01-30,3.2666584699969925,0.0
2008-01-31,3.2668517845804224,0.0
2008-02-01,3.2670236299345703,0.0
2008-02-04,3.2675767862642413,0.0
2008-02-05,3.2677755265509676,0.0
2008-02-06,3.2679671166777298,0.0
2008-02-07,3.268150660036338,0.0
2008-02-08,3.268340481389743,0.0
2008-02-11,3.268926096369148,0.0
2008-02-12,3.2691276055120753,0.0
2008-02-13,3.269329127076799,0.0
2008-02-14,3.2695279739442538,0.0
2008-02-15,3.269730415950311,0.0
2008-02-19,3.270504401451512,0.0
2008-02-20,3.270704215830012,0.0
2008-02-21,3.2709013541663086,0.0
2008-02-22,3.2710940236981294,0.0
2008-02-25,3.271672066340673,0.0
2008-02-26,3.2718647812706085,0.0
2008-02-27,3.2720521291443854,0.0
2008-02-28,3.272226040956181,0.0
2008-02-29,3.272392790009227,0.0
2008-03-03,3.2728796144708636,0.0
2008-03-04,3.273029359921718,0.0
2008-03-05,3.2731755253424484,0.0
2008-03-06,3.2733100394051333,0.0
2008-03-07,3.2734329006312697,0.0
2008-03-10,3.2738149506081653,0.0
2008-03-11,3.273934243043352,0.0
2008-03-12,3.2740643034447876,0.0
2008-03-13,3.2741943690130064,0.0
2008-03-14,3.274313675273576,0.0
2008-03-17,3.274625856413027,0.0
2008-03-18,3.274723646609835,0.0
2008-03-19,3.2748052904048595,0.0
2008-03-20,3.2748591228205925,0.0
2008-03-24,3.275081633796609,0.0
2008-03-25,3.275191999561255,0.0
2008-03-26,3.275305958296582,0.0
2008-03-27,3.2754199209970487,0.0
2008-03-28,3.275534785038114,0.0
2008-03-31,3.2758874659067496,0.0
2008-04-01,3.293664244258221,0.25426881423063813
2008-04-02,3.284007083064197,0.2520475917473999
2008-04-03,3.288205911203773,0.25297423172578304
2008-04-04,3.2872726043261826,0.252733887972884
2008-04-07,3.293185766316723,0.2539941195422154
2008-04-08,3.2830189283714963,0.25165457436649796
2008-04-09,3.279007306983157,0.2507104959365244
2008-04-10,3.3032125418146077,0.25617484143643304
2008-04-11,3.3022702464767124,0.25593711187846174
2008-04-14,3.3050724214177585,0.2564964670001879
2008-04-15,3.3184864990541176,0.2594801697307956
2008-04-16,3.3401126051079686,0.26425281567065456
2008-04-17,3.325818911344664,0.26106825286121405
2008-04-18,3.337189908668653,0.2635616444798863
2008-04-21,3.3292459177284695,0.2617243226653816
2008-04-22,3.320611736974069,0.2597777031750187
2008-04-23,3.3248019803721314,0.2606850836503984
2008-04-24,3.3212934721444727,0.2598789520277368
2008-04-25,3.3188110401466533,0.2593001874597453
2008-04-28,3.3277995694393248,0.2612213127573561
2008-04-29,3.306342442631641,0.25639794243413694
2008-04-30,3.3084920048872593,0.2568517509885904
2008-05-01,3.3072246311536833,0.0
2008-05-02,3.307353295783169,0.0
2008-05-05,3.307752896551235,0.0
2008-05-06,3.3078897378354486,0.0
2008-05-07,3.3080347412212165,0.0
2008-05-08,3.3081833762068498,0.0
2008-05-09,3.3083311115192666,0.0
2008-05-12,3.3087824947777698,0.0
2008-05-13,3.3089402285186167,0.0
2008-05-14,3.3091034091326263,0.0
2008-05-15,3.309265691190225,0.0
2008-05-16,3.309428887854448,0.0
2008-05-19,3.309921222069819,0.0
2008-05-20,3.3100835442338603,0.0
2008-05-21,3.310249501847174,0.0
2008-05-22,3.3104154677811017,0.0
2008-05-23,3.3105814420360615,0.0
2008-05-27,3.31124174430724,0.0
2008-05-28,3.311410481557772,0.0
2008-05-29,3.311579227406969,0.0
2008-05-30,3.3117488891372497,0.0
2008-06-02,3.306443722721207,0.4996224824213255
2008-06-03,3.2851157907841806,0.4963487730034519
2008-06-04,3.3015148849767044,0.49882549148502026
2008-06-05,3.335678999916719,0.5039339361963886
2008-06-06,3.2750415940457778,0.494724078071687
2008-06-09,3.2724436189272517,0.4942477141553476
2008-06-10,3.229032487862647,0.48742225848955445
2008-06-11,3.2099687071498875,0.484350124239636
2008-06-12,3.19504127121661,0.48191372391531057
2008-06-13,3.219771636535114,0.48586542502650504
2008-06-16,3.2268196212724076,0.4869061698312539
2008-06-17,3.2298431115582966,0.48735783221045803
2008-06-18,3.2193972348286786,0.4856668608255774
2008-06-19,3.215530606875328,0.4850217182217158
2008-06-20,3.1600627570497006,0.4759555767629219
2008-06-23,3.168824029663794,0.47732586853996406
2008-06-24,3.1536996087071705,0.47479262437526315
2008-06-25,3.1861827116814943,0.4801214720813464
2008-06-26,3.139837620404302,0.47242215766465345
2008-06-27,3.1330251232794764,0.47125035889119
2008-06-30,3.134976908234004,0.4715083215220101
2008-07-01,3.1151219126317486,0.0
2008-07-02,3.1152789489144674,0.0
2008-07-03,3.1154317256081265,0.0
2008-07-07,3.1160496906956165,0.0
2008-07-08,3.1162067737485173,0.0
2008-07-09,3.116363010964845,0.0
2008-07-10,3.1165158408220948,0.0
2008-07-11,3.116655870574943,0.0
2008-07-14,3.117060608898957,0.0
2008-07-15,3.1171887072801443,0.0
2008-07-16,3.117305708609705,0.0
2008-07-17,3.117421006218106,0.0
2008-07-18,3.117540578530673,0.0
2008-07-21,3.117912121037978,0.0
2008-07-22,3.1180368375228196,0.0
2008-07-23,3.118166684536327,0.0
2008-07-24,3.1182999541261323,0.0
2008-07-25,3.1184383553843706,0.0
2008-07-28,3.11887664548747,0.0
2008-07-29,3.1190219082353416,0.0
2008-07-30,3.1191663232223257,0.0
2008-07-31,3.1193090357636897,0.0
2008-08-01,3.1194500456242102,0.0
2008-08-04,3.1198679664659386,0.0
2008-08-05,3.1200149849016188,0.0
2008-08-06,3.120162010265291,0.0
2008-08-07,3.120299639329305,0.0
2008-08-08,3.120438984217308,0.0
2008-08-11,3.1208672965271966,0.0
2008-08-12,3.121024622440227,0.0
2008-08-13,3.1211811012089683,0.0
2008-08-14,3.121336732704974,0.0
2008-08-15,3.1214949374434813,0.0
2008-08-18,3.1219593132656813,0.0
2008-08-19,3.122112417571729,0.0
2008-08-20,3.12226381863965,0.0
2008-08-21,3.122407528316782,0.0
2008-08-22,3.1225521000626135,0.0
2008-08-25,3.122980702419362,0.0
2008-08-26,3.1231270119262424,0.0
2008-08-27,3.1232707613339143,0.0
2008-08-28,3.12341109459552,0.0
2008-08-29,3.1235574242659787,0.0
2008-09-02,3.124135924216336,0.0
2008-09-03,3.1242805759892653,0.0
2008-09-04,3.124423522525208,0.0
2008-09-05,3.124565619595,0.0
2008-09-08,3.1249893620557394,0.0
2008-09-09,3.12513405334401,0.0
2008-09-10,3.1252736141250224,0.0
2008-09-11,3.1254123248991292,0.0
2008-09-12,3.1255476167203167,0.0
2008-09-15,3.125922682434323,0.0
2008-09-16,3.12601089340317,0.0
2008-09-17,3.126082834475785,0.0
2008-09-18,3.1260854038589367,0.0
2008-09-19,3.12610510247929,0.0
2008-09-22,3.126354334420337,0.0
2008-09-23,3.126464827491334,0.0
2008-09-24,3.126534209313533,0.0
2008-09-25,3.126577038549277,0.0
2008-09-26,3.1266412832829458,0.0
2008-09-29,3.1268622897079013,0.0
2008-09-30,3.126944530469493,0.0
2008-10-01,3.1270216332113407,0.0
2008-10-02,3.1270935975448175,0.0
2008-10-03,3.1271467152990775,0.0
2008-10-06,3.1272752281777882,0.0
2008-10-07,3.1273214947154107,0.0
2008-10-08,3.1273908955485807,0.0
2008-10-09,3.127448302449951,0.0
2008-10-10,3.1274979988887295,0.0
2008-10-13,3.1275596919999407,0.0
2008-10-14,3.127580256775998,0.0
2008-10-15,3.1276093904003077,0.0
2008-10-16,3.127628241744578,0.0
2008-10-17,3.1276668015448186,0.0
2008-10-20,3.1278724563482077,0.0
2008-10-21,3.1279787183165872,0.0
2008-10-22,3.1280721291879012,0.0
2008-10-23,3.128160400812369,0.0
2008-10-24,3.128242675716061,0.0
2008-10-27,3.128463795335331,0.0
2008-10-28,3.128535792858292,0.0
2008-10-29,3.128600934973431,0.0
2008-10-30,3.1286532211808376,0.0
2008-10-31,3.12868750779148,0.0
2008-11-03,3.128800654846556,0.0
2008-11-04,3.1288426579238404,0.0
2008-11-05,3.128883804347835,0.0
2008-11-06,3.1289172362569775,0.0
2008-11-07,3.128943810622546,0.0
2008-11-10,3.1290209626617123,0.0
2008-11-11,3.1290458233762104,0.0
2008-11-12,3.129070684288232,0.0
2008-11-13,3.1290861153217433,0.0
2008-11-14,3.129104118282955,0.0
2008-11-17,3.1291401244125354,0.0
2008-11-18,3.129150411996506,0.0
2008-11-19,3.1291606996142987,0.0
2008-11-20,3.1291667007444075,0.0
2008-11-21,3.129169272662244,0.0
2008-11-24,3.1291744165021447,0.0
2008-11-25,3.1291855615069157,0.0
2008-11-26,3.129194134618043,0.0
2008-11-28,3.1292027077526585,0.0
2008-12-01,3.1292052797000895,0.0
2008-12-02,3.1292112809156944,0.0
2008-12-03,3.1292164248246497,0.0
2008-12-04,3.1292181394637866,0.0
2008-12-05,3.1292198541038627,0.0
2008-12-08,3.1292249980269107,0.0
2008-12-09,3.1292275699926626,0.0
2008-12-10,3.1292301419605284,0.0
2008-12-11,3.1292301419605284,0.0
2008-12-12,3.1292309992838554,0.0
2008-12-15,3.1292361432252243,0.0
2008-12-16,3.129239572525107,0.0
2008-12-17,3.1292430018287476,0.0
2008-12-18,3.1292472884629965,0.0
2008-12-19,3.1292472884629965,0.0
2008-12-22,3.129252432431142,0.0
2008-12-23,3.129253289760576,0.0
2008-12-24,3.1292550044199126,0.0
2008-12-26,3.1292550044199126,0.0
2008-12-29,3.129262720391156,0.0
2008-12-30,3.129267864384669,0.0
2008-12-31,3.129276437721284,0.0
2009-01-02,3.1292952991135112,0.0
2009-01-05,3.1293158753017796,0.0
2009-01-06,3.129327878157192,0.0
2009-01-07,3.129339881058643,0.0
2009-01-08,3.1293493119459557,0.0
2009-01-09,3.1293570281497383,0.0
2009-01-12,3.1293750326696266,0.0
2009-01-13,3.129385321025898,0.0
2009-01-14,3.1293947520501533,0.0
2009-01-15,3.129405040471256,0.0
2009-01-16,3.1294144715549397,0.0
2009-01-20,3.129455625498675,0.0
2009-01-21,3.1294667715050126,0.0
2009-01-22,3.129476202774735,0.0
2009-01-23,3.12948477668214,0.0
2009-01-26,3.1295130706540935,0.0
2009-01-27,3.1295259316667123,0.0
2009-01-28,3.1295370779234553,0.0
2009-01-29,3.1295533686644093,0.0
2009-01-30,3.129573089137691,0.0
2009-02-02,3.1296348231821893,0.0
2009-02-03,3.129657973905539,0.0
2009-02-04,3.129685412002844,0.0
2009-02-05,3.1297111354445866,0.0
2009-02-06,3.1297360016426494,0.0
2009-02-09,3.129808028443783,0.0
2009-02-10,3.1298354678566347,0.0
2009-02-11,3.1298620500208822,0.0
2009-02-12,3.129887774914444,0.0
2009-02-13,3.1299126425159436,0.0
2009-02-17,3.130012113712254,0.0
2009-02-18,3.1300395549143465,0.0
2009-02-19,3.1300661388119364,0.0
2009-02-20,3.13009186538294,0.0
2009-02-23,3.130161327695569,0.0
2009-02-24,3.1301870550489475,0.0
2009-02-25,3.130214497784772,0.0
2009-02-26,3.130240225575165,0.0
2009-02-27,3.1302633807768334,0.0
2009-03-02,3.130330274076477,0.0
2009-03-03,3.1303542875689905,0.0
2009-03-04,3.130377443614405,0.0
2009-03-05,3.1303997421934553,0.0
2009-03-06,3.130416895068755,0.0
2009-03-09,3.1304683539766196,0.0
2009-03-10,3.1304880802155624,0.0
2009-03-11,3.130508664246775,0.0
2009-03-12,3.130528390739728,0.0
2009-03-13,3.130546401998963,0.0
2009-03-16,3.130595289983871,0.0
2009-03-17,3.1306158747200246,0.0
2009-03-18,3.1306364595915297,0.0
2009-03-19,3.13065447147253,0.0
2009-03-20,3.1306716257436067,0.0
2009-03-23,3.1307256619935853,0.0
2009-03-24,3.130744532120863,0.0
2009-03-25,3.1307625446236504,0.0
2009-03-26,3.130778841743746,0.0
2009-03-27,3.130791707958164,0.0
2009-03-30,3.130825160253126,0.0
2009-03-31,3.130840599938848,0.0
2009-04-01,3.1308586129943548,0.0
2009-04-02,3.1308774839229807,0.0
2009-04-03,3.1308963549653495,0.0
2009-04-06,3.130950395094216,0.0
2009-04-07,3.130967550986792,0.0
2009-04-08,3.1309847069733725,0.0
2009-04-09,3.1310001474459,0.0
2009-04-13,3.13106190964059,0.0
2009-04-14,3.1310773504938427,0.0
2009-04-15,3.131091933593831,0.0
2009-04-16,3.1311048010949283,0.0
2009-04-17,3.131115952975042,0.0
2009-04-20,3.131151982254501,0.0
2009-04-21,3.131163992152515,0.0
2009-04-22,3.131176859949743,0.0
2009-04-23,3.1311888699431787,0.0
2009-04-24,3.1311974485428222,0.0
2009-04-27,3.131223184412262,0.0
2009-04-28,3.131234336714015,0.0
2009-04-29,3.1312454890554884,0.0
2009-04-30,3.1312549256857296,0.0
2009-05-01,3.1312669359785956,0.0
2009-05-04,3.13130554063945,0.0
2009-05-05,3.1313218405861,0.0
2009-05-06,3.1313381406175993,0.0
2009-05-07,3.131354440733948,0.0
2009-05-08,3.1313698830298202,0.0
2009-05-11,3.131416210145898,0.0
2009-05-12,3.1314325106686365,0.0
2009-05-13,3.1314488112762264,0.0
2009-05-14,3.131463396106306,0.0
2009-05-15,3.1314771230691387,0.0
2009-05-18,3.131520877954968,0.0
2009-05-19,3.131537179022552,0.0
2009-05-20,3.1315526222195995,0.0
2009-05-21,3.131568065492805,0.0
2009-05-22,3.131584366806023,0.0
2009-05-26,3.1316461405250395,0.0
2009-05-27,3.1316615842594313,0.0
2009-05-28,3.1316761700805085,0.0
2009-05-29,3.1316890399825774,0.0
2009-06-01,3.13421507813344,0.7509480186592383
2009-06-02,3.1569495180665093,0.7527406596631112
2009-06-03,3.09409904046081,0.7477171095262141
2009-06-04,3.101503960671727,0.748318476044222
2009-06-05,3.068626104183849,0.7456209355838228
2009-06-08,3.0660480472690135,0.7454030675669165
2009-06-09,3.092576140958787,0.7475856841099978
2009-06-10,3.092812797013181,0.74760368452834
2009-06-11,3.1152439314303653,0.7494198139221392
2009-06-12,3.113198759704404,0.7492538935795641
2009-06-15,3.0396581786066803,0.7431836178363408
2009-06-16,3.0052200273920895,0.7402394349970297
2009-06-17,3.0057333537041635,0.7402825878888509
2009-06-18,3.0048369502727867,0.7402038989460392
2009-06-19,3.0335431238381325,0.7426610594044125
2009-06-22,2.965194509018635,0.7367254253677187
2009-06-23,3.0069193727008514,0.7403772752465037
2009-06-24,3.008574835651083,0.740518710381364
2009-06-25,3.058257627710372,0.7447327736711342
2009-06-26,3.0569525870818754,0.7446225384006013
2009-06-29,3.0648020185220473,0.745272621659863
2009-06-30,3.0617495474953884,0.7450172690656007
2009-07-01,3.096642549458697,1.0002612690213109
2009-07-02,3.023745682607157,1.0002675763067803
2009-07-06,3.014532634230654,1.0002684284897518
2009-07-07,2.954103671923417,1.000273928376888
2009-07-08,2.940470187058755,1.0002752074175503
2009-07-09,2.9559597953475443,1.0002737741458945
2009-07-10,2.9295713573001447,1.0002762492029837
2009-07-13,2.9829802283104736,1.0002713294024113
2009-07-14,2.9971277481716343,1.0002700573604806
2009-07-15,3.0943966498777375,1.0002615768652392
2009-07-16,3.1070452750705178,1.0002605204209962
2009-07-17,3.102781342481632,1.0002608869411067
2009-07-20,3.154465039708849,1.000256637168537
2009-07-21,3.1708245274856175,1.000255321403839
2009-07-22,3.1800083447195644,1.0002545923395247
2009-07-23,3.223146620786295,1.000251193090111
2009-07-24,3.2387295424673237,1.0002499926422277
2009-07-27,3.243165592864784,1.0002496749112513
2009-07-28,3.2180393777562264,1.000251632558264
2009-07-29,3.215337636027177,1.0002518522075734
2009-07-30,3.247727715492685,1.0002493485766164
2009-07-31,3.2806674964497473,1.0002468529542643
2009-08-03,3.3473355896368706,1.0000096582905431
2009-08-04,3.3427492169115984,1.0000096718573854
2009-08-05,3.334950335628291,1.0000096947887243
2009-08-06,3.331710005728422,1.0000097045313356
2009-08-07,3.3367729600841325,1.000009690117055
2009-08-10,3.3597018368789673,1.0000096249185397
2009-08-11,3.3308345346288313,1.0000097086512199
2009-08-12,3.3631638236234243,1.0000096156351306
2009-08-13,3.399740283850918,1.0000095124892288
2009-08-14,3.3821507310012136,1.0000095622673424
2009-08-17,3.278241243065684,1.000009866316638
2009-08-18,3.321772378057967,1.0000097373353996
2009-08-19,3.347277864399295,1.000009663451544
2009-08-20,3.3894355075227196,1.000009543563885
2009-08-21,3.459047626746758,1.0000093518027724
2009-08-24,3.468646267850402,1.0000093268207377
2009-08-25,3.5046686527383817,1.0000092312518436
2009-08-26,3.5061176862778978,1.000009227732469
2009-08-27,3.5191592421224747,1.0000091938253275
2009-08-28,3.512489767958852,1.000009211572673
2009-08-31,3.4905729825334166,1.0000092702869092
2009-09-01,3.480079039736769,1.000547610245093
2009-09-02,3.4690610621933957,1.00054936665082
2009-09-03,3.512458219473779,1.0005425960570449
2009-09-04,3.549923265209388,1.0005368865423943
2009-09-08,3.6090838978924373,1.0005281517939908
2009-09-09,3.646399101065471,1.000522763311658
2009-09-10,3.6882533995074227,1.000516847135877
2009-09-11,3.6803743842426093,1.0005179697892068
2009-09-14,3.685008172478648,1.0005173669296248
2009-09-15,3.688972891952697,1.000516827031589
2009-09-16,3.73831128391479,1.0005100217155805
2009-09-17,3.726021583826484,1.0005117193637447
2009-09-18,3.7297467047937802,1.0005112236853069
2009-09-21,3.693473365313735,1.0005162902023232
2009-09-22,3.7282861834239576,1.000511484904328
2009-09-23,3.693929364379604,1.0005162578669673
2009-09-24,3.653437785467583,1.000521995501409
2009-09-25,3.6327098704294287,1.000524989781816
2009-09-28,3.6738595185924736,1.000519156483415
2009-09-29,3.653594040140711,1.0005220519768596
2009-09-30,3.663395663012468,1.0005206713161008
2009-10-01,3.5704482846525036,1.000031573640363
2009-10-02,3.53519182365085,1.0000318894852394
2009-10-05,3.577693462708459,1.0000315134991786
2009-10-06,3.6394084211511877,1.0000309800283416
2009-10-07,3.65816944376615,1.0000308220583822
2009-10-08,3.6969744564373572,1.0000304994477567
2009-10-09,3.696359186795245,1.0000305054103624
2009-10-12,3.711629870839599,1.0000303825743335
2009-10-13,3.699143953922247,1.000030486019923
2009-10-14,3.775389000428562,1.0000298712217968
2009-10-15,3.7906224704015585,1.0000297520497234
2009-10-16,3.764687648650143,1.000029957888905
2009-10-19,3.8095480173534617,1.0000296077152644
2009-10-20,3.785375150940846,1.0000297976675743
2009-10-21,3.7696463768758917,1.000029922883109
2009-10-22,3.8073614102000026,1.0000296273409446
2009-10-23,3.741510499047507,1.0000301496602835
2009-10-26,3.6988356512031433,1.0000305001902798
2009-10-27,3.661680374083223,1.0000308105890583
2009-10-28,3.5811712904191957,1.0000315041807029
2009-10-29,3.6804919118223367,1.000030654917208
2009-10-30,3.5780241428828194,1.0000315337311607
2009-11-02,3.59794417454416,1.0005148481641684
2009-11-03,3.585754573510633,1.0005166133684409
2009-11-04,3.61229266371901,1.000512832906473
2009-11-05,3.6707374186814614,1.0005046822002321
2009-11-06,3.6779988339637795,1.0005037001656933
2009-11-09,3.766220385928557,1.0004919441343272
2009-11-10,3.7482170426667483,1.000494321518853
2009-11-11,3.7560453788424133,1.0004933057166006
2009-11-12,3.7035713928381564,1.0005003097761371
2009-11-13,3.7519567010261006,1.0004938722487946
2009-11-16,3.8003613225772344,1.0004876243531509
2009-11-17,3.781702617327899,1.0004900446291973
2009-11-18,3.7779616213244904,1.0004905441244902
2009-11-19,3.7068988923320036,1.0004999622959374
2009-11-20,3.6878492209169864,1.0005025589065912
2009-11-23,3.7403864465154726,1.00049554153731
2009-11-24,3.7286412221101517,1.0004971167939667
2009-11-25,3.7701707167629666,1.0004916550552545
2009-11-27,3.6749381899944806,1.0005044248482728
2009-11-30,3.697485129323562,1.0005013913528469
2009-12-01,3.791876510642619,1.000019324691907
2009-12-02,3.7952887195144243,1.0000193078784705
2009-12-03,3.7920869813222424,1.0000193247364162
2009-12-04,3.7904394189222654,1.0000193336976126
2009-12-07,3.771493501028595,1.0000194325123983
2009-12-08,3.722939612838363,1.000019686508537
2009-12-09,3.7234836356610375,1.0000196841876783
2009-12-10,3.721027921582341,1.0000196977342108
2009-12-11,3.7291733606108055,1.0000196552587315
2009-12-14,3.7531326148564554,1.0000195314368014
2009-12-15,3.7214299178747132,1.0000196983855012
2009-12-16,3.752719277301503,1.0000195347065763
2009-12-17,3.6835651458031986,1.00001990201227
2009-12-18,3.6759705548978827,1.0000199436982635
2009-12-21,3.701508721095493,1.0000198078081295
2009-12-22,3.7172375482195466,1.0000197245785394
2009-12-23,3.738475983435533,1.0000196131027164
2009-12-24,3.7556955269983376,1.0000195237506369
2009-12-28,3.771675857056345,1.0000194432669043
2009-12-29,3.7727896388862145,1.0000194381180858
2009-12-30,3.74955186520469,1.0000195591748757
2009-12-31,3.7135417873936167,1.0000197494075909
2010-01-04,3.7950048499593434,1.0005142422376545
2010-01-05,3.837518234613654,1.0005085603275825
2010-01-06,3.847617525749025,1.0005072403192377
2010-01-07,3.8382147865948166,1.0005084977076903
2010-01-08,3.8606616714758015,1.000505555713544
2010-01-11,3.91724843015236,1.0004982956894692
2010-01-12,3.8891994104932883,1.0005019037129357
2010-01-13,3.9307320104266834,1.0004966148220802
2010-01-14,3.964293165139192,1.0004924248501914
2010-01-15,3.8997514606727135,1.000500588984816
2010-01-19,3.905696145588037,1.0004998851228784
2010-01-20,3.7956045446832944,1.0005143992411474
2010-01-21,3.716076156070533,1.000525423102763
2010-01-22,3.652948331025241,1.0005345186381474
2010-01-25,3.704015306748031,1.0005271951975447
2010-01-26,3.675685127976921,1.000531273959287
2010-01-27,3.6726258239504053,1.0005317320987726
2010-01-28,3.609709915983344,1.0005410160001436
2010-01-29,3.56268608959779,1.0005481730795438
2010-02-01,3.636197080023291,0.7510034832309773
2010-02-02,3.6761934219103494,0.7537118470523635
2010-02-03,3.649598876561995,0.7519164711138555
2010-02-04,3.5517301292902883,0.7450797735412457
2010-02-05,3.5097542244578395,0.7420303464321848
2010-02-08,3.4719691187951938,0.7392207441544152
2010-02-09,3.5582244319316807,0.7455414864480954
2010-02-10,3.5442920859001386,0.7445403892753981
2010-02-11,3.5717628045296803,0.7465043859901409
2010-02-12,3.545750778239849,0.7446439441062445
2010-02-16,3.5933690999586667,0.7480250897596848
2010-02-17,3.5917225368472203,0.747908885558962
2010-02-18,3.614564643339045,0.7495012796612819
2010-02-19,3.5891145767499126,0.7477243261412074
2010-02-22,3.6002951705851083,0.7485054858750219
2010-02-23,3.5579208735514873,0.7455094574669596
2010-02-24,3.5743985090963273,0.7466818017238104
2010-02-25,3.5580392690186806,0.7455162524525678
2010-02-26,3.5689579272473644,0.7462939013303337
2010-03-01,3.581924422509892,0.5009443754258216
2010-03-02,3.591013139555553,0.5022056931832799
2010-03-03,3.6050927574823906,0.5041479170380618
2010-03-04,3.589776231780167,0.5020303511502385
2010-03-05,3.612938307146159,0.5052208717210954
2010-03-08,3.612793121332664,0.5051948879764094
2010-03-09,3.6070987451016405,0.5044115873660554
2010-03-10,3.6122575658680702,0.5051171892048286
2010-03-11,3.62046845826828,0.5062375091507099
2010-03-12,3.6372236654448242,0.5085099172591405
2010-03-15,3.625668370894653,0.5069374203489776
2010-03-16,3.64811905588528,0.5099694668089814
2010-03-17,3.6623732855230937,0.5118745624280191
2010-03-18,3.6475957483030603,0.5098950013630529
2010-03-19,3.6358533336996546,0.5083099944667478
2010-03-22,3.6396221041085104,0.5088126722293792
2010-03-23,3.6556648486190566,0.5109662191957791
2010-03-24,3.6241398521041823,0.5067104106553602
2010-03-25,3.6138136386206714,0.505298973529963
2010-03-26,3.6373414873825087,0.508497021835879
2010-03-29,3.65607155019309,0.511009366026506
2010-03-30,3.6571566011111156,0.5111524369235912
2010-03-31,3.6455736940514685,0.5095970952237255
2010-04-01,3.677552192251138,0.7516577488504939
2010-04-05,3.676120164792683,0.7515566512840333
2010-04-06,3.682374468854842,0.7519773950936296
2010-04-07,3.6742117311515377,0.7514252229818372
2010-04-08,3.6771817297713607,0.751624835890955
2010-04-09,3.7158467122975405,0.754208141474148
2010-04-12,3.743000657806335,0.7559880524317975
2010-04-13,3.7334305254901885,0.7553614892006102
2010-04-14,3.768940482804493,0.7576653460615691
2010-04-15,3.755263002127441,0.7567816446408271
2010-04-16,3.7106250989864504,0.7538547089305156
2010-04-19,3.6952133062538817,0.7528248491879741
2010-04-20,3.697038782898984,0.7529458132080854
2010-04-21,3.690107872719471,0.7524807010091341
2010-04-22,3.657788468446319,0.750292649418439
2010-04-23,3.682565237923418,0.751971625137728
2010-04-26,3.682149195206254,0.7519403385237602
2010-04-27,3.579297003948654,0.7448111498505572
2010-04-28,3.547128943964639,0.7424957747121611
2010-04-29,3.5930447738930926,0.74578532911789
2010-04-30,3.59110383274715,0.7456467450079778
2010-05-03,3.5917940864369817,0.4997485904715567
2010-05-04,3.5208965785037463,0.48967304688699664
2010-05-05,3.450149145251719,0.4792061954692086
2010-05-06,3.3582100754359576,0.46494601488037846
2010-05-07,3.346932155090076,0.4631414634194788
2010-05-10,3.473019085921748,0.48262642578167375
2010-05-11,3.447737081485802,0.4788302785452764
2010-05-12,3.4735973325221643,0.48270801735899904
2010-05-13,3.4456223514593853,0.4785058417849665
2010-05-14,3.3960146353766274,0.4708857300902655
2010-05-17,3.3975956955628868,0.47112499673021047
2010-05-18,3.353494595526012,0.4641675242791426
2010-05-19,3.3688755816462415,0.46661144436355145
2010-05-20,3.3019959637994516,0.4558054977873144
2010-05-21,3.3493891198265735,0.4635032375172004
2010-05-24,3.3084403198834043,0.45685539008781895
2010-05-25,3.291277241584713,0.4540205019296906
2010-05-26,3.271412060187914,0.4507025612309244
2010-05-27,3.3722593023417353,0.4671267912110283
2010-05-28,3.3457713411928305,0.46290561380879325
2010-06-01,3.323948745163234,0.0
2010-06-02,3.3239633158974593,0.0
2010-06-03,3.3239778866955567,0.0
2010-06-04,3.32399063619978,0.0
2010-06-07,3.324028884859156,0.0
2010-06-08,3.3240398131732976,0.0
2010-06-09,3.324050741523368,0.0
2010-06-10,3.324059848511701,0.0
2010-06-11,3.3240689555249845,0.0
2010-06-14,3.324090812416747,0.0
2010-06-15,3.324097187385428,0.0
2010-06-16,3.3241053837894516,0.0
2010-06-17,3.3241144909274896,0.0
2010-06-18,3.3241226873741794,0.0
2010-06-21,3.3241527410861473,0.0
2010-06-22,3.3241636698074877,0.0
2010-06-23,3.324175509294531,0.0
2010-06-24,3.324187348823742,0.0
2010-06-25,3.3241991883951214,0.0
2010-06-28,3.3242347072357648,0.0
2010-06-29,3.3242501899727572,0.0
2010-06-30,3.3242638512749076,0.0
2010-07-01,3.324280244904859,0.0
2010-07-02,3.3242957278539444,0.0
2010-07-06,3.324357659938737,0.0
2010-07-07,3.3243731432483856,0.0
2010-07-08,3.3243877158429864,0.0
2010-07-09,3.324401377710312,0.0
2010-07-12,3.324445095865416,0.0
2010-07-13,3.3244596687754253,0.0
2010-07-14,3.3244733309384475,0.0
2010-07-15,3.3244869931576155,0.0
2010-07-16,3.3245006554329297,0.0
2010-07-19,3.3245416424273113,0.0
2010-07-20,3.3245571265938647,0.0
2010-07-21,3.324571699994968,0.0
2010-07-22,3.3245862734599543,0.0
2010-07-23,3.3246008469888246,0.0
2010-07-26,3.3246445677670864,0.0
2010-07-27,3.3246591415514932,0.0
2010-07-28,3.324672804534267,0.0
2010-07-29,3.3246864675731893,0.0
2010-07-30,3.3247001306682615,0.0
2010-08-02,3.3401250102479008,0.5028005884792778
2010-08-03,3.342123541018198,0.5030957267331666
2010-08-04,3.343697880909313,0.503327510942877
2010-08-05,3.3421478965264777,0.5030949914655747
2010-08-06,3.3380744387029377,0.5024865728848052
2010-08-09,3.3372152147014953,0.5023523441081986
2010-08-10,3.330028705791821,0.5012763250526175
2010-08-11,3.2678497156031776,0.49178477487469324
2010-08-12,3.2642165599414783,0.49121702758381675
2010-08-13,3.2565162991546304,0.4900117390690898
2010-08-16,3.2554989840888786,0.48984608269002744
2010-08-17,3.2753765086267985,0.4929398695384117
2010-08-18,3.2808675569231047,0.4937861567855025
2010-08-19,3.248702418038474,0.48877193363251736
2010-08-20,3.236779953216703,0.48688660961709035
2010-08-23,3.2324243866992415,0.4861888746409184
2010-08-24,3.2139651292565063,0.48323555936798746
2010-08-25,3.2203484102092528,0.48425761403314055
2010-08-26,3.214419511366359,0.48330407795879293
2010-08-27,3.2465209651799762,0.48841090150812805
2010-08-30,3.2170406409732535,0.48371643512404827
2010-08-31,3.221712574272254,0.48446314102275384
2010-09-01,3.252661117403288,0.0
2010-09-02,3.252672702223706,0.0
2010-09-03,3.2526851782285915,0.0
2010-09-07,3.252735082439545,0.0
2010-09-08,3.252747558683697,0.0
2010-09-09,3.252760034975703,0.0
2010-09-10,3.2527725113155634,0.0
2010-09-13,3.252809940478708,0.0
2010-09-14,3.252823308190792,0.0
2010-09-15,3.252836675957812,0.0
2010-09-16,3.252850043779768,0.0
2010-09-17,3.252864302848453,0.0
2010-09-20,3.2529070802420246,0.0
2010-09-21,3.2529222307681516,0.0
2010-09-22,3.2529373813648426,0.0
2010-09-23,3.2529516408163777,0.0
2010-09-24,3.2529659003304197,0.0
2010-09-27,3.2530060053894645,0.0
2010-09-28,3.253020265141817,0.0
2010-09-29,3.253034524956678,0.0
2010-09-30,3.253048784834048,0.0
2010-10-01,3.253412147624177,1.0009998926963954
2010-10-04,3.1969568340914676,1.0010176468963023
2010-10-05,3.2985117746368346,1.0009863460078303
2010-10-06,3.3296784179911167,1.0009771435390695
2010-10-07,3.327371139414366,1.0009778513859953
2010-10-08,3.3558886229098617,1.000969571870884
2010-10-11,3.352872346612552,1.0009705334411223
2010-10-12,3.3487162581174337,1.0009717677869463
2010-10-13,3.389193885934886,1.0009601915506947
2010-10-14,3.4193892053796064,1.0009517419299971
2010-10-15,3.395492917296818,1.000958469890686
2010-10-18,3.42247777045086,1.0009510018424288
2010-10-19,3.3457501492412516,1.0009728416851615
2010-10-20,3.4103874176075823,1.0009544331696572
2010-10-21,3.4009141278934254,1.000957121648163
2010-10-22,3.414545045986879,1.0009533303164793
2010-10-25,3.418323305423057,1.0009523650485137
2010-10-26,3.384715286608914,1.0009618514537557
2010-10-27,3.3639421630945114,1.0009678213365962
2010-10-28,3.39596954014957,1.0009587237596647
2010-10-29,3.385333257914723,1.000961765720856
2010-11-01,3.3513612247352755,1.000016270745512
2010-11-02,3.4060020015540946,1.0000160102177698
2010-11-03,3.422908981745384,1.0000159316307489
2010-11-04,3.486471951905338,1.000015641660396
2010-11-05,3.441882129240448,1.0000158447897176
2010-11-08,3.4251421276925673,1.0000159237081712
2010-11-09,3.391829643873288,1.0000160805989513
2010-11-10,3.4052703230497072,1.0000160176243353
2010-11-11,3.3374304971226967,1.0000163437199592
2010-11-12,3.3236466806840514,1.0000164120086623
2010-11-15,3.3220536279238644,1.0000164214038774
2010-11-16,3.2511015195876265,1.0000167803090239
2010-11-17,3.282467422903718,1.0000166204869623
2010-11-18,3.3629331410947283,1.0000162233112182
2010-11-19,3.379269541665735,1.0000161453915495
2010-11-22,3.337014628693771,1.0000163513643587
2010-11-23,3.227814311048425,1.0000169050806424
2010-11-24,3.2561098708285794,1.0000167587036708
2010-11-26,3.2074810845110022,1.0000170138646027
2010-11-29,3.156318614462338,1.0000172912999448
2010-11-30,3.0991162556110687,1.0000176110257843
2010-12-01,3.2027499286125822,0.7523300927425433
2010-12-02,3.2518567957889606,0.7560691307301054
2010-12-03,3.2823244106618223,0.7583323179371452
2010-12-06,3.2709735055244127,0.7574908942670243
2010-12-07,3.262995900920205,0.7568969916967345
2010-12-08,3.271705223148034,0.7575432051265767
2010-12-09,3.2763441045808186,0.7578854977455292
2010-12-10,3.2837487684480626,0.7584305254039837
2010-12-13,3.315776430833981,0.760761330835948
2010-12-14,3.3117970267957513,0.7604728810007013
2010-12-15,3.2838536972592496,0.758433677725997
2010-12-16,3.290496830882576,0.7589204475867614
2010-12-17,3.2779359985891503,0.7579957848785509
2010-12-20,3.2839184632807106,0.7584344710453998
2010-12-21,3.2993184595639238,0.759561087214783
2010-12-22,3.3092949317858045,0.7602850146520795
2010-12-23,3.300882703904046,0.759673184420143
2010-12-27,3.3016052176538953,0.7597220904472916
2010-12-28,3.3088634934950734,0.7602480440003887
2010-12-29,3.3389651046631244,0.7624084918536858
2010-12-30,3.334336861648049,0.7620778543774612
2010-12-31,3.3595266303337334,0.7638610209725387
2011-01-03,3.3809764516360126,1.0002683949461966
2011-01-04,3.371527297390892,1.000269155638755
2011-01-05,3.340357705907777,1.000271675672478
2011-01-06,3.296622951076,1.0002752884643418
2011-01-07,3.2830831407119256,1.0002764324946964
2011-01-10,3.2561279364140616,1.0002787470016168
2011-01-11,3.2746081400355624,1.0002771826298256
2011-01-12,3.3702124451397797,1.0002693281531438
2011-01-13,3.392376244381042,1.0002675769509957
2011-01-14,3.423220552566124,1.0002651743519335
2011-01-18,3.441892920897483,1.000263769011362
2011-01-19,3.4471901063332595,1.000263372055976
2011-01-20,3.4259577904661347,1.000265012721924
2011-01-21,3.456455260630808,1.000262682773334
2011-01-24,3.484423905180388,1.0002605991247877
2011-01-25,3.483587802455374,1.0002606699557357
2011-01-26,3.486872473385529,1.0002604326783684
2011-01-27,3.5206543564036976,1.0002579419350677
2011-01-28,3.431656649491265,1.0002646398233543
2011-01-31,3.4710664145936407,1.0002616598878187
2011-02-01,3.5608176745989133,1.0000352210544081
2011-02-02,3.54639756746977,1.0000353653819471
2011-02-03,3.5404645692492394,1.0000354257719568
2011-02-04,3.534434146139569,1.0000354873234605
2011-02-07,3.5437132689197828,1.0000353977463077
2011-02-08,3.574781093083008,1.0000350912256115
2011-02-09,3.5789784480566382,1.000035051175635
2011-02-10,3.54079596528536,1.0000354302596057
2011-02-11,3.5523919907305914,1.0000353156887116
2011-02-14,3.5570552764272625,1.0000352726366968
2011-02-15,3.540602316756756,1.0000354376435314
2011-02-16,3.5914017305245376,1.0000349374691653
2011-02-17,3.605689385491311,1.000034800096176
2011-02-18,3.606914031876209,1.0000347893194705
2011-02-22,3.4865501562997063,1.000035994666802
2011-02-23,3.4983978831797065,1.0000358738674757
2011-02-24,3.5007104626790846,1.0000358512691545
2011-02-25,3.5348975524510715,1.000035505639601
2011-02-28,3.5658309139101663,1.0000352008994255
2011-03-01,3.5296150363570726,1.0000154549669509
2011-03-02,3.5505838391499562,1.0000153641738834
2011-03-03,3.5920680578208253,1.0000151872056648
2011-03-04,3.564851711922097,1.0000153036282236
2011-03-07,3.5383104796353324,1.0000154198416589
2011-03-08,3.5532445497010996,1.0000153554999665
2011-03-09,3.558527269056707,1.0000153331706396
2011-03-10,3.4736545326361203,1.0000157082835122
2011-03-11,3.4779210694217904,1.000015689477611
2011-03-14,3.413567158883432,1.000015986680779
2011-03-15,3.3547095833903198,1.0000162676490476
2011-03-16,3.245795534078655,1.0000168140236374
2011-03-17,3.359517995978668,1.000016245344606
2011-03-18,3.428540777066125,1.000015918767187
2011-03-21,3.5218498821814412,1.0000154983727683
2011-03-22,3.499996111858813,1.000015595613689
2011-03-23,3.4992539650962216,1.0000155993914224
2011-03-24,3.5508378264274962,1.0000153732344494
2011-03-25,3.5054013662072627,1.000015572964934
2011-03-28,3.500690094738226,1.000015595320265
2011-03-29,3.511084805985262,1.0000155496225414
2011-03-30,3.5524271921240116,1.0000153691225326
2011-03-31,3.5255267874332628,1.0000154868584203
2011-04-01,3.5499646702924568,1.0000492487285124
2011-04-04,3.5465247369168127,1.0000493008324531
2011-04-05,3.521427662551638,1.000049653639472
2011-04-06,3.55539414489837,1.0000491807147807
2011-04-07,3.5389372003533808,1.0000494108523286
2011-04-08,3.577153173181129,1.0000488843718196
2011-04-11,3.5658655206169385,1.0000490433058364
2011-04-12,3.5442421780468756,1.000049343937395
2011-04-13,3.5538045284246427,1.0000492125815417
2011-04-14,3.561391977488932,1.0000491091616133
2011-04-15,3.5496378565222266,1.0000492732240236
2011-04-18,3.473633937803356,1.0000503557617872
2011-04-19,3.506206493198922,1.0000498894207075
2011-04-20,3.5800277730028505,1.000048862104392
2011-04-21,3.605445667317846,1.0000485190423054
2011-04-25,3.607751198892862,1.000048493668819
2011-04-26,3.6390841692458036,1.0000480775416136
2011-04-27,3.706679977994271,1.0000472021729776
2011-04-28,3.7303967593444702,1.000046903437331
2011-04-29,3.730767379098338,1.0000469001141705
2011-05-02,3.7281742235937267,1.0000277570369263
2011-05-03,3.7221863146682552,1.0000278024896536
2011-05-04,3.6844670192855475,1.0000280879069487
2011-05-05,3.5923204718571315,1.0000288092022909
2011-05-06,3.563672861372104,1.0000290416049102
2011-05-09,3.5930385468511385,1.0000288066644618
2011-05-10,3.6382465243182955,1.0000284495225678
2011-05-11,3.5646216129012136,1.0000290379481207
2011-05-12,3.579042198229637,1.0000289217652878
2011-05-13,3.5184753922138485,1.0000294204448075
2011-05-16,3.5156040368137838,1.0000294469665334
2011-05-17,3.5187499699802727,1.0000294214778036
2011-05-18,3.5388842240153218,1.0000292549197403
2011-05-19,3.556080114575175,1.0000291142912594
2011-05-20,3.47973621928734,1.0000297539020235
2011-05-23,3.408084107408898,1.0000303820746639
2011-05-24,3.4326454082312234,1.0000301655605366
2011-05-25,3.444554704575945,1.000030062138326
2011-05-26,3.4678166030641195,1.0000298613505496
2011-05-27,3.483176672005624,1.0000297305235764
2011-05-31,3.57306069966381,1.000028985956574
2011-06-01,3.51207928434649,0.7467910447784292
2011-06-02,3.536197735577029,0.7485176986843575
2011-06-03,3.563312081051645,0.7504310319198159
2011-06-06,3.508613680064882,0.7465394814571364
2011-06-07,3.5312832686040796,0.7481662632859932
2011-06-08,3.485393133290106,0.7448501660692711
2011-06-09,3.50538109137563,0.7463047724246546
2011-06-10,3.4386710390527933,0.7413827429747752
2011-06-13,3.442443127814845,0.7416650635699533
2011-06-14,3.496599001735251,0.7456658471930867
2011-06-15,3.3928029141661913,0.7378846382959465
2011-06-16,3.3806461015872324,0.7369417103887994
2011-06-17,3.427989991653548,0.7405744469329447
2011-06-20,3.4106042728047123,0.7392511554808113
2011-06-21,3.4678767298712128,0.7435572474285403
2011-06-22,3.428703873323503,0.7406271821701799
2011-06-23,3.395339085580548,0.738078274361677
2011-06-24,3.339940381681548,0.7337337753250013
2011-06-27,3.3662975365316727,0.7358181300660985
2011-06-28,3.395486440390159,0.7380889952402799
2011-06-29,3.4472323766161566,0.7420202936630548
2011-06-30,3.499594161707521,0.7458801099790477
2011-07-01,3.5433265244279504,1.0002592820381029
2011-07-05,3.5014802432290577,1.0002624100535977
2011-07-06,3.4554439072837813,1.0002659135322889
2011-07-07,3.4862868259725004,1.000263568308224
2011-07-08,3.411844503515811,1.0002693266500413
2011-07-11,3.2782077121715996,1.0002803295346556
2011-07-12,3.2657576115974445,1.0002814061803025
2011-07-13,3.3260673151977507,1.0002763113977347
2011-07-14,3.2941321316393166,1.0002789978370012
2011-07-15,3.311641662516529,1.0002775303805758
2011-07-18,3.2446319091306877,1.0002832858236026
2011-07-19,3.2966150747240004,1.000278826580567
2011-07-20,3.3497584396183955,1.0002744107863044
2011-07-21,3.4511701335926395,1.0002663547432524
2011-07-22,3.4465019055286605,1.0002667231888487
2011-07-25,3.415884294243348,1.0002691371349237
2011-07-26,3.439929834673878,1.0002672635208198
2011-07-27,3.344731691183878,1.000274878464165
2011-07-28,3.3257125232689737,1.000276458625901
2011-07-29,3.323287493094917,1.000276668470348
2011-08-01,3.3354314456818352,0.24687284830569717
2011-08-02,3.3284535175359715,0.24529188906315558
2011-08-03,3.330009772755049,0.24564335623096076
2011-08-04,3.2803417064517113,0.2342211278173891
2011-08-05,3.287327795703237,0.23584810980186413
2011-08-08,3.25007766857552,0.22708929766573277
2011-08-09,3.288109315669284,0.23602805946512737
2011-08-10,3.2524113144322375,0.22764217793965624
2011-08-11,3.280352029823071,0.23422039071610823
2011-08-12,3.2733691866096244,0.23258617736521514
2011-08-15,3.2826864126941113,0.2347630647754378
2011-08-16,3.2764791392893633,0.23331290711206304
2011-08-17,3.2772574132346777,0.23349434781931527
2011-08-18,3.2508711322722563,0.22727265495488044
2011-08-19,3.2438869126086547,0.22560872957998293
2011-08-22,3.2454434117327584,0.22597885156477138
2011-08-23,3.259413574343977,0.22929617010410344
2011-08-24,3.2508773263400994,0.2272722219203171
2011-08-25,3.2407896894534627,0.22486652008631913
2011-08-26,3.256312075495943,0.2285612620518737
2011-08-29,3.2664032023115444,0.23094388935117496
2011-08-30,3.263300278231369,0.2302122070095397
2011-08-31,3.2764942803570385,0.23331182894551872
2011-09-01,3.271854623555745,0.0
2011-09-02,3.271856416352799,0.0
2011-09-06,3.2718635875449444,0.0
2011-09-07,3.27186538034691,0.0
2011-09-08,3.271867173149858,0.0
2011-09-09,3.271868965953788,0.0
2011-09-12,3.2718716551611573,0.0
2011-09-13,3.2718725515643508,0.0
2011-09-14,3.27187344796779,0.0
2011-09-15,3.2718743443714744,0.0
2011-09-16,3.2718752407754046,0.0
2011-09-19,3.2718779299879315,0.0
2011-09-20,3.271878826392844,0.0
2011-09-21,3.271879722798002,0.0
2011-09-22,3.271880619203406,0.0
2011-09-23,3.271880619203406,0.0
2011-09-26,3.271883308420353,0.0
2011-09-27,3.2718851012331247,0.0
2011-09-28,3.271885997640002,0.0
2011-09-29,3.271887790454247,0.0
2011-09-30,3.2718895832694743,0.0
2011-10-03,3.271894961718105,0.0
2011-10-04,3.271896754537262,0.0
2011-10-05,3.271897650947332,0.0
2011-10-06,3.271897650947332,0.0
2011-10-07,3.271898547357648,0.0
2011-10-10,3.2719012365893305,0.0
2011-10-11,3.2719021330006286,0.0
2011-10-12,3.271903925823715,0.0
2011-10-13,3.271905718647784,0.0
2011-10-14,3.271907511472835,0.0
2011-10-17,3.271912889950936,0.0
2011-10-18,3.271916475608897,0.0
2011-10-19,3.271920061270788,0.0
2011-10-20,3.2719227505201536,0.0
2011-10-21,3.2719254397717297,0.0
2011-10-24,3.2719308182793023,0.0
2011-10-25,3.271932611118107,0.0
2011-10-26,3.2719335075380007,0.0
2011-10-27,3.2719353003782787,0.0
2011-10-28,3.271937093219539,0.0
2011-10-31,3.2719397824829035,0.0
2011-11-01,3.271940678904762,0.0
2011-11-02,3.271941575326866,0.0
2011-11-03,3.271942471749216,0.0
2011-11-04,3.271943368171811,0.0
2011-11-07,3.271946057440333,0.0
2011-11-08,3.2719469538639108,0.0
2011-11-09,3.271947850287734,0.0
2011-11-10,3.2719487467118027,0.0
2011-11-11,3.271949643136117,0.0
2011-11-14,3.2719523324097963,0.0
2011-11-15,3.271953228835093,0.0
2011-11-16,3.2719541252606352,0.0
2011-11-17,3.271955021686423,0.0
2011-11-18,3.2719568145384894,0.0
2011-11-21,3.271959503818063,0.0
2011-11-22,3.2719612966725857,0.0
2011-11-23,3.2719630895280907,0.0
2011-11-25,3.271966675241065,0.0
2011-11-28,3.271972053816422,0.0
2011-11-29,3.271974743108521,0.0
2011-11-30,3.271976535971394,0.0
2011-12-01,3.2719774324033217,0.0
2011-12-02,3.271978328835495,0.0
2011-12-05,3.2719837074300084,0.0
2011-12-06,3.2719846038639013,0.0
2011-12-07,3.27198550029804,0.0
2011-12-08,3.271987293166807,0.0
2011-12-09,3.2719881896016823,0.0
2011-12-12,3.2719908789070438,0.0
2011-12-13,3.2719917753429013,0.0
2011-12-14,3.2719926717790044,0.0
2011-12-15,3.271993568215353,0.0
2011-12-16,3.271993568215353,0.0
2011-12-19,3.271993568215353,0.0
2011-12-20,3.2719944646519474,0.0
2011-12-21,3.2719953610887873,0.0
2011-12-22,3.2719962575258728,0.0
2011-12-23,3.271997153963204,0.0
2011-12-27,3.2720007397135094,0.0
2011-12-28,3.272002532590627,0.0
2011-12-29,3.272003429029677,0.0
2011-12-30,3.272005221908268,0.0
2012-01-03,3.2720123934265626,0.0
2012-01-04,3.2720141863100656,0.0
2012-01-05,3.272015979194551,0.0
2012-01-06,3.272017772080019,0.0
2012-01-09,3.2720231507393707,0.0
2012-01-10,3.2720240471840696,0.0
2012-01-11,3.272025840073958,0.0
2012-01-12,3.2720276329648295,0.0
2012-01-13,3.27203032230261,0.0
2012-01-17,3.2720410796625736,0.0
2012-01-18,3.272043769011406,0.0
2012-01-19,3.2720464583624493,0.0
2012-01-20,3.2720509406178717,0.0
2012-01-23,3.2720643874025592,0.0
2012-01-24,3.272067973226545,0.0
2012-01-25,3.2720715590544605,0.0
2012-01-26,3.2720751448863057,0.0
2012-01-27,3.2720796271810246,0.0
2012-01-30,3.2720957634641175,0.0
2012-01-31,3.272100245787081,0.0
2012-02-01,3.272105624582006,0.0
2012-02-02,3.2721110033857728,0.0
2012-02-03,3.272118175135917,0.0
2012-02-06,3.2721396904335074,0.0
2012-02-07,3.2721468622465277,0.0
2012-02-08,3.272154034075267,0.0
2012-02-09,3.2721621024002823,0.0
2012-02-10,3.272170170745192,0.0
2012-02-13,3.272194375839605,0.0
2012-02-14,3.2722042372473132,0.0
2012-02-15,3.272214995179052,0.0
2012-02-16,3.2722248566489007,0.0
2012-02-17,3.272233821648508,0.0
2012-02-21,3.272266095735516,0.0
2012-02-22,3.272273267825589,0.0
2012-02-23,3.272281336444605,0.0
2012-02-24,3.2722894050835163,0.0
2012-02-27,3.272316300612873,0.0
2012-02-28,3.272327058913039,0.0
2012-02-29,3.2723360241926525,0.0
2012-03-01,3.2772632408064015,0.25137557429649926
2012-03-02,3.269071438368103,0.249497988898689
2012-03-05,3.2641671545491224,0.24836606445873602
2012-03-06,3.257614920467857,0.2468526078183984
2012-03-07,3.2625384938418986,0.2479875519725048
2012-03-08,3.2764789294194854,0.2511854982567494
2012-03-09,3.2797637489421896,0.251933827466647
2012-03-12,3.2715845145252738,0.2500580521077247
2012-03-13,3.2789677563200383,0.2517448491188956
2012-03-14,3.2699563734773434,0.24968115456092482
2012-03-15,3.2765199329480548,0.2511823548326394
2012-03-16,3.2814439645577016,0.25230436825881614
2012-03-19,3.283921110047704,0.2528628474258929
2012-03-20,3.2757306013316505,0.2509926828330862
2012-03-21,3.2716389625173212,0.2500538905364178
2012-03-22,3.2724643384088075,0.2502411920678592
2012-03-23,3.2724697160722847,0.2502407808454383
2012-03-26,3.278224389100617,0.2515520047338068
2012-03-27,3.284787999647827,0.2530456996790642
2012-03-28,3.2864337197064293,0.2534179048838104
2012-03-29,3.2856196800887876,0.2532310916134696
2012-03-30,3.2880837889943155,0.2537892934427742
2012-04-02,3.2982797390020795,0.2539341037761667
2012-04-03,3.2842145050989555,0.2507373014019961
2012-04-04,3.2621086305971954,0.24565822450365893
2012-04-05,3.250723328097091,0.24301456589343262
2012-04-09,3.2480647823132207,0.24238833018968695
2012-04-10,3.234000363755616,0.2390916591675448
2012-04-11,3.2474069347962415,0.24223111913054496
2012-04-12,3.266844009822792,0.24673783658004714
2012-04-13,3.251439390489181,0.2431671765759909
2012-04-16,3.2554776788121016,0.24410040552242668
2012-04-17,3.2675437981620816,0.2468900792716201
2012-04-18,3.2608488930285517,0.24534220225637282
2012-04-19,3.2534832838371166,0.2436322706794743
2012-04-20,3.2588480541003797,0.24487596772687242
2012-04-23,3.2434535008686707,0.2412868988724147
2012-04-24,3.249489445511165,0.2426945528160116
2012-04-25,3.2655761832552077,0.24642329946696082
2012-04-26,3.265582251134421,0.2464228415802192
2012-04-27,3.2675984086418506,0.24688595306515498
2012-04-30,3.2689569542688734,0.2471933710219404
2012-05-01,3.2770744318747997,0.2517055734184841
2012-05-02,3.2696309100061867,0.25000018444853334
2012-05-03,3.2608323789523723,0.24797485145548104
2012-05-04,3.250002871124304,0.2454671278793098
2012-05-07,3.256789237026797,0.24703506090796515
2012-05-08,3.250700724443149,0.24562270234780728
2012-05-09,3.2371623993728824,0.24246590930617173
2012-05-10,3.244617919412228,0.24420471617438622
2012-05-11,3.2419157255820448,0.24357267510182637
2012-05-14,3.2243280221487116,0.239440348911251
2012-05-15,3.2121449915778446,0.23655360496985575
2012-05-16,3.2087647196443103,0.23574746821123546
2012-05-17,3.2006450338976498,0.23380654412514223
2012-05-18,3.197265481392859,0.23299456598488966
2012-05-21,3.2155665864923075,0.23735489311194483
2012-05-22,3.2135408896579616,0.23687226827902685
2012-05-23,3.2060972730379076,0.23509862367192538
2012-05-24,3.200686018021304,0.23380355028061592
2012-05-25,3.2027240527151086,0.2342890170715108
2012-05-29,3.2115521937039233,0.23638632592335432
2012-05-30,3.193950666757662,0.23217623784094332
2012-05-31,3.1932779161108473,0.23201300208058723
2012-06-01,3.1810405490897655,0.0
2012-06-04,3.1810588509668976,0.0
2012-06-05,3.1810658231506808,0.0
2012-06-06,3.181072795349745,0.0
2012-06-07,3.181080639090884,0.0
2012-06-08,3.1810884828513637,0.0
2012-06-11,3.1811120141908256,0.0
2012-06-12,3.1811198580286684,0.0
2012-06-13,3.1811285734255397,0.0
2012-06-14,3.1811372888462888,0.0
2012-06-15,3.1811468758353785,0.0
2012-06-18,3.1811704076067886,0.0
2012-06-19,3.181179123142152,0.0
2012-06-20,3.181186967145469,0.0
2012-06-21,3.1811948111681274,0.0
2012-06-22,3.1812026552101274,0.0
2012-06-25,3.181226187394152,0.0
2012-06-26,3.1812349030823364,0.0
2012-06-27,3.1812436187943995,0.0
2012-06-28,3.1812514629567468,0.0
2012-06-29,3.181259307138436,0.0
2012-07-02,3.1839304789047946,0.2508734644493057
2012-07-03,3.1866913846528133,0.2515204467910341
2012-07-05,3.1701769208849035,0.24761766746043487
2012-07-06,3.1570987223486306,0.2444992875208347
2012-07-09,3.156426023731351,0.24433330621032961
2012-07-10,3.1529889178445467,0.2435076807991968
2012-07-11,3.1557491702333866,0.24416750142323296
2012-07-12,3.148869917932564,0.24251417898255165
2012-07-13,3.1564508561100357,0.24433138399532872
2012-07-16,3.157847693091716,0.24465943693907063
2012-07-17,3.1661171070460576,0.24663020701760568
2012-07-18,3.1723213280142444,0.24810153896451337
2012-07-19,3.1826557497350088,0.25054118526194186
2012-07-20,3.1633813616665805,0.2459728958682285
2012-07-23,3.1461842573745185,0.24184576084093776
2012-07-24,3.13792763246801,0.23984879629710742
2012-07-25,3.1455085240290366,0.24167873531467823
2012-07-26,3.1730586290912686,0.2482608057613405
2012-07-27,3.1909691826708606,0.25247798108733394
2012-07-30,3.1854821001310487,0.2511835833186884
2012-07-31,3.173094572308547,0.24825799358796224
2012-08-01,3.174560375158038,0.24692996125035274
2012-08-02,3.1567822460307844,0.2426868031489991
2012-08-03,3.1889372339097477,0.25032116534235477
2012-08-06,3.2012677783747407,0.253203230939802
2012-08-07,3.2026422480704095,0.2535216866384577
2012-08-08,3.1971772154142295,0.25224345495387823
2012-08-09,3.194448394561137,0.25160243707527835
2012-08-10,3.1937714069813308,0.2514415424177999
2012-08-13,3.1917391304968454,0.25095875623797026
2012-08-14,3.193798261755215,0.2514394281935398
2012-08-15,3.1938054667595943,0.25143886096356916
2012-08-16,3.2027038175100815,0.25351681288519146
2012-08-17,3.2047616388216693,0.25399430049511723
2012-08-20,3.2027273976972253,0.2535149463592123
2012-08-21,3.2082068403266346,0.25478765635374556
2012-08-22,3.211634263677923,0.25558069592255644
2012-08-23,3.202065099697987,0.2533537969286634
2012-08-24,3.2041246032502784,0.25383146728078176
2012-08-27,3.2068800004613043,0.2544664583448102
2012-08-28,3.2109914303702345,0.2554188133126089
2012-08-29,3.210313788145708,0.25525960460516484
2012-08-30,3.1993772664708153,0.25271138064552306
2012-08-31,3.2096442853630043,0.25509976870188666
2012-09-04,3.2144526160689386,0.2498459532755493
2012-09-05,3.213792200393913,0.24968974532677546
2012-09-06,3.236478852873636,0.2549469281224645
2012-09-07,3.249826742805768,0.2580048201597282
2012-09-10,3.2378421468213006,0.25525165513580056
2012-09-11,3.248521106475917,0.25769785473040646
2012-09-12,3.255198115149423,0.2592184231121816
2012-09-13,3.2725477491245565,0.2631437081344842
2012-09-14,3.2758897381920704,0.2638934156337608
2012-09-17,3.2779126061407995,0.2643410311921397
2012-09-18,3.268581292310513,0.26223861078214994
2012-09-19,3.2699220338333355,0.26253908909702545
2012-09-20,3.2712634360426645,0.26283926802235874
2012-09-21,3.276606879987381,0.26403920131286596
2012-09-24,3.2692912579634035,0.26238568904065784
2012-09-25,3.263295326783734,0.26102818024540225
2012-09-26,3.2566321014118453,0.2595139768878176
2012-09-27,3.266644972129857,0.2617814786749216
2012-09-28,3.2506417535778867,0.2581453294493484
2012-10-01,3.2315447245541993,1.0007663442530774
2012-10-02,3.279363983955945,1.000755192072417
2012-10-03,3.274825837492257,1.0007562611764376
2012-10-04,3.3202326975928425,1.0007459409702613
2012-10-05,3.34373052852657,1.0007407212450308
2012-10-08,3.321900859119841,1.000745656871846
2012-10-09,3.247555697420683,1.0007627501302139
2012-10-10,3.229471651549801,1.000767044411561
2012-10-11,3.2599513362728056,1.0007598956490034
2012-10-12,3.261056136713301,1.000759661100138
2012-10-15,3.3020616616403533,1.0007502959536416
2012-10-16,3.390286753123257,1.0007307933008873
2012-10-17,3.453367304646897,1.0007174657710183
2012-10-18,3.4172059433284008,1.0007250801459837
2012-10-19,3.3409812665461516,1.0007416452408513
2012-10-22,3.3736279803543483,1.0007345347183738
2012-10-23,3.29220697124506,1.0007527235015774
2012-10-24,3.279472800069595,1.0007556693018809
2012-10-25,3.2812889390988844,1.0007552740193586
2012-10-26,3.292994286052446,1.0007526121933596
2012-10-31,3.307489465771309,1.0007494288092642
2012-11-01,3.3449357234425423,1.0000143033733344
2012-11-02,3.295811352744115,1.000014516999935
2012-11-05,3.2688858776165977,1.00001463788624
2012-11-06,3.307357149718774,1.0000144680579064
2012-11-07,3.25346101147896,1.0000147081759014
2012-11-08,3.186669019848409,1.0000150169090913
2012-11-09,3.1867273743673166,1.0000150170866617
2012-11-12,3.1992926336635525,1.0000149594469603
2012-11-13,3.181083722107291,1.0000150455259522
2012-11-14,3.1702805889654146,1.000015097254598
2012-11-15,3.1903617234535346,1.0000150026798778
2012-11-16,3.171491989926953,1.0000150923893334
2012-11-19,3.2460936241654053,1.0000147468211373
2012-11-20,3.2529361798122394,1.0000147162406372
2012-11-21,3.2605554974884092,1.000014682285915
2012-11-23,3.3489292850013093,1.0000142957015339
2012-11-26,3.349906635925347,1.0000142928228073
2012-11-27,3.318595164374039,1.0000144281126633
2012-11-28,3.3542480677244826,1.000014275183868
2012-11-29,3.401851791443956,1.0000140758486484
2012-11-30,3.405838658437946,1.0000140597913472
2012-12-03,3.4123439057183846,1.0000116654046298
2012-12-04,3.441842631041808,1.0000115657734265
2012-12-05,3.4376036968174986,1.0000115803842535
2012-12-06,3.4356155912796487,1.0000115874347346
2012-12-07,3.3977185088473045,1.0000117170304386
2012-12-10,3.380814713795408,1.0000117766695915
2012-12-11,3.424450083398381,1.0000116269549424
2012-12-12,3.4535381773183818,1.0000115293657963
2012-12-13,3.462024093672311,1.0000115014428268
2012-12-14,3.4983794101498913,1.0000113822498582
2012-12-17,3.523885322895709,1.0000113008309406
2012-12-18,3.5817834346376456,1.0000111184773182
2012-12-19,3.6028214930317177,1.0000110538738833
2012-12-20,3.6204647038635227,1.000011000322699
2012-12-21,3.6043024739937195,1.0000110499706805
2012-12-24,3.575664854797784,1.0000111394406848
2012-12-26,3.5858652566530966,1.0000111083984407
2012-12-27,3.61592830878057,1.0000110163714995
2012-12-28,3.55579774307961,1.0000112029960941
2012-12-31,3.634512537149687,1.0000109612760224
2013-01-02,3.668703326999009,1.0000105325267832
2013-01-03,3.626962826666957,1.000010654054436
2013-01-04,3.659949747260235,1.0000105583424463
2013-01-07,3.6537095285257464,1.0000105773053203
2013-01-08,3.6448333528651116,1.000010603374809
2013-01-09,3.678096536034536,1.0000105077903023
2013-01-10,3.7603598231405315,1.0000102782157372
2013-01-11,3.780217051201814,1.000010224521878
2013-01-14,3.7714683016598243,1.000010249141187
2013-01-15,3.76568657829427,1.000010265181142
2013-01-16,3.734522494673335,1.0000103511517937
2013-01-17,3.7989773934251443,1.0000101758312903
2013-01-18,3.7941854613928516,1.000010188981714
2013-01-22,3.7992296642838546,1.0000101766582226
2013-01-23,3.7786495583208644,1.0000102323873175
2013-01-24,3.799525603080068,1.0000101764677767
2013-01-25,3.8630008138153062,1.0000100095484865
2013-01-28,3.8623881927134827,1.0000100120247806
2013-01-29,3.8458041900706115,1.0000100554937303
2013-01-30,3.830576053272001,1.0000100957644593
2013-01-31,3.77750840592851,1.0000102378931062
2013-02-01,3.8166601491801795,1.000012644664847
2013-02-04,3.642103916142719,1.0000132518440266
2013-02-05,3.691122946681039,1.0000130762395623
2013-02-06,3.684564597235944,1.000013099898659
2013-02-07,3.6181149738563523,1.0000133408800267
2013-02-08,3.6612355828096046,1.0000131841428122
2013-02-11,3.6412039802263823,1.0000132578394927
2013-02-12,3.6890985211560587,1.000013086107426
2013-02-13,3.717443291021245,1.0000129867162557
2013-02-14,3.6831935511585328,1.0000131078737735
2013-02-15,3.65568450866397,1.0000132069122059
2013-02-19,3.696514883543316,1.000013062607881
2013-02-20,3.6431276276456557,1.0000132544371323
2013-02-21,3.559023259141399,1.0000135680731177
2013-02-22,3.639283553751571,1.0000132692553554
2013-02-25,3.4671516850442456,1.0000139293207344
2013-02-26,3.5163791197755496,1.0000137347390998
2013-02-27,3.5909779463126235,1.0000134498342648
2013-02-28,3.569071866671067,1.000013532797551
2013-03-01,3.5523361932885855,1.000037668979932
2013-03-04,3.566765972045842,1.0000375200083098
2013-03-05,3.6080612230995994,1.0000370917094763
2013-03-06,3.6110048474282057,1.0000370625696147
2013-03-07,3.651205044188693,1.0000366556110225
2013-03-08,3.6683796879686175,1.000036485096063
2013-03-11,3.664042294093568,1.0000365315886874
2013-03-12,3.6369574437563172,1.000036804752881
2013-03-13,3.6161938661507715,1.0000370171951414
2013-03-14,3.6616403016722407,1.0000365588480808
2013-03-15,3.660767741325915,1.0000365686640817
2013-03-18,3.5807639528185597,1.0000373890546286
2013-03-19,3.5474222814296192,1.000037741574914
2013-03-20,3.589838474640673,1.000037296727858
2013-03-21,3.550679158796091,1.000037709167071
2013-03-22,3.591353225034602,1.0000372831827757
2013-03-25,3.470812892461636,1.0000385814097321
2013-03-26,3.458469288855527,1.0000387202560896
2013-03-27,3.409355312544363,1.0000392791979507
2013-03-28,3.435467816410757,1.0000389818064146
2013-04-01,3.4130584200595315,0.7491120901591032
2013-04-02,3.4373838809072135,0.7508870118519395
2013-04-03,3.429661392665503,0.7503256111436027
2013-04-04,3.4453939927260997,0.751465283326054
2013-04-05,3.4253621274723134,0.7500113476575961
2013-04-08,3.4337072708910474,0.7506174751826187
2013-04-09,3.470578235502445,0.7532664089889178
2013-04-10,3.5297185391499473,0.7574000223919795
2013-04-11,3.5442702340195122,0.7583956007138531
2013-04-12,3.5461044368092063,0.7585201061338791
2013-04-15,3.4602483989301325,0.752527261853029
2013-04-16,3.5091246140039942,0.755973740522296
2013-04-17,3.4389422484326784,0.7509932126270084
2013-04-18,3.429640254549421,0.7503174370090816
2013-04-19,3.45807027545251,0.7523698266011551
2013-04-22,3.495338569311765,0.7550091231253625
2013-04-23,3.533677968423613,0.7576668723718365
2013-04-24,3.552210297296786,0.7589308246132003
2013-04-25,3.5461834625212934,0.7585207240732746
2013-04-26,3.5422841412055237,0.7582545742374917
2013-04-29,3.5897316774345764,0.7614488814194774
2013-04-30,3.591515030686445,0.7615670064582045
2013-05-01,3.5576839860423712,1.0002714290293118
2013-05-02,3.5553110782936286,1.0002716180760138
2013-05-03,3.6071428573692925,1.000267722841299
2013-05-06,3.603193339987532,1.0002680394267263
2013-05-07,3.623410330627588,1.0002665514826445
2013-05-08,3.6734940664646207,1.00026292486058
2013-05-09,3.61516045277443,1.0002671749838152
2013-05-10,3.6438826383909326,1.000265076582396
2013-05-13,3.6194822057784592,1.0002668863850683
2013-05-14,3.630061373804128,1.0002661162473612
2013-05-15,3.637182592996607,1.0002656028602788
2013-05-16,3.610214296271005,1.00026759453774
2013-05-17,3.632760251256842,1.0002659412735047
2013-05-20,3.643098042105454,1.0002652092966382
2013-05-21,3.6390776278158534,1.000265509934788
2013-05-22,3.586517708293,1.0002694086221346
2013-05-23,3.594013917716558,1.0002688543637734
2013-05-24,3.5842084423201,1.0002695976357106
2013-05-28,3.6103289544036277,1.0002676776175259
2013-05-29,3.615354967632075,1.0002673131856545
2013-05-30,3.643871560191363,1.0002652288477172
2013-05-31,3.558562361369974,1.0002715949011087
2013-06-03,3.598347742706048,0.7522098891888133
2013-06-04,3.583809894248162,0.7512043792414502
2013-06-05,3.5630178402659434,0.7497522537273845
2013-06-06,3.567643395990034,0.7500763650092775
2013-06-07,3.580465557493795,0.7509710363132034
2013-06-10,3.570407072120127,0.7502686554484559
2013-06-11,3.5356767491666865,0.7478152434734842
2013-06-12,3.5178863890854504,0.7465395686622213
2013-06-13,3.554362071082034,0.7491402943271421
2013-06-14,3.5224613393311985,0.7468680679377205
2013-06-17,3.55037956412485,0.7488575256139004
2013-06-18,3.5725185444884686,0.7504135194596441
2013-06-19,3.504867023405007,0.7455956115677874
2013-06-20,3.4244705731464338,0.7396225915734644
2013-06-21,3.3951670747301206,0.7373749288657399
2013-06-24,3.3484004915533685,0.7337057914360339
2013-06-25,3.3463500831724247,0.7335421870296406
2013-06-26,3.369999724664731,0.7354116726438821
2013-06-27,3.3783006726891074,0.7360613685765915
2013-06-28,3.3505136696508635,0.733871994043113
2013-07-01,3.388250211682177,0.0
2013-07-02,3.3882539248330934,0.0
2013-07-03,3.3882567096993332,0.0
2013-07-05,3.388265992594428,0.0
2013-07-08,3.388277132099061,0.0
2013-07-09,3.3882817735745845,0.0
2013-07-10,3.3882854867600893,0.0
2013-07-11,3.3882891999496634,0.0
2013-07-12,3.388292913143307,0.0
2013-07-15,3.388304052736446,0.0
2013-07-16,3.3883077659463665,0.0
2013-07-17,3.3883105508568594,0.0
2013-07-18,3.388313335769641,0.0
2013-07-19,3.3883161206847117,0.0
2013-07-22,3.38832447543679,0.0
2013-07-23,3.3883281886690915,0.0
2013-07-24,3.388330045287277,0.0
2013-07-25,3.3883328302160813,0.0
2013-07-26,3.38833468683681,0.0
2013-07-29,3.3883430416346676,0.0
2013-07-30,3.388345826574154,0.0
2013-07-31,3.388349539829854,0.0
2013-08-01,3.4104469955474577,0.7523647048509491
2013-08-02,3.421767406919037,0.7531836991152966
2013-08-05,3.411574829929386,0.7524454855714949
2013-08-06,3.407064049080334,0.7521173963235342
2013-08-07,3.4288549341555523,0.753692457355929
2013-08-08,3.4777467924848975,0.7571548360963061
2013-08-09,3.491131823366647,0.7580855752546823
2013-08-12,3.479088425074157,0.7572471537522395
2013-08-13,3.500196105503309,0.7587106606621166
2013-08-14,3.5002019522348715,0.7587106670720833
2013-08-15,3.499766756518393,0.7586803321883825
2013-08-16,3.532717310244833,0.7609308546746895
2013-08-19,3.4746651021902055,0.7569356602702344
2013-08-20,3.4613646393666504,0.7560012725703275
2013-08-21,3.442808134358829,0.7546858669522074
2013-08-22,3.4917774122431777,0.7581259288394427
2013-08-23,3.5111862847586033,0.7594627445090785
2013-08-26,3.47119268784409,0.7566907772319994
2013-08-27,3.396698868319686,0.7513544316824351
2013-08-28,3.408097718969077,0.7521857214460078
2013-08-29,3.396963658973177,0.7513732684751225
2013-08-30,3.3636051424160365,0.7489073780479493
2013-09-03,3.3998933164768377,0.7496847000519118
2013-09-04,3.41033163965981,0.75045072692212
2013-09-05,3.4150857224907867,0.7507979836777431
2013-09-06,3.4370224699775833,0.7523883763581221
2013-09-09,3.474417355465622,0.755052998475592
2013-09-10,3.4983041458976563,0.7567253891885312
2013-09-11,3.5415024999327303,0.7596926598420997
2013-09-12,3.5211847303357375,0.7583059176311696
2013-09-13,3.522292057142548,0.758381834439846
2013-09-16,3.54147824953618,0.7596906193004898
2013-09-17,3.54950818959313,0.7602341322296289
2013-09-18,3.637329237682958,0.766023065609919
2013-09-19,3.6129968182176984,0.7644472385710562
2013-09-20,3.601726629211905,0.7637101039741746
2013-09-23,3.5999378531314905,0.7635924993860397
2013-09-24,3.609199125893923,0.7641989962680026
2013-09-25,3.6334771304169635,0.7657744324959987
2013-09-26,3.6335421991802095,0.7657784986211857
2013-09-27,3.623492988185017,0.7651289206325871
2013-09-30,3.6160501232552633,0.7646451019208982
2013-10-01,3.6624053985082314,0.7520532543013078
2013-10-02,3.680896178817398,0.753298666016684
2013-10-03,3.671065991612326,0.7526379266343043
2013-10-04,3.691143384409345,0.7539832114481774
2013-10-07,3.6773630847359207,0.7530606960201028
2013-10-08,3.653554879110297,0.7514513242459306
2013-10-09,3.6810477845436136,0.7533073396209643
2013-10-10,3.7372784136859796,0.7570187140509999
2013-10-11,3.7409826179079473,0.7572589740147391
2013-10-14,3.7560682624443147,0.7582323146396931
2013-10-15,3.7447437463803315,0.7575006511215934
2013-10-16,3.787494000739274,0.760236873470486
2013-10-17,3.8266443205441796,0.7626892349511761
2013-10-18,3.8451880406046945,0.7638333611603554
2013-10-21,3.8442008747961567,0.7637719384642478
2013-10-22,3.8619387000565104,0.7648566726393579
2013-10-23,3.820774720715093,0.7623230424294076
2013-10-24,3.839673090783801,0.7634925982237772
2013-10-25,3.8178821122834714,0.7621425109375876
2013-10-28,3.8040860274980686,0.7612791004796168
2013-10-29,3.836916595201504,0.7633214559140262
2013-10-30,3.8264085984482357,0.7626712345630532
2013-10-31,3.824546013490524,0.7625553933145764
2013-11-01,3.7987746865882137,1.000763010189177
2013-11-04,3.816833302124582,1.000759465065754
2013-11-05,3.764836401723695,1.0007699763374012
2013-11-06,3.8108809427698866,1.0007606950671486
2013-11-07,3.7165502414029765,1.0007800248994085
2013-11-08,3.7461830630559607,1.0007738770570844
2013-11-11,3.764227513526987,1.0007702344482488
2013-11-12,3.7637162035560134,1.0007703614579573
2013-11-13,3.781008202837889,1.0007668609898404
2013-11-14,3.7794370084056297,1.0007672024908012
2013-11-15,3.799576897364016,1.0007631584676908
2013-11-18,3.8156601050211267,1.000760009172525
2013-11-19,3.7864993380407075,1.0007658850619008
2013-11-20,3.7451414145480895,1.0007743657095418
2013-11-21,3.7842266973481,1.0007663903703998
2013-11-22,3.813740051541653,1.0007604818053861
2013-11-25,3.7883589723222397,1.0007656441764297
2013-11-26,3.7998089019566508,1.0007633596542023
2013-11-27,3.8174767519279484,1.0007598489866023
2013-11-29,3.827153662363255,1.0007579721552962
2013-12-02,3.787684110620781,0.7492860014383679
2013-12-03,3.7636627084369887,0.7476854853677317
2013-12-04,3.7506095060215845,0.7468069419051854
2013-12-05,3.715296837243421,0.7444000053878669
2013-12-06,3.748332351638047,0.7466522913310313
2013-12-09,3.761877381069418,0.7475632511283178
2013-12-10,3.765476710020552,0.747804065704656
2013-12-11,3.732428474076939,0.7455705461551416
2013-12-12,3.7161210486252614,0.7444535452491251
2013-12-13,3.71329035624717,0.7442582482045837
2013-12-16,3.7435318394190316,0.7463227548024015
2013-12-17,3.727655706423524,0.7452418516170277
2013-12-18,3.7814745146317,0.7488671460957812
2013-12-19,3.7833827315535467,0.7489933280720654
2013-12-20,3.794697304049272,0.7497413382250322
2013-12-23,3.827985241162758,0.7519161456752427
2013-12-24,3.830524653126493,0.7520801351796201
2013-12-26,3.860512751110412,0.7540050097063656
2013-12-27,3.8682150915807587,0.7544943609563964
2013-12-30,3.8893490129907393,0.7558269832068294
2013-12-31,3.8975786836911834,0.7563420830655655
2014-01-02,3.837112033164174,0.748554040093374
2014-01-03,3.842236665128877,0.7488889277548675
2014-01-06,3.861383402658813,0.7501326288392133
2014-01-07,3.90670500293885,0.7530309964969268
2014-01-08,3.911068531800671,0.7533062662889382
2014-01-09,3.9180114527026495,0.7537430831302221
2014-01-10,3.94773098814224,0.7555967007738907
2014-01-13,3.92122782485212,0.753943793590944
2014-01-14,3.9480382804733845,0.755614518521273
2014-01-15,3.9858604002738307,0.7579332448858224
2014-01-16,3.9691735521304476,0.7569153028649721
2014-01-17,3.9537844938304874,0.7559688926732567
2014-01-21,3.9610523679159657,0.7564153145750927
2014-01-22,3.949956641195513,0.7557307990930028
2014-01-23,3.9379362939227454,0.7549849114562841
2014-01-24,3.847966204524959,0.7492558884809266
2014-01-27,3.8261643899744815,0.7478262978551589
2014-01-28,3.8732603790703566,0.7508922028140166
2014-01-29,3.846446659846997,0.7491553196992738
2014-01-30,3.8648720756646386,0.7503509246425033
2014-01-31,3.8117994624946894,0.7468748610073569
2014-02-03,3.7486415974118312,0.4942086020721249
2014-02-04,3.781090890090833,0.4985486130056352
2014-02-05,3.7885274592626867,0.4995320983304082
2014-02-06,3.8425809410566356,0.5065712204184251
2014-02-07,3.873858851145583,0.5105542733263405
2014-02-10,3.8536644352370266,0.507986188358947
2014-02-11,3.8810282476268085,0.5114542737487229
2014-02-12,3.880273598606679,0.5113585903165341
2014-02-13,3.897547209844828,0.5135235427714318
2014-02-14,3.9140914294306626,0.515579400450603
2014-02-18,3.9136465899146406,0.5155232775528816
2014-02-19,3.894897210168696,0.5131904212760597
2014-02-20,3.911165123766721,0.5152144369036525
2014-02-21,3.9051037767609964,0.5144613068834701
2014-02-24,3.9185573005092995,0.5161263110502589
2014-02-25,3.925967320041117,0.5170389310021913
2014-02-26,3.9086158021163904,0.5148942574264909
2014-02-27,3.9160517058227837,0.5158147259171325
2014-02-28,3.91504448408645,0.5156896290385873
2014-03-03,3.856717105549154,0.7490584212599399
2014-03-04,3.9379856939698534,0.7542367900243158
2014-03-05,3.949668852980688,0.7549634243316763
2014-03-06,4.003164211970088,0.7582375165149786
2014-03-07,3.98530265826013,0.7571536391465352
2014-03-10,3.9842293982378694,0.7570870239854638
2014-03-11,3.960878262175333,0.7556546094145159
2014-03-12,3.9534904420525394,0.7551976700076821
2014-03-13,3.8860551880856016,0.7509492401008708
2014-03-14,3.873977806515286,0.750172465685621
2014-03-17,3.928880490334004,0.7536625756013987
2014-03-18,3.9469715530230656,0.7547912675044669
2014-03-19,3.906072271113732,0.7522234228313787
2014-03-20,3.905214523833621,0.7521685934122652
2014-03-21,3.875158924122206,0.750246010968673
2014-03-24,3.8890084943856333,0.7511342097300834
2014-03-25,3.907779545659063,0.7523292314765779
2014-03-26,3.9206670701430157,0.7531430055676241
2014-03-27,3.9446402381978203,0.7546429188783279
2014-03-28,3.9838907438398543,0.7570599853752592
2014-03-31,4.0035762918196856,0.7582537244237358
2014-04-01,4.02858341717957,0.7504361966225739
2014-04-02,4.03503489677675,0.7508349426139019
2014-04-03,4.043158733065935,0.7513354486217846
2014-04-04,4.0440885555739605,0.7513924857006918
2014-04-07,4.080002000172129,0.7535801986344804
2014-04-08,4.063496561816693,0.7525790674338618
2014-04-09,4.082901145553622,0.7537547691424752
2014-04-10,4.0195922898184575,0.7498761156685916
2014-04-11,4.021309428389839,0.7499826470293739
2014-04-14,4.029727796491937,0.750504129571147
2014-04-15,3.986898167763695,0.7478236203485105
2014-04-16,4.044554267590753,0.7514181832465278
2014-04-17,4.065808734132274,0.752717401296691
2014-04-21,4.066782958986398,0.7527758266956023
2014-04-22,4.081913176893652,0.7536919299138807
2014-04-23,4.073604495791151,0.7531893476007716
2014-04-24,4.0838091714826845,0.7538059463815132
2014-04-25,4.046883966708919,0.7515595164434673
2014-04-28,4.054099856173429,0.752001103981684
2014-04-29,4.083910693380882,0.7538111896827613
2014-04-30,4.088048811206045,0.7540602589674142
2014-05-01,4.085046114386877,0.7500154898171835
2014-05-02,4.114572746504198,0.7518092025015534
2014-05-05,4.101543243813061,0.7510203576314572
2014-05-06,4.114227449752585,0.7517877604437745
2014-05-07,4.114301587175387,0.7517920290836853
2014-05-08,4.115137647604257,0.7518422528029953
2014-05-09,4.08394198581769,0.7499464657121576
2014-05-12,4.110012881977448,0.751532008598848
2014-05-13,4.091477856682928,0.7504062051569687
2014-05-14,4.100012481042326,0.750925557218127
2014-05-15,4.033643821005752,0.7468271347743787
2014-05-16,4.06087013605587,0.7485243387257144
2014-05-19,4.041028684695769,0.7472889700750561
2014-05-20,4.012535518543668,0.7454942503314935
2014-05-21,4.039502831317487,0.7471930972161634
2014-05-22,4.026907729194554,0.74640210618508
2014-05-23,4.03780949713885,0.7470865926712389
2014-05-27,4.0665039971030765,0.7488701264385076
2014-05-28,4.08363420979817,0.7499233032857338
2014-05-29,4.083921111934819,0.7499405975452333
2014-05-30,4.075718777540056,0.7494370814544886
2014-06-02,4.072500221877293,1.0007619419061935
2014-06-03,4.063503105917555,1.0007636507012883
2014-06-04,4.062544579080025,1.000763852642876
2014-06-05,4.113412949539216,1.0007544279825853
2014-06-06,4.171802974899791,1.0007438899377037
2014-06-09,4.204953833502869,1.0007380883718837
2014-06-10,4.191596473510434,1.000740461535493
2014-06-11,4.173468755389197,1.0007436989654184
2014-06-12,4.170937575653584,1.0007441714905716
2014-06-13,4.181959947126203,1.0007422312293006
2014-06-16,4.177040049491224,1.0007431689814508
2014-06-17,4.168291395932443,1.000744750007606
2014-06-18,4.224364043537638,1.0007348854097604
2014-06-19,4.235014868781438,1.0007330578998146
2014-06-20,4.2170627440649655,1.0007361991153587
2014-06-23,4.189270125219566,1.000741145365341
2014-06-24,4.164024271045994,1.0007456598597666
2014-06-25,4.1697186175994325,1.0007446625678589
2014-06-26,4.165829405259532,1.000745378817145
2014-06-27,4.1612374367873235,1.0007462226119923
2014-06-30,4.1589073229783775,1.0007467039073987
2014-07-01,4.198480388595194,1.0005116697023737
2014-07-02,4.188591124174183,1.00051289208711
2014-07-03,4.205564471480346,1.000510836367591
2014-07-07,4.1548113673118365,1.000517133722542
2014-07-08,4.105049542221358,1.0005234173831334
2014-07-09,4.145893633970935,1.0005182754580761
2014-07-10,4.0916013754494776,1.000525167375821
2014-07-11,4.101680552604834,1.0005238915068264
2014-07-14,4.135722890981072,1.0005196227626538
2014-07-15,4.117309199019607,1.000521961381514
2014-07-16,4.148554677076692,1.0005180446254929
2014-07-17,4.071443395106407,1.000527870905602
2014-07-18,4.140075405030604,1.0005191346440716
2014-07-21,4.135000819092894,1.0005198153156694
2014-07-22,4.169712478423139,1.0005155025490442
2014-07-23,4.160229025556403,1.0005166922434447
2014-07-24,4.203797749964964,1.000511351605162
2014-07-25,4.197055043258731,1.0005121875614063
2014-07-28,4.196320434530097,1.0005123205931938
2014-07-29,4.171341980524869,1.000515403110225
2014-07-30,4.165518156474563,1.000516138120119
2014-07-31,4.061396423055853,1.0005293854001005
2014-08-01,4.058456401118674,0.5003328282464329
2014-08-04,4.071239625329074,0.5019004975139636
2014-08-05,4.023898287201785,0.4960397829476574
2014-08-06,4.027527138402601,0.4964934434250462
2014-08-07,3.9938370670014565,0.49224568911929223
2014-08-08,4.014360041351727,0.4948411120095833
2014-08-11,4.030195022293402,0.4968246837830991
2014-08-12,4.0332044701001095,0.49719958605068354
2014-08-13,4.0235778967837454,0.49599620141711953
2014-08-14,4.030651090825116,0.49688010186648
2014-08-15,4.051054645459885,0.4994135685487687
2014-08-18,4.072285122703464,0.5020221011570107
2014-08-19,4.090214996080899,0.5042046304142453
2014-08-20,4.090974283051964,0.5042962428672821
2014-08-21,4.100707290132224,0.5054722511673421
2014-08-22,4.079282231756223,0.5028746380406245
2014-08-25,4.107588050514757,0.5062991635493647
2014-08-26,4.135120061838116,0.5095857318807723
2014-08-27,4.163992564852638,0.5129857909416445
2014-08-28,4.144720899345239,0.5107207898609266
2014-08-29,4.163408252552069,0.5129165069450539
2014-09-02,4.1671388539752385,0.5017184368373229
2014-09-03,4.180605875863572,0.5033231473218255
2014-09-04,4.1678766521764326,0.5018058237721573
2014-09-05,4.1805615895204,0.5033170693633046
2014-09-08,4.129163541567303,0.49713333438811924
2014-09-09,4.097358512808103,0.4932296421738543
2014-09-10,4.088294046173909,0.4921057649008117
2014-09-11,4.084260229046272,0.49160386489578484
2014-09-12,4.041471307322588,0.4862209588843717
2014-09-15,4.0473044047384485,0.4869605894135337
2014-09-16,4.078008920371364,0.4908231334006085
2014-09-17,4.067518348062467,0.4895096311497131
2014-09-18,4.060097364942829,0.48857628452310753
2014-09-19,4.042608819052604,0.486363556236063
2014-09-22,4.013259974846398,0.4826064985391405
2014-09-23,3.993839701083209,0.48009050063237935
2014-09-24,4.00665144396685,0.4817528308938082
2014-09-25,3.9671456602796615,0.4765917150474122
2014-09-26,3.9965014145499977,0.4804361966365755
2014-09-29,3.9242009064963432,0.4708631817717623
2014-09-30,3.920715704908531,0.4703925314127876
2014-10-01,3.905203976563115,0.0
2014-10-02,3.9052061164009104,0.0
2014-10-03,3.9052071863203945,0.0
2014-10-06,3.9052103960797258,0.0
2014-10-07,3.9052125359210383,0.0
2014-10-08,3.9052146757635238,0.0
2014-10-09,3.905215745685353,0.0
2014-10-10,3.9052168156074756,0.0
2014-10-13,3.9052200253747213,0.0
2014-10-14,3.905221095298016,0.0
2014-10-15,3.9052232351451917,0.0
2014-10-16,3.9052253749935395,0.0
2014-10-17,3.9052285847678205,0.0
2014-10-20,3.905235004321659,0.0
2014-10-21,3.9052371441764557,0.0
2014-10-22,3.905239284032425,0.0
2014-10-23,3.9052414238895667,0.0
2014-10-24,3.9052424938187245,0.0
2014-10-27,3.9052457036070756,0.0
2014-10-28,3.905247843467735,0.0
2014-10-29,3.9052499833295666,0.0
2014-10-30,3.9052531931240737,0.0
2014-10-31,3.9052542630564555,0.0
2014-11-03,3.90525747285448,0.0
2014-11-04,3.9052596127215886,0.0
2014-11-05,3.9052628225240102,0.0
2014-11-06,3.90526603232907,0.0
2014-11-07,3.905269242136768,0.0
2014-11-10,3.9052788715677758,0.0
2014-11-11,3.9052810114466094,0.0
2014-11-12,3.9052831513266155,0.0
2014-11-13,3.905285291207794,0.0
2014-11-14,3.9052874310901453,0.0
2014-11-17,3.9052938507407173,0.0
2014-11-18,3.9052970605712796,0.0
2014-11-19,3.9052992004600795,0.0
2014-11-20,3.9053002704050663,0.0
2014-11-21,3.9053024102956253,0.0
2014-11-24,3.905305620133223,0.0
2014-11-25,3.905307760026713,0.0
2014-11-26,3.905309899921376,0.0
2014-11-28,3.905314179713047,0.0
2014-12-01,3.905320599407589,0.0
2014-12-02,3.905323809260137,0.0
2014-12-03,3.9053270191153224,0.0
2014-12-04,3.9053280890679307,0.0
2014-12-05,3.9053302289737326,0.0
2014-12-08,3.9053366486946572,0.0
2014-12-09,3.9053398585603962,0.0
2014-12-10,3.9053441383848986,0.0
2014-12-11,3.905347348256793,0.0
2014-12-12,3.905350558131326,0.0
2014-12-15,3.9053569778856683,0.0
2014-12-16,3.905361257728931,0.0
2014-12-17,3.9053644676148966,0.0
2014-12-18,3.9053676775035004,0.0
2014-12-19,3.905371957358489,0.0
2014-12-22,3.905384796937527,0.0
2014-12-23,3.9053901467797143,0.0
2014-12-24,3.9053933566894243,0.0
2014-12-26,3.9053954966309896,0.0
2014-12-29,3.9053987065450966,0.0
2014-12-30,3.905401916461842,0.0
2014-12-31,3.9054051263812255,0.0
2015-01-02,3.9054136861732833,0.0
2015-01-05,3.9054201060313978,0.0
2015-01-06,3.9054233159657317,0.0
2015-01-07,3.905426525902704,0.0
2015-01-08,3.9054297358423145,0.0
2015-01-09,3.9054329457845633,0.0
2015-01-12,3.9054393656743374,0.0
2015-01-13,3.9054425756245013,0.0
2015-01-14,3.9054457855773035,0.0
2015-01-15,3.90545006551789,0.0
2015-01-16,3.905453275476848,0.0
2015-01-20,3.905466115323233,0.0
2015-01-21,3.9054693252953827,0.0
2015-01-22,3.905472535270171,0.0
2015-01-23,3.9054757452475974,0.0
2015-01-26,3.9054821652077267,0.0
2015-01-27,3.9054853751930683,0.0
2015-01-28,3.9054875151850545,0.0
2015-01-29,3.9054896551782132,0.0
2015-01-30,3.9054928651697107,0.0
2015-02-02,3.9054992851579824,0.0
2015-02-03,3.9055014251575906,0.0
2015-02-04,3.905503565158371,0.0
2015-02-05,3.9055046351593483,0.0
2015-02-06,3.905506775161888,0.0
2015-02-09,3.9055131951730253,0.0
2015-02-10,3.905514265176641,0.0
2015-02-11,3.9055153351805494,0.0
2015-02-12,3.905516405184751,0.0
2015-02-13,3.90551854519374,0.0
2015-02-17,3.9055228252140632,0.0
2015-02-18,3.90552496522657,0.0
2015-02-19,3.9055271052402496,0.0
2015-02-20,3.9055292452551016,0.0
2015-02-23,3.905535665303176,0.0
2015-02-24,3.9055378053227185,0.0
2015-02-25,3.9055399453434334,0.0
2015-02-26,3.905542085365321,0.0
2015-02-27,3.905545295399912,0.0
2015-03-02,3.9055517154743704,0.0
2015-03-03,3.9055538555027076,0.0
2015-03-04,3.905555995532217,0.0
2015-03-05,3.905557065547559,0.0
2015-03-06,3.9055592055788275,0.0
2015-03-09,3.90556241562749,0.0
2015-03-10,3.90556455566169,0.0
2015-03-11,3.905566695697063,0.0
2015-03-12,3.9055699057518813,0.0
2015-03-13,3.905573115809338,0.0
2015-03-16,3.9055827459896233,0.0
2015-03-17,3.905588096102974,0.0
2015-03-18,3.9055934462236532,0.0
2015-03-19,3.9055966563004585,0.0
2015-03-20,3.905599866379902,0.0
2015-03-23,3.905603076461984,0.0
2015-03-24,3.9056062865467047,0.0
2015-03-25,3.905608426604944,0.0
2015-03-26,3.905612706723767,0.0
2015-03-27,3.905615916816403,0.0
2015-03-30,3.905628757197499,0.0
2015-03-31,3.9056330373386023,0.0
2015-04-01,3.9056362474479482,0.0
2015-04-02,3.9056394575599325,0.0
2015-04-06,3.905648017865593,0.0
2015-04-07,3.9056512279872515,0.0
2015-04-08,3.9056533680701158,0.0
2015-04-09,3.905656578196172,0.0
2015-04-10,3.9056597883248663,0.0
2015-04-13,3.905666208587532,0.0
2015-04-14,3.905669418724142,0.0
2015-04-15,3.905671558816974,0.0
2015-04-16,3.9056736989109786,0.0
2015-04-17,3.905675839006156,0.0
2015-04-20,3.9056790491506814,0.0
2015-04-21,3.905682259297845,0.0
2015-04-22,3.9056854694476475,0.0
2015-04-23,3.9056886796000883,0.0
2015-04-24,3.9056918897551673,0.0
2015-04-27,3.9057015202283196,0.0
2015-04-28,3.9057036603387414,0.0
2015-04-29,3.905705800450336,0.0
2015-04-30,3.90570687050672,0.0
2015-05-01,3.915221838341023,0.5017137733533735
2015-05-04,3.9130935334350894,0.5014423490973403
2015-05-05,3.882042737600571,0.49745432478535756
2015-05-06,3.896445280577363,0.4993117616719905
2015-05-07,3.9120661059635067,0.5013107295685775
2015-05-08,3.947096582139907,0.5057364606722172
2015-05-11,3.9283138920913956,0.5033727996713763
2015-05-12,3.928257738086983,0.5033654283127852
2015-05-13,3.957533157120832,0.507038823109279
2015-05-14,3.9991947414918014,0.5121739755582674
2015-05-15,4.006569864747004,0.5130718115333155
2015-05-18,3.9704967715923987,0.5086471226615935
2015-05-19,3.952515107648939,0.506411480020942
2015-05-20,3.9542453047329316,0.5066271814651154
2015-05-21,3.956261498540092,0.5068783443940621
2015-05-22,3.9370166815487577,0.5044676091138774
2015-05-26,3.881935758794192,0.4974353811151466
2015-05-27,3.9155275143156008,0.5017466670786235
2015-05-28,3.9094736017206544,0.5009749732561563
2015-05-29,3.9034856977369574,0.5002093374431743
2015-06-01,3.890397884426709,0.49893066907281963
2015-06-02,3.9325035126588954,0.5042953866774461
2015-06-03,3.963582133135362,0.5081820934384411
2015-06-04,3.9355657542966322,0.5046806845450217
2015-06-05,3.8913610436278088,0.4990537291105885
2015-06-08,3.8836069668203503,0.49805229344984264
2015-06-09,3.8829812103451617,0.4979711276761386
2015-06-10,3.937047565624801,0.504865076192651
2015-06-11,3.9302686698917455,0.5040107996909423
2015-06-12,3.8999624278708778,0.5001563772198249
2015-06-15,3.8666108707376585,0.4958441337212439
2015-06-16,3.8664363951710135,0.4958211070833306
2015-06-17,3.8562134177576954,0.49448436999136
2015-06-18,3.889700440898661,0.4988362936887666
2015-06-19,3.8828772005284975,0.49795547919679567
2015-06-22,3.94483453196618,0.5058401537736325
2015-06-23,3.9340721119308504,0.504488147568677
2015-06-24,3.9115246491049436,0.501631698958137
2015-06-25,3.920314389349352,0.502748954718905
2015-06-26,3.9303340113238567,0.5040164636402742
2015-06-29,3.8404976183707005,0.492414067667291
2015-06-30,3.835781036022791,0.4917896475085739
2015-07-01,3.8620242351382954,0.4987264423198577
2015-07-02,3.849620038305555,0.49711110724611296
2015-07-06,3.7703601512876648,0.4865388974859912
2015-07-07,3.7693569117375967,0.4864019549562946
2015-07-08,3.761028272628087,0.48526433161493404
2015-07-09,3.804627822028051,0.4911627225916354
2015-07-10,3.889191498751707,0.5022260913830313
2015-07-13,3.8826452396041033,0.501386419462602
2015-07-14,3.886436750629687,0.5018725815232508
2015-07-15,3.8794657841700726,0.5009773655026065
2015-07-16,3.900648065108247,0.5036870118670806
2015-07-17,3.89745666238602,0.5032803375794611
2015-07-20,3.9135749289943274,0.5053248841985225
2015-07-21,3.9110229750316825,0.5050015647710844
2015-07-22,3.9042854010177597,0.5041469449256065
2015-07-23,3.9018555236053545,0.5038376090923966
2015-07-24,3.8906075279226737,0.502402762841313
2015-07-27,3.861852199396608,0.49869600865331243
2015-07-28,3.9018253857699827,0.5038310579936179
2015-07-29,3.888146791922521,0.5020848416579076
2015-07-30,3.880296345526125,0.5010766612706271
2015-07-31,3.9031119707829047,0.5039921643854578
2015-08-03,3.898956096669325,0.49937720435963795
2015-08-04,3.8835526203790662,0.4973904643130839
2015-08-05,3.8966741250005623,0.4990818336639015
2015-08-06,3.894919899735733,0.49885512772506835
2015-08-07,3.9023437633301814,0.4998079633307634
2015-08-10,3.9271351908392242,0.5029631510445589
2015-08-11,3.914750624751083,0.5013891036525637
2015-08-12,3.9049142319053196,0.5001317443008502
2015-08-13,3.9084365108054575,0.5005808567827645
2015-08-14,3.904763323670487,0.5001096866702388
2015-08-17,3.9036161863097822,0.49995908734549144
2015-08-18,3.889375693423019,0.4981268712063344
2015-08-19,3.887926847682156,0.4979388840646294
2015-08-20,3.835042658441522,0.4910149013683773
2015-08-21,3.8013403341033305,0.4865020061926077
2015-08-24,3.7520073239874034,0.47974903034846206
2015-08-25,3.772517454023211,0.48257663987594845
2015-08-26,3.8122111096389784,0.4879631939082019
2015-08-27,3.8408188655863644,0.49177618685127983
2015-08-28,3.8176543006325923,0.4886915722258298
2015-08-31,3.811500642069641,0.4878635404145299
2015-09-01,3.7776680924781783,0.0
2015-09-02,3.777671197410857,0.0
2015-09-03,3.777674302346088,0.0
2015-09-04,3.7776763723046094,0.0
2015-09-08,3.777684652143234,0.0
2015-09-09,3.777690862035813,0.0
2015-09-10,3.777693966987207,0.0
2015-09-11,3.777696036956504,0.0
2015-09-14,3.7777084567790906,0.0
2015-09-15,3.7777157016994183,0.0
2015-09-16,3.7777229466336406,0.0
2015-09-17,3.7777291565891695,0.0
2015-09-18,3.7777301915834594,0.0
2015-09-21,3.77772708659974,0.0
2015-09-22,3.7777281215934626,0.0
2015-09-23,3.777727086599457,0.0
2015-09-24,3.7777281215931797,0.0
2015-09-25,3.7777291565871858,0.0
2015-09-28,3.777726051604317,0.0
2015-09-29,3.777727086597756,0.0
2015-09-30,3.777728121591479,0.0
2015-10-01,3.7777270865974732,0.0
2015-10-02,3.7777250166100287,0.0
2015-10-05,3.7777250166100287,0.0
2015-10-06,3.7777260516031843,0.0
2015-10-07,3.7777260516031843,0.0
2015-10-08,3.7777260516031843,0.0
2015-10-09,3.777725016609746,0.0
2015-10-12,3.777728121589212,0.0
2015-10-13,3.777729156583218,0.0
2015-10-14,3.7777301915775077,0.0
2015-10-15,3.7777301915775077,0.0
2015-10-16,3.777731226572081,0.0
2015-10-19,3.7777343315566507,0.0
2015-10-20,3.777736401548065,0.0
2015-10-21,3.7777384715406135,0.0
2015-10-22,3.7777395065374555,0.0
2015-10-23,3.7777395065374555,0.0
2015-10-26,3.777742611528831,0.0
2015-10-27,3.7777446815247826,0.0
2015-10-28,3.777747786520411,0.0
2015-10-29,3.7777519265179853,0.0
2015-10-30,3.7777591715216796,0.0
2015-11-02,3.7780112498234995,0.25029509564961794
2015-11-03,3.775673952602349,0.24982935332186745
2015-11-04,3.760445622079931,0.24679021814907046
2015-11-05,3.7581058347379357,0.24632023917637097
2015-11-06,3.7733427012713556,0.24936259149421444
2015-11-09,3.769846027005671,0.24866140673219017
2015-11-10,3.7657556962086454,0.2478424243674232
2015-11-11,3.7604929584441154,0.24678711160113312
2015-11-12,3.741168784120723,0.24289386160818188
2015-11-13,3.7370782913017386,0.24206224899070686
2015-11-16,3.7441393149113495,0.24348355069183178
2015-11-17,3.741807369057005,0.2430089683187255
2015-11-18,3.7599808650066437,0.24666492017115782
2015-11-19,3.76467718783328,0.24760220964988286
2015-11-20,3.7570691499079896,0.2460763374603151
2015-11-23,3.7559230471356186,0.24583946272019855
2015-11-24,3.754761956503827,0.24560335896902233
2015-11-25,3.7442285593250855,0.2434777472141883
2015-11-27,3.754218128864899,0.24548291617160678
2015-11-30,3.7542577079628296,0.24548032817868376
2015-12-01,3.7650591249704113,0.0
2015-12-02,3.7650807869544183,0.0
2015-12-03,3.765102449063056,0.0
2015-12-04,3.7651241112963247,0.0
2015-12-07,3.7651921929925836,0.0
2015-12-08,3.765222108218227,0.0
2015-12-09,3.7652499605461505,0.0
2015-12-10,3.765276781504774,0.0
2015-12-11,3.7653015394890907,0.0
2015-12-14,3.76536962439364,0.0
2015-12-15,3.7653964462046634,0.0
2015-12-16,3.7654222365912813,0.0
2015-12-17,3.7654500903996064,0.0
2015-12-18,3.765473817893327,0.0
2015-12-21,3.765532621183086,0.0
2015-12-22,3.765557380849637,0.0
2015-12-23,3.7655790457003215,0.0
2015-12-24,3.765599679010161,0.0
2015-12-28,3.7656822127017557,0.0
2015-12-29,3.7657059416581644,0.0
2015-12-30,3.7657296707640984,0.0
2015-12-31,3.76575133660604,0.0
2016-01-04,3.7658173662185175,0.0
2016-01-05,3.765840064295793,0.0
2016-01-06,3.7658606990358714,0.0
2016-01-07,3.7658823656316742,0.0
2016-01-08,3.7659030006035406,0.0
2016-01-11,3.7659649058583455,0.0
2016-01-12,3.7659865730536946,0.0
2016-01-13,3.7660082403737043,0.0
2016-01-14,3.766030939601454,0.0
2016-01-15,3.766056734333917,0.0
2016-01-19,3.7661516595995495,0.0
2016-01-20,3.7661784869812345,0.0
2016-01-21,3.7662053145540186,0.0
2016-01-22,3.766234205992048,0.0
2016-01-25,3.7663270720409634,0.0
2016-01-26,3.7663590600243153,0.0
2016-01-27,3.766391048279346,0.0
2016-01-28,3.766424068694015,0.0
2016-01-29,3.7664591531921894,0.0
2016-02-01,3.766558216227451,0.0
2016-02-02,3.766594333908976,0.0
2016-02-03,3.7666294199931825,0.0
2016-02-04,3.766663474450952,0.0
2016-02-05,3.7666934013662288,0.0
2016-02-08,3.766783182825385,0.0
2016-02-09,3.7668162066779463,0.0
2016-02-10,3.766847166811152,0.0
2016-02-11,3.7668791592117468,0.0
2016-02-12,3.7669080558189956,0.0
2016-02-16,3.767027771253099,0.0
2016-02-17,3.7670587331251912,0.0
2016-02-18,3.7670896952517645,0.0
2016-02-19,3.7671206576328213,0.0
2016-02-22,3.767213545539448,0.0
2016-02-23,3.767247605278353,0.0
2016-02-24,3.7672806332025632,0.0
2016-02-25,3.767314693548014,0.0
2016-02-26,3.7673477220603955,0.0
2016-02-29,3.767446808466236,0.0
2016-03-01,3.767480870314093,0.0
2016-03-02,3.767514932469907,0.0
2016-03-03,3.7675510593254233,0.0
2016-03-04,3.7675789288812043,0.0
2016-03-07,3.767665634807239,0.0
2016-03-08,3.7676986663963654,0.0
2016-03-09,3.767728601536455,0.0
2016-03-10,3.767759569168796,0.0
2016-03-11,3.7677915693185615,0.0
2016-03-14,3.7678906673981927,0.0
2016-03-15,3.7679257655578344,0.0
2016-03-16,3.7679608640444178,0.0
2016-03-17,3.7679928659038113,0.0
2016-03-18,3.7680228033813763,0.0
2016-03-21,3.768112616527649,0.0
2016-03-22,3.768144619675899,0.0
2016-03-23,3.768175590727567,0.0
2016-03-24,3.768206562033792,0.0
2016-03-28,3.76832631873549,0.0
2016-03-29,3.7683562588624064,0.0
2016-03-30,3.7683800046689693,0.0
2016-03-31,3.768400653326529,0.0
2016-04-01,3.8195159995502417,0.7540842172166204
2016-04-04,3.7519852250823402,0.7496533257002306
2016-04-05,3.7208098958587703,0.7475541701217722
2016-04-06,3.735995528543694,0.7485786977800301
2016-04-07,3.696160659004047,0.74586743746683
2016-04-08,3.790469150488666,0.7521888026299496
2016-04-11,3.822814033096424,0.7542808915982208
2016-04-12,3.8814261440654283,0.7579898882390108
2016-04-13,3.9242690165543763,0.7606305702396039
2016-04-14,3.9144727474935093,0.7600300177048094
2016-04-15,3.9060612486719486,0.7595118053763446
2016-04-18,3.8875737365428895,0.7583637849311058
2016-04-19,3.9681745511268676,0.76327042739571
2016-04-20,3.9567818228837126,0.7625874480237451
2016-04-21,3.92676454293896,0.7607710930070808
2016-04-22,3.937322973726734,0.7614111122269105
2016-04-25,3.9070397787046116,0.7595572809946055
2016-04-26,3.947271648795979,0.7620063209181293
2016-04-27,3.9851187726653245,0.7642650237875047
2016-04-28,3.9865403081549178,0.7643475335636691
2016-04-29,4.014664713558712,0.765996967229133
2016-05-02,4.003849551380476,0.7505886619510872
2016-05-03,3.9154001288978915,0.7449528885750609
2016-05-04,3.900014454983553,0.7439452468930812
2016-05-05,3.874689632424288,0.7422703412657772
2016-05-06,3.8866720484617887,0.7430635010832137
2016-05-09,3.8525334844362673,0.7407826544233632
2016-05-10,3.9276234721175505,0.7457368107983877
2016-05-11,3.917997802496327,0.7451104653928994
2016-05-12,3.9112205287081876,0.7446669798191409
2016-05-13,3.8321903881612034,0.7393993939733992
2016-05-16,3.854631207667926,0.7409105912145274
2016-05-17,3.831649385048676,0.7393546012344236
2016-05-18,3.784141082062785,0.7360802830782882
2016-05-19,3.7681068809179044,0.7349550627668738
2016-05-20,3.7876743614132664,0.7363221425386255
2016-05-23,3.7669274924962113,0.7348629273521702
2016-05-24,3.781376186206142,0.7358734872886752
2016-05-25,3.804669940003819,0.7374880611908448
2016-05-26,3.819680338367699,0.7385173040702482
2016-05-27,3.790832111993949,0.7365252556399419
2016-05-31,3.7741956395940908,0.7353548812926419
2016-06-01,3.7804465598587695,0.503074645547764
2016-06-02,3.807755870544103,0.5066345503334547
2016-06-03,3.847414927874876,0.5117164034024089
2016-06-06,3.851906147695035,0.5122741040809785
2016-06-07,3.871066392328882,0.5146844310518401
2016-06-08,3.9260319298087163,0.5214753129682451
2016-06-09,3.896649264707099,0.5178638296699394
2016-06-10,3.8221815684087983,0.5084669872702551
2016-06-13,3.793804784096504,0.5047802582240223
2016-06-14,3.759603292758281,0.5002714975603103
2016-06-15,3.7759208030159286,0.5024273762340924
2016-06-16,3.7823518117306607,0.5032698443180452
2016-06-17,3.8196735710773266,0.5081197208723073
2016-06-20,3.8556550514161523,0.5126995990476253
2016-06-21,3.867898504766881,0.5142383743101185
2016-06-22,3.8649455076587875,0.5138636339126837
2016-06-23,3.9343219746230784,0.5224324610490794
2016-06-24,3.7877692573120436,0.5039508010461523
2016-06-27,3.7435887152331935,0.4980858739831922
2016-06-28,3.8062570962972253,0.5063460218814076
2016-06-29,3.86466017373077,0.5138027000217765
2016-06-30,3.8968010712359784,0.5178094308589734
2016-07-01,3.903575246714647,0.2518610613264999
2016-07-05,3.87145861483552,0.24563237141529884
2016-07-06,3.8656843227444018,0.2444997536107825
2016-07-07,3.8554008949322744,0.2424790205287884
2016-07-08,3.8992203298406345,0.2509860896603474
2016-07-11,3.9086239040440036,0.252771524995475
2016-07-12,3.9176656892541435,0.2544897609334041
2016-07-13,3.9312141072894615,0.2570531621754985
2016-07-14,3.9512050019342375,0.2608057809722393
2016-07-15,3.9521957697789505,0.2609848115395904
2016-07-18,3.970626032585073,0.2643963202943914
2016-07-19,3.974516000855143,0.2651098330583778
2016-07-20,3.975506769760071,0.2652867411343025
2016-07-21,3.964261486519484,0.2631961458890464
2016-07-22,3.979099455922473,0.26593743588781965
2016-07-25,3.965007092455422,0.2633090672371889
2016-07-26,3.969863126888278,0.26420375498553533
2016-07-27,3.970532115570231,0.2643214799566995
2016-07-28,3.9586416479572764,0.26210547477404356
2016-07-29,3.9915089822981704,0.26817651680754917
2016-08-01,3.9547712210793295,0.7485206132301863
2016-08-02,3.9354291342512706,0.7472826191461441
2016-08-03,3.954500836214423,0.7484994221898317
2016-08-04,3.981934144227844,0.7502302050384205
2016-08-05,4.011208156286203,0.7520512721880058
2016-08-08,4.020891469494133,0.7526429056209505
2016-08-09,4.047442345376294,0.7542634599606469
2016-08-10,4.042148602949488,0.7539396796117958
2016-08-11,4.079750091729665,0.7562056528369384
2016-08-12,4.066124281499226,0.7553868078531368
2016-08-15,4.089220243515701,0.7567627882598451
2016-08-16,4.091579970656792,0.756901005216984
2016-08-17,4.080387206334472,0.7562323658528798
2016-08-18,4.090652345534426,0.7568420811614762
2016-08-19,4.0816225866726,0.756302207564876
2016-08-22,4.043257282578631,0.7539839655814422
2016-08-23,4.044701471012298,0.7540698533458067
2016-08-24,4.057906315358392,0.7548681205612424
2016-08-25,4.047706482970563,0.7542483245312457
2016-08-26,4.02855462640891,0.7530777820586074
2016-08-29,4.070111893353776,0.7555923153648816
2016-08-30,4.05104683835613,0.75443986269866
2016-08-31,4.027732828596989,0.7530162366680211
2016-09-01,4.062400783030794,1.0007617294385076
2016-09-02,4.140749383741076,1.0007473437142278
2016-09-06,4.225305784465554,1.0007324938912983
2016-09-07,4.207091971048518,1.000735691690707
2016-09-08,4.1764788837846485,1.0007411114291316
2016-09-09,4.018909616549392,1.0007701964370843
2016-09-12,4.0750994431096235,1.0007596601808995
2016-09-13,3.9580334807001707,1.0007821578543115
2016-09-14,3.9441714796709717,1.000784936035649
2016-09-15,3.9969519464852548,1.000774599038704
2016-09-16,3.959525882959969,1.0007819483060671
2016-09-19,3.9734888118767433,1.000779283138763
2016-09-20,3.967970817449233,1.0007803946301408
2016-09-21,4.0792725238036,1.0007591288372335
2016-09-22,4.115643963894571,1.0007524452894463
2016-09-23,4.070399964731601,1.0007608335927993
2016-09-26,4.016708017702728,1.000771078547964
2016-09-27,4.0910236726441545,1.0007570974167175
2016-09-28,4.1409890753214045,1.000747988057578
2016-09-29,4.048917777260605,1.0007650237219452
2016-09-30,4.065581404583153,1.0007619144145883
2016-10-03,4.101307990052366,0.5033070309123343
2016-10-04,4.078442078464386,0.5005179274445759
2016-10-05,4.116053414939989,0.5050775793021482
2016-10-06,4.117353484770865,0.5052295152399965
2016-10-07,4.113262963385716,0.504733138235167
2016-10-10,4.1268167414731245,0.5063467686390016
2016-10-11,4.110075122420475,0.5043316193718048
2016-10-12,4.105413443329502,0.5037640317021509
2016-10-13,4.111154517050428,0.5044521191488649
2016-10-14,4.1235290217259415,0.5059353081785738
2016-10-17,4.138146637078599,0.5076680013907532
2016-10-18,4.179879773960581,0.5125790471191269
2016-10-19,4.184062071632293,0.5130617267076956
2016-10-20,4.2089975259693535,0.5159419965748004
2016-10-21,4.209097189472304,0.5159489492309811
2016-10-24,4.231097887703681,0.5184528382700553
2016-10-25,4.227174275333686,0.5180015142255237
2016-10-26,4.215882909929229,0.5167060796705891
2016-10-27,4.221430761986972,0.5173368662432003
2016-10-28,4.212288089714027,0.5162854140769618
2016-10-31,4.223867998297292,0.5176000395676295
2016-11-01,4.160585467643939,0.49265506505565265
2016-11-02,4.127267783026967,0.4885545800688738
2016-11-03,4.12245755138926,0.48795275689169026
2016-11-04,4.128652053940739,0.4887158339975065
2016-11-07,4.234888253806986,0.501526725020989
2016-11-08,4.261392337291506,0.5046214564816178
2016-11-09,4.133422514664318,0.48927863259538756
2016-11-10,3.9682038125143313,0.4680080090412806
2016-11-11,3.9236970882205915,0.46196666493322397
2016-11-14,3.9366089975791665,0.4637106751601649
2016-11-15,3.9801204878622043,0.46956565221357155
2016-11-16,3.9651804753399245,0.4675597873369478
2016-11-17,3.9385649651356447,0.46395497817053877
2016-11-18,3.918732520275126,0.4612357429276512
2016-11-21,3.9646679696420364,0.46745915453390696
2016-11-22,3.9739947124424035,0.4687023023207424
2016-11-23,3.9676532552123405,0.4678461368684763
2016-11-25,3.9551689730398105,0.4661517957006138
2016-11-28,3.977455611370515,0.4691221319097943
2016-11-29,3.958587646056141,0.4665847740594363
2016-11-30,3.96821122027557,0.4678713972075688
2016-12-01,3.9048109564727,0.2431686565713208
2016-12-02,3.910881551326784,0.24433370390549383
2016-12-05,3.9242697724783895,0.24688205928569398
2016-12-06,3.9412008119604383,0.25010731840156764
2016-12-07,3.9593382060602655,0.2535324925386815
2016-12-08,3.9512352645884166,0.2519912330627896
2016-12-09,3.945544895955061,0.250902173669848
2016-12-12,3.9339103467138914,0.24865398661855373
2016-12-13,3.942698771923191,0.2503182905416681
2016-12-14,3.905943503371366,0.24325252481228343
2016-12-15,3.9171477412075464,0.24540588981578915
2016-12-16,3.906932778741864,0.24342258420556365
2016-12-19,3.8943861884048028,0.2409539173470018
2016-12-20,3.9070963671067975,0.243412392211613
2016-12-21,3.9121784649557485,0.24438446916228357
2016-12-22,3.9164962041515925,0.24520695083375418
2016-12-23,3.941889387443731,0.2500589649925513
2016-12-27,3.949996601313324,0.25155636121457897
2016-12-28,3.9656159719024933,0.25449383946262527
2016-12-29,3.984596463317043,0.25803446270022884
2016-12-30,3.974859096996009,0.2562074672732462
2017-01-03,4.008698916837912,0.2522535061312958
2017-01-04,4.019012891766058,0.25416161481158644
2017-01-05,4.031086892772015,0.2563849726940298
2017-01-06,4.020564713836045,0.2544284479552572
2017-01-09,4.0203993105506015,0.25436590755424926
2017-01-10,4.032177873869851,0.25653382613814285
2017-01-11,4.055108733227953,0.2607276548343173
2017-01-12,4.066594875750212,0.26280543742476953
2017-01-13,4.052551377464251,0.2602404659593595
2017-01-17,4.060058292616582,0.26156617895754575
2017-01-18,4.044550212909952,0.25872382438898284
2017-01-19,4.0583846991689985,0.26124021028042654
2017-01-20,4.074566530110097,0.26416385717071494
2017-01-23,4.103737690074833,0.26936507749258265
2017-01-24,4.095563224827459,0.26789655070317203
2017-01-25,4.112330631190086,0.27087160389994347
2017-01-26,4.10122033451325,0.26888656411811585
2017-01-27,4.106836452778534,0.2698763636415674
2017-01-30,4.086127908079307,0.2661453281033137
2017-01-31,4.08059420829459,0.2651398789424442
2017-02-01,4.081564316924673,0.4989795403546403
2017-02-02,4.088493163628809,0.4998217775425111
2017-02-03,4.107057234507334,0.5020756468748241
2017-02-06,4.081103637522865,0.49888852633151937
2017-02-07,4.065180193227997,0.4969183513203067
2017-02-08,4.081053218154817,0.4988677822384908
2017-02-09,4.086328328095467,0.49950743492298605
2017-02-10,4.131220938764001,0.5049389335305867
2017-02-13,4.139110526615818,0.5058606422397997
2017-02-14,4.163262608037769,0.5087202638009465
2017-02-15,4.210390313668496,0.5142120651403874
2017-02-16,4.17894283026965,0.5105492948321433
2017-02-17,4.1686358813295445,0.5093321381112407
2017-02-21,4.194516338280348,0.5123318040534115
2017-02-22,4.202856719823691,0.5132924926614945
2017-02-23,4.198283482329874,0.5127553752222949
2017-02-24,4.1522838380535365,0.5073507202127033
2017-02-27,4.145164863473132,0.506483949961084
2017-02-28,4.101710511389179,0.5012487088343986
2017-03-01,4.157405368736985,0.5033671077791249
2017-03-02,4.09980549555754,0.4963811511701175
2017-03-03,4.150592504452845,0.5025344798612699
2017-03-06,4.137233952018244,0.5008995192370808
2017-03-07,4.136284700974734,0.5007749945492255
2017-03-08,4.081747886255146,0.49409438305807485
2017-03-09,4.049841041118723,0.490098525975034
2017-03-10,4.101688646424631,0.4965340304723608
2017-03-13,4.124711157015645,0.4993141395612352
2017-03-14,4.095682530642714,0.4957546948594431
2017-03-15,4.180131360110668,0.505931254943584
2017-03-16,4.185630174108691,0.506570597743329
2017-03-17,4.168217186234761,0.5044994915045835
2017-03-20,4.210144695841198,0.5094049947945857
2017-03-21,4.16327138209626,0.5038713043927071
2017-03-22,4.177457304194002,0.5055457763172807
2017-03-23,4.171829315327141,0.5048684255432334
2017-03-24,4.186325920666377,0.5065728516282373
2017-03-27,4.152877129878878,0.5025671295916986
2017-03-28,4.148057854691937,0.5019786987180926
2017-03-29,4.166696387356516,0.5041959963312832
2017-03-30,4.1325167700554,0.5000847069394875
2017-03-31,4.0996845313329455,0.4960705150442898
2017-04-03,4.110534173435959,1.0005027727288618
2017-04-04,4.133872680317512,1.0004999586171532
2017-04-05,4.079280749219424,1.000506674138408
2017-04-06,4.057421679257049,1.000509428790919
2017-04-07,4.0815449482493875,1.000506442596266
2017-04-10,4.074073635489005,1.0005074468252493
2017-04-11,4.096056324646913,1.0005047484915919
2017-04-12,4.116269370391795,1.0005022948183315
2017-04-13,4.096908278588362,1.000504693441466
2017-04-17,4.170821102450908,1.0004958473545988
2017-04-18,4.136560621148131,1.0004999790697644
2017-04-19,4.094834862309529,1.0005050988283233
2017-04-20,4.130523902820132,1.000500759307528
2017-04-21,4.124162391666601,1.0005015561858857
2017-04-24,4.202705521327852,1.0004922547565847
2017-04-25,4.20651063890544,1.0004918337273094
2017-04-26,4.16368858258922,1.0004969167026823
2017-04-27,4.161486968306134,1.000497204384901
2017-04-28,4.19504463766479,1.0004932513919047
2017-05-01,4.214573762246113,1.0000240637217512
2017-05-02,4.261800271761867,1.0000237982497704
2017-05-03,4.216104268826625,1.000024057378651
2017-05-04,4.1323126258196785,1.000024546431772
2017-05-05,4.195888689426115,1.0000241757231425
2017-05-08,4.15498106186666,1.0000244175162623
2017-05-09,4.2018339563317815,1.0000241465036186
2017-05-10,4.256583845589073,1.0000238371623749
2017-05-11,4.270584635776007,1.000023760244294
2017-05-12,4.299078231806354,1.0000236039744708
2017-05-15,4.349364247444417,1.0000233346393341
2017-05-16,4.360664637772501,1.0000232753742277
2017-05-17,4.266152265900669,1.0000237922489754
2017-05-18,4.052245737534484,1.0000250494711516
2017-05-19,4.1812171683946655,1.0000242780798818
2017-05-22,4.158778517225679,1.0000244128838658
2017-05-23,4.208860236946039,1.0000241236610121
2017-05-24,4.256176914315323,1.0000238567223003
2017-05-25,4.2352069408796735,1.0000239761063212
2017-05-26,4.2618808319294,1.0000238273000563
2017-05-30,4.2098626750022445,1.0000241267918395
2017-05-31,4.1603929225046326,1.0000244149591664
2017-06-01,4.203905625828728,0.7519604639341714
2017-06-02,4.216205866314436,0.7526775827575328
2017-06-05,4.261056789122724,0.7552615333980444
2017-06-06,4.2327916825118885,0.7536208428327201
2017-06-07,4.227413976887276,0.7533009348370537
2017-06-08,4.218373286370863,0.7527655789376592
2017-06-09,4.218092986397389,0.7527424435034434
2017-06-12,4.225199539894636,0.75313823165543
2017-06-13,4.23283445837789,0.7535769566622512
2017-06-14,4.2520612980523325,0.7546845712012171
2017-06-15,4.210489826698745,0.7522557764668234
2017-06-16,4.228043786612069,0.7532775997100017
2017-06-19,4.220068171707364,0.7527907926804661
2017-06-20,4.1631224820564725,0.7494023825175284
2017-06-21,4.168791392070942,0.7497363000758173
2017-06-22,4.185986576560655,0.7507577091113714
2017-06-23,4.21592275782245,0.7525211411371503
2017-06-26,4.239154970239764,0.7538582034210259
2017-06-27,4.197095314412163,0.7513849084542568
2017-06-28,4.223187181202034,0.7529142107262561
2017-06-29,4.173869111991376,0.749987817376799
2017-06-30,4.1922958970707676,0.7510797630648776
2017-07-03,4.194698874393323,0.7497795472580395
2017-07-05,4.183633144997903,0.7491034161270671
2017-07-06,4.156564640644154,0.7474623937000582
2017-07-07,4.16429050475419,0.747923873862208
2017-07-10,4.189151880228494,0.7493986575035322
2017-07-11,4.180118415399731,0.7488500072313006
2017-07-12,4.2472093086374745,0.7528103140116204
2017-07-13,4.25805647370861,0.7534330584442251
2017-07-14,4.306863631243555,0.7562203777991323
2017-07-17,4.307530573675231,0.7562376883704188
2017-07-18,4.310795866257543,0.756415323642604
2017-07-19,4.327285562297371,0.757336554856905
2017-07-20,4.328041260251899,0.7573716797286586
2017-07-21,4.336232754351421,0.7578225269162596
2017-07-24,4.33920813088258,0.7579659108400463
2017-07-25,4.322183649332185,0.7570049163847152
2017-07-26,4.357801208214131,0.7589833254177835
2017-07-27,4.3193279448762665,0.7568291387427485
2017-07-28,4.333801062719171,0.7576339921084269
2017-07-31,4.301655087163124,0.7558015339149629
2017-08-01,4.306474397398066,1.0002674801274158
2017-08-02,4.330903218731515,1.0002659863944043
2017-08-03,4.317398562163375,1.0002668334484022
2017-08-04,4.323124530102481,1.0002664950678426
2017-08-07,4.359437041620762,1.0002643200074617
2017-08-08,4.3480223950923635,1.000265028507523
2017-08-09,4.313922300007068,1.0002671383977766
2017-08-10,4.253578378209735,1.0002709433323642
2017-08-11,4.275023624015255,1.0002695991644468
2017-08-14,4.314288264440065,1.0002671896574253
2017-08-15,4.317772333975427,1.0002669887602966
2017-08-16,4.367110205746108,1.000263987036504
2017-08-17,4.303314081177237,1.0002679152927234
2017-08-18,4.365490640071745,1.0002641137706985
2017-08-21,4.369414360519125,1.0002639199743324
2017-08-22,4.399312419445655,1.000262140645559
2017-08-23,4.427905484773174,1.0002604620800546
2017-08-24,4.436150666947722,1.0002599920791908
2017-08-25,4.455422642479953,1.0002588816653524
2017-08-28,4.428687800797583,1.0002604874937955
2017-08-29,4.428327943185681,1.000260522722027
2017-08-30,4.416270161189273,1.000261248415314
2017-08-31,4.416099737085639,1.0002612728844051
2017-09-01,4.457621888508349,1.0000272315815837
2017-09-05,4.4255655162026075,1.000027434844042
2017-09-06,4.475587787824867,1.0000271297071168
2017-09-07,4.510362931446897,1.0000269220475742
2017-09-08,4.466810710251328,1.0000271860543681
2017-09-11,4.511290373769587,1.0000269224790002
2017-09-12,4.498955363674558,1.0000269978025365
2017-09-13,4.475982173307568,1.0000271378718293
2017-09-14,4.479048040917636,1.0000271207970517
2017-09-15,4.503606447289816,1.0000269744060346
2017-09-18,4.479501544418693,1.0000271240844392
2017-09-19,4.472710593999395,1.0000271667854204
2017-09-20,4.474799982684396,1.0000271556108276
2017-09-21,4.458091597803476,1.000027258895244
2017-09-22,4.465512455361197,1.0000272151020582
2017-09-25,4.414012815802167,1.0000275371775313
2017-09-26,4.39283906891678,1.0000276714548557
2017-09-27,4.332931005067231,1.0000280556221581
2017-09-28,4.332634662426983,1.000028059116935
2017-09-29,4.375330722416575,1.0000277868588539
2017-10-02,4.355350346718071,1.0000343419652846
2017-10-03,4.412173518403036,1.0000339015420567
2017-10-04,4.42332871763839,1.000033817944965
2017-10-05,4.414615759621134,1.000033886602544
2017-10-06,4.3893127597220065,1.0000340838622823
2017-10-09,4.3622368814529455,1.000034301195248
2017-10-10,4.397794492509531,1.0000340257697617
2017-10-11,4.420720115048857,1.000033851224305
2017-10-12,4.409727728545004,1.0000339375410987
2017-10-13,4.447992864397244,1.0000336474917757
2017-10-16,4.421371958215111,1.0000338558411475
2017-10-17,4.419095969377677,1.0000338752176818
2017-10-18,4.4045203955964745,1.0000339892460894
2017-10-19,4.397382033517774,1.0000340463522808
2017-10-20,4.373300816480001,1.0000342357765457
2017-10-23,4.316543719107188,1.0000346918921401
2017-10-24,4.31898222117912,1.000034674280906
2017-10-25,4.289202269953863,1.0000349170334089
2017-10-26,4.230351162041304,1.0000354048233602
2017-10-27,4.299962311945307,1.0000348336568847
2017-10-30,4.249511941453826,1.000035253229233
2017-10-31,4.263440264789377,1.0000351400813532
2017-11-01,4.253781153302775,0.7495672404610227
2017-11-02,4.26228191009417,0.750058764099327
2017-11-03,4.230061880678907,0.7481470476568989
2017-11-06,4.272817816663251,0.7506434413083386
2017-11-07,4.230975506574064,0.7481693529140471
2017-11-08,4.268810115582795,0.7503931305070273
2017-11-09,4.253478051717488,0.749485094476594
2017-11-10,4.2139147715343555,0.7471246273330897
2017-11-13,4.2151522806362784,0.747173726374487
2017-11-14,4.176189946774443,0.7448064196889307
2017-11-15,4.181332211939587,0.7451116016593166
2017-11-16,4.253990658945465,0.7494566699898899
2017-11-17,4.302552772271554,0.7522760225741276
2017-11-20,4.325492282702143,0.7535642657819042
2017-11-21,4.347319151206536,0.7547929629890264
2017-11-22,4.365591018933369,0.7558106963840623
2017-11-24,4.345169729047927,0.7546459905334235
2017-11-27,4.344089054875219,0.7545595385054882
2017-11-28,4.384210105401851,0.7567972996303182
2017-11-29,4.3443105522237655,0.7545550402888008
2017-11-30,4.318677978410928,0.7530896642877623
2017-12-01,4.313335060827679,0.7492861793036192
2017-12-04,4.335706182089743,0.750554172338231
2017-12-05,4.3528779229996095,0.751529502174763
2017-12-06,4.322925304154374,0.7497991297232461
2017-12-07,4.282031353972075,0.747400821269509
2017-12-08,4.287875163684957,0.7477363036278809
2017-12-11,4.28759631576246,0.7476937708752598
2017-12-12,4.295084402261551,0.7481246041035187
2017-12-13,4.299729357846076,0.7483876035528335
2017-12-14,4.288025641905156,0.7476920061737713
2017-12-15,4.32874064503153,0.7500562474300454
2017-12-18,4.391437051562725,0.753598563869519
2017-12-19,4.389646751977956,0.7534888853159202
2017-12-20,4.401259494389371,0.7541302124916534
2017-12-21,4.439976482652899,0.756265137530799
2017-12-22,4.458315900074684,0.7572589035019228
2017-12-26,4.49037466885868,0.7589573399289741
2017-12-27,4.510590649240257,0.7600281343611781
2017-12-28,4.5226569022936065,0.7606590579381941
2017-12-29,4.549256887172813,0.7620495787177695
2018-01-02,4.5929020637675135,0.7502392536841987
2018-01-03,4.623007010650772,0.7518560381803818
2018-01-04,4.6363737261922875,0.7525620172812448
2018-01-05,4.672868756663784,0.7544851545930121
2018-01-08,4.662133218237104,0.7538920959233067
2018-01-09,4.649877343891976,0.7532337516754467
2018-01-10,4.631788788879385,0.752260416120985
2018-01-11,4.652090072569159,0.7533320674998109
2018-01-12,4.677257269708896,0.7546498508115774
2018-01-16,4.678105221975778,0.7546564181550446
2018-01-17,4.726323729498496,0.7571499280473352
2018-01-18,4.742726438135174,0.7579804092803619
2018-01-19,4.7621557436174315,0.7589583912967444
2018-01-22,4.799081681637073,0.7607851399556279
2018-01-23,4.7835219570480145,0.7599976251770574
2018-01-24,4.883808074414837,0.7649167869956249
2018-01-25,4.908792751077513,0.7661042738281466
2018-01-26,4.945800173238536,0.7678455167242096
2018-01-29,4.866685828625972,0.7640445878819115
2018-01-30,4.8284323045301045,0.7621659004571033
2018-01-31,4.847123751399794,0.7630738177107703
2018-02-01,4.8622184383209905,1.0007605665948394
2018-02-02,4.764178984167356,1.000776270197051
2018-02-05,4.606581088070795,1.0008029898642787
2018-02-06,4.712113118057852,1.0007850597333603
2018-02-07,4.611222926658479,1.0008022912149146
2018-02-08,4.479816153753512,1.0008258821235538
2018-02-09,4.543317464904695,1.0008143953308721
2018-02-12,4.6012598300380505,1.0008043070975787
2018-02-13,4.619520681400705,1.0008011849775686
2018-02-14,4.704981044173451,1.0007866877966334
2018-02-15,4.7475994402527,1.0007796805141298
2018-02-16,4.741513153960903,1.0007807360798295
2018-02-20,4.728127653864986,1.0007831685999258
2018-02-21,4.700817007023448,1.0007877756009507
2018-02-22,4.753335304344341,1.0007791276069307
2018-02-23,4.7782153670215735,1.000775126129424
2018-02-26,4.801273703548488,1.0007715690326529
2018-02-27,4.717844196858158,1.000785270329039
2018-02-28,4.6619146325547804,1.0007947487929831
2018-03-01,4.645701198834571,0.7490329658618982
2018-03-02,4.662630319214845,0.749933217890753
2018-03-05,4.676742993596105,0.7506546305295173
2018-03-06,4.694846832608398,0.7516047689281129
2018-03-07,4.667727166276226,0.7501502894439387
2018-03-08,4.647435583364009,0.7490480544533769
2018-03-09,4.711435622301199,0.7524458577381984
2018-03-12,4.719284902400461,0.7528242850248866
2018-03-13,4.689831572432244,0.7512605106335801
2018-03-14,4.690886589364495,0.7513048715609062
2018-03-15,4.643931416273907,0.7487783879793805
2018-03-16,4.638283528041502,0.7484604928994054
2018-03-19,4.6161062973376685,0.7472156636027397
2018-03-20,4.610900668352179,0.74691800220764
2018-03-21,4.662443590938231,0.7497035968121303
2018-03-22,4.595176628265788,0.7460277094648181
2018-03-23,4.571467364060501,0.7446986981096478
2018-03-26,4.626659020953812,0.7477087466279899
2018-03-27,4.5722386154426395,0.7446935765848386
2018-03-28,4.584643161782414,0.7453722145020643
2018-03-29,4.642441239061822,0.7485306013636608
2018-04-02,4.603848851221171,0.497690221756124
2018-04-03,4.601698442924902,0.4974315317019528
2018-04-04,4.592948450555232,0.4964503644068778
2018-04-05,4.598958025363486,0.4970852186627857
2018-04-06,4.569788726415089,0.49385164219280364
2018-04-09,4.541817873421506,0.4906633623531291
2018-04-10,4.582600678926019,0.4951722719701411
2018-04-11,4.607286183446087,0.4978535781329427
2018-04-12,4.600302530201384,0.49706785371101386
2018-04-13,4.5699428606700945,0.4937028488189809
2018-04-16,4.562771323057274,0.4928349716275592
2018-04-17,4.581780221170855,0.4949147451980162
2018-04-18,4.614695155628931,0.4984930153012845
2018-04-19,4.609236868243752,0.4978746415501811
2018-04-20,4.581919550192504,0.49485620803103725
2018-04-23,4.560382896403335,0.4923963870324912
2018-04-24,4.545117964395584,0.4906659084492455
2018-04-25,4.531683418064534,0.4891301937162297
2018-04-26,4.563550726092981,0.492672305675756
2018-04-27,4.570186680353897,0.49338410650333364
2018-04-30,4.535452415767129,0.48942955805275073
2018-05-01,4.510972192370984,0.49859616555588626
2018-05-02,4.490858234899589,0.49632533090288333
2018-05-03,4.48540879630454,0.4956883964947318
2018-05-04,4.488968965673507,0.49606351200476756
2018-05-07,4.451732107233269,0.4917731175627063
2018-05-08,4.45954931477787,0.4926385594091115
2018-05-09,4.402413734737632,0.4860279925798713
2018-05-10,4.458173604974142,0.49243068778433924
2018-05-11,4.424747795439533,0.4885703035568201
2018-05-14,4.478040261164212,0.49457866349186225
2018-05-15,4.465048446989007,0.49308166841362117
2018-05-16,4.487053787887657,0.4955415696610251
2018-05-17,4.437661704008349,0.48990057172518403
2018-05-18,4.407366909405945,0.4863678613475763
2018-05-21,4.419515425145944,0.48770102345471805
2018-05-22,4.44832838400443,0.49099281986034854
2018-05-23,4.408393921339058,0.48635512352910315
2018-05-24,4.372399532944369,0.4821000314404963
2018-05-25,4.365640939571503,0.4812716787584316
2018-05-29,4.282317892879904,0.47107074841899127
2018-05-30,4.274745632401766,0.47010622402846775
2018-05-31,4.281648664148588,0.4709329992591788
2018-06-01,4.292642273951392,0.24913952837571104
2018-06-04,4.27376300489049,0.24570608022159238
2018-06-05,4.297035206631578,0.24975198363637602
2018-06-06,4.302420918360562,0.2506519234447446
2018-06-07,4.301844387874258,0.2505122785693709
2018-06-08,4.306856444896552,0.25134551767063973
2018-06-11,4.306984533943368,0.25125148816331927
2018-06-12,4.306035427778881,0.25104726453891935
2018-06-13,4.307693069334585,0.25129670226083944
2018-06-14,4.304879830103775,0.25076842554465995
2018-06-15,4.294986659597622,0.24900353746804957
2018-06-18,4.299961889662716,0.2497553275891628
2018-06-19,4.2875120746845,0.24753743967964956
2018-06-20,4.293689513923037,0.248580707727998
2018-06-21,4.2870977572497715,0.24738616517492298
2018-06-22,4.297405524207,0.24915230329406524
2018-06-25,4.278002393145719,0.24562962192185
2018-06-26,4.286057186227058,0.24700811639868794
2018-06-27,4.277587211747178,0.24547785609027997
2018-06-28,4.28376329175016,0.2465266686509546
2018-06-29,4.29857701572186,0.24908440179825636
2018-07-02,4.283375856681344,0.0
2018-07-03,4.283604694569578,0.0
2018-07-05,4.2840600476165624,0.0
2018-07-06,4.284285400912218,0.0
2018-07-09,4.284965017692253,0.0
2018-07-10,4.28519394048087,0.0
2018-07-11,4.285422875499608,0.0
2018-07-12,4.285649474572203,0.0
2018-07-13,4.285877259777153,0.0
2018-07-16,4.286560651712821,0.0
2018-07-17,4.286793182948174,0.0
2018-07-18,4.28702572679755,0.0
2018-07-19,4.287255934206441,0.0
2018-07-20,4.287486153977154,0.0
2018-07-23,4.2881733264155315,0.0
2018-07-24,4.2884035954489494,0.0
2018-07-25,4.2886362266576885,0.0
2018-07-26,4.2888676955170455,0.0
2018-07-27,4.289096826804888,0.0
2018-07-30,4.289787782677261,0.0
2018-07-31,4.290024014826389,0.0
2018-08-01,4.2843061137020335,0.4998060902243023
2018-08-02,4.267744368946563,0.49783762168727175
2018-08-03,4.284436343900285,0.4997668896951207
2018-08-06,4.282121396913695,0.499415419482643
2018-08-07,4.314593518893528,0.5031553809355598
2018-08-08,4.319286215223107,0.5036677119390147
2018-08-09,4.291765756964342,0.5004573933798652
2018-08-10,4.238764672415575,0.49418317157337716
2018-08-13,4.224222989262961,0.49235807025162
2018-08-14,4.256058633812006,0.4961272487167035
2018-08-15,4.215152094222337,0.49120890939214057
2018-08-16,4.216425082342207,0.4913342307768421
2018-08-17,4.234000666516255,0.49341755936377757
2018-08-20,4.242295725133998,0.49432456513323475
2018-08-21,4.269293142875954,0.4974943219863699
2018-08-22,4.297548468869923,0.5007702728424756
2018-08-23,4.267546771509364,0.4972323531297841
2018-08-24,4.28659400480298,0.49943839714871036
2018-08-27,4.30951319435463,0.502016630296609
2018-08-28,4.283767865745722,0.4989952149775041
2018-08-29,4.294794958294405,0.5002529548370266
2018-08-30,4.249992862891439,0.49495586049309204
2018-08-31,4.251539108898124,0.49511090862907364
2018-09-04,4.214973463158979,0.24775294925342004
2018-09-05,4.211108576865936,0.24701943585964334
2018-09-06,4.221727213351328,0.248870145802993
2018-09-07,4.22084382932106,0.2486699222878526
2018-09-10,4.221817179268507,0.24871349148488558
2018-09-11,4.225621399390553,0.24934646430022128
2018-09-12,4.245399319616036,0.25280032064288027
2018-09-13,4.266456376793905,0.25644493315829764
2018-09-14,4.259185145433736,0.2551324876178832
2018-09-17,4.256969153138502,0.25461488393306747
2018-09-18,4.264395745540116,0.2558695757806456
2018-09-19,4.266497853389746,0.2561928063986044
2018-09-20,4.262848521493472,0.2555128103027014
2018-09-21,4.259838944137396,0.2549433537925646
2018-09-24,4.249960681600932,0.25308025187592104
2018-09-25,4.254197224779956,0.25377950593640186
2018-09-26,4.260988406917968,0.2549245418212765
2018-09-27,4.263945382694093,0.2553971777996995
2018-09-28,4.2662610435392665,0.25575770428406447
2018-10-01,4.275114918675411,0.248772937346687
2018-10-02,4.259233938428933,0.24592667033265664
2018-10-03,4.2421170025464505,0.24283855859273792
2018-10-04,4.22850298581732,0.2403552384648708
2018-10-05,4.234052727104601,0.24130562396818162
2018-10-08,4.229476298169152,0.24034860383625276
2018-10-09,4.232759144898871,0.24089243910361738
2018-10-10,4.216055809750828,0.237838832518306
2018-10-11,4.213367353659122,0.23730591978456708
2018-10-12,4.217478259850578,0.23800299793737048
2018-10-15,4.22548575283451,0.2393076178840288
2018-10-16,4.240522969872317,0.2419579498854371
2018-10-17,4.227533203958091,0.2395816650007516
2018-10-18,4.194143540585023,0.2334802906652175
2018-10-19,4.1966102241161405,0.2338831924095799
2018-10-22,4.180721807338601,0.23082879214578317
2018-10-23,4.174742143602049,0.2296785372109278
2018-10-24,4.148772875721261,0.22480807326837693
2018-10-25,4.16504832782329,0.2277887882954482
2018-10-26,4.16195289271814,0.22716597507441322
2018-10-29,4.094964320889034,0.2143761662872187
2018-10-30,4.091869916071854,0.2137325095487922
2018-10-31,4.0846535053536925,0.212293983140752
2018-11-01,4.097575221281284,0.0
2018-11-02,4.097830056781347,0.0
2018-11-05,4.098597978907056,0.0
2018-11-06,4.098858492532016,0.0
2018-11-07,4.099117899740722,0.0
2018-11-08,4.099378446412705,0.0
2018-11-09,4.099636763410698,0.0
2018-11-12,4.100415132801669,0.0
2018-11-13,4.100674638526512,0.0
2018-11-14,4.100937531092379,0.0
2018-11-15,4.1011993169676515,0.0
2018-11-16,4.101459995937935,0.0
2018-11-19,4.102238711493328,0.0
2018-11-20,4.10250170433127,0.0
2018-11-21,4.102764714029575,0.0
2018-11-23,4.1032952633295805,0.0
2018-11-26,4.104091190191618,0.0
2018-11-27,4.1043576750168445,0.0
2018-11-28,4.1046230526637775,0.0
2018-11-29,4.104887322915113,0.0
2018-11-30,4.105148236301117,0.0
2018-12-03,4.1059310262113815,0.0
2018-12-04,4.1061942557621025,0.0
2018-12-06,4.106729748492444,0.0
2018-12-07,4.106995279511799,0.0
2018-12-10,4.107788548463048,0.0
2018-12-11,4.108055273363317,0.0
2018-12-12,4.108322015582437,0.0
2018-12-13,4.108591026256882,0.0
2018-12-14,4.108858928904621,0.0
2018-12-17,4.1096593121096765,0.0
2018-12-18,4.109925032547391,0.0
2018-12-19,4.110188518152217,0.0
2018-12-20,4.110453146728044,0.0
2018-12-21,4.1107166661900525,0.0
2018-12-24,4.111507275258454,0.0
2018-12-26,4.112050219506858,0.0
2018-12-27,4.112319474302053,0.0
2018-12-28,4.112585366739296,0.0
2018-12-31,4.113379715419721,0.0
2019-01-02,4.113920653026132,0.0
2019-01-03,4.114187776093192,0.0
2019-01-04,4.114453789330222,0.0
2019-01-07,4.115255262383432,0.0
2019-01-08,4.115526981977469,0.0
2019-01-09,4.115798719512444,0.0
2019-01-10,4.116069347373453,0.0
2019-01-11,4.116337737648706,0.0
2019-01-14,4.1171429609760155,0.0
2019-01-15,4.117413677225504,0.0
2019-01-16,4.117684411275514,0.0
2019-01-17,4.117952906861784,0.0
2019-01-18,4.118220291749161,0.0
2019-01-22,4.119285387627356,0.0
2019-01-23,4.119553987606056,0.0
2019-01-24,4.119820347809091,0.0
2019-01-25,4.120082210362705,0.0
2019-01-28,4.1208746206946705,0.0
2019-01-29,4.121142195293329,0.0
2019-01-30,4.12140978726601,0.0
2019-01-31,4.1216773966138405,0.0
2019-02-01,4.121943894111266,0.0
2019-02-04,4.122740050397662,0.0
2019-02-05,4.123007746121482,0.0
2019-02-06,4.123275459227189,0.0
2019-02-07,4.123543189715911,0.0
2019-02-08,4.123810937588778,0.0
2019-02-11,4.124617622796843,0.0
2019-02-12,4.124888830530945,0.0
2019-02-13,4.125157795884826,0.0
2019-02-14,4.12542790895694,0.0
2019-02-15,4.125696909461689,0.0
2019-02-19,4.12677298164191,0.0
2019-02-20,4.127045461720972,0.0
2019-02-21,4.127316829093798,0.0
2019-02-22,4.127588214309958,0.0
2019-02-25,4.128405816030217,0.0
2019-02-26,4.12867953499117,0.0
2019-02-27,4.128951009809909,0.0
2019-02-28,4.129222502479047,0.0
2019-03-01,4.123569056192952,0.4997822926245034
2019-03-04,4.107206011387528,0.49769077964785235
2019-03-05,4.105551228043577,0.49745513937149954
2019-03-06,4.12182402606056,0.4994061158498163
2019-03-07,4.0811117590509465,0.4943789194950136
2019-03-08,4.0783723476972185,0.49400602905324903
2019-03-11,4.091589516196027,0.49554064997129366
2019-03-12,4.091323000535369,0.4954744783332263
2019-03-13,4.112589827003429,0.49805031617198947
2019-03-14,4.115799606009891,0.4984087913259398
2019-03-15,4.140498451103386,0.5013680917876733
2019-03-18,4.1682637037873,0.5045918274604253
2019-03-19,4.17760137890383,0.5056667854613356
2019-03-20,4.184163916359203,0.5064095205284384
2019-03-21,4.17874920570735,0.5057371711516337
2019-03-22,4.120613527334321,0.49873049377280704
2019-03-25,4.124046781402056,0.4990485889266107
2019-03-26,4.120372572036915,0.49856877564798924
2019-03-27,4.1342281841112065,0.5002162943889991
2019-03-28,4.116610187525004,0.49804448745132374
2019-03-29,4.1274842559859435,0.49933427091205246
2019-04-01,4.146470873892628,0.25120407457273164
2019-04-02,4.14481727402392,0.25085649284211337
2019-04-03,4.155041654054327,0.2526513993964348
2019-04-04,4.151532694579179,0.25197074789168894
2019-04-05,4.15470592619099,0.25249312559342313
2019-04-08,4.159399262595752,0.25318991570423627
2019-04-09,4.152920088698983,0.2519760086560081
2019-04-10,4.150523340369292,0.2514954586707838
2019-04-11,4.152210628272218,0.2517508334170954
2019-04-12,4.162435886554621,0.2535402795635343
2019-04-15,4.163788733034306,0.25363622429933375
2019-04-16,4.161764071044997,0.25322443413619167
2019-04-17,4.1690196911985415,0.2544754878322847
2019-04-18,4.161056589935116,0.2529998519801448
2019-04-22,4.164462355922158,0.25341690430736435
2019-04-23,4.161325078983052,0.2528051229224943
2019-04-24,4.145938785426216,0.24998284096943912
2019-04-25,4.14874085244214,0.2504403263612807
2019-04-26,4.146716414136613,0.2500254900175977
2019-04-29,4.1536326848905265,0.25112843519356104
2019-04-30,4.160889420439829,0.25238554301176014
2019-05-01,4.12886339803816,0.7484877755265388
2019-05-02,4.104707698566497,0.7469911605623979
2019-05-03,4.131959638017234,0.7486432605135671
2019-05-06,4.103857941746009,0.7468725566336515
2019-05-07,4.051678782185267,0.7435958908454346
2019-05-08,4.046288003114548,0.7432375481543637
2019-05-09,4.028075306626594,0.7420597943917221
2019-05-10,4.04949073689463,0.7434071617966912
2019-05-13,3.995858183602751,0.7399122959473363
2019-05-14,4.020169810114027,0.7414684387346955
2019-05-15,4.027979391957827,0.7419530048123881
2019-05-16,4.047284955317444,0.7431672144228589
2019-05-17,4.032339145159794,0.7421986700996152
2019-05-20,4.033379924904397,0.7422156237455673
2019-05-21,4.0434318757199295,0.7428399890113496
2019-05-22,4.02544419425176,0.7416743104267444
2019-05-23,3.993694064795456,0.7396039827915631
2019-05-24,4.016280777140042,0.741051936715662
2019-05-28,3.9826006761869777,0.7387962408328314
2019-05-29,3.979609698634295,0.7385833114420682
2019-05-30,3.9969657820579583,0.739701921059389
2019-05-31,3.935502257633721,0.7356197859171072
2019-06-03,3.9309411422108127,0.0
2019-06-04,3.9311888453512807,0.0
2019-06-05,3.93143656410044,0.0
2019-06-06,3.9316842984592735,0.0
2019-06-07,3.931929894081205,0.0
2019-06-10,3.932650568354942,0.0
2019-06-11,3.9328919145816026,0.0
2019-06-12,3.93313112061038,0.0
2019-06-13,3.9333671084776163,0.0
2019-06-14,3.9335977223300036,0.0
2019-06-17,3.9342928375439494,0.0
2019-06-18,3.934527817225754,0.0
2019-06-19,3.9347617329891342,0.0
2019-06-20,3.934991350591635,0.0
2019-06-21,3.9352166692744497,0.0
2019-06-24,3.935886195179003,0.0
2019-06-25,3.9361104867758794,0.0
2019-06-26,3.936333712767869,0.0
2019-06-27,3.9365601867623026,0.0
2019-06-28,3.9367855952771063,0.0
2019-07-01,3.921131918843825,1.0010041637734517
2019-07-02,3.928032079935925,1.0010024865964744
2019-07-03,3.9677766213095746,1.0009925305086478
2019-07-05,3.950484370433098,1.0009970476706993
2019-07-08,3.9529023245494033,1.0009966982245866
2019-07-09,3.9206567817838014,1.0010049839705764
2019-07-10,3.934941536900025,1.0010014237071443
2019-07-11,3.954290452486548,1.0009966095973357
2019-07-12,3.9499567395194823,1.000997788315188
2019-07-15,3.9659398700483544,1.0009940203358596
2019-07-16,3.945940903559754,1.0009991433924488
2019-07-17,3.911850270008955,1.001007936233818
2019-07-18,3.9180798765787443,1.001006418845059
2019-07-19,3.861765425402164,1.0010211792201773
2019-07-22,3.8596972161879055,1.0010219800286302
2019-07-23,3.8602956539212707,1.0010219067025354
2019-07-24,3.8794467930181677,1.0010169461291263
2019-07-25,3.851198623851905,1.0010244909315513
2019-07-26,3.8341053128151747,1.0010291446162134
2019-07-29,3.844513376319749,1.0010266182865497
2019-07-30,3.78557358998357,1.0010426899937173
2019-07-31,3.7570322978736286,1.0010506985676955
2019-08-01,3.747950282930464,0.0
2019-08-02,3.748158730576336,0.0
2019-08-05,3.7487810276148923,0.0
2019-08-06,3.74898644027394,0.0
2019-08-07,3.749192891308048,0.0
2019-08-08,3.7493962721826994,0.0
2019-08-09,3.749599664090067,0.0
2019-08-12,3.7502037091866383,0.0
2019-08-13,3.750405089988556,0.0
2019-08-14,3.750606481604347,0.0
2019-08-15,3.750803773780914,0.0
2019-08-16,3.7509959382482285,0.0
2019-08-19,3.751560129144146,0.0
2019-08-20,3.7517554158358006,0.0
2019-08-21,3.7519507126930636,0.0
2019-08-22,3.75214910351157,0.0
2019-08-23,3.7523505887784983,0.0
2019-08-26,3.7529458246664165,0.0
2019-08-27,3.753147352716179,0.0
2019-08-28,3.753346835068625,0.0
2019-08-29,3.7535473563378963,0.0
2019-08-30,3.7537478883199475,0.0
2019-09-03,3.7545500591015615,0.0
2019-09-04,3.7547496160088123,0.0
2019-09-05,3.7549481548241244,0.0
2019-09-06,3.755146704137516,0.0
2019-09-09,3.7557392971516483,0.0
2019-09-10,3.7559368593283753,0.0
2019-09-11,3.756133402873617,0.0
2019-09-12,3.7563309857813847,0.0
2019-09-13,3.7565275499507775,0.0
2019-09-16,3.7571203608737282,0.0
2019-09-17,3.757321083742323,0.0
2019-09-18,3.757521817334468,0.0
2019-09-19,3.757718443818608,0.0
2019-09-20,3.757913021568165,0.0
2019-09-23,3.7584906076517535,0.0
2019-09-24,3.7586862551080427,0.0
2019-09-25,3.758879853194607,0.0
2019-09-26,3.7590703717625087,0.0
2019-09-27,3.759254720693069,0.0
2019-09-30,3.7597985252115693,0.0
2019-10-01,3.755510918904922,0.24935618373802207
2019-10-02,3.742383712263563,0.24668640579210777
2019-10-03,3.755341146684543,0.24924964693219817
2019-10-04,3.7842096391054514,0.2549427874339248
2019-10-07,3.7704501575953047,0.25212059997567077
2019-10-08,3.7593076326783392,0.2498687564600058
2019-10-09,3.762311388868211,0.2504331476222279
2019-10-10,3.781673252432306,0.25423695439963745
2019-10-11,3.7957279221702667,0.2569647482705193
2019-10-14,3.7972157312681367,0.2571551529058683
2019-10-15,3.7988907770274833,0.257449129799575
2019-10-16,3.806312873446692,0.2588637634384057
2019-10-17,3.803564892068677,0.2582951896448009
2019-10-18,3.8012590246021514,0.25781212407383053
2019-10-21,3.812027513106237,0.2598095576174405
2019-10-22,3.80928043541377,0.25924248448856413
2019-10-23,3.8118375267026137,0.25970655073601356
2019-10-24,3.8124047774939536,0.2597838476261364
2019-10-25,3.811647255290685,0.2596034723189577
2019-10-28,3.8202050130169103,0.2611630865100729
2019-10-29,3.816793214699383,0.26046982508125727
2019-10-30,3.814927305545836,0.26007568178759816
2019-10-31,3.802449312061944,0.25761523221690397
2019-11-01,3.82099029089104,0.5011660222146616
2019-11-04,3.825183542904165,0.5016518321012422
2019-11-05,3.81258759645584,0.49998485221694167
2019-11-06,3.818992406053013,0.5008025002786693
2019-11-07,3.827060802753959,0.5018340517054678
2019-11-08,3.8146795165247847,0.5001962071771031
2019-11-11,3.8147299336035965,0.500140372378993
2019-11-12,3.7798276350681252,0.49550374358670524
2019-11-13,3.7638388245443446,0.49333898675274884
2019-11-14,3.7683107941138303,0.4939189052976917
2019-11-15,3.7898670721578824,0.4967761986720161
2019-11-18,3.7863108648012282,0.49623980148023156
2019-11-19,3.787267127105885,0.49634574874502163
2019-11-20,3.7787584509658725,0.49519036645270403
2019-11-21,3.7791017635444564,0.4952149290118757
2019-11-22,3.7881909721812246,0.4964047021089852
2019-11-25,3.7924624576975225,0.4969078217462638
2019-11-26,3.776423895417902,0.4947493070968787
2019-11-27,3.780340877148096,0.49525110995101485
2019-11-29,3.7745268021127494,0.4944295791948911
2019-12-02,3.752736753729504,0.49873010531539486
2019-12-03,3.7484141324737807,0.4981304612122344
2019-12-04,3.764626413656133,0.5002706678061491
2019-12-05,3.7637280475740793,0.5001305715548222
2019-12-06,3.769286318675941,0.5008470407864665
2019-12-09,3.769111235307,0.5007623117873441
2019-12-10,3.7840279708711257,0.502709747613177
2019-12-11,3.8101867068392234,0.5061031784716372
2019-12-12,3.835487301632145,0.5093404425352419
2019-12-13,3.852602966022929,0.511499782205125
2019-12-16,3.8713670309235804,0.5138059534504416
2019-12-17,3.8724463184888807,0.5139209526731924
2019-12-18,3.8836161124817723,0.5152986635869465
2019-12-19,3.8789024854643293,0.5146893141251105
2019-12-20,3.8741616798614817,0.5140749390173411
2019-12-23,3.8706767288423283,0.5135754767343921
2019-12-24,3.8655388666552852,0.5129081306613867
2019-12-26,3.8778760055707258,0.5144165349644421
2019-12-27,3.8849431628837587,0.5152792838395271
2019-12-30,3.8602280210911815,0.5121141089420989
2019-12-31,3.860718003813595,0.5121554467796
2020-01-02,3.908226538069478,1.0005101320043108
2020-01-03,3.849376884104853,1.0005179665693944
2020-01-06,3.863234169416359,1.0005162142670199
2020-01-07,3.8327343582054567,1.000520358219675
2020-01-08,3.8485348725692736,1.0005182574777054
2020-01-09,3.8425162008429106,1.0005191049379851
2020-01-10,3.850260461977459,1.0005180964564613
2020-01-13,3.863159836589137,1.0005164730214315
2020-01-14,3.841752703382736,1.0005193870695046
2020-01-15,3.840462393944499,1.000519597727731
2020-01-16,3.878612363195246,1.0005145227754357
2020-01-17,3.910552955296467,1.000510355492318
2020-01-21,3.856078031422859,1.0005177087991501
2020-01-22,3.870412024056468,1.000515827227207
2020-01-23,3.8402708462577184,1.0005199116990717
2020-01-24,3.820746525177175,1.0005226045682403
2020-01-27,3.7188568977777137,1.0005370337103994
2020-01-28,3.7583594727213296,1.0005314258570221
2020-01-29,3.7835407901348526,1.0005279256928985
2020-01-30,3.773853140033124,1.0005293175889485
2020-01-31,3.6918040291791883,1.0005411191488227
2020-02-03,3.7107129023767946,0.5018500927090567
2020-02-04,3.7361464020385,0.5052203311859014
2020-02-05,3.7463251022753656,0.5065438200361536
2020-02-06,3.739075042404167,0.5055661492144425
2020-02-07,3.7293764256828705,0.5042594091946627
2020-02-10,3.7314531384492673,0.5044730035883552
2020-02-11,3.755860014733573,0.5076722030667455
2020-02-12,3.7739870727625666,0.5100162590873517
2020-02-13,3.761573778415733,0.5083784234078066
2020-02-14,3.7698175207052036,0.5094325233027905
2020-02-18,3.7688310695989853,0.509220771447265
2020-02-19,3.775802910388266,0.5101061691621214
2020-02-20,3.7494166536502744,0.5066376255705979
2020-02-21,3.743374927314753,0.5058203645276123
2020-02-24,3.674596438998731,0.49650735286235814
2020-02-25,3.630291885774575,0.4903417192656349
2020-02-26,3.6288293127714892,0.49011535193617406
2020-02-27,3.569454907453772,0.4816126147873699
2020-02-28,3.553359765702508,0.4792442913904762
2020-03-02,3.5497762386729605,0.0
2020-03-03,3.5498832182308386,0.0
2020-03-04,3.549973667310098,0.0
2020-03-05,3.5500427215923933,0.0
2020-03-06,3.5501020510734937,0.0
2020-03-09,3.5502333562178485,0.0
2020-03-10,3.550264481551382,0.0
2020-03-11,3.5503063065850005,0.0
2020-03-12,3.5503461867380333,0.0
2020-03-13,3.5503782857583515,0.0
2020-03-16,3.5504570749751037,0.0
2020-03-17,3.550480420446282,0.0
2020-03-18,3.550498902399156,0.0
2020-03-19,3.5505008478780065,0.0
2020-03-20,3.5505047388378395,0.0
2020-03-23,3.5505193299532043,0.0
2020-03-24,3.550521275443248,0.0
2020-03-25,3.5505222481888032,0.0
2020-03-26,3.5505183572055175,0.0
2020-03-27,3.5505134934817404,0.0
2020-03-30,3.550522248172546,0.0
2020-03-31,3.550533921122403,0.0
2020-04-01,3.5505446213616176,0.0
2020-04-02,3.550553376129177,0.0
2020-04-03,3.550562130918323,0.0
2020-04-06,3.5505913136207687,0.0
2020-04-07,3.5506059050919205,0.0
2020-04-08,3.5506195238542966,0.0
2020-04-09,3.5506409248486865,0.0
2020-04-13,3.5507382026822443,0.0
2020-04-14,3.5507634956119074,0.0
2020-04-15,3.5507829518502394,0.0
2020-04-16,3.550796571291699,0.0
2020-04-17,3.5508101907853975,0.0
2020-04-20,3.5508452124749503,0.0
2020-04-21,3.5508568864866077,0.0
2020-04-22,3.5508675876991425,0.0
2020-04-23,3.550879261784362,0.0
2020-04-24,3.550889963064329,0.0
2020-04-27,3.550924985540677,0.0
2020-04-28,3.5509366598146017,0.0
2020-04-29,3.5509473612675495,0.0
2020-04-30,3.550957089890457,0.0
2020-05-01,3.550965845675062,0.0
2020-05-04,3.5510008688998416,0.0
2020-05-05,3.5510135163001966,0.0
2020-05-06,3.5510261637455973,0.0
2020-05-07,3.551037838352163,0.0
2020-05-08,3.551048540110032,0.0
2020-05-11,3.551083564150428,0.0
2020-05-12,3.551095238945707,0.0
2020-05-13,3.5511078866821744,0.0
2020-05-14,3.5511205344636885,0.0
2020-05-15,3.5511322093805138,0.0
2020-05-18,3.5511672342461407,0.0
2020-05-19,3.5511798822390297,0.0
2020-05-20,3.5511925302769667,0.0
2020-05-21,3.5512042054304906,0.0
2020-05-22,3.5512158806223986,0.0
2020-05-26,3.5512625815435683,0.0
2020-05-27,3.5512762028247034,0.0
2020-05-28,3.551290797110468,0.0
2020-05-29,3.5513053914562094,0.0
2020-06-01,3.551346255792221,0.0
2020-06-02,3.5513598773942983,0.0
2020-06-03,3.551374472023931,0.0
2020-06-04,3.55139003969285,0.0
2020-06-05,3.551404634446438,0.0
2020-06-08,3.5514484188871362,0.0
2020-06-09,3.551464959879772,0.0
2020-06-10,3.5514834469576457,0.0
2020-06-11,3.551499988113426,0.0
2020-06-12,3.551516529346247,0.0
2020-06-15,3.5515632342211534,0.0
2020-06-16,3.551580748779569,0.0
2020-06-17,3.5515972903885356,0.0
2020-06-18,3.5516138320745454,0.0
2020-06-19,3.5516294007927134,0.0
2020-06-22,3.5516731880045036,0.0
2020-06-23,3.551688756982862,0.0
2020-06-24,3.5517043260294683,0.0
2020-06-25,3.5517189220746435,0.0
2020-06-26,3.5517344912534803,0.0
2020-06-29,3.5517753605270785,0.0
2020-06-30,3.551788983775037,0.0
2020-07-01,3.5518045532609936,0.0
2020-07-02,3.5518181766209245,0.0
2020-07-06,3.5518726702696615,0.0
2020-07-07,3.5518872670066624,0.0
2020-07-08,3.55190186380365,0.0
2020-07-09,3.551916460660624,0.0
2020-07-10,3.551929111321991,0.0
2020-07-13,3.551967063441263,0.0
2020-07-14,3.5519806874245203,0.0
2020-07-15,3.5519952846054275,0.0
2020-07-16,3.5520108549957166,0.0
2020-07-17,3.5520215596859646,0.0
2020-07-20,3.5520536738534902,0.0
2020-07-21,3.552066325003562,0.0
2020-07-22,3.552078976198692,0.0
2020-07-23,3.552091627438881,0.0
2020-07-24,3.552103305548341,0.0
2020-07-27,3.552135420454939,0.0
2020-07-28,3.55214612552059,0.0
2020-07-29,3.5521568306185025,0.0
2020-07-30,3.5521675357486773,0.0
2020-07-31,3.552176294517943,0.0
2020-08-03,3.5522025708905325,0.0
2020-08-04,3.5522123029523707,0.0
2020-08-05,3.5522210618320216,0.0
2020-08-06,3.5522307939445197,0.0
2020-08-07,3.552240526083681,0.0
2020-08-10,3.5522697225811553,0.0
2020-08-11,3.5522804280515525,0.0
2020-08-12,3.5522911335542124,0.0
2020-08-13,3.552301839089136,0.0
2020-08-14,3.5523115714229414,0.0
2020-08-17,3.55234076850435,0.0
2020-08-18,3.5523505009448115,0.0
2020-08-19,3.5523592601652245,0.0
2020-08-20,3.552369965905461,0.0
2020-08-21,3.552380671677961,0.0
2020-08-24,3.552409869327317,0.0
2020-08-25,3.5524215484830517,0.0
2020-08-26,3.552432254411006,0.0
2020-08-27,3.5524429603712253,0.0
2020-08-28,3.552453666363709,0.0
2020-08-31,3.5524828646130215,0.0
2020-09-01,3.5524935707257645,0.0
2020-09-02,3.5525052501566816,0.0
2020-09-03,3.552516929625997,0.0
2020-09-04,3.5525276358414013,0.0
2020-09-08,3.5525704608320803,0.0
2020-09-09,3.5525831138227626,0.0
2020-09-10,3.552594793548068,0.0
2020-09-11,3.552606473311773,0.0
2020-09-14,3.552638592767559,0.0
2020-09-15,3.5526492993496195,0.0
2020-09-16,3.5526600059639466,0.0
2020-09-17,3.552671685942048,0.0
2020-09-18,3.552680445954424,0.0
2020-09-21,3.552709646067678,0.0
2020-09-22,3.5527193795187633,0.0
2020-09-23,3.5527291129965155,0.0
2020-09-24,3.552739819851377,0.0
2020-09-25,3.5527495533851297,0.0
2020-09-28,3.55277875406639,0.0
2020-09-29,3.5527894610708546,0.0
2020-09-30,3.552798221373635,0.0
2020-10-01,3.5528079550673923,0.0
2020-10-02,3.552816715415774,0.0
2020-10-05,3.5528429965257233,0.0
2020-10-06,3.552852730342152,0.0
2020-10-07,3.552862464185249,0.0
2020-10-08,3.552872198055014,0.0
2020-10-09,3.5528809585618033,0.0
2020-10-12,3.552910160323106,0.0
2020-10-13,3.552919894323545,0.0
2020-10-14,3.552930601753364,0.0
2020-10-15,3.5529422826210957,0.0
2020-10-16,3.552952990118386,0.0
2020-10-19,3.5529851127070637,0.0
2020-10-20,3.552995820333431,0.0
2020-10-21,3.5530055545685553,0.0
2020-10-22,3.5530152888303483,0.0
2020-10-23,3.5530240496899643,0.0
2020-10-26,3.553053252627359,0.0
2020-10-27,3.5530639604590792,0.0
2020-10-28,3.5530736948808888,0.0
2020-10-29,3.5530834293293676,0.0
2020-10-30,3.553092190357001,0.0
2020-11-02,3.5525191729497845,0.5004157356758367
2020-11-03,3.5880054793481695,0.5053555341798162
2020-11-04,3.6212240113899408,0.5098917077374812
2020-11-05,3.704189657348998,0.5208677355262261
2020-11-06,3.7214413852335024,0.5230875735232022
2020-11-09,3.7738834121170486,0.5297109013131891
2020-11-10,3.7905896668761425,0.5317821940200889
2020-11-11,3.8002537209375555,0.5329715934645876
2020-11-12,3.7509095393825125,0.5268264180665609
2020-11-13,3.7950094581284017,0.532323651787486
2020-11-16,3.8451202078012696,0.5384151345558588
2020-11-17,3.841577013743798,0.5379882627042423
2020-11-18,3.836608441041413,0.537388796980031
2020-11-19,3.832794989913671,0.5369273787249919
2020-11-20,3.836598004038641,0.5373855106095425
2020-11-23,3.830946146710307,0.5367003423643245
2020-11-24,3.8796060392953704,0.5425102677040843
2020-11-25,3.8775533688107124,0.5422669565238003
2020-11-27,3.8634658102830177,0.5405956349148577
2020-11-30,3.799093301379666,0.5328079501752272
2020-12-01,3.887593124065341,1.000533049949001
2020-12-02,3.9251387854509923,1.0005279668603735
2020-12-03,3.956571295608438,1.0005237881318603
2020-12-04,3.9949672996283585,1.0005187693046125
2020-12-07,3.966748090736792,1.0005225066051198
2020-12-08,3.9822132050546366,1.0005204928263038
2020-12-09,3.961202067221752,1.000523269267343
2020-12-10,3.9703706017589355,1.0005220763608382
2020-12-11,3.936649560439914,1.0005265640073795
2020-12-14,3.946773053406293,1.0005252599897008
2020-12-15,4.008991783661796,1.0005171235047943
2020-12-16,4.02643075372273,1.0005148990137933
2020-12-17,4.068978613132445,1.0005095301139364
2020-12-18,4.035952361073642,1.0005137148055407
2020-12-21,3.955449792465168,1.000524216621254
2020-12-22,3.914407715318681,1.0005297287860342
2020-12-23,4.006104014332413,1.0005176192038054
2020-12-24,4.007793842442481,1.0005174164083321
2020-12-28,4.013265418554452,1.0005167726991657
2020-12-29,4.0580462189869655,1.0005110856214001
2020-12-30,4.068716496545304,1.0005097606529345
2020-12-31,4.0153442975441616,1.0005165517061494
2021-01-04,4.058431450940079,1.0005212997307003
2021-01-05,4.090745497268478,1.0005171972697429
2021-01-06,4.177811316319226,1.0005064339732106
2021-01-07,4.165454359293775,1.0005079514947175
2021-01-08,4.217536538072813,1.000501693805021
2021-01-11,4.1501256054959175,1.0005098881282573
2021-01-12,4.156408024781846,1.0005091324955984
2021-01-13,4.162408525323311,1.0005084137158797
2021-01-14,4.192779583633079,1.0005047460139578
2021-01-15,4.123285685844033,1.000513268335558
2021-01-19,4.108082616969868,1.0005152293614672
2021-01-20,4.119082714133547,1.0005138687758153
2021-01-21,4.0959812386920875,1.0005167823040728
2021-01-22,4.061009533132593,1.0005212481814325
2021-01-25,4.035070391609537,1.000524645552659
2021-01-26,4.046195076762413,1.00052321870669
2021-01-27,3.9480095990124555,1.0005362466740018
2021-01-28,3.978383859111156,1.0005321682709714
2021-01-29,3.87400453013058,1.0005465227797412
2021-02-01,3.9417621959494893,1.0000134346305447
2021-02-02,3.9565587655102434,1.0000133847806512
2021-02-03,3.9673784861255985,1.0000133486693676
2021-02-04,3.969464715378292,1.000013342033861
2021-02-05,4.001390922098767,1.0000132359578686
2021-02-08,4.0069142041117045,1.0000132188319029
2021-02-09,4.034761349922795,1.000013127975714
2021-02-10,4.026305435682303,1.0000131559215
2021-02-11,4.021155506448138,1.000013173149347
2021-02-12,4.043232184519445,1.0000131015987823
2021-02-16,4.07798069758712,1.0000129914404317
2021-02-17,4.070122644625068,1.0000130168934633
2021-02-18,4.026351759869158,1.0000131587763774
2021-02-19,4.029145607035436,1.0000131500230316
2021-02-22,4.002558938412274,1.0000132385025016
2021-02-23,4.05667246204369,1.0000130622775905
2021-02-24,4.073877054931944,1.0000130074842497
2021-02-25,3.9934171572779293,1.0000132699352207
2021-02-26,3.9664639326293587,1.0000133604887897
2021-03-01,4.018511731539475,1.000015495362201
2021-03-02,4.036419397095606,1.000015427060457
2021-03-03,4.027342856009779,1.0000154622694333
2021-03-04,4.011133826443029,1.000015525199212
2021-03-05,4.032071256546806,1.0000154450212142
2021-03-08,4.0349954396713335,1.0000154351473987
2021-03-09,4.0775807007747735,1.0000152743858608
2021-03-10,4.1168372459367495,1.0000151291705186
2021-03-11,4.1483624131060335,1.0000150146253304
2021-03-12,4.14372100474337,1.0000150318716015
2021-03-15,4.15510267829556,1.0000149919776362
2021-03-16,4.168954926300704,1.0000149425893203
2021-03-17,4.179854965075454,1.0000149040391895
2021-03-18,4.140882411427785,1.00001504473127
2021-03-19,4.129300080679262,1.000015087347918
2021-03-22,4.1048515666769285,1.0000151784681448
2021-03-23,4.041339499620967,1.0000154174419043
2021-03-24,4.034955644137541,1.0000154422617151
2021-03-25,4.062945515207613,1.0000153363076283
2021-03-26,4.121872825587752,1.0000151174784417
2021-03-29,4.114983347200046,1.0000151440582656
2021-03-30,4.111769921142533,1.0000151563213209
2021-03-31,4.083135762719414,1.0000152630358796
2021-04-01,4.126831650098469,1.000022833639659
2021-04-05,4.177868583853935,1.0000225572246022
2021-04-06,4.163600983334736,1.0000226351611956
2021-04-07,4.168708335949871,1.0000226080611736
2021-04-08,4.1992347067737406,1.0000224443388832
2021-04-09,4.1778399873772925,1.00002255990059
2021-04-12,4.164971248999235,1.0000226315023097
2021-04-13,4.167943102825165,1.0000226159974404
2021-04-14,4.198384486384965,1.0000224526483583
2021-04-15,4.2346535043900415,1.0000222609676799
2021-04-16,4.253926019759662,1.0000221607330928
2021-04-19,4.257641844775522,1.0000221432487164
2021-04-20,4.209897254048463,1.0000223950018834
2021-04-21,4.245358339340427,1.000022208565195
2021-04-22,4.23973717244841,1.0000222386374953
2021-04-23,4.265167449216658,1.0000221066675221
2021-04-26,4.285227660747276,1.0000220050434738
2021-04-27,4.2696096686512846,1.0000220861599212
2021-04-28,4.290249938431821,1.0000219805122486
2021-04-29,4.299876243957203,1.0000219319104597
2021-04-30,4.244963342787727,1.000022216236673
2021-05-03,4.283204545439601,1.0005130625101955
2021-05-04,4.244454018535098,1.000517761361376
2021-05-05,4.269954367597048,1.0005146836510468
2021-05-06,4.327187493112048,1.000507890430381
2021-05-07,4.398596946738986,1.000499658996049
2021-05-10,4.370689804396599,1.0005028915083416
2021-05-11,4.352119963519015,1.0005050513840914
2021-05-12,4.27963334023353,1.0005136199433806
2021-05-13,4.292945933656432,1.0005120414965314
2021-05-14,4.365165387910945,1.0005035841012344
2021-05-17,4.379881641347019,1.0005019337396894
2021-05-18,4.4027731207737,1.0004993379732183
2021-05-19,4.361930317848368,1.000504027594026
2021-05-20,4.393337397569754,1.0005004382501457
2021-05-21,4.363719144786699,1.0005038488602034
2021-05-24,4.375593896018329,1.0005025231975542
2021-05-25,4.384793795717707,1.0005014828485064
2021-05-26,4.40222047356882,1.0004995116316124
2021-05-27,4.419006052447366,1.0004976281443767
2021-05-28,4.450316479415503,1.0004941408648476
2021-06-01,4.485225039943528,1.0005325320667324
2021-06-02,4.498298289105733,1.0005309992256228
2021-06-03,4.454997384134838,1.0005361753222037
2021-06-04,4.462974675796368,1.0005352318986693
2021-06-07,4.503057386131189,1.000530512153176
2021-06-08,4.50263263985548,1.0005305770245814
2021-06-09,4.491626465718379,1.0005318920012571
2021-06-10,4.502222062029424,1.000530655212948
2021-06-11,4.504052812516488,1.000530454487488
2021-06-14,4.5108418990846575,1.0005297009611724
2021-06-15,4.500179645923644,1.0005309709621557
2021-06-16,4.4468531253989685,1.0005373535122069
2021-06-17,4.4138677311736165,1.0005413846485756
2021-06-18,4.351117733055293,1.0005492079195157
2021-06-21,4.3892487147615755,1.000544483738493
2021-06-22,4.38147063071673,1.0005454660091635
2021-06-23,4.370817909307899,1.0005468110193128
2021-06-24,4.4054400659265065,1.0005425292625036
2021-06-25,4.4203845275864015,1.000540710630667
2021-06-28,4.370387223870739,1.0005469440168315
2021-06-29,4.372240446188381,1.0005467279159168
2021-06-30,4.335182636278959,1.0005514171416428
2021-07-01,4.333141138229694,0.7499471946053005
2021-07-02,4.3575609392423225,0.7513481516015696
2021-07-06,4.316633229189786,0.7489892095079712
2021-07-07,4.343492967833819,0.7505410941324687
2021-07-08,4.2893537748638915,0.7473921377092265
2021-07-09,4.344367910341636,0.7505905827556478
2021-07-12,4.341161484059006,0.7504051355358748
2021-07-13,4.2786902653846965,0.7467605670626765
2021-07-14,4.334333224998418,0.7500112417377012
2021-07-15,4.32507910015204,0.7494759432429742
2021-07-16,4.3099636691071215,0.7485969884089592
2021-07-19,4.220046972210516,0.7432392799672589
2021-07-20,4.229857993601715,0.7438344773984612
2021-07-21,4.277533313658045,0.7466892275723247
2021-07-22,4.284134114805855,0.7470791709503888
2021-07-23,4.285300649308404,0.7471476740933195
2021-07-26,4.29647129226815,0.7478040429887343
2021-07-27,4.301419522312793,0.7480938169311276
2021-07-28,4.332581064254242,0.7499052777328602
2021-07-29,4.378228996053622,0.7525124557751472
2021-07-30,4.348050768762233,0.7507943257558525
2021-08-02,4.355927846100229,0.7489564309153789
2021-08-03,4.401336603553265,0.7515461166363918
2021-08-04,4.367939392394736,0.7496460983336044
2021-08-05,4.3648263076975,0.7494671975406881
2021-08-06,4.350966057858361,0.7486687667604752
2021-08-09,4.329179014602215,0.7474026705328806
2021-08-10,4.338956871530213,0.7479714853477193
2021-08-11,4.383469836132148,0.7505304258148725
2021-08-12,4.363847682280344,0.7494083361532393
2021-08-13,4.388914683928244,0.7508391646146039
2021-08-16,4.378098432881487,0.7502223719554609
2021-08-17,4.3365874007902745,0.7478310158514226
2021-08-18,4.3488866078683195,0.7485436997196275
2021-08-19,4.2919468987172,0.7452072311731254
2021-08-20,4.276643171332678,0.7442950492244829
2021-08-23,4.328908364293325,0.7473812717525649
2021-08-24,4.3468023026160045,0.7484208511021344
2021-08-25,4.34841300970949,0.7485136946946809
2021-08-26,4.330468073302567,0.7474711507195809
2021-08-27,4.38392006213013,0.7505498271097926
2021-08-30,4.374349043486587,0.7500030060049143
2021-08-31,4.425571248891262,0.7528961690815333
2021-09-01,4.437644367315274,1.0007630083075476
2021-09-02,4.380639859209149,1.0007729594377406
2021-09-03,4.403100101790855,1.0007690386889585
2021-09-07,4.402938032372745,1.0007691554921763
2021-09-08,4.317946738068547,1.0007843175462499
2021-09-09,4.327767507031938,1.0007825602481804
2021-09-10,4.307460084997671,1.0007862720132972
2021-09-13,4.356748435887926,1.000777443924431
2021-09-14,4.332921093508535,1.0007817418998763
2021-09-15,4.3455899206390605,1.0007794850738918
2021-09-16,4.285643109365985,1.0007904108927037
2021-09-17,4.208965078201482,1.0008048333619273
2021-09-20,4.115998771848294,1.0008230821399327
2021-09-21,4.160034838943285,1.0008143926042683
2021-09-22,4.2066997189303255,1.0008053812814084
2021-09-23,4.250179127368613,1.0007971647112026
2021-09-24,4.192233205864088,1.000808206094328
2021-09-27,4.211061379543548,1.0008046606202325
2021-09-28,4.144924044644736,1.000817523258168
2021-09-29,4.144647746067386,1.0008176010528613
2021-09-30,4.149446337607064,1.0008166788142432
2021-10-01,4.172591940069434,0.24930192309278904
2021-10-04,4.163385282396165,0.24763940139476248
2021-10-05,4.164031863698882,0.2477554018435497
2021-10-06,4.161891724376813,0.24736775577153716
2021-10-07,4.158036842845028,0.24666917108197847
2021-10-08,4.16232798930659,0.2474447855941761
2021-10-11,4.1593402075242185,0.24690110716244584
2021-10-12,4.168132720657995,0.2484887103887376
2021-10-13,4.178426707860874,0.250338904011813
2021-10-14,4.181860387058816,0.25095341633614704
2021-10-15,4.205871934757633,0.2552287430890836
2021-10-18,4.200311558815383,0.25423974952290807
2021-10-19,4.201817323879598,0.25450577501922295
2021-10-20,4.205894247879019,0.2552273890488748
2021-10-21,4.191751290367836,0.2527135045960878
2021-10-22,4.194114426561361,0.253133328752067
2021-10-25,4.194987245338526,0.25328504115238143
2021-10-26,4.1988507088577105,0.2539708851972275
2021-10-27,4.185780491818972,0.2516401581741333
2021-10-28,4.178283427465818,0.25029614902378033
2021-10-29,4.1688572059859705,0.24859975515168897
2021-11-01,4.165613749780112,0.500350063738976
2021-11-02,4.167028548848537,0.5005190218091164
2021-11-03,4.176614776631329,0.5016647552606311
2021-11-04,4.181320528434149,0.5022249110272307
2021-11-05,4.195186190293123,0.5038695818030086
2021-11-08,4.204036417431436,0.5049119879394048
2021-11-09,4.191972705101075,0.5034864011803736
2021-11-10,4.165162112204083,0.5002898617511446
2021-11-11,4.165464936337299,0.500325505573586
2021-11-12,4.1747467431909,0.5014357599749325
2021-11-15,4.162017208752657,0.49990884551051423
2021-11-16,4.152834048343579,0.49880230755263544
2021-11-17,4.1471538207095335,0.498115145145285
2021-11-18,4.133342420156996,0.49643742690155324
2021-11-19,4.124666438227612,0.49537752276672614
2021-11-22,4.1049922554401785,0.49295691197538694
2021-11-23,4.105590756185979,0.49303013272251484
2021-11-24,4.088536290260053,0.4909145781058744
2021-11-26,4.03054966201153,0.48358878073633077
2021-11-29,4.049408954862707,0.4859913253994979
2021-11-30,4.070555614761464,0.4886607755002236
2021-12-01,4.084626437649293,0.0
2021-12-02,4.084633152103711,0.0
2021-12-03,4.08463874749159,0.0
2021-12-06,4.08465889091555,0.0
2021-12-07,4.084665605423316,0.0
2021-12-08,4.08467231994212,0.0
2021-12-09,4.084680153560268,0.0
2021-12-10,4.084686868102986,0.0
2021-12-13,4.084707011764253,0.0
2021-12-14,4.08471260725331,0.0
2021-12-15,4.084718202750032,0.0
2021-12-16,4.084724917355297,0.0
2021-12-17,4.084730512868883,0.0
2021-12-20,4.084747299432634,0.0
2021-12-21,4.084755133194578,0.0
2021-12-22,4.084762966971546,0.0
2021-12-23,4.084771919876679,0.0
2021-12-27,4.084807731575702,0.0
2021-12-28,4.084814446328138,0.0
2021-12-29,4.084821161091612,0.0
2021-12-30,4.084826756737038,0.0
2021-12-31,4.084832352390129,0.0
2022-01-03,4.084852496768853,0.0
2022-01-04,4.084862569007886,0.0
2022-01-05,4.084871522131325,0.0
2022-01-06,4.08488159441727,0.0
2022-01-07,4.084892785873693,0.0
2022-01-10,4.084926360334947,0.0
2022-01-11,4.084940909387737,0.0
2022-01-12,4.084954339330452,0.0
2022-01-13,4.084967769317321,0.0
2022-01-14,4.084981199348343,0.0
2022-01-18,4.085039396340773,0.0
2022-01-19,4.0850584225516595,0.0
2022-01-20,4.085077448851162,0.0
2022-01-21,4.08509759443858,0.0
2022-01-24,4.08515467388442,0.0
2022-01-25,4.085177058293592,0.0
2022-01-26,4.085199442825418,0.0
2022-01-27,4.085220708247176,0.0
2022-01-28,4.08524309301818,0.0
2022-01-31,4.085306889965112,0.0
2022-02-01,4.086127229529683,0.2503955925260722
2022-02-02,4.072633733362327,0.24790787369126613
2022-02-03,4.076481637226927,0.2486136771063114
2022-02-04,4.069441817151432,0.24730950627140502
2022-02-07,4.067079955138025,0.2468581615810482
2022-02-08,4.095333703359412,0.25204835699743244
2022-02-09,4.103825542542946,0.2535905342586934
2022-02-10,4.096790662654732,0.252303292567741
2022-02-11,4.09521186153682,0.252006635764059
2022-02-14,4.105790636297009,0.2539111894616032
2022-02-15,4.11207948061916,0.25504304254986865
2022-02-16,4.139940814853527,0.2600482070649212
2022-02-17,4.127874813054118,0.2578773584257013
2022-02-18,4.117420342216535,0.25598550566285305
2022-02-22,4.1014063262692275,0.25305183850648083
2022-02-23,4.106479967421937,0.2539667372197607
2022-02-24,4.09904931852595,0.2526069762492031
2022-02-25,4.116015377935113,0.2556809725713719
2022-02-28,4.1255758739767,0.2573856954152639
2022-03-01,4.124395132533229,0.49983080089490667
2022-03-02,4.166407514585218,0.5048699656313258
2022-03-03,4.189397693011401,0.50758264121582
2022-03-04,4.177394784262827,0.5061627724112343
2022-03-07,4.1080039523788034,0.49780744205984195
2022-03-08,4.106547680660405,0.4976241234233834
2022-03-09,4.152597295395842,0.5031902465570585
2022-03-10,4.155759669199767,0.5035631314049986
2022-03-11,4.1224007931807485,0.4995407048279258
2022-03-14,4.096487483690671,0.4963587864887236
2022-03-15,4.077263474314254,0.493977915178756
2022-03-16,4.132426139256939,0.5007263781858802
2022-03-17,4.164530125275192,0.5045693968619116
2022-03-18,4.1869885612606765,0.5072214188393974
2022-03-21,4.210481027834331,0.5099543738847514
2022-03-22,4.220250005688811,0.511081357741584
2022-03-23,4.24096163244255,0.5134622965031848
2022-03-24,4.266653159879283,0.5163853443127139
2022-03-25,4.295169180159034,0.519589525284246
2022-03-28,4.27807706355477,0.5176491397436
2022-03-29,4.290136928781429,0.5189971538870444
2022-03-30,4.284381173032101,0.5183435717228165
2022-03-31,4.284996287458945,0.5184054570691696
2022-04-01,4.322726345307219,0.2510158284948753
2022-04-04,4.321609894756185,0.2507903152618429
2022-04-05,4.31664964695936,0.24991563247801024
2022-04-06,4.319635361386022,0.25042073931389514
2022-04-07,4.319694796977365,0.25041729372215193
2022-04-08,4.3155720530754,0.2496872256594266
2022-04-11,4.3174289163111235,0.24996739056156667
2022-04-12,4.310386901379882,0.2487259843690287
2022-04-13,4.315054022013127,0.24952334023248574
2022-04-14,4.307172828098923,0.248134681428695
2022-04-18,4.302848458133989,0.24731472188821513
2022-04-19,4.299574856931611,0.24672472144810803
2022-04-20,4.299229031431592,0.24664720451229363
2022-04-21,4.29386389964896,0.2456889533850042
2022-04-22,4.282642754713574,0.24369555851185792
2022-04-25,4.2786779855097254,0.2429437208965077
2022-04-26,4.268303035965031,0.2410842105306064
2022-04-27,4.266285956657963,0.24070792510954978
2022-04-28,4.271796719264862,0.2416704015675829
2022-04-29,4.277306502661277,0.24263043169630416
2022-05-02,4.271893118922446,0.0
2022-05-03,4.271998453273324,0.0
2022-05-04,4.272103790221487,0.0
2022-05-05,4.2722067888882105,0.0
2022-05-06,4.2723051081677355,0.0
2022-05-09,4.272600072794381,0.0
2022-05-10,4.272707765727723,0.0
2022-05-11,4.272811949560914,0.0
2022-05-12,4.27291730656789,0.0
2022-05-13,4.273028519484089,0.0
2022-05-16,4.273383239385843,0.0
2022-05-17,4.273508513908203,0.0
2022-05-18,4.273632621278743,0.0
2022-05-19,4.273752048820488,0.0
2022-05-20,4.2738738214816046,0.0
2022-05-23,4.274228611555004,0.0
2022-05-24,4.2743539108595066,0.0
2022-05-25,4.274476871725436,0.0
2022-05-26,4.274599836128595,0.0
2022-05-27,4.2747239751923285,0.0
2022-05-31,4.2752205458678025,0.0
2022-06-01,4.259983842499394,0.24754507134424633
2022-06-02,4.275199549015744,0.25020009933652415
2022-06-03,4.2650843505357185,0.2483985839808036
2022-06-06,4.273155603368775,0.24974608846408722
2022-06-07,4.281026533988775,0.25110024038495876
2022-06-08,4.268061028143,0.24879971507840254
2022-06-09,4.237994507548258,0.24344440395340303
2022-06-10,4.199141150332856,0.23641787013148097
2022-06-13,4.167991411692892,0.23062646524879002
2022-06-14,4.152388582418099,0.22769974482495284
2022-06-15,4.173685013502292,0.23160297381103762
2022-06-16,4.169688296271632,0.23083084024080952
2022-06-17,4.171067229740642,0.23105268173870938
2022-06-21,4.179912907438583,0.23254709292136588
2022-06-22,4.173012090378376,0.23124301210205753
2022-06-23,4.175637043049279,0.23169323355540983
2022-06-24,4.197331464856922,0.23563102546913625
2022-06-27,4.191551389531671,0.2344725410959012
2022-06-28,4.187974654084904,0.23378200843903316
2022-06-29,4.1773513057110545,0.23179662308576982
2022-06-30,4.175845340915052,0.23148315657348367
2022-07-01,4.168813087319776,0.0
2022-07-05,4.169571468659497,0.0
2022-07-06,4.169783945452147,0.0
2022-07-07,4.16999529066582,0.0
2022-07-08,4.170211216449364,0.0
2022-07-11,4.170865882484166,0.0
2022-07-12,4.171109278219226,0.0
2022-07-13,4.171356116466923,0.0
2022-07-14,4.171622397556002,0.0
2022-07-15,4.171888695643298,0.0
2022-07-18,4.172673925104642,0.0
2022-07-19,4.172952865498539,0.0
2022-07-20,4.173234111088926,0.0
2022-07-21,4.173513088930873,0.0
2022-07-22,4.173787511709324,0.0
2022-07-25,4.174614264687671,0.0
2022-07-26,4.174905915821231,0.0
2022-07-27,4.175189580661539,0.0
2022-07-28,4.1754606820123925,0.0
2022-07-29,4.175729513042604,0.0
2022-08-01,4.176532625951689,0.0
2022-08-02,4.176816401319151,0.0
2022-08-03,4.177100195967789,0.0
2022-08-04,4.177379432254861,0.0
2022-08-05,4.177655253746142,0.0
2022-08-08,4.178506808680057,0.0
2022-08-09,4.1788010213512425,0.0
2022-08-10,4.179096399615218,0.0
2022-08-11,4.17938950884215,0.0
2022-08-12,4.179678058473994,0.0
2022-08-15,4.180547202486701,0.0
2022-08-16,4.18084843095636,0.0
2022-08-17,4.181147390255122,0.0
2022-08-18,4.181444079891856,0.0
2022-08-19,4.181743081783596,0.0
2022-08-22,4.1826504627481915,0.0
2022-08-23,4.182964448015806,0.0
2022-08-24,4.183275018800851,0.0
2022-08-25,4.183587904850202,0.0
2022-08-26,4.183906545244051,0.0
2022-08-29,4.1848625392327445,0.0
2022-08-30,4.1851938886228375,0.0
2022-08-31,4.185524117620076,0.0
2022-09-01,4.185853225954805,0.0
2022-09-02,4.1861835069764695,0.0
2022-09-06,4.1874909725101555,0.0
2022-09-07,4.187830560819159,0.0
2022-09-08,4.188172471369056,0.0
2022-09-09,4.188513262389329,0.0
2022-09-12,4.189539161254145,0.0
2022-09-13,4.1898938373091665,0.0
2022-09-14,4.190260022551386,0.0
2022-09-15,4.19062049971497,0.0
2022-09-16,4.1909787116590556,0.0
2022-09-19,4.192046550070519,0.0
2022-09-20,4.192424408512977,0.0
2022-09-21,4.192798855186176,0.0
2022-09-22,4.193167591743029,0.0
2022-09-23,4.193534063102416,0.0
2022-09-26,4.194609446084077,0.0
2022-09-27,4.194988684746326,0.0
2022-09-28,4.195363360448032,0.0
2022-09-29,4.1957415178577815,0.0
2022-09-30,4.196116260798828,0.0
2022-10-03,4.197226794581823,0.0
2022-10-04,4.197610869581656,0.0
2022-10-05,4.197992679666231,0.0
2022-10-06,4.198375674614815,0.0
2022-10-07,4.198757554265218,0.0
2022-10-10,4.1998998463888855,0.0
2022-10-11,4.20028071401879,0.0
2022-10-12,4.200686932948119,0.0
2022-10-13,4.201096643783223,0.0
2022-10-14,4.201515602462219,0.0
2022-10-17,4.202776057142958,0.0
2022-10-18,4.203215909322089,0.0
2022-10-19,4.203663868497083,0.0
2022-10-20,4.204114178790941,0.0
2022-10-21,4.2045645373235185,0.0
2022-10-24,4.205912301846442,0.0
2022-10-25,4.206373223742534,0.0
2022-10-26,4.206830738857555,0.0
2022-10-27,4.207284846066078,0.0
2022-10-28,4.2077401549740765,0.0
2022-10-31,4.2091200631838035,0.0
2022-11-01,4.209588255716859,0.0
2022-11-02,4.210056500328317,0.0
2022-11-03,4.210522490143696,0.0
2022-11-04,4.210990838672737,0.0
2022-11-07,4.21238219619368,0.0
2022-11-08,4.212857676047059,0.0
2022-11-09,4.213330901155874,0.0
2022-11-10,4.2138053337587165,0.0
2022-11-11,4.2142775108495405,0.0
2022-11-14,4.215694200851132,0.0
2022-11-15,4.216174674491558,0.0
2022-11-16,4.216652892660117,0.0
2022-11-17,4.217131165070408,0.0
2022-11-18,4.217608336350182,0.0
2022-11-21,4.2190469452210735,0.0
2022-11-22,4.21953589230541,0.0
2022-11-23,4.220022583979563,0.0
2022-11-25,4.220996079600305,0.0
2022-11-28,4.222460129199422,0.0
2022-11-29,4.222957569707794,0.0
2022-11-30,4.223451597894716,0.0
2022-12-01,4.218867292269685,0.4998987351505257
2022-12-02,4.220180398035322,0.49999653932386295
2022-12-05,4.199659100357053,0.4973790391887569
2022-12-06,4.1828576703811375,0.4953011081330461
2022-12-07,4.189372216547584,0.4960269725843662
2022-12-08,4.188660082898836,0.4958832885017391
2022-12-09,4.190165315074696,0.49600680931997365
2022-12-12,4.195535606666727,0.496478576522582
2022-12-13,4.224792800660303,0.4999067512545707
2022-12-14,4.229400223499416,0.5003932392350096
2022-12-15,4.17850735068372,0.49424958507839434
2022-12-16,4.155485100243207,0.49138882573406895
2022-12-19,4.154053721928313,0.49103793575687754
2022-12-20,4.168034897852872,0.49268570745698986
2022-12-21,4.192392822520626,0.49557449066535264
2022-12-22,4.176285696999798,0.49357047430927076
2022-12-23,4.1811498376506195,0.49410086846156476
2022-12-27,4.184136317686132,0.4942276122985994
2022-12-28,4.1692561831913455,0.49236201135553465
2022-12-29,4.202759512512715,0.4963487551812651
2022-12-30,4.182886513410432,0.4938957247173085
2023-01-03,4.202960540125657,0.49898851429346935
2023-01-04,4.238824048296625,0.503167547842284
2023-01-05,4.236115263170188,0.502789781552719
2023-01-06,4.273705414672648,0.5071021885158435
2023-01-09,4.292801915331241,0.5091129441310966
2023-01-10,4.299689160283636,0.5098381525918302
2023-01-11,4.319290616120802,0.5120014730605895
2023-01-12,4.346172504238079,0.5149591128566776
2023-01-13,4.356084360901816,0.5160031138821372
2023-01-17,4.36074515333085,0.5162814547325512
2023-01-18,4.354098596649804,0.515482531640507
2023-01-19,4.352931041017133,0.5152922908041422
2023-01-20,4.380748991434714,0.5183101674757712
2023-01-23,4.390818676413309,0.5192343352772694
2023-01-24,4.385701873353165,0.5186130288678845
2023-01-25,4.389299827616004,0.5189474038439825
2023-01-26,4.396060739766542,0.5196272314514333
2023-01-27,4.393633170106269,0.5193019007773835
2023-01-30,4.383016278960158,0.5179565200827835
2023-01-31,4.386568670025637,0.5182863256024635
2023-02-01,4.432044685299482,1.0010099240295098
2023-02-02,4.415471279541573,1.0010138686267898
2023-02-03,4.310900224259798,1.0010386197364338
2023-02-06,4.251576386317323,1.0010535941100025
2023-02-07,4.249335984573014,1.0010543110461918
2023-02-08,4.249915017395681,1.0010543288472613
2023-02-09,4.203246592021671,1.0010661982688738
2023-02-10,4.197551744391407,1.0010678097605343
2023-02-13,4.228726302433632,1.001060430857928
2023-02-14,4.2265594024991655,1.001061139631587
2023-02-15,4.186195123455128,1.0010715378192396
2023-02-16,4.184577244447768,1.0010721183328564
2023-02-17,4.161091386872011,1.0010783379098898
2023-02-21,4.096103671541292,1.001096130817593
2023-02-22,4.071816209339779,1.0011028417916812
2023-02-23,4.110635971705897,1.0010925977420198
2023-02-24,4.012177802311037,1.001119585025745
2023-02-27,4.011505399603807,1.001120299135518
2023-02-28,3.9887335714748104,1.0011268721492572
2023-03-01,4.040461943178616,0.25011694162077835
2023-03-02,4.036623934968636,0.24930668635591063
2023-03-03,4.040719180710902,0.24997012123566195
2023-03-06,4.0424288131612744,0.2499952455990632
2023-03-07,4.0364782284245635,0.24879163397555237
2023-03-08,4.046401698747753,0.25053392734461644
2023-03-09,4.030943124276299,0.24755894915514504
2023-03-10,4.015483002058099,0.24456117432460525
2023-03-13,4.00188015680071,0.24169243368438625
2023-03-14,4.020779611437237,0.24515963081373576
2023-03-15,4.011123859827099,0.2432449063775517
2023-03-16,4.03477389423312,0.2475860584927874
2023-03-17,4.030923408641915,0.24677302881622923
2023-03-20,4.036242036616666,0.2474960015579577
2023-03-21,4.047205475968518,0.2494388457726183
2023-03-22,4.059752990280529,0.2516639028304969
2023-03-23,4.061724768927738,0.2519323053949811
2023-03-24,4.061047836058653,0.2517139327926105
2023-03-27,4.074351929816416,0.2538771811646781
2023-03-28,4.082679795283852,0.2553022251583935
2023-03-29,4.087297181899157,0.25604894273677553
2023-03-30,4.089798935722069,0.25640950627725195
2023-03-31,4.0912565873172335,0.25657668369385656
2023-04-03,4.112742937713302,0.751981126649308
2023-04-04,4.119340112162677,0.7523459715405193
2023-04-05,4.099726917968798,0.7511288736322987
2023-04-06,4.087223961697434,0.7503352872084278
2023-04-10,4.094673615857186,0.7506592430756073
2023-04-11,4.122361166839257,0.7523004031246637
2023-04-12,4.117173582533897,0.7519550781336604
2023-04-13,4.198528186266838,0.7567289742006348
2023-04-14,4.171702093284564,0.7551314183440911
2023-04-17,4.148218193060429,0.7536443720799446
2023-04-18,4.1575371247601005,0.754162491330274
2023-04-19,4.135308891220648,0.7528069301008958
2023-04-20,4.137215996473878,0.7528869629167781
2023-04-21,4.115762983854517,0.7515650869621056
2023-04-24,4.102144487521937,0.7506382950605753
2023-04-25,4.050901350591443,0.7474490486195198
2023-04-26,4.055524305716954,0.7477025861256228
2023-04-27,4.091109748676002,0.7498628682063238
2023-04-28,4.0911600718684875,0.7498314744819817
2023-05-01,4.074089743416328,0.7496232529133603
2023-05-02,4.0513773416054235,0.7481844370855838
2023-05-03,4.049377843768876,0.7480250313301956
2023-05-04,4.053037438800249,0.7482174395146334
2023-05-05,4.095611719018283,0.7507999287285226
2023-05-08,4.097099010401185,0.7507859697693897
2023-05-09,4.053904842714722,0.7480950681235283
2023-05-10,4.046753056878466,0.7476144117887629
2023-05-11,3.9819899971029042,0.7434739163606997
2023-05-12,3.9576805571904448,0.7418626053630233
2023-05-15,4.010829246230953,0.7451769076509823
2023-05-16,3.96420545587704,0.7421441421282775
2023-05-17,3.9735782699886095,0.742716635729058
2023-05-18,3.9561355861799665,0.7415461603595065
2023-05-19,3.9784088989054354,0.7429569343559121
2023-05-22,4.012009797622985,0.7450024268897889
2023-05-23,3.981164396221444,0.7429898564863144
2023-05-24,3.969327959006881,0.7421868755511577
2023-05-25,3.9297467182545773,0.7395529563567312
2023-05-26,3.9670457452610455,0.7419649095118547
2023-05-30,3.9398430988302438,0.7400363852440109
2023-05-31,3.926146219584129,0.7390917309769065
2023-06-01,3.936059762371593,0.0
2023-06-02,3.9366248295813144,0.0
2023-06-05,3.9383170389943594,0.0
2023-06-06,3.9388781142985447,0.0
2023-06-07,3.9394371112473685,0.0
2023-06-08,3.9399940289321367,0.0
2023-06-09,3.9405467075466056,0.0
2023-06-12,3.9422017371637756,0.0
2023-06-13,3.9427568855727904,0.0
2023-06-14,3.943308871536771,0.0
2023-06-15,3.943859854420191,0.0
2023-06-16,3.9444076727616126,0.0
2023-06-20,3.9466078957812685,0.0
2023-06-21,3.94716366467399,0.0
2023-06-22,3.9477205932458546,0.0
2023-06-23,3.948277600398052,0.0
2023-06-26,3.9499488576289057,0.0
2023-06-27,3.9505159187799737,0.0
2023-06-28,3.9510776496736306,0.0
2023-06-29,3.951638377953776,0.0
2023-06-30,3.9522013510925524,0.0
2023-07-03,3.9560963845316106,0.25066989877307566
2023-07-05,3.9473302333941023,0.248791408229138
2023-07-06,3.9274607237430232,0.24488318124971323
2023-07-07,3.9374982199593545,0.2467002068740209
2023-07-10,3.946247077761737,0.2480477978265326
2023-07-11,3.9605584155818203,0.25065718384069163
2023-07-12,3.9823458538192686,0.25464965040839016
2023-07-13,4.008404978365515,0.2593889549114992
2023-07-14,3.9992189654938244,0.2575812395407871
2023-07-17,4.0031700312771274,0.25799395257543034
2023-07-18,4.001996232329784,0.2576693581579812
2023-07-19,4.0050935371213905,0.2581367421902939
2023-07-20,4.00018160906553,0.2571187479259053
2023-07-21,4.001677875963848,0.25728950228392006
2023-07-24,4.0008289607106,0.2568101365538959
2023-07-25,4.007133495105517,0.2578720789346117
2023-07-26,4.02251610584338,0.26060312618108766
2023-07-27,4.017606240424574,0.25959242863620924
2023-07-28,4.038329319532872,0.2632853460863541
2023-07-31,4.0476306546320195,0.26465931521065117
2023-08-01,4.019916611337029,1.0007669955605807
2023-08-02,3.9293175363300694,1.0007848151265235
2023-08-03,3.9208593133881835,1.0007866432658026
2023-08-04,3.912711891055069,1.0007884167011367
2023-08-07,3.9160737912333166,1.0007881464585553
2023-08-08,3.8766084394679865,1.0007963072929726
2023-08-09,3.8769653502462815,1.0007963714176353
2023-08-10,3.8921120480667786,1.0007934087132888
2023-08-11,3.8535396232552945,1.0008014883004515
2023-08-14,3.8218217441637745,1.0008085571066538
2023-08-15,3.764011032357023,1.000821117055369
2023-08-16,3.73133196075974,1.0008284511544943
2023-08-17,3.701443066296072,1.0008352847585467
2023-08-18,3.6855498778647404,1.0008390313194484
2023-08-21,3.6854376912876363,1.0008394899512507
2023-08-22,3.6727997910616645,1.0008425239864303
2023-08-23,3.7319829752927376,1.0008293060411897
2023-08-24,3.702769139169665,1.000835993308946
2023-08-25,3.7283623375808292,1.0008303981970537
2023-08-28,3.7671034200159594,1.0008222866069256
2023-08-29,3.814515590705874,1.00081220712594
2023-08-30,3.7940556708889766,1.0008167286707987
2023-08-31,3.756047053244703,1.000825136252434
2023-09-01,3.793763221197723,0.0
2023-09-05,3.7959667220275697,0.0
2023-09-06,3.7965199971771915,0.0
2023-09-07,3.7970723128260957,0.0
2023-09-08,3.7976236685317932,0.0
2023-09-11,3.799281097163018,0.0
2023-09-12,3.7998348553941668,0.0
2023-09-13,3.8003886943374736,0.0
2023-09-14,3.800941572802321,0.0
2023-09-15,3.8014945316996247,0.0
2023-09-18,3.803156774240061,0.0
2023-09-19,3.803710055403656,0.0
2023-09-20,3.8042634170582916,0.0
2023-09-21,3.804818943743577,0.0
2023-09-22,3.8053745515509783,0.0
2023-09-25,3.807038490669958,0.0
2023-09-26,3.8075965086405077,0.0
2023-09-27,3.8081535652256076,0.0
2023-09-28,3.808710703308849,0.0
2023-09-29,3.8092658359373863,0.0
2023-10-02,3.8109314765604427,0.0
2023-10-03,3.8114900651467325,0.0
2023-10-04,3.812048735608336,0.0
2023-10-05,3.81260644356034,0.0
2023-10-06,3.813164233105782,0.0
2023-10-09,3.8148441147734076,0.0
2023-10-10,3.8154043220187552,0.0
2023-10-11,3.815962520897648,0.0
2023-10-12,3.8165208014418015,0.0
2023-10-13,3.8170802092853,0.0
2023-10-16,3.8187586788019856,0.0
2023-10-17,3.8193173684278707,0.0
2023-10-18,3.819877186179133,0.0
2023-10-19,3.8204360394441794,0.0
2023-10-20,3.820993927775419,0.0
2023-10-23,3.8226615560841712,0.0
2023-10-24,3.8232187220972773,0.0
2023-10-25,3.8237749218620536,0.0
2023-10-26,3.8243322501520347,0.0
2023-10-27,3.8248896596745228,0.0
2023-10-30,3.826562131975027,0.0
2023-10-31,3.8271209148836136,0.0
2023-11-01,3.847775093364464,0.2541656294967646
2023-11-02,3.8762622302414065,0.2595391535793279
2023-11-03,3.8881603878363418,0.26169825197000063
2023-11-06,3.893231651728585,0.2623405731671422
2023-11-07,3.9006651243104735,0.2636396196649891
2023-11-08,3.892787427929131,0.26204273754189317
2023-11-09,3.88778040448026,0.2609854431106333
2023-11-10,3.907014737270579,0.26451745428590495
2023-11-13,3.9060243045932,0.2640129104598096
2023-11-14,3.939932240967952,0.2702414298396199
2023-11-15,3.9473639040552078,0.2715103718875255
2023-11-16,3.9500111996727982,0.27189369330619534
2023-11-17,3.9446835043512594,0.2708054427966713
2023-11-20,3.967295816778872,0.2746487586317294
2023-11-21,3.9559092705431795,0.27245590359723315
2023-11-22,3.9553669437787145,0.2722512883920959
2023-11-24,3.9565172415152956,0.27225278155390453
2023-11-27,3.9571288599885026,0.27204948947604374
2023-11-28,3.96934759595858,0.27418534058532584
2023-11-29,3.9592374788958136,0.27222687211859353
2023-11-30,3.966669249968408,0.27348591117300236
2023-12-01,3.9727518037455756,0.5027264640944159
2023-12-04,3.952637037065961,0.4999810173227532
2023-12-05,3.9366155887399463,0.4978736625739134
2023-12-06,3.9348168128186676,0.497571862115805
2023-12-07,3.941114911180093,0.49830261578589413
2023-12-08,3.919155356507328,0.49541910978895465
2023-12-11,3.9271469859018793,0.49622904400479
2023-12-12,3.920747906798919,0.4953341193162329
2023-12-13,3.9535433220026714,0.499448297607197
2023-12-14,4.009947282768407,0.5064182138902015
2023-12-15,4.001566036210264,0.5053135386559964
2023-12-18,3.971710287488338,0.5013802748415618
2023-12-19,4.003472270194521,0.50526484285788
2023-12-20,3.9856756162824887,0.5029845683984785
2023-12-21,4.00770470314354,0.5056455450853719
2023-12-22,3.9978526885291172,0.5043564205801637
2023-12-26,4.002092212948939,0.5045971490957032
2023-12-27,4.0296168661153455,0.5079102720824928
2023-12-28,4.006655540071493,0.5050191561129653
2023-12-29,4.029976008736357,0.5078127032430102
2024-01-02,3.995055483425166,0.7496869133341115
2024-01-03,3.96654978684593,0.7478519774109548
2024-01-04,3.9570037934892848,0.7472074019283351
2024-01-05,3.9710391278320727,0.7480647149965624
2024-01-08,3.994768684710296,0.7494533901817195
2024-01-09,3.970659905356839,0.7478958821951655
2024-01-10,3.9568620668010164,0.7469804598501297
2024-01-11,3.958681747717958,0.7470605270224779
2024-01-12,3.9673120276416887,0.7475745938543896
2024-01-16,3.899907945180347,0.7430649009045762
2024-01-17,3.859704587964405,0.7403514920463533
2024-01-18,3.875576473401685,0.7413777235564242
2024-01-19,3.8940645654066914,0.742568789663472
2024-01-22,3.8723682419171124,0.7410153721429111
2024-01-23,3.8988351606281606,0.7427366808641076
2024-01-24,3.9170704126986418,0.7438977755485106
2024-01-25,3.918921339187823,0.7439821952364596
2024-01-26,3.9455232323015608,0.7456720460296569
2024-01-29,3.942429726468493,0.7453634889819727
2024-01-30,3.9385171167117163,0.7450740747704174
2024-01-31,3.92740979582912,0.7443166139522897
2024-02-01,3.9375504616296575,0.25083121317857443
2024-02-02,3.9351861156582935,0.250273890397891
2024-02-05,3.931346630365705,0.2492190883992344
2024-02-06,3.933161759976874,0.2494582467018803
2024-02-07,3.9321917322490316,0.24916552653467933
2024-02-08,3.9279713038279427,0.24825108775907473
2024-02-09,3.9316448718654273,0.248845875466715
2024-02-12,3.938953289073489,0.24991667219595748
2024-02-13,3.9379835283684748,0.24962445387104196
2024-02-14,3.9449092862444104,0.25083408622715436
2024-02-15,3.943011165771658,0.2503660484112554
2024-02-16,3.9499355231483806,0.2515729545748412
2024-02-20,3.9637060114980724,0.2537448099062125
2024-02-21,3.9632020792680227,0.2535427742272539
2024-02-22,3.964555364822586,0.25369044845125993
2024-02-23,3.9654453783908394,0.25375063006081067
2024-02-26,3.9620813530253445,0.2527941242334788
2024-02-27,3.9690086194510736,0.2539907603628222
2024-02-28,3.9620049066922833,0.2525645330108796
2024-02-29,3.970788412627546,0.2541108175154206
2024-03-01,3.9669719279575926,0.2513945266868671
2024-03-04,3.966405028901404,0.2509656883352306
2024-03-05,3.9613012573417827,0.24989295551972557
2024-03-06,3.965874883894852,0.25065065580050594
2024-03-07,3.9773617174711577,0.2527075496913678
2024-03-08,3.978249356650247,0.25276702927593697
2024-03-11,3.984138058649795,0.25355012066352595
2024-03-12,3.994242867059792,0.25533163139256415
2024-03-13,3.9882187175739015,0.25409954844835086
2024-03-14,3.9877249190175696,0.2538998835245501
2024-03-15,3.994604836964212,0.25507776268968047
2024-03-18,3.994045397024143,0.25465193847961465
2024-03-19,3.987560871820042,0.25333248017596416
2024-03-20,3.9866057855276122,0.2530463797046508
2024-03-21,3.988876746686717,0.2533644650944085
2024-03-22,3.9883833441271213,0.2531646928087957
2024-03-25,3.9892052727329705,0.25299698495766393
2024-03-26,3.9914759172089305,0.2533149596703136
2024-03-27,3.9868327037096525,0.2523384319724385
2024-03-28,3.9854156336054594,0.2519656266108222
2024-04-01,3.9855159395267674,0.49906928974918907
2024-04-02,3.993410484237974,0.4999879407992927
2024-04-03,3.991597063466549,0.499689239471461
2024-04-04,3.9931770698027793,0.4998156777021107
2024-04-05,4.007332950274311,0.5015114319613896
2024-04-08,4.01118258174073,0.5017757676641876
2024-04-09,4.018150245956475,0.5025684466538712
2024-04-10,3.9886836870027205,0.49882184896055315
2024-04-11,3.9949531616174494,0.49953639811014394
2024-04-12,3.966275873284628,0.4958454007746524
2024-04-15,3.9515717522599303,0.49375104469120396
2024-04-16,3.94397086065821,0.4927024356321339
2024-04-17,3.9535812852011913,0.493862792054469
2024-04-18,3.967459849625938,0.4955607638506919
2024-04-19,3.9786273737295215,0.4969043108849474
2024-04-22,4.008753806083805,0.5004696984745794
2024-04-23,4.030011206998183,0.5030335453932674
2024-04-24,4.031401482220322,0.5031334731724969
2024-04-25,4.034208512161637,0.5034076428994123
2024-04-26,4.044415523113935,0.5045895245903568
2024-04-29,4.053885709690544,0.5055335676676749
2024-04-30,4.0297912419044835,0.5025055632917056
2024-05-01,4.0277038485628935,0.7504746958094536
2024-05-02,4.07940357423379,0.7536015150573967
2024-05-03,4.110638566026975,0.7554386206285791
2024-05-06,4.115528241502132,0.7556237804464966
2024-05-07,4.104396209941946,0.7549257326760134
2024-05-08,4.100653115923558,0.7546667452327108
2024-05-09,4.1209063387689655,0.755837382522414
2024-05-10,4.128462770732778,0.7562492246620857
2024-05-13,4.148978830920983,0.7573496752567092
2024-05-14,4.169562397562273,0.7585128194929742
2024-05-15,4.196257659467532,0.760014636687229
2024-05-16,4.196864659590416,0.7600148327539714
2024-05-17,4.21822483093747,0.7611957217248038
2024-05-20,4.221537669210298,0.7612801578064777
2024-05-21,4.2241053731212865,0.7613909527225522
2024-05-22,4.1910511461425815,0.7594744857911649
2024-05-23,4.163455805874327,0.7578454598334494
2024-05-24,4.178553171470219,0.7586856081410881
2024-05-28,4.175622911342879,0.758377064311278
2024-05-29,4.150018791383012,0.7568513028874583
2024-05-30,4.119585397455124,0.7550197455201851
2024-05-31,4.112081447152441,0.7545373237737387
2024-06-03,4.142676567083857,0.7509081632965716
2024-06-04,4.132543874192997,0.7502614239404404
2024-06-05,4.12341103910756,0.7496722836477879
2024-06-06,4.132410511007237,0.7501815141646647
2024-06-07,4.085570167455255,0.7472810443942377
2024-06-10,4.100094414386858,0.7480674098517441
2024-06-11,4.091445219069776,0.7474985182544855
2024-06-12,4.124159356175456,0.7494654092971166
2024-06-13,4.105333748415637,0.7482803452795369
2024-06-14,4.114379966622007,0.7487976704156855
2024-06-17,4.135721206001248,0.7499860940118919
2024-06-18,4.198300937850903,0.7536773679701879
2024-06-20,4.175665136510091,0.7522709729038192
2024-06-21,4.171835879447643,0.7520079896210411
2024-06-24,4.168201240276849,0.7516850469607658
2024-06-25,4.130730072364235,0.7493965310643694
2024-06-26,4.133005035393982,0.7494985841147248
2024-06-27,4.091531278000565,0.7469230526100261
2024-06-28,4.12962763698002,0.749221792512247
2024-07-01,4.147243352020485,0.500060922489301
2024-07-02,4.166960506231428,0.5023550934105032
2024-07-03,4.204007672888217,0.5066696989501452
2024-07-05,4.198717418882947,0.5059062929501807
2024-07-08,4.195351135209445,0.5052972769112446
2024-07-09,4.1999341305595035,0.5057662922784846
2024-07-10,4.228980558136281,0.5090905672807667
2024-07-11,4.239774030611531,0.5102701456151443
2024-07-12,4.248070651179601,0.5111568366167537
2024-07-15,4.239440233795867,0.5099519186431665
2024-07-16,4.24337046810891,0.5103360536093843
2024-07-17,4.2415231408253895,0.5100529976156778
2024-07-18,4.221342272778655,0.5076405855677896
2024-07-19,4.217380790445031,0.5071077558343884
2024-07-22,4.212520030251939,0.5063281114017244
2024-07-23,4.220355345360355,0.5071745738677894
2024-07-24,4.208093569766314,0.5056684074048793
2024-07-25,4.201038638040952,0.5047679890852216
2024-07-26,4.207028664212663,0.5054030606533794
2024-07-29,4.217376006650918,0.5064073068145314
2024-07-30,4.2189175342446354,0.5065180395410284
2024-07-31,4.250589675974792,0.5101261142329829
2024-08-01,4.228907699560169,0.49827366303732457
2024-08-02,4.245469872714764,0.5001608632283326
2024-08-05,4.1514208439537725,0.48862500982422014
2024-08-06,4.165114684786801,0.490235203273572
2024-08-07,4.1726068930452955,0.4910795616053312
2024-08-08,4.206519237390124,0.4951120060751901
2024-08-09,4.220795423732877,0.4967495419372478
2024-08-12,4.223812773900276,0.4968986596539626
2024-08-13,4.250400715465444,0.49997631229573053
2024-08-14,4.267649113070563,0.5019282011184737
2024-08-15,4.278128244928503,0.5030791965536965
2024-08-16,4.300587190331273,0.5056053300456076
2024-08-19,4.343911684974437,0.5103318633343417
2024-08-20,4.341169555575154,0.5099546354719872
2024-08-21,4.341385138082889,0.5099113067416047
2024-08-22,4.3282084176987095,0.5083516802965424
2024-08-23,4.36422646321328,0.5123419358022709
2024-08-26,4.355302300793213,0.5111414881553065
2024-08-27,4.36883463810676,0.5125892206220269
2024-08-28,4.379286836496721,0.5136861983206037
2024-08-29,4.372991174891446,0.5129198866953559
2024-08-30,4.401766840977324,0.5160380530814977
2024-09-03,4.377379133653585,0.749263180317336
2024-09-04,4.3921806106226065,0.7500741272292311
2024-09-05,4.400963590702637,0.750539008239047
2024-09-06,4.3679318800787525,0.7486184857160936
2024-09-09,4.4002283896296674,0.7503624458378699
2024-09-10,4.396016796275889,0.7500898045431378
2024-09-11,4.417057747311009,0.751247219471992
2024-09-12,4.433698777661464,0.7521476639204085
2024-09-13,4.4615143408149684,0.7536601848330141
2024-09-16,4.479145830922867,0.7545334645953145
2024-09-17,4.509280648948034,0.7561421483019933
2024-09-18,4.508589228241426,0.7560730113636658
2024-09-19,4.58048569721058,0.7598711635833925
2024-09-20,4.585645760420392,0.7601110775036706
2024-09-23,4.607850139349823,0.7611775821243894
2024-09-24,4.687786028364958,0.7652208351218156
2024-09-25,4.650467998749753,0.7633076544350861
2024-09-26,4.717960111925231,0.7666647956928756
2024-09-27,4.745757802723722,0.768002929010509
2024-09-30,4.726374378765503,0.766965322364164
2024-10-01,4.745011168509995,0.7509989987174611
2024-10-02,4.788093031761412,0.7532090144978391
2024-10-03,4.726466142034393,0.7499604992665349
2024-10-04,4.759002533448176,0.7516394916191139
2024-10-07,4.764419428503902,0.7518294978673828
2024-10-08,4.667404421219724,0.7466395347736116
2024-10-09,4.671162474974347,0.74681194971856
2024-10-10,4.664420969693824,0.7464144781236798
2024-10-11,4.679387799829852,0.7471941200395154
2024-10-14,4.669538344967979,0.7465665512817471
2024-10-15,4.611188970596145,0.7433277864651184
2024-10-16,4.6192435116243065,0.7437436141828858
2024-10-17,4.607482505330336,0.7430577528266594
2024-10-18,4.6490406146552425,0.7453229043992733
2024-10-21,4.612164982089121,0.7431911034233494
2024-10-22,4.620111435713431,0.7436011299004371
2024-10-23,4.588312949073751,0.7417923025183222
2024-10-24,4.59689130952885,0.7422422339689271
2024-10-25,4.585081963930678,0.7415464923862475
2024-10-28,4.592187083370877,0.74185050789401
2024-10-29,4.577298919467546,0.7409789893055534
2024-10-30,4.551455317464746,0.7394761989855673
2024-10-31,4.533888986916153,0.7384347834351312
2024-11-01,4.550067491644726,0.7497070626517575
2024-11-04,4.572506724711334,0.7508450790252554
2024-11-05,4.614166436213059,0.7530645780403129
2024-11-06,4.565969770431527,0.7504277333902312
2024-11-07,4.641530885975635,0.7544607434869618
2024-11-08,4.600143356363482,0.7522215554834907
2024-11-11,4.582063001322752,0.751153272416394
2024-11-12,4.546166014042607,0.7491579124771464
2024-11-13,4.544779571637424,0.7490509359730851
2024-11-14,4.525800733188671,0.7479682087494466
2024-11-15,4.523664770765309,0.7478187402395705
2024-11-18,4.552809296516347,0.749342240967028
2024-11-19,4.561554474353258,0.7497924937101668
2024-11-20,4.555530142954966,0.7494313433744905
2024-11-21,4.560157954214861,0.7496553173603034
2024-11-22,4.535802952639062,0.7482805437178229
2024-11-25,4.542305457013935,0.7485493686146715
2024-11-26,4.5296774344386606,0.7478178295912032
2024-11-27,4.5631732955593325,0.749638789706584
2024-11-29,4.581630074503798,0.750587234577042
2024-12-02,4.556158824258268,0.5003738122458171
2024-12-03,4.5666785645618475,0.5014649274889633
2024-12-04,4.570787195154146,0.5018535577012287
2024-12-05,4.580697052194615,0.5028720055164628
2024-12-06,4.58442789193272,0.5032175093261203
2024-12-09,4.645464595413451,0.5095710572487947
2024-12-10,4.612213731854748,0.5059772114753728
2024-12-11,4.598085631454429,0.5044010316332972
2024-12-12,4.57912575409345,0.5022909213213645
2024-12-13,4.578203597778322,0.5021329798496548
2024-12-16,4.561577043590123,0.5001445726250745
2024-12-17,4.548915683512532,0.49869492077634947
2024-12-18,4.507481164992493,0.4940276833601172
2024-12-19,4.515390410121994,0.4948551428620192
2024-12-20,4.524286300347321,0.49578995897145084
2024-12-23,4.530420749409609,0.4962976262718705
2024-12-24,4.556228569584378,0.499092563984098
2024-12-26,4.575736804094778,0.5011111646801183
2024-12-27,4.566702667645696,0.5000661638654714
2024-12-30,4.569198381370132,0.5001671546933024
2024-12-31,4.571482137909129,0.5003589572370161
2025-01-02,4.544937324856569,0.49885851878146964
2025-01-03,4.554655687064555,0.4998699980681386
2025-01-06,4.546635233813513,0.498814795813213
2025-01-07,4.535157703318289,0.49748844721353724
2025-01-08,4.509465906295741,0.49456719511642666
2025-01-10,4.475951063000487,0.49066516726038234
2025-01-13,4.471406748436795,0.4899706855682608
2025-01-14,4.47463383330954,0.4902794514319521
2025-01-15,4.482671624400712,0.49113459500515133
2025-01-16,4.4775566806615315,0.4904945309900685
2025-01-17,4.507428279824161,0.4938127441431831
2025-01-21,4.533318795823043,0.49647200713054757
2025-01-22,4.534135122369288,0.4965044567738492
2025-01-23,4.520723107534611,0.4949523085354862
2025-01-24,4.540689475759786,0.49711497458054826
2025-01-27,4.539150709079584,0.4967704261699892
2025-01-28,4.535629495015723,0.4963217954958474
2025-01-29,4.528257394522631,0.49544374469094377
2025-01-30,4.55603997471521,0.49846280746088417
2025-01-31,4.517094510928865,0.49408058638967567
2025-02-03,4.494807336274224,0.2505210667483705
2025-02-04,4.50555280283717,0.2522220825227754
2025-02-05,4.487992019699783,0.24920935539624686
2025-02-06,4.496666337571669,0.2505710357508047
2025-02-07,4.4894614855454344,0.2492815393724301
2025-02-10,4.499611316943722,0.25071391460450465
2025-02-11,4.488955716513727,0.24884826527826395
2025-02-12,4.5224856004842895,0.2543309275450868
2025-02-13,4.534613364203043,0.2562390248813482
2025-02-14,4.545359211702873,0.2579115893027825
2025-02-18,4.540705560522709,0.25680749996409213
2025-02-19,4.542477401713843,0.2570112947436804
2025-02-20,4.548390841083715,0.2578914768199955
2025-02-21,4.562588285281262,0.2601153718545734
2025-02-24,4.565827498396475,0.26038444214515094
2025-02-25,4.577261479066508,0.26214730709462813
2025-02-26,4.596290046349537,0.26511765465923076
2025-02-27,4.596678716928123,0.26509523772766447
2025-02-28,4.592925095816874,0.26440999482317823
2025-03-03,4.575526889432076,0.2475366567448614
2025-03-04,4.59162744924588,0.2500886857899976
2025-03-05,4.633245377362623,0.2567392159859133
2025-03-06,4.644111324016886,0.25839271340186554
2025-03-07,4.642544801820483,0.2580571102959316
2025-03-10,4.620178695122185,0.25420803077871146
2025-03-11,4.63104324985311,0.25587226725230633
2025-03-12,4.637982732194482,0.25690015489568785
2025-03-13,4.6357631064428935,0.2564586030957451
2025-03-14,4.634851091200332,0.2562267189298197
2025-03-17,4.651744555957324,0.25867201406158735
2025-03-18,4.641018036504482,0.25687312445126437
2025-03-19,4.651229712739261,0.25841932099996334
2025-03-20,4.62872563372713,0.25472813406492306
2025-03-21,4.617344118517727,0.2528053133265946
2025-03-24,4.6119890470708,0.2516801104900498
2025-03-25,4.609113757761235,0.25112733177526336
2025-03-26,4.601658264360365,0.24982792096004552
2025-03-27,4.617758930252036,0.25235751370267145
2025-03-28,4.601798429758083,0.2496781233086023
2025-03-31,4.599718892494985,0.24907976975405532
2025-04-01,4.615165524936069,0.2514885152284106
2025-04-02,4.618834531127653,0.2519970393247885
2025-04-03,4.59895068101953,0.2486763523432805
2025-04-04,4.527379521483392,0.2367112187371418
2025-04-07,4.4827656455907245,0.2288505187299925
2025-04-08,4.4517558522640295,0.22339017368397493
2025-04-09,4.490754334635768,0.23004601052105514
2025-04-10,4.489847446085793,0.22980103091671436
2025-04-11,4.5033325273656,0.23201858541060824
2025-04-14,4.53005114116807,0.23628277266075984
2025-04-15,4.529796863255632,0.23615159854861734
2025-04-16,4.5295426315892655,0.23602040729912063
2025-04-17,4.535830166959006,0.23699143321234734
2025-04-21,4.53416312905816,0.23635707267517786
2025-04-22,4.565968045435457,0.2415886641836937
2025-04-23,4.580762162659365,0.24395064233214042
2025-04-24,4.587050903453704,0.24489987663676685
2025-04-25,4.5881046867291655,0.24498623085158774
2025-04-28,4.586032053079764,0.2443836327311005
2025-04-29,4.588393551586566,0.2446856212720183
2025-04-30,4.6123459232746775,0.24852158251664672
2025-05-01,4.604572926017524,0.4991512592342835
2025-05-02,4.638165186399277,0.502721479421406
2025-05-05,4.6477016033547445,0.5035696968001163
2025-05-06,4.674909213278766,0.5064018212898183
2025-05-07,4.67382128892439,0.5062298452031034
2025-05-08,4.6670627714892,0.5054576308067923
2025-05-09,4.6781274020947485,0.5065701371864167
2025-05-12,4.715357896535694,0.5102962585639903
2025-05-13,4.704771442745719,0.5091363950001675
2025-05-14,4.706578588117645,0.5092671966357007
2025-05-15,4.714010806981522,0.5099833103908071
2025-05-16,4.719980287207729,0.5105457943369495
2025-05-19,4.7266816602937745,0.5110689991529568
2025-05-20,4.7409699714534925,0.5124853775180811
2025-05-21,4.717104645642189,0.5099616998617515
2025-05-22,4.715713640413034,0.509760210314569
2025-05-23,4.72598957675263,0.5107692026226612
2025-05-27,4.7692622428614415,0.5149828493881091
2025-05-28,4.739990888475235,0.5119309833256676
2025-05-29,4.7615081067439755,0.5140801234065756
2025-05-30,4.756657986070072,0.5135280183776342
2025-06-02,4.773786027521806,0.7508064114675197
2025-06-03,4.8027998258045965,0.7522829539144434
2025-06-04,4.840666135338305,0.7541921798779303
2025-06-05,4.8777386050115465,0.7560319988511652
2025-06-06,4.891548602450055,0.7566924511284274
2025-06-09,4.9172061956829545,0.7578774631686064
2025-06-10,4.924204215296191,0.7581934026777251
2025-06-11,4.967208975461084,0.7602589217274996
2025-06-12,4.976060118945646,0.7606574290716472
2025-06-13,4.939798502372318,0.7588722798937653
2025-06-16,5.022776758985382,0.7627727721484278
2025-06-17,4.969660042800064,0.7602093884030264
2025-06-18,4.9817580536974795,0.7607639888814118
2025-06-20,4.962704338999268,0.7597898073775694
2025-06-23,5.003615449113337,0.7616714006349704
2025-06-24,5.114609441091387,0.7668166907980352
2025-06-25,5.101373405557153,0.7661848352121375
2025-06-26,5.108974010347743,0.7665058805387421
2025-06-27,5.085556708375577,0.7654036617595881
2025-06-30,5.134426246515628,0.7675563397301982
2025-07-01,5.124726213704534,1.0002764961479733
2025-07-02,5.150088007837522,1.0002751740314866
2025-07-03,5.1852024843436695,1.0002733497747156
2025-07-07,5.0587683405373065,1.0002803431318024
2025-07-08,5.106512189488561,1.0002777620579237
2025-07-09,5.0848764902611725,1.0002789841093782
2025-07-10,5.091717119294136,1.00027864944959
2025-07-11,5.080966785007445,1.00027927918197
2025-07-14,5.084441676523536,1.0002792087409842
2025-07-15,5.072756580350013,1.0002798922277378
2025-07-16,5.076542116359222,1.0002797237428394
2025-07-17,5.100146739083914,1.0002784690903765
2025-07-18,5.053959061131207,1.0002810543372145
2025-07-21,5.1062603925621195,1.0002782954189267
2025-07-22,5.102393485103529,1.00027854631113
2025-07-23,5.155068339687571,1.0002757396850912
2025-07-24,5.139037703450399,1.0002766396081872
2025-07-25,5.117218923467261,1.00027785910346
2025-07-28,5.100274585545432,1.000278902514616
2025-07-29,5.132144703527599,1.0002772103482673
2025-07-30,5.114295194880441,1.0002782177815717
2025-07-31,5.050206770970615,1.0002817889622966
2025-08-01,5.009010140962842,0.7484500321541138
2025-08-04,5.072630564759306,0.7515194034490874
2025-08-05,5.097392799079278,0.7526982959133066
2025-08-06,5.122072564214024,0.7538618239049287
2025-08-07,5.16960186848734,0.7560971561081608
2025-08-08,5.159013311079353,0.7555688391509956
2025-08-11,5.1394965205364205,0.7545571436936998
2025-08-12,5.205872388063878,0.757659036300234
2025-08-13,5.230099898047359,0.7587542777143469
2025-08-14,5.186842591768037,0.756714941604916
2025-08-15,5.184887086809413,0.7565957139070871
2025-08-18,5.172876549415421,0.7559479552529093
2025-08-19,5.105645950020391,0.7527062580225258
2025-08-20,5.123449888620517,0.7535377846692715
2025-08-21,5.120955059481984,0.7533898797009265
2025-08-22,5.225040814901906,0.7582750777142533
2025-08-25,5.219570576082458,0.7579402006707349
2025-08-26,5.204548485952355,0.7572142653255408
2025-08-27,5.209731173780726,0.7574285460846732
2025-08-28,5.2580321500713705,0.7596299736729862
2025-08-29,5.225199950214194,0.7580925868514673
2025-09-02,5.199613953433248,1.0002659580052355
2025-09-03,5.215199082826905,1.000265199901847
2025-09-04,5.222813158078982,1.0002648497737645
2025-09-05,5.267779166972308,1.0002626250467699
2025-09-08,5.293862938495639,1.0002614367260583
2025-09-09,5.3177062405455215,1.0002602998034793
2025-09-10,5.366388436143133,1.000257973425859
2025-09-11,5.431628004873959,1.0002549093889128
2025-09-12,5.445163871908509,1.000254310136411
2025-09-15,5.484169161557006,1.0002526039180928
2025-09-16,5.50417107244534,1.0002517198237144
2025-09-17,5.524907674530437,1.0002508087109352
2025-09-18,5.505027645641232,1.000251748097669
2025-09-19,5.489411305825937,1.0002524980968208
2025-09-22,5.515385502063273,1.0002514099860182
2025-09-23,5.522317644425167,1.000251127825499
2025-09-24,5.457128453679039,1.0002541615591272
2025-09-25,5.425269124128056,1.0002556882070504
2025-09-26,5.4442947300432705,1.0002548288157904
2025-09-29,5.507302019824337,1.0002520142347826
2025-09-30,5.515590371420252,1.0002516690350565
2025-10-01,5.567026172450294,1.0005316121585381
2025-10-02,5.592684296324654,1.000529243542424
2025-10-03,5.619908908040954,1.0005267498475046
2025-10-06,5.654299713443907,1.0005237555905924
2025-10-07,5.593630222724765,1.0005295068300495
2025-10-08,5.614330219088954,1.0005276246417731
2025-10-09,5.597067261866547,1.0005293223124296
2025-10-10,5.403305093095768,1.000548376933327
2025-10-13,5.517404466119969,1.0005372510734978
2025-10-14,5.5123885956398,1.0005378115331238
2025-10-15,5.575000999438448,1.000531842073548
2025-10-16,5.615059113740678,1.0005281183400379
2025-10-17,5.653004332225069,1.000524643246528
2025-10-20,5.733335297307309,1.000517498142957
2025-10-21,5.674723430206362,1.0005229120675627
2025-10-22,5.649438069234916,1.0005253215552306
2025-10-23,5.682531639930236,1.0005223309016258
2025-10-24,5.735533736936199,1.0005175720943809
2025-10-27,5.819755384098921,1.0005102819358795
2025-10-28,5.84844080714448,1.0005078449084703
2025-10-29,5.876774043154776,1.0005054619689495
2025-10-30,5.814617395609298,1.000510931979617
2025-10-31,5.853309464227899,1.000507620762124
2025-11-03,5.956473976854342,1.000576249686065
2025-11-04,5.926364779355444,1.0005792538350322
2025-11-05,5.963170785770044,1.0005757542581692
2025-11-06,5.957749069243025,1.0005763539950092
2025-11-07,5.995678775300128,1.0005727827237492
2025-11-10,6.053423959890515,1.0005675412205224
2025-11-11,6.124064071234147,1.0005610683431774
2025-11-12,6.152515210980727,1.0005585470791547
2025-11-13,6.104489743419261,1.0005630151778073
2025-11-14,6.102677150427584,1.0005632564646882
2025-11-17,6.015418387112223,1.0005716524187704
2025-11-18,5.956120015892476,1.0005774196419952
2025-11-19,5.9452313447299865,1.0005785529408606
2025-11-20,5.872977539449705,1.000585747595349
2025-11-21,5.948089636866929,1.0005784265521784
2025-11-24,5.989181525527455,1.0005746822312551
2025-11-25,6.018414830577985,1.0005719652457967
2025-11-26,6.059381750345162,1.000568172016603
2025-11-28,6.055649403940174,1.0005686704874948
2025-12-01,6.048588212647836,1.0010026087199333
2025-12-02,6.083106400389429,1.0009970481261843
2025-12-03,6.117199798901672,1.000991618339408
2025-12-04,6.089483722786914,1.0009962582877692
2025-12-05,6.133863743479264,1.0009891755730762
2025-12-08,6.106978223022241,1.0009939076147898
2025-12-09,6.115794318114186,1.0009926010347716
2025-12-10,6.170503524952021,1.0009839254530106
2025-12-11,6.166072511771614,1.0009847566042382
2025-12-12,6.1242994787568374,1.0009915979077433
2025-12-15,6.135921355508911,1.000990089064527
2025-12-16,6.1001241259773895,1.0009960236024522
2025-12-17,6.053821708946321,1.0010037670362306
2025-12-18,6.1352088045352025,1.0009905749527974
2025-12-19,6.191579024038982,1.000981678245567
2025-12-22,6.228954375739451,1.000976152035855
2025-12-23,6.284477079152971,1.000967648708537
2025-12-24,6.332664646546031,1.000960405484607
2025-12-26,6.362755069251389,1.0009561045130735
2025-12-29,6.362116339206546,1.0009565588807026
2025-12-30,6.3634675036615285,1.0009564755141256
2025-12-31,6.294589520632102,1.0009670621984836
2026-01-02,6.435671909710574,1.0005282681034213
2026-01-05,6.526336824350142,1.0005211237035976
2026-01-06,6.605938479568822,1.000514908193503
2026-01-07,6.5513989758519235,1.0005192591710925
2026-01-08,6.554412360260809,1.000519084715434
2026-01-09,6.627325376789948,1.000513437383369
2026-01-12,6.659260306502946,1.0005111649907112
2026-01-13,6.61741545995428,1.0005144615775996
2026-01-14,6.690980355430288,1.0005088689648718
2026-01-15,6.753046025569427,1.0005042551965744
2026-01-16,6.73581898184362,1.0005056081401993
2026-01-20,6.703616821793881,1.0005082913657442
2026-01-21,6.891881723704573,1.000494468590354
2026-01-22,6.956166290117188,1.0004899606253754
2026-01-23,7.039096866384663,1.0004842492130734
2026-01-26,7.086702377644905,1.000481177689572
2026-01-27,7.300833560793128,1.0004671236322393
2026-01-28,7.375814466545701,1.0004624329748082
2026-01-29,7.327733405749175,1.000465525771584
2026-01-30,7.210632214459122,1.0004731454361302
2026-02-02,7.163232435550427,1.001038166921802
2026-02-03,7.206000835091677,1.0010321353490266
2026-02-04,7.251970807969655,1.0010257219342635
2026-02-05,7.158162069794603,1.0010392951301363
2026-02-06,7.299096946954615,1.0010193560339544
2026-02-09,7.401449710451033,1.0010056396896683
2026-02-10,7.413147840978206,1.0010041793035378
2026-02-11,7.501403718428265,1.0009924899498437
2026-02-12,7.423342452090795,1.0010030532971605
2026-02-13,7.42397791772834,1.0010030941155905
2026-02-17,7.410122547963861,1.0010054763053513
2026-02-18,7.410468171832868,1.0010055563970979
2026-02-19,7.42126477793031,1.0010042203116973
2026-02-20,7.480885291620427,1.0009963427869297
2026-02-23,7.457377927823965,1.000999861374575
2026-02-24,7.476068842010203,1.0009974873167806
2026-02-25,7.53102036327158,1.0009903337544712
2026-02-26,7.509329644368213,1.0009933195058855
2026-02-27,7.5037029074130395,1.0009941896371566
2026-03-02,7.3942298139717275,1.0000280219129738
2026-03-03,7.218757479161477,1.000028706690127
2026-03-04,7.2848088925951675,1.0000284499913925
2026-03-05,7.15341612178162,1.000028976207491
2026-03-06,7.1115246959944844,1.0000291505611953
2026-03-09,7.145663904315086,1.0000290222120924
2026-03-10,7.201087851708346,1.0000288024768476
2026-03-11,7.205142175101987,1.0000287898975928
2026-03-12,7.085238721829849,1.0000292808065996
2026-03-13,7.038780035304717,1.0000294777939298
2026-03-16,7.164934693008117,1.0000289697442108
2026-03-17,7.183128237097893,1.0000289000188223
2026-03-18,7.092500923200187,1.0000292729973144
2026-03-19,7.132642476847661,1.0000291119372051
2026-03-20,6.937564242481456,1.0000299343278674
2026-03-23,7.071202658505513,1.000029379776194
2026-03-24,7.011908414354347,1.000029631976381
2026-03-25,7.098755024047198,1.0000292731697529
2026-03-26,6.9376031476160795,1.0000299569485465
2026-03-27,6.908703198456267,1.000030086078035
2026-03-30,6.8748301705078445,1.000030245796135
2026-03-31,7.05821246218018,1.0000294636966967
2026-04-01,7.144694746749278,0.7508811409389942
2026-04-02,7.118537017596532,0.749941001006516
2026-04-06,7.123102146068078,0.750002397393656
2026-04-07,7.095685874319807,0.7490114304454356
2026-04-08,7.276722777824542,0.7552314782619425
2026-04-09,7.267133405961182,0.7548842525268596
2026-04-10,7.277460470744424,0.7552079420131899
2026-04-13,7.309401163328571,0.7562055216284949
2026-04-14,7.3448828808471465,0.7573591836320847
2026-04-15,7.310253315030349,0.7561855857015559
2026-04-16,7.299858860903263,0.7558141966968586
2026-04-17,7.369354493381179,0.7580929661269709
2026-04-20,7.369018924758597,0.7580101701543585
2026-04-21,7.297566421974589,0.7556165453378482
2026-04-22,7.3320854350330515,0.7567430977091365
2026-04-23,7.291296481659534,0.7553581438468232
2026-04-24,7.319779476782971,0.7562860680675771
2026-04-27,7.287233535223318,0.7551251682847125
2026-04-28,7.24182576813074,0.7535654482321038
2026-04-29,7.219611746432813,0.7527828131569382
2026-04-30,7.308268749020898,0.7557577309189816
2026-05-01,7.2915730487992825,1.0002557806422574
2026-05-04,7.218486221215014,1.0002584678819124
2026-05-05,7.329105659338535,1.0002545989343483
2026-05-06,7.52271161400072,1.0002480778557648
2026-05-07,7.420315200661225,1.0002515329635167
2026-05-08,7.432179191890527,1.0002511631595705
2026-05-11,7.42712514386466,1.0002514290972964
2026-05-12,7.398505079157409,1.000252433593684
2026-05-13,7.436075997939651,1.000251189889657
2026-05-14,7.425726417924739,1.0002515717545248
2026-05-15,7.304018419499131,1.0002557959671559
2026-05-18,7.3179496439880785,1.0002554055346327
2026-05-19,7.269847430171711,1.0002571278709835
2026-05-20,7.371346432943899,1.000253619264474
2026-05-21,7.4137372008388445,1.000252200676047
2026-05-22,7.382180884693687,1.0002533105989546
2026-05-26,7.392824981954044,1.000253073120757
2026-05-27,7.379791195732417,1.0002535520352285
2026-05-28,7.343762294375775,1.0002548280169126
2026-05-29,7.327117510593376,1.000255439090019
2026-06-01,7.294950592380483,1.0005264341917388
2026-06-02,7.359163666393836,1.0005219069358775
2026-06-03,7.2266636643924285,1.000531543453633
2026-06-04,7.231992641744074,1.0005312191559361
2026-06-05,7.048628370562492,1.000545107523218
2026-06-08,7.061554902464612,1.0005443167362618
2026-06-09,7.027413967853748,1.0005470308444537
2026-06-10,6.977777461987984,1.0005509921901348
2026-06-11,7.1426563574905915,1.0005383416819482
2026-06-12,7.175389075616241,1.0005359538495007
2026-06-15,7.205780022966809,1.000533896517672
2026-06-16,7.230428184035315,1.0005321441309747
2026-06-17,7.123166141860674,1.0005402259289333
2026-06-18,7.121409296206071,1.0005404284866262
2026-06-22,7.0823959516110015,1.000543683538868
2026-06-23,6.970163921538296,1.0005525089461835
2026-06-24,6.9794033883799695,1.0005518485751452
2026-06-25,6.973207537717958,1.0005524100280232
2026-06-26,6.982694102164334,1.0005517304180216
2026-06-29,7.018185533558184,1.000549150983404
2026-06-30,7.016929321060985,1.0005493206228537
2026-07-01,6.959421848478284,0.250869595259131
2026-07-02,6.988780676499913,0.2539407560381907
2026-07-06,7.012680872717522,0.25618357911415257
2026-07-07,6.988956918393903,0.2535822262287239
2026-07-08,6.970153578393001,0.25149213610254284
2026-07-09,6.986155861630145,0.2531303300681694
2026-07-10,6.987738162180626,0.2532239625716381
2026-07-13,6.965070813876879,0.25056517422250324
2026-07-14,6.9775619904575645,0.2518297427047981
2026-07-15,6.993561739148413,0.2534655206674177
2026-07-16,6.985653327869551,0.2525446122201543
2026-07-17,6.982666959025266,0.25214913630655567
2026-07-20,6.96492273327265,0.2500152454544268
2026-07-21,6.985144630068909,0.2521100205146629
2026-07-22,6.992359746190682,0.25280518207189817
2026-07-23,6.9725054102563115,0.25060054605671545
2026-07-24,6.99766091242046,0.2532165767117817
2026-07-27,7.018633797585019,0.25521493710633836
2026-07-28,7.0339468479731915,0.25675857219458387
2026-07-29,7.029564838942482,0.2562184433971462
2026-07-30,7.074393014578797,0.2608566309906413
2026-07-31,7.069999521149026,0.2603225360457256
2026-08-03,7.0803357879199975,1.0007627507767767
2026-08-04,7.1468014247843605,1.0007557554925557
2026-08-05,7.137954954959194,1.0007567904092494
2026-08-06,7.085637292123718,1.0007624772678163
2026-08-07,7.139612244017509,1.0007568112638796
2026-08-10,7.128087538364799,1.0007583289537845
2026-08-11,7.083244014973028,1.0007632289837995
2026-08-12,7.06245226495879,1.000765575325109
2026-08-13,7.070521101973647,1.0007648005425065
2026-08-14,7.04521547315144,1.0007676466660078
2026-08-17,7.03569816592138,1.0007689826504558
2026-08-18,7.033417088099709,1.0007693315202029
2026-08-19,7.148697940474479,1.0007570228523912
2026-08-20,7.127580212044467,1.0007593637503942
2026-08-21,7.2162763907338165,1.0007501270978745
2026-08-24,7.19831313839664,1.0007522907600728
2026-08-25,7.2440361917684974,1.0007476391046197
2026-08-26,7.212396771092464,1.0007510157553756
2026-08-27,7.18807186163271,1.0007536542756432
2026-08-28,7.1378520911835635,1.0007590542801381
2026-08-31,7.114101708015835,1.000761885084496
2026-09-01,7.002228289796092,1.0000065170378232
2026-09-02,7.066265607767881,1.0000064588235562
2026-09-03,7.132207983446104,1.0000063999451223
2026-09-04,7.121810213621861,1.0000064101230621
2026-09-08,7.050969463071966,1.0000064779097513
2026-09-09,6.981430142269969,1.0000065432940755
2026-09-10,6.917832890389361,1.0000066043183125
2026-09-11,6.923549541981154,1.0000065997438878
2026-09-14,6.936897408172689,1.0000065897084596
2026-09-15,6.883406671116158,1.0000066418211335
2026-09-16,6.850649638130841,1.000006674488337
2026-09-17,6.897022041307543,1.0000066305184978
2026-09-18,6.852888069051268,1.0000066741290203
2026-09-21,6.945632741877428,1.0000065877104787
2026-09-22,6.997974155318589,1.0000065393368953
2026-09-23,6.890089513201858,1.0000066426411178
2026-09-24,6.894727012385736,1.000006639089789
2026-09-25,6.905141786541665,1.0000066299989137
2026-09-28,6.881084324823464,1.000006655956467
2026-09-29,6.815865082620554,1.0000067205844947
2026-09-30,6.77185648772752,1.0000067651994693
